materia_id,ordem,autor_codigo,autor,classe
69010,1,267,Ver. PAULO FRANGE (MDB),Vereador
69010,2,220,Ver. TONINHO PAIVA (PL),Vereador
83348,1,776,Ver. ELISEU GABRIEL (PSB),Vereador
83348,2,1634,Ver. JULIANA CARDOSO (PT),Vereador
85877,1,267,Ver. PAULO FRANGE (MDB),Vereador
108124,1,1296,Ver. ADILSON AMADEU (UNIÃO),Vereador
108192,1,1263,Ver. JOSÉ FERREIRA (ZELÃO) (PT),Vereador
108192,2,2000,Ver. ALESSANDRO GUEDES (PT),Vereador
116406,1,776,Ver. ELISEU GABRIEL (PSB),Vereador
126298,1,1305,Ver. POLICE (PSD),Vereador
126298,2,1302,Ver. CHICO MACENA (PT),Vereador
126298,3,1303,Ver. TIÃO FARIAS (PSDB),Vereador
126298,4,220,Ver. TONINHO PAIVA (PL),Vereador
126298,5,267,Ver. PAULO FRANGE (MDB),Vereador
126298,6,164,Ver. ITALO CARDOSO (PT),Vereador
126298,7,1314,Ver. JUSCELINO GADELHA (PSB),Vereador
126298,8,1326,Ver. QUITO FORMIGA (PSDB),Vereador
126328,1,1305,Ver. POLICE (PSD),Vereador
126328,2,1631,Ver. MARCO AURELIO CUNHA (PSD),Vereador
126328,3,1635,Ver. DRA. SANDRA TADEU (PL),Vereador
126328,4,796,Ver. GILBERTO NATALINI (S/PARTIDO),Vereador
126328,5,267,Ver. PAULO FRANGE (MDB),Vereador
126328,6,1628,Ver. JAMIL MURAD (PC DO B),Vereador
126328,7,1636,Ver. DR. MILTON FERREIRA (PODE),Vereador
134759,1,1296,Ver. ADILSON AMADEU (UNIÃO),Vereador
138485,1,776,Ver. ELISEU GABRIEL (PSB),Vereador
141060,1,1296,Ver. ADILSON AMADEU (UNIÃO),Vereador
146827,1,2000,Ver. ALESSANDRO GUEDES (PT),Vereador
148072,1,1447,Ver. ALFREDINHO (PT),Vereador
148072,2,271,Ver. GOULART (PSD),Vereador
148072,3,155,Ver. ARSELINO TATTO (PT),Vereador
148072,4,2001,Ver. JAIR TATTO (PT),Vereador
148072,5,273,Ver. MILTON LEITE (UNIÃO),Vereador
148072,6,1990,Ver. RICARDO NUNES (MDB),Vereador
148072,7,2153,Ver. RODRIGO GOULART (PSD),Vereador
148072,8,2219,Ver. MARCELO MESSIAS (MDB),Vereador
149353,1,1947,Ver. REIS (PT),Vereador
149353,2,2255,Ver. JOÃO ANANIAS (PT),Vereador
149624,1,1990,Ver. RICARDO NUNES (MDB),Vereador
149624,2,1989,Ver. GEORGE HATO (MDB),Vereador
149624,3,1998,Ver. PATRÍCIA BEZERRA (PSDB),Vereador
149624,4,1632,Ver. FLORIANO PESARO (PSDB),Vereador
149624,5,1992,Ver. JEAN MADEIRA (REPUBLICANOS),Vereador
149624,6,1927,Ver. MARQUITO (PTB),Vereador
149624,7,1633,Ver. SOUZA SANTOS (REPUBLICANOS),Vereador
149624,8,1930,Ver. OTA (PSB),Vereador
149624,9,1967,Ver. VAVÁ (PT),Vereador
149624,10,2219,Ver. MARCELO MESSIAS (MDB),Vereador
150561,1,1296,Ver. ADILSON AMADEU (UNIÃO),Vereador
156689,1,267,Ver. PAULO FRANGE (MDB),Vereador
165279,1,776,Ver. ELISEU GABRIEL (PSB),Vereador
174961,1,1296,Ver. ADILSON AMADEU (UNIÃO),Vereador
177702,1,1994,Ver. ANDREA MATARAZZO (PSD),Vereador
177702,2,1300,Ver. CLAUDINHO DE SOUZA (PODE),Vereador
177702,3,1995,Ver. CORONEL TELHADA (PSDB),Vereador
177702,4,1632,Ver. FLORIANO PESARO (PSDB),Vereador
177702,5,187,Ver. GILSON BARRETO (MDB),Vereador
177702,6,1932,Ver. MARIO COVAS NETO (PODE),Vereador
177702,7,1998,Ver. PATRÍCIA BEZERRA (PSDB),Vereador
177702,8,2144,Ver. FABIO RIVA (MDB),Vereador
182828,1,1947,Ver. REIS (PT),Vereador
182828,2,2255,Ver. JOÃO ANANIAS (PT),Vereador
312669,1,141,Ver. TERESINHA MARTINS (PT),Vereador
314923,1,268,Ver. DALTON SILVANO (UNIÃO),Vereador
316027,1,1,PREFEITURA DO MUNICÍPIO DE SÃO PAULO,Remetente
316206,1,57,TRIBUNAL DE CONTAS DO MUNICÍPIO DE SÃO PAULO,Remetente
316279,1,1,PREFEITURA DO MUNICÍPIO DE SÃO PAULO,Remetente
316283,1,69,"SECRETARIA DE MODERNIZAÇÃO, GESTÃOE DESBUROCRATIZAÇÃO",Remetente
316415,1,69,"SECRETARIA DE MODERNIZAÇÃO, GESTÃOE DESBUROCRATIZAÇÃO",Remetente
316427,1,1,PREFEITURA DO MUNICÍPIO DE SÃO PAULO,Remetente
326467,1,57,TRIBUNAL DE CONTAS DO MUNICÍPIO DE SÃO PAULO,Remetente
326707,1,4,SECRETARIA MUNICIPAL DA SAÚDE,Remetente
327393,1,2,SECRETARIA DO GOVERNO MUNICIPAL,Remetente
328715,1,57,TRIBUNAL DE CONTAS DO MUNICÍPIO DE SÃO PAULO,Remetente
328806,1,937,MINISTÉRIO DA SAÚDE,Remetente
328807,1,937,MINISTÉRIO DA SAÚDE,Remetente
329149,1,1,PREFEITURA DO MUNICÍPIO DE SÃO PAULO,Remetente
329209,1,4911,FUNDAÇÃO FACULDADE DE MEDICINA,Remetente
329211,1,1726,CONSELHO MUNICIPAL DE AUXÍLIOS E SUBVENÇÕES,Remetente
329883,1,57,TRIBUNAL DE CONTAS DO MUNICÍPIO DE SÃO PAULO,Remetente
329920,1,57,TRIBUNAL DE CONTAS DO MUNICÍPIO DE SÃO PAULO,Remetente
330041,1,57,TRIBUNAL DE CONTAS DO MUNICÍPIO DE SÃO PAULO,Remetente
330607,1,57,TRIBUNAL DE CONTAS DO MUNICÍPIO DE SÃO PAULO,Remetente
330673,1,10,SECRETARIA MUNICIPAL DE SERVIÇOS E OBRAS,Remetente
330803,1,1,PREFEITURA DO MUNICÍPIO DE SÃO PAULO,Remetente
331855,1,67,SECRETARIA MUNICIPAL DA FAZENDA,Remetente
331964,1,1,PREFEITURA DO MUNICÍPIO DE SÃO PAULO,Remetente
331986,1,1,PREFEITURA DO MUNICÍPIO DE SÃO PAULO,Remetente
332106,1,67,SECRETARIA MUNICIPAL DA FAZENDA,Remetente
332198,1,1,PREFEITURA DO MUNICÍPIO DE SÃO PAULO,Remetente
332210,1,67,SECRETARIA MUNICIPAL DA FAZENDA,Remetente
336257,1,937,MINISTÉRIO DA SAÚDE,Remetente
337078,1,2177,MINISTÉRIO DA EDUCAÇÃO,Remetente
337670,1,1,PREFEITURA DO MUNICÍPIO DE SÃO PAULO,Remetente
338544,1,2177,MINISTÉRIO DA EDUCAÇÃO,Remetente
338820,1,937,MINISTÉRIO DA SAÚDE,Remetente
338824,1,937,MINISTÉRIO DA SAÚDE,Remetente
340514,1,127,HOSPITAL DO SERVIDOR PUBLICO MUNICIPAL,Remetente
341998,1,57,TRIBUNAL DE CONTAS DO MUNICÍPIO DE SÃO PAULO,Remetente
342411,1,937,MINISTÉRIO DA SAÚDE,Remetente
342412,1,937,MINISTÉRIO DA SAÚDE,Remetente
343402,1,937,MINISTÉRIO DA SAÚDE,Remetente
347786,1,50699,SUBSECRETARIA DO TESOURO MUNICIPAL,Remetente
348084,1,2177,MINISTÉRIO DA EDUCAÇÃO,Remetente
348506,1,67,SECRETARIA MUNICIPAL DA FAZENDA,Remetente
349176,1,54679,FABIO ALESSANDRO DE FARIA,Remetente
349330,1,937,MINISTÉRIO DA SAÚDE,Remetente
349371,1,937,MINISTÉRIO DA SAÚDE,Remetente
349378,1,937,MINISTÉRIO DA SAÚDE,Remetente
349379,1,937,MINISTÉRIO DA SAÚDE,Remetente
349380,1,937,MINISTÉRIO DA SAÚDE,Remetente
349381,1,937,MINISTÉRIO DA SAÚDE,Remetente
349382,1,937,MINISTÉRIO DA SAÚDE,Remetente
349383,1,937,MINISTÉRIO DA SAÚDE,Remetente
349384,1,937,MINISTÉRIO DA SAÚDE,Remetente
349423,1,44670,SECRETARIA NACIONAL DE PROMOÇÃO DOSDIREITOS HUMANOS,Remetente
349424,1,44644,CAIXA ECONOMICA FEDERAL - SÃO PAULO,Remetente
349627,1,937,MINISTÉRIO DA SAÚDE,Remetente
349628,1,937,MINISTÉRIO DA SAÚDE,Remetente
349629,1,937,MINISTÉRIO DA SAÚDE,Remetente
349630,1,937,MINISTÉRIO DA SAÚDE,Remetente
349631,1,937,MINISTÉRIO DA SAÚDE,Remetente
349632,1,937,MINISTÉRIO DA SAÚDE,Remetente
349633,1,937,MINISTÉRIO DA SAÚDE,Remetente
349634,1,937,MINISTÉRIO DA SAÚDE,Remetente
349635,1,937,MINISTÉRIO DA SAÚDE,Remetente
349636,1,937,MINISTÉRIO DA SAÚDE,Remetente
349642,1,937,MINISTÉRIO DA SAÚDE,Remetente
349643,1,937,MINISTÉRIO DA SAÚDE,Remetente
349644,1,937,MINISTÉRIO DA SAÚDE,Remetente
349645,1,937,MINISTÉRIO DA SAÚDE,Remetente
349646,1,937,MINISTÉRIO DA SAÚDE,Remetente
349647,1,937,MINISTÉRIO DA SAÚDE,Remetente
349648,1,937,MINISTÉRIO DA SAÚDE,Remetente
349649,1,937,MINISTÉRIO DA SAÚDE,Remetente
349650,1,937,MINISTÉRIO DA SAÚDE,Remetente
349651,1,937,MINISTÉRIO DA SAÚDE,Remetente
349655,1,941,MINISTÉRIO DO TRABALHO E EMPREGO,Remetente
349664,1,53323,SECRETARIA ESPECIAL DE POLÍTICAS PARA ASMULHERES,Remetente
349665,1,44670,SECRETARIA NACIONAL DE PROMOÇÃO DOSDIREITOS HUMANOS,Remetente
349668,1,37,CAIXA ECONÔMICA FEDERAL,Remetente
349669,1,44644,CAIXA ECONOMICA FEDERAL - SÃO PAULO,Remetente
349845,1,801,SINDICATO DAS EMPRESAS DE TRANSPORTE COLETIVO URBANO DE PASSAGEIROS DE SÃO PAULO,Remetente
349911,1,67,SECRETARIA MUNICIPAL DA FAZENDA,Remetente
349962,1,127,HOSPITAL DO SERVIDOR PUBLICO MUNICIPAL,Remetente
349965,1,44644,CAIXA ECONOMICA FEDERAL - SÃO PAULO,Remetente
349966,1,44644,CAIXA ECONOMICA FEDERAL - SÃO PAULO,Remetente
349967,1,44644,CAIXA ECONOMICA FEDERAL - SÃO PAULO,Remetente
349968,1,44644,CAIXA ECONOMICA FEDERAL - SÃO PAULO,Remetente
349969,1,44644,CAIXA ECONOMICA FEDERAL - SÃO PAULO,Remetente
349970,1,44644,CAIXA ECONOMICA FEDERAL - SÃO PAULO,Remetente
349971,1,44644,CAIXA ECONOMICA FEDERAL - SÃO PAULO,Remetente
349972,1,44644,CAIXA ECONOMICA FEDERAL - SÃO PAULO,Remetente
349973,1,44644,CAIXA ECONOMICA FEDERAL - SÃO PAULO,Remetente
349974,1,44644,CAIXA ECONOMICA FEDERAL - SÃO PAULO,Remetente
349975,1,44644,CAIXA ECONOMICA FEDERAL - SÃO PAULO,Remetente
349976,1,44644,CAIXA ECONOMICA FEDERAL - SÃO PAULO,Remetente
349977,1,44644,CAIXA ECONOMICA FEDERAL - SÃO PAULO,Remetente
349978,1,44644,CAIXA ECONOMICA FEDERAL - SÃO PAULO,Remetente
349979,1,44644,CAIXA ECONOMICA FEDERAL - SÃO PAULO,Remetente
349980,1,44644,CAIXA ECONOMICA FEDERAL - SÃO PAULO,Remetente
350026,1,44644,CAIXA ECONOMICA FEDERAL - SÃO PAULO,Remetente
350030,1,2177,MINISTÉRIO DA EDUCAÇÃO,Remetente
350031,1,2177,MINISTÉRIO DA EDUCAÇÃO,Remetente
350033,1,53323,SECRETARIA ESPECIAL DE POLÍTICAS PARA ASMULHERES,Remetente
350255,1,44644,CAIXA ECONOMICA FEDERAL - SÃO PAULO,Remetente
350261,1,10371,FUNDAÇÃO PARA O DESENVOLVIMENTO DA UNESP,Remetente
350394,1,57,TRIBUNAL DE CONTAS DO MUNICÍPIO DE SÃO PAULO,Remetente
350418,1,67,SECRETARIA MUNICIPAL DA FAZENDA,Remetente
350419,1,125,INSTITUTO DE PREVIDÊNCIA MUNICIPAL DE SÃO PAULO,Remetente
350420,1,125,INSTITUTO DE PREVIDÊNCIA MUNICIPAL DE SÃO PAULO,Remetente
350424,1,57,TRIBUNAL DE CONTAS DO MUNICÍPIO DE SÃO PAULO,Remetente
350496,1,57,TRIBUNAL DE CONTAS DO MUNICÍPIO DE SÃO PAULO,Remetente
352357,1,57,TRIBUNAL DE CONTAS DO MUNICÍPIO DE SÃO PAULO,Remetente
352658,1,4,SECRETARIA MUNICIPAL DA SAÚDE,Remetente
352767,1,26431,SECRETARIA DE DESESTATIZAÇÃO E PARCERIAS,Remetente
356742,1,125,INSTITUTO DE PREVIDÊNCIA MUNICIPAL DE SÃO PAULO,Remetente
356810,1,937,MINISTÉRIO DA SAÚDE,Remetente
359931,1,58682,INÁCIO DE MELO LIMA,Remetente
359938,1,7,SECRETARIA MUNICIPAL DE EDUCAÇÃO,Remetente
360008,1,1,PREFEITURA DO MUNICÍPIO DE SÃO PAULO,Remetente
360009,1,1,PREFEITURA DO MUNICÍPIO DE SÃO PAULO,Remetente
360053,1,1,PREFEITURA DO MUNICÍPIO DE SÃO PAULO,Remetente
360054,1,1,PREFEITURA DO MUNICÍPIO DE SÃO PAULO,Remetente
360055,1,1,PREFEITURA DO MUNICÍPIO DE SÃO PAULO,Remetente
360056,1,1,PREFEITURA DO MUNICÍPIO DE SÃO PAULO,Remetente
360061,1,1,PREFEITURA DO MUNICÍPIO DE SÃO PAULO,Remetente
360065,1,1,PREFEITURA DO MUNICÍPIO DE SÃO PAULO,Remetente
360104,1,1,PREFEITURA DO MUNICÍPIO DE SÃO PAULO,Remetente
360105,1,1,PREFEITURA DO MUNICÍPIO DE SÃO PAULO,Remetente
360121,1,4911,FUNDAÇÃO FACULDADE DE MEDICINA,Remetente
360123,1,26431,SECRETARIA DE DESESTATIZAÇÃO E PARCERIAS,Remetente
360146,1,1,PREFEITURA DO MUNICÍPIO DE SÃO PAULO,Remetente
360150,1,1,PREFEITURA DO MUNICÍPIO DE SÃO PAULO,Remetente
360151,1,1,PREFEITURA DO MUNICÍPIO DE SÃO PAULO,Remetente
360152,1,1,PREFEITURA DO MUNICÍPIO DE SÃO PAULO,Remetente
360153,1,1,PREFEITURA DO MUNICÍPIO DE SÃO PAULO,Remetente
360166,1,1,PREFEITURA DO MUNICÍPIO DE SÃO PAULO,Remetente
360167,1,1,PREFEITURA DO MUNICÍPIO DE SÃO PAULO,Remetente
360170,1,1,PREFEITURA DO MUNICÍPIO DE SÃO PAULO,Remetente
360177,1,1,PREFEITURA DO MUNICÍPIO DE SÃO PAULO,Remetente
360179,1,1,PREFEITURA DO MUNICÍPIO DE SÃO PAULO,Remetente
360180,1,1,PREFEITURA DO MUNICÍPIO DE SÃO PAULO,Remetente
360185,1,1,PREFEITURA DO MUNICÍPIO DE SÃO PAULO,Remetente
360186,1,1,PREFEITURA DO MUNICÍPIO DE SÃO PAULO,Remetente
360187,1,1,PREFEITURA DO MUNICÍPIO DE SÃO PAULO,Remetente
360188,1,1,PREFEITURA DO MUNICÍPIO DE SÃO PAULO,Remetente
360193,1,1,PREFEITURA DO MUNICÍPIO DE SÃO PAULO,Remetente
360201,1,1,PREFEITURA DO MUNICÍPIO DE SÃO PAULO,Remetente
360205,1,1,PREFEITURA DO MUNICÍPIO DE SÃO PAULO,Remetente
360209,1,1,PREFEITURA DO MUNICÍPIO DE SÃO PAULO,Remetente
360210,1,1,PREFEITURA DO MUNICÍPIO DE SÃO PAULO,Remetente
360211,1,13,SECRETARIA MUNICIPAL DE MOBILIDADE E TRANSPORTES,Remetente
360233,1,1,PREFEITURA DO MUNICÍPIO DE SÃO PAULO,Remetente
360245,1,1,PREFEITURA DO MUNICÍPIO DE SÃO PAULO,Remetente
360280,1,1,PREFEITURA DO MUNICÍPIO DE SÃO PAULO,Remetente
360281,1,1,PREFEITURA DO MUNICÍPIO DE SÃO PAULO,Remetente
360282,1,1,PREFEITURA DO MUNICÍPIO DE SÃO PAULO,Remetente
360285,1,1,PREFEITURA DO MUNICÍPIO DE SÃO PAULO,Remetente
360288,1,1,PREFEITURA DO MUNICÍPIO DE SÃO PAULO,Remetente
360293,1,1,PREFEITURA DO MUNICÍPIO DE SÃO PAULO,Remetente
360300,1,1,PREFEITURA DO MUNICÍPIO DE SÃO PAULO,Remetente
360301,1,1,PREFEITURA DO MUNICÍPIO DE SÃO PAULO,Remetente
360311,1,1,PREFEITURA DO MUNICÍPIO DE SÃO PAULO,Remetente
360312,1,1,PREFEITURA DO MUNICÍPIO DE SÃO PAULO,Remetente
360317,1,1,PREFEITURA DO MUNICÍPIO DE SÃO PAULO,Remetente
360318,1,1,PREFEITURA DO MUNICÍPIO DE SÃO PAULO,Remetente
360329,1,1,PREFEITURA DO MUNICÍPIO DE SÃO PAULO,Remetente
360330,1,1,PREFEITURA DO MUNICÍPIO DE SÃO PAULO,Remetente
360342,1,1,PREFEITURA DO MUNICÍPIO DE SÃO PAULO,Remetente
360343,1,1,PREFEITURA DO MUNICÍPIO DE SÃO PAULO,Remetente
360344,1,1,PREFEITURA DO MUNICÍPIO DE SÃO PAULO,Remetente
360346,1,1,PREFEITURA DO MUNICÍPIO DE SÃO PAULO,Remetente
360348,1,1,PREFEITURA DO MUNICÍPIO DE SÃO PAULO,Remetente
360349,1,1,PREFEITURA DO MUNICÍPIO DE SÃO PAULO,Remetente
360353,1,1,PREFEITURA DO MUNICÍPIO DE SÃO PAULO,Remetente
360354,1,1,PREFEITURA DO MUNICÍPIO DE SÃO PAULO,Remetente
360355,1,1,PREFEITURA DO MUNICÍPIO DE SÃO PAULO,Remetente
360356,1,1,PREFEITURA DO MUNICÍPIO DE SÃO PAULO,Remetente
360357,1,1,PREFEITURA DO MUNICÍPIO DE SÃO PAULO,Remetente
360358,1,1,PREFEITURA DO MUNICÍPIO DE SÃO PAULO,Remetente
360359,1,1,PREFEITURA DO MUNICÍPIO DE SÃO PAULO,Remetente
360362,1,1,PREFEITURA DO MUNICÍPIO DE SÃO PAULO,Remetente
360415,1,2,SECRETARIA DO GOVERNO MUNICIPAL,Remetente
360416,1,2,SECRETARIA DO GOVERNO MUNICIPAL,Remetente
360417,1,2,SECRETARIA DO GOVERNO MUNICIPAL,Remetente
360436,1,1,PREFEITURA DO MUNICÍPIO DE SÃO PAULO,Remetente
360454,1,1,PREFEITURA DO MUNICÍPIO DE SÃO PAULO,Remetente
360467,1,1,PREFEITURA DO MUNICÍPIO DE SÃO PAULO,Remetente
360468,1,155,MINISTÉRIO PÚBLICO DO ESTADO DE SÃO PAULO,Remetente
360479,1,1,PREFEITURA DO MUNICÍPIO DE SÃO PAULO,Remetente
360485,1,2,SECRETARIA DO GOVERNO MUNICIPAL,Remetente
360486,1,2,SECRETARIA DO GOVERNO MUNICIPAL,Remetente
360492,1,2,SECRETARIA DO GOVERNO MUNICIPAL,Remetente
360494,1,2,SECRETARIA DO GOVERNO MUNICIPAL,Remetente
360498,1,2,SECRETARIA DO GOVERNO MUNICIPAL,Remetente
360499,1,2,SECRETARIA DO GOVERNO MUNICIPAL,Remetente
360508,1,1,PREFEITURA DO MUNICÍPIO DE SÃO PAULO,Remetente
360509,1,2,SECRETARIA DO GOVERNO MUNICIPAL,Remetente
360510,1,2,SECRETARIA DO GOVERNO MUNICIPAL,Remetente
360512,1,1,PREFEITURA DO MUNICÍPIO DE SÃO PAULO,Remetente
360513,1,1,PREFEITURA DO MUNICÍPIO DE SÃO PAULO,Remetente
360515,1,1,PREFEITURA DO MUNICÍPIO DE SÃO PAULO,Remetente
360516,1,1,PREFEITURA DO MUNICÍPIO DE SÃO PAULO,Remetente
360525,1,1,PREFEITURA DO MUNICÍPIO DE SÃO PAULO,Remetente
360535,1,1,PREFEITURA DO MUNICÍPIO DE SÃO PAULO,Remetente
360538,1,1,PREFEITURA DO MUNICÍPIO DE SÃO PAULO,Remetente
360539,1,1,PREFEITURA DO MUNICÍPIO DE SÃO PAULO,Remetente
360541,1,1,PREFEITURA DO MUNICÍPIO DE SÃO PAULO,Remetente
360543,1,1,PREFEITURA DO MUNICÍPIO DE SÃO PAULO,Remetente
360544,1,1,PREFEITURA DO MUNICÍPIO DE SÃO PAULO,Remetente
360545,1,1,PREFEITURA DO MUNICÍPIO DE SÃO PAULO,Remetente
360546,1,1,PREFEITURA DO MUNICÍPIO DE SÃO PAULO,Remetente
360547,1,1,PREFEITURA DO MUNICÍPIO DE SÃO PAULO,Remetente
360548,1,1,PREFEITURA DO MUNICÍPIO DE SÃO PAULO,Remetente
360549,1,1,PREFEITURA DO MUNICÍPIO DE SÃO PAULO,Remetente
360550,1,1,PREFEITURA DO MUNICÍPIO DE SÃO PAULO,Remetente
360553,1,1,PREFEITURA DO MUNICÍPIO DE SÃO PAULO,Remetente
360554,1,1,PREFEITURA DO MUNICÍPIO DE SÃO PAULO,Remetente
360555,1,1,PREFEITURA DO MUNICÍPIO DE SÃO PAULO,Remetente
360556,1,1,PREFEITURA DO MUNICÍPIO DE SÃO PAULO,Remetente
360558,1,1,PREFEITURA DO MUNICÍPIO DE SÃO PAULO,Remetente
360559,1,1,PREFEITURA DO MUNICÍPIO DE SÃO PAULO,Remetente
360571,1,1,PREFEITURA DO MUNICÍPIO DE SÃO PAULO,Remetente
360572,1,1,PREFEITURA DO MUNICÍPIO DE SÃO PAULO,Remetente
360578,1,1,PREFEITURA DO MUNICÍPIO DE SÃO PAULO,Remetente
360596,1,1,PREFEITURA DO MUNICÍPIO DE SÃO PAULO,Remetente
360602,1,1,PREFEITURA DO MUNICÍPIO DE SÃO PAULO,Remetente
360603,1,1,PREFEITURA DO MUNICÍPIO DE SÃO PAULO,Remetente
360606,1,1,PREFEITURA DO MUNICÍPIO DE SÃO PAULO,Remetente
360607,1,1,PREFEITURA DO MUNICÍPIO DE SÃO PAULO,Remetente
360608,1,1,PREFEITURA DO MUNICÍPIO DE SÃO PAULO,Remetente
360610,1,1,PREFEITURA DO MUNICÍPIO DE SÃO PAULO,Remetente
360630,1,2,SECRETARIA DO GOVERNO MUNICIPAL,Remetente
360633,1,2,SECRETARIA DO GOVERNO MUNICIPAL,Remetente
360634,1,2,SECRETARIA DO GOVERNO MUNICIPAL,Remetente
360635,1,2,SECRETARIA DO GOVERNO MUNICIPAL,Remetente
360636,1,2,SECRETARIA DO GOVERNO MUNICIPAL,Remetente
360639,1,2,SECRETARIA DO GOVERNO MUNICIPAL,Remetente
360648,1,2,SECRETARIA DO GOVERNO MUNICIPAL,Remetente
360649,1,2,SECRETARIA DO GOVERNO MUNICIPAL,Remetente
360652,1,2,SECRETARIA DO GOVERNO MUNICIPAL,Remetente
360654,1,2,SECRETARIA DO GOVERNO MUNICIPAL,Remetente
360656,1,1,PREFEITURA DO MUNICÍPIO DE SÃO PAULO,Remetente
360657,1,1,PREFEITURA DO MUNICÍPIO DE SÃO PAULO,Remetente
360658,1,1,PREFEITURA DO MUNICÍPIO DE SÃO PAULO,Remetente
360660,1,1,PREFEITURA DO MUNICÍPIO DE SÃO PAULO,Remetente
360661,1,1,PREFEITURA DO MUNICÍPIO DE SÃO PAULO,Remetente
360662,1,1,PREFEITURA DO MUNICÍPIO DE SÃO PAULO,Remetente
360664,1,1,PREFEITURA DO MUNICÍPIO DE SÃO PAULO,Remetente
360667,1,1,PREFEITURA DO MUNICÍPIO DE SÃO PAULO,Remetente
360668,1,1,PREFEITURA DO MUNICÍPIO DE SÃO PAULO,Remetente
360669,1,1,PREFEITURA DO MUNICÍPIO DE SÃO PAULO,Remetente
360670,1,1,PREFEITURA DO MUNICÍPIO DE SÃO PAULO,Remetente
360671,1,1,PREFEITURA DO MUNICÍPIO DE SÃO PAULO,Remetente
360673,1,1,PREFEITURA DO MUNICÍPIO DE SÃO PAULO,Remetente
360682,1,1,PREFEITURA DO MUNICÍPIO DE SÃO PAULO,Remetente
360686,1,1,PREFEITURA DO MUNICÍPIO DE SÃO PAULO,Remetente
360705,1,1,PREFEITURA DO MUNICÍPIO DE SÃO PAULO,Remetente
360724,1,1,PREFEITURA DO MUNICÍPIO DE SÃO PAULO,Remetente
360728,1,1,PREFEITURA DO MUNICÍPIO DE SÃO PAULO,Remetente
360729,1,1,PREFEITURA DO MUNICÍPIO DE SÃO PAULO,Remetente
360730,1,1,PREFEITURA DO MUNICÍPIO DE SÃO PAULO,Remetente
360731,1,1,PREFEITURA DO MUNICÍPIO DE SÃO PAULO,Remetente
360734,1,1,PREFEITURA DO MUNICÍPIO DE SÃO PAULO,Remetente
360735,1,1,PREFEITURA DO MUNICÍPIO DE SÃO PAULO,Remetente
360744,1,1,PREFEITURA DO MUNICÍPIO DE SÃO PAULO,Remetente
360745,1,1,PREFEITURA DO MUNICÍPIO DE SÃO PAULO,Remetente
360746,1,1,PREFEITURA DO MUNICÍPIO DE SÃO PAULO,Remetente
360750,1,1,PREFEITURA DO MUNICÍPIO DE SÃO PAULO,Remetente
360751,1,1,PREFEITURA DO MUNICÍPIO DE SÃO PAULO,Remetente
360752,1,1,PREFEITURA DO MUNICÍPIO DE SÃO PAULO,Remetente
360777,1,1,PREFEITURA DO MUNICÍPIO DE SÃO PAULO,Remetente
360817,1,1,PREFEITURA DO MUNICÍPIO DE SÃO PAULO,Remetente
360830,1,1,PREFEITURA DO MUNICÍPIO DE SÃO PAULO,Remetente
360831,1,1,PREFEITURA DO MUNICÍPIO DE SÃO PAULO,Remetente
360840,1,1,PREFEITURA DO MUNICÍPIO DE SÃO PAULO,Remetente
360841,1,1,PREFEITURA DO MUNICÍPIO DE SÃO PAULO,Remetente
360846,1,1,PREFEITURA DO MUNICÍPIO DE SÃO PAULO,Remetente
360860,1,1,PREFEITURA DO MUNICÍPIO DE SÃO PAULO,Remetente
360862,1,1,PREFEITURA DO MUNICÍPIO DE SÃO PAULO,Remetente
360869,1,1,PREFEITURA DO MUNICÍPIO DE SÃO PAULO,Remetente
360881,1,1,PREFEITURA DO MUNICÍPIO DE SÃO PAULO,Remetente
360883,1,125,INSTITUTO DE PREVIDÊNCIA MUNICIPAL DE SÃO PAULO,Remetente
360890,1,1,PREFEITURA DO MUNICÍPIO DE SÃO PAULO,Remetente
360891,1,1,PREFEITURA DO MUNICÍPIO DE SÃO PAULO,Remetente
360897,1,1,PREFEITURA DO MUNICÍPIO DE SÃO PAULO,Remetente
360901,1,1,PREFEITURA DO MUNICÍPIO DE SÃO PAULO,Remetente
360908,1,1,PREFEITURA DO MUNICÍPIO DE SÃO PAULO,Remetente
360909,1,1,PREFEITURA DO MUNICÍPIO DE SÃO PAULO,Remetente
360913,1,1,PREFEITURA DO MUNICÍPIO DE SÃO PAULO,Remetente
360916,1,1,PREFEITURA DO MUNICÍPIO DE SÃO PAULO,Remetente
360929,1,1,PREFEITURA DO MUNICÍPIO DE SÃO PAULO,Remetente
360937,1,1,PREFEITURA DO MUNICÍPIO DE SÃO PAULO,Remetente
360939,1,1,PREFEITURA DO MUNICÍPIO DE SÃO PAULO,Remetente
360952,1,1,PREFEITURA DO MUNICÍPIO DE SÃO PAULO,Remetente
360955,1,1,PREFEITURA DO MUNICÍPIO DE SÃO PAULO,Remetente
360956,1,1,PREFEITURA DO MUNICÍPIO DE SÃO PAULO,Remetente
360980,1,1,PREFEITURA DO MUNICÍPIO DE SÃO PAULO,Remetente
360981,1,1,PREFEITURA DO MUNICÍPIO DE SÃO PAULO,Remetente
361000,1,1,PREFEITURA DO MUNICÍPIO DE SÃO PAULO,Remetente
361002,1,1,PREFEITURA DO MUNICÍPIO DE SÃO PAULO,Remetente
361003,1,1,PREFEITURA DO MUNICÍPIO DE SÃO PAULO,Remetente
361004,1,1,PREFEITURA DO MUNICÍPIO DE SÃO PAULO,Remetente
361005,1,1,PREFEITURA DO MUNICÍPIO DE SÃO PAULO,Remetente
361010,1,1,PREFEITURA DO MUNICÍPIO DE SÃO PAULO,Remetente
361011,1,1,PREFEITURA DO MUNICÍPIO DE SÃO PAULO,Remetente
361012,1,1,PREFEITURA DO MUNICÍPIO DE SÃO PAULO,Remetente
361014,1,1,PREFEITURA DO MUNICÍPIO DE SÃO PAULO,Remetente
361030,1,1,PREFEITURA DO MUNICÍPIO DE SÃO PAULO,Remetente
361031,1,1,PREFEITURA DO MUNICÍPIO DE SÃO PAULO,Remetente
361045,1,1,PREFEITURA DO MUNICÍPIO DE SÃO PAULO,Remetente
361048,1,1,PREFEITURA DO MUNICÍPIO DE SÃO PAULO,Remetente
361061,1,1,PREFEITURA DO MUNICÍPIO DE SÃO PAULO,Remetente
361066,1,1,PREFEITURA DO MUNICÍPIO DE SÃO PAULO,Remetente
361075,1,1,PREFEITURA DO MUNICÍPIO DE SÃO PAULO,Remetente
361076,1,1,PREFEITURA DO MUNICÍPIO DE SÃO PAULO,Remetente
361077,1,1,PREFEITURA DO MUNICÍPIO DE SÃO PAULO,Remetente
361078,1,1,PREFEITURA DO MUNICÍPIO DE SÃO PAULO,Remetente
361079,1,1,PREFEITURA DO MUNICÍPIO DE SÃO PAULO,Remetente
361108,1,1,PREFEITURA DO MUNICÍPIO DE SÃO PAULO,Remetente
361110,1,1,PREFEITURA DO MUNICÍPIO DE SÃO PAULO,Remetente
361111,1,1,PREFEITURA DO MUNICÍPIO DE SÃO PAULO,Remetente
361112,1,1,PREFEITURA DO MUNICÍPIO DE SÃO PAULO,Remetente
361113,1,1,PREFEITURA DO MUNICÍPIO DE SÃO PAULO,Remetente
361124,1,1,PREFEITURA DO MUNICÍPIO DE SÃO PAULO,Remetente
361129,1,1,PREFEITURA DO MUNICÍPIO DE SÃO PAULO,Remetente
361130,1,1,PREFEITURA DO MUNICÍPIO DE SÃO PAULO,Remetente
361139,1,1,PREFEITURA DO MUNICÍPIO DE SÃO PAULO,Remetente
361152,1,1,PREFEITURA DO MUNICÍPIO DE SÃO PAULO,Remetente
361157,1,1,PREFEITURA DO MUNICÍPIO DE SÃO PAULO,Remetente
361165,1,1,PREFEITURA DO MUNICÍPIO DE SÃO PAULO,Remetente
361166,1,1,PREFEITURA DO MUNICÍPIO DE SÃO PAULO,Remetente
361178,1,1,PREFEITURA DO MUNICÍPIO DE SÃO PAULO,Remetente
361183,1,1,PREFEITURA DO MUNICÍPIO DE SÃO PAULO,Remetente
361187,1,1,PREFEITURA DO MUNICÍPIO DE SÃO PAULO,Remetente
361193,1,1,PREFEITURA DO MUNICÍPIO DE SÃO PAULO,Remetente
361199,1,1,PREFEITURA DO MUNICÍPIO DE SÃO PAULO,Remetente
361207,1,1,PREFEITURA DO MUNICÍPIO DE SÃO PAULO,Remetente
361208,1,1,PREFEITURA DO MUNICÍPIO DE SÃO PAULO,Remetente
361209,1,1,PREFEITURA DO MUNICÍPIO DE SÃO PAULO,Remetente
361220,1,1,PREFEITURA DO MUNICÍPIO DE SÃO PAULO,Remetente
361276,1,1,PREFEITURA DO MUNICÍPIO DE SÃO PAULO,Remetente
361288,1,1,PREFEITURA DO MUNICÍPIO DE SÃO PAULO,Remetente
361297,1,63431,"SINDICATO DOS AMBULANTES, CAMELÔS, AUTÔNOMOSE MICROEMPREENDORES INDIVIDUAIS DO ESTADO DE S PAU",Remetente
361325,1,1,PREFEITURA DO MUNICÍPIO DE SÃO PAULO,Remetente
361367,1,1,PREFEITURA DO MUNICÍPIO DE SÃO PAULO,Remetente
361368,1,1,PREFEITURA DO MUNICÍPIO DE SÃO PAULO,Remetente
361378,1,1,PREFEITURA DO MUNICÍPIO DE SÃO PAULO,Remetente
361381,1,1,PREFEITURA DO MUNICÍPIO DE SÃO PAULO,Remetente
361382,1,1,PREFEITURA DO MUNICÍPIO DE SÃO PAULO,Remetente
361422,1,1,PREFEITURA DO MUNICÍPIO DE SÃO PAULO,Remetente
361424,1,1,PREFEITURA DO MUNICÍPIO DE SÃO PAULO,Remetente
361425,1,1,PREFEITURA DO MUNICÍPIO DE SÃO PAULO,Remetente
361426,1,1,PREFEITURA DO MUNICÍPIO DE SÃO PAULO,Remetente
361433,1,1,PREFEITURA DO MUNICÍPIO DE SÃO PAULO,Remetente
361436,1,1,PREFEITURA DO MUNICÍPIO DE SÃO PAULO,Remetente
361437,1,1,PREFEITURA DO MUNICÍPIO DE SÃO PAULO,Remetente
361463,1,1,PREFEITURA DO MUNICÍPIO DE SÃO PAULO,Remetente
361464,1,1,PREFEITURA DO MUNICÍPIO DE SÃO PAULO,Remetente
361466,1,1,PREFEITURA DO MUNICÍPIO DE SÃO PAULO,Remetente
361479,1,1,PREFEITURA DO MUNICÍPIO DE SÃO PAULO,Remetente
361481,1,1,PREFEITURA DO MUNICÍPIO DE SÃO PAULO,Remetente
361483,1,1,PREFEITURA DO MUNICÍPIO DE SÃO PAULO,Remetente
361484,1,1,PREFEITURA DO MUNICÍPIO DE SÃO PAULO,Remetente
361485,1,1,PREFEITURA DO MUNICÍPIO DE SÃO PAULO,Remetente
361486,1,1,PREFEITURA DO MUNICÍPIO DE SÃO PAULO,Remetente
361502,1,1,PREFEITURA DO MUNICÍPIO DE SÃO PAULO,Remetente
361503,1,1,PREFEITURA DO MUNICÍPIO DE SÃO PAULO,Remetente
361514,1,1,PREFEITURA DO MUNICÍPIO DE SÃO PAULO,Remetente
361517,1,1,PREFEITURA DO MUNICÍPIO DE SÃO PAULO,Remetente
361529,1,1,PREFEITURA DO MUNICÍPIO DE SÃO PAULO,Remetente
361531,1,1,PREFEITURA DO MUNICÍPIO DE SÃO PAULO,Remetente
361556,1,1,PREFEITURA DO MUNICÍPIO DE SÃO PAULO,Remetente
361558,1,1,PREFEITURA DO MUNICÍPIO DE SÃO PAULO,Remetente
361559,1,1,PREFEITURA DO MUNICÍPIO DE SÃO PAULO,Remetente
361562,1,1,PREFEITURA DO MUNICÍPIO DE SÃO PAULO,Remetente
361564,1,1,PREFEITURA DO MUNICÍPIO DE SÃO PAULO,Remetente
361573,1,1,PREFEITURA DO MUNICÍPIO DE SÃO PAULO,Remetente
361587,1,1,PREFEITURA DO MUNICÍPIO DE SÃO PAULO,Remetente
361609,1,1,PREFEITURA DO MUNICÍPIO DE SÃO PAULO,Remetente
361610,1,1,PREFEITURA DO MUNICÍPIO DE SÃO PAULO,Remetente
361624,1,1,PREFEITURA DO MUNICÍPIO DE SÃO PAULO,Remetente
361628,1,1,PREFEITURA DO MUNICÍPIO DE SÃO PAULO,Remetente
361629,1,1,PREFEITURA DO MUNICÍPIO DE SÃO PAULO,Remetente
361641,1,1,PREFEITURA DO MUNICÍPIO DE SÃO PAULO,Remetente
361642,1,1,PREFEITURA DO MUNICÍPIO DE SÃO PAULO,Remetente
361644,1,1,PREFEITURA DO MUNICÍPIO DE SÃO PAULO,Remetente
361645,1,1,PREFEITURA DO MUNICÍPIO DE SÃO PAULO,Remetente
361648,1,1,PREFEITURA DO MUNICÍPIO DE SÃO PAULO,Remetente
361649,1,1,PREFEITURA DO MUNICÍPIO DE SÃO PAULO,Remetente
361662,1,1,PREFEITURA DO MUNICÍPIO DE SÃO PAULO,Remetente
361663,1,1,PREFEITURA DO MUNICÍPIO DE SÃO PAULO,Remetente
361664,1,1,PREFEITURA DO MUNICÍPIO DE SÃO PAULO,Remetente
361665,1,1,PREFEITURA DO MUNICÍPIO DE SÃO PAULO,Remetente
361666,1,1,PREFEITURA DO MUNICÍPIO DE SÃO PAULO,Remetente
361670,1,1,PREFEITURA DO MUNICÍPIO DE SÃO PAULO,Remetente
361671,1,1,PREFEITURA DO MUNICÍPIO DE SÃO PAULO,Remetente
361674,1,1,PREFEITURA DO MUNICÍPIO DE SÃO PAULO,Remetente
361685,1,1,PREFEITURA DO MUNICÍPIO DE SÃO PAULO,Remetente
361686,1,1,PREFEITURA DO MUNICÍPIO DE SÃO PAULO,Remetente
361687,1,1,PREFEITURA DO MUNICÍPIO DE SÃO PAULO,Remetente
361690,1,1,PREFEITURA DO MUNICÍPIO DE SÃO PAULO,Remetente
361712,1,1,PREFEITURA DO MUNICÍPIO DE SÃO PAULO,Remetente
361724,1,1,PREFEITURA DO MUNICÍPIO DE SÃO PAULO,Remetente
361729,1,1,PREFEITURA DO MUNICÍPIO DE SÃO PAULO,Remetente
361730,1,1,PREFEITURA DO MUNICÍPIO DE SÃO PAULO,Remetente
361732,1,1,PREFEITURA DO MUNICÍPIO DE SÃO PAULO,Remetente
361733,1,1,PREFEITURA DO MUNICÍPIO DE SÃO PAULO,Remetente
361736,1,1,PREFEITURA DO MUNICÍPIO DE SÃO PAULO,Remetente
361739,1,1,PREFEITURA DO MUNICÍPIO DE SÃO PAULO,Remetente
361740,1,1,PREFEITURA DO MUNICÍPIO DE SÃO PAULO,Remetente
361742,1,1,PREFEITURA DO MUNICÍPIO DE SÃO PAULO,Remetente
361743,1,1,PREFEITURA DO MUNICÍPIO DE SÃO PAULO,Remetente
361763,1,1,PREFEITURA DO MUNICÍPIO DE SÃO PAULO,Remetente
361765,1,1,PREFEITURA DO MUNICÍPIO DE SÃO PAULO,Remetente
361773,1,1,PREFEITURA DO MUNICÍPIO DE SÃO PAULO,Remetente
361774,1,1,PREFEITURA DO MUNICÍPIO DE SÃO PAULO,Remetente
361775,1,1,PREFEITURA DO MUNICÍPIO DE SÃO PAULO,Remetente
361792,1,1,PREFEITURA DO MUNICÍPIO DE SÃO PAULO,Remetente
361801,1,3508,CONSELHO REGIONAL DE FONOAUDIOLOGIA - 2ª REGIÃO,Remetente
361803,1,65192,GRUPO DE TRABALHADORES DA FEIRA DA MADRUGADA,Remetente
361844,1,1,PREFEITURA DO MUNICÍPIO DE SÃO PAULO,Remetente
361854,1,1,PREFEITURA DO MUNICÍPIO DE SÃO PAULO,Remetente
361855,1,1,PREFEITURA DO MUNICÍPIO DE SÃO PAULO,Remetente
361856,1,1,PREFEITURA DO MUNICÍPIO DE SÃO PAULO,Remetente
361877,1,1,PREFEITURA DO MUNICÍPIO DE SÃO PAULO,Remetente
361896,1,47004,SECRETARIA ESPECIAL DA PESSOA COM DEFICIENCIA EMOBILIDADE  REDUZIDA,Remetente
361905,1,1,PREFEITURA DO MUNICÍPIO DE SÃO PAULO,Remetente
361906,1,1,PREFEITURA DO MUNICÍPIO DE SÃO PAULO,Remetente
361909,1,164,COMPANHIA DE ENGENHARIA DE TRÁFEGO,Remetente
361911,1,1,PREFEITURA DO MUNICÍPIO DE SÃO PAULO,Remetente
361913,1,1,PREFEITURA DO MUNICÍPIO DE SÃO PAULO,Remetente
361915,1,1,PREFEITURA DO MUNICÍPIO DE SÃO PAULO,Remetente
361921,1,1,PREFEITURA DO MUNICÍPIO DE SÃO PAULO,Remetente
361927,1,1,PREFEITURA DO MUNICÍPIO DE SÃO PAULO,Remetente
361940,1,1,PREFEITURA DO MUNICÍPIO DE SÃO PAULO,Remetente
361941,1,1,PREFEITURA DO MUNICÍPIO DE SÃO PAULO,Remetente
361944,1,12,SECRETARIA MUNICIPAL DE GESTÃO,Remetente
361955,1,1,PREFEITURA DO MUNICÍPIO DE SÃO PAULO,Remetente
361998,1,1,PREFEITURA DO MUNICÍPIO DE SÃO PAULO,Remetente
361999,1,1,PREFEITURA DO MUNICÍPIO DE SÃO PAULO,Remetente
362001,1,1,PREFEITURA DO MUNICÍPIO DE SÃO PAULO,Remetente
362007,1,1,PREFEITURA DO MUNICÍPIO DE SÃO PAULO,Remetente
362020,1,1,PREFEITURA DO MUNICÍPIO DE SÃO PAULO,Remetente
362028,1,1,PREFEITURA DO MUNICÍPIO DE SÃO PAULO,Remetente
362047,1,1,PREFEITURA DO MUNICÍPIO DE SÃO PAULO,Remetente
362092,1,1,PREFEITURA DO MUNICÍPIO DE SÃO PAULO,Remetente
362094,1,1,PREFEITURA DO MUNICÍPIO DE SÃO PAULO,Remetente
362095,1,1,PREFEITURA DO MUNICÍPIO DE SÃO PAULO,Remetente
362114,1,1,PREFEITURA DO MUNICÍPIO DE SÃO PAULO,Remetente
362115,1,1,PREFEITURA DO MUNICÍPIO DE SÃO PAULO,Remetente
362117,1,1,PREFEITURA DO MUNICÍPIO DE SÃO PAULO,Remetente
362121,1,37,CAIXA ECONÔMICA FEDERAL,Remetente
362125,1,1,PREFEITURA DO MUNICÍPIO DE SÃO PAULO,Remetente
362130,1,1,PREFEITURA DO MUNICÍPIO DE SÃO PAULO,Remetente
362141,1,1,PREFEITURA DO MUNICÍPIO DE SÃO PAULO,Remetente
362150,1,1,PREFEITURA DO MUNICÍPIO DE SÃO PAULO,Remetente
362151,1,1,PREFEITURA DO MUNICÍPIO DE SÃO PAULO,Remetente
362154,1,1,PREFEITURA DO MUNICÍPIO DE SÃO PAULO,Remetente
362155,1,1,PREFEITURA DO MUNICÍPIO DE SÃO PAULO,Remetente
362156,1,1,PREFEITURA DO MUNICÍPIO DE SÃO PAULO,Remetente
362158,1,1,PREFEITURA DO MUNICÍPIO DE SÃO PAULO,Remetente
362160,1,1,PREFEITURA DO MUNICÍPIO DE SÃO PAULO,Remetente
362171,1,1,PREFEITURA DO MUNICÍPIO DE SÃO PAULO,Remetente
362172,1,1,PREFEITURA DO MUNICÍPIO DE SÃO PAULO,Remetente
362173,1,1,PREFEITURA DO MUNICÍPIO DE SÃO PAULO,Remetente
362174,1,1,PREFEITURA DO MUNICÍPIO DE SÃO PAULO,Remetente
362175,1,1,PREFEITURA DO MUNICÍPIO DE SÃO PAULO,Remetente
362215,1,1,PREFEITURA DO MUNICÍPIO DE SÃO PAULO,Remetente
362217,1,1,PREFEITURA DO MUNICÍPIO DE SÃO PAULO,Remetente
362223,1,1,PREFEITURA DO MUNICÍPIO DE SÃO PAULO,Remetente
362240,1,1,PREFEITURA DO MUNICÍPIO DE SÃO PAULO,Remetente
362241,1,1,PREFEITURA DO MUNICÍPIO DE SÃO PAULO,Remetente
362255,1,1,PREFEITURA DO MUNICÍPIO DE SÃO PAULO,Remetente
362256,1,1,PREFEITURA DO MUNICÍPIO DE SÃO PAULO,Remetente
362257,1,1,PREFEITURA DO MUNICÍPIO DE SÃO PAULO,Remetente
362258,1,1,PREFEITURA DO MUNICÍPIO DE SÃO PAULO,Remetente
362281,1,1,PREFEITURA DO MUNICÍPIO DE SÃO PAULO,Remetente
362282,1,1,PREFEITURA DO MUNICÍPIO DE SÃO PAULO,Remetente
362284,1,1,PREFEITURA DO MUNICÍPIO DE SÃO PAULO,Remetente
362285,1,1,PREFEITURA DO MUNICÍPIO DE SÃO PAULO,Remetente
362287,1,1,PREFEITURA DO MUNICÍPIO DE SÃO PAULO,Remetente
362288,1,1,PREFEITURA DO MUNICÍPIO DE SÃO PAULO,Remetente
362289,1,1,PREFEITURA DO MUNICÍPIO DE SÃO PAULO,Remetente
362327,1,1,PREFEITURA DO MUNICÍPIO DE SÃO PAULO,Remetente
362332,1,1,PREFEITURA DO MUNICÍPIO DE SÃO PAULO,Remetente
362333,1,1,PREFEITURA DO MUNICÍPIO DE SÃO PAULO,Remetente
362348,1,1,PREFEITURA DO MUNICÍPIO DE SÃO PAULO,Remetente
362349,1,1,PREFEITURA DO MUNICÍPIO DE SÃO PAULO,Remetente
362351,1,1,PREFEITURA DO MUNICÍPIO DE SÃO PAULO,Remetente
362364,1,1,PREFEITURA DO MUNICÍPIO DE SÃO PAULO,Remetente
362365,1,1,PREFEITURA DO MUNICÍPIO DE SÃO PAULO,Remetente
362383,1,1,PREFEITURA DO MUNICÍPIO DE SÃO PAULO,Remetente
362385,1,1,PREFEITURA DO MUNICÍPIO DE SÃO PAULO,Remetente
362386,1,1,PREFEITURA DO MUNICÍPIO DE SÃO PAULO,Remetente
362396,1,66391,Associação Brasileira dos Defensivos Genéricos,Remetente
362437,1,1,PREFEITURA DO MUNICÍPIO DE SÃO PAULO,Remetente
362438,1,1,PREFEITURA DO MUNICÍPIO DE SÃO PAULO,Remetente
362476,1,1,PREFEITURA DO MUNICÍPIO DE SÃO PAULO,Remetente
362482,1,1,PREFEITURA DO MUNICÍPIO DE SÃO PAULO,Remetente
362488,1,2,SECRETARIA DO GOVERNO MUNICIPAL,Remetente
362498,1,2,SECRETARIA DO GOVERNO MUNICIPAL,Remetente
362504,1,1,PREFEITURA DO MUNICÍPIO DE SÃO PAULO,Remetente
362531,1,1,PREFEITURA DO MUNICÍPIO DE SÃO PAULO,Remetente
362533,1,1,PREFEITURA DO MUNICÍPIO DE SÃO PAULO,Remetente
362535,1,1,PREFEITURA DO MUNICÍPIO DE SÃO PAULO,Remetente
362537,1,1,PREFEITURA DO MUNICÍPIO DE SÃO PAULO,Remetente
362544,1,1,PREFEITURA DO MUNICÍPIO DE SÃO PAULO,Remetente
362545,1,1,PREFEITURA DO MUNICÍPIO DE SÃO PAULO,Remetente
362564,1,1,PREFEITURA DO MUNICÍPIO DE SÃO PAULO,Remetente
362565,1,1,PREFEITURA DO MUNICÍPIO DE SÃO PAULO,Remetente
362567,1,1,PREFEITURA DO MUNICÍPIO DE SÃO PAULO,Remetente
362594,1,1,PREFEITURA DO MUNICÍPIO DE SÃO PAULO,Remetente
362595,1,1,PREFEITURA DO MUNICÍPIO DE SÃO PAULO,Remetente
362596,1,1,PREFEITURA DO MUNICÍPIO DE SÃO PAULO,Remetente
362597,1,1,PREFEITURA DO MUNICÍPIO DE SÃO PAULO,Remetente
362599,1,1,PREFEITURA DO MUNICÍPIO DE SÃO PAULO,Remetente
362600,1,1,PREFEITURA DO MUNICÍPIO DE SÃO PAULO,Remetente
362607,1,1,PREFEITURA DO MUNICÍPIO DE SÃO PAULO,Remetente
362635,1,1,PREFEITURA DO MUNICÍPIO DE SÃO PAULO,Remetente
362638,1,1,PREFEITURA DO MUNICÍPIO DE SÃO PAULO,Remetente
362640,1,1,PREFEITURA DO MUNICÍPIO DE SÃO PAULO,Remetente
362671,1,1,PREFEITURA DO MUNICÍPIO DE SÃO PAULO,Remetente
362672,1,1,PREFEITURA DO MUNICÍPIO DE SÃO PAULO,Remetente
362703,1,1,PREFEITURA DO MUNICÍPIO DE SÃO PAULO,Remetente
362704,1,1,PREFEITURA DO MUNICÍPIO DE SÃO PAULO,Remetente
362706,1,1,PREFEITURA DO MUNICÍPIO DE SÃO PAULO,Remetente
362713,1,1,PREFEITURA DO MUNICÍPIO DE SÃO PAULO,Remetente
362714,1,1,PREFEITURA DO MUNICÍPIO DE SÃO PAULO,Remetente
362718,1,1,PREFEITURA DO MUNICÍPIO DE SÃO PAULO,Remetente
362720,1,1,PREFEITURA DO MUNICÍPIO DE SÃO PAULO,Remetente
362721,1,1,PREFEITURA DO MUNICÍPIO DE SÃO PAULO,Remetente
362722,1,1,PREFEITURA DO MUNICÍPIO DE SÃO PAULO,Remetente
362723,1,1,PREFEITURA DO MUNICÍPIO DE SÃO PAULO,Remetente
362736,1,1,PREFEITURA DO MUNICÍPIO DE SÃO PAULO,Remetente
362748,1,1,PREFEITURA DO MUNICÍPIO DE SÃO PAULO,Remetente
362749,1,1,PREFEITURA DO MUNICÍPIO DE SÃO PAULO,Remetente
362750,1,1,PREFEITURA DO MUNICÍPIO DE SÃO PAULO,Remetente
362751,1,1,PREFEITURA DO MUNICÍPIO DE SÃO PAULO,Remetente
362752,1,1,PREFEITURA DO MUNICÍPIO DE SÃO PAULO,Remetente
362755,1,1,PREFEITURA DO MUNICÍPIO DE SÃO PAULO,Remetente
362756,1,1,PREFEITURA DO MUNICÍPIO DE SÃO PAULO,Remetente
362760,1,1,PREFEITURA DO MUNICÍPIO DE SÃO PAULO,Remetente
362762,1,1,PREFEITURA DO MUNICÍPIO DE SÃO PAULO,Remetente
362763,1,1,PREFEITURA DO MUNICÍPIO DE SÃO PAULO,Remetente
362767,1,1,PREFEITURA DO MUNICÍPIO DE SÃO PAULO,Remetente
362768,1,1,PREFEITURA DO MUNICÍPIO DE SÃO PAULO,Remetente
362769,1,1,PREFEITURA DO MUNICÍPIO DE SÃO PAULO,Remetente
362771,1,1,PREFEITURA DO MUNICÍPIO DE SÃO PAULO,Remetente
362772,1,1,PREFEITURA DO MUNICÍPIO DE SÃO PAULO,Remetente
362777,1,1,PREFEITURA DO MUNICÍPIO DE SÃO PAULO,Remetente
362778,1,1,PREFEITURA DO MUNICÍPIO DE SÃO PAULO,Remetente
362779,1,1,PREFEITURA DO MUNICÍPIO DE SÃO PAULO,Remetente
362780,1,1,PREFEITURA DO MUNICÍPIO DE SÃO PAULO,Remetente
362781,1,1,PREFEITURA DO MUNICÍPIO DE SÃO PAULO,Remetente
362782,1,1,PREFEITURA DO MUNICÍPIO DE SÃO PAULO,Remetente
362797,1,1,PREFEITURA DO MUNICÍPIO DE SÃO PAULO,Remetente
362804,1,1,PREFEITURA DO MUNICÍPIO DE SÃO PAULO,Remetente
362805,1,1,PREFEITURA DO MUNICÍPIO DE SÃO PAULO,Remetente
362817,1,1,PREFEITURA DO MUNICÍPIO DE SÃO PAULO,Remetente
362818,1,1,PREFEITURA DO MUNICÍPIO DE SÃO PAULO,Remetente
362819,1,1,PREFEITURA DO MUNICÍPIO DE SÃO PAULO,Remetente
362820,1,1,PREFEITURA DO MUNICÍPIO DE SÃO PAULO,Remetente
362821,1,1,PREFEITURA DO MUNICÍPIO DE SÃO PAULO,Remetente
362822,1,1,PREFEITURA DO MUNICÍPIO DE SÃO PAULO,Remetente
362823,1,1,PREFEITURA DO MUNICÍPIO DE SÃO PAULO,Remetente
362826,1,1,PREFEITURA DO MUNICÍPIO DE SÃO PAULO,Remetente
362827,1,1,PREFEITURA DO MUNICÍPIO DE SÃO PAULO,Remetente
362837,1,1,PREFEITURA DO MUNICÍPIO DE SÃO PAULO,Remetente
362838,1,1,PREFEITURA DO MUNICÍPIO DE SÃO PAULO,Remetente
362839,1,1,PREFEITURA DO MUNICÍPIO DE SÃO PAULO,Remetente
362840,1,1,PREFEITURA DO MUNICÍPIO DE SÃO PAULO,Remetente
362841,1,1,PREFEITURA DO MUNICÍPIO DE SÃO PAULO,Remetente
362842,1,1,PREFEITURA DO MUNICÍPIO DE SÃO PAULO,Remetente
362844,1,1,PREFEITURA DO MUNICÍPIO DE SÃO PAULO,Remetente
362845,1,1,PREFEITURA DO MUNICÍPIO DE SÃO PAULO,Remetente
362846,1,1,PREFEITURA DO MUNICÍPIO DE SÃO PAULO,Remetente
362849,1,1,PREFEITURA DO MUNICÍPIO DE SÃO PAULO,Remetente
362850,1,1,PREFEITURA DO MUNICÍPIO DE SÃO PAULO,Remetente
362851,1,1,PREFEITURA DO MUNICÍPIO DE SÃO PAULO,Remetente
362852,1,1,PREFEITURA DO MUNICÍPIO DE SÃO PAULO,Remetente
362854,1,1,PREFEITURA DO MUNICÍPIO DE SÃO PAULO,Remetente
362865,1,1,PREFEITURA DO MUNICÍPIO DE SÃO PAULO,Remetente
362866,1,1,PREFEITURA DO MUNICÍPIO DE SÃO PAULO,Remetente
362868,1,1,PREFEITURA DO MUNICÍPIO DE SÃO PAULO,Remetente
362874,1,1,PREFEITURA DO MUNICÍPIO DE SÃO PAULO,Remetente
362879,1,1,PREFEITURA DO MUNICÍPIO DE SÃO PAULO,Remetente
362882,1,1,PREFEITURA DO MUNICÍPIO DE SÃO PAULO,Remetente
362883,1,1,PREFEITURA DO MUNICÍPIO DE SÃO PAULO,Remetente
362884,1,1,PREFEITURA DO MUNICÍPIO DE SÃO PAULO,Remetente
362885,1,1,PREFEITURA DO MUNICÍPIO DE SÃO PAULO,Remetente
362887,1,1,PREFEITURA DO MUNICÍPIO DE SÃO PAULO,Remetente
362888,1,1,PREFEITURA DO MUNICÍPIO DE SÃO PAULO,Remetente
362894,1,1,PREFEITURA DO MUNICÍPIO DE SÃO PAULO,Remetente
362960,1,1,PREFEITURA DO MUNICÍPIO DE SÃO PAULO,Remetente
362971,1,1,PREFEITURA DO MUNICÍPIO DE SÃO PAULO,Remetente
362973,1,1,PREFEITURA DO MUNICÍPIO DE SÃO PAULO,Remetente
362979,1,1,PREFEITURA DO MUNICÍPIO DE SÃO PAULO,Remetente
362980,1,1,PREFEITURA DO MUNICÍPIO DE SÃO PAULO,Remetente
363002,1,8088,"ASSOCIAÇÃO DOS ENGENHEIROS, ARQUITETOS, AGRÔNOMOSE PROFISSIONAIS DA ÁREA TECNOLÓGICA",Remetente
363006,1,4196,"ASSOCIAÇÃO DOS ENGENHEIROS, ARQUITETOS E AGRÔNOMOSMUNICIPAIS DE SÃO PAULO",Remetente
363007,1,46093,SINDICATO DOS ENGENHEIROS DO ESTADO DE SÃOPAULO - DELEGACIA SINDICAL DA BAIXADA SANTISTA,Remetente
363008,1,3377,SINDICATO DOS TRABALHADORES NA ADMINISTRAÇÃO PUBLICA E AUTARQUIAS NO MUNICÍPIO DE SÃO PAULO,Remetente
363020,1,4849,CONSELHO REGIONAL DE SERVIÇO SOCIAL - 9a. REGIÃO -SÃO PAULO,Remetente
363052,1,67361,DEPUTADO ESTADUAL CARLOS GIANNAZI,Remetente
363059,1,3377,SINDICATO DOS TRABALHADORES NA ADMINISTRAÇÃO PUBLICA E AUTARQUIAS NO MUNICÍPIO DE SÃO PAULO,Remetente
363062,1,1,PREFEITURA DO MUNICÍPIO DE SÃO PAULO,Remetente
363065,1,1,PREFEITURA DO MUNICÍPIO DE SÃO PAULO,Remetente
363066,1,1,PREFEITURA DO MUNICÍPIO DE SÃO PAULO,Remetente
363071,1,1,PREFEITURA DO MUNICÍPIO DE SÃO PAULO,Remetente
363072,1,1,PREFEITURA DO MUNICÍPIO DE SÃO PAULO,Remetente
363073,1,1,PREFEITURA DO MUNICÍPIO DE SÃO PAULO,Remetente
363079,1,1,PREFEITURA DO MUNICÍPIO DE SÃO PAULO,Remetente
363080,1,1,PREFEITURA DO MUNICÍPIO DE SÃO PAULO,Remetente
363081,1,1,PREFEITURA DO MUNICÍPIO DE SÃO PAULO,Remetente
363098,1,1,PREFEITURA DO MUNICÍPIO DE SÃO PAULO,Remetente
363103,1,1,PREFEITURA DO MUNICÍPIO DE SÃO PAULO,Remetente
363125,1,1,PREFEITURA DO MUNICÍPIO DE SÃO PAULO,Remetente
363126,1,1,PREFEITURA DO MUNICÍPIO DE SÃO PAULO,Remetente
363142,1,1,PREFEITURA DO MUNICÍPIO DE SÃO PAULO,Remetente
363143,1,1,PREFEITURA DO MUNICÍPIO DE SÃO PAULO,Remetente
363146,1,1,PREFEITURA DO MUNICÍPIO DE SÃO PAULO,Remetente
363148,1,1,PREFEITURA DO MUNICÍPIO DE SÃO PAULO,Remetente
363155,1,1,PREFEITURA DO MUNICÍPIO DE SÃO PAULO,Remetente
363158,1,1,PREFEITURA DO MUNICÍPIO DE SÃO PAULO,Remetente
363160,1,1,PREFEITURA DO MUNICÍPIO DE SÃO PAULO,Remetente
363165,1,1,PREFEITURA DO MUNICÍPIO DE SÃO PAULO,Remetente
363210,1,1,PREFEITURA DO MUNICÍPIO DE SÃO PAULO,Remetente
363211,1,1,PREFEITURA DO MUNICÍPIO DE SÃO PAULO,Remetente
363240,1,1,PREFEITURA DO MUNICÍPIO DE SÃO PAULO,Remetente
363242,1,1,PREFEITURA DO MUNICÍPIO DE SÃO PAULO,Remetente
363243,1,1,PREFEITURA DO MUNICÍPIO DE SÃO PAULO,Remetente
363244,1,1,PREFEITURA DO MUNICÍPIO DE SÃO PAULO,Remetente
363245,1,1,PREFEITURA DO MUNICÍPIO DE SÃO PAULO,Remetente
363247,1,1,PREFEITURA DO MUNICÍPIO DE SÃO PAULO,Remetente
363254,1,1,PREFEITURA DO MUNICÍPIO DE SÃO PAULO,Remetente
363257,1,1,PREFEITURA DO MUNICÍPIO DE SÃO PAULO,Remetente
363259,1,1,PREFEITURA DO MUNICÍPIO DE SÃO PAULO,Remetente
363268,1,1,PREFEITURA DO MUNICÍPIO DE SÃO PAULO,Remetente
363269,1,1,PREFEITURA DO MUNICÍPIO DE SÃO PAULO,Remetente
363277,1,1,PREFEITURA DO MUNICÍPIO DE SÃO PAULO,Remetente
363278,1,1,PREFEITURA DO MUNICÍPIO DE SÃO PAULO,Remetente
363280,1,1,PREFEITURA DO MUNICÍPIO DE SÃO PAULO,Remetente
363281,1,1,PREFEITURA DO MUNICÍPIO DE SÃO PAULO,Remetente
363303,1,1,PREFEITURA DO MUNICÍPIO DE SÃO PAULO,Remetente
363333,1,1,PREFEITURA DO MUNICÍPIO DE SÃO PAULO,Remetente
363334,1,1,PREFEITURA DO MUNICÍPIO DE SÃO PAULO,Remetente
363344,1,1,PREFEITURA DO MUNICÍPIO DE SÃO PAULO,Remetente
363384,1,1861,SINDICATO DOS ENGENHEIROS NO ESTADO DE SÃO PAULO,Remetente
363386,1,1744,PROCURADORIA GERAL DO MUNICÍPIO DE SP,Remetente
363445,1,1,PREFEITURA DO MUNICÍPIO DE SÃO PAULO,Remetente
363493,1,1,PREFEITURA DO MUNICÍPIO DE SÃO PAULO,Remetente
363494,1,1,PREFEITURA DO MUNICÍPIO DE SÃO PAULO,Remetente
363495,1,1,PREFEITURA DO MUNICÍPIO DE SÃO PAULO,Remetente
363508,1,1,PREFEITURA DO MUNICÍPIO DE SÃO PAULO,Remetente
363514,1,1,PREFEITURA DO MUNICÍPIO DE SÃO PAULO,Remetente
363522,1,1,PREFEITURA DO MUNICÍPIO DE SÃO PAULO,Remetente
363525,1,58,TRIBUNAL DE JUSTIÇA DO ESTADO DE SÃO PAULO,Remetente
363532,1,57,TRIBUNAL DE CONTAS DO MUNICÍPIO DE SÃO PAULO,Remetente
363557,1,1,PREFEITURA DO MUNICÍPIO DE SÃO PAULO,Remetente
363560,1,1,PREFEITURA DO MUNICÍPIO DE SÃO PAULO,Remetente
363562,1,1,PREFEITURA DO MUNICÍPIO DE SÃO PAULO,Remetente
363568,1,1,PREFEITURA DO MUNICÍPIO DE SÃO PAULO,Remetente
363569,1,1,PREFEITURA DO MUNICÍPIO DE SÃO PAULO,Remetente
363588,1,1,PREFEITURA DO MUNICÍPIO DE SÃO PAULO,Remetente
363592,1,1,PREFEITURA DO MUNICÍPIO DE SÃO PAULO,Remetente
363594,1,1,PREFEITURA DO MUNICÍPIO DE SÃO PAULO,Remetente
363598,1,1,PREFEITURA DO MUNICÍPIO DE SÃO PAULO,Remetente
363599,1,1,PREFEITURA DO MUNICÍPIO DE SÃO PAULO,Remetente
363600,1,1,PREFEITURA DO MUNICÍPIO DE SÃO PAULO,Remetente
363602,1,1,PREFEITURA DO MUNICÍPIO DE SÃO PAULO,Remetente
363623,1,70,SECRETARIA  MUNICIPAL  DE HABITAÇÃO,Remetente
363624,1,1,PREFEITURA DO MUNICÍPIO DE SÃO PAULO,Remetente
363625,1,1,PREFEITURA DO MUNICÍPIO DE SÃO PAULO,Remetente
363626,1,1,PREFEITURA DO MUNICÍPIO DE SÃO PAULO,Remetente
363627,1,1,PREFEITURA DO MUNICÍPIO DE SÃO PAULO,Remetente
363640,1,1,PREFEITURA DO MUNICÍPIO DE SÃO PAULO,Remetente
363654,1,1,PREFEITURA DO MUNICÍPIO DE SÃO PAULO,Remetente
363658,1,1,PREFEITURA DO MUNICÍPIO DE SÃO PAULO,Remetente
363660,1,4,SECRETARIA MUNICIPAL DA SAÚDE,Remetente
363661,1,67,SECRETARIA MUNICIPAL DA FAZENDA,Remetente
363672,1,11,SECRETARIA MUNICIPAL DE ESPORTES E LAZE,Remetente
363676,1,67,SECRETARIA MUNICIPAL DA FAZENDA,Remetente
363677,1,2177,MINISTÉRIO DA EDUCAÇÃO,Remetente
363678,1,2177,MINISTÉRIO DA EDUCAÇÃO,Remetente
363691,1,1,PREFEITURA DO MUNICÍPIO DE SÃO PAULO,Remetente
363692,1,1,PREFEITURA DO MUNICÍPIO DE SÃO PAULO,Remetente
363717,1,1,PREFEITURA DO MUNICÍPIO DE SÃO PAULO,Remetente
363745,1,1,PREFEITURA DO MUNICÍPIO DE SÃO PAULO,Remetente
363746,1,1,PREFEITURA DO MUNICÍPIO DE SÃO PAULO,Remetente
363753,1,1,PREFEITURA DO MUNICÍPIO DE SÃO PAULO,Remetente
363754,1,57619,SÃO PAULO OBRAS - SP OBRAS,Remetente
363770,1,34,SÃO PAULO TURISMO - SPTURIS,Remetente
363785,1,1,PREFEITURA DO MUNICÍPIO DE SÃO PAULO,Remetente
363786,1,1,PREFEITURA DO MUNICÍPIO DE SÃO PAULO,Remetente
363790,1,1,PREFEITURA DO MUNICÍPIO DE SÃO PAULO,Remetente
363796,1,67892,"SECRETARIA MUNICIPAL DO DESENVOLVIMENTO, TRABALHO E EMPREENDEDORISMO",Remetente
363816,1,1,PREFEITURA DO MUNICÍPIO DE SÃO PAULO,Remetente
363818,1,1,PREFEITURA DO MUNICÍPIO DE SÃO PAULO,Remetente
363819,1,1,PREFEITURA DO MUNICÍPIO DE SÃO PAULO,Remetente
363821,1,1,PREFEITURA DO MUNICÍPIO DE SÃO PAULO,Remetente
363822,1,1,PREFEITURA DO MUNICÍPIO DE SÃO PAULO,Remetente
363823,1,1,PREFEITURA DO MUNICÍPIO DE SÃO PAULO,Remetente
363825,1,1,PREFEITURA DO MUNICÍPIO DE SÃO PAULO,Remetente
363826,1,1,PREFEITURA DO MUNICÍPIO DE SÃO PAULO,Remetente
363843,1,1,PREFEITURA DO MUNICÍPIO DE SÃO PAULO,Remetente
363844,1,1,PREFEITURA DO MUNICÍPIO DE SÃO PAULO,Remetente
363852,1,13,SECRETARIA MUNICIPAL DE MOBILIDADE E TRANSPORTES,Remetente
363899,1,36,COMPANHIA METROPOLITANA DE HABITAÇÃO-COHAB,Remetente
363920,1,4,SECRETARIA MUNICIPAL DA SAÚDE,Remetente
363943,1,13,SECRETARIA MUNICIPAL DE MOBILIDADE E TRANSPORTES,Remetente
363959,1,1,PREFEITURA DO MUNICÍPIO DE SÃO PAULO,Remetente
363967,1,10,SECRETARIA MUNICIPAL DE SERVIÇOS E OBRAS,Remetente
363968,1,4,SECRETARIA MUNICIPAL DA SAÚDE,Remetente
454041,1,1,PREFEITURA DO MUNICÍPIO DE SÃO PAULO,Remetente
454042,1,4,SECRETARIA MUNICIPAL DA SAÚDE,Remetente
454045,1,7,SECRETARIA MUNICIPAL DE EDUCAÇÃO,Remetente
454160,1,2,SECRETARIA DO GOVERNO MUNICIPAL,Remetente
454624,1,1,PREFEITURA DO MUNICÍPIO DE SÃO PAULO,Remetente
454706,1,67,SECRETARIA MUNICIPAL DA FAZENDA,Remetente
455087,1,2001,Ver. JAIR TATTO (PT),Vereador
455141,1,1931,Executivo - FERNANDO HADDAD,Promovente
455156,1,1296,Ver. ADILSON AMADEU (UNIÃO),Vereador
455302,1,1,PREFEITURA DO MUNICÍPIO DE SÃO PAULO,Remetente
455307,1,1,PREFEITURA DO MUNICÍPIO DE SÃO PAULO,Remetente
455310,1,1,PREFEITURA DO MUNICÍPIO DE SÃO PAULO,Remetente
455312,1,1,PREFEITURA DO MUNICÍPIO DE SÃO PAULO,Remetente
455420,1,1,PREFEITURA DO MUNICÍPIO DE SÃO PAULO,Remetente
455424,1,785,PREFEITURA REGIONAL DA SÉ,Remetente
455430,1,1,PREFEITURA DO MUNICÍPIO DE SÃO PAULO,Remetente
455431,1,1,PREFEITURA DO MUNICÍPIO DE SÃO PAULO,Remetente
455433,1,1,PREFEITURA DO MUNICÍPIO DE SÃO PAULO,Remetente
455529,1,4,SECRETARIA MUNICIPAL DA SAÚDE,Remetente
455697,1,7,SECRETARIA MUNICIPAL DE EDUCAÇÃO,Remetente
455707,1,4,SECRETARIA MUNICIPAL DA SAÚDE,Remetente
456008,1,1,PREFEITURA DO MUNICÍPIO DE SÃO PAULO,Remetente
456012,1,1,PREFEITURA DO MUNICÍPIO DE SÃO PAULO,Remetente
456018,1,1,PREFEITURA DO MUNICÍPIO DE SÃO PAULO,Remetente
456687,1,13,SECRETARIA MUNICIPAL DE MOBILIDADE E TRANSPORTES,Remetente
457046,1,55001,SECRETARIA MUNICIPAL DO DESENVOLVIMENTO URBANO,Remetente
457194,1,1947,Ver. REIS (PT),Vereador
457194,2,2255,Ver. JOÃO ANANIAS (PT),Vereador
457619,1,1,PREFEITURA DO MUNICÍPIO DE SÃO PAULO,Remetente
457629,1,1,PREFEITURA DO MUNICÍPIO DE SÃO PAULO,Remetente
457630,1,1,PREFEITURA DO MUNICÍPIO DE SÃO PAULO,Remetente
457637,1,1,PREFEITURA DO MUNICÍPIO DE SÃO PAULO,Remetente
457923,1,4196,"ASSOCIAÇÃO DOS ENGENHEIROS, ARQUITETOS E AGRÔNOMOSMUNICIPAIS DE SÃO PAULO",Remetente
457991,1,1,PREFEITURA DO MUNICÍPIO DE SÃO PAULO,Remetente
457996,1,1,PREFEITURA DO MUNICÍPIO DE SÃO PAULO,Remetente
458272,1,13,SECRETARIA MUNICIPAL DE MOBILIDADE E TRANSPORTES,Remetente
458277,1,1,PREFEITURA DO MUNICÍPIO DE SÃO PAULO,Remetente
458439,1,1,PREFEITURA DO MUNICÍPIO DE SÃO PAULO,Remetente
458508,1,1,PREFEITURA DO MUNICÍPIO DE SÃO PAULO,Remetente
458569,1,1,PREFEITURA DO MUNICÍPIO DE SÃO PAULO,Remetente
458571,1,1,PREFEITURA DO MUNICÍPIO DE SÃO PAULO,Remetente
458740,1,1,PREFEITURA DO MUNICÍPIO DE SÃO PAULO,Remetente
458867,1,10,SECRETARIA MUNICIPAL DE SERVIÇOS E OBRAS,Remetente
458870,1,1,PREFEITURA DO MUNICÍPIO DE SÃO PAULO,Remetente
459020,1,1,PREFEITURA DO MUNICÍPIO DE SÃO PAULO,Remetente
459538,1,2000,Ver. ALESSANDRO GUEDES (PT),Vereador
459841,1,1,PREFEITURA DO MUNICÍPIO DE SÃO PAULO,Remetente
460086,1,1297,Ver. ABOU ANNI (UNIÃO),Vereador
460086,2,2146,Ver. GILBERTO NASCIMENTO (PL),Vereador
460357,1,1931,Executivo - FERNANDO HADDAD,Promovente
461321,1,13,SECRETARIA MUNICIPAL DE MOBILIDADE E TRANSPORTES,Remetente
461323,1,13,SECRETARIA MUNICIPAL DE MOBILIDADE E TRANSPORTES,Remetente
461750,1,1,PREFEITURA DO MUNICÍPIO DE SÃO PAULO,Remetente
461756,1,1,PREFEITURA DO MUNICÍPIO DE SÃO PAULO,Remetente
461765,1,1,PREFEITURA DO MUNICÍPIO DE SÃO PAULO,Remetente
461768,1,1,PREFEITURA DO MUNICÍPIO DE SÃO PAULO,Remetente
461961,1,1989,Ver. GEORGE HATO (MDB),Vereador
462130,1,1,PREFEITURA DO MUNICÍPIO DE SÃO PAULO,Remetente
462133,1,2,SECRETARIA DO GOVERNO MUNICIPAL,Remetente
462134,1,2,SECRETARIA DO GOVERNO MUNICIPAL,Remetente
462748,1,1,PREFEITURA DO MUNICÍPIO DE SÃO PAULO,Remetente
462750,1,1,PREFEITURA DO MUNICÍPIO DE SÃO PAULO,Remetente
462751,1,1,PREFEITURA DO MUNICÍPIO DE SÃO PAULO,Remetente
462752,1,1,PREFEITURA DO MUNICÍPIO DE SÃO PAULO,Remetente
462753,1,1,PREFEITURA DO MUNICÍPIO DE SÃO PAULO,Remetente
462754,1,1,PREFEITURA DO MUNICÍPIO DE SÃO PAULO,Remetente
462755,1,1,PREFEITURA DO MUNICÍPIO DE SÃO PAULO,Remetente
462756,1,1,PREFEITURA DO MUNICÍPIO DE SÃO PAULO,Remetente
462757,1,1,PREFEITURA DO MUNICÍPIO DE SÃO PAULO,Remetente
462761,1,1,PREFEITURA DO MUNICÍPIO DE SÃO PAULO,Remetente
462764,1,1,PREFEITURA DO MUNICÍPIO DE SÃO PAULO,Remetente
462984,1,1,PREFEITURA DO MUNICÍPIO DE SÃO PAULO,Remetente
463206,1,2001,Ver. JAIR TATTO (PT),Vereador
463396,1,1,PREFEITURA DO MUNICÍPIO DE SÃO PAULO,Remetente
463402,1,1,PREFEITURA DO MUNICÍPIO DE SÃO PAULO,Remetente
463631,1,1,PREFEITURA DO MUNICÍPIO DE SÃO PAULO,Remetente
463781,1,13,SECRETARIA MUNICIPAL DE MOBILIDADE E TRANSPORTES,Remetente
464458,1,1,PREFEITURA DO MUNICÍPIO DE SÃO PAULO,Remetente
464466,1,1,PREFEITURA DO MUNICÍPIO DE SÃO PAULO,Remetente
464677,1,224,Ver. AURÉLIO NOMURA (PSD),Vereador
464713,1,1635,Ver. DRA. SANDRA TADEU (PL),Vereador
465190,1,1,PREFEITURA DO MUNICÍPIO DE SÃO PAULO,Remetente
465279,1,1,PREFEITURA DO MUNICÍPIO DE SÃO PAULO,Remetente
465355,1,1,PREFEITURA DO MUNICÍPIO DE SÃO PAULO,Remetente
465356,1,1,PREFEITURA DO MUNICÍPIO DE SÃO PAULO,Remetente
465357,1,1,PREFEITURA DO MUNICÍPIO DE SÃO PAULO,Remetente
465358,1,1,PREFEITURA DO MUNICÍPIO DE SÃO PAULO,Remetente
465359,1,1,PREFEITURA DO MUNICÍPIO DE SÃO PAULO,Remetente
465360,1,1,PREFEITURA DO MUNICÍPIO DE SÃO PAULO,Remetente
465361,1,63413,SECRETARIA MUNICIPAL DE URBANISMO E LICENCIAMENTO,Remetente
465363,1,1,PREFEITURA DO MUNICÍPIO DE SÃO PAULO,Remetente
465365,1,63413,SECRETARIA MUNICIPAL DE URBANISMO E LICENCIAMENTO,Remetente
465696,1,1,PREFEITURA DO MUNICÍPIO DE SÃO PAULO,Remetente
465698,1,1,PREFEITURA DO MUNICÍPIO DE SÃO PAULO,Remetente
465881,1,1,PREFEITURA DO MUNICÍPIO DE SÃO PAULO,Remetente
465990,1,1931,Executivo - FERNANDO HADDAD,Promovente
466163,1,1,PREFEITURA DO MUNICÍPIO DE SÃO PAULO,Remetente
466713,1,936,Ver. NABIL BONDUKI (PT),Vereador
466717,1,132,Ver. WADIH MUTRAN (PDT),Vereador
466717,2,208,Ver. NELO RODOLFO (MDB),Vereador
466717,3,220,Ver. TONINHO PAIVA (PL),Vereador
466717,4,224,Ver. AURÉLIO NOMURA (PSD),Vereador
466717,5,267,Ver. PAULO FRANGE (MDB),Vereador
466717,6,268,Ver. DALTON SILVANO (UNIÃO),Vereador
466717,7,776,Ver. ELISEU GABRIEL (PSB),Vereador
466717,8,1296,Ver. ADILSON AMADEU (UNIÃO),Vereador
466717,9,1305,Ver. POLICE (PSD),Vereador
466717,10,1326,Ver. QUITO FORMIGA (PSDB),Vereador
466717,11,1349,Ver. SENIVAL MOURA (PT),Vereador
466717,12,1487,Ver. RICARDO TEIXEIRA (UNIÃO),Vereador
466717,13,1628,Ver. JAMIL MURAD (PC DO B),Vereador
466717,14,1633,Ver. SOUZA SANTOS (REPUBLICANOS),Vereador
466717,15,1635,Ver. DRA. SANDRA TADEU (PL),Vereador
466717,16,1928,Ver. RICARDO YOUNG (REDE),Vereador
466717,17,1967,Ver. VAVÁ (PT),Vereador
466717,18,1991,Ver. ARI FRIEDENBACH (PSOL),Vereador
466717,19,2002,Ver. CONTE LOPES (PP),Vereador
466717,20,2131,Ver. RODOLFO DESPACHANTE (UNIÃO),Vereador
467226,1,1,PREFEITURA DO MUNICÍPIO DE SÃO PAULO,Remetente
467841,1,1,PREFEITURA DO MUNICÍPIO DE SÃO PAULO,Remetente
467989,1,50478,LOGÍSTICA AMBIENTAL DE S. PAULO -LOGA,Remetente
468231,1,4,SECRETARIA MUNICIPAL DA SAÚDE,Remetente
468511,1,1931,Executivo - FERNANDO HADDAD,Promovente
468516,1,936,Ver. NABIL BONDUKI (PT),Vereador
469007,1,776,Ver. ELISEU GABRIEL (PSB),Vereador
470214,1,2159,Ver. RUTE COSTA (PL),Vereador
471184,1,1947,Ver. REIS (PT),Vereador
471184,2,2255,Ver. JOÃO ANANIAS (PT),Vereador
471302,1,2,SECRETARIA DO GOVERNO MUNICIPAL,Remetente
471305,1,2,SECRETARIA DO GOVERNO MUNICIPAL,Remetente
471313,1,2,SECRETARIA DO GOVERNO MUNICIPAL,Remetente
471630,1,47770,SINDICATO DOS TRABALHADORES EM ESTABELECIMENTOSDE EDUCAÇAO INFANTIL DO MUNICÍPIO DE SÃO PAULO,Remetente
471643,1,1,PREFEITURA DO MUNICÍPIO DE SÃO PAULO,Remetente
471712,1,69542,COOPERATIVA PAULISTA DE DANÇA,Remetente
471738,1,267,Ver. PAULO FRANGE (MDB),Vereador
479029,1,69576,ABVE - ASSOCIAÇÃO BRASILEIRA DO VEíCULO ELÉTRICO,Remetente
479176,1,1,PREFEITURA DO MUNICÍPIO DE SÃO PAULO,Remetente
479706,1,1,PREFEITURA DO MUNICÍPIO DE SÃO PAULO,Remetente
479710,1,1,PREFEITURA DO MUNICÍPIO DE SÃO PAULO,Remetente
479715,1,1,PREFEITURA DO MUNICÍPIO DE SÃO PAULO,Remetente
479729,1,1,PREFEITURA DO MUNICÍPIO DE SÃO PAULO,Remetente
479737,1,1,PREFEITURA DO MUNICÍPIO DE SÃO PAULO,Remetente
481348,1,1,PREFEITURA DO MUNICÍPIO DE SÃO PAULO,Remetente
481764,1,1,PREFEITURA DO MUNICÍPIO DE SÃO PAULO,Remetente
481769,1,1,PREFEITURA DO MUNICÍPIO DE SÃO PAULO,Remetente
481772,1,1,PREFEITURA DO MUNICÍPIO DE SÃO PAULO,Remetente
481837,1,1,PREFEITURA DO MUNICÍPIO DE SÃO PAULO,Remetente
481838,1,1,PREFEITURA DO MUNICÍPIO DE SÃO PAULO,Remetente
481840,1,1,PREFEITURA DO MUNICÍPIO DE SÃO PAULO,Remetente
481851,1,1,PREFEITURA DO MUNICÍPIO DE SÃO PAULO,Remetente
482139,1,69627,SINDILOJAS - SINDICATO DOS LOJISTAS DO COMÉRCIO DE SÃO PAULO,Remetente
482140,1,69627,SINDILOJAS - SINDICATO DOS LOJISTAS DO COMÉRCIO DE SÃO PAULO,Remetente
482178,1,1,PREFEITURA DO MUNICÍPIO DE SÃO PAULO,Remetente
482181,1,1,PREFEITURA DO MUNICÍPIO DE SÃO PAULO,Remetente
482185,1,1,PREFEITURA DO MUNICÍPIO DE SÃO PAULO,Remetente
482246,1,1,PREFEITURA DO MUNICÍPIO DE SÃO PAULO,Remetente
482262,1,1,PREFEITURA DO MUNICÍPIO DE SÃO PAULO,Remetente
482297,1,1,PREFEITURA DO MUNICÍPIO DE SÃO PAULO,Remetente
482298,1,1,PREFEITURA DO MUNICÍPIO DE SÃO PAULO,Remetente
482299,1,1,PREFEITURA DO MUNICÍPIO DE SÃO PAULO,Remetente
482339,1,1,PREFEITURA DO MUNICÍPIO DE SÃO PAULO,Remetente
482340,1,1,PREFEITURA DO MUNICÍPIO DE SÃO PAULO,Remetente
482492,1,1,PREFEITURA DO MUNICÍPIO DE SÃO PAULO,Remetente
482497,1,1,PREFEITURA DO MUNICÍPIO DE SÃO PAULO,Remetente
482499,1,1,PREFEITURA DO MUNICÍPIO DE SÃO PAULO,Remetente
482501,1,1,PREFEITURA DO MUNICÍPIO DE SÃO PAULO,Remetente
482557,1,1300,Ver. CLAUDINHO DE SOUZA (PODE),Vereador
482557,2,1999,Ver. PROFESSOR TONINHO VESPOLI (PSOL),Vereador
482654,1,2143,Ver. ALINE CARDOSO (PSDB),Vereador
482654,2,2224,Ver. SANDRA SANTANA (MDB),Vereador
482660,1,2143,Ver. ALINE CARDOSO (PSDB),Vereador
482660,2,2224,Ver. SANDRA SANTANA (MDB),Vereador
482666,1,2143,Ver. ALINE CARDOSO (PSDB),Vereador
482666,2,2224,Ver. SANDRA SANTANA (MDB),Vereador
482675,1,2143,Ver. ALINE CARDOSO (PSDB),Vereador
482675,2,2224,Ver. SANDRA SANTANA (MDB),Vereador
494833,1,2146,Ver. GILBERTO NASCIMENTO (PL),Vereador
494833,2,2150,Ver. ANDRÉ SANTOS (REPUBLICANOS),Vereador
494935,1,1,PREFEITURA DO MUNICÍPIO DE SÃO PAULO,Remetente
494938,1,1,PREFEITURA DO MUNICÍPIO DE SÃO PAULO,Remetente
495339,1,1,PREFEITURA DO MUNICÍPIO DE SÃO PAULO,Remetente
495518,1,69764,FÓRUM DAS REPRESENTAÇÕES DOS EMPREGADOS DAS EMPRESAS PÚBLICAS DE SÃO PAULO,Remetente
495521,1,1,PREFEITURA DO MUNICÍPIO DE SÃO PAULO,Remetente
495525,1,1,PREFEITURA DO MUNICÍPIO DE SÃO PAULO,Remetente
495945,1,1,PREFEITURA DO MUNICÍPIO DE SÃO PAULO,Remetente
496320,1,1,PREFEITURA DO MUNICÍPIO DE SÃO PAULO,Remetente
496660,1,1,PREFEITURA DO MUNICÍPIO DE SÃO PAULO,Remetente
496756,1,1,PREFEITURA DO MUNICÍPIO DE SÃO PAULO,Remetente
496758,1,1,PREFEITURA DO MUNICÍPIO DE SÃO PAULO,Remetente
496760,1,1,PREFEITURA DO MUNICÍPIO DE SÃO PAULO,Remetente
496762,1,1,PREFEITURA DO MUNICÍPIO DE SÃO PAULO,Remetente
496764,1,1,PREFEITURA DO MUNICÍPIO DE SÃO PAULO,Remetente
496765,1,1,PREFEITURA DO MUNICÍPIO DE SÃO PAULO,Remetente
496775,1,1,PREFEITURA DO MUNICÍPIO DE SÃO PAULO,Remetente
496790,1,776,Ver. ELISEU GABRIEL (PSB),Vereador
496803,1,1947,Ver. REIS (PT),Vereador
496803,2,2255,Ver. JOÃO ANANIAS (PT),Vereador
496909,1,1647,Ver. EDIR SALES (PSD),Vereador
496909,2,2153,Ver. RODRIGO GOULART (PSD),Vereador
496935,1,796,Ver. GILBERTO NATALINI (S/PARTIDO),Vereador
496935,2,224,Ver. AURÉLIO NOMURA (PSD),Vereador
496935,3,2210,Ver. ELY TERUEL (MDB),Vereador
496935,4,1999,Ver. PROFESSOR TONINHO VESPOLI (PSOL),Vereador
497412,1,796,Ver. GILBERTO NATALINI (S/PARTIDO),Vereador
497412,2,224,Ver. AURÉLIO NOMURA (PSD),Vereador
497412,3,1999,Ver. PROFESSOR TONINHO VESPOLI (PSOL),Vereador
497705,1,1,PREFEITURA DO MUNICÍPIO DE SÃO PAULO,Remetente
497708,1,1,PREFEITURA DO MUNICÍPIO DE SÃO PAULO,Remetente
497712,1,1,PREFEITURA DO MUNICÍPIO DE SÃO PAULO,Remetente
498143,1,1,PREFEITURA DO MUNICÍPIO DE SÃO PAULO,Remetente
498145,1,1,PREFEITURA DO MUNICÍPIO DE SÃO PAULO,Remetente
498146,1,1,PREFEITURA DO MUNICÍPIO DE SÃO PAULO,Remetente
498154,1,1,PREFEITURA DO MUNICÍPIO DE SÃO PAULO,Remetente
498586,1,1,PREFEITURA DO MUNICÍPIO DE SÃO PAULO,Remetente
498594,1,1,PREFEITURA DO MUNICÍPIO DE SÃO PAULO,Remetente
499018,1,2146,Ver. GILBERTO NASCIMENTO (PL),Vereador
499243,1,1349,Ver. SENIVAL MOURA (PT),Vereador
499711,1,1,PREFEITURA DO MUNICÍPIO DE SÃO PAULO,Remetente
499712,1,1,PREFEITURA DO MUNICÍPIO DE SÃO PAULO,Remetente
499716,1,1,PREFEITURA DO MUNICÍPIO DE SÃO PAULO,Remetente
499719,1,1,PREFEITURA DO MUNICÍPIO DE SÃO PAULO,Remetente
499783,1,1,PREFEITURA DO MUNICÍPIO DE SÃO PAULO,Remetente
499785,1,1,PREFEITURA DO MUNICÍPIO DE SÃO PAULO,Remetente
499786,1,1,PREFEITURA DO MUNICÍPIO DE SÃO PAULO,Remetente
499787,1,1,PREFEITURA DO MUNICÍPIO DE SÃO PAULO,Remetente
499793,1,1,PREFEITURA DO MUNICÍPIO DE SÃO PAULO,Remetente
500094,1,1,PREFEITURA DO MUNICÍPIO DE SÃO PAULO,Remetente
500105,1,1,PREFEITURA DO MUNICÍPIO DE SÃO PAULO,Remetente
500109,1,13,SECRETARIA MUNICIPAL DE MOBILIDADE E TRANSPORTES,Remetente
500166,1,1,PREFEITURA DO MUNICÍPIO DE SÃO PAULO,Remetente
500372,1,1,PREFEITURA DO MUNICÍPIO DE SÃO PAULO,Remetente
500373,1,1,PREFEITURA DO MUNICÍPIO DE SÃO PAULO,Remetente
500531,1,13,SECRETARIA MUNICIPAL DE MOBILIDADE E TRANSPORTES,Remetente
500576,1,1,PREFEITURA DO MUNICÍPIO DE SÃO PAULO,Remetente
500812,1,160,Ver. EDUARDO MATARAZZO SUPLICY (PT),Vereador
500812,2,1999,Ver. PROFESSOR TONINHO VESPOLI (PSOL),Vereador
500812,3,2254,Ver. LUNA ZARATTINI (PT),Vereador
500869,1,2001,Ver. JAIR TATTO (PT),Vereador
501247,1,4022,SINDICATO DOS ESPECIALISTAS DE EDUCAÇÃO DO ENSINO PÚBLICO MUNICIPAL DE SÃO PAULO - SINESP,Remetente
501369,1,57,TRIBUNAL DE CONTAS DO MUNICÍPIO DE SÃO PAULO,Remetente
501740,1,70013,FARÁG ADVOGADOS ASSOCIADOS,Remetente
501742,1,4985,FEDERAÇÃO DAS ASSOCIAÇÕES SIND. E PROFISSIONAISDE SERVIDORES DA PREFEITURA DO MUNICIPIO DE S.P.,Remetente
501846,1,1,PREFEITURA DO MUNICÍPIO DE SÃO PAULO,Remetente
501850,1,4985,FEDERAÇÃO DAS ASSOCIAÇÕES SIND. E PROFISSIONAISDE SERVIDORES DA PREFEITURA DO MUNICIPIO DE S.P.,Remetente
501854,1,70043,FEDERAÇÃO BRASILEIRA DE ASSOCIAÇÕES DE FISCAIS DE TRIBUTOS ESTADUAIS,Remetente
501856,1,13,SECRETARIA MUNICIPAL DE MOBILIDADE E TRANSPORTES,Remetente
502062,1,1,PREFEITURA DO MUNICÍPIO DE SÃO PAULO,Remetente
502075,1,1,PREFEITURA DO MUNICÍPIO DE SÃO PAULO,Remetente
502184,1,1,PREFEITURA DO MUNICÍPIO DE SÃO PAULO,Remetente
502198,1,57,TRIBUNAL DE CONTAS DO MUNICÍPIO DE SÃO PAULO,Remetente
503443,1,1996,Ver. EDUARDO TUMA (PSDB),Vereador
503443,2,1990,Ver. RICARDO NUNES (MDB),Vereador
503443,3,2147,Ver. ISAC FÉLIX (PL),Vereador
503443,4,2000,Ver. ALESSANDRO GUEDES (PT),Vereador
503443,5,1296,Ver. ADILSON AMADEU (UNIÃO),Vereador
503443,6,2155,Ver. JANAÍNA LIMA (PP),Vereador
503443,7,2153,Ver. RODRIGO GOULART (PSD),Vereador
503443,8,2219,Ver. MARCELO MESSIAS (MDB),Vereador
503793,1,1,PREFEITURA DO MUNICÍPIO DE SÃO PAULO,Remetente
503794,1,1,PREFEITURA DO MUNICÍPIO DE SÃO PAULO,Remetente
503796,1,1,PREFEITURA DO MUNICÍPIO DE SÃO PAULO,Remetente
504122,1,57,TRIBUNAL DE CONTAS DO MUNICÍPIO DE SÃO PAULO,Remetente
504415,1,1,PREFEITURA DO MUNICÍPIO DE SÃO PAULO,Remetente
504481,1,70114,CONSELHO TUTELAR JOSÉ BONIFÁCIO,Remetente
504860,1,1635,Ver. DRA. SANDRA TADEU (PL),Vereador
504863,1,155,Ver. ARSELINO TATTO (PT),Vereador
504863,2,2146,Ver. GILBERTO NASCIMENTO (PL),Vereador
505087,1,1,PREFEITURA DO MUNICÍPIO DE SÃO PAULO,Remetente
505116,1,1,PREFEITURA DO MUNICÍPIO DE SÃO PAULO,Remetente
505118,1,1,PREFEITURA DO MUNICÍPIO DE SÃO PAULO,Remetente
505126,1,66251,CONTROLADORIA GERAL DO MUNICÍPIO,Remetente
505362,1,70145,"APRESPI-Associação de Prevenção, Atendimento Especializado e Inclusão da Pessoa com Deficiência",Remetente
505399,1,70160,ASSOCIAÇÃO BRASILEIRA DE PIROTECNIA-ASSOBRAPI,Remetente
505545,1,2147,Ver. ISAC FÉLIX (PL),Vereador
505631,1,2001,Ver. JAIR TATTO (PT),Vereador
505631,2,1999,Ver. PROFESSOR TONINHO VESPOLI (PSOL),Vereador
505642,1,2148,Ver. SÂMIA BOMFIM (PSOL),Vereador
505642,2,2205,Ver. LUANA ALVES (PSOL),Vereador
505823,1,1,PREFEITURA DO MUNICÍPIO DE SÃO PAULO,Remetente
505826,1,1,PREFEITURA DO MUNICÍPIO DE SÃO PAULO,Remetente
505827,1,1,PREFEITURA DO MUNICÍPIO DE SÃO PAULO,Remetente
505969,1,1,PREFEITURA DO MUNICÍPIO DE SÃO PAULO,Remetente
505970,1,1,PREFEITURA DO MUNICÍPIO DE SÃO PAULO,Remetente
505971,1,1,PREFEITURA DO MUNICÍPIO DE SÃO PAULO,Remetente
506078,1,1,PREFEITURA DO MUNICÍPIO DE SÃO PAULO,Remetente
507113,1,1,PREFEITURA DO MUNICÍPIO DE SÃO PAULO,Remetente
507114,1,1,PREFEITURA DO MUNICÍPIO DE SÃO PAULO,Remetente
507185,1,1,PREFEITURA DO MUNICÍPIO DE SÃO PAULO,Remetente
507221,1,1,PREFEITURA DO MUNICÍPIO DE SÃO PAULO,Remetente
507222,1,1,PREFEITURA DO MUNICÍPIO DE SÃO PAULO,Remetente
507223,1,1,PREFEITURA DO MUNICÍPIO DE SÃO PAULO,Remetente
507224,1,1,PREFEITURA DO MUNICÍPIO DE SÃO PAULO,Remetente
507245,1,57,TRIBUNAL DE CONTAS DO MUNICÍPIO DE SÃO PAULO,Remetente
507272,1,1,PREFEITURA DO MUNICÍPIO DE SÃO PAULO,Remetente
507277,1,1,PREFEITURA DO MUNICÍPIO DE SÃO PAULO,Remetente
507411,1,2159,Ver. RUTE COSTA (PL),Vereador
507424,1,2159,Ver. RUTE COSTA (PL),Vereador
507424,2,2250,Ver. CORONEL SALLES (PSD),Vereador
507883,1,1,PREFEITURA DO MUNICÍPIO DE SÃO PAULO,Remetente
507962,1,1311,Ver. ANTONIO DONATO (PT),Vereador
507962,2,2001,Ver. JAIR TATTO (PT),Vereador
507962,3,1999,Ver. PROFESSOR TONINHO VESPOLI (PSOL),Vereador
507962,4,2254,Ver. LUNA ZARATTINI (PT),Vereador
508421,1,1635,Ver. DRA. SANDRA TADEU (PL),Vereador
508423,1,1635,Ver. DRA. SANDRA TADEU (PL),Vereador
508426,1,2001,Ver. JAIR TATTO (PT),Vereador
508597,1,70214,JUPIRA CAUHY,Remetente
508599,1,70214,JUPIRA CAUHY,Remetente
508600,1,70214,JUPIRA CAUHY,Remetente
508605,1,1,PREFEITURA DO MUNICÍPIO DE SÃO PAULO,Remetente
509175,1,135,SÃO PAULO TRANSPORTE S.A. - SPTrans,Remetente
509395,1,1,PREFEITURA DO MUNICÍPIO DE SÃO PAULO,Remetente
509396,1,1,PREFEITURA DO MUNICÍPIO DE SÃO PAULO,Remetente
509500,1,70049,SECRETARIA DA CASA CIVIL MUNICIPAL,Remetente
509531,1,6101,AUTORIDADE MUNICIPAL DE LIMPEZA URBANA - AMLURB,Remetente
509540,1,70248,CONSELHO DE ALIMENTAÇÃO ESCOLAR DA CIDADE DE SÃO PAULO,Remetente
509669,1,1947,Ver. REIS (PT),Vereador
509669,2,2255,Ver. JOÃO ANANIAS (PT),Vereador
509669,3,776,Ver. ELISEU GABRIEL (PSB),Vereador
509679,1,2148,Ver. SÂMIA BOMFIM (PSOL),Vereador
509679,2,2205,Ver. LUANA ALVES (PSOL),Vereador
509679,3,1999,Ver. PROFESSOR TONINHO VESPOLI (PSOL),Vereador
509687,1,268,Ver. DALTON SILVANO (UNIÃO),Vereador
509687,2,273,Ver. MILTON LEITE (UNIÃO),Vereador
509706,1,796,Ver. GILBERTO NATALINI (S/PARTIDO),Vereador
509706,2,2149,Ver. DANIEL ANNENBERG (PSB),Vereador
509706,3,224,Ver. AURÉLIO NOMURA (PSD),Vereador
509706,4,2222,Ver. CRIS MONTEIRO (NOVO),Vereador
509715,1,2169,Executivo - BRUNO COVAS,Promovente
510041,1,1,PREFEITURA DO MUNICÍPIO DE SÃO PAULO,Remetente
510042,1,1,PREFEITURA DO MUNICÍPIO DE SÃO PAULO,Remetente
510901,1,2159,Ver. RUTE COSTA (PL),Vereador
510901,2,2145,Ver. FERNANDO HOLIDAY (PL),Vereador
510953,1,46503,CONSELHO MUNICIPAL DE ASSISTÊNCIA SOCIAL,Remetente
511087,1,2148,Ver. SÂMIA BOMFIM (PSOL),Vereador
511087,2,160,Ver. EDUARDO MATARAZZO SUPLICY (PT),Vereador
511087,3,2185,Ver. CELSO GIANNAZI (PSOL),Vereador
511087,4,1999,Ver. PROFESSOR TONINHO VESPOLI (PSOL),Vereador
511087,5,1634,Ver. JULIANA CARDOSO (PT),Vereador
511087,6,1932,Ver. MARIO COVAS NETO (PODE),Vereador
511087,7,2001,Ver. JAIR TATTO (PT),Vereador
511087,8,2206,Ver. SILVIA DA BANCADA FEMINISTA (PSOL),Vereador
511087,9,2254,Ver. LUNA ZARATTINI (PT),Vereador
511398,1,1,PREFEITURA DO MUNICÍPIO DE SÃO PAULO,Remetente
511400,1,1,PREFEITURA DO MUNICÍPIO DE SÃO PAULO,Remetente
511645,1,13,SECRETARIA MUNICIPAL DE MOBILIDADE E TRANSPORTES,Remetente
511646,1,13,SECRETARIA MUNICIPAL DE MOBILIDADE E TRANSPORTES,Remetente
511647,1,13,SECRETARIA MUNICIPAL DE MOBILIDADE E TRANSPORTES,Remetente
511648,1,13,SECRETARIA MUNICIPAL DE MOBILIDADE E TRANSPORTES,Remetente
511649,1,13,SECRETARIA MUNICIPAL DE MOBILIDADE E TRANSPORTES,Remetente
511650,1,13,SECRETARIA MUNICIPAL DE MOBILIDADE E TRANSPORTES,Remetente
511906,1,2153,Ver. RODRIGO GOULART (PSD),Vereador
511906,2,2218,Ver. THAMMY MIRANDA (PSD),Vereador
511908,1,2169,Executivo - BRUNO COVAS,Promovente
512222,1,1,PREFEITURA DO MUNICÍPIO DE SÃO PAULO,Remetente
512431,1,67593,FUNDAÇÃO THEATRO MUNICIPAL,Remetente
512691,1,1,PREFEITURA DO MUNICÍPIO DE SÃO PAULO,Remetente
513105,1,4,SECRETARIA MUNICIPAL DA SAÚDE,Remetente
513387,1,1647,Ver. EDIR SALES (PSD),Vereador
513540,1,1,PREFEITURA DO MUNICÍPIO DE SÃO PAULO,Remetente
514024,1,1296,Ver. ADILSON AMADEU (UNIÃO),Vereador
514028,1,2185,Ver. CELSO GIANNAZI (PSOL),Vereador
514126,1,2143,Ver. ALINE CARDOSO (PSDB),Vereador
514126,2,2224,Ver. SANDRA SANTANA (MDB),Vereador
514131,1,1990,Ver. RICARDO NUNES (MDB),Vereador
514131,2,2219,Ver. MARCELO MESSIAS (MDB),Vereador
514132,1,2159,Ver. RUTE COSTA (PL),Vereador
514211,1,2185,Ver. CELSO GIANNAZI (PSOL),Vereador
514228,1,2185,Ver. CELSO GIANNAZI (PSOL),Vereador
514514,1,2185,Ver. CELSO GIANNAZI (PSOL),Vereador
514532,1,1990,Ver. RICARDO NUNES (MDB),Vereador
514532,2,2219,Ver. MARCELO MESSIAS (MDB),Vereador
514674,1,1487,Ver. RICARDO TEIXEIRA (UNIÃO),Vereador
514674,2,2150,Ver. ANDRÉ SANTOS (REPUBLICANOS),Vereador
514677,1,1635,Ver. DRA. SANDRA TADEU (PL),Vereador
514739,1,1999,Ver. PROFESSOR TONINHO VESPOLI (PSOL),Vereador
516117,1,2185,Ver. CELSO GIANNAZI (PSOL),Vereador
516123,1,1487,Ver. RICARDO TEIXEIRA (UNIÃO),Vereador
516123,2,2243,Ver. DR. ADRIANO SANTOS (PT),Vereador
516146,1,2169,Executivo - BRUNO COVAS,Promovente
516176,1,1487,Ver. RICARDO TEIXEIRA (UNIÃO),Vereador
516393,1,1,PREFEITURA DO MUNICÍPIO DE SÃO PAULO,Remetente
516397,1,1,PREFEITURA DO MUNICÍPIO DE SÃO PAULO,Remetente
516398,1,1,PREFEITURA DO MUNICÍPIO DE SÃO PAULO,Remetente
516459,1,2185,Ver. CELSO GIANNAZI (PSOL),Vereador
517753,1,2159,Ver. RUTE COSTA (PL),Vereador
517753,2,1647,Ver. EDIR SALES (PSD),Vereador
517753,3,2155,Ver. JANAÍNA LIMA (PP),Vereador
517753,4,676,Ver. ATÍLIO FRANCISCO (REPUBLICANOS),Vereador
517767,1,2185,Ver. CELSO GIANNAZI (PSOL),Vereador
517778,1,155,Ver. ARSELINO TATTO (PT),Vereador
517778,2,1999,Ver. PROFESSOR TONINHO VESPOLI (PSOL),Vereador
518218,1,2159,Ver. RUTE COSTA (PL),Vereador
518218,2,1647,Ver. EDIR SALES (PSD),Vereador
518497,1,1999,Ver. PROFESSOR TONINHO VESPOLI (PSOL),Vereador
518497,2,776,Ver. ELISEU GABRIEL (PSB),Vereador
519457,1,1947,Ver. REIS (PT),Vereador
519457,2,2255,Ver. JOÃO ANANIAS (PT),Vereador
522295,1,1996,Ver. EDUARDO TUMA (PSDB),Vereador
522295,2,2152,Ver. RINALDI DIGILIO (UNIÃO),Vereador
522295,3,2146,Ver. GILBERTO NASCIMENTO (PL),Vereador
522401,1,1635,Ver. DRA. SANDRA TADEU (PL),Vereador
522814,1,1947,Ver. REIS (PT),Vereador
522814,2,2255,Ver. JOÃO ANANIAS (PT),Vereador
522830,1,1947,Ver. REIS (PT),Vereador
522830,2,2255,Ver. JOÃO ANANIAS (PT),Vereador
522832,1,2147,Ver. ISAC FÉLIX (PL),Vereador
523358,1,776,Ver. ELISEU GABRIEL (PSB),Vereador
523506,1,2147,Ver. ISAC FÉLIX (PL),Vereador
523696,1,1349,Ver. SENIVAL MOURA (PT),Vereador
523753,1,2159,Ver. RUTE COSTA (PL),Vereador
523864,1,2147,Ver. ISAC FÉLIX (PL),Vereador
523864,2,2218,Ver. THAMMY MIRANDA (PSD),Vereador
523971,1,1947,Ver. REIS (PT),Vereador
523971,2,2255,Ver. JOÃO ANANIAS (PT),Vereador
524151,1,1999,Ver. PROFESSOR TONINHO VESPOLI (PSOL),Vereador
524191,1,1635,Ver. DRA. SANDRA TADEU (PL),Vereador
524223,1,267,Ver. PAULO FRANGE (MDB),Vereador
524584,1,1487,Ver. RICARDO TEIXEIRA (UNIÃO),Vereador
524638,1,2147,Ver. ISAC FÉLIX (PL),Vereador
524806,1,2001,Ver. JAIR TATTO (PT),Vereador
524975,1,2001,Ver. JAIR TATTO (PT),Vereador
525160,1,1989,Ver. GEORGE HATO (MDB),Vereador
525257,1,1989,Ver. GEORGE HATO (MDB),Vereador
525552,1,1,PREFEITURA DO MUNICÍPIO DE SÃO PAULO,Remetente
525641,1,2147,Ver. ISAC FÉLIX (PL),Vereador
525641,2,2155,Ver. JANAÍNA LIMA (PP),Vereador
525950,1,1635,Ver. DRA. SANDRA TADEU (PL),Vereador
526130,1,676,Ver. ATÍLIO FRANCISCO (REPUBLICANOS),Vereador
526220,1,1487,Ver. RICARDO TEIXEIRA (UNIÃO),Vereador
526243,1,2185,Ver. CELSO GIANNAZI (PSOL),Vereador
526365,1,776,Ver. ELISEU GABRIEL (PSB),Vereador
526608,1,2001,Ver. JAIR TATTO (PT),Vereador
526658,1,1999,Ver. PROFESSOR TONINHO VESPOLI (PSOL),Vereador
526770,1,2169,Executivo - BRUNO COVAS,Promovente
526802,1,2150,Ver. ANDRÉ SANTOS (REPUBLICANOS),Vereador
526907,1,1989,Ver. GEORGE HATO (MDB),Vereador
526915,1,2001,Ver. JAIR TATTO (PT),Vereador
527508,1,1296,Ver. ADILSON AMADEU (UNIÃO),Vereador
527513,1,2185,Ver. CELSO GIANNAZI (PSOL),Vereador
527522,1,1999,Ver. PROFESSOR TONINHO VESPOLI (PSOL),Vereador
527783,1,2159,Ver. RUTE COSTA (PL),Vereador
528206,1,1349,Ver. SENIVAL MOURA (PT),Vereador
528206,2,2219,Ver. MARCELO MESSIAS (MDB),Vereador
528217,1,1349,Ver. SENIVAL MOURA (PT),Vereador
528217,2,2254,Ver. LUNA ZARATTINI (PT),Vereador
528296,1,2001,Ver. JAIR TATTO (PT),Vereador
528405,1,2001,Ver. JAIR TATTO (PT),Vereador
528481,1,1349,Ver. SENIVAL MOURA (PT),Vereador
528536,1,2185,Ver. CELSO GIANNAZI (PSOL),Vereador
528695,1,160,Ver. EDUARDO MATARAZZO SUPLICY (PT),Vereador
528695,2,2207,Ver. ERIKA HILTON (PSOL),Vereador
528695,3,2254,Ver. LUNA ZARATTINI (PT),Vereador
528727,1,1311,Ver. ANTONIO DONATO (PT),Vereador
528727,2,1999,Ver. PROFESSOR TONINHO VESPOLI (PSOL),Vereador
528735,1,2185,Ver. CELSO GIANNAZI (PSOL),Vereador
528978,1,796,Ver. GILBERTO NATALINI (S/PARTIDO),Vereador
528978,2,224,Ver. AURÉLIO NOMURA (PSD),Vereador
528978,3,1999,Ver. PROFESSOR TONINHO VESPOLI (PSOL),Vereador
528978,4,2228,Ver. RENATA FALZONI (PSB),Vereador
528978,5,2278,Ver. KEIT LIMA (PSOL),Vereador
529041,1,776,Ver. ELISEU GABRIEL (PSB),Vereador
529153,1,1635,Ver. DRA. SANDRA TADEU (PL),Vereador
529154,1,1635,Ver. DRA. SANDRA TADEU (PL),Vereador
529154,2,2224,Ver. SANDRA SANTANA (MDB),Vereador
529159,1,2146,Ver. GILBERTO NASCIMENTO (PL),Vereador
529211,1,1989,Ver. GEORGE HATO (MDB),Vereador
529212,1,1989,Ver. GEORGE HATO (MDB),Vereador
529264,1,1487,Ver. RICARDO TEIXEIRA (UNIÃO),Vereador
529264,2,2150,Ver. ANDRÉ SANTOS (REPUBLICANOS),Vereador
529270,1,2185,Ver. CELSO GIANNAZI (PSOL),Vereador
529322,1,1996,Ver. EDUARDO TUMA (PSDB),Vereador
529322,2,2152,Ver. RINALDI DIGILIO (UNIÃO),Vereador
529322,3,2146,Ver. GILBERTO NASCIMENTO (PL),Vereador
529338,1,796,Ver. GILBERTO NATALINI (S/PARTIDO),Vereador
529338,2,2149,Ver. DANIEL ANNENBERG (PSB),Vereador
529338,3,224,Ver. AURÉLIO NOMURA (PSD),Vereador
529338,4,1999,Ver. PROFESSOR TONINHO VESPOLI (PSOL),Vereador
529338,5,2219,Ver. MARCELO MESSIAS (MDB),Vereador
529338,6,676,Ver. ATÍLIO FRANCISCO (REPUBLICANOS),Vereador
529346,1,2159,Ver. RUTE COSTA (PL),Vereador
529347,1,2159,Ver. RUTE COSTA (PL),Vereador
529347,2,2150,Ver. ANDRÉ SANTOS (REPUBLICANOS),Vereador
529351,1,2152,Ver. RINALDI DIGILIO (UNIÃO),Vereador
529351,2,2146,Ver. GILBERTO NASCIMENTO (PL),Vereador
529415,1,220,Ver. TONINHO PAIVA (PL),Vereador
529415,2,2147,Ver. ISAC FÉLIX (PL),Vereador
529586,1,3377,SINDICATO DOS TRABALHADORES NA ADMINISTRAÇÃO PUBLICA E AUTARQUIAS NO MUNICÍPIO DE SÃO PAULO,Remetente
529721,1,187,Ver. GILSON BARRETO (MDB),Vereador
529721,2,1999,Ver. PROFESSOR TONINHO VESPOLI (PSOL),Vereador
529756,1,1487,Ver. RICARDO TEIXEIRA (UNIÃO),Vereador
529756,2,1999,Ver. PROFESSOR TONINHO VESPOLI (PSOL),Vereador
529757,1,1487,Ver. RICARDO TEIXEIRA (UNIÃO),Vereador
529782,1,1311,Ver. ANTONIO DONATO (PT),Vereador
529782,2,1999,Ver. PROFESSOR TONINHO VESPOLI (PSOL),Vereador
529805,1,2001,Ver. JAIR TATTO (PT),Vereador
530076,1,2185,Ver. CELSO GIANNAZI (PSOL),Vereador
530356,1,2147,Ver. ISAC FÉLIX (PL),Vereador
530422,1,224,Ver. AURÉLIO NOMURA (PSD),Vereador
530422,2,2145,Ver. FERNANDO HOLIDAY (PL),Vereador
530422,3,1326,Ver. QUITO FORMIGA (PSDB),Vereador
530422,4,187,Ver. GILSON BARRETO (MDB),Vereador
530422,5,1998,Ver. PATRÍCIA BEZERRA (PSDB),Vereador
530422,6,1305,Ver. POLICE (PSD),Vereador
530422,7,2155,Ver. JANAÍNA LIMA (PP),Vereador
530422,8,1635,Ver. DRA. SANDRA TADEU (PL),Vereador
530422,9,796,Ver. GILBERTO NATALINI (S/PARTIDO),Vereador
530422,10,2156,Ver. CAIO MIRANDA CARNEIRO (UNIÃO),Vereador
530422,11,1447,Ver. ALFREDINHO (PT),Vereador
530422,12,2152,Ver. RINALDI DIGILIO (UNIÃO),Vereador
530422,13,1947,Ver. REIS (PT),Vereador
530422,14,1990,Ver. RICARDO NUNES (MDB),Vereador
530422,15,267,Ver. PAULO FRANGE (MDB),Vereador
530422,16,2000,Ver. ALESSANDRO GUEDES (PT),Vereador
530422,17,2219,Ver. MARCELO MESSIAS (MDB),Vereador
530422,18,2153,Ver. RODRIGO GOULART (PSD),Vereador
530422,19,2214,Ver. RUBINHO NUNES (UNIÃO),Vereador
530463,1,2144,Ver. FABIO RIVA (MDB),Vereador
530467,1,2153,Ver. RODRIGO GOULART (PSD),Vereador
530514,1,2169,Executivo - BRUNO COVAS,Promovente
530532,1,268,Ver. DALTON SILVANO (UNIÃO),Vereador
530532,2,2000,Ver. ALESSANDRO GUEDES (PT),Vereador
530532,3,1447,Ver. ALFREDINHO (PT),Vereador
530532,4,1311,Ver. ANTONIO DONATO (PT),Vereador
530532,5,155,Ver. ARSELINO TATTO (PT),Vereador
530532,6,224,Ver. AURÉLIO NOMURA (PSD),Vereador
530532,7,160,Ver. EDUARDO MATARAZZO SUPLICY (PT),Vereador
530532,8,2144,Ver. FABIO RIVA (MDB),Vereador
530532,9,2001,Ver. JAIR TATTO (PT),Vereador
530532,10,1305,Ver. POLICE (PSD),Vereador
530532,11,1634,Ver. JULIANA CARDOSO (PT),Vereador
530532,12,1947,Ver. REIS (PT),Vereador
530532,13,1635,Ver. DRA. SANDRA TADEU (PL),Vereador
530532,14,1349,Ver. SENIVAL MOURA (PT),Vereador
530533,1,1349,Ver. SENIVAL MOURA (PT),Vereador
530534,1,1349,Ver. SENIVAL MOURA (PT),Vereador
530535,1,1349,Ver. SENIVAL MOURA (PT),Vereador
530650,1,896,Ver. CLAUDIO FONSECA (CIDADANIA),Vereador
530650,2,1319,Ver. SONINHA FRANCINE (CIDADANIA),Vereador
530650,3,160,Ver. EDUARDO MATARAZZO SUPLICY (PT),Vereador
530650,4,1305,Ver. POLICE (PSD),Vereador
530650,5,1998,Ver. PATRÍCIA BEZERRA (PSDB),Vereador
530650,6,2142,Ver. ADRIANA RAMALHO (PSDB),Vereador
530650,7,2145,Ver. FERNANDO HOLIDAY (PL),Vereador
530650,8,2150,Ver. ANDRÉ SANTOS (REPUBLICANOS),Vereador
530650,9,2153,Ver. RODRIGO GOULART (PSD),Vereador
530650,10,2155,Ver. JANAÍNA LIMA (PP),Vereador
530650,11,2149,Ver. DANIEL ANNENBERG (PSB),Vereador
530755,1,1647,Ver. EDIR SALES (PSD),Vereador
530757,1,1635,Ver. DRA. SANDRA TADEU (PL),Vereador
530788,1,2001,Ver. JAIR TATTO (PT),Vereador
530853,1,1,PREFEITURA DO MUNICÍPIO DE SÃO PAULO,Remetente
531175,1,2185,Ver. CELSO GIANNAZI (PSOL),Vereador
531204,1,2000,Ver. ALESSANDRO GUEDES (PT),Vereador
531305,1,2185,Ver. CELSO GIANNAZI (PSOL),Vereador
531740,1,1999,Ver. PROFESSOR TONINHO VESPOLI (PSOL),Vereador
532351,1,1635,Ver. DRA. SANDRA TADEU (PL),Vereador
532352,1,268,Ver. DALTON SILVANO (UNIÃO),Vereador
532352,2,2144,Ver. FABIO RIVA (MDB),Vereador
532514,1,1647,Ver. EDIR SALES (PSD),Vereador
532743,1,2146,Ver. GILBERTO NASCIMENTO (PL),Vereador
532743,2,2153,Ver. RODRIGO GOULART (PSD),Vereador
532813,1,1635,Ver. DRA. SANDRA TADEU (PL),Vereador
532813,2,1487,Ver. RICARDO TEIXEIRA (UNIÃO),Vereador
532813,3,2218,Ver. THAMMY MIRANDA (PSD),Vereador
533104,1,2152,Ver. RINALDI DIGILIO (UNIÃO),Vereador
533104,2,2219,Ver. MARCELO MESSIAS (MDB),Vereador
533573,1,2000,Ver. ALESSANDRO GUEDES (PT),Vereador
534341,1,2185,Ver. CELSO GIANNAZI (PSOL),Vereador
535097,1,1996,Ver. EDUARDO TUMA (PSDB),Vereador
535097,2,2155,Ver. JANAÍNA LIMA (PP),Vereador
535097,3,2152,Ver. RINALDI DIGILIO (UNIÃO),Vereador
535097,4,2146,Ver. GILBERTO NASCIMENTO (PL),Vereador
536014,1,1647,Ver. EDIR SALES (PSD),Vereador
536014,2,2281,Ver. SIMONE GANEM (PODE),Vereador
536144,1,1634,Ver. JULIANA CARDOSO (PT),Vereador
536144,2,2254,Ver. LUNA ZARATTINI (PT),Vereador
536476,1,1999,Ver. PROFESSOR TONINHO VESPOLI (PSOL),Vereador
536479,1,1999,Ver. PROFESSOR TONINHO VESPOLI (PSOL),Vereador
537255,1,2146,Ver. GILBERTO NASCIMENTO (PL),Vereador
537257,1,1999,Ver. PROFESSOR TONINHO VESPOLI (PSOL),Vereador
537338,1,2159,Ver. RUTE COSTA (PL),Vereador
537988,1,2146,Ver. GILBERTO NASCIMENTO (PL),Vereador
538453,1,796,Ver. GILBERTO NATALINI (S/PARTIDO),Vereador
538453,2,224,Ver. AURÉLIO NOMURA (PSD),Vereador
538453,3,1999,Ver. PROFESSOR TONINHO VESPOLI (PSOL),Vereador
539189,1,2185,Ver. CELSO GIANNAZI (PSOL),Vereador
539550,1,2147,Ver. ISAC FÉLIX (PL),Vereador
539903,1,155,Ver. ARSELINO TATTO (PT),Vereador
539903,2,2001,Ver. JAIR TATTO (PT),Vereador
539937,1,1647,Ver. EDIR SALES (PSD),Vereador
541215,1,1999,Ver. PROFESSOR TONINHO VESPOLI (PSOL),Vereador
541354,1,1647,Ver. EDIR SALES (PSD),Vereador
541356,1,1647,Ver. EDIR SALES (PSD),Vereador
542036,1,2146,Ver. GILBERTO NASCIMENTO (PL),Vereador
542037,1,2146,Ver. GILBERTO NASCIMENTO (PL),Vereador
542739,1,1634,Ver. JULIANA CARDOSO (PT),Vereador
542739,2,2254,Ver. LUNA ZARATTINI (PT),Vereador
542850,1,1634,Ver. JULIANA CARDOSO (PT),Vereador
542850,2,2254,Ver. LUNA ZARATTINI (PT),Vereador
543065,1,1296,Ver. ADILSON AMADEU (UNIÃO),Vereador
543178,1,2154,Ver. CAMILO CRISTÓFARO (AVANTE),Vereador
543178,2,1296,Ver. ADILSON AMADEU (UNIÃO),Vereador
543404,1,1647,Ver. EDIR SALES (PSD),Vereador
543526,1,1487,Ver. RICARDO TEIXEIRA (UNIÃO),Vereador
543526,2,2214,Ver. RUBINHO NUNES (UNIÃO),Vereador
543526,3,2268,Ver. AMANDA VETTORAZZO (UNIÃO),Vereador
543584,1,776,Ver. ELISEU GABRIEL (PSB),Vereador
543608,1,2147,Ver. ISAC FÉLIX (PL),Vereador
543608,2,2278,Ver. KEIT LIMA (PSOL),Vereador
543874,1,1635,Ver. DRA. SANDRA TADEU (PL),Vereador
544502,1,2185,Ver. CELSO GIANNAZI (PSOL),Vereador
544637,1,2185,Ver. CELSO GIANNAZI (PSOL),Vereador
544702,1,2185,Ver. CELSO GIANNAZI (PSOL),Vereador
544724,1,2185,Ver. CELSO GIANNAZI (PSOL),Vereador
545521,1,1947,Ver. REIS (PT),Vereador
545521,2,2255,Ver. JOÃO ANANIAS (PT),Vereador
545522,1,1947,Ver. REIS (PT),Vereador
545522,2,2255,Ver. JOÃO ANANIAS (PT),Vereador
546785,1,776,Ver. ELISEU GABRIEL (PSB),Vereador
546975,1,796,Ver. GILBERTO NATALINI (S/PARTIDO),Vereador
546975,2,224,Ver. AURÉLIO NOMURA (PSD),Vereador
546975,3,1296,Ver. ADILSON AMADEU (UNIÃO),Vereador
547451,1,2147,Ver. ISAC FÉLIX (PL),Vereador
547451,2,2150,Ver. ANDRÉ SANTOS (REPUBLICANOS),Vereador
547453,1,2147,Ver. ISAC FÉLIX (PL),Vereador
547453,2,2153,Ver. RODRIGO GOULART (PSD),Vereador
547453,3,2224,Ver. SANDRA SANTANA (MDB),Vereador
547624,1,1996,Ver. EDUARDO TUMA (PSDB),Vereador
547624,2,2219,Ver. MARCELO MESSIAS (MDB),Vereador
547624,3,2152,Ver. RINALDI DIGILIO (UNIÃO),Vereador
547624,4,2273,Ver. DR. MURILLO LIMA (PP),Vereador
547626,1,1996,Ver. EDUARDO TUMA (PSDB),Vereador
547626,2,2219,Ver. MARCELO MESSIAS (MDB),Vereador
547829,1,1635,Ver. DRA. SANDRA TADEU (PL),Vereador
547919,1,2147,Ver. ISAC FÉLIX (PL),Vereador
549686,1,220,Ver. TONINHO PAIVA (PL),Vereador
549686,2,1296,Ver. ADILSON AMADEU (UNIÃO),Vereador
549922,1,2185,Ver. CELSO GIANNAZI (PSOL),Vereador
549924,1,1634,Ver. JULIANA CARDOSO (PT),Vereador
549924,2,2256,Ver. HÉLIO RODRIGUES (PT),Vereador
551176,1,1636,Ver. DR. MILTON FERREIRA (PODE),Vereador
552105,1,2155,Ver. JANAÍNA LIMA (PP),Vereador
552105,2,2222,Ver. CRIS MONTEIRO (NOVO),Vereador
552864,1,1487,Ver. RICARDO TEIXEIRA (UNIÃO),Vereador
552871,1,2185,Ver. CELSO GIANNAZI (PSOL),Vereador
553551,1,1990,Ver. RICARDO NUNES (MDB),Vereador
553551,2,2219,Ver. MARCELO MESSIAS (MDB),Vereador
554038,1,1990,Ver. RICARDO NUNES (MDB),Vereador
554038,2,2219,Ver. MARCELO MESSIAS (MDB),Vereador
556589,1,2216,Ver. SONAIRA FERNANDES (PL),Vereador
556589,2,2217,Ver. SANSÃO PEREIRA (REPUBLICANOS),Vereador
558393,1,2185,Ver. CELSO GIANNAZI (PSOL),Vereador
558428,1,776,Ver. ELISEU GABRIEL (PSB),Vereador
558429,1,776,Ver. ELISEU GABRIEL (PSB),Vereador
559747,1,224,Ver. AURÉLIO NOMURA (PSD),Vereador
559747,2,1999,Ver. PROFESSOR TONINHO VESPOLI (PSOL),Vereador
559748,1,224,Ver. AURÉLIO NOMURA (PSD),Vereador
559748,2,2146,Ver. GILBERTO NASCIMENTO (PL),Vereador
560604,1,1999,Ver. PROFESSOR TONINHO VESPOLI (PSOL),Vereador
560606,1,2185,Ver. CELSO GIANNAZI (PSOL),Vereador
560901,1,2159,Ver. RUTE COSTA (PL),Vereador
563344,1,155,Ver. ARSELINO TATTO (PT),Vereador
563344,2,160,Ver. EDUARDO MATARAZZO SUPLICY (PT),Vereador
563344,3,1311,Ver. ANTONIO DONATO (PT),Vereador
563344,4,1349,Ver. SENIVAL MOURA (PT),Vereador
563344,5,1447,Ver. ALFREDINHO (PT),Vereador
563344,6,1634,Ver. JULIANA CARDOSO (PT),Vereador
563344,7,1999,Ver. PROFESSOR TONINHO VESPOLI (PSOL),Vereador
563344,8,2000,Ver. ALESSANDRO GUEDES (PT),Vereador
563344,9,2001,Ver. JAIR TATTO (PT),Vereador
563344,10,2185,Ver. CELSO GIANNAZI (PSOL),Vereador
563344,11,2205,Ver. LUANA ALVES (PSOL),Vereador
563344,12,2206,Ver. SILVIA DA BANCADA FEMINISTA (PSOL),Vereador
563344,13,2207,Ver. ERIKA HILTON (PSOL),Vereador
563344,14,2208,Ver. ELAINE DO QUILOMBO PERIFÉRICO (PSOL),Vereador
563344,15,2218,Ver. THAMMY MIRANDA (PSD),Vereador
563759,1,2001,Ver. JAIR TATTO (PT),Vereador
563760,1,2001,Ver. JAIR TATTO (PT),Vereador
563811,1,2185,Ver. CELSO GIANNAZI (PSOL),Vereador
564421,1,2145,Ver. FERNANDO HOLIDAY (PL),Vereador
564675,1,1635,Ver. DRA. SANDRA TADEU (PL),Vereador
564675,2,2218,Ver. THAMMY MIRANDA (PSD),Vereador
565280,1,1999,Ver. PROFESSOR TONINHO VESPOLI (PSOL),Vereador
565297,1,2001,Ver. JAIR TATTO (PT),Vereador
565317,1,1999,Ver. PROFESSOR TONINHO VESPOLI (PSOL),Vereador
565404,1,187,Ver. GILSON BARRETO (MDB),Vereador
566337,1,2159,Ver. RUTE COSTA (PL),Vereador
566337,2,2218,Ver. THAMMY MIRANDA (PSD),Vereador
566337,3,2279,Ver. SILVINHO LEITE (UNIÃO),Vereador
566351,1,2159,Ver. RUTE COSTA (PL),Vereador
567349,1,2185,Ver. CELSO GIANNAZI (PSOL),Vereador
567349,2,2207,Ver. ERIKA HILTON (PSOL),Vereador
567349,3,1999,Ver. PROFESSOR TONINHO VESPOLI (PSOL),Vereador
568244,1,696,Ver. CARLOS BEZERRA JR. (PSD),Vereador
568246,1,776,Ver. ELISEU GABRIEL (PSB),Vereador
568247,1,2223,Ver. FELIPE BECARI (UNIÃO),Vereador
568249,1,1349,Ver. SENIVAL MOURA (PT),Vereador
568957,1,2205,Ver. LUANA ALVES (PSOL),Vereador
568957,2,2222,Ver. CRIS MONTEIRO (NOVO),Vereador
568957,3,2154,Ver. CAMILO CRISTÓFARO (AVANTE),Vereador
568957,4,2211,Ver. SIDNEY CRUZ (MDB),Vereador
568957,5,2221,Ver. ELI CORRÊA (UNIÃO),Vereador
568957,6,776,Ver. ELISEU GABRIEL (PSB),Vereador
568957,7,2185,Ver. CELSO GIANNAZI (PSOL),Vereador
568957,8,1296,Ver. ADILSON AMADEU (UNIÃO),Vereador
568957,9,1634,Ver. JULIANA CARDOSO (PT),Vereador
568957,10,2207,Ver. ERIKA HILTON (PSOL),Vereador
568957,11,1635,Ver. DRA. SANDRA TADEU (PL),Vereador
568957,12,160,Ver. EDUARDO MATARAZZO SUPLICY (PT),Vereador
568957,13,2219,Ver. MARCELO MESSIAS (MDB),Vereador
568957,14,676,Ver. ATÍLIO FRANCISCO (REPUBLICANOS),Vereador
568957,15,1349,Ver. SENIVAL MOURA (PT),Vereador
568957,16,2206,Ver. SILVIA DA BANCADA FEMINISTA (PSOL),Vereador
568957,17,2220,Ver. DELEGADO PALUMBO (MDB),Vereador
568957,18,2001,Ver. JAIR TATTO (PT),Vereador
568957,19,1999,Ver. PROFESSOR TONINHO VESPOLI (PSOL),Vereador
570052,1,2216,Ver. SONAIRA FERNANDES (PL),Vereador
570079,1,2211,Ver. SIDNEY CRUZ (MDB),Vereador
570080,1,2211,Ver. SIDNEY CRUZ (MDB),Vereador
570459,1,1999,Ver. PROFESSOR TONINHO VESPOLI (PSOL),Vereador
570459,2,2185,Ver. CELSO GIANNAZI (PSOL),Vereador
570459,3,2205,Ver. LUANA ALVES (PSOL),Vereador
570459,4,2206,Ver. SILVIA DA BANCADA FEMINISTA (PSOL),Vereador
570459,5,2207,Ver. ERIKA HILTON (PSOL),Vereador
570459,6,2208,Ver. ELAINE DO QUILOMBO PERIFÉRICO (PSOL),Vereador
570459,7,1634,Ver. JULIANA CARDOSO (PT),Vereador
570644,1,1999,Ver. PROFESSOR TONINHO VESPOLI (PSOL),Vereador
570644,2,2185,Ver. CELSO GIANNAZI (PSOL),Vereador
570644,3,2205,Ver. LUANA ALVES (PSOL),Vereador
570644,4,2206,Ver. SILVIA DA BANCADA FEMINISTA (PSOL),Vereador
570644,5,2207,Ver. ERIKA HILTON (PSOL),Vereador
570644,6,2208,Ver. ELAINE DO QUILOMBO PERIFÉRICO (PSOL),Vereador
570833,1,1999,Ver. PROFESSOR TONINHO VESPOLI (PSOL),Vereador
570833,2,2185,Ver. CELSO GIANNAZI (PSOL),Vereador
570833,3,2205,Ver. LUANA ALVES (PSOL),Vereador
570833,4,2206,Ver. SILVIA DA BANCADA FEMINISTA (PSOL),Vereador
570833,5,2207,Ver. ERIKA HILTON (PSOL),Vereador
570833,6,2208,Ver. ELAINE DO QUILOMBO PERIFÉRICO (PSOL),Vereador
570857,1,1999,Ver. PROFESSOR TONINHO VESPOLI (PSOL),Vereador
570857,2,2185,Ver. CELSO GIANNAZI (PSOL),Vereador
570857,3,2205,Ver. LUANA ALVES (PSOL),Vereador
570857,4,2206,Ver. SILVIA DA BANCADA FEMINISTA (PSOL),Vereador
570857,5,2207,Ver. ERIKA HILTON (PSOL),Vereador
570857,6,2208,Ver. ELAINE DO QUILOMBO PERIFÉRICO (PSOL),Vereador
570930,1,1989,Ver. GEORGE HATO (MDB),Vereador
570930,2,696,Ver. CARLOS BEZERRA JR. (PSD),Vereador
571227,1,1999,Ver. PROFESSOR TONINHO VESPOLI (PSOL),Vereador
571227,2,2185,Ver. CELSO GIANNAZI (PSOL),Vereador
571227,3,2205,Ver. LUANA ALVES (PSOL),Vereador
571227,4,2206,Ver. SILVIA DA BANCADA FEMINISTA (PSOL),Vereador
571227,5,2207,Ver. ERIKA HILTON (PSOL),Vereador
571227,6,2208,Ver. ELAINE DO QUILOMBO PERIFÉRICO (PSOL),Vereador
571229,1,1999,Ver. PROFESSOR TONINHO VESPOLI (PSOL),Vereador
571229,2,2185,Ver. CELSO GIANNAZI (PSOL),Vereador
571229,3,2205,Ver. LUANA ALVES (PSOL),Vereador
571229,4,2206,Ver. SILVIA DA BANCADA FEMINISTA (PSOL),Vereador
571229,5,2207,Ver. ERIKA HILTON (PSOL),Vereador
571229,6,2208,Ver. ELAINE DO QUILOMBO PERIFÉRICO (PSOL),Vereador
572933,1,160,Ver. EDUARDO MATARAZZO SUPLICY (PT),Vereador
572933,2,936,Ver. NABIL BONDUKI (PT),Vereador
572997,1,776,Ver. ELISEU GABRIEL (PSB),Vereador
573254,1,155,Ver. ARSELINO TATTO (PT),Vereador
573254,2,160,Ver. EDUARDO MATARAZZO SUPLICY (PT),Vereador
573254,3,1311,Ver. ANTONIO DONATO (PT),Vereador
573254,4,1349,Ver. SENIVAL MOURA (PT),Vereador
573254,5,1447,Ver. ALFREDINHO (PT),Vereador
573254,6,1634,Ver. JULIANA CARDOSO (PT),Vereador
573254,7,1999,Ver. PROFESSOR TONINHO VESPOLI (PSOL),Vereador
573254,8,2000,Ver. ALESSANDRO GUEDES (PT),Vereador
573254,9,2001,Ver. JAIR TATTO (PT),Vereador
573254,10,2185,Ver. CELSO GIANNAZI (PSOL),Vereador
573254,11,2205,Ver. LUANA ALVES (PSOL),Vereador
573254,12,2206,Ver. SILVIA DA BANCADA FEMINISTA (PSOL),Vereador
573254,13,2207,Ver. ERIKA HILTON (PSOL),Vereador
573254,14,2208,Ver. ELAINE DO QUILOMBO PERIFÉRICO (PSOL),Vereador
573338,1,1635,Ver. DRA. SANDRA TADEU (PL),Vereador
573535,1,2205,Ver. LUANA ALVES (PSOL),Vereador
573535,2,1999,Ver. PROFESSOR TONINHO VESPOLI (PSOL),Vereador
573617,1,1999,Ver. PROFESSOR TONINHO VESPOLI (PSOL),Vereador
573617,2,2185,Ver. CELSO GIANNAZI (PSOL),Vereador
573617,3,2205,Ver. LUANA ALVES (PSOL),Vereador
573617,4,2206,Ver. SILVIA DA BANCADA FEMINISTA (PSOL),Vereador
573617,5,2207,Ver. ERIKA HILTON (PSOL),Vereador
573617,6,2208,Ver. ELAINE DO QUILOMBO PERIFÉRICO (PSOL),Vereador
573839,1,2001,Ver. JAIR TATTO (PT),Vereador
573839,2,1635,Ver. DRA. SANDRA TADEU (PL),Vereador
573839,3,2155,Ver. JANAÍNA LIMA (PP),Vereador
573840,1,2001,Ver. JAIR TATTO (PT),Vereador
573850,1,2153,Ver. RODRIGO GOULART (PSD),Vereador
574625,1,2185,Ver. CELSO GIANNAZI (PSOL),Vereador
574626,1,2216,Ver. SONAIRA FERNANDES (PL),Vereador
574847,1,2150,Ver. ANDRÉ SANTOS (REPUBLICANOS),Vereador
574847,2,267,Ver. PAULO FRANGE (MDB),Vereador
574847,3,2213,Ver. FARIA DE SÁ (PP),Vereador
574847,4,2153,Ver. RODRIGO GOULART (PSD),Vereador
574847,5,224,Ver. AURÉLIO NOMURA (PSD),Vereador
574847,6,2154,Ver. CAMILO CRISTÓFARO (AVANTE),Vereador
575607,1,1635,Ver. DRA. SANDRA TADEU (PL),Vereador
575705,1,1487,Ver. RICARDO TEIXEIRA (UNIÃO),Vereador
575933,1,2001,Ver. JAIR TATTO (PT),Vereador
575964,1,1999,Ver. PROFESSOR TONINHO VESPOLI (PSOL),Vereador
576202,1,1999,Ver. PROFESSOR TONINHO VESPOLI (PSOL),Vereador
576202,2,2185,Ver. CELSO GIANNAZI (PSOL),Vereador
576202,3,2205,Ver. LUANA ALVES (PSOL),Vereador
576202,4,2206,Ver. SILVIA DA BANCADA FEMINISTA (PSOL),Vereador
576202,5,2207,Ver. ERIKA HILTON (PSOL),Vereador
576202,6,2208,Ver. ELAINE DO QUILOMBO PERIFÉRICO (PSOL),Vereador
576529,1,1487,Ver. RICARDO TEIXEIRA (UNIÃO),Vereador
576529,2,2217,Ver. SANSÃO PEREIRA (REPUBLICANOS),Vereador
576529,3,2150,Ver. ANDRÉ SANTOS (REPUBLICANOS),Vereador
576530,1,1487,Ver. RICARDO TEIXEIRA (UNIÃO),Vereador
576662,1,2213,Ver. FARIA DE SÁ (PP),Vereador
576679,1,1999,Ver. PROFESSOR TONINHO VESPOLI (PSOL),Vereador
576792,1,1487,Ver. RICARDO TEIXEIRA (UNIÃO),Vereador
576792,2,2218,Ver. THAMMY MIRANDA (PSD),Vereador
576792,3,2224,Ver. SANDRA SANTANA (MDB),Vereador
577333,1,1635,Ver. DRA. SANDRA TADEU (PL),Vereador
577366,1,2228,Ver. RENATA FALZONI (PSB),Vereador
577771,1,1634,Ver. JULIANA CARDOSO (PT),Vereador
577771,2,2254,Ver. LUNA ZARATTINI (PT),Vereador
577786,1,1999,Ver. PROFESSOR TONINHO VESPOLI (PSOL),Vereador
578506,1,2214,Ver. RUBINHO NUNES (UNIÃO),Vereador
578506,2,1487,Ver. RICARDO TEIXEIRA (UNIÃO),Vereador
578506,3,2223,Ver. FELIPE BECARI (UNIÃO),Vereador
578506,4,2210,Ver. ELY TERUEL (MDB),Vereador
578506,5,2244,Ver. JORGE WILSON FILHO (REPUBLICANOS),Vereador
578506,6,2153,Ver. RODRIGO GOULART (PSD),Vereador
578581,1,2153,Ver. RODRIGO GOULART (PSD),Vereador
578581,2,2145,Ver. FERNANDO HOLIDAY (PL),Vereador
578672,1,2222,Ver. CRIS MONTEIRO (NOVO),Vereador
578672,2,2149,Ver. DANIEL ANNENBERG (PSB),Vereador
578750,1,2153,Ver. RODRIGO GOULART (PSD),Vereador
578750,2,2219,Ver. MARCELO MESSIAS (MDB),Vereador
578750,3,2218,Ver. THAMMY MIRANDA (PSD),Vereador
579382,1,2213,Ver. FARIA DE SÁ (PP),Vereador
579382,2,1635,Ver. DRA. SANDRA TADEU (PL),Vereador
579642,1,2228,Ver. RENATA FALZONI (PSB),Vereador
579642,2,1999,Ver. PROFESSOR TONINHO VESPOLI (PSOL),Vereador
579827,1,2209,Ver. DANILO DO POSTO DE SAÚDE (PODE),Vereador
579829,1,2209,Ver. DANILO DO POSTO DE SAÚDE (PODE),Vereador
579893,1,1447,Ver. ALFREDINHO (PT),Vereador
579893,2,2205,Ver. LUANA ALVES (PSOL),Vereador
579893,3,2207,Ver. ERIKA HILTON (PSOL),Vereador
579893,4,160,Ver. EDUARDO MATARAZZO SUPLICY (PT),Vereador
579943,1,776,Ver. ELISEU GABRIEL (PSB),Vereador
580458,1,2214,Ver. RUBINHO NUNES (UNIÃO),Vereador
580566,1,1999,Ver. PROFESSOR TONINHO VESPOLI (PSOL),Vereador
580575,1,1999,Ver. PROFESSOR TONINHO VESPOLI (PSOL),Vereador
580576,1,1999,Ver. PROFESSOR TONINHO VESPOLI (PSOL),Vereador
580579,1,1999,Ver. PROFESSOR TONINHO VESPOLI (PSOL),Vereador
580786,1,2213,Ver. FARIA DE SÁ (PP),Vereador
580786,2,2001,Ver. JAIR TATTO (PT),Vereador
580927,1,2147,Ver. ISAC FÉLIX (PL),Vereador
580943,1,2147,Ver. ISAC FÉLIX (PL),Vereador
580968,1,2147,Ver. ISAC FÉLIX (PL),Vereador
580968,2,2154,Ver. CAMILO CRISTÓFARO (AVANTE),Vereador
580968,3,2217,Ver. SANSÃO PEREIRA (REPUBLICANOS),Vereador
581453,1,1634,Ver. JULIANA CARDOSO (PT),Vereador
581624,1,2219,Ver. MARCELO MESSIAS (MDB),Vereador
581783,1,2185,Ver. CELSO GIANNAZI (PSOL),Vereador
581791,1,2208,Ver. ELAINE DO QUILOMBO PERIFÉRICO (PSOL),Vereador
581791,2,2185,Ver. CELSO GIANNAZI (PSOL),Vereador
581791,3,1999,Ver. PROFESSOR TONINHO VESPOLI (PSOL),Vereador
581791,4,2207,Ver. ERIKA HILTON (PSOL),Vereador
581791,5,2205,Ver. LUANA ALVES (PSOL),Vereador
581791,6,2206,Ver. SILVIA DA BANCADA FEMINISTA (PSOL),Vereador
582355,1,2214,Ver. RUBINHO NUNES (UNIÃO),Vereador
582585,1,2207,Ver. ERIKA HILTON (PSOL),Vereador
582585,2,160,Ver. EDUARDO MATARAZZO SUPLICY (PT),Vereador
582585,3,2254,Ver. LUNA ZARATTINI (PT),Vereador
582585,4,2208,Ver. ELAINE DO QUILOMBO PERIFÉRICO (PSOL),Vereador
582660,1,2206,Ver. SILVIA DA BANCADA FEMINISTA (PSOL),Vereador
582660,2,2185,Ver. CELSO GIANNAZI (PSOL),Vereador
582660,3,2208,Ver. ELAINE DO QUILOMBO PERIFÉRICO (PSOL),Vereador
582660,4,2207,Ver. ERIKA HILTON (PSOL),Vereador
582660,5,2205,Ver. LUANA ALVES (PSOL),Vereador
582660,6,1999,Ver. PROFESSOR TONINHO VESPOLI (PSOL),Vereador
582660,7,1311,Ver. ANTONIO DONATO (PT),Vereador
582660,8,1634,Ver. JULIANA CARDOSO (PT),Vereador
582660,9,160,Ver. EDUARDO MATARAZZO SUPLICY (PT),Vereador
582906,1,2159,Ver. RUTE COSTA (PL),Vereador
582941,1,2159,Ver. RUTE COSTA (PL),Vereador
582978,1,2155,Ver. JANAÍNA LIMA (PP),Vereador
582978,2,160,Ver. EDUARDO MATARAZZO SUPLICY (PT),Vereador
582978,3,2254,Ver. LUNA ZARATTINI (PT),Vereador
583070,1,2229,Executivo - RICARDO NUNES,Promovente
583077,1,2159,Ver. RUTE COSTA (PL),Vereador
583971,1,2209,Ver. DANILO DO POSTO DE SAÚDE (PODE),Vereador
584112,1,2158,Ver. XEXÉU TRIPOLI (UNIÃO),Vereador
584112,2,1487,Ver. RICARDO TEIXEIRA (UNIÃO),Vereador
585801,1,2214,Ver. RUBINHO NUNES (UNIÃO),Vereador
585802,1,2214,Ver. RUBINHO NUNES (UNIÃO),Vereador
585802,2,2219,Ver. MARCELO MESSIAS (MDB),Vereador
586146,1,2207,Ver. ERIKA HILTON (PSOL),Vereador
586146,2,2206,Ver. SILVIA DA BANCADA FEMINISTA (PSOL),Vereador
586146,3,2205,Ver. LUANA ALVES (PSOL),Vereador
587051,1,2206,Ver. SILVIA DA BANCADA FEMINISTA (PSOL),Vereador
587051,2,1634,Ver. JULIANA CARDOSO (PT),Vereador
587051,3,1349,Ver. SENIVAL MOURA (PT),Vereador
587051,4,2207,Ver. ERIKA HILTON (PSOL),Vereador
587051,5,2205,Ver. LUANA ALVES (PSOL),Vereador
587051,6,1447,Ver. ALFREDINHO (PT),Vereador
587051,7,1999,Ver. PROFESSOR TONINHO VESPOLI (PSOL),Vereador
587051,8,2254,Ver. LUNA ZARATTINI (PT),Vereador
587073,1,2185,Ver. CELSO GIANNAZI (PSOL),Vereador
587088,1,2185,Ver. CELSO GIANNAZI (PSOL),Vereador
587209,1,2216,Ver. SONAIRA FERNANDES (PL),Vereador
587674,1,2217,Ver. SANSÃO PEREIRA (REPUBLICANOS),Vereador
587674,2,2155,Ver. JANAÍNA LIMA (PP),Vereador
587674,3,2282,Ver. LUCAS PAVANATO (PL),Vereador
587688,1,2217,Ver. SANSÃO PEREIRA (REPUBLICANOS),Vereador
587721,1,1635,Ver. DRA. SANDRA TADEU (PL),Vereador
588481,1,2146,Ver. GILBERTO NASCIMENTO (PL),Vereador
588627,1,2219,Ver. MARCELO MESSIAS (MDB),Vereador
588635,1,2219,Ver. MARCELO MESSIAS (MDB),Vereador
589129,1,2155,Ver. JANAÍNA LIMA (PP),Vereador
589129,2,1999,Ver. PROFESSOR TONINHO VESPOLI (PSOL),Vereador
589129,3,2219,Ver. MARCELO MESSIAS (MDB),Vereador
589129,4,2149,Ver. DANIEL ANNENBERG (PSB),Vereador
589129,5,2243,Ver. DR. ADRIANO SANTOS (PT),Vereador
589138,1,2155,Ver. JANAÍNA LIMA (PP),Vereador
589138,2,1999,Ver. PROFESSOR TONINHO VESPOLI (PSOL),Vereador
589220,1,2222,Ver. CRIS MONTEIRO (NOVO),Vereador
589220,2,2214,Ver. RUBINHO NUNES (UNIÃO),Vereador
589220,3,2145,Ver. FERNANDO HOLIDAY (PL),Vereador
589385,1,2206,Ver. SILVIA DA BANCADA FEMINISTA (PSOL),Vereador
589580,1,2216,Ver. SONAIRA FERNANDES (PL),Vereador
589777,1,2160,Ver. JOÃO JORGE (MDB),Vereador
589788,1,2150,Ver. ANDRÉ SANTOS (REPUBLICANOS),Vereador
589789,1,2150,Ver. ANDRÉ SANTOS (REPUBLICANOS),Vereador
589794,1,187,Ver. GILSON BARRETO (MDB),Vereador
589794,2,1635,Ver. DRA. SANDRA TADEU (PL),Vereador
589847,1,2213,Ver. FARIA DE SÁ (PP),Vereador
589902,1,2205,Ver. LUANA ALVES (PSOL),Vereador
589903,1,2205,Ver. LUANA ALVES (PSOL),Vereador
589903,2,2278,Ver. KEIT LIMA (PSOL),Vereador
589941,1,1999,Ver. PROFESSOR TONINHO VESPOLI (PSOL),Vereador
589941,2,2218,Ver. THAMMY MIRANDA (PSD),Vereador
590033,1,155,Ver. ARSELINO TATTO (PT),Vereador
590033,2,2219,Ver. MARCELO MESSIAS (MDB),Vereador
590033,3,2153,Ver. RODRIGO GOULART (PSD),Vereador
590033,4,2279,Ver. SILVINHO LEITE (UNIÃO),Vereador
590730,1,2211,Ver. SIDNEY CRUZ (MDB),Vereador
590730,2,2219,Ver. MARCELO MESSIAS (MDB),Vereador
590905,1,1635,Ver. DRA. SANDRA TADEU (PL),Vereador
591065,1,2211,Ver. SIDNEY CRUZ (MDB),Vereador
591066,1,2211,Ver. SIDNEY CRUZ (MDB),Vereador
591149,1,2159,Ver. RUTE COSTA (PL),Vereador
591170,1,776,Ver. ELISEU GABRIEL (PSB),Vereador
591171,1,2150,Ver. ANDRÉ SANTOS (REPUBLICANOS),Vereador
591213,1,1635,Ver. DRA. SANDRA TADEU (PL),Vereador
591420,1,2229,Executivo - RICARDO NUNES,Promovente
591771,1,1635,Ver. DRA. SANDRA TADEU (PL),Vereador
591772,1,1635,Ver. DRA. SANDRA TADEU (PL),Vereador
591772,2,2278,Ver. KEIT LIMA (PSOL),Vereador
591772,3,2279,Ver. SILVINHO LEITE (UNIÃO),Vereador
591774,1,1635,Ver. DRA. SANDRA TADEU (PL),Vereador
591844,1,1999,Ver. PROFESSOR TONINHO VESPOLI (PSOL),Vereador
592180,1,2185,Ver. CELSO GIANNAZI (PSOL),Vereador
592899,1,2159,Ver. RUTE COSTA (PL),Vereador
593396,1,1647,Ver. EDIR SALES (PSD),Vereador
593511,1,1999,Ver. PROFESSOR TONINHO VESPOLI (PSOL),Vereador
594502,1,1635,Ver. DRA. SANDRA TADEU (PL),Vereador
595227,1,160,Ver. EDUARDO MATARAZZO SUPLICY (PT),Vereador
595227,2,2000,Ver. ALESSANDRO GUEDES (PT),Vereador
595227,3,1447,Ver. ALFREDINHO (PT),Vereador
595227,4,1311,Ver. ANTONIO DONATO (PT),Vereador
595227,5,2206,Ver. SILVIA DA BANCADA FEMINISTA (PSOL),Vereador
595227,6,1634,Ver. JULIANA CARDOSO (PT),Vereador
595227,7,2205,Ver. LUANA ALVES (PSOL),Vereador
595227,8,2208,Ver. ELAINE DO QUILOMBO PERIFÉRICO (PSOL),Vereador
595227,9,1999,Ver. PROFESSOR TONINHO VESPOLI (PSOL),Vereador
595398,1,2207,Ver. ERIKA HILTON (PSOL),Vereador
595398,2,160,Ver. EDUARDO MATARAZZO SUPLICY (PT),Vereador
595398,3,2254,Ver. LUNA ZARATTINI (PT),Vereador
595398,4,2208,Ver. ELAINE DO QUILOMBO PERIFÉRICO (PSOL),Vereador
595431,1,696,Ver. CARLOS BEZERRA JR. (PSD),Vereador
595885,1,2147,Ver. ISAC FÉLIX (PL),Vereador
595890,1,2224,Ver. SANDRA SANTANA (MDB),Vereador
595890,2,2153,Ver. RODRIGO GOULART (PSD),Vereador
595890,3,1635,Ver. DRA. SANDRA TADEU (PL),Vereador
595890,4,1999,Ver. PROFESSOR TONINHO VESPOLI (PSOL),Vereador
596373,1,2185,Ver. CELSO GIANNAZI (PSOL),Vereador
596561,1,2229,Executivo - RICARDO NUNES,Promovente
597020,1,2001,Ver. JAIR TATTO (PT),Vereador
597254,1,1999,Ver. PROFESSOR TONINHO VESPOLI (PSOL),Vereador
597436,1,2001,Ver. JAIR TATTO (PT),Vereador
597436,2,2254,Ver. LUNA ZARATTINI (PT),Vereador
597644,1,2150,Ver. ANDRÉ SANTOS (REPUBLICANOS),Vereador
597656,1,2185,Ver. CELSO GIANNAZI (PSOL),Vereador
597946,1,776,Ver. ELISEU GABRIEL (PSB),Vereador
598512,1,2206,Ver. SILVIA DA BANCADA FEMINISTA (PSOL),Vereador
598512,2,2207,Ver. ERIKA HILTON (PSOL),Vereador
598512,3,2000,Ver. ALESSANDRO GUEDES (PT),Vereador
598512,4,1999,Ver. PROFESSOR TONINHO VESPOLI (PSOL),Vereador
598512,5,1349,Ver. SENIVAL MOURA (PT),Vereador
598512,6,160,Ver. EDUARDO MATARAZZO SUPLICY (PT),Vereador
598512,7,1447,Ver. ALFREDINHO (PT),Vereador
598512,8,2205,Ver. LUANA ALVES (PSOL),Vereador
598557,1,1999,Ver. PROFESSOR TONINHO VESPOLI (PSOL),Vereador
598559,1,1999,Ver. PROFESSOR TONINHO VESPOLI (PSOL),Vereador
598563,1,1999,Ver. PROFESSOR TONINHO VESPOLI (PSOL),Vereador
598563,2,2210,Ver. ELY TERUEL (MDB),Vereador
598615,1,2147,Ver. ISAC FÉLIX (PL),Vereador
598902,1,2205,Ver. LUANA ALVES (PSOL),Vereador
598903,1,2205,Ver. LUANA ALVES (PSOL),Vereador
598904,1,2205,Ver. LUANA ALVES (PSOL),Vereador
598905,1,2205,Ver. LUANA ALVES (PSOL),Vereador
598910,1,2205,Ver. LUANA ALVES (PSOL),Vereador
599381,1,1999,Ver. PROFESSOR TONINHO VESPOLI (PSOL),Vereador
600356,1,2159,Ver. RUTE COSTA (PL),Vereador
601267,1,2147,Ver. ISAC FÉLIX (PL),Vereador
601269,1,2147,Ver. ISAC FÉLIX (PL),Vereador
601482,1,2205,Ver. LUANA ALVES (PSOL),Vereador
601482,2,2248,Ver. JUSSARA BASSO (PSB),Vereador
601803,1,2207,Ver. ERIKA HILTON (PSOL),Vereador
601803,2,160,Ver. EDUARDO MATARAZZO SUPLICY (PT),Vereador
601803,3,2254,Ver. LUNA ZARATTINI (PT),Vereador
602060,1,2207,Ver. ERIKA HILTON (PSOL),Vereador
602060,2,2147,Ver. ISAC FÉLIX (PL),Vereador
602202,1,2215,Ver. MARLON LUZ (MDB),Vereador
602202,2,2219,Ver. MARCELO MESSIAS (MDB),Vereador
602976,1,2219,Ver. MARCELO MESSIAS (MDB),Vereador
602976,2,2154,Ver. CAMILO CRISTÓFARO (AVANTE),Vereador
603469,1,1999,Ver. PROFESSOR TONINHO VESPOLI (PSOL),Vereador
603599,1,2207,Ver. ERIKA HILTON (PSOL),Vereador
603798,1,2160,Ver. JOÃO JORGE (MDB),Vereador
604020,1,2229,Executivo - RICARDO NUNES,Promovente
604224,1,1635,Ver. DRA. SANDRA TADEU (PL),Vereador
604224,2,2153,Ver. RODRIGO GOULART (PSD),Vereador
604459,1,2214,Ver. RUBINHO NUNES (UNIÃO),Vereador
604459,2,2219,Ver. MARCELO MESSIAS (MDB),Vereador
605103,1,1999,Ver. PROFESSOR TONINHO VESPOLI (PSOL),Vereador
605104,1,1999,Ver. PROFESSOR TONINHO VESPOLI (PSOL),Vereador
605687,1,1311,Ver. ANTONIO DONATO (PT),Vereador
605687,2,273,Ver. MILTON LEITE (UNIÃO),Vereador
605687,3,2254,Ver. LUNA ZARATTINI (PT),Vereador
605772,1,2219,Ver. MARCELO MESSIAS (MDB),Vereador
605773,1,2159,Ver. RUTE COSTA (PL),Vereador
605773,2,2219,Ver. MARCELO MESSIAS (MDB),Vereador
606047,1,2213,Ver. FARIA DE SÁ (PP),Vereador
606047,2,2219,Ver. MARCELO MESSIAS (MDB),Vereador
606047,3,2221,Ver. ELI CORRÊA (UNIÃO),Vereador
606724,1,2147,Ver. ISAC FÉLIX (PL),Vereador
606724,2,2278,Ver. KEIT LIMA (PSOL),Vereador
606877,1,2147,Ver. ISAC FÉLIX (PL),Vereador
606877,2,2154,Ver. CAMILO CRISTÓFARO (AVANTE),Vereador
606877,3,2218,Ver. THAMMY MIRANDA (PSD),Vereador
607012,1,776,Ver. ELISEU GABRIEL (PSB),Vereador
607267,1,2185,Ver. CELSO GIANNAZI (PSOL),Vereador
607429,1,2150,Ver. ANDRÉ SANTOS (REPUBLICANOS),Vereador
607446,1,2205,Ver. LUANA ALVES (PSOL),Vereador
607496,1,2147,Ver. ISAC FÉLIX (PL),Vereador
607497,1,2147,Ver. ISAC FÉLIX (PL),Vereador
607500,1,2147,Ver. ISAC FÉLIX (PL),Vereador
607608,1,1349,Ver. SENIVAL MOURA (PT),Vereador
607610,1,187,Ver. GILSON BARRETO (MDB),Vereador
607616,1,2150,Ver. ANDRÉ SANTOS (REPUBLICANOS),Vereador
607618,1,2147,Ver. ISAC FÉLIX (PL),Vereador
607671,1,2219,Ver. MARCELO MESSIAS (MDB),Vereador
608181,1,1635,Ver. DRA. SANDRA TADEU (PL),Vereador
608205,1,1635,Ver. DRA. SANDRA TADEU (PL),Vereador
608699,1,2159,Ver. RUTE COSTA (PL),Vereador
608703,1,2147,Ver. ISAC FÉLIX (PL),Vereador
608705,1,2147,Ver. ISAC FÉLIX (PL),Vereador
609042,1,2150,Ver. ANDRÉ SANTOS (REPUBLICANOS),Vereador
609043,1,2150,Ver. ANDRÉ SANTOS (REPUBLICANOS),Vereador
609626,1,2159,Ver. RUTE COSTA (PL),Vereador
609739,1,2150,Ver. ANDRÉ SANTOS (REPUBLICANOS),Vereador
610003,1,2185,Ver. CELSO GIANNAZI (PSOL),Vereador
610004,1,2147,Ver. ISAC FÉLIX (PL),Vereador
610005,1,2147,Ver. ISAC FÉLIX (PL),Vereador
610058,1,2216,Ver. SONAIRA FERNANDES (PL),Vereador
610583,1,2219,Ver. MARCELO MESSIAS (MDB),Vereador
610586,1,2147,Ver. ISAC FÉLIX (PL),Vereador
611110,1,1647,Ver. EDIR SALES (PSD),Vereador
611346,1,2216,Ver. SONAIRA FERNANDES (PL),Vereador
611380,1,2145,Ver. FERNANDO HOLIDAY (PL),Vereador
611490,1,2243,Ver. DR. ADRIANO SANTOS (PT),Vereador
611490,2,2001,Ver. JAIR TATTO (PT),Vereador
612343,1,2150,Ver. ANDRÉ SANTOS (REPUBLICANOS),Vereador
612649,1,1989,Ver. GEORGE HATO (MDB),Vereador
612723,1,1989,Ver. GEORGE HATO (MDB),Vereador
612957,1,2147,Ver. ISAC FÉLIX (PL),Vereador
613057,1,1634,Ver. JULIANA CARDOSO (PT),Vereador
613057,2,2254,Ver. LUNA ZARATTINI (PT),Vereador
613065,1,2147,Ver. ISAC FÉLIX (PL),Vereador
613066,1,2147,Ver. ISAC FÉLIX (PL),Vereador
613761,1,2214,Ver. RUBINHO NUNES (UNIÃO),Vereador
613761,2,2216,Ver. SONAIRA FERNANDES (PL),Vereador
613780,1,2214,Ver. RUBINHO NUNES (UNIÃO),Vereador
613787,1,1999,Ver. PROFESSOR TONINHO VESPOLI (PSOL),Vereador
613883,1,2150,Ver. ANDRÉ SANTOS (REPUBLICANOS),Vereador
613894,1,2150,Ver. ANDRÉ SANTOS (REPUBLICANOS),Vereador
613937,1,2153,Ver. RODRIGO GOULART (PSD),Vereador
613937,2,2218,Ver. THAMMY MIRANDA (PSD),Vereador
614246,1,1999,Ver. PROFESSOR TONINHO VESPOLI (PSOL),Vereador
614315,1,1647,Ver. EDIR SALES (PSD),Vereador
614385,1,2147,Ver. ISAC FÉLIX (PL),Vereador
614405,1,2000,Ver. ALESSANDRO GUEDES (PT),Vereador
614405,2,2210,Ver. ELY TERUEL (MDB),Vereador
614793,1,1999,Ver. PROFESSOR TONINHO VESPOLI (PSOL),Vereador
614933,1,2185,Ver. CELSO GIANNAZI (PSOL),Vereador
614938,1,2147,Ver. ISAC FÉLIX (PL),Vereador
614941,1,2147,Ver. ISAC FÉLIX (PL),Vereador
614984,1,2147,Ver. ISAC FÉLIX (PL),Vereador
614984,2,1647,Ver. EDIR SALES (PSD),Vereador
614984,3,2218,Ver. THAMMY MIRANDA (PSD),Vereador
615266,1,1999,Ver. PROFESSOR TONINHO VESPOLI (PSOL),Vereador
615937,1,2001,Ver. JAIR TATTO (PT),Vereador
616408,1,1999,Ver. PROFESSOR TONINHO VESPOLI (PSOL),Vereador
616408,2,1634,Ver. JULIANA CARDOSO (PT),Vereador
616478,1,1989,Ver. GEORGE HATO (MDB),Vereador
616595,1,2205,Ver. LUANA ALVES (PSOL),Vereador
616983,1,1634,Ver. JULIANA CARDOSO (PT),Vereador
616983,2,2256,Ver. HÉLIO RODRIGUES (PT),Vereador
617105,1,776,Ver. ELISEU GABRIEL (PSB),Vereador
617449,1,2159,Ver. RUTE COSTA (PL),Vereador
617449,2,2250,Ver. CORONEL SALLES (PSD),Vereador
617449,3,1647,Ver. EDIR SALES (PSD),Vereador
617468,1,776,Ver. ELISEU GABRIEL (PSB),Vereador
617615,1,1635,Ver. DRA. SANDRA TADEU (PL),Vereador
617615,2,2153,Ver. RODRIGO GOULART (PSD),Vereador
617760,1,2001,Ver. JAIR TATTO (PT),Vereador
617760,2,2254,Ver. LUNA ZARATTINI (PT),Vereador
618205,1,1999,Ver. PROFESSOR TONINHO VESPOLI (PSOL),Vereador
618205,2,2278,Ver. KEIT LIMA (PSOL),Vereador
618418,1,1635,Ver. DRA. SANDRA TADEU (PL),Vereador
619111,1,1999,Ver. PROFESSOR TONINHO VESPOLI (PSOL),Vereador
619426,1,1634,Ver. JULIANA CARDOSO (PT),Vereador
619426,2,1999,Ver. PROFESSOR TONINHO VESPOLI (PSOL),Vereador
620406,1,2001,Ver. JAIR TATTO (PT),Vereador
620406,2,2154,Ver. CAMILO CRISTÓFARO (AVANTE),Vereador
620406,3,2279,Ver. SILVINHO LEITE (UNIÃO),Vereador
620406,4,2272,Ver. DHEISON SILVA (PT),Vereador
620406,5,2278,Ver. KEIT LIMA (PSOL),Vereador
620406,6,2219,Ver. MARCELO MESSIAS (MDB),Vereador
620406,7,2267,Ver. AMANDA PASCHOAL (PSOL),Vereador
620538,1,2147,Ver. ISAC FÉLIX (PL),Vereador
620607,1,2214,Ver. RUBINHO NUNES (UNIÃO),Vereador
620607,2,2223,Ver. FELIPE BECARI (UNIÃO),Vereador
620608,1,2214,Ver. RUBINHO NUNES (UNIÃO),Vereador
620608,2,2223,Ver. FELIPE BECARI (UNIÃO),Vereador
621286,1,2185,Ver. CELSO GIANNAZI (PSOL),Vereador
621541,1,1349,Ver. SENIVAL MOURA (PT),Vereador
621847,1,2150,Ver. ANDRÉ SANTOS (REPUBLICANOS),Vereador
622129,1,2206,Ver. SILVIA DA BANCADA FEMINISTA (PSOL),Vereador
622129,2,1999,Ver. PROFESSOR TONINHO VESPOLI (PSOL),Vereador
622129,3,160,Ver. EDUARDO MATARAZZO SUPLICY (PT),Vereador
622129,4,2000,Ver. ALESSANDRO GUEDES (PT),Vereador
622129,5,1349,Ver. SENIVAL MOURA (PT),Vereador
622129,6,2254,Ver. LUNA ZARATTINI (PT),Vereador
622231,1,2214,Ver. RUBINHO NUNES (UNIÃO),Vereador
622232,1,2153,Ver. RODRIGO GOULART (PSD),Vereador
622232,2,2218,Ver. THAMMY MIRANDA (PSD),Vereador
622805,1,1999,Ver. PROFESSOR TONINHO VESPOLI (PSOL),Vereador
623495,1,2217,Ver. SANSÃO PEREIRA (REPUBLICANOS),Vereador
624044,1,2205,Ver. LUANA ALVES (PSOL),Vereador
624293,1,1999,Ver. PROFESSOR TONINHO VESPOLI (PSOL),Vereador
624466,1,2211,Ver. SIDNEY CRUZ (MDB),Vereador
624721,1,2150,Ver. ANDRÉ SANTOS (REPUBLICANOS),Vereador
624723,1,2150,Ver. ANDRÉ SANTOS (REPUBLICANOS),Vereador
624742,1,2150,Ver. ANDRÉ SANTOS (REPUBLICANOS),Vereador
624765,1,2207,Ver. ERIKA HILTON (PSOL),Vereador
624765,2,2185,Ver. CELSO GIANNAZI (PSOL),Vereador
624765,3,2208,Ver. ELAINE DO QUILOMBO PERIFÉRICO (PSOL),Vereador
624765,4,2205,Ver. LUANA ALVES (PSOL),Vereador
624765,5,1999,Ver. PROFESSOR TONINHO VESPOLI (PSOL),Vereador
624765,6,2206,Ver. SILVIA DA BANCADA FEMINISTA (PSOL),Vereador
624765,7,2149,Ver. DANIEL ANNENBERG (PSB),Vereador
624765,8,2278,Ver. KEIT LIMA (PSOL),Vereador
624867,1,2211,Ver. SIDNEY CRUZ (MDB),Vereador
624898,1,2146,Ver. GILBERTO NASCIMENTO (PL),Vereador
624953,1,1999,Ver. PROFESSOR TONINHO VESPOLI (PSOL),Vereador
625866,1,2146,Ver. GILBERTO NASCIMENTO (PL),Vereador
625867,1,2146,Ver. GILBERTO NASCIMENTO (PL),Vereador
626484,1,267,Ver. PAULO FRANGE (MDB),Vereador
626515,1,2219,Ver. MARCELO MESSIAS (MDB),Vereador
626523,1,1999,Ver. PROFESSOR TONINHO VESPOLI (PSOL),Vereador
626523,2,2278,Ver. KEIT LIMA (PSOL),Vereador
626619,1,1999,Ver. PROFESSOR TONINHO VESPOLI (PSOL),Vereador
626833,1,1487,Ver. RICARDO TEIXEIRA (UNIÃO),Vereador
626833,2,273,Ver. MILTON LEITE (UNIÃO),Vereador
626834,1,1487,Ver. RICARDO TEIXEIRA (UNIÃO),Vereador
626834,2,273,Ver. MILTON LEITE (UNIÃO),Vereador
626834,3,2279,Ver. SILVINHO LEITE (UNIÃO),Vereador
626834,4,2278,Ver. KEIT LIMA (PSOL),Vereador
626835,1,1487,Ver. RICARDO TEIXEIRA (UNIÃO),Vereador
626835,2,273,Ver. MILTON LEITE (UNIÃO),Vereador
626835,3,2279,Ver. SILVINHO LEITE (UNIÃO),Vereador
626835,4,2278,Ver. KEIT LIMA (PSOL),Vereador
626899,1,2211,Ver. SIDNEY CRUZ (MDB),Vereador
627007,1,2216,Ver. SONAIRA FERNANDES (PL),Vereador
627088,1,2219,Ver. MARCELO MESSIAS (MDB),Vereador
627089,1,2219,Ver. MARCELO MESSIAS (MDB),Vereador
627253,1,2146,Ver. GILBERTO NASCIMENTO (PL),Vereador
627256,1,2147,Ver. ISAC FÉLIX (PL),Vereador
627312,1,1487,Ver. RICARDO TEIXEIRA (UNIÃO),Vereador
627364,1,1999,Ver. PROFESSOR TONINHO VESPOLI (PSOL),Vereador
627648,1,2219,Ver. MARCELO MESSIAS (MDB),Vereador
627820,1,2214,Ver. RUBINHO NUNES (UNIÃO),Vereador
627821,1,2214,Ver. RUBINHO NUNES (UNIÃO),Vereador
628164,1,224,Ver. AURÉLIO NOMURA (PSD),Vereador
628164,2,1989,Ver. GEORGE HATO (MDB),Vereador
628164,3,2153,Ver. RODRIGO GOULART (PSD),Vereador
628247,1,2159,Ver. RUTE COSTA (PL),Vereador
628358,1,2247,Ver. LUIZ PROTEÇÃO ANIMAL (PODE),Vereador
628713,1,2159,Ver. RUTE COSTA (PL),Vereador
628716,1,776,Ver. ELISEU GABRIEL (PSB),Vereador
629342,1,1999,Ver. PROFESSOR TONINHO VESPOLI (PSOL),Vereador
629889,1,224,Ver. AURÉLIO NOMURA (PSD),Vereador
629889,2,2219,Ver. MARCELO MESSIAS (MDB),Vereador
630536,1,2159,Ver. RUTE COSTA (PL),Vereador
630536,2,2153,Ver. RODRIGO GOULART (PSD),Vereador
630585,1,2159,Ver. RUTE COSTA (PL),Vereador
630631,1,2247,Ver. LUIZ PROTEÇÃO ANIMAL (PODE),Vereador
630741,1,2211,Ver. SIDNEY CRUZ (MDB),Vereador
630741,2,2180,Ver. MANOEL DEL RIO (PT),Vereador
630741,3,1999,Ver. PROFESSOR TONINHO VESPOLI (PSOL),Vereador
631047,1,1296,Ver. ADILSON AMADEU (UNIÃO),Vereador
631318,1,2219,Ver. MARCELO MESSIAS (MDB),Vereador
631396,1,2000,Ver. ALESSANDRO GUEDES (PT),Vereador
631421,1,2131,Ver. RODOLFO DESPACHANTE (UNIÃO),Vereador
631421,2,1296,Ver. ADILSON AMADEU (UNIÃO),Vereador
631425,1,1635,Ver. DRA. SANDRA TADEU (PL),Vereador
631727,1,1989,Ver. GEORGE HATO (MDB),Vereador
631770,1,2159,Ver. RUTE COSTA (PL),Vereador
632297,1,2159,Ver. RUTE COSTA (PL),Vereador
632406,1,1634,Ver. JULIANA CARDOSO (PT),Vereador
632406,2,2254,Ver. LUNA ZARATTINI (PT),Vereador
632406,3,2256,Ver. HÉLIO RODRIGUES (PT),Vereador
632610,1,2209,Ver. DANILO DO POSTO DE SAÚDE (PODE),Vereador
633362,1,2246,Ver. MAJOR PALUMBO (PP),Vereador
634111,1,2206,Ver. SILVIA DA BANCADA FEMINISTA (PSOL),Vereador
634128,1,2222,Ver. CRIS MONTEIRO (NOVO),Vereador
634395,1,2001,Ver. JAIR TATTO (PT),Vereador
634396,1,2001,Ver. JAIR TATTO (PT),Vereador
634396,2,155,Ver. ARSELINO TATTO (PT),Vereador
634397,1,2001,Ver. JAIR TATTO (PT),Vereador
634397,2,2255,Ver. JOÃO ANANIAS (PT),Vereador
634399,1,2001,Ver. JAIR TATTO (PT),Vereador
634399,2,2154,Ver. CAMILO CRISTÓFARO (AVANTE),Vereador
634575,1,160,Ver. EDUARDO MATARAZZO SUPLICY (PT),Vereador
634575,2,2254,Ver. LUNA ZARATTINI (PT),Vereador
634707,1,1635,Ver. DRA. SANDRA TADEU (PL),Vereador
634707,2,2246,Ver. MAJOR PALUMBO (PP),Vereador
634707,3,2254,Ver. LUNA ZARATTINI (PT),Vereador
634746,1,2185,Ver. CELSO GIANNAZI (PSOL),Vereador
634917,1,267,Ver. PAULO FRANGE (MDB),Vereador
635264,1,2205,Ver. LUANA ALVES (PSOL),Vereador
635693,1,2205,Ver. LUANA ALVES (PSOL),Vereador
636325,1,2205,Ver. LUANA ALVES (PSOL),Vereador
636366,1,1635,Ver. DRA. SANDRA TADEU (PL),Vereador
636492,1,1647,Ver. EDIR SALES (PSD),Vereador
636515,1,2209,Ver. DANILO DO POSTO DE SAÚDE (PODE),Vereador
636515,2,2224,Ver. SANDRA SANTANA (MDB),Vereador
636625,1,2219,Ver. MARCELO MESSIAS (MDB),Vereador
637161,1,2154,Ver. CAMILO CRISTÓFARO (AVANTE),Vereador
637161,2,1999,Ver. PROFESSOR TONINHO VESPOLI (PSOL),Vereador
637517,1,2001,Ver. JAIR TATTO (PT),Vereador
637554,1,2218,Ver. THAMMY MIRANDA (PSD),Vereador
637624,1,2214,Ver. RUBINHO NUNES (UNIÃO),Vereador
637624,2,2279,Ver. SILVINHO LEITE (UNIÃO),Vereador
637803,1,1487,Ver. RICARDO TEIXEIRA (UNIÃO),Vereador
637805,1,1487,Ver. RICARDO TEIXEIRA (UNIÃO),Vereador
637870,1,2205,Ver. LUANA ALVES (PSOL),Vereador
637871,1,2205,Ver. LUANA ALVES (PSOL),Vereador
637872,1,2205,Ver. LUANA ALVES (PSOL),Vereador
637873,1,2205,Ver. LUANA ALVES (PSOL),Vereador
637875,1,2205,Ver. LUANA ALVES (PSOL),Vereador
637876,1,2205,Ver. LUANA ALVES (PSOL),Vereador
637877,1,2205,Ver. LUANA ALVES (PSOL),Vereador
637878,1,2205,Ver. LUANA ALVES (PSOL),Vereador
637953,1,2159,Ver. RUTE COSTA (PL),Vereador
637953,2,2154,Ver. CAMILO CRISTÓFARO (AVANTE),Vereador
637953,3,2249,Ver. NUNES PEIXEIRO (MDB),Vereador
637953,4,2218,Ver. THAMMY MIRANDA (PSD),Vereador
638140,1,2185,Ver. CELSO GIANNAZI (PSOL),Vereador
638264,1,2206,Ver. SILVIA DA BANCADA FEMINISTA (PSOL),Vereador
638290,1,1447,Ver. ALFREDINHO (PT),Vereador
638290,2,2272,Ver. DHEISON SILVA (PT),Vereador
638442,1,2001,Ver. JAIR TATTO (PT),Vereador
638861,1,2219,Ver. MARCELO MESSIAS (MDB),Vereador
638968,1,2185,Ver. CELSO GIANNAZI (PSOL),Vereador
638982,1,2229,Executivo - RICARDO NUNES,Promovente
639356,1,2209,Ver. DANILO DO POSTO DE SAÚDE (PODE),Vereador
639730,1,2214,Ver. RUBINHO NUNES (UNIÃO),Vereador
639747,1,1999,Ver. PROFESSOR TONINHO VESPOLI (PSOL),Vereador
639791,1,2001,Ver. JAIR TATTO (PT),Vereador
639808,1,2216,Ver. SONAIRA FERNANDES (PL),Vereador
639839,1,160,Ver. EDUARDO MATARAZZO SUPLICY (PT),Vereador
639839,2,776,Ver. ELISEU GABRIEL (PSB),Vereador
639839,3,2254,Ver. LUNA ZARATTINI (PT),Vereador
639839,4,936,Ver. NABIL BONDUKI (PT),Vereador
639904,1,2159,Ver. RUTE COSTA (PL),Vereador
639955,1,2159,Ver. RUTE COSTA (PL),Vereador
640226,1,2147,Ver. ISAC FÉLIX (PL),Vereador
640430,1,2216,Ver. SONAIRA FERNANDES (PL),Vereador
640622,1,2214,Ver. RUBINHO NUNES (UNIÃO),Vereador
640622,2,2219,Ver. MARCELO MESSIAS (MDB),Vereador
640622,3,2218,Ver. THAMMY MIRANDA (PSD),Vereador
640656,1,1296,Ver. ADILSON AMADEU (UNIÃO),Vereador
641229,1,776,Ver. ELISEU GABRIEL (PSB),Vereador
641379,1,2206,Ver. SILVIA DA BANCADA FEMINISTA (PSOL),Vereador
641379,2,2149,Ver. DANIEL ANNENBERG (PSB),Vereador
641379,3,2218,Ver. THAMMY MIRANDA (PSD),Vereador
641379,4,2155,Ver. JANAÍNA LIMA (PP),Vereador
641379,5,2254,Ver. LUNA ZARATTINI (PT),Vereador
641379,6,2208,Ver. ELAINE DO QUILOMBO PERIFÉRICO (PSOL),Vereador
641379,7,2219,Ver. MARCELO MESSIAS (MDB),Vereador
641379,8,2278,Ver. KEIT LIMA (PSOL),Vereador
641477,1,155,Ver. ARSELINO TATTO (PT),Vereador
641477,2,2254,Ver. LUNA ZARATTINI (PT),Vereador
641486,1,2206,Ver. SILVIA DA BANCADA FEMINISTA (PSOL),Vereador
641486,2,2208,Ver. ELAINE DO QUILOMBO PERIFÉRICO (PSOL),Vereador
641486,3,1999,Ver. PROFESSOR TONINHO VESPOLI (PSOL),Vereador
641486,4,2152,Ver. RINALDI DIGILIO (UNIÃO),Vereador
641486,5,2205,Ver. LUANA ALVES (PSOL),Vereador
641486,6,2149,Ver. DANIEL ANNENBERG (PSB),Vereador
641486,7,1349,Ver. SENIVAL MOURA (PT),Vereador
641486,8,2001,Ver. JAIR TATTO (PT),Vereador
641486,9,1947,Ver. REIS (PT),Vereador
641486,10,2219,Ver. MARCELO MESSIAS (MDB),Vereador
641486,11,2180,Ver. MANOEL DEL RIO (PT),Vereador
641486,12,160,Ver. EDUARDO MATARAZZO SUPLICY (PT),Vereador
641486,13,2254,Ver. LUNA ZARATTINI (PT),Vereador
641630,1,2214,Ver. RUBINHO NUNES (UNIÃO),Vereador
641630,2,2266,Ver. ADRILLES JORGE (UNIÃO),Vereador
641635,1,1349,Ver. SENIVAL MOURA (PT),Vereador
641684,1,2219,Ver. MARCELO MESSIAS (MDB),Vereador
642030,1,2211,Ver. SIDNEY CRUZ (MDB),Vereador
642326,1,2185,Ver. CELSO GIANNAZI (PSOL),Vereador
642798,1,1635,Ver. DRA. SANDRA TADEU (PL),Vereador
642798,2,2145,Ver. FERNANDO HOLIDAY (PL),Vereador
642799,1,2219,Ver. MARCELO MESSIAS (MDB),Vereador
642840,1,2211,Ver. SIDNEY CRUZ (MDB),Vereador
642919,1,2211,Ver. SIDNEY CRUZ (MDB),Vereador
642919,2,2243,Ver. DR. ADRIANO SANTOS (PT),Vereador
643031,1,2206,Ver. SILVIA DA BANCADA FEMINISTA (PSOL),Vereador
643214,1,1635,Ver. DRA. SANDRA TADEU (PL),Vereador
643214,2,2279,Ver. SILVINHO LEITE (UNIÃO),Vereador
643218,1,1947,Ver. REIS (PT),Vereador
643218,2,2255,Ver. JOÃO ANANIAS (PT),Vereador
643218,3,2256,Ver. HÉLIO RODRIGUES (PT),Vereador
643218,4,1999,Ver. PROFESSOR TONINHO VESPOLI (PSOL),Vereador
643760,1,2185,Ver. CELSO GIANNAZI (PSOL),Vereador
643960,1,2159,Ver. RUTE COSTA (PL),Vereador
643990,1,776,Ver. ELISEU GABRIEL (PSB),Vereador
644314,1,1635,Ver. DRA. SANDRA TADEU (PL),Vereador
644695,1,1947,Ver. REIS (PT),Vereador
644695,2,2254,Ver. LUNA ZARATTINI (PT),Vereador
644695,3,2255,Ver. JOÃO ANANIAS (PT),Vereador
644695,4,2205,Ver. LUANA ALVES (PSOL),Vereador
644695,5,2206,Ver. SILVIA DA BANCADA FEMINISTA (PSOL),Vereador
644695,6,2269,Ver. MARINA BRAGANTE (PSB),Vereador
645347,1,2001,Ver. JAIR TATTO (PT),Vereador
645416,1,1647,Ver. EDIR SALES (PSD),Vereador
646450,1,2214,Ver. RUBINHO NUNES (UNIÃO),Vereador
646450,2,2145,Ver. FERNANDO HOLIDAY (PL),Vereador
646577,1,676,Ver. ATÍLIO FRANCISCO (REPUBLICANOS),Vereador
646577,2,2150,Ver. ANDRÉ SANTOS (REPUBLICANOS),Vereador
646577,3,2145,Ver. FERNANDO HOLIDAY (PL),Vereador
646577,4,2217,Ver. SANSÃO PEREIRA (REPUBLICANOS),Vereador
646577,5,2216,Ver. SONAIRA FERNANDES (PL),Vereador
646577,6,2146,Ver. GILBERTO NASCIMENTO (PL),Vereador
646713,1,2145,Ver. FERNANDO HOLIDAY (PL),Vereador
646713,2,2146,Ver. GILBERTO NASCIMENTO (PL),Vereador
646929,1,1989,Ver. GEORGE HATO (MDB),Vereador
646952,1,1989,Ver. GEORGE HATO (MDB),Vereador
646956,1,1989,Ver. GEORGE HATO (MDB),Vereador
646956,2,2218,Ver. THAMMY MIRANDA (PSD),Vereador
646958,1,2159,Ver. RUTE COSTA (PL),Vereador
646958,2,2249,Ver. NUNES PEIXEIRO (MDB),Vereador
646959,1,2159,Ver. RUTE COSTA (PL),Vereador
647069,1,1999,Ver. PROFESSOR TONINHO VESPOLI (PSOL),Vereador
647528,1,2001,Ver. JAIR TATTO (PT),Vereador
647528,2,155,Ver. ARSELINO TATTO (PT),Vereador
647528,3,2279,Ver. SILVINHO LEITE (UNIÃO),Vereador
647633,1,2214,Ver. RUBINHO NUNES (UNIÃO),Vereador
647866,1,1349,Ver. SENIVAL MOURA (PT),Vereador
647866,2,2000,Ver. ALESSANDRO GUEDES (PT),Vereador
647866,3,2001,Ver. JAIR TATTO (PT),Vereador
647866,4,2180,Ver. MANOEL DEL RIO (PT),Vereador
648048,1,2001,Ver. JAIR TATTO (PT),Vereador
648048,2,2278,Ver. KEIT LIMA (PSOL),Vereador
648081,1,2159,Ver. RUTE COSTA (PL),Vereador
648222,1,2159,Ver. RUTE COSTA (PL),Vereador
648356,1,1647,Ver. EDIR SALES (PSD),Vereador
648356,2,2155,Ver. JANAÍNA LIMA (PP),Vereador
648385,1,2159,Ver. RUTE COSTA (PL),Vereador
648385,2,2281,Ver. SIMONE GANEM (PODE),Vereador
648589,1,2214,Ver. RUBINHO NUNES (UNIÃO),Vereador
648680,1,1999,Ver. PROFESSOR TONINHO VESPOLI (PSOL),Vereador
648820,1,2214,Ver. RUBINHO NUNES (UNIÃO),Vereador
648820,2,2155,Ver. JANAÍNA LIMA (PP),Vereador
648820,3,2210,Ver. ELY TERUEL (MDB),Vereador
649426,1,2249,Ver. NUNES PEIXEIRO (MDB),Vereador
649841,1,2180,Ver. MANOEL DEL RIO (PT),Vereador
649841,2,2001,Ver. JAIR TATTO (PT),Vereador
649841,3,2219,Ver. MARCELO MESSIAS (MDB),Vereador
649852,1,2219,Ver. MARCELO MESSIAS (MDB),Vereador
649958,1,2217,Ver. SANSÃO PEREIRA (REPUBLICANOS),Vereador
649966,1,2219,Ver. MARCELO MESSIAS (MDB),Vereador
649968,1,2205,Ver. LUANA ALVES (PSOL),Vereador
650345,1,2001,Ver. JAIR TATTO (PT),Vereador
650346,1,1999,Ver. PROFESSOR TONINHO VESPOLI (PSOL),Vereador
650346,2,2278,Ver. KEIT LIMA (PSOL),Vereador
650699,1,2160,Ver. JOÃO JORGE (MDB),Vereador
650999,1,2206,Ver. SILVIA DA BANCADA FEMINISTA (PSOL),Vereador
651025,1,2206,Ver. SILVIA DA BANCADA FEMINISTA (PSOL),Vereador
651433,1,1647,Ver. EDIR SALES (PSD),Vereador
651687,1,2249,Ver. NUNES PEIXEIRO (MDB),Vereador
651687,2,2215,Ver. MARLON LUZ (MDB),Vereador
651687,3,2224,Ver. SANDRA SANTANA (MDB),Vereador
651767,1,2255,Ver. JOÃO ANANIAS (PT),Vereador
651770,1,2255,Ver. JOÃO ANANIAS (PT),Vereador
651785,1,1989,Ver. GEORGE HATO (MDB),Vereador
651874,1,1296,Ver. ADILSON AMADEU (UNIÃO),Vereador
652102,1,2218,Ver. THAMMY MIRANDA (PSD),Vereador
652102,2,2155,Ver. JANAÍNA LIMA (PP),Vereador
652211,1,2206,Ver. SILVIA DA BANCADA FEMINISTA (PSOL),Vereador
652383,1,2206,Ver. SILVIA DA BANCADA FEMINISTA (PSOL),Vereador
653415,1,2219,Ver. MARCELO MESSIAS (MDB),Vereador
653415,2,2218,Ver. THAMMY MIRANDA (PSD),Vereador
653520,1,2249,Ver. NUNES PEIXEIRO (MDB),Vereador
653520,2,2155,Ver. JANAÍNA LIMA (PP),Vereador
653520,3,2218,Ver. THAMMY MIRANDA (PSD),Vereador
653524,1,2249,Ver. NUNES PEIXEIRO (MDB),Vereador
653841,1,2222,Ver. CRIS MONTEIRO (NOVO),Vereador
653866,1,2246,Ver. MAJOR PALUMBO (PP),Vereador
653925,1,1635,Ver. DRA. SANDRA TADEU (PL),Vereador
654259,1,2254,Ver. LUNA ZARATTINI (PT),Vereador
654667,1,2249,Ver. NUNES PEIXEIRO (MDB),Vereador
654817,1,2205,Ver. LUANA ALVES (PSOL),Vereador
655394,1,2209,Ver. DANILO DO POSTO DE SAÚDE (PODE),Vereador
655669,1,2159,Ver. RUTE COSTA (PL),Vereador
655721,1,2222,Ver. CRIS MONTEIRO (NOVO),Vereador
655744,1,2219,Ver. MARCELO MESSIAS (MDB),Vereador
655748,1,2221,Ver. ELI CORRÊA (UNIÃO),Vereador
655748,2,2219,Ver. MARCELO MESSIAS (MDB),Vereador
656082,1,1636,Ver. DR. MILTON FERREIRA (PODE),Vereador
656203,1,1487,Ver. RICARDO TEIXEIRA (UNIÃO),Vereador
656206,1,1487,Ver. RICARDO TEIXEIRA (UNIÃO),Vereador
656206,2,2153,Ver. RODRIGO GOULART (PSD),Vereador
656207,1,1487,Ver. RICARDO TEIXEIRA (UNIÃO),Vereador
656207,2,2219,Ver. MARCELO MESSIAS (MDB),Vereador
656207,3,2217,Ver. SANSÃO PEREIRA (REPUBLICANOS),Vereador
656207,4,2249,Ver. NUNES PEIXEIRO (MDB),Vereador
656229,1,1487,Ver. RICARDO TEIXEIRA (UNIÃO),Vereador
656421,1,2219,Ver. MARCELO MESSIAS (MDB),Vereador
656421,2,2279,Ver. SILVINHO LEITE (UNIÃO),Vereador
656550,1,2217,Ver. SANSÃO PEREIRA (REPUBLICANOS),Vereador
656550,2,2000,Ver. ALESSANDRO GUEDES (PT),Vereador
656550,3,676,Ver. ATÍLIO FRANCISCO (REPUBLICANOS),Vereador
656550,4,224,Ver. AURÉLIO NOMURA (PSD),Vereador
656550,5,2154,Ver. CAMILO CRISTÓFARO (AVANTE),Vereador
656550,6,2185,Ver. CELSO GIANNAZI (PSOL),Vereador
656550,7,1647,Ver. EDIR SALES (PSD),Vereador
656550,8,2221,Ver. ELI CORRÊA (UNIÃO),Vereador
656550,9,2144,Ver. FABIO RIVA (MDB),Vereador
656550,10,2147,Ver. ISAC FÉLIX (PL),Vereador
656550,11,2001,Ver. JAIR TATTO (PT),Vereador
656550,12,2152,Ver. RINALDI DIGILIO (UNIÃO),Vereador
656550,13,2159,Ver. RUTE COSTA (PL),Vereador
656550,14,1635,Ver. DRA. SANDRA TADEU (PL),Vereador
656550,15,1349,Ver. SENIVAL MOURA (PT),Vereador
657353,1,2185,Ver. CELSO GIANNAZI (PSOL),Vereador
657365,1,2254,Ver. LUNA ZARATTINI (PT),Vereador
657682,1,2222,Ver. CRIS MONTEIRO (NOVO),Vereador
658006,1,1635,Ver. DRA. SANDRA TADEU (PL),Vereador
658154,1,2153,Ver. RODRIGO GOULART (PSD),Vereador
658154,2,2218,Ver. THAMMY MIRANDA (PSD),Vereador
658339,1,1635,Ver. DRA. SANDRA TADEU (PL),Vereador
658664,1,1487,Ver. RICARDO TEIXEIRA (UNIÃO),Vereador
658664,2,1999,Ver. PROFESSOR TONINHO VESPOLI (PSOL),Vereador
658668,1,2147,Ver. ISAC FÉLIX (PL),Vereador
658691,1,2159,Ver. RUTE COSTA (PL),Vereador
658960,1,2001,Ver. JAIR TATTO (PT),Vereador
658960,2,155,Ver. ARSELINO TATTO (PT),Vereador
658963,1,1487,Ver. RICARDO TEIXEIRA (UNIÃO),Vereador
658964,1,1487,Ver. RICARDO TEIXEIRA (UNIÃO),Vereador
659858,1,2159,Ver. RUTE COSTA (PL),Vereador
660386,1,1999,Ver. PROFESSOR TONINHO VESPOLI (PSOL),Vereador
660424,1,2219,Ver. MARCELO MESSIAS (MDB),Vereador
660424,2,2279,Ver. SILVINHO LEITE (UNIÃO),Vereador
660948,1,2211,Ver. SIDNEY CRUZ (MDB),Vereador
660948,2,2218,Ver. THAMMY MIRANDA (PSD),Vereador
661144,1,2001,Ver. JAIR TATTO (PT),Vereador
662459,1,1296,Ver. ADILSON AMADEU (UNIÃO),Vereador
662705,1,2219,Ver. MARCELO MESSIAS (MDB),Vereador
662732,1,1487,Ver. RICARDO TEIXEIRA (UNIÃO),Vereador
662732,2,2224,Ver. SANDRA SANTANA (MDB),Vereador
662732,3,2218,Ver. THAMMY MIRANDA (PSD),Vereador
662741,1,2219,Ver. MARCELO MESSIAS (MDB),Vereador
662817,1,2256,Ver. HÉLIO RODRIGUES (PT),Vereador
662937,1,2185,Ver. CELSO GIANNAZI (PSOL),Vereador
662948,1,224,Ver. AURÉLIO NOMURA (PSD),Vereador
662948,2,2146,Ver. GILBERTO NASCIMENTO (PL),Vereador
663026,1,2222,Ver. CRIS MONTEIRO (NOVO),Vereador
663083,1,2219,Ver. MARCELO MESSIAS (MDB),Vereador
663084,1,2219,Ver. MARCELO MESSIAS (MDB),Vereador
663085,1,2219,Ver. MARCELO MESSIAS (MDB),Vereador
663544,1,2219,Ver. MARCELO MESSIAS (MDB),Vereador
663807,1,2152,Ver. RINALDI DIGILIO (UNIÃO),Vereador
663807,2,2146,Ver. GILBERTO NASCIMENTO (PL),Vereador
664132,1,2218,Ver. THAMMY MIRANDA (PSD),Vereador
664156,1,2219,Ver. MARCELO MESSIAS (MDB),Vereador
664331,1,1487,Ver. RICARDO TEIXEIRA (UNIÃO),Vereador
664331,2,2218,Ver. THAMMY MIRANDA (PSD),Vereador
664331,3,2279,Ver. SILVINHO LEITE (UNIÃO),Vereador
664463,1,2206,Ver. SILVIA DA BANCADA FEMINISTA (PSOL),Vereador
664665,1,2254,Ver. LUNA ZARATTINI (PT),Vereador
664950,1,2218,Ver. THAMMY MIRANDA (PSD),Vereador
665072,1,2150,Ver. ANDRÉ SANTOS (REPUBLICANOS),Vereador
665101,1,2150,Ver. ANDRÉ SANTOS (REPUBLICANOS),Vereador
665130,1,1487,Ver. RICARDO TEIXEIRA (UNIÃO),Vereador
665238,1,2255,Ver. JOÃO ANANIAS (PT),Vereador
665238,2,2272,Ver. DHEISON SILVA (PT),Vereador
665724,1,776,Ver. ELISEU GABRIEL (PSB),Vereador
665819,1,1999,Ver. PROFESSOR TONINHO VESPOLI (PSOL),Vereador
665840,1,1635,Ver. DRA. SANDRA TADEU (PL),Vereador
666466,1,2205,Ver. LUANA ALVES (PSOL),Vereador
666633,1,2147,Ver. ISAC FÉLIX (PL),Vereador
666655,1,2147,Ver. ISAC FÉLIX (PL),Vereador
666655,2,2214,Ver. RUBINHO NUNES (UNIÃO),Vereador
666902,1,1349,Ver. SENIVAL MOURA (PT),Vereador
666909,1,2218,Ver. THAMMY MIRANDA (PSD),Vereador
666987,1,2205,Ver. LUANA ALVES (PSOL),Vereador
667095,1,2001,Ver. JAIR TATTO (PT),Vereador
667095,2,2217,Ver. SANSÃO PEREIRA (REPUBLICANOS),Vereador
667634,1,1635,Ver. DRA. SANDRA TADEU (PL),Vereador
667780,1,2153,Ver. RODRIGO GOULART (PSD),Vereador
667780,2,2218,Ver. THAMMY MIRANDA (PSD),Vereador
667865,1,2256,Ver. HÉLIO RODRIGUES (PT),Vereador
667899,1,2131,Ver. RODOLFO DESPACHANTE (UNIÃO),Vereador
667899,2,2146,Ver. GILBERTO NASCIMENTO (PL),Vereador
667899,3,1999,Ver. PROFESSOR TONINHO VESPOLI (PSOL),Vereador
667903,1,2249,Ver. NUNES PEIXEIRO (MDB),Vereador
667943,1,2153,Ver. RODRIGO GOULART (PSD),Vereador
667943,2,2218,Ver. THAMMY MIRANDA (PSD),Vereador
667947,1,2205,Ver. LUANA ALVES (PSOL),Vereador
667957,1,2205,Ver. LUANA ALVES (PSOL),Vereador
668016,1,2249,Ver. NUNES PEIXEIRO (MDB),Vereador
668286,1,2219,Ver. MARCELO MESSIAS (MDB),Vereador
668534,1,2155,Ver. JANAÍNA LIMA (PP),Vereador
668534,2,2277,Ver. JANAINA PASCHOAL (PP),Vereador
668976,1,2159,Ver. RUTE COSTA (PL),Vereador
669023,1,2150,Ver. ANDRÉ SANTOS (REPUBLICANOS),Vereador
669023,2,2218,Ver. THAMMY MIRANDA (PSD),Vereador
669024,1,2150,Ver. ANDRÉ SANTOS (REPUBLICANOS),Vereador
669025,1,2150,Ver. ANDRÉ SANTOS (REPUBLICANOS),Vereador
669025,2,2214,Ver. RUBINHO NUNES (UNIÃO),Vereador
669026,1,2150,Ver. ANDRÉ SANTOS (REPUBLICANOS),Vereador
669027,1,776,Ver. ELISEU GABRIEL (PSB),Vereador
669148,1,2159,Ver. RUTE COSTA (PL),Vereador
669257,1,2206,Ver. SILVIA DA BANCADA FEMINISTA (PSOL),Vereador
669497,1,2217,Ver. SANSÃO PEREIRA (REPUBLICANOS),Vereador
669888,1,2185,Ver. CELSO GIANNAZI (PSOL),Vereador
670005,1,2001,Ver. JAIR TATTO (PT),Vereador
670033,1,2159,Ver. RUTE COSTA (PL),Vereador
670219,1,2147,Ver. ISAC FÉLIX (PL),Vereador
670401,1,2144,Ver. FABIO RIVA (MDB),Vereador
670409,1,2254,Ver. LUNA ZARATTINI (PT),Vereador
670614,1,2150,Ver. ANDRÉ SANTOS (REPUBLICANOS),Vereador
670614,2,2218,Ver. THAMMY MIRANDA (PSD),Vereador
670636,1,1635,Ver. DRA. SANDRA TADEU (PL),Vereador
670637,1,1999,Ver. PROFESSOR TONINHO VESPOLI (PSOL),Vereador
670815,1,2246,Ver. MAJOR PALUMBO (PP),Vereador
670817,1,2206,Ver. SILVIA DA BANCADA FEMINISTA (PSOL),Vereador
670993,1,2206,Ver. SILVIA DA BANCADA FEMINISTA (PSOL),Vereador
671006,1,2249,Ver. NUNES PEIXEIRO (MDB),Vereador
671006,2,2219,Ver. MARCELO MESSIAS (MDB),Vereador
671041,1,2249,Ver. NUNES PEIXEIRO (MDB),Vereador
671192,1,2150,Ver. ANDRÉ SANTOS (REPUBLICANOS),Vereador
671193,1,2150,Ver. ANDRÉ SANTOS (REPUBLICANOS),Vereador
671195,1,776,Ver. ELISEU GABRIEL (PSB),Vereador
671195,2,224,Ver. AURÉLIO NOMURA (PSD),Vereador
671517,1,2250,Ver. CORONEL SALLES (PSD),Vereador
671517,2,2146,Ver. GILBERTO NASCIMENTO (PL),Vereador
671517,3,2279,Ver. SILVINHO LEITE (UNIÃO),Vereador
671847,1,2185,Ver. CELSO GIANNAZI (PSOL),Vereador
671856,1,1487,Ver. RICARDO TEIXEIRA (UNIÃO),Vereador
672447,1,2144,Ver. FABIO RIVA (MDB),Vereador
672871,1,2206,Ver. SILVIA DA BANCADA FEMINISTA (PSOL),Vereador
672871,2,2278,Ver. KEIT LIMA (PSOL),Vereador
672957,1,1635,Ver. DRA. SANDRA TADEU (PL),Vereador
673065,1,224,Ver. AURÉLIO NOMURA (PSD),Vereador
673065,2,2146,Ver. GILBERTO NASCIMENTO (PL),Vereador
673186,1,2153,Ver. RODRIGO GOULART (PSD),Vereador
673186,2,2218,Ver. THAMMY MIRANDA (PSD),Vereador
673197,1,1,PREFEITURA DO MUNICÍPIO DE SÃO PAULO,Remetente
673311,1,2209,Ver. DANILO DO POSTO DE SAÚDE (PODE),Vereador
673317,1,2205,Ver. LUANA ALVES (PSOL),Vereador
673317,2,2131,Ver. RODOLFO DESPACHANTE (UNIÃO),Vereador
673317,3,1487,Ver. RICARDO TEIXEIRA (UNIÃO),Vereador
673438,1,2144,Ver. FABIO RIVA (MDB),Vereador
674126,1,267,Ver. PAULO FRANGE (MDB),Vereador
674144,1,776,Ver. ELISEU GABRIEL (PSB),Vereador
674173,1,2214,Ver. RUBINHO NUNES (UNIÃO),Vereador
674173,2,1635,Ver. DRA. SANDRA TADEU (PL),Vereador
674207,1,2249,Ver. NUNES PEIXEIRO (MDB),Vereador
674435,1,2147,Ver. ISAC FÉLIX (PL),Vereador
674436,1,2147,Ver. ISAC FÉLIX (PL),Vereador
674437,1,2144,Ver. FABIO RIVA (MDB),Vereador
674443,1,2159,Ver. RUTE COSTA (PL),Vereador
674443,2,1989,Ver. GEORGE HATO (MDB),Vereador
674443,3,2224,Ver. SANDRA SANTANA (MDB),Vereador
674443,4,2217,Ver. SANSÃO PEREIRA (REPUBLICANOS),Vereador
674443,5,2276,Ver. SILVÃO LEITE (UNIÃO),Vereador
674533,1,1487,Ver. RICARDO TEIXEIRA (UNIÃO),Vereador
674643,1,1635,Ver. DRA. SANDRA TADEU (PL),Vereador
674713,1,2160,Ver. JOÃO JORGE (MDB),Vereador
674768,1,2214,Ver. RUBINHO NUNES (UNIÃO),Vereador
674977,1,2254,Ver. LUNA ZARATTINI (PT),Vereador
674977,2,2243,Ver. DR. ADRIANO SANTOS (PT),Vereador
675233,1,1999,Ver. PROFESSOR TONINHO VESPOLI (PSOL),Vereador
675804,1,2224,Ver. SANDRA SANTANA (MDB),Vereador
675824,1,2246,Ver. MAJOR PALUMBO (PP),Vereador
675899,1,776,Ver. ELISEU GABRIEL (PSB),Vereador
676025,1,2249,Ver. NUNES PEIXEIRO (MDB),Vereador
676140,1,2249,Ver. NUNES PEIXEIRO (MDB),Vereador
676150,1,2256,Ver. HÉLIO RODRIGUES (PT),Vereador
676150,2,2243,Ver. DR. ADRIANO SANTOS (PT),Vereador
676524,1,1999,Ver. PROFESSOR TONINHO VESPOLI (PSOL),Vereador
676536,1,776,Ver. ELISEU GABRIEL (PSB),Vereador
677128,1,2147,Ver. ISAC FÉLIX (PL),Vereador
677128,2,2279,Ver. SILVINHO LEITE (UNIÃO),Vereador
677475,1,2147,Ver. ISAC FÉLIX (PL),Vereador
677486,1,1487,Ver. RICARDO TEIXEIRA (UNIÃO),Vereador
677486,2,1999,Ver. PROFESSOR TONINHO VESPOLI (PSOL),Vereador
677486,3,2228,Ver. RENATA FALZONI (PSB),Vereador
677486,4,267,Ver. PAULO FRANGE (MDB),Vereador
677487,1,1487,Ver. RICARDO TEIXEIRA (UNIÃO),Vereador
677609,1,2159,Ver. RUTE COSTA (PL),Vereador
677718,1,776,Ver. ELISEU GABRIEL (PSB),Vereador
677797,1,2206,Ver. SILVIA DA BANCADA FEMINISTA (PSOL),Vereador
678091,1,2209,Ver. DANILO DO POSTO DE SAÚDE (PODE),Vereador
678332,1,1635,Ver. DRA. SANDRA TADEU (PL),Vereador
678332,2,2210,Ver. ELY TERUEL (MDB),Vereador
678332,3,2279,Ver. SILVINHO LEITE (UNIÃO),Vereador
678332,4,2221,Ver. ELI CORRÊA (UNIÃO),Vereador
678451,1,2147,Ver. ISAC FÉLIX (PL),Vereador
678542,1,2001,Ver. JAIR TATTO (PT),Vereador
678546,1,2001,Ver. JAIR TATTO (PT),Vereador
678547,1,2001,Ver. JAIR TATTO (PT),Vereador
678640,1,2150,Ver. ANDRÉ SANTOS (REPUBLICANOS),Vereador
678680,1,1647,Ver. EDIR SALES (PSD),Vereador
678799,1,224,Ver. AURÉLIO NOMURA (PSD),Vereador
678799,2,2146,Ver. GILBERTO NASCIMENTO (PL),Vereador
678839,1,1487,Ver. RICARDO TEIXEIRA (UNIÃO),Vereador
678902,1,2000,Ver. ALESSANDRO GUEDES (PT),Vereador
678903,1,2000,Ver. ALESSANDRO GUEDES (PT),Vereador
678919,1,1636,Ver. DR. MILTON FERREIRA (PODE),Vereador
678963,1,1635,Ver. DRA. SANDRA TADEU (PL),Vereador
678974,1,2219,Ver. MARCELO MESSIAS (MDB),Vereador
679082,1,1487,Ver. RICARDO TEIXEIRA (UNIÃO),Vereador
679122,1,2147,Ver. ISAC FÉLIX (PL),Vereador
679124,1,1647,Ver. EDIR SALES (PSD),Vereador
679421,1,2249,Ver. NUNES PEIXEIRO (MDB),Vereador
679421,2,2131,Ver. RODOLFO DESPACHANTE (UNIÃO),Vereador
679566,1,2249,Ver. NUNES PEIXEIRO (MDB),Vereador
679698,1,2180,Ver. MANOEL DEL RIO (PT),Vereador
679698,2,2272,Ver. DHEISON SILVA (PT),Vereador
679918,1,1487,Ver. RICARDO TEIXEIRA (UNIÃO),Vereador
680064,1,2243,Ver. DR. ADRIANO SANTOS (PT),Vereador
680064,2,2001,Ver. JAIR TATTO (PT),Vereador
680206,1,2150,Ver. ANDRÉ SANTOS (REPUBLICANOS),Vereador
680230,1,1647,Ver. EDIR SALES (PSD),Vereador
680275,1,2205,Ver. LUANA ALVES (PSOL),Vereador
680277,1,1635,Ver. DRA. SANDRA TADEU (PL),Vereador
680280,1,1635,Ver. DRA. SANDRA TADEU (PL),Vereador
680474,1,2146,Ver. GILBERTO NASCIMENTO (PL),Vereador
680477,1,2146,Ver. GILBERTO NASCIMENTO (PL),Vereador
680637,1,2185,Ver. CELSO GIANNAZI (PSOL),Vereador
680716,1,2255,Ver. JOÃO ANANIAS (PT),Vereador
681133,1,1487,Ver. RICARDO TEIXEIRA (UNIÃO),Vereador
681133,2,1296,Ver. ADILSON AMADEU (UNIÃO),Vereador
681135,1,1487,Ver. RICARDO TEIXEIRA (UNIÃO),Vereador
681135,2,2243,Ver. DR. ADRIANO SANTOS (PT),Vereador
681135,3,2224,Ver. SANDRA SANTANA (MDB),Vereador
681143,1,2262,Ver. WALDIR JÚNIOR (PSD),Vereador
681143,2,1647,Ver. EDIR SALES (PSD),Vereador
681228,1,2211,Ver. SIDNEY CRUZ (MDB),Vereador
681310,1,2211,Ver. SIDNEY CRUZ (MDB),Vereador
681320,1,2254,Ver. LUNA ZARATTINI (PT),Vereador
681345,1,2205,Ver. LUANA ALVES (PSOL),Vereador
681352,1,2250,Ver. CORONEL SALLES (PSD),Vereador
681352,2,2218,Ver. THAMMY MIRANDA (PSD),Vereador
681354,1,2144,Ver. FABIO RIVA (MDB),Vereador
681360,1,1487,Ver. RICARDO TEIXEIRA (UNIÃO),Vereador
681378,1,2209,Ver. DANILO DO POSTO DE SAÚDE (PODE),Vereador
681528,1,1487,Ver. RICARDO TEIXEIRA (UNIÃO),Vereador
681549,1,2150,Ver. ANDRÉ SANTOS (REPUBLICANOS),Vereador
681571,1,776,Ver. ELISEU GABRIEL (PSB),Vereador
681868,1,2160,Ver. JOÃO JORGE (MDB),Vereador
681870,1,776,Ver. ELISEU GABRIEL (PSB),Vereador
681968,1,2153,Ver. RODRIGO GOULART (PSD),Vereador
681968,2,2218,Ver. THAMMY MIRANDA (PSD),Vereador
682130,1,1487,Ver. RICARDO TEIXEIRA (UNIÃO),Vereador
682132,1,1487,Ver. RICARDO TEIXEIRA (UNIÃO),Vereador
682132,2,2216,Ver. SONAIRA FERNANDES (PL),Vereador
682219,1,2180,Ver. MANOEL DEL RIO (PT),Vereador
682219,2,2272,Ver. DHEISON SILVA (PT),Vereador
682224,1,1647,Ver. EDIR SALES (PSD),Vereador
682250,1,2147,Ver. ISAC FÉLIX (PL),Vereador
682444,1,2219,Ver. MARCELO MESSIAS (MDB),Vereador
682543,1,224,Ver. AURÉLIO NOMURA (PSD),Vereador
682543,2,2146,Ver. GILBERTO NASCIMENTO (PL),Vereador
682633,1,1487,Ver. RICARDO TEIXEIRA (UNIÃO),Vereador
682655,1,2218,Ver. THAMMY MIRANDA (PSD),Vereador
682811,1,2144,Ver. FABIO RIVA (MDB),Vereador
683153,1,2205,Ver. LUANA ALVES (PSOL),Vereador
683249,1,1647,Ver. EDIR SALES (PSD),Vereador
683661,1,2214,Ver. RUBINHO NUNES (UNIÃO),Vereador
683698,1,2185,Ver. CELSO GIANNAZI (PSOL),Vereador
683725,1,2180,Ver. MANOEL DEL RIO (PT),Vereador
683725,2,2255,Ver. JOÃO ANANIAS (PT),Vereador
683725,3,2256,Ver. HÉLIO RODRIGUES (PT),Vereador
683725,4,2278,Ver. KEIT LIMA (PSOL),Vereador
683836,1,1487,Ver. RICARDO TEIXEIRA (UNIÃO),Vereador
684073,1,1487,Ver. RICARDO TEIXEIRA (UNIÃO),Vereador
684429,1,776,Ver. ELISEU GABRIEL (PSB),Vereador
684634,1,2243,Ver. DR. ADRIANO SANTOS (PT),Vereador
684634,2,2001,Ver. JAIR TATTO (PT),Vereador
684969,1,776,Ver. ELISEU GABRIEL (PSB),Vereador
685100,1,776,Ver. ELISEU GABRIEL (PSB),Vereador
685400,1,2000,Ver. ALESSANDRO GUEDES (PT),Vereador
685401,1,2000,Ver. ALESSANDRO GUEDES (PT),Vereador
685468,1,2249,Ver. NUNES PEIXEIRO (MDB),Vereador
685476,1,2249,Ver. NUNES PEIXEIRO (MDB),Vereador
685993,1,2249,Ver. NUNES PEIXEIRO (MDB),Vereador
686068,1,1349,Ver. SENIVAL MOURA (PT),Vereador
686099,1,2221,Ver. ELI CORRÊA (UNIÃO),Vereador
686099,2,2146,Ver. GILBERTO NASCIMENTO (PL),Vereador
686102,1,2206,Ver. SILVIA DA BANCADA FEMINISTA (PSOL),Vereador
686103,1,2218,Ver. THAMMY MIRANDA (PSD),Vereador
686216,1,2206,Ver. SILVIA DA BANCADA FEMINISTA (PSOL),Vereador
686257,1,2205,Ver. LUANA ALVES (PSOL),Vereador
686270,1,2205,Ver. LUANA ALVES (PSOL),Vereador
686292,1,2205,Ver. LUANA ALVES (PSOL),Vereador
686648,1,2243,Ver. DR. ADRIANO SANTOS (PT),Vereador
686648,2,2001,Ver. JAIR TATTO (PT),Vereador
686661,1,1999,Ver. PROFESSOR TONINHO VESPOLI (PSOL),Vereador
686682,1,1999,Ver. PROFESSOR TONINHO VESPOLI (PSOL),Vereador
686722,1,2254,Ver. LUNA ZARATTINI (PT),Vereador
686817,1,2206,Ver. SILVIA DA BANCADA FEMINISTA (PSOL),Vereador
686940,1,2224,Ver. SANDRA SANTANA (MDB),Vereador
687342,1,2185,Ver. CELSO GIANNAZI (PSOL),Vereador
687702,1,2205,Ver. LUANA ALVES (PSOL),Vereador
687784,1,2224,Ver. SANDRA SANTANA (MDB),Vereador
687788,1,2147,Ver. ISAC FÉLIX (PL),Vereador
688296,1,2206,Ver. SILVIA DA BANCADA FEMINISTA (PSOL),Vereador
688326,1,2180,Ver. MANOEL DEL RIO (PT),Vereador
688326,2,2001,Ver. JAIR TATTO (PT),Vereador
688589,1,1635,Ver. DRA. SANDRA TADEU (PL),Vereador
688631,1,2205,Ver. LUANA ALVES (PSOL),Vereador
688634,1,2249,Ver. NUNES PEIXEIRO (MDB),Vereador
688664,1,1487,Ver. RICARDO TEIXEIRA (UNIÃO),Vereador
689048,1,2219,Ver. MARCELO MESSIAS (MDB),Vereador
689087,1,2254,Ver. LUNA ZARATTINI (PT),Vereador
689124,1,2254,Ver. LUNA ZARATTINI (PT),Vereador
689148,1,2217,Ver. SANSÃO PEREIRA (REPUBLICANOS),Vereador
689576,1,2209,Ver. DANILO DO POSTO DE SAÚDE (PODE),Vereador
689615,1,1647,Ver. EDIR SALES (PSD),Vereador
689693,1,776,Ver. ELISEU GABRIEL (PSB),Vereador
689694,1,776,Ver. ELISEU GABRIEL (PSB),Vereador
689695,1,776,Ver. ELISEU GABRIEL (PSB),Vereador
689695,2,2278,Ver. KEIT LIMA (PSOL),Vereador
689740,1,1647,Ver. EDIR SALES (PSD),Vereador
689971,1,2216,Ver. SONAIRA FERNANDES (PL),Vereador
690234,1,2221,Ver. ELI CORRÊA (UNIÃO),Vereador
690234,2,2146,Ver. GILBERTO NASCIMENTO (PL),Vereador
690234,3,2279,Ver. SILVINHO LEITE (UNIÃO),Vereador
690512,1,1635,Ver. DRA. SANDRA TADEU (PL),Vereador
690617,1,2254,Ver. LUNA ZARATTINI (PT),Vereador
690673,1,2214,Ver. RUBINHO NUNES (UNIÃO),Vereador
690760,1,2205,Ver. LUANA ALVES (PSOL),Vereador
690765,1,1635,Ver. DRA. SANDRA TADEU (PL),Vereador
690780,1,2159,Ver. RUTE COSTA (PL),Vereador
690781,1,2159,Ver. RUTE COSTA (PL),Vereador
690805,1,1999,Ver. PROFESSOR TONINHO VESPOLI (PSOL),Vereador
690806,1,2219,Ver. MARCELO MESSIAS (MDB),Vereador
690978,1,2147,Ver. ISAC FÉLIX (PL),Vereador
691105,1,1989,Ver. GEORGE HATO (MDB),Vereador
691291,1,2219,Ver. MARCELO MESSIAS (MDB),Vereador
691292,1,2001,Ver. JAIR TATTO (PT),Vereador
691293,1,2001,Ver. JAIR TATTO (PT),Vereador
691299,1,2001,Ver. JAIR TATTO (PT),Vereador
691322,1,1487,Ver. RICARDO TEIXEIRA (UNIÃO),Vereador
691386,1,2254,Ver. LUNA ZARATTINI (PT),Vereador
691386,2,2205,Ver. LUANA ALVES (PSOL),Vereador
691659,1,1487,Ver. RICARDO TEIXEIRA (UNIÃO),Vereador
691805,1,2205,Ver. LUANA ALVES (PSOL),Vereador
691805,2,2254,Ver. LUNA ZARATTINI (PT),Vereador
691845,1,1635,Ver. DRA. SANDRA TADEU (PL),Vereador
691845,2,2278,Ver. KEIT LIMA (PSOL),Vereador
691957,1,2218,Ver. THAMMY MIRANDA (PSD),Vereador
691957,2,2279,Ver. SILVINHO LEITE (UNIÃO),Vereador
692187,1,2185,Ver. CELSO GIANNAZI (PSOL),Vereador
692257,1,2217,Ver. SANSÃO PEREIRA (REPUBLICANOS),Vereador
692481,1,2185,Ver. CELSO GIANNAZI (PSOL),Vereador
692850,1,1487,Ver. RICARDO TEIXEIRA (UNIÃO),Vereador
692851,1,1487,Ver. RICARDO TEIXEIRA (UNIÃO),Vereador
692852,1,1487,Ver. RICARDO TEIXEIRA (UNIÃO),Vereador
692853,1,1487,Ver. RICARDO TEIXEIRA (UNIÃO),Vereador
692869,1,2146,Ver. GILBERTO NASCIMENTO (PL),Vereador
693157,1,2214,Ver. RUBINHO NUNES (UNIÃO),Vereador
693370,1,2000,Ver. ALESSANDRO GUEDES (PT),Vereador
693514,1,2206,Ver. SILVIA DA BANCADA FEMINISTA (PSOL),Vereador
693612,1,1635,Ver. DRA. SANDRA TADEU (PL),Vereador
693614,1,2249,Ver. NUNES PEIXEIRO (MDB),Vereador
693699,1,1647,Ver. EDIR SALES (PSD),Vereador
693857,1,1296,Ver. ADILSON AMADEU (UNIÃO),Vereador
694196,1,267,Ver. PAULO FRANGE (MDB),Vereador
694212,1,2256,Ver. HÉLIO RODRIGUES (PT),Vereador
694389,1,2243,Ver. DR. ADRIANO SANTOS (PT),Vereador
694389,2,2001,Ver. JAIR TATTO (PT),Vereador
694517,1,1635,Ver. DRA. SANDRA TADEU (PL),Vereador
694519,1,1635,Ver. DRA. SANDRA TADEU (PL),Vereador
694913,1,1487,Ver. RICARDO TEIXEIRA (UNIÃO),Vereador
694937,1,2185,Ver. CELSO GIANNAZI (PSOL),Vereador
695060,1,1487,Ver. RICARDO TEIXEIRA (UNIÃO),Vereador
695163,1,2153,Ver. RODRIGO GOULART (PSD),Vereador
695163,2,2218,Ver. THAMMY MIRANDA (PSD),Vereador
695259,1,2256,Ver. HÉLIO RODRIGUES (PT),Vereador
695467,1,2243,Ver. DR. ADRIANO SANTOS (PT),Vereador
695467,2,2001,Ver. JAIR TATTO (PT),Vereador
695505,1,2185,Ver. CELSO GIANNAZI (PSOL),Vereador
695510,1,1349,Ver. SENIVAL MOURA (PT),Vereador
695525,1,2254,Ver. LUNA ZARATTINI (PT),Vereador
695579,1,1487,Ver. RICARDO TEIXEIRA (UNIÃO),Vereador
695613,1,2146,Ver. GILBERTO NASCIMENTO (PL),Vereador
695721,1,1647,Ver. EDIR SALES (PSD),Vereador
695724,1,2153,Ver. RODRIGO GOULART (PSD),Vereador
695724,2,2218,Ver. THAMMY MIRANDA (PSD),Vereador
695725,1,1999,Ver. PROFESSOR TONINHO VESPOLI (PSOL),Vereador
695726,1,1487,Ver. RICARDO TEIXEIRA (UNIÃO),Vereador
695996,1,2153,Ver. RODRIGO GOULART (PSD),Vereador
695996,2,2218,Ver. THAMMY MIRANDA (PSD),Vereador
696099,1,2205,Ver. LUANA ALVES (PSOL),Vereador
696100,1,2254,Ver. LUNA ZARATTINI (PT),Vereador
696135,1,2153,Ver. RODRIGO GOULART (PSD),Vereador
696135,2,2218,Ver. THAMMY MIRANDA (PSD),Vereador
696207,1,2150,Ver. ANDRÉ SANTOS (REPUBLICANOS),Vereador
696613,1,267,Ver. PAULO FRANGE (MDB),Vereador
696828,1,2155,Ver. JANAÍNA LIMA (PP),Vereador
696828,2,2273,Ver. DR. MURILLO LIMA (PP),Vereador
696951,1,2243,Ver. DR. ADRIANO SANTOS (PT),Vereador
696951,2,2001,Ver. JAIR TATTO (PT),Vereador
697150,1,2185,Ver. CELSO GIANNAZI (PSOL),Vereador
697151,1,2217,Ver. SANSÃO PEREIRA (REPUBLICANOS),Vereador
697297,1,1296,Ver. ADILSON AMADEU (UNIÃO),Vereador
697440,1,1999,Ver. PROFESSOR TONINHO VESPOLI (PSOL),Vereador
697455,1,1296,Ver. ADILSON AMADEU (UNIÃO),Vereador
697550,1,2214,Ver. RUBINHO NUNES (UNIÃO),Vereador
697579,1,2246,Ver. MAJOR PALUMBO (PP),Vereador
697790,1,2146,Ver. GILBERTO NASCIMENTO (PL),Vereador
697951,1,2152,Ver. RINALDI DIGILIO (UNIÃO),Vereador
697951,2,2146,Ver. GILBERTO NASCIMENTO (PL),Vereador
697987,1,1999,Ver. PROFESSOR TONINHO VESPOLI (PSOL),Vereador
698599,1,2153,Ver. RODRIGO GOULART (PSD),Vereador
698599,2,2218,Ver. THAMMY MIRANDA (PSD),Vereador
698661,1,2146,Ver. GILBERTO NASCIMENTO (PL),Vereador
698662,1,2219,Ver. MARCELO MESSIAS (MDB),Vereador
698856,1,2219,Ver. MARCELO MESSIAS (MDB),Vereador
698856,2,2217,Ver. SANSÃO PEREIRA (REPUBLICANOS),Vereador
698926,1,2250,Ver. CORONEL SALLES (PSD),Vereador
698926,2,224,Ver. AURÉLIO NOMURA (PSD),Vereador
698926,3,2221,Ver. ELI CORRÊA (UNIÃO),Vereador
698926,4,2256,Ver. HÉLIO RODRIGUES (PT),Vereador
698926,5,2146,Ver. GILBERTO NASCIMENTO (PL),Vereador
699239,1,2218,Ver. THAMMY MIRANDA (PSD),Vereador
699239,2,2224,Ver. SANDRA SANTANA (MDB),Vereador
699239,3,2276,Ver. SILVÃO LEITE (UNIÃO),Vereador
699239,4,2217,Ver. SANSÃO PEREIRA (REPUBLICANOS),Vereador
699396,1,2211,Ver. SIDNEY CRUZ (MDB),Vereador
699397,1,2216,Ver. SONAIRA FERNANDES (PL),Vereador
699846,1,2219,Ver. MARCELO MESSIAS (MDB),Vereador
699848,1,776,Ver. ELISEU GABRIEL (PSB),Vereador
700320,1,2158,Ver. XEXÉU TRIPOLI (UNIÃO),Vereador
700320,2,273,Ver. MILTON LEITE (UNIÃO),Vereador
700320,3,2254,Ver. LUNA ZARATTINI (PT),Vereador
700320,4,2000,Ver. ALESSANDRO GUEDES (PT),Vereador
700320,5,2243,Ver. DR. ADRIANO SANTOS (PT),Vereador
700320,6,2211,Ver. SIDNEY CRUZ (MDB),Vereador
700320,7,2147,Ver. ISAC FÉLIX (PL),Vereador
700320,8,2218,Ver. THAMMY MIRANDA (PSD),Vereador
700320,9,1349,Ver. SENIVAL MOURA (PT),Vereador
700320,10,2249,Ver. NUNES PEIXEIRO (MDB),Vereador
700320,11,1635,Ver. DRA. SANDRA TADEU (PL),Vereador
700320,12,2248,Ver. JUSSARA BASSO (PSB),Vereador
700320,13,2205,Ver. LUANA ALVES (PSOL),Vereador
700320,14,2221,Ver. ELI CORRÊA (UNIÃO),Vereador
700320,15,2255,Ver. JOÃO ANANIAS (PT),Vereador
700320,16,2222,Ver. CRIS MONTEIRO (NOVO),Vereador
700320,17,2001,Ver. JAIR TATTO (PT),Vereador
700320,18,1999,Ver. PROFESSOR TONINHO VESPOLI (PSOL),Vereador
700343,1,2000,Ver. ALESSANDRO GUEDES (PT),Vereador
700506,1,1349,Ver. SENIVAL MOURA (PT),Vereador
700604,1,1999,Ver. PROFESSOR TONINHO VESPOLI (PSOL),Vereador
700631,1,1635,Ver. DRA. SANDRA TADEU (PL),Vereador
700645,1,2001,Ver. JAIR TATTO (PT),Vereador
700645,2,2278,Ver. KEIT LIMA (PSOL),Vereador
700646,1,2001,Ver. JAIR TATTO (PT),Vereador
700687,1,1647,Ver. EDIR SALES (PSD),Vereador
700720,1,2185,Ver. CELSO GIANNAZI (PSOL),Vereador
700839,1,2205,Ver. LUANA ALVES (PSOL),Vereador
700903,1,2219,Ver. MARCELO MESSIAS (MDB),Vereador
700903,2,2279,Ver. SILVINHO LEITE (UNIÃO),Vereador
700936,1,2159,Ver. RUTE COSTA (PL),Vereador
700937,1,1635,Ver. DRA. SANDRA TADEU (PL),Vereador
700941,1,2144,Ver. FABIO RIVA (MDB),Vereador
700982,1,267,Ver. PAULO FRANGE (MDB),Vereador
701212,1,2146,Ver. GILBERTO NASCIMENTO (PL),Vereador
701257,1,1999,Ver. PROFESSOR TONINHO VESPOLI (PSOL),Vereador
701740,1,2147,Ver. ISAC FÉLIX (PL),Vereador
701784,1,2255,Ver. JOÃO ANANIAS (PT),Vereador
701784,2,2272,Ver. DHEISON SILVA (PT),Vereador
701828,1,1487,Ver. RICARDO TEIXEIRA (UNIÃO),Vereador
701829,1,1487,Ver. RICARDO TEIXEIRA (UNIÃO),Vereador
701973,1,1487,Ver. RICARDO TEIXEIRA (UNIÃO),Vereador
702038,1,2150,Ver. ANDRÉ SANTOS (REPUBLICANOS),Vereador
702155,1,2250,Ver. CORONEL SALLES (PSD),Vereador
702155,2,2146,Ver. GILBERTO NASCIMENTO (PL),Vereador
702180,1,2185,Ver. CELSO GIANNAZI (PSOL),Vereador
702200,1,2222,Ver. CRIS MONTEIRO (NOVO),Vereador
702304,1,2147,Ver. ISAC FÉLIX (PL),Vereador
702306,1,2147,Ver. ISAC FÉLIX (PL),Vereador
702307,1,2147,Ver. ISAC FÉLIX (PL),Vereador
702308,1,2147,Ver. ISAC FÉLIX (PL),Vereador
702312,1,1635,Ver. DRA. SANDRA TADEU (PL),Vereador
702334,1,1349,Ver. SENIVAL MOURA (PT),Vereador
702372,1,2243,Ver. DR. ADRIANO SANTOS (PT),Vereador
702372,2,2001,Ver. JAIR TATTO (PT),Vereador
702372,3,2254,Ver. LUNA ZARATTINI (PT),Vereador
702379,1,2243,Ver. DR. ADRIANO SANTOS (PT),Vereador
702379,2,2001,Ver. JAIR TATTO (PT),Vereador
702465,1,2206,Ver. SILVIA DA BANCADA FEMINISTA (PSOL),Vereador
702469,1,2214,Ver. RUBINHO NUNES (UNIÃO),Vereador
702558,1,2146,Ver. GILBERTO NASCIMENTO (PL),Vereador
703050,1,2206,Ver. SILVIA DA BANCADA FEMINISTA (PSOL),Vereador
703050,2,2279,Ver. SILVINHO LEITE (UNIÃO),Vereador
703227,1,2206,Ver. SILVIA DA BANCADA FEMINISTA (PSOL),Vereador
703227,2,936,Ver. NABIL BONDUKI (PT),Vereador
703227,3,1349,Ver. SENIVAL MOURA (PT),Vereador
703227,4,2277,Ver. JANAINA PASCHOAL (PP),Vereador
703227,5,2278,Ver. KEIT LIMA (PSOL),Vereador
703227,6,2255,Ver. JOÃO ANANIAS (PT),Vereador
703227,7,2228,Ver. RENATA FALZONI (PSB),Vereador
703227,8,2269,Ver. MARINA BRAGANTE (PSB),Vereador
703227,9,2267,Ver. AMANDA PASCHOAL (PSOL),Vereador
703227,10,2218,Ver. THAMMY MIRANDA (PSD),Vereador
703227,11,2205,Ver. LUANA ALVES (PSOL),Vereador
703227,12,2254,Ver. LUNA ZARATTINI (PT),Vereador
703306,1,2249,Ver. NUNES PEIXEIRO (MDB),Vereador
703336,1,2150,Ver. ANDRÉ SANTOS (REPUBLICANOS),Vereador
703417,1,2185,Ver. CELSO GIANNAZI (PSOL),Vereador
703433,1,2208,Ver. ELAINE DO QUILOMBO PERIFÉRICO (PSOL),Vereador
703433,2,2254,Ver. LUNA ZARATTINI (PT),Vereador
703476,1,1487,Ver. RICARDO TEIXEIRA (UNIÃO),Vereador
703495,1,2159,Ver. RUTE COSTA (PL),Vereador
703539,1,2159,Ver. RUTE COSTA (PL),Vereador
703627,1,2249,Ver. NUNES PEIXEIRO (MDB),Vereador
703664,1,2206,Ver. SILVIA DA BANCADA FEMINISTA (PSOL),Vereador
704013,1,2153,Ver. RODRIGO GOULART (PSD),Vereador
704013,2,2218,Ver. THAMMY MIRANDA (PSD),Vereador
704182,1,776,Ver. ELISEU GABRIEL (PSB),Vereador
704264,1,2216,Ver. SONAIRA FERNANDES (PL),Vereador
704306,1,1487,Ver. RICARDO TEIXEIRA (UNIÃO),Vereador
704716,1,2209,Ver. DANILO DO POSTO DE SAÚDE (PODE),Vereador
704717,1,2146,Ver. GILBERTO NASCIMENTO (PL),Vereador
704774,1,2214,Ver. RUBINHO NUNES (UNIÃO),Vereador
704774,2,2160,Ver. JOÃO JORGE (MDB),Vereador
704972,1,1635,Ver. DRA. SANDRA TADEU (PL),Vereador
704973,1,2153,Ver. RODRIGO GOULART (PSD),Vereador
704973,2,2218,Ver. THAMMY MIRANDA (PSD),Vereador
704976,1,2153,Ver. RODRIGO GOULART (PSD),Vereador
704976,2,2218,Ver. THAMMY MIRANDA (PSD),Vereador
704976,3,2279,Ver. SILVINHO LEITE (UNIÃO),Vereador
704977,1,1349,Ver. SENIVAL MOURA (PT),Vereador
705060,1,2205,Ver. LUANA ALVES (PSOL),Vereador
705268,1,776,Ver. ELISEU GABRIEL (PSB),Vereador
705363,1,2146,Ver. GILBERTO NASCIMENTO (PL),Vereador
705363,2,2150,Ver. ANDRÉ SANTOS (REPUBLICANOS),Vereador
705501,1,2205,Ver. LUANA ALVES (PSOL),Vereador
705583,1,2219,Ver. MARCELO MESSIAS (MDB),Vereador
705585,1,2250,Ver. CORONEL SALLES (PSD),Vereador
705585,2,2219,Ver. MARCELO MESSIAS (MDB),Vereador
705587,1,1487,Ver. RICARDO TEIXEIRA (UNIÃO),Vereador
705608,1,776,Ver. ELISEU GABRIEL (PSB),Vereador
705657,1,776,Ver. ELISEU GABRIEL (PSB),Vereador
705687,1,2215,Ver. MARLON LUZ (MDB),Vereador
705687,2,2219,Ver. MARCELO MESSIAS (MDB),Vereador
705745,1,2217,Ver. SANSÃO PEREIRA (REPUBLICANOS),Vereador
705746,1,2217,Ver. SANSÃO PEREIRA (REPUBLICANOS),Vereador
705773,1,1647,Ver. EDIR SALES (PSD),Vereador
705782,1,776,Ver. ELISEU GABRIEL (PSB),Vereador
705826,1,2147,Ver. ISAC FÉLIX (PL),Vereador
705826,2,2219,Ver. MARCELO MESSIAS (MDB),Vereador
705906,1,2150,Ver. ANDRÉ SANTOS (REPUBLICANOS),Vereador
705906,2,2276,Ver. SILVÃO LEITE (UNIÃO),Vereador
706336,1,2217,Ver. SANSÃO PEREIRA (REPUBLICANOS),Vereador
706336,2,2224,Ver. SANDRA SANTANA (MDB),Vereador
706336,3,2278,Ver. KEIT LIMA (PSOL),Vereador
706496,1,776,Ver. ELISEU GABRIEL (PSB),Vereador
706498,1,2219,Ver. MARCELO MESSIAS (MDB),Vereador
706572,1,2217,Ver. SANSÃO PEREIRA (REPUBLICANOS),Vereador
706579,1,2185,Ver. CELSO GIANNAZI (PSOL),Vereador
706648,1,2185,Ver. CELSO GIANNAZI (PSOL),Vereador
706814,1,776,Ver. ELISEU GABRIEL (PSB),Vereador
706920,1,2219,Ver. MARCELO MESSIAS (MDB),Vereador
706920,2,2218,Ver. THAMMY MIRANDA (PSD),Vereador
707011,1,2217,Ver. SANSÃO PEREIRA (REPUBLICANOS),Vereador
707011,2,2279,Ver. SILVINHO LEITE (UNIÃO),Vereador
707011,3,2278,Ver. KEIT LIMA (PSOL),Vereador
707012,1,2217,Ver. SANSÃO PEREIRA (REPUBLICANOS),Vereador
707121,1,2150,Ver. ANDRÉ SANTOS (REPUBLICANOS),Vereador
707164,1,2206,Ver. SILVIA DA BANCADA FEMINISTA (PSOL),Vereador
707206,1,2243,Ver. DR. ADRIANO SANTOS (PT),Vereador
707206,2,2001,Ver. JAIR TATTO (PT),Vereador
707268,1,2243,Ver. DR. ADRIANO SANTOS (PT),Vereador
707268,2,2001,Ver. JAIR TATTO (PT),Vereador
707358,1,776,Ver. ELISEU GABRIEL (PSB),Vereador
707484,1,2206,Ver. SILVIA DA BANCADA FEMINISTA (PSOL),Vereador
707487,1,1999,Ver. PROFESSOR TONINHO VESPOLI (PSOL),Vereador
707547,1,776,Ver. ELISEU GABRIEL (PSB),Vereador
707548,1,776,Ver. ELISEU GABRIEL (PSB),Vereador
707593,1,776,Ver. ELISEU GABRIEL (PSB),Vereador
707596,1,2219,Ver. MARCELO MESSIAS (MDB),Vereador
707671,1,2147,Ver. ISAC FÉLIX (PL),Vereador
707698,1,1487,Ver. RICARDO TEIXEIRA (UNIÃO),Vereador
707737,1,2147,Ver. ISAC FÉLIX (PL),Vereador
707737,2,2159,Ver. RUTE COSTA (PL),Vereador
707737,3,2152,Ver. RINALDI DIGILIO (UNIÃO),Vereador
707839,1,2185,Ver. CELSO GIANNAZI (PSOL),Vereador
708016,1,1487,Ver. RICARDO TEIXEIRA (UNIÃO),Vereador
708016,2,2218,Ver. THAMMY MIRANDA (PSD),Vereador
708016,3,2279,Ver. SILVINHO LEITE (UNIÃO),Vereador
708246,1,1487,Ver. RICARDO TEIXEIRA (UNIÃO),Vereador
708247,1,1487,Ver. RICARDO TEIXEIRA (UNIÃO),Vereador
708251,1,2216,Ver. SONAIRA FERNANDES (PL),Vereador
708255,1,2216,Ver. SONAIRA FERNANDES (PL),Vereador
708256,1,2216,Ver. SONAIRA FERNANDES (PL),Vereador
708309,1,2159,Ver. RUTE COSTA (PL),Vereador
708338,1,2217,Ver. SANSÃO PEREIRA (REPUBLICANOS),Vereador
708340,1,2217,Ver. SANSÃO PEREIRA (REPUBLICANOS),Vereador
708341,1,2217,Ver. SANSÃO PEREIRA (REPUBLICANOS),Vereador
708342,1,2217,Ver. SANSÃO PEREIRA (REPUBLICANOS),Vereador
708342,2,2219,Ver. MARCELO MESSIAS (MDB),Vereador
708342,3,2276,Ver. SILVÃO LEITE (UNIÃO),Vereador
708343,1,2217,Ver. SANSÃO PEREIRA (REPUBLICANOS),Vereador
708343,2,2218,Ver. THAMMY MIRANDA (PSD),Vereador
708344,1,2217,Ver. SANSÃO PEREIRA (REPUBLICANOS),Vereador
708344,2,2219,Ver. MARCELO MESSIAS (MDB),Vereador
708344,3,2279,Ver. SILVINHO LEITE (UNIÃO),Vereador
708344,4,2221,Ver. ELI CORRÊA (UNIÃO),Vereador
708345,1,2217,Ver. SANSÃO PEREIRA (REPUBLICANOS),Vereador
708489,1,2217,Ver. SANSÃO PEREIRA (REPUBLICANOS),Vereador
708490,1,2217,Ver. SANSÃO PEREIRA (REPUBLICANOS),Vereador
708533,1,676,Ver. ATÍLIO FRANCISCO (REPUBLICANOS),Vereador
708533,2,2217,Ver. SANSÃO PEREIRA (REPUBLICANOS),Vereador
708533,3,2216,Ver. SONAIRA FERNANDES (PL),Vereador
708533,4,2150,Ver. ANDRÉ SANTOS (REPUBLICANOS),Vereador
708533,5,1636,Ver. DR. MILTON FERREIRA (PODE),Vereador
708533,6,2219,Ver. MARCELO MESSIAS (MDB),Vereador
708533,7,2147,Ver. ISAC FÉLIX (PL),Vereador
708533,8,2218,Ver. THAMMY MIRANDA (PSD),Vereador
708533,9,224,Ver. AURÉLIO NOMURA (PSD),Vereador
708533,10,2249,Ver. NUNES PEIXEIRO (MDB),Vereador
708533,11,2146,Ver. GILBERTO NASCIMENTO (PL),Vereador
708533,12,2153,Ver. RODRIGO GOULART (PSD),Vereador
708533,13,2250,Ver. CORONEL SALLES (PSD),Vereador
708533,14,2215,Ver. MARLON LUZ (MDB),Vereador
708563,1,2216,Ver. SONAIRA FERNANDES (PL),Vereador
708563,2,2282,Ver. LUCAS PAVANATO (PL),Vereador
708574,1,2216,Ver. SONAIRA FERNANDES (PL),Vereador
708604,1,2001,Ver. JAIR TATTO (PT),Vereador
708604,2,2218,Ver. THAMMY MIRANDA (PSD),Vereador
708949,1,2205,Ver. LUANA ALVES (PSOL),Vereador
708952,1,2147,Ver. ISAC FÉLIX (PL),Vereador
708954,1,2147,Ver. ISAC FÉLIX (PL),Vereador
708986,1,2224,Ver. SANDRA SANTANA (MDB),Vereador
709008,1,2146,Ver. GILBERTO NASCIMENTO (PL),Vereador
709010,1,2146,Ver. GILBERTO NASCIMENTO (PL),Vereador
709173,1,2243,Ver. DR. ADRIANO SANTOS (PT),Vereador
709173,2,2001,Ver. JAIR TATTO (PT),Vereador
709252,1,2180,Ver. MANOEL DEL RIO (PT),Vereador
709252,2,2272,Ver. DHEISON SILVA (PT),Vereador
709378,1,2256,Ver. HÉLIO RODRIGUES (PT),Vereador
709549,1,267,Ver. PAULO FRANGE (MDB),Vereador
709843,1,1296,Ver. ADILSON AMADEU (UNIÃO),Vereador
709982,1,2205,Ver. LUANA ALVES (PSOL),Vereador
710063,1,776,Ver. ELISEU GABRIEL (PSB),Vereador
710405,1,1635,Ver. DRA. SANDRA TADEU (PL),Vereador
710408,1,2229,Executivo - RICARDO NUNES,Promovente
710807,1,2206,Ver. SILVIA DA BANCADA FEMINISTA (PSOL),Vereador
710824,1,2205,Ver. LUANA ALVES (PSOL),Vereador
710932,1,2185,Ver. CELSO GIANNAZI (PSOL),Vereador
710934,1,2205,Ver. LUANA ALVES (PSOL),Vereador
711328,1,2185,Ver. CELSO GIANNAZI (PSOL),Vereador
711329,1,2185,Ver. CELSO GIANNAZI (PSOL),Vereador
711482,1,776,Ver. ELISEU GABRIEL (PSB),Vereador
711482,2,2274,Ver. SARGENTO NANTES (PP),Vereador
711549,1,2144,Ver. FABIO RIVA (MDB),Vereador
711792,1,2144,Ver. FABIO RIVA (MDB),Vereador
712350,1,2206,Ver. SILVIA DA BANCADA FEMINISTA (PSOL),Vereador
712350,2,2254,Ver. LUNA ZARATTINI (PT),Vereador
712386,1,1487,Ver. RICARDO TEIXEIRA (UNIÃO),Vereador
712948,1,1989,Ver. GEORGE HATO (MDB),Vereador
713235,1,2001,Ver. JAIR TATTO (PT),Vereador
713235,2,2219,Ver. MARCELO MESSIAS (MDB),Vereador
713236,1,2001,Ver. JAIR TATTO (PT),Vereador
713237,1,2001,Ver. JAIR TATTO (PT),Vereador
713304,1,2249,Ver. NUNES PEIXEIRO (MDB),Vereador
713564,1,2001,Ver. JAIR TATTO (PT),Vereador
713565,1,2001,Ver. JAIR TATTO (PT),Vereador
713972,1,2185,Ver. CELSO GIANNAZI (PSOL),Vereador
714051,1,2206,Ver. SILVIA DA BANCADA FEMINISTA (PSOL),Vereador
714270,1,2147,Ver. ISAC FÉLIX (PL),Vereador
714304,1,1636,Ver. DR. MILTON FERREIRA (PODE),Vereador
714400,1,2159,Ver. RUTE COSTA (PL),Vereador
714431,1,1989,Ver. GEORGE HATO (MDB),Vereador
714465,1,2001,Ver. JAIR TATTO (PT),Vereador
714466,1,1999,Ver. PROFESSOR TONINHO VESPOLI (PSOL),Vereador
714472,1,2159,Ver. RUTE COSTA (PL),Vereador
714472,2,2219,Ver. MARCELO MESSIAS (MDB),Vereador
714472,3,2282,Ver. LUCAS PAVANATO (PL),Vereador
714524,1,2211,Ver. SIDNEY CRUZ (MDB),Vereador
714524,2,2279,Ver. SILVINHO LEITE (UNIÃO),Vereador
714524,3,2228,Ver. RENATA FALZONI (PSB),Vereador
714524,4,2150,Ver. ANDRÉ SANTOS (REPUBLICANOS),Vereador
714524,5,2160,Ver. JOÃO JORGE (MDB),Vereador
714524,6,2270,Ver. PASTORA SANDRA ALVES (UNIÃO),Vereador
714533,1,2211,Ver. SIDNEY CRUZ (MDB),Vereador
714601,1,2153,Ver. RODRIGO GOULART (PSD),Vereador
714601,2,2218,Ver. THAMMY MIRANDA (PSD),Vereador
714631,1,2249,Ver. NUNES PEIXEIRO (MDB),Vereador
714826,1,2254,Ver. LUNA ZARATTINI (PT),Vereador
714967,1,2205,Ver. LUANA ALVES (PSOL),Vereador
715227,1,2282,Ver. LUCAS PAVANATO (PL),Vereador
715228,1,2282,Ver. LUCAS PAVANATO (PL),Vereador
715632,1,2282,Ver. LUCAS PAVANATO (PL),Vereador
715651,1,2185,Ver. CELSO GIANNAZI (PSOL),Vereador
715950,1,2282,Ver. LUCAS PAVANATO (PL),Vereador
716300,1,2216,Ver. SONAIRA FERNANDES (PL),Vereador
716300,2,2282,Ver. LUCAS PAVANATO (PL),Vereador
716375,1,2267,Ver. AMANDA PASCHOAL (PSOL),Vereador
716375,2,2278,Ver. KEIT LIMA (PSOL),Vereador
716547,1,2185,Ver. CELSO GIANNAZI (PSOL),Vereador
717145,1,2282,Ver. LUCAS PAVANATO (PL),Vereador
717146,1,2282,Ver. LUCAS PAVANATO (PL),Vereador
717146,2,2214,Ver. RUBINHO NUNES (UNIÃO),Vereador
717146,3,2216,Ver. SONAIRA FERNANDES (PL),Vereador
717146,4,2266,Ver. ADRILLES JORGE (UNIÃO),Vereador
717147,1,2282,Ver. LUCAS PAVANATO (PL),Vereador
718422,1,2000,Ver. ALESSANDRO GUEDES (PT),Vereador
718959,1,2282,Ver. LUCAS PAVANATO (PL),Vereador
718959,2,2280,Ver. KENJI ITO (PODE),Vereador
719155,1,2282,Ver. LUCAS PAVANATO (PL),Vereador
719309,1,2266,Ver. ADRILLES JORGE (UNIÃO),Vereador
719309,2,2268,Ver. AMANDA VETTORAZZO (UNIÃO),Vereador
720000,1,2269,Ver. MARINA BRAGANTE (PSB),Vereador
720001,1,2280,Ver. KENJI ITO (PODE),Vereador
720001,2,2271,Ver. ANA CAROLINA OLIVEIRA (PODE),Vereador
720320,1,776,Ver. ELISEU GABRIEL (PSB),Vereador
720320,2,2206,Ver. SILVIA DA BANCADA FEMINISTA (PSOL),Vereador
721426,1,2214,Ver. RUBINHO NUNES (UNIÃO),Vereador
721552,1,2266,Ver. ADRILLES JORGE (UNIÃO),Vereador
721552,2,2268,Ver. AMANDA VETTORAZZO (UNIÃO),Vereador
721553,1,2266,Ver. ADRILLES JORGE (UNIÃO),Vereador
721937,1,2219,Ver. MARCELO MESSIAS (MDB),Vereador
723870,1,2219,Ver. MARCELO MESSIAS (MDB),Vereador
724300,1,2266,Ver. ADRILLES JORGE (UNIÃO),Vereador
724355,1,2280,Ver. KENJI ITO (PODE),Vereador
724483,1,2278,Ver. KEIT LIMA (PSOL),Vereador
724483,2,2255,Ver. JOÃO ANANIAS (PT),Vereador
724571,1,2283,Ver. ZOE MARTÍNEZ (PL),Vereador
724572,1,2267,Ver. AMANDA PASCHOAL (PSOL),Vereador
724575,1,2267,Ver. AMANDA PASCHOAL (PSOL),Vereador
724580,1,2214,Ver. RUBINHO NUNES (UNIÃO),Vereador
724580,2,2146,Ver. GILBERTO NASCIMENTO (PL),Vereador
724580,3,2159,Ver. RUTE COSTA (PL),Vereador
724580,4,2274,Ver. SARGENTO NANTES (PP),Vereador
724581,1,2214,Ver. RUBINHO NUNES (UNIÃO),Vereador
724594,1,2277,Ver. JANAINA PASCHOAL (PP),Vereador
724606,1,2280,Ver. KENJI ITO (PODE),Vereador
724606,2,2214,Ver. RUBINHO NUNES (UNIÃO),Vereador
724618,1,2282,Ver. LUCAS PAVANATO (PL),Vereador
724621,1,2283,Ver. ZOE MARTÍNEZ (PL),Vereador
724621,2,2268,Ver. AMANDA VETTORAZZO (UNIÃO),Vereador
724621,3,2279,Ver. SILVINHO LEITE (UNIÃO),Vereador
724623,1,2267,Ver. AMANDA PASCHOAL (PSOL),Vereador
724623,2,2278,Ver. KEIT LIMA (PSOL),Vereador
724624,1,2269,Ver. MARINA BRAGANTE (PSB),Vereador
724672,1,776,Ver. ELISEU GABRIEL (PSB),Vereador
724674,1,2001,Ver. JAIR TATTO (PT),Vereador
724675,1,2001,Ver. JAIR TATTO (PT),Vereador
724676,1,2001,Ver. JAIR TATTO (PT),Vereador
724679,1,2205,Ver. LUANA ALVES (PSOL),Vereador
724689,1,2216,Ver. SONAIRA FERNANDES (PL),Vereador
724690,1,2150,Ver. ANDRÉ SANTOS (REPUBLICANOS),Vereador
724694,1,2147,Ver. ISAC FÉLIX (PL),Vereador
724695,1,2000,Ver. ALESSANDRO GUEDES (PT),Vereador
724696,1,2150,Ver. ANDRÉ SANTOS (REPUBLICANOS),Vereador
724705,1,2266,Ver. ADRILLES JORGE (UNIÃO),Vereador
724705,2,2214,Ver. RUBINHO NUNES (UNIÃO),Vereador
724709,1,2001,Ver. JAIR TATTO (PT),Vereador
724714,1,2001,Ver. JAIR TATTO (PT),Vereador
724714,2,2214,Ver. RUBINHO NUNES (UNIÃO),Vereador
724735,1,2150,Ver. ANDRÉ SANTOS (REPUBLICANOS),Vereador
724736,1,2150,Ver. ANDRÉ SANTOS (REPUBLICANOS),Vereador
724737,1,2254,Ver. LUNA ZARATTINI (PT),Vereador
724737,2,2267,Ver. AMANDA PASCHOAL (PSOL),Vereador
724738,1,2150,Ver. ANDRÉ SANTOS (REPUBLICANOS),Vereador
724740,1,2274,Ver. SARGENTO NANTES (PP),Vereador
724751,1,2271,Ver. ANA CAROLINA OLIVEIRA (PODE),Vereador
724751,2,2218,Ver. THAMMY MIRANDA (PSD),Vereador
724753,1,2216,Ver. SONAIRA FERNANDES (PL),Vereador
724767,1,2282,Ver. LUCAS PAVANATO (PL),Vereador
724773,1,2282,Ver. LUCAS PAVANATO (PL),Vereador
724819,1,2214,Ver. RUBINHO NUNES (UNIÃO),Vereador
724882,1,2216,Ver. SONAIRA FERNANDES (PL),Vereador
724882,2,2282,Ver. LUCAS PAVANATO (PL),Vereador
724884,1,2216,Ver. SONAIRA FERNANDES (PL),Vereador
724889,1,2216,Ver. SONAIRA FERNANDES (PL),Vereador
724890,1,2216,Ver. SONAIRA FERNANDES (PL),Vereador
724891,1,2216,Ver. SONAIRA FERNANDES (PL),Vereador
724892,1,2216,Ver. SONAIRA FERNANDES (PL),Vereador
724893,1,2267,Ver. AMANDA PASCHOAL (PSOL),Vereador
725024,1,2159,Ver. RUTE COSTA (PL),Vereador
725037,1,2159,Ver. RUTE COSTA (PL),Vereador
725038,1,2159,Ver. RUTE COSTA (PL),Vereador
725043,1,2269,Ver. MARINA BRAGANTE (PSB),Vereador
725050,1,2228,Ver. RENATA FALZONI (PSB),Vereador
725061,1,2216,Ver. SONAIRA FERNANDES (PL),Vereador
725063,1,2282,Ver. LUCAS PAVANATO (PL),Vereador
725064,1,2267,Ver. AMANDA PASCHOAL (PSOL),Vereador
725090,1,2219,Ver. MARCELO MESSIAS (MDB),Vereador
725451,1,1635,Ver. DRA. SANDRA TADEU (PL),Vereador
725455,1,2219,Ver. MARCELO MESSIAS (MDB),Vereador
725495,1,1635,Ver. DRA. SANDRA TADEU (PL),Vereador
725495,2,2218,Ver. THAMMY MIRANDA (PSD),Vereador
725596,1,1635,Ver. DRA. SANDRA TADEU (PL),Vereador
725596,2,2218,Ver. THAMMY MIRANDA (PSD),Vereador
725647,1,2280,Ver. KENJI ITO (PODE),Vereador
725647,2,2268,Ver. AMANDA VETTORAZZO (UNIÃO),Vereador
725669,1,1349,Ver. SENIVAL MOURA (PT),Vereador
725670,1,1349,Ver. SENIVAL MOURA (PT),Vereador
725672,1,2216,Ver. SONAIRA FERNANDES (PL),Vereador
725713,1,2256,Ver. HÉLIO RODRIGUES (PT),Vereador
725793,1,2271,Ver. ANA CAROLINA OLIVEIRA (PODE),Vereador
725809,1,2281,Ver. SIMONE GANEM (PODE),Vereador
725811,1,1635,Ver. DRA. SANDRA TADEU (PL),Vereador
725831,1,2282,Ver. LUCAS PAVANATO (PL),Vereador
725850,1,2282,Ver. LUCAS PAVANATO (PL),Vereador
725850,2,2270,Ver. PASTORA SANDRA ALVES (UNIÃO),Vereador
725853,1,2281,Ver. SIMONE GANEM (PODE),Vereador
725853,2,2273,Ver. DR. MURILLO LIMA (PP),Vereador
725853,3,2275,Ver. GABRIEL ABREU (PODE),Vereador
725853,4,2268,Ver. AMANDA VETTORAZZO (UNIÃO),Vereador
725853,5,2210,Ver. ELY TERUEL (MDB),Vereador
725853,6,2146,Ver. GILBERTO NASCIMENTO (PL),Vereador
725856,1,2282,Ver. LUCAS PAVANATO (PL),Vereador
725858,1,2281,Ver. SIMONE GANEM (PODE),Vereador
725865,1,2282,Ver. LUCAS PAVANATO (PL),Vereador
725867,1,2282,Ver. LUCAS PAVANATO (PL),Vereador
725952,1,2206,Ver. SILVIA DA BANCADA FEMINISTA (PSOL),Vereador
725998,1,2185,Ver. CELSO GIANNAZI (PSOL),Vereador
726191,1,2000,Ver. ALESSANDRO GUEDES (PT),Vereador
726226,1,2278,Ver. KEIT LIMA (PSOL),Vereador
726230,1,2159,Ver. RUTE COSTA (PL),Vereador
726277,1,2266,Ver. ADRILLES JORGE (UNIÃO),Vereador
726278,1,2278,Ver. KEIT LIMA (PSOL),Vereador
726278,2,2269,Ver. MARINA BRAGANTE (PSB),Vereador
726279,1,2278,Ver. KEIT LIMA (PSOL),Vereador
726342,1,2185,Ver. CELSO GIANNAZI (PSOL),Vereador
726348,1,1635,Ver. DRA. SANDRA TADEU (PL),Vereador
726348,2,2219,Ver. MARCELO MESSIAS (MDB),Vereador
726396,1,2266,Ver. ADRILLES JORGE (UNIÃO),Vereador
726396,2,2214,Ver. RUBINHO NUNES (UNIÃO),Vereador
726396,3,2282,Ver. LUCAS PAVANATO (PL),Vereador
726396,4,2268,Ver. AMANDA VETTORAZZO (UNIÃO),Vereador
726398,1,2254,Ver. LUNA ZARATTINI (PT),Vereador
726406,1,2185,Ver. CELSO GIANNAZI (PSOL),Vereador
726544,1,2269,Ver. MARINA BRAGANTE (PSB),Vereador
726545,1,2280,Ver. KENJI ITO (PODE),Vereador
726691,1,1487,Ver. RICARDO TEIXEIRA (UNIÃO),Vereador
726737,1,1487,Ver. RICARDO TEIXEIRA (UNIÃO),Vereador
726737,2,2214,Ver. RUBINHO NUNES (UNIÃO),Vereador
726737,3,2218,Ver. THAMMY MIRANDA (PSD),Vereador
726737,4,2276,Ver. SILVÃO LEITE (UNIÃO),Vereador
726743,1,1487,Ver. RICARDO TEIXEIRA (UNIÃO),Vereador
726748,1,1487,Ver. RICARDO TEIXEIRA (UNIÃO),Vereador
726748,2,2275,Ver. GABRIEL ABREU (PODE),Vereador
726750,1,1487,Ver. RICARDO TEIXEIRA (UNIÃO),Vereador
726751,1,1487,Ver. RICARDO TEIXEIRA (UNIÃO),Vereador
726751,2,1647,Ver. EDIR SALES (PSD),Vereador
726755,1,1487,Ver. RICARDO TEIXEIRA (UNIÃO),Vereador
726755,2,2150,Ver. ANDRÉ SANTOS (REPUBLICANOS),Vereador
726763,1,2219,Ver. MARCELO MESSIAS (MDB),Vereador
726815,1,2274,Ver. SARGENTO NANTES (PP),Vereador
726889,1,1999,Ver. PROFESSOR TONINHO VESPOLI (PSOL),Vereador
727178,1,2219,Ver. MARCELO MESSIAS (MDB),Vereador
727195,1,2219,Ver. MARCELO MESSIAS (MDB),Vereador
727281,1,2219,Ver. MARCELO MESSIAS (MDB),Vereador
727304,1,2150,Ver. ANDRÉ SANTOS (REPUBLICANOS),Vereador
727321,1,2205,Ver. LUANA ALVES (PSOL),Vereador
727325,1,2219,Ver. MARCELO MESSIAS (MDB),Vereador
727400,1,2150,Ver. ANDRÉ SANTOS (REPUBLICANOS),Vereador
727432,1,2268,Ver. AMANDA VETTORAZZO (UNIÃO),Vereador
727433,1,2150,Ver. ANDRÉ SANTOS (REPUBLICANOS),Vereador
727433,2,2279,Ver. SILVINHO LEITE (UNIÃO),Vereador
727441,1,1999,Ver. PROFESSOR TONINHO VESPOLI (PSOL),Vereador
727547,1,1487,Ver. RICARDO TEIXEIRA (UNIÃO),Vereador
727552,1,2275,Ver. GABRIEL ABREU (PODE),Vereador
727552,2,2160,Ver. JOÃO JORGE (MDB),Vereador
727553,1,2275,Ver. GABRIEL ABREU (PODE),Vereador
727690,1,2159,Ver. RUTE COSTA (PL),Vereador
727690,2,2282,Ver. LUCAS PAVANATO (PL),Vereador
727706,1,2266,Ver. ADRILLES JORGE (UNIÃO),Vereador
727706,2,2218,Ver. THAMMY MIRANDA (PSD),Vereador
727708,1,2278,Ver. KEIT LIMA (PSOL),Vereador
727709,1,2278,Ver. KEIT LIMA (PSOL),Vereador
727774,1,2267,Ver. AMANDA PASCHOAL (PSOL),Vereador
727957,1,2281,Ver. SIMONE GANEM (PODE),Vereador
727962,1,2281,Ver. SIMONE GANEM (PODE),Vereador
727964,1,2281,Ver. SIMONE GANEM (PODE),Vereador
727971,1,2281,Ver. SIMONE GANEM (PODE),Vereador
728034,1,2266,Ver. ADRILLES JORGE (UNIÃO),Vereador
728042,1,2274,Ver. SARGENTO NANTES (PP),Vereador
728043,1,2274,Ver. SARGENTO NANTES (PP),Vereador
728047,1,2278,Ver. KEIT LIMA (PSOL),Vereador
728049,1,2278,Ver. KEIT LIMA (PSOL),Vereador
728049,2,2255,Ver. JOÃO ANANIAS (PT),Vereador
728052,1,2206,Ver. SILVIA DA BANCADA FEMINISTA (PSOL),Vereador
728071,1,2267,Ver. AMANDA PASCHOAL (PSOL),Vereador
728076,1,2217,Ver. SANSÃO PEREIRA (REPUBLICANOS),Vereador
728076,2,2282,Ver. LUCAS PAVANATO (PL),Vereador
728229,1,2001,Ver. JAIR TATTO (PT),Vereador
728271,1,2159,Ver. RUTE COSTA (PL),Vereador
728271,2,2218,Ver. THAMMY MIRANDA (PSD),Vereador
728271,3,2281,Ver. SIMONE GANEM (PODE),Vereador
728314,1,2228,Ver. RENATA FALZONI (PSB),Vereador
728315,1,2185,Ver. CELSO GIANNAZI (PSOL),Vereador
728316,1,2222,Ver. CRIS MONTEIRO (NOVO),Vereador
728316,2,2268,Ver. AMANDA VETTORAZZO (UNIÃO),Vereador
728318,1,1999,Ver. PROFESSOR TONINHO VESPOLI (PSOL),Vereador
728334,1,696,Ver. CARLOS BEZERRA JR. (PSD),Vereador
728347,1,2281,Ver. SIMONE GANEM (PODE),Vereador
728348,1,2281,Ver. SIMONE GANEM (PODE),Vereador
728355,1,2159,Ver. RUTE COSTA (PL),Vereador
728383,1,2222,Ver. CRIS MONTEIRO (NOVO),Vereador
728418,1,2000,Ver. ALESSANDRO GUEDES (PT),Vereador
728419,1,2000,Ver. ALESSANDRO GUEDES (PT),Vereador
728421,1,2000,Ver. ALESSANDRO GUEDES (PT),Vereador
728423,1,936,Ver. NABIL BONDUKI (PT),Vereador
728547,1,2271,Ver. ANA CAROLINA OLIVEIRA (PODE),Vereador
728764,1,2282,Ver. LUCAS PAVANATO (PL),Vereador
728765,1,2217,Ver. SANSÃO PEREIRA (REPUBLICANOS),Vereador
728766,1,2217,Ver. SANSÃO PEREIRA (REPUBLICANOS),Vereador
728767,1,2217,Ver. SANSÃO PEREIRA (REPUBLICANOS),Vereador
728768,1,2217,Ver. SANSÃO PEREIRA (REPUBLICANOS),Vereador
728769,1,2217,Ver. SANSÃO PEREIRA (REPUBLICANOS),Vereador
728770,1,2217,Ver. SANSÃO PEREIRA (REPUBLICANOS),Vereador
728771,1,2217,Ver. SANSÃO PEREIRA (REPUBLICANOS),Vereador
728940,1,2147,Ver. ISAC FÉLIX (PL),Vereador
728941,1,2147,Ver. ISAC FÉLIX (PL),Vereador
728943,1,2267,Ver. AMANDA PASCHOAL (PSOL),Vereador
728944,1,2267,Ver. AMANDA PASCHOAL (PSOL),Vereador
728946,1,2267,Ver. AMANDA PASCHOAL (PSOL),Vereador
728948,1,2267,Ver. AMANDA PASCHOAL (PSOL),Vereador
729106,1,1647,Ver. EDIR SALES (PSD),Vereador
729126,1,1647,Ver. EDIR SALES (PSD),Vereador
729137,1,2219,Ver. MARCELO MESSIAS (MDB),Vereador
729137,2,2221,Ver. ELI CORRÊA (UNIÃO),Vereador
729138,1,2283,Ver. ZOE MARTÍNEZ (PL),Vereador
729152,1,2216,Ver. SONAIRA FERNANDES (PL),Vereador
729152,2,2150,Ver. ANDRÉ SANTOS (REPUBLICANOS),Vereador
729152,3,2282,Ver. LUCAS PAVANATO (PL),Vereador
729157,1,2206,Ver. SILVIA DA BANCADA FEMINISTA (PSOL),Vereador
729265,1,2205,Ver. LUANA ALVES (PSOL),Vereador
729288,1,2185,Ver. CELSO GIANNAZI (PSOL),Vereador
729354,1,2146,Ver. GILBERTO NASCIMENTO (PL),Vereador
729378,1,2000,Ver. ALESSANDRO GUEDES (PT),Vereador
729395,1,1635,Ver. DRA. SANDRA TADEU (PL),Vereador
729417,1,2228,Ver. RENATA FALZONI (PSB),Vereador
729417,2,2278,Ver. KEIT LIMA (PSOL),Vereador
729417,3,2267,Ver. AMANDA PASCHOAL (PSOL),Vereador
729417,4,1635,Ver. DRA. SANDRA TADEU (PL),Vereador
729417,5,2205,Ver. LUANA ALVES (PSOL),Vereador
729417,6,2269,Ver. MARINA BRAGANTE (PSB),Vereador
729417,7,2206,Ver. SILVIA DA BANCADA FEMINISTA (PSOL),Vereador
729417,8,2254,Ver. LUNA ZARATTINI (PT),Vereador
729419,1,776,Ver. ELISEU GABRIEL (PSB),Vereador
729452,1,2278,Ver. KEIT LIMA (PSOL),Vereador
729452,2,2255,Ver. JOÃO ANANIAS (PT),Vereador
729647,1,2282,Ver. LUCAS PAVANATO (PL),Vereador
729714,1,2159,Ver. RUTE COSTA (PL),Vereador
729740,1,2219,Ver. MARCELO MESSIAS (MDB),Vereador
729797,1,2274,Ver. SARGENTO NANTES (PP),Vereador
730043,1,2219,Ver. MARCELO MESSIAS (MDB),Vereador
730058,1,1487,Ver. RICARDO TEIXEIRA (UNIÃO),Vereador
730059,1,2219,Ver. MARCELO MESSIAS (MDB),Vereador
730075,1,2219,Ver. MARCELO MESSIAS (MDB),Vereador
730212,1,2256,Ver. HÉLIO RODRIGUES (PT),Vereador
730223,1,2267,Ver. AMANDA PASCHOAL (PSOL),Vereador
730260,1,2282,Ver. LUCAS PAVANATO (PL),Vereador
730807,1,1635,Ver. DRA. SANDRA TADEU (PL),Vereador
731081,1,2281,Ver. SIMONE GANEM (PODE),Vereador
731157,1,2280,Ver. KENJI ITO (PODE),Vereador
731353,1,2281,Ver. SIMONE GANEM (PODE),Vereador
731353,2,2217,Ver. SANSÃO PEREIRA (REPUBLICANOS),Vereador
731354,1,2281,Ver. SIMONE GANEM (PODE),Vereador
731355,1,2281,Ver. SIMONE GANEM (PODE),Vereador
731357,1,2281,Ver. SIMONE GANEM (PODE),Vereador
731463,1,2282,Ver. LUCAS PAVANATO (PL),Vereador
731484,1,2205,Ver. LUANA ALVES (PSOL),Vereador
731637,1,2160,Ver. JOÃO JORGE (MDB),Vereador
731637,2,2280,Ver. KENJI ITO (PODE),Vereador
731637,3,2266,Ver. ADRILLES JORGE (UNIÃO),Vereador
731746,1,2001,Ver. JAIR TATTO (PT),Vereador
731747,1,2001,Ver. JAIR TATTO (PT),Vereador
731814,1,1487,Ver. RICARDO TEIXEIRA (UNIÃO),Vereador
731814,2,2224,Ver. SANDRA SANTANA (MDB),Vereador
731814,3,2276,Ver. SILVÃO LEITE (UNIÃO),Vereador
731815,1,1487,Ver. RICARDO TEIXEIRA (UNIÃO),Vereador
732293,1,2281,Ver. SIMONE GANEM (PODE),Vereador
732294,1,2281,Ver. SIMONE GANEM (PODE),Vereador
732492,1,2278,Ver. KEIT LIMA (PSOL),Vereador
732692,1,2282,Ver. LUCAS PAVANATO (PL),Vereador
732693,1,2282,Ver. LUCAS PAVANATO (PL),Vereador
732694,1,2282,Ver. LUCAS PAVANATO (PL),Vereador
732695,1,2282,Ver. LUCAS PAVANATO (PL),Vereador
732742,1,2282,Ver. LUCAS PAVANATO (PL),Vereador
732743,1,2282,Ver. LUCAS PAVANATO (PL),Vereador
732777,1,2278,Ver. KEIT LIMA (PSOL),Vereador
733040,1,2266,Ver. ADRILLES JORGE (UNIÃO),Vereador
733040,2,2219,Ver. MARCELO MESSIAS (MDB),Vereador
733040,3,2221,Ver. ELI CORRÊA (UNIÃO),Vereador
733611,1,2256,Ver. HÉLIO RODRIGUES (PT),Vereador
733627,1,1999,Ver. PROFESSOR TONINHO VESPOLI (PSOL),Vereador
733628,1,2268,Ver. AMANDA VETTORAZZO (UNIÃO),Vereador
733629,1,2268,Ver. AMANDA VETTORAZZO (UNIÃO),Vereador
733632,1,2159,Ver. RUTE COSTA (PL),Vereador
733633,1,2159,Ver. RUTE COSTA (PL),Vereador
733848,1,1635,Ver. DRA. SANDRA TADEU (PL),Vereador
733877,1,2160,Ver. JOÃO JORGE (MDB),Vereador
734160,1,2206,Ver. SILVIA DA BANCADA FEMINISTA (PSOL),Vereador
734164,1,2271,Ver. ANA CAROLINA OLIVEIRA (PODE),Vereador
734164,2,2150,Ver. ANDRÉ SANTOS (REPUBLICANOS),Vereador
734167,1,2271,Ver. ANA CAROLINA OLIVEIRA (PODE),Vereador
734168,1,2271,Ver. ANA CAROLINA OLIVEIRA (PODE),Vereador
734230,1,936,Ver. NABIL BONDUKI (PT),Vereador
734257,1,2147,Ver. ISAC FÉLIX (PL),Vereador
734354,1,1999,Ver. PROFESSOR TONINHO VESPOLI (PSOL),Vereador
734437,1,2268,Ver. AMANDA VETTORAZZO (UNIÃO),Vereador
734451,1,2205,Ver. LUANA ALVES (PSOL),Vereador
734453,1,2268,Ver. AMANDA VETTORAZZO (UNIÃO),Vereador
734454,1,2268,Ver. AMANDA VETTORAZZO (UNIÃO),Vereador
734455,1,2268,Ver. AMANDA VETTORAZZO (UNIÃO),Vereador
734455,2,2274,Ver. SARGENTO NANTES (PP),Vereador
734472,1,2278,Ver. KEIT LIMA (PSOL),Vereador
734473,1,2278,Ver. KEIT LIMA (PSOL),Vereador
734474,1,2278,Ver. KEIT LIMA (PSOL),Vereador
734907,1,2266,Ver. ADRILLES JORGE (UNIÃO),Vereador
734939,1,2277,Ver. JANAINA PASCHOAL (PP),Vereador
734939,2,2279,Ver. SILVINHO LEITE (UNIÃO),Vereador
735014,1,2219,Ver. MARCELO MESSIAS (MDB),Vereador
735036,1,936,Ver. NABIL BONDUKI (PT),Vereador
735158,1,2255,Ver. JOÃO ANANIAS (PT),Vereador
735185,1,2147,Ver. ISAC FÉLIX (PL),Vereador
735286,1,2282,Ver. LUCAS PAVANATO (PL),Vereador
735286,2,2214,Ver. RUBINHO NUNES (UNIÃO),Vereador
735286,3,2266,Ver. ADRILLES JORGE (UNIÃO),Vereador
735498,1,2147,Ver. ISAC FÉLIX (PL),Vereador
735961,1,2268,Ver. AMANDA VETTORAZZO (UNIÃO),Vereador
736212,1,2001,Ver. JAIR TATTO (PT),Vereador
736301,1,1635,Ver. DRA. SANDRA TADEU (PL),Vereador
736301,2,2218,Ver. THAMMY MIRANDA (PSD),Vereador
736319,1,2278,Ver. KEIT LIMA (PSOL),Vereador
736330,1,2268,Ver. AMANDA VETTORAZZO (UNIÃO),Vereador
736331,1,2268,Ver. AMANDA VETTORAZZO (UNIÃO),Vereador
736492,1,2281,Ver. SIMONE GANEM (PODE),Vereador
736497,1,2281,Ver. SIMONE GANEM (PODE),Vereador
736497,2,2279,Ver. SILVINHO LEITE (UNIÃO),Vereador
736499,1,2219,Ver. MARCELO MESSIAS (MDB),Vereador
736500,1,1999,Ver. PROFESSOR TONINHO VESPOLI (PSOL),Vereador
736507,1,2281,Ver. SIMONE GANEM (PODE),Vereador
736509,1,2281,Ver. SIMONE GANEM (PODE),Vereador
736509,2,2279,Ver. SILVINHO LEITE (UNIÃO),Vereador
736540,1,2218,Ver. THAMMY MIRANDA (PSD),Vereador
736540,2,2276,Ver. SILVÃO LEITE (UNIÃO),Vereador
736540,3,2221,Ver. ELI CORRÊA (UNIÃO),Vereador
736820,1,2280,Ver. KENJI ITO (PODE),Vereador
736956,1,2277,Ver. JANAINA PASCHOAL (PP),Vereador
736956,2,2214,Ver. RUBINHO NUNES (UNIÃO),Vereador
736956,3,1635,Ver. DRA. SANDRA TADEU (PL),Vereador
737032,1,2274,Ver. SARGENTO NANTES (PP),Vereador
737462,1,1999,Ver. PROFESSOR TONINHO VESPOLI (PSOL),Vereador
737506,1,2159,Ver. RUTE COSTA (PL),Vereador
737506,2,2279,Ver. SILVINHO LEITE (UNIÃO),Vereador
737506,3,2276,Ver. SILVÃO LEITE (UNIÃO),Vereador
737506,4,1999,Ver. PROFESSOR TONINHO VESPOLI (PSOL),Vereador
737506,5,2270,Ver. PASTORA SANDRA ALVES (UNIÃO),Vereador
737648,1,1999,Ver. PROFESSOR TONINHO VESPOLI (PSOL),Vereador
737721,1,2268,Ver. AMANDA VETTORAZZO (UNIÃO),Vereador
737754,1,2150,Ver. ANDRÉ SANTOS (REPUBLICANOS),Vereador
737754,2,2279,Ver. SILVINHO LEITE (UNIÃO),Vereador
737756,1,1487,Ver. RICARDO TEIXEIRA (UNIÃO),Vereador
737756,2,2277,Ver. JANAINA PASCHOAL (PP),Vereador
737756,3,2205,Ver. LUANA ALVES (PSOL),Vereador
737756,4,2224,Ver. SANDRA SANTANA (MDB),Vereador
737756,5,2222,Ver. CRIS MONTEIRO (NOVO),Vereador
737756,6,2210,Ver. ELY TERUEL (MDB),Vereador
737756,7,2267,Ver. AMANDA PASCHOAL (PSOL),Vereador
737756,8,2206,Ver. SILVIA DA BANCADA FEMINISTA (PSOL),Vereador
737756,9,2278,Ver. KEIT LIMA (PSOL),Vereador
737756,10,1635,Ver. DRA. SANDRA TADEU (PL),Vereador
737756,11,2281,Ver. SIMONE GANEM (PODE),Vereador
737756,12,2228,Ver. RENATA FALZONI (PSB),Vereador
737756,13,2270,Ver. PASTORA SANDRA ALVES (UNIÃO),Vereador
737756,14,2268,Ver. AMANDA VETTORAZZO (UNIÃO),Vereador
737756,15,2271,Ver. ANA CAROLINA OLIVEIRA (PODE),Vereador
737756,16,2216,Ver. SONAIRA FERNANDES (PL),Vereador
737767,1,2150,Ver. ANDRÉ SANTOS (REPUBLICANOS),Vereador
737772,1,2268,Ver. AMANDA VETTORAZZO (UNIÃO),Vereador
738069,1,2278,Ver. KEIT LIMA (PSOL),Vereador
738069,2,2255,Ver. JOÃO ANANIAS (PT),Vereador
738121,1,2268,Ver. AMANDA VETTORAZZO (UNIÃO),Vereador
738121,2,2266,Ver. ADRILLES JORGE (UNIÃO),Vereador
738122,1,2268,Ver. AMANDA VETTORAZZO (UNIÃO),Vereador
738122,2,2266,Ver. ADRILLES JORGE (UNIÃO),Vereador
738130,1,2268,Ver. AMANDA VETTORAZZO (UNIÃO),Vereador
738130,2,2266,Ver. ADRILLES JORGE (UNIÃO),Vereador
738259,1,2268,Ver. AMANDA VETTORAZZO (UNIÃO),Vereador
738262,1,2268,Ver. AMANDA VETTORAZZO (UNIÃO),Vereador
738263,1,2268,Ver. AMANDA VETTORAZZO (UNIÃO),Vereador
738272,1,1999,Ver. PROFESSOR TONINHO VESPOLI (PSOL),Vereador
738297,1,2159,Ver. RUTE COSTA (PL),Vereador
738297,2,2219,Ver. MARCELO MESSIAS (MDB),Vereador
738310,1,2271,Ver. ANA CAROLINA OLIVEIRA (PODE),Vereador
738310,2,2279,Ver. SILVINHO LEITE (UNIÃO),Vereador
738379,1,2280,Ver. KENJI ITO (PODE),Vereador
738509,1,2270,Ver. PASTORA SANDRA ALVES (UNIÃO),Vereador
738509,2,2279,Ver. SILVINHO LEITE (UNIÃO),Vereador
738509,3,2278,Ver. KEIT LIMA (PSOL),Vereador
738510,1,1349,Ver. SENIVAL MOURA (PT),Vereador
738513,1,1349,Ver. SENIVAL MOURA (PT),Vereador
738514,1,1349,Ver. SENIVAL MOURA (PT),Vereador
738546,1,1487,Ver. RICARDO TEIXEIRA (UNIÃO),Vereador
738683,1,1635,Ver. DRA. SANDRA TADEU (PL),Vereador
738713,1,2281,Ver. SIMONE GANEM (PODE),Vereador
738894,1,2222,Ver. CRIS MONTEIRO (NOVO),Vereador
739143,1,1647,Ver. EDIR SALES (PSD),Vereador
739157,1,2278,Ver. KEIT LIMA (PSOL),Vereador
739157,2,2255,Ver. JOÃO ANANIAS (PT),Vereador
739166,1,2159,Ver. RUTE COSTA (PL),Vereador
739187,1,2214,Ver. RUBINHO NUNES (UNIÃO),Vereador
739187,2,2266,Ver. ADRILLES JORGE (UNIÃO),Vereador
739290,1,1999,Ver. PROFESSOR TONINHO VESPOLI (PSOL),Vereador
739337,1,2282,Ver. LUCAS PAVANATO (PL),Vereador
739338,1,2271,Ver. ANA CAROLINA OLIVEIRA (PODE),Vereador
739567,1,776,Ver. ELISEU GABRIEL (PSB),Vereador
739570,1,2206,Ver. SILVIA DA BANCADA FEMINISTA (PSOL),Vereador
739570,2,2269,Ver. MARINA BRAGANTE (PSB),Vereador
739570,3,2279,Ver. SILVINHO LEITE (UNIÃO),Vereador
739570,4,2278,Ver. KEIT LIMA (PSOL),Vereador
739574,1,2277,Ver. JANAINA PASCHOAL (PP),Vereador
739637,1,2214,Ver. RUBINHO NUNES (UNIÃO),Vereador
739785,1,2147,Ver. ISAC FÉLIX (PL),Vereador
739955,1,2000,Ver. ALESSANDRO GUEDES (PT),Vereador
740011,1,1999,Ver. PROFESSOR TONINHO VESPOLI (PSOL),Vereador
740011,2,2276,Ver. SILVÃO LEITE (UNIÃO),Vereador
740011,3,2269,Ver. MARINA BRAGANTE (PSB),Vereador
740105,1,2001,Ver. JAIR TATTO (PT),Vereador
740106,1,2001,Ver. JAIR TATTO (PT),Vereador
740116,1,2001,Ver. JAIR TATTO (PT),Vereador
740200,1,2001,Ver. JAIR TATTO (PT),Vereador
740489,1,2282,Ver. LUCAS PAVANATO (PL),Vereador
740495,1,2001,Ver. JAIR TATTO (PT),Vereador
740628,1,2278,Ver. KEIT LIMA (PSOL),Vereador
740628,2,2255,Ver. JOÃO ANANIAS (PT),Vereador
740683,1,2255,Ver. JOÃO ANANIAS (PT),Vereador
740907,1,2246,Ver. MAJOR PALUMBO (PP),Vereador
740908,1,2246,Ver. MAJOR PALUMBO (PP),Vereador
741035,1,1989,Ver. GEORGE HATO (MDB),Vereador
741208,1,2000,Ver. ALESSANDRO GUEDES (PT),Vereador
741340,1,2206,Ver. SILVIA DA BANCADA FEMINISTA (PSOL),Vereador
741342,1,2206,Ver. SILVIA DA BANCADA FEMINISTA (PSOL),Vereador
741342,2,1999,Ver. PROFESSOR TONINHO VESPOLI (PSOL),Vereador
741460,1,2217,Ver. SANSÃO PEREIRA (REPUBLICANOS),Vereador
741461,1,2216,Ver. SONAIRA FERNANDES (PL),Vereador
741462,1,2216,Ver. SONAIRA FERNANDES (PL),Vereador
741501,1,2278,Ver. KEIT LIMA (PSOL),Vereador
741501,2,2279,Ver. SILVINHO LEITE (UNIÃO),Vereador
741614,1,2001,Ver. JAIR TATTO (PT),Vereador
741616,1,2001,Ver. JAIR TATTO (PT),Vereador
741637,1,2206,Ver. SILVIA DA BANCADA FEMINISTA (PSOL),Vereador
741672,1,1487,Ver. RICARDO TEIXEIRA (UNIÃO),Vereador
741673,1,1487,Ver. RICARDO TEIXEIRA (UNIÃO),Vereador
741674,1,1487,Ver. RICARDO TEIXEIRA (UNIÃO),Vereador
741675,1,1487,Ver. RICARDO TEIXEIRA (UNIÃO),Vereador
741675,2,2279,Ver. SILVINHO LEITE (UNIÃO),Vereador
741676,1,1487,Ver. RICARDO TEIXEIRA (UNIÃO),Vereador
741677,1,1487,Ver. RICARDO TEIXEIRA (UNIÃO),Vereador
741771,1,2278,Ver. KEIT LIMA (PSOL),Vereador
741771,2,2255,Ver. JOÃO ANANIAS (PT),Vereador
741779,1,2278,Ver. KEIT LIMA (PSOL),Vereador
741822,1,1635,Ver. DRA. SANDRA TADEU (PL),Vereador
741845,1,2278,Ver. KEIT LIMA (PSOL),Vereador
742109,1,2160,Ver. JOÃO JORGE (MDB),Vereador
742109,2,2144,Ver. FABIO RIVA (MDB),Vereador
742295,1,2270,Ver. PASTORA SANDRA ALVES (UNIÃO),Vereador
742431,1,2185,Ver. CELSO GIANNAZI (PSOL),Vereador
742531,1,2271,Ver. ANA CAROLINA OLIVEIRA (PODE),Vereador
742532,1,2271,Ver. ANA CAROLINA OLIVEIRA (PODE),Vereador
742533,1,2271,Ver. ANA CAROLINA OLIVEIRA (PODE),Vereador
742534,1,2271,Ver. ANA CAROLINA OLIVEIRA (PODE),Vereador
742537,1,2271,Ver. ANA CAROLINA OLIVEIRA (PODE),Vereador
742537,2,2279,Ver. SILVINHO LEITE (UNIÃO),Vereador
742569,1,2271,Ver. ANA CAROLINA OLIVEIRA (PODE),Vereador
742600,1,1999,Ver. PROFESSOR TONINHO VESPOLI (PSOL),Vereador
742623,1,776,Ver. ELISEU GABRIEL (PSB),Vereador
742623,2,2269,Ver. MARINA BRAGANTE (PSB),Vereador
742623,3,2228,Ver. RENATA FALZONI (PSB),Vereador
742623,4,2278,Ver. KEIT LIMA (PSOL),Vereador
742623,5,2256,Ver. HÉLIO RODRIGUES (PT),Vereador
742623,6,1999,Ver. PROFESSOR TONINHO VESPOLI (PSOL),Vereador
742623,7,2146,Ver. GILBERTO NASCIMENTO (PL),Vereador
742623,8,2267,Ver. AMANDA PASCHOAL (PSOL),Vereador
742769,1,2185,Ver. CELSO GIANNAZI (PSOL),Vereador
742833,1,1487,Ver. RICARDO TEIXEIRA (UNIÃO),Vereador
742858,1,2206,Ver. SILVIA DA BANCADA FEMINISTA (PSOL),Vereador
742858,2,2205,Ver. LUANA ALVES (PSOL),Vereador
742858,3,2267,Ver. AMANDA PASCHOAL (PSOL),Vereador
742858,4,2228,Ver. RENATA FALZONI (PSB),Vereador
742858,5,2269,Ver. MARINA BRAGANTE (PSB),Vereador
742858,6,2278,Ver. KEIT LIMA (PSOL),Vereador
742858,7,2254,Ver. LUNA ZARATTINI (PT),Vereador
742859,1,2206,Ver. SILVIA DA BANCADA FEMINISTA (PSOL),Vereador
742859,2,2205,Ver. LUANA ALVES (PSOL),Vereador
742859,3,2267,Ver. AMANDA PASCHOAL (PSOL),Vereador
742859,4,2228,Ver. RENATA FALZONI (PSB),Vereador
742859,5,2269,Ver. MARINA BRAGANTE (PSB),Vereador
742859,6,2254,Ver. LUNA ZARATTINI (PT),Vereador
742859,7,2278,Ver. KEIT LIMA (PSOL),Vereador
742918,1,2275,Ver. GABRIEL ABREU (PODE),Vereador
742934,1,2281,Ver. SIMONE GANEM (PODE),Vereador
742934,2,2279,Ver. SILVINHO LEITE (UNIÃO),Vereador
742934,3,2247,Ver. LUIZ PROTEÇÃO ANIMAL (PODE),Vereador
742957,1,2159,Ver. RUTE COSTA (PL),Vereador
742957,2,2279,Ver. SILVINHO LEITE (UNIÃO),Vereador
742957,3,2150,Ver. ANDRÉ SANTOS (REPUBLICANOS),Vereador
743079,1,2274,Ver. SARGENTO NANTES (PP),Vereador
743174,1,2146,Ver. GILBERTO NASCIMENTO (PL),Vereador
743208,1,2224,Ver. SANDRA SANTANA (MDB),Vereador
743277,1,1487,Ver. RICARDO TEIXEIRA (UNIÃO),Vereador
743379,1,2219,Ver. MARCELO MESSIAS (MDB),Vereador
743379,2,2279,Ver. SILVINHO LEITE (UNIÃO),Vereador
743379,3,2221,Ver. ELI CORRÊA (UNIÃO),Vereador
743678,1,2185,Ver. CELSO GIANNAZI (PSOL),Vereador
743714,1,2146,Ver. GILBERTO NASCIMENTO (PL),Vereador
743732,1,2206,Ver. SILVIA DA BANCADA FEMINISTA (PSOL),Vereador
744036,1,2273,Ver. DR. MURILLO LIMA (PP),Vereador
744036,2,2279,Ver. SILVINHO LEITE (UNIÃO),Vereador
744039,1,2273,Ver. DR. MURILLO LIMA (PP),Vereador
744040,1,2272,Ver. DHEISON SILVA (PT),Vereador
744165,1,2224,Ver. SANDRA SANTANA (MDB),Vereador
744165,2,2279,Ver. SILVINHO LEITE (UNIÃO),Vereador
744165,3,2276,Ver. SILVÃO LEITE (UNIÃO),Vereador
744194,1,2206,Ver. SILVIA DA BANCADA FEMINISTA (PSOL),Vereador
744213,1,2150,Ver. ANDRÉ SANTOS (REPUBLICANOS),Vereador
744229,1,2256,Ver. HÉLIO RODRIGUES (PT),Vereador
744328,1,1487,Ver. RICARDO TEIXEIRA (UNIÃO),Vereador
744331,1,2144,Ver. FABIO RIVA (MDB),Vereador
744337,1,2281,Ver. SIMONE GANEM (PODE),Vereador
744361,1,2280,Ver. KENJI ITO (PODE),Vereador
744368,1,2216,Ver. SONAIRA FERNANDES (PL),Vereador
744368,2,2282,Ver. LUCAS PAVANATO (PL),Vereador
744603,1,2219,Ver. MARCELO MESSIAS (MDB),Vereador
744605,1,2159,Ver. RUTE COSTA (PL),Vereador
744671,1,2159,Ver. RUTE COSTA (PL),Vereador
744685,1,2275,Ver. GABRIEL ABREU (PODE),Vereador
744860,1,2278,Ver. KEIT LIMA (PSOL),Vereador
744900,1,2269,Ver. MARINA BRAGANTE (PSB),Vereador
744900,2,2228,Ver. RENATA FALZONI (PSB),Vereador
744900,3,2278,Ver. KEIT LIMA (PSOL),Vereador
744956,1,2218,Ver. THAMMY MIRANDA (PSD),Vereador
744956,2,2279,Ver. SILVINHO LEITE (UNIÃO),Vereador
745042,1,2269,Ver. MARINA BRAGANTE (PSB),Vereador
745042,2,936,Ver. NABIL BONDUKI (PT),Vereador
745042,3,2278,Ver. KEIT LIMA (PSOL),Vereador
745089,1,2280,Ver. KENJI ITO (PODE),Vereador
745116,1,2274,Ver. SARGENTO NANTES (PP),Vereador
745120,1,2274,Ver. SARGENTO NANTES (PP),Vereador
745334,1,1487,Ver. RICARDO TEIXEIRA (UNIÃO),Vereador
745334,2,2279,Ver. SILVINHO LEITE (UNIÃO),Vereador
745334,3,1999,Ver. PROFESSOR TONINHO VESPOLI (PSOL),Vereador
745358,1,2269,Ver. MARINA BRAGANTE (PSB),Vereador
745358,2,2224,Ver. SANDRA SANTANA (MDB),Vereador
745379,1,2000,Ver. ALESSANDRO GUEDES (PT),Vereador
745379,2,2144,Ver. FABIO RIVA (MDB),Vereador
745379,3,936,Ver. NABIL BONDUKI (PT),Vereador
745379,4,2277,Ver. JANAINA PASCHOAL (PP),Vereador
745379,5,2218,Ver. THAMMY MIRANDA (PSD),Vereador
745379,6,1999,Ver. PROFESSOR TONINHO VESPOLI (PSOL),Vereador
745379,7,1349,Ver. SENIVAL MOURA (PT),Vereador
745379,8,2205,Ver. LUANA ALVES (PSOL),Vereador
745379,9,2206,Ver. SILVIA DA BANCADA FEMINISTA (PSOL),Vereador
745379,10,2224,Ver. SANDRA SANTANA (MDB),Vereador
745379,11,2217,Ver. SANSÃO PEREIRA (REPUBLICANOS),Vereador
745379,12,2276,Ver. SILVÃO LEITE (UNIÃO),Vereador
745465,1,2274,Ver. SARGENTO NANTES (PP),Vereador
745465,2,2283,Ver. ZOE MARTÍNEZ (PL),Vereador
745465,3,1647,Ver. EDIR SALES (PSD),Vereador
745465,4,2268,Ver. AMANDA VETTORAZZO (UNIÃO),Vereador
745616,1,2185,Ver. CELSO GIANNAZI (PSOL),Vereador
745619,1,1989,Ver. GEORGE HATO (MDB),Vereador
745619,2,2279,Ver. SILVINHO LEITE (UNIÃO),Vereador
745619,3,2217,Ver. SANSÃO PEREIRA (REPUBLICANOS),Vereador
745878,1,2246,Ver. MAJOR PALUMBO (PP),Vereador
745879,1,2274,Ver. SARGENTO NANTES (PP),Vereador
745911,1,2205,Ver. LUANA ALVES (PSOL),Vereador
745942,1,2147,Ver. ISAC FÉLIX (PL),Vereador
745942,2,2279,Ver. SILVINHO LEITE (UNIÃO),Vereador
746077,1,2267,Ver. AMANDA PASCHOAL (PSOL),Vereador
746079,1,2278,Ver. KEIT LIMA (PSOL),Vereador
746081,1,2278,Ver. KEIT LIMA (PSOL),Vereador
746117,1,2254,Ver. LUNA ZARATTINI (PT),Vereador
746166,1,2278,Ver. KEIT LIMA (PSOL),Vereador
746392,1,2275,Ver. GABRIEL ABREU (PODE),Vereador
746434,1,2185,Ver. CELSO GIANNAZI (PSOL),Vereador
746449,1,2274,Ver. SARGENTO NANTES (PP),Vereador
746473,1,2246,Ver. MAJOR PALUMBO (PP),Vereador
746580,1,2272,Ver. DHEISON SILVA (PT),Vereador
746716,1,776,Ver. ELISEU GABRIEL (PSB),Vereador
746883,1,1647,Ver. EDIR SALES (PSD),Vereador
746884,1,2278,Ver. KEIT LIMA (PSOL),Vereador
746899,1,2278,Ver. KEIT LIMA (PSOL),Vereador
746914,1,2224,Ver. SANDRA SANTANA (MDB),Vereador
746939,1,2269,Ver. MARINA BRAGANTE (PSB),Vereador
746939,2,2281,Ver. SIMONE GANEM (PODE),Vereador
746940,1,2218,Ver. THAMMY MIRANDA (PSD),Vereador
747297,1,2274,Ver. SARGENTO NANTES (PP),Vereador
747500,1,1349,Ver. SENIVAL MOURA (PT),Vereador
747501,1,1349,Ver. SENIVAL MOURA (PT),Vereador
747516,1,2001,Ver. JAIR TATTO (PT),Vereador
747667,1,2277,Ver. JANAINA PASCHOAL (PP),Vereador
747667,2,2275,Ver. GABRIEL ABREU (PODE),Vereador
747695,1,2268,Ver. AMANDA VETTORAZZO (UNIÃO),Vereador
747710,1,2281,Ver. SIMONE GANEM (PODE),Vereador
747715,1,2281,Ver. SIMONE GANEM (PODE),Vereador
747715,2,2279,Ver. SILVINHO LEITE (UNIÃO),Vereador
747718,1,2281,Ver. SIMONE GANEM (PODE),Vereador
747718,2,2279,Ver. SILVINHO LEITE (UNIÃO),Vereador
747718,3,1999,Ver. PROFESSOR TONINHO VESPOLI (PSOL),Vereador
747745,1,2185,Ver. CELSO GIANNAZI (PSOL),Vereador
747795,1,2254,Ver. LUNA ZARATTINI (PT),Vereador
747795,2,2000,Ver. ALESSANDRO GUEDES (PT),Vereador
747795,3,2272,Ver. DHEISON SILVA (PT),Vereador
747795,4,2256,Ver. HÉLIO RODRIGUES (PT),Vereador
747795,5,2001,Ver. JAIR TATTO (PT),Vereador
747795,6,2255,Ver. JOÃO ANANIAS (PT),Vereador
747795,7,936,Ver. NABIL BONDUKI (PT),Vereador
747795,8,1349,Ver. SENIVAL MOURA (PT),Vereador
747795,9,2267,Ver. AMANDA PASCHOAL (PSOL),Vereador
747795,10,2185,Ver. CELSO GIANNAZI (PSOL),Vereador
747795,11,2278,Ver. KEIT LIMA (PSOL),Vereador
747795,12,2205,Ver. LUANA ALVES (PSOL),Vereador
747795,13,1999,Ver. PROFESSOR TONINHO VESPOLI (PSOL),Vereador
747795,14,2206,Ver. SILVIA DA BANCADA FEMINISTA (PSOL),Vereador
747868,1,2273,Ver. DR. MURILLO LIMA (PP),Vereador
747868,2,2279,Ver. SILVINHO LEITE (UNIÃO),Vereador
747875,1,2206,Ver. SILVIA DA BANCADA FEMINISTA (PSOL),Vereador
747987,1,2270,Ver. PASTORA SANDRA ALVES (UNIÃO),Vereador
748002,1,2278,Ver. KEIT LIMA (PSOL),Vereador
748002,2,2255,Ver. JOÃO ANANIAS (PT),Vereador
748241,1,2278,Ver. KEIT LIMA (PSOL),Vereador
748243,1,1487,Ver. RICARDO TEIXEIRA (UNIÃO),Vereador
748243,2,2219,Ver. MARCELO MESSIAS (MDB),Vereador
748247,1,1487,Ver. RICARDO TEIXEIRA (UNIÃO),Vereador
748247,2,2279,Ver. SILVINHO LEITE (UNIÃO),Vereador
748286,1,2255,Ver. JOÃO ANANIAS (PT),Vereador
748286,2,2272,Ver. DHEISON SILVA (PT),Vereador
748286,3,2278,Ver. KEIT LIMA (PSOL),Vereador
748287,1,2255,Ver. JOÃO ANANIAS (PT),Vereador
748287,2,2272,Ver. DHEISON SILVA (PT),Vereador
748287,3,2278,Ver. KEIT LIMA (PSOL),Vereador
748287,4,1999,Ver. PROFESSOR TONINHO VESPOLI (PSOL),Vereador
748379,1,2000,Ver. ALESSANDRO GUEDES (PT),Vereador
748379,2,2278,Ver. KEIT LIMA (PSOL),Vereador
748433,1,2278,Ver. KEIT LIMA (PSOL),Vereador
748433,2,2255,Ver. JOÃO ANANIAS (PT),Vereador
748617,1,1635,Ver. DRA. SANDRA TADEU (PL),Vereador
748792,1,2146,Ver. GILBERTO NASCIMENTO (PL),Vereador
748794,1,2146,Ver. GILBERTO NASCIMENTO (PL),Vereador
748841,1,2274,Ver. SARGENTO NANTES (PP),Vereador
748855,1,2268,Ver. AMANDA VETTORAZZO (UNIÃO),Vereador
748855,2,2279,Ver. SILVINHO LEITE (UNIÃO),Vereador
748899,1,2275,Ver. GABRIEL ABREU (PODE),Vereador
748900,1,936,Ver. NABIL BONDUKI (PT),Vereador
749073,1,2267,Ver. AMANDA PASCHOAL (PSOL),Vereador
749073,2,2278,Ver. KEIT LIMA (PSOL),Vereador
749121,1,2267,Ver. AMANDA PASCHOAL (PSOL),Vereador
749139,1,2160,Ver. JOÃO JORGE (MDB),Vereador
749240,1,2278,Ver. KEIT LIMA (PSOL),Vereador
749240,2,1999,Ver. PROFESSOR TONINHO VESPOLI (PSOL),Vereador
749240,3,2206,Ver. SILVIA DA BANCADA FEMINISTA (PSOL),Vereador
749240,4,2205,Ver. LUANA ALVES (PSOL),Vereador
749240,5,2267,Ver. AMANDA PASCHOAL (PSOL),Vereador
749240,6,2185,Ver. CELSO GIANNAZI (PSOL),Vereador
749272,1,2278,Ver. KEIT LIMA (PSOL),Vereador
749272,2,2255,Ver. JOÃO ANANIAS (PT),Vereador
749289,1,2278,Ver. KEIT LIMA (PSOL),Vereador
749344,1,1999,Ver. PROFESSOR TONINHO VESPOLI (PSOL),Vereador
749549,1,2278,Ver. KEIT LIMA (PSOL),Vereador
749549,2,2255,Ver. JOÃO ANANIAS (PT),Vereador
749778,1,776,Ver. ELISEU GABRIEL (PSB),Vereador
749832,1,1487,Ver. RICARDO TEIXEIRA (UNIÃO),Vereador
749842,1,1487,Ver. RICARDO TEIXEIRA (UNIÃO),Vereador
749842,2,1999,Ver. PROFESSOR TONINHO VESPOLI (PSOL),Vereador
749994,1,2001,Ver. JAIR TATTO (PT),Vereador
749996,1,2001,Ver. JAIR TATTO (PT),Vereador
750006,1,2218,Ver. THAMMY MIRANDA (PSD),Vereador
750009,1,2274,Ver. SARGENTO NANTES (PP),Vereador
750039,1,2278,Ver. KEIT LIMA (PSOL),Vereador
750040,1,2278,Ver. KEIT LIMA (PSOL),Vereador
750041,1,2278,Ver. KEIT LIMA (PSOL),Vereador
750042,1,2278,Ver. KEIT LIMA (PSOL),Vereador
750114,1,1487,Ver. RICARDO TEIXEIRA (UNIÃO),Vereador
750115,1,1487,Ver. RICARDO TEIXEIRA (UNIÃO),Vereador
750115,2,2279,Ver. SILVINHO LEITE (UNIÃO),Vereador
750189,1,2272,Ver. DHEISON SILVA (PT),Vereador
750190,1,2206,Ver. SILVIA DA BANCADA FEMINISTA (PSOL),Vereador
750190,2,2279,Ver. SILVINHO LEITE (UNIÃO),Vereador
750190,3,2278,Ver. KEIT LIMA (PSOL),Vereador
750194,1,2206,Ver. SILVIA DA BANCADA FEMINISTA (PSOL),Vereador
750370,1,2274,Ver. SARGENTO NANTES (PP),Vereador
750377,1,2254,Ver. LUNA ZARATTINI (PT),Vereador
750419,1,2205,Ver. LUANA ALVES (PSOL),Vereador
750639,1,2153,Ver. RODRIGO GOULART (PSD),Vereador
750641,1,2153,Ver. RODRIGO GOULART (PSD),Vereador
750781,1,2217,Ver. SANSÃO PEREIRA (REPUBLICANOS),Vereador
750785,1,1999,Ver. PROFESSOR TONINHO VESPOLI (PSOL),Vereador
750876,1,2246,Ver. MAJOR PALUMBO (PP),Vereador
750876,2,2222,Ver. CRIS MONTEIRO (NOVO),Vereador
750876,3,2217,Ver. SANSÃO PEREIRA (REPUBLICANOS),Vereador
750876,4,2224,Ver. SANDRA SANTANA (MDB),Vereador
750876,5,2279,Ver. SILVINHO LEITE (UNIÃO),Vereador
750876,6,2268,Ver. AMANDA VETTORAZZO (UNIÃO),Vereador
750877,1,2246,Ver. MAJOR PALUMBO (PP),Vereador
750920,1,2281,Ver. SIMONE GANEM (PODE),Vereador
751050,1,2150,Ver. ANDRÉ SANTOS (REPUBLICANOS),Vereador
751051,1,2150,Ver. ANDRÉ SANTOS (REPUBLICANOS),Vereador
751053,1,2150,Ver. ANDRÉ SANTOS (REPUBLICANOS),Vereador
751091,1,776,Ver. ELISEU GABRIEL (PSB),Vereador
751092,1,2281,Ver. SIMONE GANEM (PODE),Vereador
751092,2,1999,Ver. PROFESSOR TONINHO VESPOLI (PSOL),Vereador
751245,1,2271,Ver. ANA CAROLINA OLIVEIRA (PODE),Vereador
751245,2,2279,Ver. SILVINHO LEITE (UNIÃO),Vereador
751245,3,2268,Ver. AMANDA VETTORAZZO (UNIÃO),Vereador
751442,1,2219,Ver. MARCELO MESSIAS (MDB),Vereador
751626,1,2217,Ver. SANSÃO PEREIRA (REPUBLICANOS),Vereador
751635,1,2217,Ver. SANSÃO PEREIRA (REPUBLICANOS),Vereador
751637,1,2217,Ver. SANSÃO PEREIRA (REPUBLICANOS),Vereador
751638,1,2217,Ver. SANSÃO PEREIRA (REPUBLICANOS),Vereador
751638,2,2279,Ver. SILVINHO LEITE (UNIÃO),Vereador
751638,3,2218,Ver. THAMMY MIRANDA (PSD),Vereador
751638,4,2276,Ver. SILVÃO LEITE (UNIÃO),Vereador
751648,1,2217,Ver. SANSÃO PEREIRA (REPUBLICANOS),Vereador
751650,1,2217,Ver. SANSÃO PEREIRA (REPUBLICANOS),Vereador
751652,1,2217,Ver. SANSÃO PEREIRA (REPUBLICANOS),Vereador
751652,2,2276,Ver. SILVÃO LEITE (UNIÃO),Vereador
751655,1,2217,Ver. SANSÃO PEREIRA (REPUBLICANOS),Vereador
751699,1,2217,Ver. SANSÃO PEREIRA (REPUBLICANOS),Vereador
751699,2,2224,Ver. SANDRA SANTANA (MDB),Vereador
751699,3,2276,Ver. SILVÃO LEITE (UNIÃO),Vereador
751700,1,2217,Ver. SANSÃO PEREIRA (REPUBLICANOS),Vereador
751701,1,2217,Ver. SANSÃO PEREIRA (REPUBLICANOS),Vereador
751887,1,2278,Ver. KEIT LIMA (PSOL),Vereador
751888,1,2278,Ver. KEIT LIMA (PSOL),Vereador
751901,1,2278,Ver. KEIT LIMA (PSOL),Vereador
751902,1,2273,Ver. DR. MURILLO LIMA (PP),Vereador
751950,1,2274,Ver. SARGENTO NANTES (PP),Vereador
751953,1,1635,Ver. DRA. SANDRA TADEU (PL),Vereador
751953,2,2150,Ver. ANDRÉ SANTOS (REPUBLICANOS),Vereador
751953,3,2276,Ver. SILVÃO LEITE (UNIÃO),Vereador
751953,4,2275,Ver. GABRIEL ABREU (PODE),Vereador
752027,1,1487,Ver. RICARDO TEIXEIRA (UNIÃO),Vereador
752031,1,1487,Ver. RICARDO TEIXEIRA (UNIÃO),Vereador
752606,1,1999,Ver. PROFESSOR TONINHO VESPOLI (PSOL),Vereador
752645,1,2283,Ver. ZOE MARTÍNEZ (PL),Vereador
752729,1,776,Ver. ELISEU GABRIEL (PSB),Vereador
752730,1,1999,Ver. PROFESSOR TONINHO VESPOLI (PSOL),Vereador
752779,1,2267,Ver. AMANDA PASCHOAL (PSOL),Vereador
752940,1,2267,Ver. AMANDA PASCHOAL (PSOL),Vereador
752941,1,2267,Ver. AMANDA PASCHOAL (PSOL),Vereador
752948,1,2274,Ver. SARGENTO NANTES (PP),Vereador
752966,1,2275,Ver. GABRIEL ABREU (PODE),Vereador
752984,1,2159,Ver. RUTE COSTA (PL),Vereador
752985,1,2159,Ver. RUTE COSTA (PL),Vereador
752989,1,2159,Ver. RUTE COSTA (PL),Vereador
752990,1,2159,Ver. RUTE COSTA (PL),Vereador
753153,1,1999,Ver. PROFESSOR TONINHO VESPOLI (PSOL),Vereador
753172,1,2278,Ver. KEIT LIMA (PSOL),Vereador
753174,1,2278,Ver. KEIT LIMA (PSOL),Vereador
753408,1,2150,Ver. ANDRÉ SANTOS (REPUBLICANOS),Vereador
753408,2,2268,Ver. AMANDA VETTORAZZO (UNIÃO),Vereador
753409,1,2150,Ver. ANDRÉ SANTOS (REPUBLICANOS),Vereador
753582,1,1635,Ver. DRA. SANDRA TADEU (PL),Vereador
753678,1,1635,Ver. DRA. SANDRA TADEU (PL),Vereador
753737,1,2271,Ver. ANA CAROLINA OLIVEIRA (PODE),Vereador
753782,1,2283,Ver. ZOE MARTÍNEZ (PL),Vereador
753798,1,936,Ver. NABIL BONDUKI (PT),Vereador
753824,1,2273,Ver. DR. MURILLO LIMA (PP),Vereador
753846,1,2210,Ver. ELY TERUEL (MDB),Vereador
753849,1,1999,Ver. PROFESSOR TONINHO VESPOLI (PSOL),Vereador
753868,1,2144,Ver. FABIO RIVA (MDB),Vereador
753926,1,2147,Ver. ISAC FÉLIX (PL),Vereador
753995,1,2205,Ver. LUANA ALVES (PSOL),Vereador
754251,1,2281,Ver. SIMONE GANEM (PODE),Vereador
754252,1,2281,Ver. SIMONE GANEM (PODE),Vereador
754253,1,2281,Ver. SIMONE GANEM (PODE),Vereador
754262,1,2280,Ver. KENJI ITO (PODE),Vereador
754269,1,2222,Ver. CRIS MONTEIRO (NOVO),Vereador
754269,2,2279,Ver. SILVINHO LEITE (UNIÃO),Vereador
754287,1,776,Ver. ELISEU GABRIEL (PSB),Vereador
754300,1,2271,Ver. ANA CAROLINA OLIVEIRA (PODE),Vereador
754322,1,2224,Ver. SANDRA SANTANA (MDB),Vereador
754332,1,2277,Ver. JANAINA PASCHOAL (PP),Vereador
754396,1,2147,Ver. ISAC FÉLIX (PL),Vereador
754399,1,2147,Ver. ISAC FÉLIX (PL),Vereador
754405,1,2147,Ver. ISAC FÉLIX (PL),Vereador
754406,1,2147,Ver. ISAC FÉLIX (PL),Vereador
754408,1,2147,Ver. ISAC FÉLIX (PL),Vereador
754410,1,2147,Ver. ISAC FÉLIX (PL),Vereador
754424,1,2147,Ver. ISAC FÉLIX (PL),Vereador
754509,1,2279,Ver. SILVINHO LEITE (UNIÃO),Vereador
754592,1,2281,Ver. SIMONE GANEM (PODE),Vereador
754593,1,2281,Ver. SIMONE GANEM (PODE),Vereador
754594,1,2281,Ver. SIMONE GANEM (PODE),Vereador
754596,1,2270,Ver. PASTORA SANDRA ALVES (UNIÃO),Vereador
754597,1,2268,Ver. AMANDA VETTORAZZO (UNIÃO),Vereador
754598,1,2268,Ver. AMANDA VETTORAZZO (UNIÃO),Vereador
754599,1,2268,Ver. AMANDA VETTORAZZO (UNIÃO),Vereador
754601,1,2273,Ver. DR. MURILLO LIMA (PP),Vereador
754604,1,2222,Ver. CRIS MONTEIRO (NOVO),Vereador
754667,1,2268,Ver. AMANDA VETTORAZZO (UNIÃO),Vereador
754672,1,776,Ver. ELISEU GABRIEL (PSB),Vereador
754673,1,776,Ver. ELISEU GABRIEL (PSB),Vereador
754686,1,776,Ver. ELISEU GABRIEL (PSB),Vereador
754690,1,2275,Ver. GABRIEL ABREU (PODE),Vereador
754691,1,2275,Ver. GABRIEL ABREU (PODE),Vereador
754692,1,2275,Ver. GABRIEL ABREU (PODE),Vereador
754849,1,2267,Ver. AMANDA PASCHOAL (PSOL),Vereador
754923,1,2278,Ver. KEIT LIMA (PSOL),Vereador
754923,2,2255,Ver. JOÃO ANANIAS (PT),Vereador
755123,1,2222,Ver. CRIS MONTEIRO (NOVO),Vereador
755169,1,2268,Ver. AMANDA VETTORAZZO (UNIÃO),Vereador
755188,1,2185,Ver. CELSO GIANNAZI (PSOL),Vereador
755189,1,2224,Ver. SANDRA SANTANA (MDB),Vereador
755205,1,2185,Ver. CELSO GIANNAZI (PSOL),Vereador
755244,1,267,Ver. PAULO FRANGE (MDB),Vereador
755257,1,936,Ver. NABIL BONDUKI (PT),Vereador
755258,1,936,Ver. NABIL BONDUKI (PT),Vereador
755259,1,1487,Ver. RICARDO TEIXEIRA (UNIÃO),Vereador
755299,1,2254,Ver. LUNA ZARATTINI (PT),Vereador
755299,2,2000,Ver. ALESSANDRO GUEDES (PT),Vereador
755299,3,2272,Ver. DHEISON SILVA (PT),Vereador
755299,4,2256,Ver. HÉLIO RODRIGUES (PT),Vereador
755299,5,2001,Ver. JAIR TATTO (PT),Vereador
755299,6,2255,Ver. JOÃO ANANIAS (PT),Vereador
755299,7,936,Ver. NABIL BONDUKI (PT),Vereador
755299,8,1349,Ver. SENIVAL MOURA (PT),Vereador
755307,1,2280,Ver. KENJI ITO (PODE),Vereador
755307,2,1487,Ver. RICARDO TEIXEIRA (UNIÃO),Vereador
755312,1,2254,Ver. LUNA ZARATTINI (PT),Vereador
755319,1,2273,Ver. DR. MURILLO LIMA (PP),Vereador
755320,1,2271,Ver. ANA CAROLINA OLIVEIRA (PODE),Vereador
755322,1,2271,Ver. ANA CAROLINA OLIVEIRA (PODE),Vereador
755331,1,2222,Ver. CRIS MONTEIRO (NOVO),Vereador
755332,1,2222,Ver. CRIS MONTEIRO (NOVO),Vereador
755344,1,2275,Ver. GABRIEL ABREU (PODE),Vereador
755345,1,2275,Ver. GABRIEL ABREU (PODE),Vereador
755345,2,2221,Ver. ELI CORRÊA (UNIÃO),Vereador
755346,1,2275,Ver. GABRIEL ABREU (PODE),Vereador
755500,1,2270,Ver. PASTORA SANDRA ALVES (UNIÃO),Vereador
755508,1,1989,Ver. GEORGE HATO (MDB),Vereador
755523,1,1999,Ver. PROFESSOR TONINHO VESPOLI (PSOL),Vereador
755526,1,2281,Ver. SIMONE GANEM (PODE),Vereador
755527,1,2281,Ver. SIMONE GANEM (PODE),Vereador
755529,1,2281,Ver. SIMONE GANEM (PODE),Vereador
755529,2,2247,Ver. LUIZ PROTEÇÃO ANIMAL (PODE),Vereador
755531,1,2281,Ver. SIMONE GANEM (PODE),Vereador
755531,2,2247,Ver. LUIZ PROTEÇÃO ANIMAL (PODE),Vereador
755536,1,2281,Ver. SIMONE GANEM (PODE),Vereador
755536,2,2247,Ver. LUIZ PROTEÇÃO ANIMAL (PODE),Vereador
755556,1,2228,Ver. RENATA FALZONI (PSB),Vereador
755566,1,2159,Ver. RUTE COSTA (PL),Vereador
755578,1,2159,Ver. RUTE COSTA (PL),Vereador
755579,1,2159,Ver. RUTE COSTA (PL),Vereador
755580,1,2159,Ver. RUTE COSTA (PL),Vereador
755586,1,2268,Ver. AMANDA VETTORAZZO (UNIÃO),Vereador
755587,1,2274,Ver. SARGENTO NANTES (PP),Vereador
755588,1,2274,Ver. SARGENTO NANTES (PP),Vereador
755621,1,2217,Ver. SANSÃO PEREIRA (REPUBLICANOS),Vereador
755622,1,2217,Ver. SANSÃO PEREIRA (REPUBLICANOS),Vereador
755623,1,2217,Ver. SANSÃO PEREIRA (REPUBLICANOS),Vereador
755624,1,2217,Ver. SANSÃO PEREIRA (REPUBLICANOS),Vereador
755674,1,2281,Ver. SIMONE GANEM (PODE),Vereador
755684,1,2283,Ver. ZOE MARTÍNEZ (PL),Vereador
755684,2,1647,Ver. EDIR SALES (PSD),Vereador
755696,1,2278,Ver. KEIT LIMA (PSOL),Vereador
755696,2,2206,Ver. SILVIA DA BANCADA FEMINISTA (PSOL),Vereador
755696,3,2269,Ver. MARINA BRAGANTE (PSB),Vereador
755696,4,2254,Ver. LUNA ZARATTINI (PT),Vereador
755793,1,2275,Ver. GABRIEL ABREU (PODE),Vereador
755917,1,2267,Ver. AMANDA PASCHOAL (PSOL),Vereador
755967,1,2268,Ver. AMANDA VETTORAZZO (UNIÃO),Vereador
755967,2,2279,Ver. SILVINHO LEITE (UNIÃO),Vereador
755968,1,2278,Ver. KEIT LIMA (PSOL),Vereador
755979,1,2256,Ver. HÉLIO RODRIGUES (PT),Vereador
756146,1,2268,Ver. AMANDA VETTORAZZO (UNIÃO),Vereador
756147,1,2268,Ver. AMANDA VETTORAZZO (UNIÃO),Vereador
756192,1,2206,Ver. SILVIA DA BANCADA FEMINISTA (PSOL),Vereador
756192,2,1349,Ver. SENIVAL MOURA (PT),Vereador
756192,3,936,Ver. NABIL BONDUKI (PT),Vereador
756192,4,2278,Ver. KEIT LIMA (PSOL),Vereador
756192,5,2255,Ver. JOÃO ANANIAS (PT),Vereador
756192,6,2254,Ver. LUNA ZARATTINI (PT),Vereador
756192,7,2269,Ver. MARINA BRAGANTE (PSB),Vereador
756192,8,2228,Ver. RENATA FALZONI (PSB),Vereador
756192,9,2267,Ver. AMANDA PASCHOAL (PSOL),Vereador
756192,10,2205,Ver. LUANA ALVES (PSOL),Vereador
756205,1,2147,Ver. ISAC FÉLIX (PL),Vereador
756210,1,2147,Ver. ISAC FÉLIX (PL),Vereador
756211,1,2275,Ver. GABRIEL ABREU (PODE),Vereador
756212,1,2275,Ver. GABRIEL ABREU (PODE),Vereador
756274,1,2209,Ver. DANILO DO POSTO DE SAÚDE (PODE),Vereador
756279,1,2160,Ver. JOÃO JORGE (MDB),Vereador
756279,2,2224,Ver. SANDRA SANTANA (MDB),Vereador
756279,3,2218,Ver. THAMMY MIRANDA (PSD),Vereador
756279,4,2279,Ver. SILVINHO LEITE (UNIÃO),Vereador
756279,5,1635,Ver. DRA. SANDRA TADEU (PL),Vereador
756279,6,2280,Ver. KENJI ITO (PODE),Vereador
756279,7,2146,Ver. GILBERTO NASCIMENTO (PL),Vereador
756279,8,2219,Ver. MARCELO MESSIAS (MDB),Vereador
756304,1,2266,Ver. ADRILLES JORGE (UNIÃO),Vereador
756308,1,2205,Ver. LUANA ALVES (PSOL),Vereador
756308,2,2278,Ver. KEIT LIMA (PSOL),Vereador
756309,1,2219,Ver. MARCELO MESSIAS (MDB),Vereador
756392,1,1647,Ver. EDIR SALES (PSD),Vereador
756393,1,1487,Ver. RICARDO TEIXEIRA (UNIÃO),Vereador
756471,1,2268,Ver. AMANDA VETTORAZZO (UNIÃO),Vereador
756535,1,2288,Ver. ANDRÉ SOUZA (REPUBLICANOS),Vereador
756536,1,2288,Ver. ANDRÉ SOUZA (REPUBLICANOS),Vereador
756537,1,2288,Ver. ANDRÉ SOUZA (REPUBLICANOS),Vereador
756538,1,2147,Ver. ISAC FÉLIX (PL),Vereador
756560,1,2185,Ver. CELSO GIANNAZI (PSOL),Vereador
756560,2,1487,Ver. RICARDO TEIXEIRA (UNIÃO),Vereador
756562,1,2185,Ver. CELSO GIANNAZI (PSOL),Vereador
756563,1,2159,Ver. RUTE COSTA (PL),Vereador
756574,1,2224,Ver. SANDRA SANTANA (MDB),Vereador
756574,2,2217,Ver. SANSÃO PEREIRA (REPUBLICANOS),Vereador
756574,3,2276,Ver. SILVÃO LEITE (UNIÃO),Vereador
756574,4,2269,Ver. MARINA BRAGANTE (PSB),Vereador
756607,1,2273,Ver. DR. MURILLO LIMA (PP),Vereador
756624,1,2278,Ver. KEIT LIMA (PSOL),Vereador
756652,1,2281,Ver. SIMONE GANEM (PODE),Vereador
756679,1,2267,Ver. AMANDA PASCHOAL (PSOL),Vereador
756681,1,1487,Ver. RICARDO TEIXEIRA (UNIÃO),Vereador
756692,1,2267,Ver. AMANDA PASCHOAL (PSOL),Vereador
756701,1,2271,Ver. ANA CAROLINA OLIVEIRA (PODE),Vereador
756701,2,2218,Ver. THAMMY MIRANDA (PSD),Vereador
756701,3,2276,Ver. SILVÃO LEITE (UNIÃO),Vereador
756713,1,2255,Ver. JOÃO ANANIAS (PT),Vereador
756733,1,2255,Ver. JOÃO ANANIAS (PT),Vereador
756765,1,2275,Ver. GABRIEL ABREU (PODE),Vereador
756766,1,2275,Ver. GABRIEL ABREU (PODE),Vereador
756777,1,2205,Ver. LUANA ALVES (PSOL),Vereador
756783,1,2288,Ver. ANDRÉ SOUZA (REPUBLICANOS),Vereador
756839,1,2281,Ver. SIMONE GANEM (PODE),Vereador
756839,2,2247,Ver. LUIZ PROTEÇÃO ANIMAL (PODE),Vereador
756840,1,2281,Ver. SIMONE GANEM (PODE),Vereador
756890,1,2147,Ver. ISAC FÉLIX (PL),Vereador
756892,1,1487,Ver. RICARDO TEIXEIRA (UNIÃO),Vereador
757071,1,1999,Ver. PROFESSOR TONINHO VESPOLI (PSOL),Vereador
757071,2,2221,Ver. ELI CORRÊA (UNIÃO),Vereador
757072,1,1999,Ver. PROFESSOR TONINHO VESPOLI (PSOL),Vereador
757196,1,2205,Ver. LUANA ALVES (PSOL),Vereador
757198,1,2205,Ver. LUANA ALVES (PSOL),Vereador
757252,1,2000,Ver. ALESSANDRO GUEDES (PT),Vereador
757252,2,2217,Ver. SANSÃO PEREIRA (REPUBLICANOS),Vereador
757253,1,2205,Ver. LUANA ALVES (PSOL),Vereador
757263,1,1635,Ver. DRA. SANDRA TADEU (PL),Vereador
757543,1,2278,Ver. KEIT LIMA (PSOL),Vereador
757564,1,1635,Ver. DRA. SANDRA TADEU (PL),Vereador
757671,1,2272,Ver. DHEISON SILVA (PT),Vereador
757672,1,2272,Ver. DHEISON SILVA (PT),Vereador
757700,1,2219,Ver. MARCELO MESSIAS (MDB),Vereador
757700,2,2224,Ver. SANDRA SANTANA (MDB),Vereador
757700,3,2144,Ver. FABIO RIVA (MDB),Vereador
757700,4,2206,Ver. SILVIA DA BANCADA FEMINISTA (PSOL),Vereador
757700,5,2276,Ver. SILVÃO LEITE (UNIÃO),Vereador
757700,6,2279,Ver. SILVINHO LEITE (UNIÃO),Vereador
757882,1,2256,Ver. HÉLIO RODRIGUES (PT),Vereador
757903,1,2282,Ver. LUCAS PAVANATO (PL),Vereador
758016,1,2282,Ver. LUCAS PAVANATO (PL),Vereador
758039,1,2269,Ver. MARINA BRAGANTE (PSB),Vereador
758041,1,2267,Ver. AMANDA PASCHOAL (PSOL),Vereador
758072,1,1635,Ver. DRA. SANDRA TADEU (PL),Vereador
758077,1,2275,Ver. GABRIEL ABREU (PODE),Vereador
758102,1,2269,Ver. MARINA BRAGANTE (PSB),Vereador
758225,1,2205,Ver. LUANA ALVES (PSOL),Vereador
758235,1,2256,Ver. HÉLIO RODRIGUES (PT),Vereador
758247,1,2288,Ver. ANDRÉ SOUZA (REPUBLICANOS),Vereador
758248,1,2288,Ver. ANDRÉ SOUZA (REPUBLICANOS),Vereador
758249,1,2288,Ver. ANDRÉ SOUZA (REPUBLICANOS),Vereador
758251,1,2288,Ver. ANDRÉ SOUZA (REPUBLICANOS),Vereador
758253,1,1349,Ver. SENIVAL MOURA (PT),Vereador
758259,1,2205,Ver. LUANA ALVES (PSOL),Vereador
758338,1,2288,Ver. ANDRÉ SOUZA (REPUBLICANOS),Vereador
758340,1,2278,Ver. KEIT LIMA (PSOL),Vereador
758340,2,2255,Ver. JOÃO ANANIAS (PT),Vereador
758386,1,2267,Ver. AMANDA PASCHOAL (PSOL),Vereador
758403,1,2272,Ver. DHEISON SILVA (PT),Vereador
758489,1,2283,Ver. ZOE MARTÍNEZ (PL),Vereador
758565,1,2147,Ver. ISAC FÉLIX (PL),Vereador
758612,1,2278,Ver. KEIT LIMA (PSOL),Vereador
758646,1,2267,Ver. AMANDA PASCHOAL (PSOL),Vereador
758646,2,2278,Ver. KEIT LIMA (PSOL),Vereador
758740,1,2275,Ver. GABRIEL ABREU (PODE),Vereador
758743,1,2275,Ver. GABRIEL ABREU (PODE),Vereador
758747,1,2282,Ver. LUCAS PAVANATO (PL),Vereador
758841,1,2281,Ver. SIMONE GANEM (PODE),Vereador
758842,1,2281,Ver. SIMONE GANEM (PODE),Vereador
758843,1,2281,Ver. SIMONE GANEM (PODE),Vereador
758844,1,2267,Ver. AMANDA PASCHOAL (PSOL),Vereador
758870,1,2159,Ver. RUTE COSTA (PL),Vereador
758883,1,2214,Ver. RUBINHO NUNES (UNIÃO),Vereador
758883,2,2282,Ver. LUCAS PAVANATO (PL),Vereador
758943,1,2269,Ver. MARINA BRAGANTE (PSB),Vereador
758944,1,2269,Ver. MARINA BRAGANTE (PSB),Vereador
758966,1,2219,Ver. MARCELO MESSIAS (MDB),Vereador
759012,1,2268,Ver. AMANDA VETTORAZZO (UNIÃO),Vereador
759014,1,2271,Ver. ANA CAROLINA OLIVEIRA (PODE),Vereador
759140,1,2269,Ver. MARINA BRAGANTE (PSB),Vereador
759147,1,2278,Ver. KEIT LIMA (PSOL),Vereador
759481,1,2288,Ver. ANDRÉ SOUZA (REPUBLICANOS),Vereador
759482,1,2288,Ver. ANDRÉ SOUZA (REPUBLICANOS),Vereador
759584,1,2278,Ver. KEIT LIMA (PSOL),Vereador
759636,1,2275,Ver. GABRIEL ABREU (PODE),Vereador
759809,1,2219,Ver. MARCELO MESSIAS (MDB),Vereador
759813,1,2256,Ver. HÉLIO RODRIGUES (PT),Vereador
759824,1,2216,Ver. SONAIRA FERNANDES (PL),Vereador
759832,1,2256,Ver. HÉLIO RODRIGUES (PT),Vereador
759836,1,2216,Ver. SONAIRA FERNANDES (PL),Vereador
759953,1,2214,Ver. RUBINHO NUNES (UNIÃO),Vereador
759954,1,2214,Ver. RUBINHO NUNES (UNIÃO),Vereador
759974,1,2283,Ver. ZOE MARTÍNEZ (PL),Vereador
759983,1,2219,Ver. MARCELO MESSIAS (MDB),Vereador
760070,1,2205,Ver. LUANA ALVES (PSOL),Vereador
760085,1,2216,Ver. SONAIRA FERNANDES (PL),Vereador
760085,2,2219,Ver. MARCELO MESSIAS (MDB),Vereador
760091,1,2216,Ver. SONAIRA FERNANDES (PL),Vereador
760109,1,2216,Ver. SONAIRA FERNANDES (PL),Vereador
760111,1,2216,Ver. SONAIRA FERNANDES (PL),Vereador
760174,1,2159,Ver. RUTE COSTA (PL),Vereador
760211,1,2281,Ver. SIMONE GANEM (PODE),Vereador
760307,1,2273,Ver. DR. MURILLO LIMA (PP),Vereador
760384,1,2219,Ver. MARCELO MESSIAS (MDB),Vereador
760384,2,2276,Ver. SILVÃO LEITE (UNIÃO),Vereador
760390,1,2219,Ver. MARCELO MESSIAS (MDB),Vereador
760390,2,2276,Ver. SILVÃO LEITE (UNIÃO),Vereador
760391,1,2219,Ver. MARCELO MESSIAS (MDB),Vereador
760391,2,2276,Ver. SILVÃO LEITE (UNIÃO),Vereador
760392,1,2219,Ver. MARCELO MESSIAS (MDB),Vereador
760392,2,2276,Ver. SILVÃO LEITE (UNIÃO),Vereador
760691,1,2001,Ver. JAIR TATTO (PT),Vereador
760697,1,2001,Ver. JAIR TATTO (PT),Vereador
760697,2,2275,Ver. GABRIEL ABREU (PODE),Vereador
760715,1,2001,Ver. JAIR TATTO (PT),Vereador
760716,1,2001,Ver. JAIR TATTO (PT),Vereador
760817,1,1635,Ver. DRA. SANDRA TADEU (PL),Vereador
760817,2,2269,Ver. MARINA BRAGANTE (PSB),Vereador
760817,3,2270,Ver. PASTORA SANDRA ALVES (UNIÃO),Vereador
760817,4,2224,Ver. SANDRA SANTANA (MDB),Vereador
760820,1,1635,Ver. DRA. SANDRA TADEU (PL),Vereador
760820,2,2269,Ver. MARINA BRAGANTE (PSB),Vereador
760820,3,2224,Ver. SANDRA SANTANA (MDB),Vereador
760820,4,2270,Ver. PASTORA SANDRA ALVES (UNIÃO),Vereador
760823,1,1635,Ver. DRA. SANDRA TADEU (PL),Vereador
760964,1,2272,Ver. DHEISON SILVA (PT),Vereador
761131,1,1635,Ver. DRA. SANDRA TADEU (PL),Vereador
761315,1,2246,Ver. MAJOR PALUMBO (PP),Vereador
761322,1,1999,Ver. PROFESSOR TONINHO VESPOLI (PSOL),Vereador
761533,1,2278,Ver. KEIT LIMA (PSOL),Vereador
761589,1,2267,Ver. AMANDA PASCHOAL (PSOL),Vereador
761589,2,2278,Ver. KEIT LIMA (PSOL),Vereador
761590,1,2219,Ver. MARCELO MESSIAS (MDB),Vereador
761682,1,2267,Ver. AMANDA PASCHOAL (PSOL),Vereador
761693,1,1647,Ver. EDIR SALES (PSD),Vereador
761910,1,2224,Ver. SANDRA SANTANA (MDB),Vereador
761943,1,2256,Ver. HÉLIO RODRIGUES (PT),Vereador
761945,1,2256,Ver. HÉLIO RODRIGUES (PT),Vereador
761947,1,2256,Ver. HÉLIO RODRIGUES (PT),Vereador
762085,1,2275,Ver. GABRIEL ABREU (PODE),Vereador
762115,1,2001,Ver. JAIR TATTO (PT),Vereador
762131,1,2274,Ver. SARGENTO NANTES (PP),Vereador
762218,1,2268,Ver. AMANDA VETTORAZZO (UNIÃO),Vereador
762224,1,1487,Ver. RICARDO TEIXEIRA (UNIÃO),Vereador
762439,1,2277,Ver. JANAINA PASCHOAL (PP),Vereador
762439,2,2279,Ver. SILVINHO LEITE (UNIÃO),Vereador
762440,1,2278,Ver. KEIT LIMA (PSOL),Vereador
762449,1,2278,Ver. KEIT LIMA (PSOL),Vereador
762469,1,1999,Ver. PROFESSOR TONINHO VESPOLI (PSOL),Vereador
762484,1,2219,Ver. MARCELO MESSIAS (MDB),Vereador
762654,1,1635,Ver. DRA. SANDRA TADEU (PL),Vereador
762693,1,2256,Ver. HÉLIO RODRIGUES (PT),Vereador
762710,1,2288,Ver. ANDRÉ SOUZA (REPUBLICANOS),Vereador
762796,1,2288,Ver. ANDRÉ SOUZA (REPUBLICANOS),Vereador
762798,1,2288,Ver. ANDRÉ SOUZA (REPUBLICANOS),Vereador
762801,1,2268,Ver. AMANDA VETTORAZZO (UNIÃO),Vereador
762808,1,2278,Ver. KEIT LIMA (PSOL),Vereador
762859,1,696,Ver. CARLOS BEZERRA JR. (PSD),Vereador
762872,1,936,Ver. NABIL BONDUKI (PT),Vereador
762968,1,1635,Ver. DRA. SANDRA TADEU (PL),Vereador
762968,2,2224,Ver. SANDRA SANTANA (MDB),Vereador
762968,3,2218,Ver. THAMMY MIRANDA (PSD),Vereador
763045,1,2185,Ver. CELSO GIANNAZI (PSOL),Vereador
763045,2,1636,Ver. DR. MILTON FERREIRA (PODE),Vereador
763284,1,2216,Ver. SONAIRA FERNANDES (PL),Vereador
763320,1,2150,Ver. ANDRÉ SANTOS (REPUBLICANOS),Vereador
763325,1,2150,Ver. ANDRÉ SANTOS (REPUBLICANOS),Vereador
763325,2,2279,Ver. SILVINHO LEITE (UNIÃO),Vereador
763330,1,2219,Ver. MARCELO MESSIAS (MDB),Vereador
763400,1,2282,Ver. LUCAS PAVANATO (PL),Vereador
763436,1,2271,Ver. ANA CAROLINA OLIVEIRA (PODE),Vereador
763460,1,2267,Ver. AMANDA PASCHOAL (PSOL),Vereador
763511,1,2267,Ver. AMANDA PASCHOAL (PSOL),Vereador
763511,2,2279,Ver. SILVINHO LEITE (UNIÃO),Vereador
763511,3,2228,Ver. RENATA FALZONI (PSB),Vereador
763511,4,1999,Ver. PROFESSOR TONINHO VESPOLI (PSOL),Vereador
763601,1,2278,Ver. KEIT LIMA (PSOL),Vereador
763651,1,2273,Ver. DR. MURILLO LIMA (PP),Vereador
763653,1,2273,Ver. DR. MURILLO LIMA (PP),Vereador
763653,2,2219,Ver. MARCELO MESSIAS (MDB),Vereador
763686,1,2268,Ver. AMANDA VETTORAZZO (UNIÃO),Vereador
763692,1,2268,Ver. AMANDA VETTORAZZO (UNIÃO),Vereador
763695,1,2268,Ver. AMANDA VETTORAZZO (UNIÃO),Vereador
763757,1,2282,Ver. LUCAS PAVANATO (PL),Vereador
763758,1,2282,Ver. LUCAS PAVANATO (PL),Vereador
763759,1,2271,Ver. ANA CAROLINA OLIVEIRA (PODE),Vereador
763855,1,2256,Ver. HÉLIO RODRIGUES (PT),Vereador
763858,1,2256,Ver. HÉLIO RODRIGUES (PT),Vereador
763864,1,776,Ver. ELISEU GABRIEL (PSB),Vereador
764055,1,1635,Ver. DRA. SANDRA TADEU (PL),Vereador
764094,1,2216,Ver. SONAIRA FERNANDES (PL),Vereador
764108,1,2281,Ver. SIMONE GANEM (PODE),Vereador
764208,1,1487,Ver. RICARDO TEIXEIRA (UNIÃO),Vereador
764233,1,2256,Ver. HÉLIO RODRIGUES (PT),Vereador
764235,1,1487,Ver. RICARDO TEIXEIRA (UNIÃO),Vereador
764239,1,1487,Ver. RICARDO TEIXEIRA (UNIÃO),Vereador
764241,1,2282,Ver. LUCAS PAVANATO (PL),Vereador
764247,1,1487,Ver. RICARDO TEIXEIRA (UNIÃO),Vereador
764254,1,2160,Ver. JOÃO JORGE (MDB),Vereador
764283,1,2219,Ver. MARCELO MESSIAS (MDB),Vereador
764392,1,2150,Ver. ANDRÉ SANTOS (REPUBLICANOS),Vereador
764529,1,2246,Ver. MAJOR PALUMBO (PP),Vereador
764769,1,2001,Ver. JAIR TATTO (PT),Vereador
764770,1,2219,Ver. MARCELO MESSIAS (MDB),Vereador
764811,1,2272,Ver. DHEISON SILVA (PT),Vereador
764900,1,2160,Ver. JOÃO JORGE (MDB),Vereador
765123,1,2278,Ver. KEIT LIMA (PSOL),Vereador
765123,2,2255,Ver. JOÃO ANANIAS (PT),Vereador
765126,1,2219,Ver. MARCELO MESSIAS (MDB),Vereador
765128,1,2206,Ver. SILVIA DA BANCADA FEMINISTA (PSOL),Vereador
765175,1,2275,Ver. GABRIEL ABREU (PODE),Vereador
765175,2,2279,Ver. SILVINHO LEITE (UNIÃO),Vereador
765176,1,2275,Ver. GABRIEL ABREU (PODE),Vereador
765178,1,2275,Ver. GABRIEL ABREU (PODE),Vereador
765180,1,2217,Ver. SANSÃO PEREIRA (REPUBLICANOS),Vereador
765181,1,2217,Ver. SANSÃO PEREIRA (REPUBLICANOS),Vereador
765182,1,2185,Ver. CELSO GIANNAZI (PSOL),Vereador
765230,1,2147,Ver. ISAC FÉLIX (PL),Vereador
765249,1,2267,Ver. AMANDA PASCHOAL (PSOL),Vereador
765287,1,2267,Ver. AMANDA PASCHOAL (PSOL),Vereador
765419,1,2219,Ver. MARCELO MESSIAS (MDB),Vereador
765600,1,2147,Ver. ISAC FÉLIX (PL),Vereador
765661,1,2277,Ver. JANAINA PASCHOAL (PP),Vereador
765661,2,2279,Ver. SILVINHO LEITE (UNIÃO),Vereador
765661,3,2146,Ver. GILBERTO NASCIMENTO (PL),Vereador
765661,4,2150,Ver. ANDRÉ SANTOS (REPUBLICANOS),Vereador
765661,5,2160,Ver. JOÃO JORGE (MDB),Vereador
765661,6,2211,Ver. SIDNEY CRUZ (MDB),Vereador
765661,7,2246,Ver. MAJOR PALUMBO (PP),Vereador
765669,1,2267,Ver. AMANDA PASCHOAL (PSOL),Vereador
765947,1,2272,Ver. DHEISON SILVA (PT),Vereador
766066,1,2159,Ver. RUTE COSTA (PL),Vereador
766069,1,2159,Ver. RUTE COSTA (PL),Vereador
766077,1,2276,Ver. SILVÃO LEITE (UNIÃO),Vereador
766078,1,2159,Ver. RUTE COSTA (PL),Vereador
766080,1,2278,Ver. KEIT LIMA (PSOL),Vereador
766138,1,2254,Ver. LUNA ZARATTINI (PT),Vereador
766138,2,2000,Ver. ALESSANDRO GUEDES (PT),Vereador
766138,3,2272,Ver. DHEISON SILVA (PT),Vereador
766138,4,2001,Ver. JAIR TATTO (PT),Vereador
766138,5,2255,Ver. JOÃO ANANIAS (PT),Vereador
766138,6,936,Ver. NABIL BONDUKI (PT),Vereador
766138,7,1349,Ver. SENIVAL MOURA (PT),Vereador
766138,8,2256,Ver. HÉLIO RODRIGUES (PT),Vereador
766143,1,2267,Ver. AMANDA PASCHOAL (PSOL),Vereador
766143,2,2254,Ver. LUNA ZARATTINI (PT),Vereador
766190,1,776,Ver. ELISEU GABRIEL (PSB),Vereador
766222,1,2147,Ver. ISAC FÉLIX (PL),Vereador
766376,1,776,Ver. ELISEU GABRIEL (PSB),Vereador
766376,2,1999,Ver. PROFESSOR TONINHO VESPOLI (PSOL),Vereador
766386,1,2282,Ver. LUCAS PAVANATO (PL),Vereador
766388,1,2282,Ver. LUCAS PAVANATO (PL),Vereador
766389,1,2282,Ver. LUCAS PAVANATO (PL),Vereador
766394,1,2266,Ver. ADRILLES JORGE (UNIÃO),Vereador
766430,1,2216,Ver. SONAIRA FERNANDES (PL),Vereador
766431,1,2147,Ver. ISAC FÉLIX (PL),Vereador
766432,1,2216,Ver. SONAIRA FERNANDES (PL),Vereador
766433,1,2216,Ver. SONAIRA FERNANDES (PL),Vereador
766433,2,2276,Ver. SILVÃO LEITE (UNIÃO),Vereador
766433,3,2279,Ver. SILVINHO LEITE (UNIÃO),Vereador
766433,4,2210,Ver. ELY TERUEL (MDB),Vereador
766677,1,2281,Ver. SIMONE GANEM (PODE),Vereador
766678,1,2281,Ver. SIMONE GANEM (PODE),Vereador
766678,2,2247,Ver. LUIZ PROTEÇÃO ANIMAL (PODE),Vereador
766852,1,2150,Ver. ANDRÉ SANTOS (REPUBLICANOS),Vereador
766885,1,2280,Ver. KENJI ITO (PODE),Vereador
767254,1,2275,Ver. GABRIEL ABREU (PODE),Vereador
767283,1,1647,Ver. EDIR SALES (PSD),Vereador
767284,1,1647,Ver. EDIR SALES (PSD),Vereador
767311,1,2147,Ver. ISAC FÉLIX (PL),Vereador
767318,1,2255,Ver. JOÃO ANANIAS (PT),Vereador
767318,2,2272,Ver. DHEISON SILVA (PT),Vereador
767346,1,2278,Ver. KEIT LIMA (PSOL),Vereador
767350,1,2278,Ver. KEIT LIMA (PSOL),Vereador
767420,1,2274,Ver. SARGENTO NANTES (PP),Vereador
767594,1,2274,Ver. SARGENTO NANTES (PP),Vereador
767608,1,2144,Ver. FABIO RIVA (MDB),Vereador
767661,1,696,Ver. CARLOS BEZERRA JR. (PSD),Vereador
767668,1,2268,Ver. AMANDA VETTORAZZO (UNIÃO),Vereador
767690,1,2150,Ver. ANDRÉ SANTOS (REPUBLICANOS),Vereador
767780,1,1487,Ver. RICARDO TEIXEIRA (UNIÃO),Vereador
767853,1,2254,Ver. LUNA ZARATTINI (PT),Vereador
767853,2,2256,Ver. HÉLIO RODRIGUES (PT),Vereador
767924,1,1635,Ver. DRA. SANDRA TADEU (PL),Vereador
767925,1,1635,Ver. DRA. SANDRA TADEU (PL),Vereador
767927,1,2256,Ver. HÉLIO RODRIGUES (PT),Vereador
767954,1,696,Ver. CARLOS BEZERRA JR. (PSD),Vereador
768002,1,2274,Ver. SARGENTO NANTES (PP),Vereador
768116,1,2228,Ver. RENATA FALZONI (PSB),Vereador
768116,2,2160,Ver. JOÃO JORGE (MDB),Vereador
768226,1,2278,Ver. KEIT LIMA (PSOL),Vereador
768227,1,2278,Ver. KEIT LIMA (PSOL),Vereador
768260,1,2278,Ver. KEIT LIMA (PSOL),Vereador
768274,1,2185,Ver. CELSO GIANNAZI (PSOL),Vereador
768286,1,2275,Ver. GABRIEL ABREU (PODE),Vereador
768288,1,2275,Ver. GABRIEL ABREU (PODE),Vereador
768289,1,2275,Ver. GABRIEL ABREU (PODE),Vereador
768336,1,2271,Ver. ANA CAROLINA OLIVEIRA (PODE),Vereador
768459,1,2185,Ver. CELSO GIANNAZI (PSOL),Vereador
768460,1,2185,Ver. CELSO GIANNAZI (PSOL),Vereador
768570,1,2278,Ver. KEIT LIMA (PSOL),Vereador
768571,1,2001,Ver. JAIR TATTO (PT),Vereador
768575,1,2278,Ver. KEIT LIMA (PSOL),Vereador
768575,2,2255,Ver. JOÃO ANANIAS (PT),Vereador
768576,1,2278,Ver. KEIT LIMA (PSOL),Vereador
768577,1,2283,Ver. ZOE MARTÍNEZ (PL),Vereador
768582,1,2278,Ver. KEIT LIMA (PSOL),Vereador
768583,1,2278,Ver. KEIT LIMA (PSOL),Vereador
768675,1,2273,Ver. DR. MURILLO LIMA (PP),Vereador
768762,1,1647,Ver. EDIR SALES (PSD),Vereador
769000,1,2246,Ver. MAJOR PALUMBO (PP),Vereador
769057,1,1349,Ver. SENIVAL MOURA (PT),Vereador
769058,1,1999,Ver. PROFESSOR TONINHO VESPOLI (PSOL),Vereador
769061,1,1999,Ver. PROFESSOR TONINHO VESPOLI (PSOL),Vereador
769071,1,2272,Ver. DHEISON SILVA (PT),Vereador
769086,1,2219,Ver. MARCELO MESSIAS (MDB),Vereador
769087,1,1999,Ver. PROFESSOR TONINHO VESPOLI (PSOL),Vereador
769120,1,1989,Ver. GEORGE HATO (MDB),Vereador
769395,1,2267,Ver. AMANDA PASCHOAL (PSOL),Vereador
769525,1,2273,Ver. DR. MURILLO LIMA (PP),Vereador
769525,2,2254,Ver. LUNA ZARATTINI (PT),Vereador
769525,3,2276,Ver. SILVÃO LEITE (UNIÃO),Vereador
769525,4,2219,Ver. MARCELO MESSIAS (MDB),Vereador
769621,1,2273,Ver. DR. MURILLO LIMA (PP),Vereador
769638,1,1487,Ver. RICARDO TEIXEIRA (UNIÃO),Vereador
769644,1,1487,Ver. RICARDO TEIXEIRA (UNIÃO),Vereador
769650,1,1487,Ver. RICARDO TEIXEIRA (UNIÃO),Vereador
769671,1,1487,Ver. RICARDO TEIXEIRA (UNIÃO),Vereador
769769,1,2278,Ver. KEIT LIMA (PSOL),Vereador
769821,1,2282,Ver. LUCAS PAVANATO (PL),Vereador
769872,1,2282,Ver. LUCAS PAVANATO (PL),Vereador
770052,1,2275,Ver. GABRIEL ABREU (PODE),Vereador
770053,1,2275,Ver. GABRIEL ABREU (PODE),Vereador
770054,1,2275,Ver. GABRIEL ABREU (PODE),Vereador
770056,1,2275,Ver. GABRIEL ABREU (PODE),Vereador
770108,1,2271,Ver. ANA CAROLINA OLIVEIRA (PODE),Vereador
770108,2,2279,Ver. SILVINHO LEITE (UNIÃO),Vereador
770150,1,2267,Ver. AMANDA PASCHOAL (PSOL),Vereador
770150,2,2278,Ver. KEIT LIMA (PSOL),Vereador
770337,1,2267,Ver. AMANDA PASCHOAL (PSOL),Vereador
770347,1,2255,Ver. JOÃO ANANIAS (PT),Vereador
770383,1,2150,Ver. ANDRÉ SANTOS (REPUBLICANOS),Vereador
770384,1,2150,Ver. ANDRÉ SANTOS (REPUBLICANOS),Vereador
770385,1,2150,Ver. ANDRÉ SANTOS (REPUBLICANOS),Vereador
770386,1,2150,Ver. ANDRÉ SANTOS (REPUBLICANOS),Vereador
770405,1,2150,Ver. ANDRÉ SANTOS (REPUBLICANOS),Vereador
770405,2,2278,Ver. KEIT LIMA (PSOL),Vereador
770476,1,2159,Ver. RUTE COSTA (PL),Vereador
770478,1,2159,Ver. RUTE COSTA (PL),Vereador
770500,1,2246,Ver. MAJOR PALUMBO (PP),Vereador
770517,1,2246,Ver. MAJOR PALUMBO (PP),Vereador
770561,1,2267,Ver. AMANDA PASCHOAL (PSOL),Vereador
770561,2,2279,Ver. SILVINHO LEITE (UNIÃO),Vereador
770624,1,2271,Ver. ANA CAROLINA OLIVEIRA (PODE),Vereador
770726,1,2206,Ver. SILVIA DA BANCADA FEMINISTA (PSOL),Vereador
770760,1,2275,Ver. GABRIEL ABREU (PODE),Vereador
770793,1,1989,Ver. GEORGE HATO (MDB),Vereador
771013,1,2219,Ver. MARCELO MESSIAS (MDB),Vereador
771014,1,2218,Ver. THAMMY MIRANDA (PSD),Vereador
771026,1,2206,Ver. SILVIA DA BANCADA FEMINISTA (PSOL),Vereador
771026,2,2272,Ver. DHEISON SILVA (PT),Vereador
771029,1,2246,Ver. MAJOR PALUMBO (PP),Vereador
771050,1,2246,Ver. MAJOR PALUMBO (PP),Vereador
771130,1,2280,Ver. KENJI ITO (PODE),Vereador
771368,1,2278,Ver. KEIT LIMA (PSOL),Vereador
771369,1,2278,Ver. KEIT LIMA (PSOL),Vereador
771371,1,2206,Ver. SILVIA DA BANCADA FEMINISTA (PSOL),Vereador
771371,2,1999,Ver. PROFESSOR TONINHO VESPOLI (PSOL),Vereador
771371,3,2269,Ver. MARINA BRAGANTE (PSB),Vereador
771371,4,2278,Ver. KEIT LIMA (PSOL),Vereador
771371,5,936,Ver. NABIL BONDUKI (PT),Vereador
771371,6,1349,Ver. SENIVAL MOURA (PT),Vereador
771371,7,2205,Ver. LUANA ALVES (PSOL),Vereador
771371,8,2001,Ver. JAIR TATTO (PT),Vereador
771371,9,2228,Ver. RENATA FALZONI (PSB),Vereador
771371,10,1487,Ver. RICARDO TEIXEIRA (UNIÃO),Vereador
771371,11,2267,Ver. AMANDA PASCHOAL (PSOL),Vereador
771372,1,2206,Ver. SILVIA DA BANCADA FEMINISTA (PSOL),Vereador
771372,2,1999,Ver. PROFESSOR TONINHO VESPOLI (PSOL),Vereador
771372,3,2269,Ver. MARINA BRAGANTE (PSB),Vereador
771372,4,2278,Ver. KEIT LIMA (PSOL),Vereador
771372,5,936,Ver. NABIL BONDUKI (PT),Vereador
771372,6,1349,Ver. SENIVAL MOURA (PT),Vereador
771372,7,2205,Ver. LUANA ALVES (PSOL),Vereador
771372,8,2001,Ver. JAIR TATTO (PT),Vereador
771372,9,2228,Ver. RENATA FALZONI (PSB),Vereador
771372,10,1487,Ver. RICARDO TEIXEIRA (UNIÃO),Vereador
771372,11,2267,Ver. AMANDA PASCHOAL (PSOL),Vereador
771373,1,2206,Ver. SILVIA DA BANCADA FEMINISTA (PSOL),Vereador
771373,2,1999,Ver. PROFESSOR TONINHO VESPOLI (PSOL),Vereador
771373,3,2269,Ver. MARINA BRAGANTE (PSB),Vereador
771373,4,2278,Ver. KEIT LIMA (PSOL),Vereador
771373,5,936,Ver. NABIL BONDUKI (PT),Vereador
771373,6,1349,Ver. SENIVAL MOURA (PT),Vereador
771373,7,2205,Ver. LUANA ALVES (PSOL),Vereador
771373,8,2001,Ver. JAIR TATTO (PT),Vereador
771373,9,2228,Ver. RENATA FALZONI (PSB),Vereador
771373,10,1487,Ver. RICARDO TEIXEIRA (UNIÃO),Vereador
771373,11,2267,Ver. AMANDA PASCHOAL (PSOL),Vereador
771374,1,2206,Ver. SILVIA DA BANCADA FEMINISTA (PSOL),Vereador
771374,2,2218,Ver. THAMMY MIRANDA (PSD),Vereador
771374,3,1999,Ver. PROFESSOR TONINHO VESPOLI (PSOL),Vereador
771374,4,2269,Ver. MARINA BRAGANTE (PSB),Vereador
771374,5,2278,Ver. KEIT LIMA (PSOL),Vereador
771374,6,936,Ver. NABIL BONDUKI (PT),Vereador
771374,7,1349,Ver. SENIVAL MOURA (PT),Vereador
771374,8,2205,Ver. LUANA ALVES (PSOL),Vereador
771374,9,2001,Ver. JAIR TATTO (PT),Vereador
771374,10,2228,Ver. RENATA FALZONI (PSB),Vereador
771374,11,1487,Ver. RICARDO TEIXEIRA (UNIÃO),Vereador
771374,12,2267,Ver. AMANDA PASCHOAL (PSOL),Vereador
771375,1,1635,Ver. DRA. SANDRA TADEU (PL),Vereador
771381,1,2206,Ver. SILVIA DA BANCADA FEMINISTA (PSOL),Vereador
771381,2,1999,Ver. PROFESSOR TONINHO VESPOLI (PSOL),Vereador
771381,3,2269,Ver. MARINA BRAGANTE (PSB),Vereador
771381,4,2278,Ver. KEIT LIMA (PSOL),Vereador
771381,5,936,Ver. NABIL BONDUKI (PT),Vereador
771381,6,1349,Ver. SENIVAL MOURA (PT),Vereador
771381,7,2205,Ver. LUANA ALVES (PSOL),Vereador
771381,8,2001,Ver. JAIR TATTO (PT),Vereador
771381,9,2228,Ver. RENATA FALZONI (PSB),Vereador
771381,10,1487,Ver. RICARDO TEIXEIRA (UNIÃO),Vereador
771381,11,2267,Ver. AMANDA PASCHOAL (PSOL),Vereador
771504,1,2185,Ver. CELSO GIANNAZI (PSOL),Vereador
771504,2,2224,Ver. SANDRA SANTANA (MDB),Vereador
771581,1,2150,Ver. ANDRÉ SANTOS (REPUBLICANOS),Vereador
771582,1,2150,Ver. ANDRÉ SANTOS (REPUBLICANOS),Vereador
771583,1,2150,Ver. ANDRÉ SANTOS (REPUBLICANOS),Vereador
771585,1,2150,Ver. ANDRÉ SANTOS (REPUBLICANOS),Vereador
771642,1,1487,Ver. RICARDO TEIXEIRA (UNIÃO),Vereador
771643,1,2000,Ver. ALESSANDRO GUEDES (PT),Vereador
771648,1,2214,Ver. RUBINHO NUNES (UNIÃO),Vereador
771651,1,2150,Ver. ANDRÉ SANTOS (REPUBLICANOS),Vereador
771806,1,2150,Ver. ANDRÉ SANTOS (REPUBLICANOS),Vereador
771807,1,2279,Ver. SILVINHO LEITE (UNIÃO),Vereador
771808,1,2150,Ver. ANDRÉ SANTOS (REPUBLICANOS),Vereador
771809,1,2150,Ver. ANDRÉ SANTOS (REPUBLICANOS),Vereador
771972,1,1999,Ver. PROFESSOR TONINHO VESPOLI (PSOL),Vereador
771994,1,2206,Ver. SILVIA DA BANCADA FEMINISTA (PSOL),Vereador
772100,1,2150,Ver. ANDRÉ SANTOS (REPUBLICANOS),Vereador
772101,1,2150,Ver. ANDRÉ SANTOS (REPUBLICANOS),Vereador
772103,1,2150,Ver. ANDRÉ SANTOS (REPUBLICANOS),Vereador
772127,1,2150,Ver. ANDRÉ SANTOS (REPUBLICANOS),Vereador
772129,1,2150,Ver. ANDRÉ SANTOS (REPUBLICANOS),Vereador
772155,1,2150,Ver. ANDRÉ SANTOS (REPUBLICANOS),Vereador
772257,1,2159,Ver. RUTE COSTA (PL),Vereador
772260,1,2159,Ver. RUTE COSTA (PL),Vereador
772263,1,2159,Ver. RUTE COSTA (PL),Vereador
772330,1,2159,Ver. RUTE COSTA (PL),Vereador
772341,1,2159,Ver. RUTE COSTA (PL),Vereador
772348,1,2159,Ver. RUTE COSTA (PL),Vereador
772375,1,2271,Ver. ANA CAROLINA OLIVEIRA (PODE),Vereador
772530,1,2278,Ver. KEIT LIMA (PSOL),Vereador
772549,1,2218,Ver. THAMMY MIRANDA (PSD),Vereador
772552,1,2001,Ver. JAIR TATTO (PT),Vereador
772558,1,2001,Ver. JAIR TATTO (PT),Vereador
772560,1,2001,Ver. JAIR TATTO (PT),Vereador
772563,1,2001,Ver. JAIR TATTO (PT),Vereador
772564,1,2001,Ver. JAIR TATTO (PT),Vereador
772567,1,2001,Ver. JAIR TATTO (PT),Vereador
772567,2,2278,Ver. KEIT LIMA (PSOL),Vereador
772570,1,2001,Ver. JAIR TATTO (PT),Vereador
772645,1,2256,Ver. HÉLIO RODRIGUES (PT),Vereador
772752,1,2268,Ver. AMANDA VETTORAZZO (UNIÃO),Vereador
772752,2,2247,Ver. LUIZ PROTEÇÃO ANIMAL (PODE),Vereador
772756,1,2268,Ver. AMANDA VETTORAZZO (UNIÃO),Vereador
772769,1,2206,Ver. SILVIA DA BANCADA FEMINISTA (PSOL),Vereador
772779,1,2282,Ver. LUCAS PAVANATO (PL),Vereador
772784,1,2282,Ver. LUCAS PAVANATO (PL),Vereador
772790,1,2282,Ver. LUCAS PAVANATO (PL),Vereador
772796,1,2282,Ver. LUCAS PAVANATO (PL),Vereador
772797,1,2268,Ver. AMANDA VETTORAZZO (UNIÃO),Vereador
772805,1,2282,Ver. LUCAS PAVANATO (PL),Vereador
772917,1,2278,Ver. KEIT LIMA (PSOL),Vereador
773012,1,2256,Ver. HÉLIO RODRIGUES (PT),Vereador
773116,1,2160,Ver. JOÃO JORGE (MDB),Vereador
773214,1,2276,Ver. SILVÃO LEITE (UNIÃO),Vereador
773237,1,2282,Ver. LUCAS PAVANATO (PL),Vereador
773238,1,2282,Ver. LUCAS PAVANATO (PL),Vereador
773239,1,2282,Ver. LUCAS PAVANATO (PL),Vereador
773240,1,2282,Ver. LUCAS PAVANATO (PL),Vereador
773249,1,2278,Ver. KEIT LIMA (PSOL),Vereador
773271,1,2185,Ver. CELSO GIANNAZI (PSOL),Vereador
773336,1,2256,Ver. HÉLIO RODRIGUES (PT),Vereador
773423,1,2274,Ver. SARGENTO NANTES (PP),Vereador
773486,1,1989,Ver. GEORGE HATO (MDB),Vereador
773513,1,2001,Ver. JAIR TATTO (PT),Vereador
773607,1,2267,Ver. AMANDA PASCHOAL (PSOL),Vereador
773607,2,1999,Ver. PROFESSOR TONINHO VESPOLI (PSOL),Vereador
773608,1,2268,Ver. AMANDA VETTORAZZO (UNIÃO),Vereador
773609,1,936,Ver. NABIL BONDUKI (PT),Vereador
773693,1,2222,Ver. CRIS MONTEIRO (NOVO),Vereador
773866,1,1999,Ver. PROFESSOR TONINHO VESPOLI (PSOL),Vereador
773867,1,1999,Ver. PROFESSOR TONINHO VESPOLI (PSOL),Vereador
773873,1,2217,Ver. SANSÃO PEREIRA (REPUBLICANOS),Vereador
773875,1,2217,Ver. SANSÃO PEREIRA (REPUBLICANOS),Vereador
774263,1,1487,Ver. RICARDO TEIXEIRA (UNIÃO),Vereador
774326,1,2219,Ver. MARCELO MESSIAS (MDB),Vereador
774330,1,2219,Ver. MARCELO MESSIAS (MDB),Vereador
774465,1,1635,Ver. DRA. SANDRA TADEU (PL),Vereador
774478,1,1635,Ver. DRA. SANDRA TADEU (PL),Vereador
774505,1,1647,Ver. EDIR SALES (PSD),Vereador
774506,1,1647,Ver. EDIR SALES (PSD),Vereador
774507,1,1635,Ver. DRA. SANDRA TADEU (PL),Vereador
774575,1,2218,Ver. THAMMY MIRANDA (PSD),Vereador
774629,1,2219,Ver. MARCELO MESSIAS (MDB),Vereador
774631,1,1487,Ver. RICARDO TEIXEIRA (UNIÃO),Vereador
774632,1,1487,Ver. RICARDO TEIXEIRA (UNIÃO),Vereador
774689,1,2150,Ver. ANDRÉ SANTOS (REPUBLICANOS),Vereador
774694,1,2146,Ver. GILBERTO NASCIMENTO (PL),Vereador
774759,1,2274,Ver. SARGENTO NANTES (PP),Vereador
774759,2,2268,Ver. AMANDA VETTORAZZO (UNIÃO),Vereador
774811,1,2150,Ver. ANDRÉ SANTOS (REPUBLICANOS),Vereador
774815,1,2279,Ver. SILVINHO LEITE (UNIÃO),Vereador
774855,1,2147,Ver. ISAC FÉLIX (PL),Vereador
774863,1,2147,Ver. ISAC FÉLIX (PL),Vereador
774864,1,2147,Ver. ISAC FÉLIX (PL),Vereador
774866,1,2147,Ver. ISAC FÉLIX (PL),Vereador
775030,1,2185,Ver. CELSO GIANNAZI (PSOL),Vereador
775109,1,2206,Ver. SILVIA DA BANCADA FEMINISTA (PSOL),Vereador
775279,1,1635,Ver. DRA. SANDRA TADEU (PL),Vereador
775463,1,2205,Ver. LUANA ALVES (PSOL),Vereador
775483,1,1635,Ver. DRA. SANDRA TADEU (PL),Vereador
775485,1,1989,Ver. GEORGE HATO (MDB),Vereador
775498,1,2216,Ver. SONAIRA FERNANDES (PL),Vereador
775499,1,2185,Ver. CELSO GIANNAZI (PSOL),Vereador
775637,1,776,Ver. ELISEU GABRIEL (PSB),Vereador
775652,1,2268,Ver. AMANDA VETTORAZZO (UNIÃO),Vereador
775656,1,2268,Ver. AMANDA VETTORAZZO (UNIÃO),Vereador
775657,1,2268,Ver. AMANDA VETTORAZZO (UNIÃO),Vereador
775857,1,2279,Ver. SILVINHO LEITE (UNIÃO),Vereador
775857,2,2218,Ver. THAMMY MIRANDA (PSD),Vereador
775857,3,2278,Ver. KEIT LIMA (PSOL),Vereador
775857,4,2159,Ver. RUTE COSTA (PL),Vereador
775857,5,2150,Ver. ANDRÉ SANTOS (REPUBLICANOS),Vereador
775857,6,2211,Ver. SIDNEY CRUZ (MDB),Vereador
775857,7,2246,Ver. MAJOR PALUMBO (PP),Vereador
775857,8,2268,Ver. AMANDA VETTORAZZO (UNIÃO),Vereador
775857,9,2146,Ver. GILBERTO NASCIMENTO (PL),Vereador
775857,10,2266,Ver. ADRILLES JORGE (UNIÃO),Vereador
775857,11,2160,Ver. JOÃO JORGE (MDB),Vereador
775857,12,2000,Ver. ALESSANDRO GUEDES (PT),Vereador
775857,13,2270,Ver. PASTORA SANDRA ALVES (UNIÃO),Vereador
775876,1,2267,Ver. AMANDA PASCHOAL (PSOL),Vereador
775877,1,2219,Ver. MARCELO MESSIAS (MDB),Vereador
775879,1,2267,Ver. AMANDA PASCHOAL (PSOL),Vereador
775882,1,2267,Ver. AMANDA PASCHOAL (PSOL),Vereador
775884,1,2278,Ver. KEIT LIMA (PSOL),Vereador
775973,1,2270,Ver. PASTORA SANDRA ALVES (UNIÃO),Vereador
776014,1,2279,Ver. SILVINHO LEITE (UNIÃO),Vereador
776022,1,1349,Ver. SENIVAL MOURA (PT),Vereador
776022,2,2279,Ver. SILVINHO LEITE (UNIÃO),Vereador
776022,3,2270,Ver. PASTORA SANDRA ALVES (UNIÃO),Vereador
776104,1,936,Ver. NABIL BONDUKI (PT),Vereador
776107,1,1999,Ver. PROFESSOR TONINHO VESPOLI (PSOL),Vereador
776285,1,1989,Ver. GEORGE HATO (MDB),Vereador
776291,1,2150,Ver. ANDRÉ SANTOS (REPUBLICANOS),Vereador
776292,1,2150,Ver. ANDRÉ SANTOS (REPUBLICANOS),Vereador
776292,2,2279,Ver. SILVINHO LEITE (UNIÃO),Vereador
776314,1,2150,Ver. ANDRÉ SANTOS (REPUBLICANOS),Vereador
776347,1,2280,Ver. KENJI ITO (PODE),Vereador
776413,1,2219,Ver. MARCELO MESSIAS (MDB),Vereador
776450,1,1635,Ver. DRA. SANDRA TADEU (PL),Vereador
776598,1,1999,Ver. PROFESSOR TONINHO VESPOLI (PSOL),Vereador
776643,1,2150,Ver. ANDRÉ SANTOS (REPUBLICANOS),Vereador
776644,1,2150,Ver. ANDRÉ SANTOS (REPUBLICANOS),Vereador
776645,1,2150,Ver. ANDRÉ SANTOS (REPUBLICANOS),Vereador
776646,1,2150,Ver. ANDRÉ SANTOS (REPUBLICANOS),Vereador
776647,1,2150,Ver. ANDRÉ SANTOS (REPUBLICANOS),Vereador
776648,1,2150,Ver. ANDRÉ SANTOS (REPUBLICANOS),Vereador
776649,1,2150,Ver. ANDRÉ SANTOS (REPUBLICANOS),Vereador
776650,1,2150,Ver. ANDRÉ SANTOS (REPUBLICANOS),Vereador
776651,1,2150,Ver. ANDRÉ SANTOS (REPUBLICANOS),Vereador
776763,1,2222,Ver. CRIS MONTEIRO (NOVO),Vereador
776789,1,2267,Ver. AMANDA PASCHOAL (PSOL),Vereador
777013,1,2268,Ver. AMANDA VETTORAZZO (UNIÃO),Vereador
777048,1,2247,Ver. LUIZ PROTEÇÃO ANIMAL (PODE),Vereador
777075,1,2219,Ver. MARCELO MESSIAS (MDB),Vereador
777113,1,2144,Ver. FABIO RIVA (MDB),Vereador
777349,1,2281,Ver. SIMONE GANEM (PODE),Vereador
777525,1,2273,Ver. DR. MURILLO LIMA (PP),Vereador
777525,2,1487,Ver. RICARDO TEIXEIRA (UNIÃO),Vereador
777590,1,1487,Ver. RICARDO TEIXEIRA (UNIÃO),Vereador
777591,1,936,Ver. NABIL BONDUKI (PT),Vereador
777597,1,2268,Ver. AMANDA VETTORAZZO (UNIÃO),Vereador
777608,1,2273,Ver. DR. MURILLO LIMA (PP),Vereador
777623,1,2278,Ver. KEIT LIMA (PSOL),Vereador
777625,1,2278,Ver. KEIT LIMA (PSOL),Vereador
777628,1,2278,Ver. KEIT LIMA (PSOL),Vereador
777631,1,2278,Ver. KEIT LIMA (PSOL),Vereador
777631,2,2279,Ver. SILVINHO LEITE (UNIÃO),Vereador
777632,1,2278,Ver. KEIT LIMA (PSOL),Vereador
777633,1,2278,Ver. KEIT LIMA (PSOL),Vereador
777684,1,2278,Ver. KEIT LIMA (PSOL),Vereador
777741,1,776,Ver. ELISEU GABRIEL (PSB),Vereador
777743,1,2272,Ver. DHEISON SILVA (PT),Vereador
777790,1,2274,Ver. SARGENTO NANTES (PP),Vereador
777790,2,2268,Ver. AMANDA VETTORAZZO (UNIÃO),Vereador
777791,1,2274,Ver. SARGENTO NANTES (PP),Vereador
777792,1,2274,Ver. SARGENTO NANTES (PP),Vereador
777795,1,2274,Ver. SARGENTO NANTES (PP),Vereador
777873,1,2224,Ver. SANDRA SANTANA (MDB),Vereador
777873,2,2217,Ver. SANSÃO PEREIRA (REPUBLICANOS),Vereador
778013,1,776,Ver. ELISEU GABRIEL (PSB),Vereador
778044,1,1647,Ver. EDIR SALES (PSD),Vereador
778049,1,1647,Ver. EDIR SALES (PSD),Vereador
778118,1,936,Ver. NABIL BONDUKI (PT),Vereador
778227,1,2224,Ver. SANDRA SANTANA (MDB),Vereador
778354,1,2146,Ver. GILBERTO NASCIMENTO (PL),Vereador
778356,1,2216,Ver. SONAIRA FERNANDES (PL),Vereador
778683,1,2269,Ver. MARINA BRAGANTE (PSB),Vereador
778683,2,936,Ver. NABIL BONDUKI (PT),Vereador
778763,1,2269,Ver. MARINA BRAGANTE (PSB),Vereador
778890,1,2247,Ver. LUIZ PROTEÇÃO ANIMAL (PODE),Vereador
778929,1,2185,Ver. CELSO GIANNAZI (PSOL),Vereador
778931,1,2219,Ver. MARCELO MESSIAS (MDB),Vereador
778936,1,1647,Ver. EDIR SALES (PSD),Vereador
778994,1,2278,Ver. KEIT LIMA (PSOL),Vereador
779164,1,1487,Ver. RICARDO TEIXEIRA (UNIÃO),Vereador
779170,1,1487,Ver. RICARDO TEIXEIRA (UNIÃO),Vereador
779217,1,2254,Ver. LUNA ZARATTINI (PT),Vereador
779217,2,2000,Ver. ALESSANDRO GUEDES (PT),Vereador
779217,3,2272,Ver. DHEISON SILVA (PT),Vereador
779217,4,2256,Ver. HÉLIO RODRIGUES (PT),Vereador
779217,5,2001,Ver. JAIR TATTO (PT),Vereador
779217,6,2255,Ver. JOÃO ANANIAS (PT),Vereador
779217,7,936,Ver. NABIL BONDUKI (PT),Vereador
779217,8,1349,Ver. SENIVAL MOURA (PT),Vereador
779277,1,2279,Ver. SILVINHO LEITE (UNIÃO),Vereador
779304,1,2255,Ver. JOÃO ANANIAS (PT),Vereador
779305,1,2278,Ver. KEIT LIMA (PSOL),Vereador
779305,2,2255,Ver. JOÃO ANANIAS (PT),Vereador
779307,1,2266,Ver. ADRILLES JORGE (UNIÃO),Vereador
779309,1,2278,Ver. KEIT LIMA (PSOL),Vereador
779309,2,2255,Ver. JOÃO ANANIAS (PT),Vereador
779312,1,2278,Ver. KEIT LIMA (PSOL),Vereador
779312,2,2255,Ver. JOÃO ANANIAS (PT),Vereador
779313,1,1989,Ver. GEORGE HATO (MDB),Vereador
779326,1,2279,Ver. SILVINHO LEITE (UNIÃO),Vereador
779361,1,2274,Ver. SARGENTO NANTES (PP),Vereador
779521,1,2279,Ver. SILVINHO LEITE (UNIÃO),Vereador
779530,1,2150,Ver. ANDRÉ SANTOS (REPUBLICANOS),Vereador
779531,1,2150,Ver. ANDRÉ SANTOS (REPUBLICANOS),Vereador
779532,1,2150,Ver. ANDRÉ SANTOS (REPUBLICANOS),Vereador
779533,1,2150,Ver. ANDRÉ SANTOS (REPUBLICANOS),Vereador
779534,1,2150,Ver. ANDRÉ SANTOS (REPUBLICANOS),Vereador
779536,1,2150,Ver. ANDRÉ SANTOS (REPUBLICANOS),Vereador
779948,1,2216,Ver. SONAIRA FERNANDES (PL),Vereador
780116,1,2222,Ver. CRIS MONTEIRO (NOVO),Vereador
780130,1,2000,Ver. ALESSANDRO GUEDES (PT),Vereador
780218,1,2278,Ver. KEIT LIMA (PSOL),Vereador
780220,1,2278,Ver. KEIT LIMA (PSOL),Vereador
780266,1,2218,Ver. THAMMY MIRANDA (PSD),Vereador
780268,1,2218,Ver. THAMMY MIRANDA (PSD),Vereador
780269,1,2218,Ver. THAMMY MIRANDA (PSD),Vereador
780281,1,2267,Ver. AMANDA PASCHOAL (PSOL),Vereador
780472,1,2254,Ver. LUNA ZARATTINI (PT),Vereador
780472,2,2000,Ver. ALESSANDRO GUEDES (PT),Vereador
780472,3,2272,Ver. DHEISON SILVA (PT),Vereador
780472,4,2256,Ver. HÉLIO RODRIGUES (PT),Vereador
780472,5,2001,Ver. JAIR TATTO (PT),Vereador
780472,6,2255,Ver. JOÃO ANANIAS (PT),Vereador
780472,7,936,Ver. NABIL BONDUKI (PT),Vereador
780472,8,1349,Ver. SENIVAL MOURA (PT),Vereador
780549,1,2283,Ver. ZOE MARTÍNEZ (PL),Vereador
780569,1,2268,Ver. AMANDA VETTORAZZO (UNIÃO),Vereador
780609,1,2279,Ver. SILVINHO LEITE (UNIÃO),Vereador
780633,1,2255,Ver. JOÃO ANANIAS (PT),Vereador
780633,2,2279,Ver. SILVINHO LEITE (UNIÃO),Vereador
780634,1,1647,Ver. EDIR SALES (PSD),Vereador
780635,1,2255,Ver. JOÃO ANANIAS (PT),Vereador
780682,1,2000,Ver. ALESSANDRO GUEDES (PT),Vereador
780823,1,2150,Ver. ANDRÉ SANTOS (REPUBLICANOS),Vereador
780934,1,2160,Ver. JOÃO JORGE (MDB),Vereador
781017,1,936,Ver. NABIL BONDUKI (PT),Vereador
781020,1,2185,Ver. CELSO GIANNAZI (PSOL),Vereador
781020,2,2272,Ver. DHEISON SILVA (PT),Vereador
781043,1,2000,Ver. ALESSANDRO GUEDES (PT),Vereador
781048,1,2000,Ver. ALESSANDRO GUEDES (PT),Vereador
781055,1,2269,Ver. MARINA BRAGANTE (PSB),Vereador
781134,1,2150,Ver. ANDRÉ SANTOS (REPUBLICANOS),Vereador
781135,1,2150,Ver. ANDRÉ SANTOS (REPUBLICANOS),Vereador
781207,1,2144,Ver. FABIO RIVA (MDB),Vereador
781210,1,2185,Ver. CELSO GIANNAZI (PSOL),Vereador
781309,1,2277,Ver. JANAINA PASCHOAL (PP),Vereador
781311,1,2277,Ver. JANAINA PASCHOAL (PP),Vereador
781313,1,936,Ver. NABIL BONDUKI (PT),Vereador
781328,1,2160,Ver. JOÃO JORGE (MDB),Vereador
781331,1,2159,Ver. RUTE COSTA (PL),Vereador
781332,1,2272,Ver. DHEISON SILVA (PT),Vereador
781398,1,2150,Ver. ANDRÉ SANTOS (REPUBLICANOS),Vereador
781410,1,2216,Ver. SONAIRA FERNANDES (PL),Vereador
781458,1,2216,Ver. SONAIRA FERNANDES (PL),Vereador
781532,1,2274,Ver. SARGENTO NANTES (PP),Vereador
781561,1,2274,Ver. SARGENTO NANTES (PP),Vereador
781571,1,1636,Ver. DR. MILTON FERREIRA (PODE),Vereador
781615,1,2219,Ver. MARCELO MESSIAS (MDB),Vereador
781648,1,2216,Ver. SONAIRA FERNANDES (PL),Vereador
781668,1,2274,Ver. SARGENTO NANTES (PP),Vereador
781669,1,2219,Ver. MARCELO MESSIAS (MDB),Vereador
781741,1,2279,Ver. SILVINHO LEITE (UNIÃO),Vereador
781779,1,2205,Ver. LUANA ALVES (PSOL),Vereador
781825,1,2268,Ver. AMANDA VETTORAZZO (UNIÃO),Vereador
781858,1,2269,Ver. MARINA BRAGANTE (PSB),Vereador
781920,1,2159,Ver. RUTE COSTA (PL),Vereador
781930,1,2159,Ver. RUTE COSTA (PL),Vereador
781942,1,2159,Ver. RUTE COSTA (PL),Vereador
781984,1,2001,Ver. JAIR TATTO (PT),Vereador
781985,1,2001,Ver. JAIR TATTO (PT),Vereador
781986,1,2001,Ver. JAIR TATTO (PT),Vereador
781988,1,2001,Ver. JAIR TATTO (PT),Vereador
781989,1,2001,Ver. JAIR TATTO (PT),Vereador
782025,1,2159,Ver. RUTE COSTA (PL),Vereador
782026,1,2159,Ver. RUTE COSTA (PL),Vereador
782027,1,2159,Ver. RUTE COSTA (PL),Vereador
782029,1,2159,Ver. RUTE COSTA (PL),Vereador
782170,1,1647,Ver. EDIR SALES (PSD),Vereador
782172,1,1647,Ver. EDIR SALES (PSD),Vereador
782197,1,1999,Ver. PROFESSOR TONINHO VESPOLI (PSOL),Vereador
782198,1,776,Ver. ELISEU GABRIEL (PSB),Vereador
782211,1,776,Ver. ELISEU GABRIEL (PSB),Vereador
782291,1,2216,Ver. SONAIRA FERNANDES (PL),Vereador
782570,1,1647,Ver. EDIR SALES (PSD),Vereador
782676,1,2218,Ver. THAMMY MIRANDA (PSD),Vereador
782789,1,2275,Ver. GABRIEL ABREU (PODE),Vereador
782797,1,2150,Ver. ANDRÉ SANTOS (REPUBLICANOS),Vereador
782798,1,2150,Ver. ANDRÉ SANTOS (REPUBLICANOS),Vereador
782798,2,2270,Ver. PASTORA SANDRA ALVES (UNIÃO),Vereador
782799,1,2150,Ver. ANDRÉ SANTOS (REPUBLICANOS),Vereador
782802,1,2150,Ver. ANDRÉ SANTOS (REPUBLICANOS),Vereador
782803,1,2150,Ver. ANDRÉ SANTOS (REPUBLICANOS),Vereador
782898,1,2146,Ver. GILBERTO NASCIMENTO (PL),Vereador
782899,1,2266,Ver. ADRILLES JORGE (UNIÃO),Vereador
782900,1,2150,Ver. ANDRÉ SANTOS (REPUBLICANOS),Vereador
782901,1,2150,Ver. ANDRÉ SANTOS (REPUBLICANOS),Vereador
783021,1,2279,Ver. SILVINHO LEITE (UNIÃO),Vereador
783094,1,2272,Ver. DHEISON SILVA (PT),Vereador
783160,1,2280,Ver. KENJI ITO (PODE),Vereador
783171,1,2272,Ver. DHEISON SILVA (PT),Vereador
783171,2,776,Ver. ELISEU GABRIEL (PSB),Vereador
783387,1,2185,Ver. CELSO GIANNAZI (PSOL),Vereador
783460,1,2268,Ver. AMANDA VETTORAZZO (UNIÃO),Vereador
783462,1,2268,Ver. AMANDA VETTORAZZO (UNIÃO),Vereador
783611,1,2279,Ver. SILVINHO LEITE (UNIÃO),Vereador
783639,1,2278,Ver. KEIT LIMA (PSOL),Vereador
783640,1,2278,Ver. KEIT LIMA (PSOL),Vereador
783641,1,2278,Ver. KEIT LIMA (PSOL),Vereador
783653,1,2222,Ver. CRIS MONTEIRO (NOVO),Vereador
783805,1,2279,Ver. SILVINHO LEITE (UNIÃO),Vereador
783859,1,2219,Ver. MARCELO MESSIAS (MDB),Vereador
783859,2,2276,Ver. SILVÃO LEITE (UNIÃO),Vereador
783862,1,2219,Ver. MARCELO MESSIAS (MDB),Vereador
783866,1,2279,Ver. SILVINHO LEITE (UNIÃO),Vereador
783903,1,267,Ver. PAULO FRANGE (MDB),Vereador
783906,1,2282,Ver. LUCAS PAVANATO (PL),Vereador
783907,1,2222,Ver. CRIS MONTEIRO (NOVO),Vereador
783910,1,776,Ver. ELISEU GABRIEL (PSB),Vereador
783911,1,776,Ver. ELISEU GABRIEL (PSB),Vereador
783924,1,2219,Ver. MARCELO MESSIAS (MDB),Vereador
783931,1,776,Ver. ELISEU GABRIEL (PSB),Vereador
783959,1,2269,Ver. MARINA BRAGANTE (PSB),Vereador
783959,2,2228,Ver. RENATA FALZONI (PSB),Vereador
783990,1,2219,Ver. MARCELO MESSIAS (MDB),Vereador
784031,1,2254,Ver. LUNA ZARATTINI (PT),Vereador
784066,1,267,Ver. PAULO FRANGE (MDB),Vereador
784066,2,2228,Ver. RENATA FALZONI (PSB),Vereador
784069,1,2278,Ver. KEIT LIMA (PSOL),Vereador
784135,1,2278,Ver. KEIT LIMA (PSOL),Vereador
784135,2,2255,Ver. JOÃO ANANIAS (PT),Vereador
784137,1,2228,Ver. RENATA FALZONI (PSB),Vereador
784153,1,1487,Ver. RICARDO TEIXEIRA (UNIÃO),Vereador
784160,1,776,Ver. ELISEU GABRIEL (PSB),Vereador
784197,1,776,Ver. ELISEU GABRIEL (PSB),Vereador
784202,1,936,Ver. NABIL BONDUKI (PT),Vereador
784209,1,2278,Ver. KEIT LIMA (PSOL),Vereador
784210,1,2185,Ver. CELSO GIANNAZI (PSOL),Vereador
784211,1,2228,Ver. RENATA FALZONI (PSB),Vereador
784211,2,2270,Ver. PASTORA SANDRA ALVES (UNIÃO),Vereador
784223,1,2278,Ver. KEIT LIMA (PSOL),Vereador
784226,1,2206,Ver. SILVIA DA BANCADA FEMINISTA (PSOL),Vereador
784231,1,776,Ver. ELISEU GABRIEL (PSB),Vereador
784254,1,1487,Ver. RICARDO TEIXEIRA (UNIÃO),Vereador
784266,1,2278,Ver. KEIT LIMA (PSOL),Vereador
784267,1,2147,Ver. ISAC FÉLIX (PL),Vereador
784269,1,2147,Ver. ISAC FÉLIX (PL),Vereador
784277,1,2282,Ver. LUCAS PAVANATO (PL),Vereador
784277,2,1487,Ver. RICARDO TEIXEIRA (UNIÃO),Vereador
784282,1,1487,Ver. RICARDO TEIXEIRA (UNIÃO),Vereador
784298,1,267,Ver. PAULO FRANGE (MDB),Vereador
784306,1,2273,Ver. DR. MURILLO LIMA (PP),Vereador
784312,1,2217,Ver. SANSÃO PEREIRA (REPUBLICANOS),Vereador
784319,1,267,Ver. PAULO FRANGE (MDB),Vereador
784322,1,2256,Ver. HÉLIO RODRIGUES (PT),Vereador
784323,1,2246,Ver. MAJOR PALUMBO (PP),Vereador
784351,1,2206,Ver. SILVIA DA BANCADA FEMINISTA (PSOL),Vereador
784358,1,2277,Ver. JANAINA PASCHOAL (PP),Vereador
784358,2,2279,Ver. SILVINHO LEITE (UNIÃO),Vereador
784368,1,2000,Ver. ALESSANDRO GUEDES (PT),Vereador
784377,1,2281,Ver. SIMONE GANEM (PODE),Vereador
784402,1,2267,Ver. AMANDA PASCHOAL (PSOL),Vereador
784403,1,2269,Ver. MARINA BRAGANTE (PSB),Vereador
784405,1,2281,Ver. SIMONE GANEM (PODE),Vereador
784425,1,2216,Ver. SONAIRA FERNANDES (PL),Vereador
784426,1,2216,Ver. SONAIRA FERNANDES (PL),Vereador
784510,1,2267,Ver. AMANDA PASCHOAL (PSOL),Vereador
784542,1,2273,Ver. DR. MURILLO LIMA (PP),Vereador
784548,1,1999,Ver. PROFESSOR TONINHO VESPOLI (PSOL),Vereador
784563,1,2214,Ver. RUBINHO NUNES (UNIÃO),Vereador
784641,1,776,Ver. ELISEU GABRIEL (PSB),Vereador
784669,1,2216,Ver. SONAIRA FERNANDES (PL),Vereador
784681,1,2281,Ver. SIMONE GANEM (PODE),Vereador
784755,1,2273,Ver. DR. MURILLO LIMA (PP),Vereador
784761,1,2159,Ver. RUTE COSTA (PL),Vereador
784765,1,1999,Ver. PROFESSOR TONINHO VESPOLI (PSOL),Vereador
784766,1,2277,Ver. JANAINA PASCHOAL (PP),Vereador
784769,1,2267,Ver. AMANDA PASCHOAL (PSOL),Vereador
784777,1,2271,Ver. ANA CAROLINA OLIVEIRA (PODE),Vereador
784805,1,2000,Ver. ALESSANDRO GUEDES (PT),Vereador
784859,1,2282,Ver. LUCAS PAVANATO (PL),Vereador
784874,1,2219,Ver. MARCELO MESSIAS (MDB),Vereador
784875,1,2219,Ver. MARCELO MESSIAS (MDB),Vereador
784879,1,267,Ver. PAULO FRANGE (MDB),Vereador
784982,1,2272,Ver. DHEISON SILVA (PT),Vereador
785000,1,2282,Ver. LUCAS PAVANATO (PL),Vereador
785028,1,2283,Ver. ZOE MARTÍNEZ (PL),Vereador
785045,1,2217,Ver. SANSÃO PEREIRA (REPUBLICANOS),Vereador
785055,1,2217,Ver. SANSÃO PEREIRA (REPUBLICANOS),Vereador
785102,1,2281,Ver. SIMONE GANEM (PODE),Vereador
785110,1,2160,Ver. JOÃO JORGE (MDB),Vereador
785110,2,2256,Ver. HÉLIO RODRIGUES (PT),Vereador
785110,3,2144,Ver. FABIO RIVA (MDB),Vereador
785110,4,2246,Ver. MAJOR PALUMBO (PP),Vereador
785110,5,1636,Ver. DR. MILTON FERREIRA (PODE),Vereador
785129,1,2206,Ver. SILVIA DA BANCADA FEMINISTA (PSOL),Vereador
785234,1,2159,Ver. RUTE COSTA (PL),Vereador
785238,1,2159,Ver. RUTE COSTA (PL),Vereador
785264,1,2159,Ver. RUTE COSTA (PL),Vereador
785277,1,2159,Ver. RUTE COSTA (PL),Vereador
785279,1,2159,Ver. RUTE COSTA (PL),Vereador
785288,1,2159,Ver. RUTE COSTA (PL),Vereador
785296,1,2219,Ver. MARCELO MESSIAS (MDB),Vereador
785305,1,2271,Ver. ANA CAROLINA OLIVEIRA (PODE),Vereador
785310,1,2159,Ver. RUTE COSTA (PL),Vereador
785341,1,2159,Ver. RUTE COSTA (PL),Vereador
785364,1,2159,Ver. RUTE COSTA (PL),Vereador
785369,1,1635,Ver. DRA. SANDRA TADEU (PL),Vereador
785372,1,776,Ver. ELISEU GABRIEL (PSB),Vereador
785379,1,2282,Ver. LUCAS PAVANATO (PL),Vereador
785412,1,1647,Ver. EDIR SALES (PSD),Vereador
785414,1,1647,Ver. EDIR SALES (PSD),Vereador
785415,1,1647,Ver. EDIR SALES (PSD),Vereador
785416,1,2219,Ver. MARCELO MESSIAS (MDB),Vereador
785420,1,1635,Ver. DRA. SANDRA TADEU (PL),Vereador
785421,1,2159,Ver. RUTE COSTA (PL),Vereador
785433,1,936,Ver. NABIL BONDUKI (PT),Vereador
785466,1,1647,Ver. EDIR SALES (PSD),Vereador
785472,1,1647,Ver. EDIR SALES (PSD),Vereador
785512,1,1647,Ver. EDIR SALES (PSD),Vereador
785546,1,2279,Ver. SILVINHO LEITE (UNIÃO),Vereador
785595,1,2254,Ver. LUNA ZARATTINI (PT),Vereador
785596,1,2254,Ver. LUNA ZARATTINI (PT),Vereador
785603,1,2185,Ver. CELSO GIANNAZI (PSOL),Vereador
785606,1,1635,Ver. DRA. SANDRA TADEU (PL),Vereador
785612,1,2147,Ver. ISAC FÉLIX (PL),Vereador
785634,1,776,Ver. ELISEU GABRIEL (PSB),Vereador
785634,2,2222,Ver. CRIS MONTEIRO (NOVO),Vereador
785634,3,1999,Ver. PROFESSOR TONINHO VESPOLI (PSOL),Vereador
785634,4,2228,Ver. RENATA FALZONI (PSB),Vereador
785634,5,2269,Ver. MARINA BRAGANTE (PSB),Vereador
785634,6,936,Ver. NABIL BONDUKI (PT),Vereador
785634,7,2275,Ver. GABRIEL ABREU (PODE),Vereador
785634,8,2267,Ver. AMANDA PASCHOAL (PSOL),Vereador
785653,1,776,Ver. ELISEU GABRIEL (PSB),Vereador
785654,1,2267,Ver. AMANDA PASCHOAL (PSOL),Vereador
785655,1,2150,Ver. ANDRÉ SANTOS (REPUBLICANOS),Vereador
785656,1,2150,Ver. ANDRÉ SANTOS (REPUBLICANOS),Vereador
785709,1,2270,Ver. PASTORA SANDRA ALVES (UNIÃO),Vereador
785726,1,2270,Ver. PASTORA SANDRA ALVES (UNIÃO),Vereador
785728,1,2271,Ver. ANA CAROLINA OLIVEIRA (PODE),Vereador
785729,1,2271,Ver. ANA CAROLINA OLIVEIRA (PODE),Vereador
785808,1,2224,Ver. SANDRA SANTANA (MDB),Vereador
785808,2,2217,Ver. SANSÃO PEREIRA (REPUBLICANOS),Vereador
785808,3,2276,Ver. SILVÃO LEITE (UNIÃO),Vereador
785843,1,2206,Ver. SILVIA DA BANCADA FEMINISTA (PSOL),Vereador
785858,1,267,Ver. PAULO FRANGE (MDB),Vereador
785930,1,2206,Ver. SILVIA DA BANCADA FEMINISTA (PSOL),Vereador
785930,2,936,Ver. NABIL BONDUKI (PT),Vereador
785930,3,1999,Ver. PROFESSOR TONINHO VESPOLI (PSOL),Vereador
785930,4,2267,Ver. AMANDA PASCHOAL (PSOL),Vereador
785930,5,1349,Ver. SENIVAL MOURA (PT),Vereador
785930,6,2272,Ver. DHEISON SILVA (PT),Vereador
785930,7,2269,Ver. MARINA BRAGANTE (PSB),Vereador
785930,8,2278,Ver. KEIT LIMA (PSOL),Vereador
785930,9,2000,Ver. ALESSANDRO GUEDES (PT),Vereador
785930,10,2001,Ver. JAIR TATTO (PT),Vereador
785930,11,2205,Ver. LUANA ALVES (PSOL),Vereador
785930,12,2254,Ver. LUNA ZARATTINI (PT),Vereador
785930,13,2228,Ver. RENATA FALZONI (PSB),Vereador
785930,14,696,Ver. CARLOS BEZERRA JR. (PSD),Vereador
785930,15,2255,Ver. JOÃO ANANIAS (PT),Vereador
785931,1,2206,Ver. SILVIA DA BANCADA FEMINISTA (PSOL),Vereador
785931,2,936,Ver. NABIL BONDUKI (PT),Vereador
785931,3,1999,Ver. PROFESSOR TONINHO VESPOLI (PSOL),Vereador
785931,4,2267,Ver. AMANDA PASCHOAL (PSOL),Vereador
785931,5,1349,Ver. SENIVAL MOURA (PT),Vereador
785931,6,2272,Ver. DHEISON SILVA (PT),Vereador
785931,7,2269,Ver. MARINA BRAGANTE (PSB),Vereador
785931,8,2278,Ver. KEIT LIMA (PSOL),Vereador
785931,9,2000,Ver. ALESSANDRO GUEDES (PT),Vereador
785931,10,2001,Ver. JAIR TATTO (PT),Vereador
785931,11,2205,Ver. LUANA ALVES (PSOL),Vereador
785931,12,2254,Ver. LUNA ZARATTINI (PT),Vereador
785931,13,2228,Ver. RENATA FALZONI (PSB),Vereador
785931,14,696,Ver. CARLOS BEZERRA JR. (PSD),Vereador
785931,15,2255,Ver. JOÃO ANANIAS (PT),Vereador
785932,1,2206,Ver. SILVIA DA BANCADA FEMINISTA (PSOL),Vereador
785932,2,936,Ver. NABIL BONDUKI (PT),Vereador
785932,3,1999,Ver. PROFESSOR TONINHO VESPOLI (PSOL),Vereador
785932,4,2267,Ver. AMANDA PASCHOAL (PSOL),Vereador
785932,5,1349,Ver. SENIVAL MOURA (PT),Vereador
785932,6,2272,Ver. DHEISON SILVA (PT),Vereador
785932,7,2269,Ver. MARINA BRAGANTE (PSB),Vereador
785932,8,2278,Ver. KEIT LIMA (PSOL),Vereador
785932,9,2000,Ver. ALESSANDRO GUEDES (PT),Vereador
785932,10,2001,Ver. JAIR TATTO (PT),Vereador
785932,11,2205,Ver. LUANA ALVES (PSOL),Vereador
785932,12,2254,Ver. LUNA ZARATTINI (PT),Vereador
785932,13,2228,Ver. RENATA FALZONI (PSB),Vereador
785932,14,696,Ver. CARLOS BEZERRA JR. (PSD),Vereador
785932,15,2255,Ver. JOÃO ANANIAS (PT),Vereador
785934,1,2206,Ver. SILVIA DA BANCADA FEMINISTA (PSOL),Vereador
785962,1,936,Ver. NABIL BONDUKI (PT),Vereador
785962,2,2267,Ver. AMANDA PASCHOAL (PSOL),Vereador
785972,1,2224,Ver. SANDRA SANTANA (MDB),Vereador
785978,1,2268,Ver. AMANDA VETTORAZZO (UNIÃO),Vereador
786010,1,2266,Ver. ADRILLES JORGE (UNIÃO),Vereador
786201,1,1635,Ver. DRA. SANDRA TADEU (PL),Vereador
786219,1,2282,Ver. LUCAS PAVANATO (PL),Vereador
786234,1,2279,Ver. SILVINHO LEITE (UNIÃO),Vereador
786287,1,2209,Ver. DANILO DO POSTO DE SAÚDE (PODE),Vereador
786288,1,2209,Ver. DANILO DO POSTO DE SAÚDE (PODE),Vereador
786301,1,1989,Ver. GEORGE HATO (MDB),Vereador
786349,1,2283,Ver. ZOE MARTÍNEZ (PL),Vereador
786361,1,2283,Ver. ZOE MARTÍNEZ (PL),Vereador
786404,1,2278,Ver. KEIT LIMA (PSOL),Vereador
786404,2,2267,Ver. AMANDA PASCHOAL (PSOL),Vereador
786407,1,2283,Ver. ZOE MARTÍNEZ (PL),Vereador
786474,1,2279,Ver. SILVINHO LEITE (UNIÃO),Vereador
786474,2,2221,Ver. ELI CORRÊA (UNIÃO),Vereador
786519,1,2281,Ver. SIMONE GANEM (PODE),Vereador
786535,1,2268,Ver. AMANDA VETTORAZZO (UNIÃO),Vereador
786536,1,2268,Ver. AMANDA VETTORAZZO (UNIÃO),Vereador
786577,1,2147,Ver. ISAC FÉLIX (PL),Vereador
786587,1,2001,Ver. JAIR TATTO (PT),Vereador
786665,1,776,Ver. ELISEU GABRIEL (PSB),Vereador
786789,1,2267,Ver. AMANDA PASCHOAL (PSOL),Vereador
786790,1,2267,Ver. AMANDA PASCHOAL (PSOL),Vereador
786796,1,2267,Ver. AMANDA PASCHOAL (PSOL),Vereador
786802,1,2267,Ver. AMANDA PASCHOAL (PSOL),Vereador
786808,1,2267,Ver. AMANDA PASCHOAL (PSOL),Vereador
787039,1,2267,Ver. AMANDA PASCHOAL (PSOL),Vereador
787200,1,2277,Ver. JANAINA PASCHOAL (PP),Vereador
787254,1,2246,Ver. MAJOR PALUMBO (PP),Vereador
787279,1,2270,Ver. PASTORA SANDRA ALVES (UNIÃO),Vereador
787280,1,2270,Ver. PASTORA SANDRA ALVES (UNIÃO),Vereador
787281,1,2270,Ver. PASTORA SANDRA ALVES (UNIÃO),Vereador
787320,1,2279,Ver. SILVINHO LEITE (UNIÃO),Vereador
787334,1,2278,Ver. KEIT LIMA (PSOL),Vereador
787344,1,1647,Ver. EDIR SALES (PSD),Vereador
787384,1,176,Ver. ROBERTO TRÍPOLI (PV),Vereador
787389,1,1647,Ver. EDIR SALES (PSD),Vereador
787585,1,2267,Ver. AMANDA PASCHOAL (PSOL),Vereador
787652,1,2274,Ver. SARGENTO NANTES (PP),Vereador
787926,1,2150,Ver. ANDRÉ SANTOS (REPUBLICANOS),Vereador
787949,1,2206,Ver. SILVIA DA BANCADA FEMINISTA (PSOL),Vereador
788489,1,2256,Ver. HÉLIO RODRIGUES (PT),Vereador
788490,1,2256,Ver. HÉLIO RODRIGUES (PT),Vereador
788576,1,2274,Ver. SARGENTO NANTES (PP),Vereador
788577,1,2219,Ver. MARCELO MESSIAS (MDB),Vereador
788578,1,2146,Ver. GILBERTO NASCIMENTO (PL),Vereador
788691,1,1487,Ver. RICARDO TEIXEIRA (UNIÃO),Vereador
788693,1,1487,Ver. RICARDO TEIXEIRA (UNIÃO),Vereador
788695,1,1487,Ver. RICARDO TEIXEIRA (UNIÃO),Vereador
788696,1,1487,Ver. RICARDO TEIXEIRA (UNIÃO),Vereador
788697,1,1487,Ver. RICARDO TEIXEIRA (UNIÃO),Vereador
788712,1,1487,Ver. RICARDO TEIXEIRA (UNIÃO),Vereador
788714,1,1487,Ver. RICARDO TEIXEIRA (UNIÃO),Vereador
788715,1,1487,Ver. RICARDO TEIXEIRA (UNIÃO),Vereador
788717,1,1487,Ver. RICARDO TEIXEIRA (UNIÃO),Vereador
788725,1,2206,Ver. SILVIA DA BANCADA FEMINISTA (PSOL),Vereador
788778,1,267,Ver. PAULO FRANGE (MDB),Vereador
788808,1,2272,Ver. DHEISON SILVA (PT),Vereador
788897,1,2274,Ver. SARGENTO NANTES (PP),Vereador
788991,1,2159,Ver. RUTE COSTA (PL),Vereador
789038,1,2206,Ver. SILVIA DA BANCADA FEMINISTA (PSOL),Vereador
789074,1,2267,Ver. AMANDA PASCHOAL (PSOL),Vereador
789074,2,1999,Ver. PROFESSOR TONINHO VESPOLI (PSOL),Vereador
789117,1,1999,Ver. PROFESSOR TONINHO VESPOLI (PSOL),Vereador
789341,1,2267,Ver. AMANDA PASCHOAL (PSOL),Vereador
789418,1,936,Ver. NABIL BONDUKI (PT),Vereador
789418,2,2269,Ver. MARINA BRAGANTE (PSB),Vereador
789418,3,2228,Ver. RENATA FALZONI (PSB),Vereador
789482,1,2000,Ver. ALESSANDRO GUEDES (PT),Vereador
789482,2,2272,Ver. DHEISON SILVA (PT),Vereador
789482,3,2256,Ver. HÉLIO RODRIGUES (PT),Vereador
789482,4,2001,Ver. JAIR TATTO (PT),Vereador
789482,5,2255,Ver. JOÃO ANANIAS (PT),Vereador
789482,6,2254,Ver. LUNA ZARATTINI (PT),Vereador
789482,7,936,Ver. NABIL BONDUKI (PT),Vereador
789482,8,1349,Ver. SENIVAL MOURA (PT),Vereador
789533,1,267,Ver. PAULO FRANGE (MDB),Vereador
789541,1,2150,Ver. ANDRÉ SANTOS (REPUBLICANOS),Vereador
789564,1,1487,Ver. RICARDO TEIXEIRA (UNIÃO),Vereador
789640,1,2271,Ver. ANA CAROLINA OLIVEIRA (PODE),Vereador
789640,2,2270,Ver. PASTORA SANDRA ALVES (UNIÃO),Vereador
789640,3,2279,Ver. SILVINHO LEITE (UNIÃO),Vereador
789654,1,2219,Ver. MARCELO MESSIAS (MDB),Vereador
789814,1,2274,Ver. SARGENTO NANTES (PP),Vereador
789881,1,2214,Ver. RUBINHO NUNES (UNIÃO),Vereador
789881,2,2282,Ver. LUCAS PAVANATO (PL),Vereador
790082,1,2218,Ver. THAMMY MIRANDA (PSD),Vereador
790082,2,2279,Ver. SILVINHO LEITE (UNIÃO),Vereador
790096,1,936,Ver. NABIL BONDUKI (PT),Vereador
790173,1,2279,Ver. SILVINHO LEITE (UNIÃO),Vereador
790303,1,2272,Ver. DHEISON SILVA (PT),Vereador
790463,1,776,Ver. ELISEU GABRIEL (PSB),Vereador
790609,1,2267,Ver. AMANDA PASCHOAL (PSOL),Vereador
790614,1,176,Ver. ROBERTO TRÍPOLI (PV),Vereador
790669,1,2219,Ver. MARCELO MESSIAS (MDB),Vereador
790671,1,2256,Ver. HÉLIO RODRIGUES (PT),Vereador
790677,1,2278,Ver. KEIT LIMA (PSOL),Vereador
790678,1,1635,Ver. DRA. SANDRA TADEU (PL),Vereador
790741,1,1349,Ver. SENIVAL MOURA (PT),Vereador
790741,2,2279,Ver. SILVINHO LEITE (UNIÃO),Vereador
790742,1,1349,Ver. SENIVAL MOURA (PT),Vereador
790781,1,267,Ver. PAULO FRANGE (MDB),Vereador
790884,1,2272,Ver. DHEISON SILVA (PT),Vereador
790995,1,2275,Ver. GABRIEL ABREU (PODE),Vereador
791043,1,267,Ver. PAULO FRANGE (MDB),Vereador
791278,1,2275,Ver. GABRIEL ABREU (PODE),Vereador
791279,1,2275,Ver. GABRIEL ABREU (PODE),Vereador
791280,1,2256,Ver. HÉLIO RODRIGUES (PT),Vereador
791280,2,2279,Ver. SILVINHO LEITE (UNIÃO),Vereador
791340,1,1487,Ver. RICARDO TEIXEIRA (UNIÃO),Vereador
791341,1,1487,Ver. RICARDO TEIXEIRA (UNIÃO),Vereador
791473,1,267,Ver. PAULO FRANGE (MDB),Vereador
791656,1,2275,Ver. GABRIEL ABREU (PODE),Vereador
791812,1,776,Ver. ELISEU GABRIEL (PSB),Vereador
791929,1,2150,Ver. ANDRÉ SANTOS (REPUBLICANOS),Vereador
791952,1,2150,Ver. ANDRÉ SANTOS (REPUBLICANOS),Vereador
791955,1,2150,Ver. ANDRÉ SANTOS (REPUBLICANOS),Vereador
792040,1,2222,Ver. CRIS MONTEIRO (NOVO),Vereador
792099,1,2268,Ver. AMANDA VETTORAZZO (UNIÃO),Vereador
792099,2,2279,Ver. SILVINHO LEITE (UNIÃO),Vereador
792197,1,1487,Ver. RICARDO TEIXEIRA (UNIÃO),Vereador
792197,2,2279,Ver. SILVINHO LEITE (UNIÃO),Vereador
792556,1,2278,Ver. KEIT LIMA (PSOL),Vereador
792682,1,2279,Ver. SILVINHO LEITE (UNIÃO),Vereador
792687,1,2281,Ver. SIMONE GANEM (PODE),Vereador
793062,1,1487,Ver. RICARDO TEIXEIRA (UNIÃO),Vereador
793063,1,1487,Ver. RICARDO TEIXEIRA (UNIÃO),Vereador
793064,1,1487,Ver. RICARDO TEIXEIRA (UNIÃO),Vereador
793065,1,1487,Ver. RICARDO TEIXEIRA (UNIÃO),Vereador
793085,1,2185,Ver. CELSO GIANNAZI (PSOL),Vereador
793175,1,2000,Ver. ALESSANDRO GUEDES (PT),Vereador
793175,2,2272,Ver. DHEISON SILVA (PT),Vereador
793175,3,2256,Ver. HÉLIO RODRIGUES (PT),Vereador
793175,4,2255,Ver. JOÃO ANANIAS (PT),Vereador
793175,5,1349,Ver. SENIVAL MOURA (PT),Vereador
793175,6,936,Ver. NABIL BONDUKI (PT),Vereador
793175,7,2254,Ver. LUNA ZARATTINI (PT),Vereador
793175,8,2001,Ver. JAIR TATTO (PT),Vereador
793183,1,1999,Ver. PROFESSOR TONINHO VESPOLI (PSOL),Vereador
793443,1,2217,Ver. SANSÃO PEREIRA (REPUBLICANOS),Vereador
793510,1,2289,MESA DA CAMARA MUNICIPAL DE SAO PAULO - 01/01/2026 a 31/12/2026,Promovente
793532,1,1999,Ver. PROFESSOR TONINHO VESPOLI (PSOL),Vereador
793712,1,1487,Ver. RICARDO TEIXEIRA (UNIÃO),Vereador
793713,1,2268,Ver. AMANDA VETTORAZZO (UNIÃO),Vereador
793784,1,2274,Ver. SARGENTO NANTES (PP),Vereador
793785,1,2274,Ver. SARGENTO NANTES (PP),Vereador
793819,1,2274,Ver. SARGENTO NANTES (PP),Vereador
793821,1,2274,Ver. SARGENTO NANTES (PP),Vereador
793845,1,2269,Ver. MARINA BRAGANTE (PSB),Vereador
793854,1,1636,Ver. DR. MILTON FERREIRA (PODE),Vereador
793903,1,2159,Ver. RUTE COSTA (PL),Vereador
793904,1,2159,Ver. RUTE COSTA (PL),Vereador
793906,1,2159,Ver. RUTE COSTA (PL),Vereador
793914,1,2159,Ver. RUTE COSTA (PL),Vereador
794043,1,2274,Ver. SARGENTO NANTES (PP),Vereador
794168,1,2270,Ver. PASTORA SANDRA ALVES (UNIÃO),Vereador
794207,1,2268,Ver. AMANDA VETTORAZZO (UNIÃO),Vereador
794314,1,1989,Ver. GEORGE HATO (MDB),Vereador
794335,1,776,Ver. ELISEU GABRIEL (PSB),Vereador
794335,2,2268,Ver. AMANDA VETTORAZZO (UNIÃO),Vereador
794379,1,2219,Ver. MARCELO MESSIAS (MDB),Vereador
794381,1,2219,Ver. MARCELO MESSIAS (MDB),Vereador
794408,1,2185,Ver. CELSO GIANNAZI (PSOL),Vereador
794409,1,2185,Ver. CELSO GIANNAZI (PSOL),Vereador
794425,1,2228,Ver. RENATA FALZONI (PSB),Vereador
794425,2,2267,Ver. AMANDA PASCHOAL (PSOL),Vereador
794427,1,2278,Ver. KEIT LIMA (PSOL),Vereador
794429,1,2278,Ver. KEIT LIMA (PSOL),Vereador
794460,1,2278,Ver. KEIT LIMA (PSOL),Vereador
794513,1,2266,Ver. ADRILLES JORGE (UNIÃO),Vereador
794634,1,2228,Ver. RENATA FALZONI (PSB),Vereador
794635,1,2228,Ver. RENATA FALZONI (PSB),Vereador
795016,1,2279,Ver. SILVINHO LEITE (UNIÃO),Vereador
795047,1,2267,Ver. AMANDA PASCHOAL (PSOL),Vereador
795090,1,2267,Ver. AMANDA PASCHOAL (PSOL),Vereador
795178,1,2271,Ver. ANA CAROLINA OLIVEIRA (PODE),Vereador
795287,1,1647,Ver. EDIR SALES (PSD),Vereador
795293,1,2185,Ver. CELSO GIANNAZI (PSOL),Vereador
795294,1,2271,Ver. ANA CAROLINA OLIVEIRA (PODE),Vereador
795326,1,2224,Ver. SANDRA SANTANA (MDB),Vereador
795367,1,2267,Ver. AMANDA PASCHOAL (PSOL),Vereador
795367,2,2278,Ver. KEIT LIMA (PSOL),Vereador
795420,1,1999,Ver. PROFESSOR TONINHO VESPOLI (PSOL),Vereador
795479,1,2278,Ver. KEIT LIMA (PSOL),Vereador
795548,1,776,Ver. ELISEU GABRIEL (PSB),Vereador
795548,2,2268,Ver. AMANDA VETTORAZZO (UNIÃO),Vereador
795597,1,2270,Ver. PASTORA SANDRA ALVES (UNIÃO),Vereador
795636,1,2268,Ver. AMANDA VETTORAZZO (UNIÃO),Vereador
795646,1,2001,Ver. JAIR TATTO (PT),Vereador
795651,1,776,Ver. ELISEU GABRIEL (PSB),Vereador
795676,1,1487,Ver. RICARDO TEIXEIRA (UNIÃO),Vereador
795677,1,2279,Ver. SILVINHO LEITE (UNIÃO),Vereador
795706,1,2279,Ver. SILVINHO LEITE (UNIÃO),Vereador
795709,1,2279,Ver. SILVINHO LEITE (UNIÃO),Vereador
795744,1,2246,Ver. MAJOR PALUMBO (PP),Vereador
795797,1,2279,Ver. SILVINHO LEITE (UNIÃO),Vereador
795854,1,2274,Ver. SARGENTO NANTES (PP),Vereador
795985,1,2216,Ver. SONAIRA FERNANDES (PL),Vereador
795986,1,2216,Ver. SONAIRA FERNANDES (PL),Vereador
796007,1,1487,Ver. RICARDO TEIXEIRA (UNIÃO),Vereador
796036,1,1647,Ver. EDIR SALES (PSD),Vereador
796056,1,2205,Ver. LUANA ALVES (PSOL),Vereador
796206,1,776,Ver. ELISEU GABRIEL (PSB),Vereador
796208,1,2270,Ver. PASTORA SANDRA ALVES (UNIÃO),Vereador
796215,1,2278,Ver. KEIT LIMA (PSOL),Vereador
796252,1,2277,Ver. JANAINA PASCHOAL (PP),Vereador
796261,1,2272,Ver. DHEISON SILVA (PT),Vereador
796272,1,2159,Ver. RUTE COSTA (PL),Vereador
796315,1,776,Ver. ELISEU GABRIEL (PSB),Vereador
796331,1,2279,Ver. SILVINHO LEITE (UNIÃO),Vereador
796369,1,2147,Ver. ISAC FÉLIX (PL),Vereador
796370,1,2147,Ver. ISAC FÉLIX (PL),Vereador
796469,1,2185,Ver. CELSO GIANNAZI (PSOL),Vereador
796487,1,2224,Ver. SANDRA SANTANA (MDB),Vereador
796526,1,2256,Ver. HÉLIO RODRIGUES (PT),Vereador
796536,1,1635,Ver. DRA. SANDRA TADEU (PL),Vereador
796541,1,2274,Ver. SARGENTO NANTES (PP),Vereador
796543,1,2205,Ver. LUANA ALVES (PSOL),Vereador
796641,1,2219,Ver. MARCELO MESSIAS (MDB),Vereador
796699,1,1636,Ver. DR. MILTON FERREIRA (PODE),Vereador
796729,1,2147,Ver. ISAC FÉLIX (PL),Vereador
796755,1,2147,Ver. ISAC FÉLIX (PL),Vereador
796764,1,1647,Ver. EDIR SALES (PSD),Vereador
796765,1,1647,Ver. EDIR SALES (PSD),Vereador
796778,1,2278,Ver. KEIT LIMA (PSOL),Vereador
796801,1,1647,Ver. EDIR SALES (PSD),Vereador
796977,1,2254,Ver. LUNA ZARATTINI (PT),Vereador
797054,1,1349,Ver. SENIVAL MOURA (PT),Vereador
797170,1,2269,Ver. MARINA BRAGANTE (PSB),Vereador
797182,1,2246,Ver. MAJOR PALUMBO (PP),Vereador
797184,1,2246,Ver. MAJOR PALUMBO (PP),Vereador
797225,1,2266,Ver. ADRILLES JORGE (UNIÃO),Vereador
797272,1,2146,Ver. GILBERTO NASCIMENTO (PL),Vereador
797283,1,2279,Ver. SILVINHO LEITE (UNIÃO),Vereador
797329,1,2211,Ver. SIDNEY CRUZ (MDB),Vereador
797382,1,2271,Ver. ANA CAROLINA OLIVEIRA (PODE),Vereador
797439,1,2217,Ver. SANSÃO PEREIRA (REPUBLICANOS),Vereador
797513,1,2275,Ver. GABRIEL ABREU (PODE),Vereador
797515,1,2278,Ver. KEIT LIMA (PSOL),Vereador
797686,1,176,Ver. ROBERTO TRÍPOLI (PV),Vereador
797733,1,1999,Ver. PROFESSOR TONINHO VESPOLI (PSOL),Vereador
797741,1,2000,Ver. ALESSANDRO GUEDES (PT),Vereador
797956,1,2211,Ver. SIDNEY CRUZ (MDB),Vereador
797967,1,2279,Ver. SILVINHO LEITE (UNIÃO),Vereador
797979,1,936,Ver. NABIL BONDUKI (PT),Vereador
798013,1,1487,Ver. RICARDO TEIXEIRA (UNIÃO),Vereador
798026,1,1647,Ver. EDIR SALES (PSD),Vereador
798226,1,2150,Ver. ANDRÉ SANTOS (REPUBLICANOS),Vereador
798245,1,1999,Ver. PROFESSOR TONINHO VESPOLI (PSOL),Vereador
798248,1,1647,Ver. EDIR SALES (PSD),Vereador
798274,1,2228,Ver. RENATA FALZONI (PSB),Vereador
798291,1,2228,Ver. RENATA FALZONI (PSB),Vereador
798387,1,2281,Ver. SIMONE GANEM (PODE),Vereador
798389,1,2281,Ver. SIMONE GANEM (PODE),Vereador
798391,1,2281,Ver. SIMONE GANEM (PODE),Vereador
798566,1,2205,Ver. LUANA ALVES (PSOL),Vereador
798594,1,2211,Ver. SIDNEY CRUZ (MDB),Vereador
798778,1,2254,Ver. LUNA ZARATTINI (PT),Vereador
798835,1,1487,Ver. RICARDO TEIXEIRA (UNIÃO),Vereador
798847,1,2273,Ver. DR. MURILLO LIMA (PP),Vereador
798867,1,2269,Ver. MARINA BRAGANTE (PSB),Vereador
798988,1,2210,Ver. ELY TERUEL (MDB),Vereador
799196,1,2277,Ver. JANAINA PASCHOAL (PP),Vereador
799198,1,1999,Ver. PROFESSOR TONINHO VESPOLI (PSOL),Vereador
799219,1,2246,Ver. MAJOR PALUMBO (PP),Vereador
799319,1,1999,Ver. PROFESSOR TONINHO VESPOLI (PSOL),Vereador
799320,1,1999,Ver. PROFESSOR TONINHO VESPOLI (PSOL),Vereador
799444,1,1635,Ver. DRA. SANDRA TADEU (PL),Vereador
799446,1,1635,Ver. DRA. SANDRA TADEU (PL),Vereador
799495,1,1989,Ver. GEORGE HATO (MDB),Vereador
799661,1,2216,Ver. SONAIRA FERNANDES (PL),Vereador
799816,1,1487,Ver. RICARDO TEIXEIRA (UNIÃO),Vereador
799816,2,2278,Ver. KEIT LIMA (PSOL),Vereador
799817,1,1487,Ver. RICARDO TEIXEIRA (UNIÃO),Vereador
799817,2,2278,Ver. KEIT LIMA (PSOL),Vereador
799818,1,1487,Ver. RICARDO TEIXEIRA (UNIÃO),Vereador
799909,1,2216,Ver. SONAIRA FERNANDES (PL),Vereador
800077,1,2224,Ver. SANDRA SANTANA (MDB),Vereador
800111,1,2283,Ver. ZOE MARTÍNEZ (PL),Vereador
800129,1,2270,Ver. PASTORA SANDRA ALVES (UNIÃO),Vereador
800132,1,2224,Ver. SANDRA SANTANA (MDB),Vereador
800241,1,2274,Ver. SARGENTO NANTES (PP),Vereador
800290,1,776,Ver. ELISEU GABRIEL (PSB),Vereador
800327,1,2205,Ver. LUANA ALVES (PSOL),Vereador
800330,1,1999,Ver. PROFESSOR TONINHO VESPOLI (PSOL),Vereador
800332,1,1999,Ver. PROFESSOR TONINHO VESPOLI (PSOL),Vereador
800437,1,1999,Ver. PROFESSOR TONINHO VESPOLI (PSOL),Vereador
800451,1,2281,Ver. SIMONE GANEM (PODE),Vereador
800459,1,2279,Ver. SILVINHO LEITE (UNIÃO),Vereador
800462,1,2278,Ver. KEIT LIMA (PSOL),Vereador
800476,1,2274,Ver. SARGENTO NANTES (PP),Vereador
800511,1,2228,Ver. RENATA FALZONI (PSB),Vereador
800515,1,2279,Ver. SILVINHO LEITE (UNIÃO),Vereador
800595,1,1636,Ver. DR. MILTON FERREIRA (PODE),Vereador
800595,2,2221,Ver. ELI CORRÊA (UNIÃO),Vereador
800636,1,1989,Ver. GEORGE HATO (MDB),Vereador
800694,1,2278,Ver. KEIT LIMA (PSOL),Vereador
800925,1,2229,Executivo - RICARDO NUNES,Promovente
800926,1,2217,Ver. SANSÃO PEREIRA (REPUBLICANOS),Vereador
801027,1,2275,Ver. GABRIEL ABREU (PODE),Vereador
801032,1,2275,Ver. GABRIEL ABREU (PODE),Vereador
801033,1,2275,Ver. GABRIEL ABREU (PODE),Vereador
801034,1,2275,Ver. GABRIEL ABREU (PODE),Vereador
801036,1,2275,Ver. GABRIEL ABREU (PODE),Vereador
801037,1,2275,Ver. GABRIEL ABREU (PODE),Vereador
801038,1,2275,Ver. GABRIEL ABREU (PODE),Vereador
801039,1,2275,Ver. GABRIEL ABREU (PODE),Vereador
801329,1,2246,Ver. MAJOR PALUMBO (PP),Vereador
801677,1,2279,Ver. SILVINHO LEITE (UNIÃO),Vereador
802073,1,2255,Ver. JOÃO ANANIAS (PT),Vereador
802550,1,2269,Ver. MARINA BRAGANTE (PSB),Vereador
802622,1,1999,Ver. PROFESSOR TONINHO VESPOLI (PSOL),Vereador
802647,1,1999,Ver. PROFESSOR TONINHO VESPOLI (PSOL),Vereador
802652,1,1999,Ver. PROFESSOR TONINHO VESPOLI (PSOL),Vereador
802757,1,1636,Ver. DR. MILTON FERREIRA (PODE),Vereador
802759,1,2160,Ver. JOÃO JORGE (MDB),Vereador
802826,1,1999,Ver. PROFESSOR TONINHO VESPOLI (PSOL),Vereador
802826,2,2278,Ver. KEIT LIMA (PSOL),Vereador
802827,1,1999,Ver. PROFESSOR TONINHO VESPOLI (PSOL),Vereador
802836,1,2270,Ver. PASTORA SANDRA ALVES (UNIÃO),Vereador
802837,1,1999,Ver. PROFESSOR TONINHO VESPOLI (PSOL),Vereador
802871,1,2269,Ver. MARINA BRAGANTE (PSB),Vereador
803019,1,2270,Ver. PASTORA SANDRA ALVES (UNIÃO),Vereador
803020,1,2270,Ver. PASTORA SANDRA ALVES (UNIÃO),Vereador
803274,1,1487,Ver. RICARDO TEIXEIRA (UNIÃO),Vereador
803345,1,2254,Ver. LUNA ZARATTINI (PT),Vereador
803357,1,2266,Ver. ADRILLES JORGE (UNIÃO),Vereador
803433,1,2219,Ver. MARCELO MESSIAS (MDB),Vereador
803615,1,2217,Ver. SANSÃO PEREIRA (REPUBLICANOS),Vereador
803617,1,2144,Ver. FABIO RIVA (MDB),Vereador
803620,1,2144,Ver. FABIO RIVA (MDB),Vereador
803620,2,2224,Ver. SANDRA SANTANA (MDB),Vereador
803620,3,2269,Ver. MARINA BRAGANTE (PSB),Vereador
803640,1,2269,Ver. MARINA BRAGANTE (PSB),Vereador
803663,1,2159,Ver. RUTE COSTA (PL),Vereador
803664,1,2159,Ver. RUTE COSTA (PL),Vereador
803667,1,2159,Ver. RUTE COSTA (PL),Vereador
803668,1,2159,Ver. RUTE COSTA (PL),Vereador
803716,1,776,Ver. ELISEU GABRIEL (PSB),Vereador
803753,1,2279,Ver. SILVINHO LEITE (UNIÃO),Vereador
803822,1,2218,Ver. THAMMY MIRANDA (PSD),Vereador
803883,1,2001,Ver. JAIR TATTO (PT),Vereador
803884,1,2001,Ver. JAIR TATTO (PT),Vereador
803885,1,2001,Ver. JAIR TATTO (PT),Vereador
803901,1,1487,Ver. RICARDO TEIXEIRA (UNIÃO),Vereador
803901,2,1989,Ver. GEORGE HATO (MDB),Vereador
803987,1,1349,Ver. SENIVAL MOURA (PT),Vereador
804062,1,2218,Ver. THAMMY MIRANDA (PSD),Vereador
804106,1,2210,Ver. ELY TERUEL (MDB),Vereador
804122,1,2218,Ver. THAMMY MIRANDA (PSD),Vereador
804127,1,2205,Ver. LUANA ALVES (PSOL),Vereador
804139,1,2210,Ver. ELY TERUEL (MDB),Vereador
804140,1,1989,Ver. GEORGE HATO (MDB),Vereador
804142,1,2279,Ver. SILVINHO LEITE (UNIÃO),Vereador
804162,1,2278,Ver. KEIT LIMA (PSOL),Vereador
804163,1,1636,Ver. DR. MILTON FERREIRA (PODE),Vereador
804164,1,1636,Ver. DR. MILTON FERREIRA (PODE),Vereador
804165,1,1636,Ver. DR. MILTON FERREIRA (PODE),Vereador
804193,1,2224,Ver. SANDRA SANTANA (MDB),Vereador
804247,1,2210,Ver. ELY TERUEL (MDB),Vereador
804256,1,2267,Ver. AMANDA PASCHOAL (PSOL),Vereador
804273,1,2228,Ver. RENATA FALZONI (PSB),Vereador
804276,1,2278,Ver. KEIT LIMA (PSOL),Vereador
804323,1,1989,Ver. GEORGE HATO (MDB),Vereador
804329,1,2278,Ver. KEIT LIMA (PSOL),Vereador
804330,1,2278,Ver. KEIT LIMA (PSOL),Vereador
804429,1,2278,Ver. KEIT LIMA (PSOL),Vereador
804500,1,2279,Ver. SILVINHO LEITE (UNIÃO),Vereador
804500,2,2185,Ver. CELSO GIANNAZI (PSOL),Vereador
804500,3,2278,Ver. KEIT LIMA (PSOL),Vereador
804543,1,1487,Ver. RICARDO TEIXEIRA (UNIÃO),Vereador
804544,1,1487,Ver. RICARDO TEIXEIRA (UNIÃO),Vereador
804548,1,1635,Ver. DRA. SANDRA TADEU (PL),Vereador
804583,1,1647,Ver. EDIR SALES (PSD),Vereador
804584,1,1647,Ver. EDIR SALES (PSD),Vereador
804591,1,696,Ver. CARLOS BEZERRA JR. (PSD),Vereador
804599,1,2270,Ver. PASTORA SANDRA ALVES (UNIÃO),Vereador
804600,1,2270,Ver. PASTORA SANDRA ALVES (UNIÃO),Vereador
804602,1,1989,Ver. GEORGE HATO (MDB),Vereador
804611,1,696,Ver. CARLOS BEZERRA JR. (PSD),Vereador
804612,1,1989,Ver. GEORGE HATO (MDB),Vereador
804614,1,2268,Ver. AMANDA VETTORAZZO (UNIÃO),Vereador
804661,1,2146,Ver. GILBERTO NASCIMENTO (PL),Vereador
804663,1,2146,Ver. GILBERTO NASCIMENTO (PL),Vereador
804736,1,1999,Ver. PROFESSOR TONINHO VESPOLI (PSOL),Vereador
804738,1,2268,Ver. AMANDA VETTORAZZO (UNIÃO),Vereador
804751,1,2278,Ver. KEIT LIMA (PSOL),Vereador
804806,1,2205,Ver. LUANA ALVES (PSOL),Vereador
804838,1,1487,Ver. RICARDO TEIXEIRA (UNIÃO),Vereador
804839,1,2001,Ver. JAIR TATTO (PT),Vereador
804862,1,2279,Ver. SILVINHO LEITE (UNIÃO),Vereador
804908,1,2269,Ver. MARINA BRAGANTE (PSB),Vereador
804934,1,2147,Ver. ISAC FÉLIX (PL),Vereador
804949,1,2275,Ver. GABRIEL ABREU (PODE),Vereador
804950,1,2275,Ver. GABRIEL ABREU (PODE),Vereador
804951,1,2275,Ver. GABRIEL ABREU (PODE),Vereador
804952,1,2275,Ver. GABRIEL ABREU (PODE),Vereador
805009,1,1999,Ver. PROFESSOR TONINHO VESPOLI (PSOL),Vereador
805184,1,2278,Ver. KEIT LIMA (PSOL),Vereador
805186,1,2278,Ver. KEIT LIMA (PSOL),Vereador
805199,1,2216,Ver. SONAIRA FERNANDES (PL),Vereador
805200,1,2216,Ver. SONAIRA FERNANDES (PL),Vereador
805201,1,2216,Ver. SONAIRA FERNANDES (PL),Vereador
805205,1,2218,Ver. THAMMY MIRANDA (PSD),Vereador
805208,1,2218,Ver. THAMMY MIRANDA (PSD),Vereador
805230,1,1487,Ver. RICARDO TEIXEIRA (UNIÃO),Vereador
805235,1,2185,Ver. CELSO GIANNAZI (PSOL),Vereador
805265,1,1636,Ver. DR. MILTON FERREIRA (PODE),Vereador
805278,1,776,Ver. ELISEU GABRIEL (PSB),Vereador
805278,2,2228,Ver. RENATA FALZONI (PSB),Vereador
805345,1,2279,Ver. SILVINHO LEITE (UNIÃO),Vereador
805420,1,1635,Ver. DRA. SANDRA TADEU (PL),Vereador
805432,1,2275,Ver. GABRIEL ABREU (PODE),Vereador
805458,1,57,Comissão de Finanças e Orçamento,Promovente
805459,1,2206,Ver. SILVIA DA BANCADA FEMINISTA (PSOL),Vereador
805498,1,2279,Ver. SILVINHO LEITE (UNIÃO),Vereador
805499,1,2279,Ver. SILVINHO LEITE (UNIÃO),Vereador
805617,1,1487,Ver. RICARDO TEIXEIRA (UNIÃO),Vereador
805675,1,2160,Ver. JOÃO JORGE (MDB),Vereador
805677,1,2160,Ver. JOÃO JORGE (MDB),Vereador
805750,1,2289,MESA DA CAMARA MUNICIPAL DE SAO PAULO - 01/01/2026 a 31/12/2026,Promovente
805774,1,2218,Ver. THAMMY MIRANDA (PSD),Vereador
805877,1,2219,Ver. MARCELO MESSIAS (MDB),Vereador
805880,1,936,Ver. NABIL BONDUKI (PT),Vereador
805883,1,2272,Ver. DHEISON SILVA (PT),Vereador
805884,1,2272,Ver. DHEISON SILVA (PT),Vereador
805887,1,2205,Ver. LUANA ALVES (PSOL),Vereador
806083,1,776,Ver. ELISEU GABRIEL (PSB),Vereador
806209,1,2267,Ver. AMANDA PASCHOAL (PSOL),Vereador
806212,1,2279,Ver. SILVINHO LEITE (UNIÃO),Vereador
806241,1,2267,Ver. AMANDA PASCHOAL (PSOL),Vereador
806342,1,2224,Ver. SANDRA SANTANA (MDB),Vereador
806486,1,1989,Ver. GEORGE HATO (MDB),Vereador
806500,1,1989,Ver. GEORGE HATO (MDB),Vereador
806601,1,2229,Executivo - RICARDO NUNES,Promovente
806624,1,776,Ver. ELISEU GABRIEL (PSB),Vereador
806627,1,776,Ver. ELISEU GABRIEL (PSB),Vereador
806628,1,776,Ver. ELISEU GABRIEL (PSB),Vereador
806641,1,2206,Ver. SILVIA DA BANCADA FEMINISTA (PSOL),Vereador
806659,1,2278,Ver. KEIT LIMA (PSOL),Vereador
806674,1,2270,Ver. PASTORA SANDRA ALVES (UNIÃO),Vereador
806676,1,2270,Ver. PASTORA SANDRA ALVES (UNIÃO),Vereador
806684,1,2278,Ver. KEIT LIMA (PSOL),Vereador
806686,1,2270,Ver. PASTORA SANDRA ALVES (UNIÃO),Vereador
806847,1,2159,Ver. RUTE COSTA (PL),Vereador
806852,1,2159,Ver. RUTE COSTA (PL),Vereador
806854,1,2159,Ver. RUTE COSTA (PL),Vereador
806855,1,2159,Ver. RUTE COSTA (PL),Vereador
806857,1,2278,Ver. KEIT LIMA (PSOL),Vereador
806858,1,2159,Ver. RUTE COSTA (PL),Vereador
806873,1,2278,Ver. KEIT LIMA (PSOL),Vereador
806960,1,2185,Ver. CELSO GIANNAZI (PSOL),Vereador
806984,1,2269,Ver. MARINA BRAGANTE (PSB),Vereador
806986,1,2246,Ver. MAJOR PALUMBO (PP),Vereador
807086,1,2279,Ver. SILVINHO LEITE (UNIÃO),Vereador
807134,1,2279,Ver. SILVINHO LEITE (UNIÃO),Vereador
807145,1,1999,Ver. PROFESSOR TONINHO VESPOLI (PSOL),Vereador
807168,1,2279,Ver. SILVINHO LEITE (UNIÃO),Vereador
807169,1,1647,Ver. EDIR SALES (PSD),Vereador
807170,1,1647,Ver. EDIR SALES (PSD),Vereador
807235,1,2255,Ver. JOÃO ANANIAS (PT),Vereador
807237,1,2255,Ver. JOÃO ANANIAS (PT),Vereador
807359,1,2279,Ver. SILVINHO LEITE (UNIÃO),Vereador
807365,1,2278,Ver. KEIT LIMA (PSOL),Vereador
807382,1,2270,Ver. PASTORA SANDRA ALVES (UNIÃO),Vereador
807394,1,776,Ver. ELISEU GABRIEL (PSB),Vereador
807399,1,776,Ver. ELISEU GABRIEL (PSB),Vereador
807419,1,2279,Ver. SILVINHO LEITE (UNIÃO),Vereador
807423,1,2214,Ver. RUBINHO NUNES (UNIÃO),Vereador
807442,1,2270,Ver. PASTORA SANDRA ALVES (UNIÃO),Vereador
807444,1,1989,Ver. GEORGE HATO (MDB),Vereador
807546,1,2224,Ver. SANDRA SANTANA (MDB),Vereador
807787,1,696,Ver. CARLOS BEZERRA JR. (PSD),Vereador
807790,1,1635,Ver. DRA. SANDRA TADEU (PL),Vereador
807807,1,2144,Ver. FABIO RIVA (MDB),Vereador
807828,1,2146,Ver. GILBERTO NASCIMENTO (PL),Vereador
807830,1,2278,Ver. KEIT LIMA (PSOL),Vereador
807894,1,2282,Ver. LUCAS PAVANATO (PL),Vereador
807895,1,2282,Ver. LUCAS PAVANATO (PL),Vereador
807896,1,2282,Ver. LUCAS PAVANATO (PL),Vereador
807922,1,2214,Ver. RUBINHO NUNES (UNIÃO),Vereador
807950,1,2274,Ver. SARGENTO NANTES (PP),Vereador
807986,1,2205,Ver. LUANA ALVES (PSOL),Vereador
807988,1,1999,Ver. PROFESSOR TONINHO VESPOLI (PSOL),Vereador
807990,1,1999,Ver. PROFESSOR TONINHO VESPOLI (PSOL),Vereador
808011,1,2185,Ver. CELSO GIANNAZI (PSOL),Vereador
808012,1,1989,Ver. GEORGE HATO (MDB),Vereador
808012,2,2219,Ver. MARCELO MESSIAS (MDB),Vereador
808013,1,1999,Ver. PROFESSOR TONINHO VESPOLI (PSOL),Vereador
808033,1,2269,Ver. MARINA BRAGANTE (PSB),Vereador
808033,2,1999,Ver. PROFESSOR TONINHO VESPOLI (PSOL),Vereador
808033,3,2278,Ver. KEIT LIMA (PSOL),Vereador
808109,1,2246,Ver. MAJOR PALUMBO (PP),Vereador
808121,1,2219,Ver. MARCELO MESSIAS (MDB),Vereador
808187,1,1487,Ver. RICARDO TEIXEIRA (UNIÃO),Vereador
808334,1,936,Ver. NABIL BONDUKI (PT),Vereador
808334,2,2269,Ver. MARINA BRAGANTE (PSB),Vereador
808338,1,2278,Ver. KEIT LIMA (PSOL),Vereador
808346,1,2146,Ver. GILBERTO NASCIMENTO (PL),Vereador
808364,1,2254,Ver. LUNA ZARATTINI (PT),Vereador
808398,1,2146,Ver. GILBERTO NASCIMENTO (PL),Vereador
808420,1,776,Ver. ELISEU GABRIEL (PSB),Vereador
808438,1,2277,Ver. JANAINA PASCHOAL (PP),Vereador
808504,1,776,Ver. ELISEU GABRIEL (PSB),Vereador
808512,1,2278,Ver. KEIT LIMA (PSOL),Vereador
808522,1,776,Ver. ELISEU GABRIEL (PSB),Vereador
808533,1,2144,Ver. FABIO RIVA (MDB),Vereador
808572,1,696,Ver. CARLOS BEZERRA JR. (PSD),Vereador
808573,1,2269,Ver. MARINA BRAGANTE (PSB),Vereador
808614,1,2219,Ver. MARCELO MESSIAS (MDB),Vereador
808642,1,1999,Ver. PROFESSOR TONINHO VESPOLI (PSOL),Vereador
808643,1,2278,Ver. KEIT LIMA (PSOL),Vereador
808644,1,2278,Ver. KEIT LIMA (PSOL),Vereador
808647,1,2224,Ver. SANDRA SANTANA (MDB),Vereador
808648,1,2278,Ver. KEIT LIMA (PSOL),Vereador
808662,1,2292,Ver. GUILHERME CORRÊA (UNIÃO),Vereador
808662,2,1999,Ver. PROFESSOR TONINHO VESPOLI (PSOL),Vereador
808663,1,2292,Ver. GUILHERME CORRÊA (UNIÃO),Vereador
808663,2,1999,Ver. PROFESSOR TONINHO VESPOLI (PSOL),Vereador
808694,1,2205,Ver. LUANA ALVES (PSOL),Vereador
808712,1,776,Ver. ELISEU GABRIEL (PSB),Vereador
808717,1,1999,Ver. PROFESSOR TONINHO VESPOLI (PSOL),Vereador
808718,1,776,Ver. ELISEU GABRIEL (PSB),Vereador
808723,1,2146,Ver. GILBERTO NASCIMENTO (PL),Vereador
808727,1,2146,Ver. GILBERTO NASCIMENTO (PL),Vereador
808751,1,1487,Ver. RICARDO TEIXEIRA (UNIÃO),Vereador
808751,2,2001,Ver. JAIR TATTO (PT),Vereador
808759,1,2228,Ver. RENATA FALZONI (PSB),Vereador
808834,1,2282,Ver. LUCAS PAVANATO (PL),Vereador
808835,1,776,Ver. ELISEU GABRIEL (PSB),Vereador
808910,1,57,TRIBUNAL DE CONTAS DO MUNICÍPIO DE SÃO PAULO,Remetente
808977,1,2211,Ver. SIDNEY CRUZ (MDB),Vereador
808979,1,2211,Ver. SIDNEY CRUZ (MDB),Vereador
808981,1,2211,Ver. SIDNEY CRUZ (MDB),Vereador
808982,1,2211,Ver. SIDNEY CRUZ (MDB),Vereador
808983,1,2211,Ver. SIDNEY CRUZ (MDB),Vereador
808985,1,2211,Ver. SIDNEY CRUZ (MDB),Vereador
809180,1,2147,Ver. ISAC FÉLIX (PL),Vereador
809201,1,776,Ver. ELISEU GABRIEL (PSB),Vereador
809212,1,936,Ver. NABIL BONDUKI (PT),Vereador
809213,1,936,Ver. NABIL BONDUKI (PT),Vereador
809214,1,936,Ver. NABIL BONDUKI (PT),Vereador
809217,1,936,Ver. NABIL BONDUKI (PT),Vereador
809232,1,2269,Ver. MARINA BRAGANTE (PSB),Vereador
809237,1,2269,Ver. MARINA BRAGANTE (PSB),Vereador
809365,1,2205,Ver. LUANA ALVES (PSOL),Vereador
809429,1,776,Ver. ELISEU GABRIEL (PSB),Vereador
809536,1,1989,Ver. GEORGE HATO (MDB),Vereador
809538,1,2279,Ver. SILVINHO LEITE (UNIÃO),Vereador
809539,1,2279,Ver. SILVINHO LEITE (UNIÃO),Vereador
809540,1,2279,Ver. SILVINHO LEITE (UNIÃO),Vereador
809541,1,2279,Ver. SILVINHO LEITE (UNIÃO),Vereador
809542,1,2279,Ver. SILVINHO LEITE (UNIÃO),Vereador
809543,1,2279,Ver. SILVINHO LEITE (UNIÃO),Vereador
809544,1,2279,Ver. SILVINHO LEITE (UNIÃO),Vereador
809545,1,2279,Ver. SILVINHO LEITE (UNIÃO),Vereador
809546,1,2279,Ver. SILVINHO LEITE (UNIÃO),Vereador
809547,1,2279,Ver. SILVINHO LEITE (UNIÃO),Vereador
809548,1,2279,Ver. SILVINHO LEITE (UNIÃO),Vereador
809549,1,2279,Ver. SILVINHO LEITE (UNIÃO),Vereador
809550,1,2279,Ver. SILVINHO LEITE (UNIÃO),Vereador
809570,1,2279,Ver. SILVINHO LEITE (UNIÃO),Vereador
809584,1,2217,Ver. SANSÃO PEREIRA (REPUBLICANOS),Vereador
809742,1,1989,Ver. GEORGE HATO (MDB),Vereador
809752,1,2228,Ver. RENATA FALZONI (PSB),Vereador
809753,1,2279,Ver. SILVINHO LEITE (UNIÃO),Vereador
809800,1,2279,Ver. SILVINHO LEITE (UNIÃO),Vereador
809807,1,1636,Ver. DR. MILTON FERREIRA (PODE),Vereador
809808,1,2279,Ver. SILVINHO LEITE (UNIÃO),Vereador
809811,1,2279,Ver. SILVINHO LEITE (UNIÃO),Vereador
809899,1,2254,Ver. LUNA ZARATTINI (PT),Vereador
809900,1,2254,Ver. LUNA ZARATTINI (PT),Vereador
809904,1,2254,Ver. LUNA ZARATTINI (PT),Vereador
810020,1,2292,Ver. GUILHERME CORRÊA (UNIÃO),Vereador
810062,1,2224,Ver. SANDRA SANTANA (MDB),Vereador
810078,1,2278,Ver. KEIT LIMA (PSOL),Vereador
810311,1,1487,Ver. RICARDO TEIXEIRA (UNIÃO),Vereador
810312,1,1487,Ver. RICARDO TEIXEIRA (UNIÃO),Vereador
810417,1,2000,Ver. ALESSANDRO GUEDES (PT),Vereador
810417,2,2144,Ver. FABIO RIVA (MDB),Vereador
810536,1,936,Ver. NABIL BONDUKI (PT),Vereador
810542,1,2256,Ver. HÉLIO RODRIGUES (PT),Vereador
810544,1,2256,Ver. HÉLIO RODRIGUES (PT),Vereador
810551,1,2278,Ver. KEIT LIMA (PSOL),Vereador
810571,1,2275,Ver. GABRIEL ABREU (PODE),Vereador
810572,1,2275,Ver. GABRIEL ABREU (PODE),Vereador
810575,1,2221,Ver. ELI CORRÊA (UNIÃO),Vereador
810599,1,2205,Ver. LUANA ALVES (PSOL),Vereador
810626,1,2278,Ver. KEIT LIMA (PSOL),Vereador
810669,1,2001,Ver. JAIR TATTO (PT),Vereador
810670,1,2001,Ver. JAIR TATTO (PT),Vereador
810671,1,2001,Ver. JAIR TATTO (PT),Vereador
810694,1,2001,Ver. JAIR TATTO (PT),Vereador
810702,1,776,Ver. ELISEU GABRIEL (PSB),Vereador
810740,1,776,Ver. ELISEU GABRIEL (PSB),Vereador
810793,1,2246,Ver. MAJOR PALUMBO (PP),Vereador
810829,1,2219,Ver. MARCELO MESSIAS (MDB),Vereador
810851,1,2267,Ver. AMANDA PASCHOAL (PSOL),Vereador
810853,1,2267,Ver. AMANDA PASCHOAL (PSOL),Vereador
811031,1,1296,Ver. ADILSON AMADEU (UNIÃO),Vereador
811264,1,2210,Ver. ELY TERUEL (MDB),Vereador
811387,1,2246,Ver. MAJOR PALUMBO (PP),Vereador
811485,1,2146,Ver. GILBERTO NASCIMENTO (PL),Vereador
811587,1,2147,Ver. ISAC FÉLIX (PL),Vereador
811703,1,2280,Ver. KENJI ITO (PODE),Vereador
811704,1,2185,Ver. CELSO GIANNAZI (PSOL),Vereador
811781,1,2001,Ver. JAIR TATTO (PT),Vereador
811785,1,2224,Ver. SANDRA SANTANA (MDB),Vereador
811818,1,2000,Ver. ALESSANDRO GUEDES (PT),Vereador
811819,1,2000,Ver. ALESSANDRO GUEDES (PT),Vereador
811837,1,2147,Ver. ISAC FÉLIX (PL),Vereador
811855,1,1487,Ver. RICARDO TEIXEIRA (UNIÃO),Vereador
811996,1,2278,Ver. KEIT LIMA (PSOL),Vereador
812037,1,2000,Ver. ALESSANDRO GUEDES (PT),Vereador
812113,1,776,Ver. ELISEU GABRIEL (PSB),Vereador
812131,1,2221,Ver. ELI CORRÊA (UNIÃO),Vereador
812191,1,1487,Ver. RICARDO TEIXEIRA (UNIÃO),Vereador
812192,1,1487,Ver. RICARDO TEIXEIRA (UNIÃO),Vereador
812327,1,1487,Ver. RICARDO TEIXEIRA (UNIÃO),Vereador
812339,1,2144,Ver. FABIO RIVA (MDB),Vereador
812490,1,2144,Ver. FABIO RIVA (MDB),Vereador
812550,1,1296,Ver. ADILSON AMADEU (UNIÃO),Vereador
812550,2,1487,Ver. RICARDO TEIXEIRA (UNIÃO),Vereador
812795,1,1999,Ver. PROFESSOR TONINHO VESPOLI (PSOL),Vereador
812804,1,2219,Ver. MARCELO MESSIAS (MDB),Vereador
813007,1,1647,Ver. EDIR SALES (PSD),Vereador
813008,1,1647,Ver. EDIR SALES (PSD),Vereador
813106,1,776,Ver. ELISEU GABRIEL (PSB),Vereador
813143,1,1999,Ver. PROFESSOR TONINHO VESPOLI (PSOL),Vereador
813147,1,2219,Ver. MARCELO MESSIAS (MDB),Vereador
813306,1,2228,Ver. RENATA FALZONI (PSB),Vereador
813335,1,2249,Ver. NUNES PEIXEIRO (MDB),Vereador
813367,1,1999,Ver. PROFESSOR TONINHO VESPOLI (PSOL),Vereador
813411,1,2229,Executivo - RICARDO NUNES,Promovente
813467,1,2278,Ver. KEIT LIMA (PSOL),Vereador
813494,1,1487,Ver. RICARDO TEIXEIRA (UNIÃO),Vereador
813652,1,2256,Ver. HÉLIO RODRIGUES (PT),Vereador
813864,1,2274,Ver. SARGENTO NANTES (PP),Vereador
813890,1,2292,Ver. GUILHERME CORRÊA (UNIÃO),Vereador
813894,1,2268,Ver. AMANDA VETTORAZZO (UNIÃO),Vereador
813898,1,2205,Ver. LUANA ALVES (PSOL),Vereador
813900,1,2275,Ver. GABRIEL ABREU (PODE),Vereador
813955,1,2219,Ver. MARCELO MESSIAS (MDB),Vereador
813956,1,2219,Ver. MARCELO MESSIAS (MDB),Vereador
813967,1,776,Ver. ELISEU GABRIEL (PSB),Vereador
814077,1,2205,Ver. LUANA ALVES (PSOL),Vereador
814083,1,936,Ver. NABIL BONDUKI (PT),Vereador
814084,1,1989,Ver. GEORGE HATO (MDB),Vereador
814224,1,2274,Ver. SARGENTO NANTES (PP),Vereador
814309,1,2219,Ver. MARCELO MESSIAS (MDB),Vereador
814320,1,1487,Ver. RICARDO TEIXEIRA (UNIÃO),Vereador
814404,1,1999,Ver. PROFESSOR TONINHO VESPOLI (PSOL),Vereador
814571,1,2144,Ver. FABIO RIVA (MDB),Vereador
814853,1,2159,Ver. RUTE COSTA (PL),Vereador
814865,1,2000,Ver. ALESSANDRO GUEDES (PT),Vereador
814867,1,1487,Ver. RICARDO TEIXEIRA (UNIÃO),Vereador
814887,1,2159,Ver. RUTE COSTA (PL),Vereador
814896,1,2159,Ver. RUTE COSTA (PL),Vereador
814898,1,2275,Ver. GABRIEL ABREU (PODE),Vereador
814914,1,2159,Ver. RUTE COSTA (PL),Vereador
814973,1,2159,Ver. RUTE COSTA (PL),Vereador
814988,1,2159,Ver. RUTE COSTA (PL),Vereador
815015,1,1647,Ver. EDIR SALES (PSD),Vereador
815096,1,2224,Ver. SANDRA SANTANA (MDB),Vereador
815120,1,2001,Ver. JAIR TATTO (PT),Vereador
815121,1,2001,Ver. JAIR TATTO (PT),Vereador
815122,1,2001,Ver. JAIR TATTO (PT),Vereador
815124,1,2001,Ver. JAIR TATTO (PT),Vereador
815141,1,2278,Ver. KEIT LIMA (PSOL),Vereador
815247,1,2144,Ver. FABIO RIVA (MDB),Vereador
815393,1,2224,Ver. SANDRA SANTANA (MDB),Vereador
815446,1,2268,Ver. AMANDA VETTORAZZO (UNIÃO),Vereador
815462,1,2229,Executivo - RICARDO NUNES,Promovente
815707,1,2150,Ver. ANDRÉ SANTOS (REPUBLICANOS),Vereador
815708,1,2150,Ver. ANDRÉ SANTOS (REPUBLICANOS),Vereador
815750,1,936,Ver. NABIL BONDUKI (PT),Vereador
815751,1,936,Ver. NABIL BONDUKI (PT),Vereador
815794,1,1487,Ver. RICARDO TEIXEIRA (UNIÃO),Vereador
815887,1,776,Ver. ELISEU GABRIEL (PSB),Vereador
816778,1,2249,Ver. NUNES PEIXEIRO (MDB),Vereador
817006,1,2229,Executivo - RICARDO NUNES,Promovente
817219,1,2268,Ver. AMANDA VETTORAZZO (UNIÃO),Vereador
817307,1,2292,Ver. GUILHERME CORRÊA (UNIÃO),Vereador
817308,1,2292,Ver. GUILHERME CORRÊA (UNIÃO),Vereador
817311,1,2292,Ver. GUILHERME CORRÊA (UNIÃO),Vereador
