comissao,cargo,vereador,inicio,fim
ADM,Membro,ANTONIO CARLOS CARUSO,1991-08-01T00:00:00,1992-02-12T00:00:00
ADM,Membro,ITALO CARDOSO,1991-08-01T00:00:00,1992-12-31T00:00:00
ADM,Membro,JOSE VIVIANI FERRAZ,1991-08-01T00:00:00,1992-02-12T00:00:00
ADM,Membro,OSVALDO GIANNOTTI,1991-08-01T00:00:00,1992-02-19T00:00:00
ADM,Membro,TITA DIAS,1991-08-01T00:00:00,1992-02-13T00:00:00
ADM,Membro,USHITARO KAMIA,1991-08-01T00:00:00,1992-02-12T00:00:00
ADM,Presidente,LUIZ CARLOS MOURA,1991-08-01T00:00:00,1992-12-31T00:00:00
ADM,Membro,LUIZ PAULO GNECCO,1991-08-06T00:00:00,1991-10-26T00:00:00
ADM,Membro,ARSELINO TATTO,1992-02-13T00:00:00,1992-12-31T00:00:00
ADM,Membro,FAUSTO TOMAZ DE LIMA,1992-02-13T00:00:00,1992-12-31T00:00:00
ADM,Membro,IREDE CARDOSO,1992-02-13T00:00:00,1992-12-31T00:00:00
ADM,Vice-presidente,ALBERTINO NOBRE,1992-02-13T00:00:00,1992-04-06T00:00:00
ADM,Membro,ABEL FERREIRA CASTILHO,1992-02-20T00:00:00,1992-03-21T00:00:00
ADM,Membro,OSVALDO GIANNOTTI,1992-03-22T00:00:00,1992-12-31T00:00:00
ADM,Membro,ALBERTO CALVO,1992-04-07T00:00:00,1992-05-06T00:00:00
ADM,Membro,FRANCISCO BATISTA,1992-05-07T00:00:00,1992-05-07T00:00:00
ADM,Vice-presidente,ALBERTINO NOBRE,1992-05-08T00:00:00,1992-12-31T00:00:00
ADM,Membro,ARCHIBALDO ZANCRA,1993-03-10T00:00:00,1996-12-31T00:00:00
ADM,Membro,DEVANIR RIBEIRO,1993-03-10T00:00:00,1993-09-20T00:00:00
ADM,Membro,EDIVALDO ESTIMA,1993-03-10T00:00:00,1997-02-26T00:00:00
ADM,Membro,GILBERTO NASCIMENTO,1993-03-10T00:00:00,1995-02-01T00:00:00
ADM,Membro,VITAL NOLASCO,1993-03-10T00:00:00,1996-12-31T00:00:00
ADM,Presidente,CHICO WHITAKER,1993-03-10T00:00:00,1994-08-29T00:00:00
ADM,Vice-presidente,ALEX FREUA NETO,1993-03-10T00:00:00,1995-09-19T00:00:00
ADM,Membro,SERGIO RICARDO SILVA ROSA,1993-09-21T00:00:00,1993-10-21T00:00:00
ADM,Membro,DEVANIR RIBEIRO,1993-10-22T00:00:00,1996-12-31T00:00:00
ADM,Membro,SERGIO RICARDO SILVA ROSA,1994-08-30T00:00:00,1994-09-29T00:00:00
ADM,Presidente,CHICO WHITAKER,1994-09-30T00:00:00,1994-11-06T00:00:00
ADM,Membro,JOSE EDUARDO CARDOZO,1994-11-07T00:00:00,1994-11-16T00:00:00
ADM,Membro,SERGIO RICARDO SILVA ROSA,1994-11-17T00:00:00,1994-12-11T00:00:00
ADM,Presidente,CHICO WHITAKER,1994-12-12T00:00:00,1995-09-18T00:00:00
ADM,Membro,ALBERTO HIAR,1995-02-01T00:00:00,1996-12-31T00:00:00
ADM,Membro,GILBERTO NASCIMENTO,1995-03-04T00:00:00,1995-03-15T00:00:00
ADM,Membro,CARLOS ZARATTINI,1995-09-19T00:00:00,1995-10-19T00:00:00
ADM,Membro,DITO SALIM,1995-09-20T00:00:00,1995-10-21T00:00:00
ADM,Presidente,CHICO WHITAKER,1995-10-20T00:00:00,1996-12-31T00:00:00
ADM,Vice-presidente,ALEX FREUA NETO,1995-10-21T00:00:00,1996-02-07T00:00:00
ADM,Membro,DITO SALIM,1996-02-08T00:00:00,1996-12-31T00:00:00
ADM,Membro,EDSON SIMOES,1997-02-27T00:00:00,1997-03-17T00:00:00
ADM,Membro,ANA MARTINS,1997-03-13T00:00:00,1997-05-09T00:00:00
ADM,Membro,CARLOS NEDER,1997-03-13T00:00:00,1998-03-10T00:00:00
ADM,Membro,MOHAMAD SAID MOURAD,1997-03-13T00:00:00,1998-03-10T00:00:00
ADM,Membro,TONINHO PAIVA,1997-03-13T00:00:00,1999-03-10T00:00:00
ADM,Presidente,GILSON BARRETO,1997-03-13T00:00:00,1997-12-31T00:00:00
ADM,Vice-presidente,JOSE SILVA AMORIM,1997-03-13T00:00:00,2000-02-26T00:00:00
ADM,Membro,PAULO ROBERTO FARIA LIMA,1997-03-19T00:00:00,1998-03-10T00:00:00
ADM,Membro,ARCHIBALDO ZANCRA,1997-05-09T00:00:00,1997-05-14T00:00:00
ADM,Membro,ALAN LOPES,1997-05-15T00:00:00,1997-07-29T00:00:00
ADM,Membro,ARCHIBALDO ZANCRA,1997-07-30T00:00:00,1997-08-06T00:00:00
ADM,Membro,ALAN LOPES,1997-08-07T00:00:00,1997-09-09T00:00:00
ADM,Membro,ARCHIBALDO ZANCRA,1997-09-09T00:00:00,1998-03-10T00:00:00
ADM,Membro,EDIVALDO ESTIMA,1998-03-11T00:00:00,1999-03-10T00:00:00
ADM,Membro,HENRIQUE PACHECO,1998-03-11T00:00:00,1998-10-28T00:00:00
ADM,Membro,JORGE TABA,1998-03-11T00:00:00,2000-02-26T00:00:00
ADM,Membro,MAELI VERGNIANO,1998-03-11T00:00:00,1999-08-30T00:00:00
ADM,Membro,CALVO,1998-10-29T00:00:00,1998-12-01T00:00:00
ADM,Membro,HENRIQUE PACHECO,1998-12-01T00:00:00,1999-03-10T00:00:00
ADM,Membro,CARLOS NEDER,1999-03-11T00:00:00,1999-12-14T00:00:00
ADM,Membro,COSME LOPES,1999-03-11T00:00:00,1999-06-17T00:00:00
ADM,Membro,OSVALDO ENEAS,1999-03-11T00:00:00,2000-02-26T00:00:00
ADM,Membro,SALIM CURIATI,1999-06-21T00:00:00,2000-02-26T00:00:00
ADM,Membro,CARMINO PEPE,1999-09-02T00:00:00,2000-12-31T00:00:00
ADM,Membro,CARLOS NEDER,2000-01-15T00:00:00,2000-12-31T00:00:00
ADM,Membro,CELSO CARDOSO,2000-02-26T00:00:00,2001-02-28T00:00:00
ADM,Membro,LIDIA CORREA,2000-02-26T00:00:00,2000-12-31T00:00:00
ADM,Membro,MOHAMAD SAID MOURAD,2000-02-26T00:00:00,2000-12-31T00:00:00
ADM,Membro,PAULO FRANGE,2000-02-26T00:00:00,2000-12-31T00:00:00
ADM,Membro,ANTONIO PAES - BARATÃO,2001-02-22T00:00:00,2002-02-28T00:00:00
ADM,Membro,CELSO CARDOSO,2001-02-22T00:00:00,2001-02-28T00:00:00
ADM,Membro,JOÃO ANTONIO,2001-02-22T00:00:00,2002-02-28T00:00:00
ADM,Membro,ROBERTO TRÍPOLI,2001-02-22T00:00:00,2001-10-31T00:00:00
ADM,Membro,TONINHO CAMPANHA,2001-02-22T00:00:00,2002-02-28T00:00:00
ADM,Presidente,CARLOS APOLINARIO,2001-02-22T00:00:00,2001-08-28T00:00:00
ADM,Vice-presidente,LUCILA PIZANI GONÇALVES,2001-02-22T00:00:00,2002-02-28T00:00:00
ADM,Membro,MARIO DIAS,2001-03-01T00:00:00,2001-04-01T00:00:00
ADM,Membro,CELSO CARDOSO,2001-04-02T00:00:00,2001-10-10T00:00:00
ADM,Membro,MISSIONÁRIO JOSÉ OLÍMPIO,2001-08-30T00:00:00,2001-09-12T00:00:00
ADM,Presidente,MISSIONÁRIO JOSÉ OLÍMPIO,2001-09-12T00:00:00,2002-02-28T00:00:00
ADM,Membro,ERASMO DIAS,2001-10-11T00:00:00,2002-02-28T00:00:00
ADM,Membro,AURÉLIO NOMURA,2001-11-01T00:00:00,2001-12-03T00:00:00
ADM,Membro,AURÉLIO NOMURA,2001-12-05T00:00:00,2002-01-04T00:00:00
ADM,Membro,CARLOS NEDER,2002-03-01T00:00:00,2003-02-13T00:00:00
ADM,Membro,CLAUDIO FONSECA,2002-03-01T00:00:00,2003-02-13T00:00:00
ADM,Membro,ERASMO DIAS,2002-03-01T00:00:00,2003-02-13T00:00:00
ADM,Membro,MYRYAM ATHIE,2002-03-01T00:00:00,2003-02-13T00:00:00
ADM,Membro,VANDERLEI JANGROSSI,2002-03-01T00:00:00,2002-12-19T00:00:00
ADM,Presidente,CARLOS BEZERRA JR.,2002-03-01T00:00:00,2003-02-13T00:00:00
ADM,Vice-presidente,VICENTE CANDIDO DA SILVA,2002-03-01T00:00:00,2003-02-13T00:00:00
ADM,Membro,RICARDO MONTORO,2002-12-19T00:00:00,2003-02-18T00:00:00
ADM,Membro,ANA MARTINS,2003-02-14T00:00:00,2003-03-14T00:00:00
ADM,Membro,CARLOS NEDER,2003-02-14T00:00:00,2004-03-25T00:00:00
ADM,Membro,CLAUDETE ALVES,2003-02-14T00:00:00,2004-03-25T00:00:00
ADM,Membro,RAUL CORTEZ,2003-02-14T00:00:00,2004-03-25T00:00:00
ADM,Membro,ROGER LIN,2003-02-14T00:00:00,2004-03-25T00:00:00
ADM,Presidente,FARHAT,2003-02-14T00:00:00,2004-03-25T00:00:00
ADM,Vice-presidente,ROBERTO TRÍPOLI,2003-02-14T00:00:00,2004-03-25T00:00:00
ADM,Membro,ZELIA LOPES - D ZELIA,2003-03-22T00:00:00,2003-06-04T00:00:00
ADM,Membro,JOSE AMERICO,2003-06-04T00:00:00,2003-06-12T00:00:00
ADM,Membro,ZELIA LOPES - D ZELIA,2003-06-17T00:00:00,2003-08-04T00:00:00
ADM,Membro,TIÃO BEZERRA,2003-08-05T00:00:00,2003-10-05T00:00:00
ADM,Membro,ZELIA LOPES - D ZELIA,2003-10-06T00:00:00,2004-03-25T00:00:00
ADM,Membro,WILLIAM WOO,2003-12-18T00:00:00,2003-12-18T00:00:00
ADM,Membro,CLAUDETE ALVES,2004-03-26T00:00:00,2004-11-04T00:00:00
ADM,Membro,HUMBERTO MARTINS,2004-03-26T00:00:00,2004-08-01T00:00:00
ADM,Membro,LUCILA PIZANI GONÇALVES,2004-03-26T00:00:00,2004-03-30T00:00:00
ADM,Membro,RAUL CORTEZ,2004-03-26T00:00:00,2004-12-31T00:00:00
ADM,Membro,ROBERTO TRÍPOLI,2004-03-26T00:00:00,2004-12-31T00:00:00
ADM,Membro,TONINHO CAMPANHA,2004-03-26T00:00:00,2004-12-31T00:00:00
ADM,Presidente,FARHAT,2004-03-26T00:00:00,2004-12-31T00:00:00
ADM,Membro,FRANCISCO CHAGAS,2004-03-30T00:00:00,2004-03-30T00:00:00
ADM,Membro,LUCILA PIZANI GONÇALVES,2004-03-31T00:00:00,2004-12-31T00:00:00
ADM,Membro,JORGE TABA,2004-08-01T00:00:00,2004-11-01T00:00:00
ADM,Membro,HUMBERTO MARTINS,2004-11-02T00:00:00,2004-12-31T00:00:00
ADM,Membro,TIÃO BEZERRA,2004-11-05T00:00:00,2004-12-06T00:00:00
ADM,Membro,ATÍLIO FRANCISCO,2005-02-16T00:00:00,2006-02-14T00:00:00
ADM,Membro,CARLOS GIANNAZI,2005-02-16T00:00:00,2006-02-14T00:00:00
ADM,Membro,JUSCELINO GADELHA,2005-02-16T00:00:00,2006-02-14T00:00:00
ADM,Membro,TIÃO FARIAS,2005-02-16T00:00:00,2006-02-14T00:00:00
ADM,Vice-presidente,DOMINGOS DISSEI,2005-02-16T00:00:00,2006-02-14T00:00:00
ADM,Presidente,AGNALDO TIMÓTEO,2005-02-23T00:00:00,2006-02-14T00:00:00
ADM,Membro,JOÃO ANTONIO,2005-02-24T00:00:00,2006-02-14T00:00:00
ADM,Membro,AURÉLIO NOMURA,2006-02-15T00:00:00,2007-02-16T00:00:00
ADM,Membro,GILSON BARRETO,2006-02-15T00:00:00,2007-02-16T00:00:00
ADM,Membro,GOULART,2006-02-15T00:00:00,2007-02-16T00:00:00
ADM,Membro,MARCOS ZERBINI,2006-02-15T00:00:00,2007-03-14T00:00:00
ADM,Presidente,WADIH MUTRAN,2006-02-15T00:00:00,2007-02-16T00:00:00
ADM,Vice-presidente,JOSE AMERICO,2006-02-15T00:00:00,2007-02-16T00:00:00
ADM,Membro,JORGE PEREZ,2006-02-22T00:00:00,2006-03-23T00:00:00
ADM,Membro,LENICE LEMOS,2006-03-24T00:00:00,2007-02-16T00:00:00
ADM,Membro,JOSE AMERICO,2007-02-17T00:00:00,2008-02-20T00:00:00
ADM,Membro,MARTA COSTA,2007-02-17T00:00:00,2008-02-20T00:00:00
ADM,Membro,RICARDO TEIXEIRA,2007-02-17T00:00:00,2008-02-20T00:00:00
ADM,Membro,SONINHA FRANCINE,2007-02-17T00:00:00,2008-02-20T00:00:00
ADM,Presidente,ABOU ANNI,2007-02-17T00:00:00,2008-02-20T00:00:00
ADM,Vice-presidente,LENICE LEMOS,2007-02-17T00:00:00,2008-02-20T00:00:00
ADM,Membro,JOSÉ ROLIM,2007-03-15T00:00:00,2008-02-20T00:00:00
ADM,Membro,ANTONIO DONATO,2007-05-16T00:00:00,2007-05-16T00:00:00
ADM,Membro,ANTONIO DONATO,2007-09-19T00:00:00,2007-09-19T00:00:00
ADM,Membro,ADEMIR DA GUIA,2008-02-21T00:00:00,2008-03-04T00:00:00
ADM,Membro,GILSON BARRETO,2008-02-21T00:00:00,2008-03-04T00:00:00
ADM,Membro,JORGE BORGES,2008-02-21T00:00:00,2008-12-31T00:00:00
ADM,Membro,JOSE AMERICO,2008-02-21T00:00:00,2008-12-31T00:00:00
ADM,Membro,JOSÉ ROLIM,2008-02-21T00:00:00,2008-12-31T00:00:00
ADM,Membro,MARTA COSTA,2008-02-21T00:00:00,2008-12-31T00:00:00
ADM,Membro,SONINHA FRANCINE,2008-02-21T00:00:00,2008-12-31T00:00:00
ADM,Presidente,AURÉLIO NOMURA,2008-03-05T00:00:00,2008-12-31T00:00:00
ADM,Vice-presidente,GILSON BARRETO,2008-03-05T00:00:00,2008-12-31T00:00:00
ADM,Membro,DOMINGOS DISSEI,2009-02-12T00:00:00,2009-09-04T00:00:00
ADM,Membro,FRANCISCO CHAGAS,2009-02-12T00:00:00,2010-02-09T00:00:00
ADM,Membro,JOSE AMERICO,2009-02-12T00:00:00,2010-02-09T00:00:00
ADM,Membro,QUITO FORMIGA,2009-02-12T00:00:00,2010-02-09T00:00:00
ADM,Membro,SOUZA SANTOS,2009-02-12T00:00:00,2009-11-18T00:00:00
ADM,Presidente,ADOLFO QUINTAS,2009-02-12T00:00:00,2010-02-09T00:00:00
ADM,Vice-presidente,PENNA,2009-02-12T00:00:00,2010-02-09T00:00:00
ADM,Membro,EDIR SALES,2009-09-05T00:00:00,2009-10-06T00:00:00
ADM,Membro,DOMINGOS DISSEI,2009-10-07T00:00:00,2010-02-09T00:00:00
ADM,Membro,GABRIEL CHALITA,2009-11-18T00:00:00,2010-02-09T00:00:00
ADM,Membro,ADOLFO QUINTAS,2010-02-10T00:00:00,2011-03-15T00:00:00
ADM,Membro,CARLOS APOLINARIO,2010-02-10T00:00:00,2011-03-16T00:00:00
ADM,Membro,FRANCISCO CHAGAS,2010-02-10T00:00:00,2011-03-16T00:00:00
ADM,Membro,JOOJI HATO,2010-02-10T00:00:00,2010-03-16T00:00:00
ADM,Membro,PENNA,2010-02-10T00:00:00,2011-01-31T00:00:00
ADM,Membro,RICARDO TEIXEIRA,2010-02-10T00:00:00,2011-03-16T00:00:00
ADM,Presidente,ELISEU GABRIEL,2010-02-10T00:00:00,2012-04-16T00:00:00
ADM,Vice-presidente,JOSE AMERICO,2010-02-10T00:00:00,2011-03-16T00:00:00
ADM,Membro,AURÉLIO NOMURA,2011-02-01T00:00:00,2011-03-16T00:00:00
ADM,Membro,JOSÉ FERREIRA (ZELÃO),2011-02-08T00:00:00,2011-02-08T00:00:00
ADM,Membro,SALOMÃO PEREIRA,2011-03-16T00:00:00,2011-03-16T00:00:00
ADM,Membro,QUITO FORMIGA,2011-03-19T00:00:00,2011-03-28T00:00:00
ADM,Membro,CARLOS NEDER,2011-03-22T00:00:00,2012-04-16T00:00:00
ADM,Membro,JOSÉ FERREIRA (ZELÃO),2011-03-22T00:00:00,2012-12-31T00:00:00
ADM,Membro,JOSÉ ROLIM,2011-03-22T00:00:00,2012-04-16T00:00:00
ADM,Membro,SOUZA SANTOS,2011-03-22T00:00:00,2012-12-31T00:00:00
ADM,Membro,EDIR SALES,2011-03-29T00:00:00,2011-03-18T00:00:00
ADM,Vice-presidente,MARTA COSTA,2011-03-29T00:00:00,2012-04-16T00:00:00
ADM,Membro,EDIR SALES,2011-03-30T00:00:00,2012-04-04T00:00:00
ADM,Membro,JAMIL MURAD,2011-04-06T00:00:00,2011-04-06T00:00:00
ADM,Membro,DOMINGOS DISSEI,2011-04-13T00:00:00,2011-04-13T00:00:00
ADM,Membro,GILBERTO NATALINI,2011-04-13T00:00:00,2011-04-13T00:00:00
ADM,Membro,ANIBAL DE FREITAS FILHO,2011-04-27T00:00:00,2011-04-27T00:00:00
ADM,Membro,EDIR SALES,2011-04-30T00:00:00,2011-04-30T00:00:00
ADM,Membro,AURÉLIO NOMURA,2012-02-15T00:00:00,2012-02-15T00:00:00
ADM,Membro,AGNALDO TIMÓTEO,2012-04-16T00:00:00,2012-12-31T00:00:00
ADM,Membro,DOMINGOS DISSEI,2012-04-16T00:00:00,2012-06-20T00:00:00
ADM,Membro,GILBERTO NATALINI,2012-04-16T00:00:00,2012-04-17T00:00:00
ADM,Membro,GILSON BARRETO,2012-04-16T00:00:00,2012-05-10T00:00:00
ADM,Membro,ITALO CARDOSO,2012-04-16T00:00:00,2012-04-17T00:00:00
ADM,Membro,NOEMI NONATO,2012-04-18T00:00:00,2012-12-31T00:00:00
ADM,Presidente,ALFREDINHO,2012-04-18T00:00:00,2012-12-31T00:00:00
ADM,Membro,ADOLFO QUINTAS,2012-05-09T00:00:00,2012-05-09T00:00:00
ADM,Vice-presidente,GILSON BARRETO,2012-05-10T00:00:00,2012-12-31T00:00:00
ADM,Membro,FERNANDO ESTIMA,2012-06-21T00:00:00,2012-11-22T00:00:00
ADM,Membro,GOULART,2012-09-19T00:00:00,2012-09-19T00:00:00
ADM,Membro,OLIVEIRA,2012-11-22T00:00:00,2012-11-29T00:00:00
ADM,Membro,FERNANDO ESTIMA,2012-11-29T00:00:00,2012-12-31T00:00:00
ADM,Membro,ALFREDINHO,2013-02-26T00:00:00,2014-04-01T00:00:00
ADM,Membro,ATÍLIO FRANCISCO,2013-02-26T00:00:00,2014-04-01T00:00:00
ADM,Membro,CORONEL CAMILO,2013-02-26T00:00:00,2015-01-07T00:00:00
ADM,Membro,DAVID SOARES,2013-02-26T00:00:00,2013-02-27T00:00:00
ADM,Membro,GILSON BARRETO,2013-02-26T00:00:00,2013-02-27T00:00:00
ADM,Membro,MARIO COVAS NETO,2013-02-26T00:00:00,2014-04-01T00:00:00
ADM,Membro,MARQUITO,2013-02-26T00:00:00,2015-02-25T00:00:00
ADM,Membro,REIS,2013-02-26T00:00:00,2013-02-26T00:00:00
ADM,Presidente,GILSON BARRETO,2013-02-27T00:00:00,2014-04-01T00:00:00
ADM,Vice-presidente,DAVID SOARES,2013-02-27T00:00:00,2014-03-18T00:00:00
ADM,Membro,DALTON SILVANO,2013-06-10T00:00:00,2013-06-10T00:00:00
ADM,Membro,MILTON LEITE,2013-06-10T00:00:00,2013-06-10T00:00:00
ADM,Membro,VAVÁ,2013-10-02T00:00:00,2013-10-02T00:00:00
ADM,Membro,MARCO AURELIO CUNHA,2014-03-18T00:00:00,2014-04-01T00:00:00
ADM,Membro,ANTONIO DONATO,2014-04-02T00:00:00,2015-02-03T00:00:00
ADM,Membro,GILSON BARRETO,2014-04-02T00:00:00,2015-02-25T00:00:00
ADM,Membro,SOUZA SANTOS,2014-04-02T00:00:00,2015-02-25T00:00:00
ADM,Presidente,MARIO COVAS NETO,2014-04-02T00:00:00,2015-02-25T00:00:00
ADM,Vice-presidente,PR. EDEMILSON CHAVES,2014-04-02T00:00:00,2015-02-25T00:00:00
ADM,Membro,DAVID SOARES,2014-05-28T00:00:00,2014-05-28T00:00:00
ADM,Membro,VAVÁ,2014-11-12T00:00:00,2014-11-12T00:00:00
ADM,Membro,ANTONIO CARLOS RODRIGUES,2014-11-13T00:00:00,2015-02-02T00:00:00
ADM,Membro,AURÉLIO MIGUEL,2014-12-11T00:00:00,2014-12-11T00:00:00
ADM,Membro,ANIBAL DE FREITAS FILHO,2015-02-02T00:00:00,2015-02-25T00:00:00
ADM,Membro,JOSE AMERICO,2015-02-03T00:00:00,2015-03-14T00:00:00
ADM,Membro,CORONEL CAMILO,2015-02-26T00:00:00,2015-03-14T00:00:00
ADM,Membro,GILBERTO NATALINI,2015-02-26T00:00:00,2015-03-03T00:00:00
ADM,Membro,LAÉRCIO BENKO,2015-02-26T00:00:00,2015-06-24T00:00:00
ADM,Membro,PR. EDEMILSON CHAVES,2015-02-26T00:00:00,2016-02-26T00:00:00
ADM,Membro,VALDECIR CABRABOM,2015-02-26T00:00:00,2016-02-26T00:00:00
ADM,Presidente,ANDREA MATARAZZO,2015-03-03T00:00:00,2016-02-26T00:00:00
ADM,Vice-presidente,MARIO COVAS NETO,2015-03-03T00:00:00,2016-02-26T00:00:00
ADM,Membro,ALESSANDRO GUEDES,2015-03-17T00:00:00,2016-04-01T00:00:00
ADM,Membro,JONAS CAMISA NOVA,2015-03-17T00:00:00,2016-02-26T00:00:00
ADM,Membro,EDUARDO TUMA,2015-04-15T00:00:00,2015-04-15T00:00:00
ADM,Membro,EDUARDO TUMA,2015-05-20T00:00:00,2015-05-20T00:00:00
ADM,Membro,RODOLFO DESPACHANTE,2015-06-25T00:00:00,2015-08-01T00:00:00
ADM,Membro,LAÉRCIO BENKO,2015-08-02T00:00:00,2015-08-10T00:00:00
ADM,Membro,RODOLFO DESPACHANTE,2015-08-11T00:00:00,2015-09-25T00:00:00
ADM,Membro,LAÉRCIO BENKO,2015-09-26T00:00:00,2016-02-29T00:00:00
ADM,Membro,ANTONIO CARLOS RODRIGUES,2016-02-02T00:00:00,2016-12-31T00:00:00
ADM,Membro,ANDREA MATARAZZO,2016-02-27T00:00:00,2016-12-31T00:00:00
ADM,Membro,AURÉLIO MIGUEL,2016-02-27T00:00:00,2016-12-31T00:00:00
ADM,Membro,USHITARO KAMIA,2016-02-27T00:00:00,2016-05-12T00:00:00
ADM,Membro,DALTON SILVANO,2016-03-01T00:00:00,2016-03-01T00:00:00
ADM,Presidente,QUITO FORMIGA,2016-03-01T00:00:00,2016-12-31T00:00:00
ADM,Vice-presidente,LAÉRCIO BENKO,2016-03-01T00:00:00,2016-08-08T00:00:00
ADM,Membro,POLICE,2016-03-02T00:00:00,2016-03-02T00:00:00
ADM,Membro,CELSO JATENE,2016-04-01T00:00:00,2016-12-31T00:00:00
ADM,Membro,NABIL BONDUKI,2016-04-01T00:00:00,2016-04-12T00:00:00
ADM,Membro,JULIANA CARDOSO,2016-04-12T00:00:00,2016-06-28T00:00:00
ADM,Membro,DRA. SANDRA TADEU,2016-06-29T00:00:00,2016-06-29T00:00:00
ADM,Membro,PATRÍCIA BEZERRA,2016-06-29T00:00:00,2016-06-29T00:00:00
ADM,Membro,SENIVAL MOURA,2016-06-29T00:00:00,2016-06-29T00:00:00
ADM,Membro,JULIANA CARDOSO,2016-06-30T00:00:00,2016-12-31T00:00:00
ADM,Membro,RODOLFO DESPACHANTE,2016-08-09T00:00:00,2016-12-31T00:00:00
ADM,Membro,ALFREDINHO,2017-02-09T00:00:00,2018-02-21T00:00:00
ADM,Membro,ANDRÉ SANTOS,2017-02-09T00:00:00,2018-02-21T00:00:00
ADM,Membro,ANTONIO DONATO,2017-02-09T00:00:00,2018-09-10T00:00:00
ADM,Membro,GILSON BARRETO,2017-02-09T00:00:00,2017-02-14T00:00:00
ADM,Membro,QUITO FORMIGA,2017-02-09T00:00:00,2017-05-30T00:00:00
ADM,Membro,RICARDO TEIXEIRA,2017-02-09T00:00:00,2017-02-13T00:00:00
ADM,Membro,TONINHO PAIVA,2017-02-09T00:00:00,2017-02-09T00:00:00
ADM,Presidente,TONINHO PAIVA,2017-02-10T00:00:00,2018-02-21T00:00:00
ADM,Membro,FERNANDO HOLIDAY,2017-02-14T00:00:00,2018-02-21T00:00:00
ADM,Vice-presidente,GILSON BARRETO,2017-02-15T00:00:00,2018-02-20T00:00:00
ADM,Membro,DALTON SILVANO,2017-05-09T00:00:00,2017-05-10T00:00:00
ADM,Membro,ATÍLIO FRANCISCO,2017-05-24T00:00:00,2017-05-24T00:00:00
ADM,Membro,PATRÍCIA BEZERRA,2017-05-30T00:00:00,2018-02-21T00:00:00
ADM,Membro,ADRIANA RAMALHO,2017-07-03T00:00:00,2017-07-03T00:00:00
ADM,Membro,ATÍLIO FRANCISCO,2017-08-23T00:00:00,2017-08-23T00:00:00
ADM,Membro,SENIVAL MOURA,2017-08-23T00:00:00,2017-08-23T00:00:00
ADM,Membro,RICARDO TEIXEIRA,2017-08-30T00:00:00,2017-08-30T00:00:00
ADM,Membro,ADRIANA RAMALHO,2017-09-27T00:00:00,2017-09-27T00:00:00
ADM,Membro,ATÍLIO FRANCISCO,2017-09-27T00:00:00,2017-09-27T00:00:00
ADM,Membro,FABIO RIVA,2017-10-04T00:00:00,2017-10-04T00:00:00
ADM,Membro,ATÍLIO FRANCISCO,2017-10-18T00:00:00,2017-10-18T00:00:00
ADM,Membro,ADRIANA RAMALHO,2017-11-07T00:00:00,2017-11-08T00:00:00
ADM,Membro,ATÍLIO FRANCISCO,2017-11-08T00:00:00,2017-11-08T00:00:00
ADM,Membro,ADRIANA RAMALHO,2017-12-18T00:00:00,2017-12-18T00:00:00
ADM,Membro,DAVID SOARES,2018-02-21T00:00:00,2019-01-31T00:00:00
ADM,Membro,GILSON BARRETO,2018-02-21T00:00:00,2018-02-21T00:00:00
ADM,Membro,MARIO COVAS NETO,2018-02-21T00:00:00,2019-02-14T00:00:00
ADM,Membro,PAULO FRANGE,2018-02-21T00:00:00,2019-02-14T00:00:00
ADM,Membro,RINALDI DIGILIO,2018-02-21T00:00:00,2018-11-22T00:00:00
ADM,Membro,RUTE COSTA,2018-02-21T00:00:00,2018-02-21T00:00:00
ADM,Presidente,GILSON BARRETO,2018-02-22T00:00:00,2019-02-14T00:00:00
ADM,Vice-presidente,RUTE COSTA,2018-02-22T00:00:00,2018-04-17T00:00:00
ADM,Membro,DR. MILTON FERREIRA,2018-04-04T00:00:00,2018-04-04T00:00:00
ADM,Membro,RICARDO TEIXEIRA,2018-04-04T00:00:00,2018-04-04T00:00:00
ADM,Membro,DR. MILTON FERREIRA,2018-04-11T00:00:00,2018-04-11T00:00:00
ADM,Membro,MILTON LEITE,2018-04-11T00:00:00,2018-04-11T00:00:00
ADM,Membro,QUITO FORMIGA,2018-04-18T00:00:00,2018-11-25T00:00:00
ADM,Membro,DR. MILTON FERREIRA,2018-06-20T00:00:00,2018-06-20T00:00:00
ADM,Membro,ANDRÉ SANTOS,2018-08-08T00:00:00,2018-08-08T00:00:00
ADM,Membro,ADILSON AMADEU,2018-08-29T00:00:00,2018-08-29T00:00:00
ADM,Membro,DR. MILTON FERREIRA,2018-08-29T00:00:00,2018-08-29T00:00:00
ADM,Membro,DRA. SANDRA TADEU,2018-08-29T00:00:00,2018-08-29T00:00:00
ADM,Membro,MANOEL DEL RIO,2018-09-11T00:00:00,2018-10-11T00:00:00
ADM,Membro,RICARDO TEIXEIRA,2018-09-19T00:00:00,2018-09-19T00:00:00
ADM,Membro,CLAUDINHO DE SOUZA,2018-09-26T00:00:00,2018-09-26T00:00:00
ADM,Membro,ANTONIO DONATO,2018-10-12T00:00:00,2020-03-06T00:00:00
ADM,Membro,DALTON SILVANO,2018-10-31T00:00:00,2018-10-31T00:00:00
ADM,Membro,JANAÍNA LIMA,2018-11-23T00:00:00,2018-12-18T00:00:00
ADM,Membro,RODRIGO GOULART,2018-11-26T00:00:00,2019-02-14T00:00:00
ADM,Membro,DALTON SILVANO,2018-11-28T00:00:00,2018-11-28T00:00:00
ADM,Vice-presidente,JANAÍNA LIMA,2018-12-19T00:00:00,2019-02-14T00:00:00
ADM,Membro,DALTON SILVANO,2018-12-21T00:00:00,2018-12-21T00:00:00
ADM,Membro,DALTON SILVANO,2018-12-26T00:00:00,2018-12-26T00:00:00
ADM,Membro,BETO DO SOCIAL,2019-02-01T00:00:00,2019-02-14T00:00:00
ADM,Membro,ALFREDINHO,2019-02-15T00:00:00,2020-12-31T00:00:00
ADM,Membro,ANDRÉ SANTOS,2019-02-15T00:00:00,2019-02-19T00:00:00
ADM,Membro,CONTE LOPES,2019-02-15T00:00:00,2019-03-14T00:00:00
ADM,Membro,GILSON BARRETO,2019-02-15T00:00:00,2019-02-19T00:00:00
ADM,Membro,JANAÍNA LIMA,2019-02-15T00:00:00,2020-03-06T00:00:00
ADM,Membro,ZÉ TURIN,2019-02-15T00:00:00,2020-03-09T00:00:00
ADM,Presidente,GILSON BARRETO,2019-02-20T00:00:00,2020-03-06T00:00:00
ADM,Vice-presidente,ANDRÉ SANTOS,2019-02-20T00:00:00,2020-03-06T00:00:00
ADM,Membro,CAIO MIRANDA CARNEIRO,2019-03-15T00:00:00,2019-03-19T00:00:00
ADM,Membro,DALTON SILVANO,2019-03-20T00:00:00,2019-03-20T00:00:00
ADM,Membro,DRA. SANDRA TADEU,2019-03-20T00:00:00,2019-03-20T00:00:00
ADM,Membro,JONAS CAMISA NOVA,2019-03-20T00:00:00,2019-04-01T00:00:00
ADM,Membro,BETO DO SOCIAL,2019-04-02T00:00:00,2019-04-02T00:00:00
ADM,Membro,JONAS CAMISA NOVA,2019-04-03T00:00:00,2019-09-17T00:00:00
ADM,Membro,DRA. SANDRA TADEU,2019-05-08T00:00:00,2019-05-08T00:00:00
ADM,Membro,REIS,2019-08-21T00:00:00,2019-08-21T00:00:00
ADM,Membro,QUITO FORMIGA,2019-09-18T00:00:00,2019-09-19T00:00:00
ADM,Membro,JOÃO JORGE,2019-09-20T00:00:00,2020-03-06T00:00:00
ADM,Membro,QUITO FORMIGA,2019-11-27T00:00:00,2019-11-27T00:00:00
ADM,Membro,AURÉLIO NOMURA,2020-03-07T00:00:00,2020-12-31T00:00:00
ADM,Membro,DANIEL ANNENBERG,2020-03-07T00:00:00,2020-12-31T00:00:00
ADM,Membro,EDIR SALES,2020-03-07T00:00:00,2020-03-09T00:00:00
ADM,Membro,FERNANDO HOLIDAY,2020-03-07T00:00:00,2020-12-31T00:00:00
ADM,Membro,GILSON BARRETO,2020-03-07T00:00:00,2020-12-31T00:00:00
ADM,Presidente,ZÉ TURIN,2020-03-10T00:00:00,2020-12-31T00:00:00
ADM,Vice-presidente,EDIR SALES,2020-03-10T00:00:00,2020-12-31T00:00:00
ADM,Membro,ARSELINO TATTO,2021-02-11T00:00:00,2023-02-06T00:00:00
ADM,Membro,DR. MILTON FERREIRA,2021-02-11T00:00:00,2022-07-31T00:00:00
ADM,Membro,ELAINE DO QUILOMBO PERIFÉRICO,2021-02-11T00:00:00,2021-03-03T00:00:00
ADM,Membro,GEORGE HATO,2021-02-11T00:00:00,2021-11-03T00:00:00
ADM,Membro,ROBERTO TRÍPOLI,2021-02-11T00:00:00,2021-05-03T00:00:00
ADM,Presidente,GILSON BARRETO,2021-02-11T00:00:00,2022-02-16T00:00:00
ADM,Vice-presidente,EDIR SALES,2021-02-11T00:00:00,2022-02-16T00:00:00
ADM,Membro,ERIKA HILTON,2021-03-03T00:00:00,2023-01-31T00:00:00
ADM,Membro,RENATA FALZONI,2021-05-04T00:00:00,2021-06-03T00:00:00
ADM,Membro,ROBERTO TRÍPOLI,2021-06-04T00:00:00,2022-02-16T00:00:00
ADM,Membro,DANIEL ANNENBERG,2021-11-04T00:00:00,2022-02-16T00:00:00
ADM,Membro,CELSO GIANNAZI,2021-12-15T00:00:00,2021-12-15T00:00:00
ADM,Membro,ELI CORRÊA,2022-02-17T00:00:00,2022-03-08T00:00:00
ADM,Membro,FERNANDO HOLIDAY,2022-02-17T00:00:00,2023-02-06T00:00:00
ADM,Membro,GEORGE HATO,2022-02-17T00:00:00,2023-02-06T00:00:00
ADM,Membro,GILSON BARRETO,2022-02-17T00:00:00,2022-02-22T00:00:00
ADM,Presidente,GILSON BARRETO,2022-02-23T00:00:00,2023-02-06T00:00:00
ADM,Vice-presidente,ELI CORRÊA,2022-03-09T00:00:00,2023-02-06T00:00:00
ADM,Membro,LUIZ PROTEÇÃO ANIMAL,2022-08-03T00:00:00,2022-08-31T00:00:00
ADM,Membro,DR. MILTON FERREIRA,2022-09-01T00:00:00,2023-03-08T00:00:00
ADM,Membro,JUSSARA BASSO,2023-02-01T00:00:00,2024-12-31T00:00:00
ADM,Membro,ELI CORRÊA,2023-02-07T00:00:00,2023-02-07T00:00:00
ADM,Membro,ELY TERUEL,2023-02-07T00:00:00,2024-12-31T00:00:00
ADM,Membro,GILSON BARRETO,2023-02-07T00:00:00,2023-02-07T00:00:00
ADM,Membro,JANAÍNA LIMA,2023-02-07T00:00:00,2024-12-31T00:00:00
ADM,Membro,REIS,2023-02-07T00:00:00,2023-03-14T00:00:00
ADM,Presidente,GILSON BARRETO,2023-02-08T00:00:00,2024-02-19T00:00:00
ADM,Vice-presidente,ELI CORRÊA,2023-02-08T00:00:00,2024-02-19T00:00:00
ADM,Membro,DANIEL ANNENBERG,2023-03-09T00:00:00,2023-03-15T00:00:00
ADM,Membro,LUNA ZARATTINI,2023-03-15T00:00:00,2023-03-16T00:00:00
ADM,Membro,BETO DO SOCIAL,2023-03-16T00:00:00,2024-02-19T00:00:00
ADM,Membro,JOÃO ANANIAS,2023-03-17T00:00:00,2024-12-31T00:00:00
ADM,Relator,CORONEL SALLES,2023-09-05T00:00:00,2023-09-05T00:00:00
ADM,Relator,CORONEL SALLES,2023-09-13T00:00:00,2023-09-13T00:00:00
ADM,Membro,ELI CORRÊA,2024-02-20T00:00:00,2024-02-20T00:00:00
ADM,Membro,GILSON BARRETO,2024-02-20T00:00:00,2024-02-20T00:00:00
ADM,Membro,JORGE WILSON FILHO,2024-02-20T00:00:00,2024-04-04T00:00:00
ADM,Presidente,GILSON BARRETO,2024-02-21T00:00:00,2024-12-31T00:00:00
ADM,Vice-presidente,ELI CORRÊA,2024-02-21T00:00:00,2024-12-31T00:00:00
ADM,Membro,SONAIRA FERNANDES,2024-04-05T00:00:00,2024-12-31T00:00:00
ADM,Membro,DANILO DO POSTO DE SAÚDE,2025-03-13T00:00:00,2026-03-03T00:00:00
ADM,Membro,JOÃO ANANIAS,2025-03-13T00:00:00,2026-03-03T00:00:00
ADM,Membro,PROFESSOR TONINHO VESPOLI,2025-03-13T00:00:00,
ADM,Membro,SARGENTO NANTES,2025-03-13T00:00:00,
ADM,Membro,ZOE MARTÍNEZ,2025-03-13T00:00:00,2026-03-04T00:00:00
ADM,Presidente,EDIR SALES,2025-03-13T00:00:00,2025-04-21T00:00:00
ADM,Vice-presidente,AMANDA VETTORAZZO,2025-03-13T00:00:00,2025-04-21T00:00:00
ADM,Membro,EDIR SALES,2025-04-22T00:00:00,2025-04-30T00:00:00
ADM,Presidente,AMANDA VETTORAZZO,2025-04-22T00:00:00,2025-04-30T00:00:00
ADM,Vice-presidente,AMANDA VETTORAZZO,2025-04-30T00:00:00,2026-03-03T00:00:00
ADM,Presidente,EDIR SALES,2025-05-01T00:00:00,2026-03-03T00:00:00
ADM,Membro,ISAC FÉLIX,2025-08-13T00:00:00,2025-08-13T00:00:00
ADM,Membro,GILBERTO NASCIMENTO,2025-11-26T00:00:00,2025-11-26T00:00:00
ADM,Membro,AMANDA VETTORAZZO,2026-03-04T00:00:00,
ADM,Membro,EDIR SALES,2026-03-04T00:00:00,2026-03-04T00:00:00
ADM,Membro,GABRIEL ABREU,2026-03-04T00:00:00,
ADM,Membro,JAIR TATTO,2026-03-04T00:00:00,
ADM,Presidente,EDIR SALES,2026-03-05T00:00:00,
ADM,Vice-presidente,ZOE MARTÍNEZ,2026-03-05T00:00:00,
ADM,Membro,KENJI ITO,2026-06-17T00:00:00,2026-06-17T00:00:00
ADM,Membro,RUTE COSTA,2026-06-17T00:00:00,2026-06-17T00:00:00
ADM,Membro,DRA. SANDRA TADEU,2026-08-05T00:00:00,2026-08-05T00:00:00
ADM,Membro,JANAINA PASCHOAL,2026-08-05T00:00:00,2026-08-05T00:00:00
ADM,Membro,KENJI ITO,2026-08-05T00:00:00,2026-08-05T00:00:00
ADM,Membro,THAMMY MIRANDA,2026-08-05T00:00:00,2026-08-05T00:00:00
ADM,Membro,ISAC FÉLIX,2026-08-19T00:00:00,2026-08-19T00:00:00
ADM,Membro,SENIVAL MOURA,2026-08-19T00:00:00,2026-08-19T00:00:00
CCJ,Membro,ARSELINO TATTO,1991-08-01T00:00:00,1992-02-12T00:00:00
CCJ,Membro,GILBERTO NASCIMENTO,1991-08-01T00:00:00,1992-02-12T00:00:00
CCJ,Membro,IREDE CARDOSO,1991-08-01T00:00:00,1992-02-12T00:00:00
CCJ,Membro,MARIO NODA,1991-08-01T00:00:00,1992-02-12T00:00:00
CCJ,Membro,OSVALDO SANCHES,1991-08-01T00:00:00,1992-02-12T00:00:00
CCJ,Membro,VALFREDO FERREIRA SILVA,1991-08-01T00:00:00,1992-02-12T00:00:00
CCJ,Membro,WALTER FELDMAN,1991-08-01T00:00:00,1992-02-12T00:00:00
CCJ,Presidente,HENRIQUE PACHECO,1991-08-01T00:00:00,1992-02-12T00:00:00
CCJ,Vice-presidente,WALTER ABRAHAO,1991-08-01T00:00:00,1992-02-12T00:00:00
CCJ,Membro,FRANCISCO BATISTA,1991-09-11T00:00:00,1991-10-11T00:00:00
CCJ,Membro,ANTONIO CARLOS CARUSO,1992-02-13T00:00:00,1992-12-31T00:00:00
CCJ,Membro,GILBERTO NASCIMENTO,1992-02-13T00:00:00,1992-12-31T00:00:00
CCJ,Membro,MARCOS MENDONCA,1992-02-13T00:00:00,1992-12-31T00:00:00
CCJ,Membro,USHITARO KAMIA,1992-02-13T00:00:00,1992-12-31T00:00:00
CCJ,Membro,VALFREDO FERREIRA SILVA,1992-02-13T00:00:00,1992-12-31T00:00:00
CCJ,Membro,VITAL NOLASCO,1992-02-13T00:00:00,1992-12-31T00:00:00
CCJ,Membro,WALTER ABRAHAO,1992-02-13T00:00:00,1992-12-31T00:00:00
CCJ,Presidente,HENRIQUE PACHECO,1992-02-13T00:00:00,1992-12-31T00:00:00
CCJ,Vice-presidente,JOSE INDIO FERREIRA DO NASCIMENTO,1992-02-13T00:00:00,1992-12-31T00:00:00
CCJ,Membro,AURÉLIO NOMURA,1993-03-10T00:00:00,1996-12-31T00:00:00
CCJ,Membro,JOSE MENTOR,1993-03-10T00:00:00,1996-12-31T00:00:00
CCJ,Membro,JOSE VIVIANI FERRAZ,1993-03-10T00:00:00,1996-12-31T00:00:00
CCJ,Membro,MARCOS MENDONCA,1993-03-10T00:00:00,1995-01-01T00:00:00
CCJ,Membro,MURILLO ANTUNES ALVES,1993-03-10T00:00:00,1995-01-01T00:00:00
CCJ,Membro,OSVALDO SANCHES,1993-03-10T00:00:00,1996-12-31T00:00:00
CCJ,Membro,WALTER ABRAHAO,1993-03-10T00:00:00,1993-03-23T00:00:00
CCJ,Presidente,DARCIO ARRUDA,1993-03-10T00:00:00,1995-08-07T00:00:00
CCJ,Vice-presidente,ARSELINO TATTO,1993-03-10T00:00:00,1994-05-23T00:00:00
CCJ,Membro,VICENTE VISCOME,1993-03-24T00:00:00,1993-04-01T00:00:00
CCJ,Membro,WALTER ABRAHAO,1993-04-02T00:00:00,1993-04-02T00:00:00
CCJ,Membro,MARIO NODA,1993-04-06T00:00:00,1993-05-11T00:00:00
CCJ,Membro,MOHAMAD SAID MOURAD,1993-05-12T00:00:00,1993-06-10T00:00:00
CCJ,Membro,MARIO NODA,1993-06-11T00:00:00,1996-12-31T00:00:00
CCJ,Membro,SERGIO RICARDO SILVA ROSA,1994-05-24T00:00:00,1994-06-23T00:00:00
CCJ,Vice-presidente,ARSELINO TATTO,1994-06-24T00:00:00,1994-10-10T00:00:00
CCJ,Membro,SERGIO RICARDO SILVA ROSA,1994-10-11T00:00:00,1994-11-16T00:00:00
CCJ,Vice-presidente,ARSELINO TATTO,1994-11-17T00:00:00,1995-04-13T00:00:00
CCJ,Membro,NELSON GUIMARAES PROENCA,1995-01-01T00:00:00,1995-02-01T00:00:00
CCJ,Membro,GILSON BARRETO,1995-02-01T00:00:00,1995-03-15T00:00:00
CCJ,Membro,MARCOS MENDONCA,1995-02-01T00:00:00,1995-02-01T00:00:00
CCJ,Membro,NELO RODOLFO,1995-02-07T00:00:00,1996-12-31T00:00:00
CCJ,Membro,GILSON BARRETO,1995-03-15T00:00:00,1996-12-31T00:00:00
CCJ,Membro,MARCOS MENDONCA,1995-03-15T00:00:00,1995-03-15T00:00:00
CCJ,Membro,CARLOS ZARATTINI,1995-04-14T00:00:00,1995-05-14T00:00:00
CCJ,Vice-presidente,ARSELINO TATTO,1995-05-15T00:00:00,1996-10-09T00:00:00
CCJ,Membro,FAUSTO TOMAZ DE LIMA,1995-08-07T00:00:00,1995-08-07T00:00:00
CCJ,Presidente,DARCIO ARRUDA,1995-08-07T00:00:00,1996-12-31T00:00:00
CCJ,Membro,JOSE AMERICO,1996-10-10T00:00:00,1996-11-06T00:00:00
CCJ,Membro,CARLOS ZARATTINI,1996-11-07T00:00:00,1996-11-09T00:00:00
CCJ,Vice-presidente,ARSELINO TATTO,1996-11-10T00:00:00,1996-12-31T00:00:00
CCJ,Membro,EDIVALDO ESTIMA,1997-02-26T00:00:00,1997-02-26T00:00:00
CCJ,Membro,EDSON SIMOES,1997-02-27T00:00:00,1997-03-17T00:00:00
CCJ,Membro,ARSELINO TATTO,1997-03-11T00:00:00,2000-12-31T00:00:00
CCJ,Membro,AURÉLIO NOMURA,1997-03-11T00:00:00,1998-03-05T00:00:00
CCJ,Membro,BRUNO FEDER,1997-03-11T00:00:00,1998-03-24T00:00:00
CCJ,Membro,JOSE MENTOR,1997-03-11T00:00:00,1999-03-10T00:00:00
CCJ,Membro,MAELI VERGNIANO,1997-03-11T00:00:00,1998-03-05T00:00:00
CCJ,Membro,SALIM CURIATI,1997-03-11T00:00:00,1997-06-12T00:00:00
CCJ,Presidente,WADIH MUTRAN,1997-03-11T00:00:00,1999-03-10T00:00:00
CCJ,Vice-presidente,MARIA HELENA PEREIRA FONTES,1997-03-11T00:00:00,1998-03-05T00:00:00
CCJ,Membro,ALAN LOPES,1997-03-18T00:00:00,1997-03-29T00:00:00
CCJ,Membro,EDIVALDO ESTIMA,1997-03-30T00:00:00,1998-03-05T00:00:00
CCJ,Membro,EDSON SIMOES,1997-06-12T00:00:00,1997-07-11T00:00:00
CCJ,Membro,SALIM CURIATI,1997-07-12T00:00:00,1999-03-10T00:00:00
CCJ,Membro,JOSE VIVIANI FERRAZ,1998-03-06T00:00:00,1999-03-10T00:00:00
CCJ,Membro,MILTON LEITE,1998-03-06T00:00:00,1999-03-10T00:00:00
CCJ,Membro,ROBERTO TRÍPOLI,1998-03-06T00:00:00,1998-08-05T00:00:00
CCJ,Vice-presidente,IVO MORGANTI,1998-03-06T00:00:00,1999-03-10T00:00:00
CCJ,Membro,ALAN LOPES,1998-03-25T00:00:00,1998-04-26T00:00:00
CCJ,Membro,BRUNO FEDER,1998-04-27T00:00:00,1998-06-02T00:00:00
CCJ,Membro,ALAN LOPES,1998-06-02T00:00:00,1998-06-03T00:00:00
CCJ,Membro,MYRYAM ATHIE,1998-06-03T00:00:00,1998-06-20T00:00:00
CCJ,Membro,ALAN LOPES,1998-06-21T00:00:00,1998-06-21T00:00:00
CCJ,Membro,MISSIONÁRIO JOSÉ OLÍMPIO,1998-06-22T00:00:00,1998-07-02T00:00:00
CCJ,Membro,BRUNO FEDER,1998-07-03T00:00:00,1999-03-10T00:00:00
CCJ,Membro,ASSIR PEREIRA,1998-08-12T00:00:00,1998-09-10T00:00:00
CCJ,Membro,ROBERTO TRÍPOLI,1998-09-11T00:00:00,1999-03-10T00:00:00
CCJ,Membro,ALBERTO HIAR,1999-03-11T00:00:00,1999-03-15T00:00:00
CCJ,Membro,BRASIL VITA,1999-03-11T00:00:00,2000-02-25T00:00:00
CCJ,Membro,ITALO CARDOSO,1999-03-11T00:00:00,2000-02-25T00:00:00
CCJ,Membro,IVO MORGANTI,1999-03-11T00:00:00,2000-02-25T00:00:00
CCJ,Membro,LUIZ PASCHOAL,1999-03-11T00:00:00,2000-02-25T00:00:00
CCJ,Membro,WADIH MUTRAN,1999-03-11T00:00:00,1999-06-21T00:00:00
CCJ,Presidente,ROBERTO TRÍPOLI,1999-03-11T00:00:00,2000-02-25T00:00:00
CCJ,Vice-presidente,SALIM CURIATI,1999-03-11T00:00:00,1999-06-21T00:00:00
CCJ,Membro,EDER JOFRE,1999-03-16T00:00:00,2000-02-25T00:00:00
CCJ,Membro,ARCHIBALDO ZANCRA,1999-06-22T00:00:00,2000-12-31T00:00:00
CCJ,Vice-presidente,WADIH MUTRAN,1999-06-22T00:00:00,2000-02-26T00:00:00
CCJ,Membro,ALAN LOPES,2000-02-26T00:00:00,2000-12-31T00:00:00
CCJ,Membro,CALVO,2000-02-26T00:00:00,2000-12-31T00:00:00
CCJ,Membro,DOMINGOS DISSEI,2000-02-26T00:00:00,2000-12-31T00:00:00
CCJ,Membro,MISSIONÁRIO JOSÉ OLÍMPIO,2000-02-26T00:00:00,2000-12-31T00:00:00
CCJ,Membro,ROBERTO TRÍPOLI,2000-02-26T00:00:00,2000-12-31T00:00:00
CCJ,Membro,WADIH MUTRAN,2000-02-26T00:00:00,2000-12-31T00:00:00
CCJ,Vice-presidente,BRASIL VITA,2000-02-26T00:00:00,2000-12-31T00:00:00
CCJ,Membro,ALCIDES AMAZONAS,2001-02-22T00:00:00,2002-02-28T00:00:00
CCJ,Membro,CELSO JATENE,2001-02-22T00:00:00,2002-02-28T00:00:00
CCJ,Membro,HUMBERTO MARTINS,2001-02-22T00:00:00,2001-05-01T00:00:00
CCJ,Membro,JOOJI HATO,2001-02-22T00:00:00,2002-02-28T00:00:00
CCJ,Membro,JOSE LAURINDO,2001-02-22T00:00:00,2001-10-23T00:00:00
CCJ,Membro,SALIM CURIATI,2001-02-22T00:00:00,2002-02-28T00:00:00
CCJ,Membro,VANDERLEI JANGROSSI,2001-02-22T00:00:00,2002-02-28T00:00:00
CCJ,Presidente,ARSELINO TATTO,2001-02-22T00:00:00,2002-02-28T00:00:00
CCJ,Vice-presidente,GILSON BARRETO,2001-02-22T00:00:00,2002-02-28T00:00:00
CCJ,Membro,JORGE TABA,2001-05-02T00:00:00,2001-06-04T00:00:00
CCJ,Membro,HUMBERTO MARTINS,2001-06-05T00:00:00,2002-02-28T00:00:00
CCJ,Membro,VICENTE CANDIDO DA SILVA,2001-10-24T00:00:00,2001-10-30T00:00:00
CCJ,Membro,JOSE LAURINDO,2001-10-31T00:00:00,2003-03-19T00:00:00
CCJ,Membro,ANTONIO PAES - BARATÃO,2002-03-01T00:00:00,2004-03-25T00:00:00
CCJ,Membro,ARSELINO TATTO,2002-03-01T00:00:00,2002-12-31T00:00:00
CCJ,Membro,CELSO JATENE,2002-03-01T00:00:00,2004-03-25T00:00:00
CCJ,Membro,JOOJI HATO,2002-03-01T00:00:00,2002-12-31T00:00:00
CCJ,Membro,JOSE LAURINDO,2002-03-01T00:00:00,2003-02-12T00:00:00
CCJ,Membro,WADIH MUTRAN,2002-03-01T00:00:00,2004-03-25T00:00:00
CCJ,Membro,WILLIAM WOO,2002-03-01T00:00:00,2003-02-12T00:00:00
CCJ,Presidente,ANTONIO CARLOS RODRIGUES,2002-03-01T00:00:00,2003-02-12T00:00:00
CCJ,Vice-presidente,ALCIDES AMAZONAS,2002-03-01T00:00:00,2004-03-25T00:00:00
CCJ,Membro,GOULART,2003-02-12T00:00:00,2003-12-31T00:00:00
CCJ,Membro,CARLOS APOLINARIO,2003-02-13T00:00:00,2003-03-20T00:00:00
CCJ,Membro,CARLOS BEZERRA JR.,2003-02-13T00:00:00,2003-09-10T00:00:00
CCJ,Membro,JOÃO ANTONIO,2003-02-13T00:00:00,2003-09-22T00:00:00
CCJ,Presidente,AUGUSTO CAMPOS,2003-02-13T00:00:00,2004-03-25T00:00:00
CCJ,Membro,JORGE TABA,2003-03-21T00:00:00,2003-04-16T00:00:00
CCJ,Membro,HUMBERTO MARTINS,2003-04-17T00:00:00,2003-05-19T00:00:00
CCJ,Membro,JORGE TABA,2003-05-20T00:00:00,2003-08-12T00:00:00
CCJ,Membro,HUMBERTO MARTINS,2003-07-01T00:00:00,2003-10-01T00:00:00
CCJ,Membro,WILLIAM WOO,2003-09-11T00:00:00,2003-09-11T00:00:00
CCJ,Membro,CARLOS BEZERRA JR.,2003-09-12T00:00:00,2004-03-25T00:00:00
CCJ,Membro,JOSE LAURINDO,2003-09-23T00:00:00,2004-03-25T00:00:00
CCJ,Membro,ELISEU GABRIEL,2003-10-01T00:00:00,2004-03-25T00:00:00
CCJ,Membro,JOOJI HATO,2004-01-12T00:00:00,2004-03-25T00:00:00
CCJ,Membro,ANTONIO PAES - BARATÃO,2004-03-26T00:00:00,2004-12-31T00:00:00
CCJ,Membro,CARLOS BEZERRA JR.,2004-03-26T00:00:00,2004-12-31T00:00:00
CCJ,Membro,CARLOS GIANNAZI,2004-03-26T00:00:00,2004-03-30T00:00:00
CCJ,Membro,CELSO JATENE,2004-03-26T00:00:00,2004-12-31T00:00:00
CCJ,Membro,JOOJI HATO,2004-03-26T00:00:00,2004-12-31T00:00:00
CCJ,Membro,MYRYAM ATHIE,2004-03-26T00:00:00,2004-12-31T00:00:00
CCJ,Membro,SALIM CURIATI,2004-03-26T00:00:00,2004-08-10T00:00:00
CCJ,Presidente,AUGUSTO CAMPOS,2004-03-26T00:00:00,2004-12-31T00:00:00
CCJ,Vice-presidente,ALCIDES AMAZONAS,2004-03-26T00:00:00,2004-12-31T00:00:00
CCJ,Membro,JOSE LAURINDO,2004-03-30T00:00:00,2004-12-31T00:00:00
CCJ,Membro,JOSE VIVIANI FERRAZ,2004-05-13T00:00:00,2004-05-13T00:00:00
CCJ,Membro,BRASIL VITA,2004-08-11T00:00:00,2004-08-17T00:00:00
CCJ,Membro,WADIH MUTRAN,2004-08-18T00:00:00,2004-10-26T00:00:00
CCJ,Membro,SALIM CURIATI,2004-10-26T00:00:00,2004-12-31T00:00:00
CCJ,Membro,ATTILA RUSSOMANNO,2005-02-16T00:00:00,2006-02-15T00:00:00
CCJ,Membro,CARLOS BEZERRA JR.,2005-02-16T00:00:00,2006-08-15T00:00:00
CCJ,Membro,JOOJI HATO,2005-02-16T00:00:00,2006-08-02T00:00:00
CCJ,Membro,JOSE AMERICO,2005-02-16T00:00:00,2006-02-15T00:00:00
CCJ,Membro,USHITARO KAMIA,2005-02-16T00:00:00,2006-02-02T00:00:00
CCJ,Presidente,CELSO JATENE,2005-02-16T00:00:00,2005-12-31T00:00:00
CCJ,Vice-presidente,GILSON BARRETO,2005-02-16T00:00:00,2006-02-15T00:00:00
CCJ,Membro,AURÉLIO MIGUEL,2005-02-17T00:00:00,2006-02-15T00:00:00
CCJ,Membro,SONINHA FRANCINE,2005-02-24T00:00:00,2006-05-31T00:00:00
CCJ,Membro,VITÓRIA NOGUEIRA,2006-02-03T00:00:00,2006-03-08T00:00:00
CCJ,Membro,ADEMIR DA GUIA,2006-02-16T00:00:00,2006-08-17T00:00:00
CCJ,Membro,JORGE BORGES,2006-02-16T00:00:00,2008-02-19T00:00:00
CCJ,Membro,TIÃO FARIAS,2006-02-16T00:00:00,2006-03-30T00:00:00
CCJ,Presidente,JOÃO ANTONIO,2006-02-16T00:00:00,2008-12-31T00:00:00
CCJ,Vice-presidente,FARHAT,2006-02-22T00:00:00,2008-02-19T00:00:00
CCJ,Membro,USHITARO KAMIA,2006-03-09T00:00:00,2008-12-31T00:00:00
CCJ,Membro,TIÃO FARIAS,2006-04-19T00:00:00,2006-10-03T00:00:00
CCJ,Membro,ANTONIO DONATO,2006-05-17T00:00:00,2006-05-18T00:00:00
CCJ,Membro,ANTONIO DONATO,2006-05-24T00:00:00,2006-05-25T00:00:00
CCJ,Membro,CALVO,2006-06-01T00:00:00,2006-08-01T00:00:00
CCJ,Membro,SONINHA FRANCINE,2006-08-02T00:00:00,2007-02-15T00:00:00
CCJ,Membro,MÁRCIO YOUSSEF,2006-08-03T00:00:00,2006-08-15T00:00:00
CCJ,Membro,JUSCELINO GADELHA,2006-08-16T00:00:00,2006-08-17T00:00:00
CCJ,Membro,MARCOS ZERBINI,2006-08-16T00:00:00,2006-08-16T00:00:00
CCJ,Membro,MILTON LEITE,2006-08-16T00:00:00,2006-08-17T00:00:00
CCJ,Membro,AURÉLIO MIGUEL,2006-08-17T00:00:00,2006-08-17T00:00:00
CCJ,Membro,GILSON BARRETO,2006-08-17T00:00:00,2006-08-17T00:00:00
CCJ,Membro,ADEMIR DA GUIA,2006-08-18T00:00:00,2007-02-15T00:00:00
CCJ,Membro,CARLOS BEZERRA JR.,2006-08-18T00:00:00,2008-12-31T00:00:00
CCJ,Membro,MÁRCIO YOUSSEF,2006-08-18T00:00:00,2006-09-11T00:00:00
CCJ,Membro,TIÃO FARIAS,2006-08-18T00:00:00,2006-11-28T00:00:00
CCJ,Membro,JOOJI HATO,2006-09-12T00:00:00,2008-02-19T00:00:00
CCJ,Membro,DALTON SILVANO,2006-10-04T00:00:00,2006-10-05T00:00:00
CCJ,Membro,GILSON BARRETO,2006-11-29T00:00:00,2006-11-30T00:00:00
CCJ,Membro,TIÃO FARIAS,2006-12-01T00:00:00,2006-12-19T00:00:00
CCJ,Membro,JUSCELINO GADELHA,2006-12-20T00:00:00,2006-12-21T00:00:00
CCJ,Membro,TIÃO FARIAS,2006-12-21T00:00:00,2007-02-05T00:00:00
CCJ,Membro,TIÃO FARIAS,2007-02-03T00:00:00,2008-12-31T00:00:00
CCJ,Membro,GILBERTO NATALINI,2007-02-12T00:00:00,2007-02-13T00:00:00
CCJ,Membro,AGNALDO TIMÓTEO,2007-02-16T00:00:00,2008-12-31T00:00:00
CCJ,Membro,CLAUDETE ALVES,2007-02-16T00:00:00,2008-12-31T00:00:00
CCJ,Membro,JUSCELINO GADELHA,2007-04-04T00:00:00,2007-04-05T00:00:00
CCJ,Membro,POLICE,2007-06-06T00:00:00,2007-06-07T00:00:00
CCJ,Membro,GILBERTO NATALINI,2007-10-17T00:00:00,2007-10-18T00:00:00
CCJ,Membro,RICARDO TEIXEIRA,2007-12-19T00:00:00,2007-12-20T00:00:00
CCJ,Membro,ATTILA RUSSOMANNO,2008-02-20T00:00:00,2008-12-31T00:00:00
CCJ,Membro,AURÉLIO NOMURA,2008-02-20T00:00:00,2008-02-22T00:00:00
CCJ,Membro,CELSO JATENE,2008-02-20T00:00:00,2008-12-31T00:00:00
CCJ,Membro,FARHAT,2008-02-21T00:00:00,2008-02-22T00:00:00
CCJ,Membro,ADEMIR DA GUIA,2008-03-05T00:00:00,2008-12-31T00:00:00
CCJ,Membro,PAULO FIORILO,2008-04-02T00:00:00,2008-04-03T00:00:00
CCJ,Membro,DALTON SILVANO,2008-04-23T00:00:00,2008-04-24T00:00:00
CCJ,Membro,POLICE,2008-04-23T00:00:00,2008-04-24T00:00:00
CCJ,Membro,RICARDO TEIXEIRA,2008-04-30T00:00:00,2008-05-01T00:00:00
CCJ,Membro,POLICE,2008-05-07T00:00:00,2008-05-08T00:00:00
CCJ,Membro,CLÁUDIO PRADO,2008-05-28T00:00:00,2008-05-28T00:00:00
CCJ,Membro,ANTONIO DONATO,2008-11-26T00:00:00,2008-11-27T00:00:00
CCJ,Membro,AURÉLIO MIGUEL,2008-11-26T00:00:00,2008-11-27T00:00:00
CCJ,Membro,DALTON SILVANO,2008-11-26T00:00:00,2008-11-27T00:00:00
CCJ,Membro,MARA GABRILLI,2008-11-26T00:00:00,2008-11-27T00:00:00
CCJ,Membro,ABOU ANNI,2009-02-12T00:00:00,2012-04-16T00:00:00
CCJ,Membro,AGNALDO TIMÓTEO,2009-02-12T00:00:00,2011-03-15T00:00:00
CCJ,Membro,GABRIEL CHALITA,2009-02-12T00:00:00,2009-11-17T00:00:00
CCJ,Membro,GILBERTO NATALINI,2009-02-12T00:00:00,2009-12-08T00:00:00
CCJ,Membro,JOÃO ANTONIO,2009-02-12T00:00:00,2011-03-15T00:00:00
CCJ,Membro,MISSIONÁRIO JOSÉ OLÍMPIO,2009-02-12T00:00:00,2009-12-31T00:00:00
CCJ,Membro,USHITARO KAMIA,2009-02-12T00:00:00,2011-03-15T00:00:00
CCJ,Presidente,ITALO CARDOSO,2009-02-12T00:00:00,2011-03-15T00:00:00
CCJ,Vice-presidente,CELSO JATENE,2009-02-12T00:00:00,2009-12-31T00:00:00
CCJ,Membro,AURÉLIO MIGUEL,2009-06-17T00:00:00,2009-06-18T00:00:00
CCJ,Membro,FLORIANO PESARO,2009-11-04T00:00:00,2009-11-05T00:00:00
CCJ,Membro,CARLOS BEZERRA JR.,2009-11-18T00:00:00,2011-03-15T00:00:00
CCJ,Membro,ANIBAL DE FREITAS FILHO,2009-12-09T00:00:00,2010-01-07T00:00:00
CCJ,Membro,EDIR SALES,2010-02-03T00:00:00,2010-03-07T00:00:00
CCJ,Membro,FLORIANO PESARO,2010-02-10T00:00:00,2012-04-16T00:00:00
CCJ,Membro,GABRIEL CHALITA,2010-02-10T00:00:00,2011-01-31T00:00:00
CCJ,Membro,NETINHO DE PAULA,2010-02-10T00:00:00,2011-03-15T00:00:00
CCJ,Membro,POLICE,2010-03-24T00:00:00,2010-03-25T00:00:00
CCJ,Membro,JAMIL MURAD,2010-04-07T00:00:00,2010-04-08T00:00:00
CCJ,Membro,POLICE,2010-04-07T00:00:00,2010-04-14T00:00:00
CCJ,Membro,POLICE,2010-04-22T00:00:00,2010-04-23T00:00:00
CCJ,Membro,JAMIL MURAD,2010-05-12T00:00:00,2010-05-13T00:00:00
CCJ,Membro,JUSCELINO GADELHA,2010-06-02T00:00:00,2010-06-03T00:00:00
CCJ,Membro,JAMIL MURAD,2010-06-23T00:00:00,2010-06-23T00:00:00
CCJ,Membro,JAMIL MURAD,2010-08-04T00:00:00,2010-08-04T00:00:00
CCJ,Membro,POLICE,2010-08-04T00:00:00,2010-08-04T00:00:00
CCJ,Membro,JAMIL MURAD,2010-08-11T00:00:00,2010-08-18T00:00:00
CCJ,Membro,AURÉLIO MIGUEL,2010-09-15T00:00:00,2010-09-15T00:00:00
CCJ,Membro,POLICE,2010-09-15T00:00:00,2010-09-15T00:00:00
CCJ,Membro,AURÉLIO MIGUEL,2010-09-22T00:00:00,2010-09-22T00:00:00
CCJ,Membro,JAMIL MURAD,2010-09-22T00:00:00,2010-09-22T00:00:00
CCJ,Membro,POLICE,2010-09-22T00:00:00,2010-09-22T00:00:00
CCJ,Membro,POLICE,2010-09-29T00:00:00,2010-09-29T00:00:00
CCJ,Membro,POLICE,2010-10-06T00:00:00,2010-10-06T00:00:00
CCJ,Membro,POLICE,2010-10-13T00:00:00,2010-10-13T00:00:00
CCJ,Membro,AURÉLIO MIGUEL,2010-10-20T00:00:00,2010-10-20T00:00:00
CCJ,Membro,JAMIL MURAD,2010-10-27T00:00:00,2010-10-27T00:00:00
CCJ,Membro,POLICE,2010-10-27T00:00:00,2010-10-27T00:00:00
CCJ,Membro,POLICE,2010-11-03T00:00:00,2010-11-03T00:00:00
CCJ,Membro,QUITO FORMIGA,2010-11-17T00:00:00,2010-11-17T00:00:00
CCJ,Membro,CELSO JATENE,2010-11-24T00:00:00,2011-03-15T00:00:00
CCJ,Membro,JUSCELINO GADELHA,2010-11-24T00:00:00,2010-11-24T00:00:00
CCJ,Membro,QUITO FORMIGA,2010-11-24T00:00:00,2010-11-24T00:00:00
CCJ,Membro,AURÉLIO MIGUEL,2010-12-08T00:00:00,2011-03-15T00:00:00
CCJ,Membro,ANIBAL DE FREITAS FILHO,2011-02-01T00:00:00,2011-03-15T00:00:00
CCJ,Membro,JAMIL MURAD,2011-02-09T00:00:00,2011-02-09T00:00:00
CCJ,Membro,ADILSON AMADEU,2011-03-16T00:00:00,2012-02-08T00:00:00
CCJ,Membro,ADOLFO QUINTAS,2011-03-16T00:00:00,2011-03-15T00:00:00
CCJ,Membro,AURÉLIO MIGUEL,2011-03-16T00:00:00,2012-04-16T00:00:00
CCJ,Membro,JOSE AMERICO,2011-03-16T00:00:00,2012-04-16T00:00:00
CCJ,Membro,MILTON LEITE,2011-03-16T00:00:00,2011-09-29T00:00:00
CCJ,Membro,SALOMÃO PEREIRA,2011-03-16T00:00:00,2011-04-17T00:00:00
CCJ,Presidente,ARSELINO TATTO,2011-03-16T00:00:00,2012-04-16T00:00:00
CCJ,Vice-presidente,DALTON SILVANO,2011-03-16T00:00:00,2012-04-16T00:00:00
CCJ,Membro,MARCO AURELIO CUNHA,2011-04-13T00:00:00,2011-04-14T00:00:00
CCJ,Membro,ADOLFO QUINTAS,2011-04-18T00:00:00,2012-04-16T00:00:00
CCJ,Membro,ANIBAL DE FREITAS FILHO,2011-04-19T00:00:00,2011-04-19T00:00:00
CCJ,Membro,ANIBAL DE FREITAS FILHO,2011-04-27T00:00:00,2011-04-27T00:00:00
CCJ,Membro,ANIBAL DE FREITAS FILHO,2011-05-11T00:00:00,2011-05-11T00:00:00
CCJ,Membro,ITALO CARDOSO,2011-05-30T00:00:00,2011-05-30T00:00:00
CCJ,Membro,CHICO MACENA,2011-06-08T00:00:00,2011-06-08T00:00:00
CCJ,Membro,CHICO MACENA,2011-06-09T00:00:00,2011-06-09T00:00:00
CCJ,Membro,SALOMÃO PEREIRA,2011-06-21T00:00:00,2011-07-31T00:00:00
CCJ,Membro,CLAUDINHO DE SOUZA,2011-06-28T00:00:00,2011-06-28T00:00:00
CCJ,Membro,ROBERTO TRÍPOLI,2011-06-29T00:00:00,2011-06-29T00:00:00
CCJ,Membro,ROBERTO TRÍPOLI,2011-06-30T00:00:00,2011-06-30T00:00:00
CCJ,Membro,ANIBAL DE FREITAS FILHO,2011-08-03T00:00:00,2011-08-03T00:00:00
CCJ,Membro,ELISEU GABRIEL,2011-08-03T00:00:00,2011-08-03T00:00:00
CCJ,Membro,JULIANA CARDOSO,2011-08-03T00:00:00,2011-08-03T00:00:00
CCJ,Membro,QUITO FORMIGA,2011-08-24T00:00:00,2011-08-24T00:00:00
CCJ,Membro,ROBERTO TRÍPOLI,2011-09-21T00:00:00,2011-09-21T00:00:00
CCJ,Membro,MARCO AURELIO CUNHA,2011-09-29T00:00:00,2012-04-16T00:00:00
CCJ,Membro,QUITO FORMIGA,2011-10-26T00:00:00,2011-10-26T00:00:00
CCJ,Membro,AGNALDO TIMÓTEO,2011-11-09T00:00:00,2011-11-09T00:00:00
CCJ,Membro,QUITO FORMIGA,2011-11-09T00:00:00,2011-11-09T00:00:00
CCJ,Membro,ROBERTO TRÍPOLI,2011-11-09T00:00:00,2011-11-09T00:00:00
CCJ,Membro,QUITO FORMIGA,2011-11-16T00:00:00,2011-11-16T00:00:00
CCJ,Membro,ROBERTO TRÍPOLI,2011-11-16T00:00:00,2011-11-16T00:00:00
CCJ,Membro,MILTON LEITE,2011-12-14T00:00:00,2011-12-14T00:00:00
CCJ,Membro,CELSO JATENE,2012-02-09T00:00:00,2012-04-16T00:00:00
CCJ,Membro,AURÉLIO NOMURA,2012-02-15T00:00:00,2012-02-15T00:00:00
CCJ,Membro,SENIVAL MOURA,2012-02-18T00:00:00,2012-02-18T00:00:00
CCJ,Membro,QUITO FORMIGA,2012-03-07T00:00:00,2012-03-07T00:00:00
CCJ,Membro,JOSÉ ROLIM,2012-03-14T00:00:00,2012-03-14T00:00:00
CCJ,Membro,QUITO FORMIGA,2012-04-11T00:00:00,2012-04-11T00:00:00
CCJ,Membro,ABOU ANNI,2012-04-16T00:00:00,2012-12-31T00:00:00
CCJ,Membro,ADOLFO QUINTAS,2012-04-16T00:00:00,2012-12-31T00:00:00
CCJ,Membro,CELSO JATENE,2012-04-16T00:00:00,2012-12-31T00:00:00
CCJ,Membro,DRA. SANDRA TADEU,2012-04-16T00:00:00,2012-12-31T00:00:00
CCJ,Membro,EDIR SALES,2012-04-16T00:00:00,2012-12-31T00:00:00
CCJ,Membro,JOSE AMERICO,2012-04-16T00:00:00,2012-12-31T00:00:00
CCJ,Membro,MARCO AURELIO CUNHA,2012-04-16T00:00:00,2012-12-31T00:00:00
CCJ,Membro,QUITO FORMIGA,2012-04-16T00:00:00,2012-12-31T00:00:00
CCJ,Presidente,ARSELINO TATTO,2012-04-16T00:00:00,2012-12-31T00:00:00
CCJ,Membro,FLORIANO PESARO,2012-04-25T00:00:00,2012-04-25T00:00:00
CCJ,Membro,FLORIANO PESARO,2012-05-02T00:00:00,2012-05-02T00:00:00
CCJ,Membro,AURÉLIO MIGUEL,2012-05-09T00:00:00,2012-05-09T00:00:00
CCJ,Membro,AURÉLIO MIGUEL,2012-05-21T00:00:00,2012-05-21T00:00:00
CCJ,Membro,FLORIANO PESARO,2012-05-30T00:00:00,2012-05-30T00:00:00
CCJ,Membro,GOULART,2012-06-19T00:00:00,2012-06-19T00:00:00
CCJ,Membro,EDIR SALES,2012-06-28T00:00:00,2012-06-28T00:00:00
CCJ,Membro,AURÉLIO NOMURA,2012-08-15T00:00:00,2012-08-15T00:00:00
CCJ,Membro,FLORIANO PESARO,2012-08-15T00:00:00,2012-08-15T00:00:00
CCJ,Membro,RICARDO TEIXEIRA,2012-08-15T00:00:00,2012-08-15T00:00:00
CCJ,Membro,AURÉLIO MIGUEL,2012-08-22T00:00:00,2012-08-22T00:00:00
CCJ,Membro,DALTON SILVANO,2012-08-22T00:00:00,2012-08-22T00:00:00
CCJ,Membro,FLORIANO PESARO,2012-08-22T00:00:00,2012-08-22T00:00:00
CCJ,Membro,USHITARO KAMIA,2012-08-22T00:00:00,2012-08-22T00:00:00
CCJ,Membro,RICARDO TEIXEIRA,2012-08-29T00:00:00,2012-08-29T00:00:00
CCJ,Membro,FLORIANO PESARO,2012-11-28T00:00:00,2012-11-28T00:00:00
CCJ,Membro,FLORIANO PESARO,2012-12-05T00:00:00,2012-12-05T00:00:00
CCJ,Membro,JULIANA CARDOSO,2012-12-05T00:00:00,2012-12-05T00:00:00
CCJ,Membro,SENIVAL MOURA,2012-12-18T00:00:00,2012-12-18T00:00:00
CCJ,Membro,ABOU ANNI,2013-02-26T00:00:00,2013-10-29T00:00:00
CCJ,Membro,ALESSANDRO GUEDES,2013-02-26T00:00:00,2013-11-13T00:00:00
CCJ,Membro,ARSELINO TATTO,2013-02-26T00:00:00,2016-12-31T00:00:00
CCJ,Membro,CONTE LOPES,2013-02-26T00:00:00,2016-12-31T00:00:00
CCJ,Membro,DRA. SANDRA TADEU,2013-02-26T00:00:00,2016-12-31T00:00:00
CCJ,Membro,GEORGE HATO,2013-02-26T00:00:00,2016-02-29T00:00:00
CCJ,Membro,LAÉRCIO BENKO,2013-02-26T00:00:00,2013-03-06T00:00:00
CCJ,Presidente,GOULART,2013-02-26T00:00:00,2015-01-01T00:00:00
CCJ,Vice-presidente,EDUARDO TUMA,2013-02-26T00:00:00,2016-12-31T00:00:00
CCJ,Membro,LAÉRCIO BENKO,2013-03-06T00:00:00,2014-04-01T00:00:00
CCJ,Membro,DALTON SILVANO,2013-03-12T00:00:00,2013-03-13T00:00:00
CCJ,Membro,FLORIANO PESARO,2013-06-05T00:00:00,2013-06-06T00:00:00
CCJ,Membro,DALTON SILVANO,2013-06-10T00:00:00,2013-06-10T00:00:00
CCJ,Membro,MILTON LEITE,2013-06-10T00:00:00,2013-06-10T00:00:00
CCJ,Membro,DALTON SILVANO,2013-08-28T00:00:00,2013-08-28T00:00:00
CCJ,Membro,JAIR TATTO,2013-09-18T00:00:00,2013-09-18T00:00:00
CCJ,Membro,DALTON SILVANO,2013-09-25T00:00:00,2013-09-28T00:00:00
CCJ,Membro,CALVO,2013-09-26T00:00:00,2013-09-26T00:00:00
CCJ,Membro,DALTON SILVANO,2013-09-30T00:00:00,2013-09-30T00:00:00
CCJ,Membro,VAVÁ,2013-10-02T00:00:00,2013-10-02T00:00:00
CCJ,Membro,DALTON SILVANO,2013-10-16T00:00:00,2013-10-16T00:00:00
CCJ,Membro,POLICE,2013-10-16T00:00:00,2013-10-16T00:00:00
CCJ,Membro,RICARDO TEIXEIRA,2013-10-29T00:00:00,2013-11-05T00:00:00
CCJ,Membro,ABOU ANNI,2013-11-06T00:00:00,2014-04-01T00:00:00
CCJ,Membro,ANTONIO DONATO,2013-11-13T00:00:00,2014-04-01T00:00:00
CCJ,Membro,JULIANA CARDOSO,2014-03-19T00:00:00,2014-03-19T00:00:00
CCJ,Membro,JULIANA CARDOSO,2014-03-31T00:00:00,2014-03-31T00:00:00
CCJ,Membro,FLORIANO PESARO,2014-04-02T00:00:00,2015-01-01T00:00:00
CCJ,Membro,JULIANA CARDOSO,2014-04-02T00:00:00,2014-06-04T00:00:00
CCJ,Membro,ROBERTO TRÍPOLI,2014-04-02T00:00:00,2014-05-07T00:00:00
CCJ,Membro,ANDREA MATARAZZO,2014-04-15T00:00:00,2014-04-15T00:00:00
CCJ,Membro,CALVO,2014-04-22T00:00:00,2014-04-30T00:00:00
CCJ,Membro,MARCOS BELIZÁRIO,2014-05-13T00:00:00,2014-06-10T00:00:00
CCJ,Membro,ANDREA MATARAZZO,2014-05-14T00:00:00,2014-05-16T00:00:00
CCJ,Membro,ALFREDINHO,2014-05-27T00:00:00,2014-05-28T00:00:00
CCJ,Membro,ALFREDINHO,2014-06-04T00:00:00,2014-06-04T00:00:00
CCJ,Membro,JULIANA CARDOSO,2014-06-05T00:00:00,2015-02-25T00:00:00
CCJ,Membro,DALTON SILVANO,2014-06-10T00:00:00,2014-06-11T00:00:00
CCJ,Membro,ROBERTO TRÍPOLI,2014-06-10T00:00:00,2015-03-17T00:00:00
CCJ,Membro,CALVO,2014-08-06T00:00:00,2014-08-07T00:00:00
CCJ,Membro,POLICE,2014-08-19T00:00:00,2014-08-20T00:00:00
CCJ,Membro,CALVO,2014-08-25T00:00:00,2014-08-26T00:00:00
CCJ,Membro,ANDREA MATARAZZO,2014-08-27T00:00:00,2014-08-27T00:00:00
CCJ,Membro,PAULO FRANGE,2014-08-27T00:00:00,2014-08-27T00:00:00
CCJ,Membro,RICARDO NUNES,2014-08-27T00:00:00,2014-08-27T00:00:00
CCJ,Membro,ALFREDINHO,2014-09-03T00:00:00,2014-09-03T00:00:00
CCJ,Membro,ANDREA MATARAZZO,2014-09-24T00:00:00,2014-09-24T00:00:00
CCJ,Membro,ALFREDINHO,2014-10-08T00:00:00,2014-10-08T00:00:00
CCJ,Membro,ANDREA MATARAZZO,2014-10-29T00:00:00,2014-10-29T00:00:00
CCJ,Membro,VAVÁ,2014-10-29T00:00:00,2014-10-29T00:00:00
CCJ,Membro,ANDREA MATARAZZO,2014-11-05T00:00:00,2014-11-05T00:00:00
CCJ,Membro,DALTON SILVANO,2014-11-12T00:00:00,2014-11-12T00:00:00
CCJ,Membro,AURÉLIO NOMURA,2014-11-26T00:00:00,2014-11-26T00:00:00
CCJ,Membro,POLICE,2014-11-26T00:00:00,2014-11-26T00:00:00
CCJ,Membro,ALFREDINHO,2014-12-03T00:00:00,2014-12-03T00:00:00
CCJ,Membro,PAULO FRANGE,2014-12-11T00:00:00,2014-12-11T00:00:00
CCJ,Membro,ADOLFO QUINTAS,2015-02-04T00:00:00,2015-02-25T00:00:00
CCJ,Membro,CORONEL CAMILO,2015-02-04T00:00:00,2015-02-25T00:00:00
CCJ,Membro,ARI FRIEDENBACH,2015-02-26T00:00:00,2016-12-31T00:00:00
CCJ,Membro,DAVID SOARES,2015-02-26T00:00:00,2016-12-31T00:00:00
CCJ,Presidente,ALFREDINHO,2015-02-26T00:00:00,2016-12-31T00:00:00
CCJ,Membro,MARCOS BELIZÁRIO,2015-03-17T00:00:00,2015-06-16T00:00:00
CCJ,Membro,POLICE,2015-03-18T00:00:00,2015-03-18T00:00:00
CCJ,Membro,NELO RODOLFO,2015-04-01T00:00:00,2015-04-01T00:00:00
CCJ,Membro,RICARDO NUNES,2015-04-15T00:00:00,2015-04-15T00:00:00
CCJ,Membro,TONINHO PAIVA,2015-04-15T00:00:00,2015-04-15T00:00:00
CCJ,Membro,OTA,2015-05-20T00:00:00,2015-05-20T00:00:00
CCJ,Membro,RICARDO TEIXEIRA,2015-06-15T00:00:00,2016-02-29T00:00:00
CCJ,Membro,OTA,2015-06-17T00:00:00,2015-06-17T00:00:00
CCJ,Membro,DALTON SILVANO,2015-06-25T00:00:00,2015-06-25T00:00:00
CCJ,Membro,ALESSANDRO GUEDES,2015-08-05T00:00:00,2015-08-05T00:00:00
CCJ,Membro,DALTON SILVANO,2015-08-12T00:00:00,2015-08-12T00:00:00
CCJ,Membro,ABOU ANNI,2015-08-26T00:00:00,2015-08-26T00:00:00
CCJ,Membro,POLICE,2015-09-02T00:00:00,2015-09-02T00:00:00
CCJ,Membro,POLICE,2015-09-16T00:00:00,2015-09-16T00:00:00
CCJ,Membro,SALOMÃO PEREIRA,2015-09-16T00:00:00,2015-09-16T00:00:00
CCJ,Membro,POLICE,2015-09-30T00:00:00,2015-09-30T00:00:00
CCJ,Membro,CALVO,2015-10-07T00:00:00,2015-10-07T00:00:00
CCJ,Membro,POLICE,2015-10-07T00:00:00,2015-10-07T00:00:00
CCJ,Membro,ABOU ANNI,2015-10-14T00:00:00,2015-10-14T00:00:00
CCJ,Membro,SALOMÃO PEREIRA,2015-10-28T00:00:00,2015-10-28T00:00:00
CCJ,Membro,POLICE,2015-11-04T00:00:00,2015-11-04T00:00:00
CCJ,Membro,SALOMÃO PEREIRA,2015-11-18T00:00:00,2015-11-18T00:00:00
CCJ,Membro,ALESSANDRO GUEDES,2015-12-02T00:00:00,2015-12-02T00:00:00
CCJ,Membro,SALOMÃO PEREIRA,2015-12-16T00:00:00,2015-12-16T00:00:00
CCJ,Membro,GILBERTO NATALINI,2016-03-01T00:00:00,2016-12-31T00:00:00
CCJ,Membro,MARIO COVAS NETO,2016-03-01T00:00:00,2016-12-31T00:00:00
CCJ,Membro,PATRÍCIA BEZERRA,2016-03-16T00:00:00,2016-03-16T00:00:00
CCJ,Membro,POLICE,2016-03-29T00:00:00,2016-03-29T00:00:00
CCJ,Membro,SENIVAL MOURA,2016-03-30T00:00:00,2016-03-30T00:00:00
CCJ,Membro,ABOU ANNI,2016-05-04T00:00:00,2016-05-04T00:00:00
CCJ,Membro,SALOMÃO PEREIRA,2016-05-11T00:00:00,2016-05-11T00:00:00
CCJ,Membro,PATRÍCIA BEZERRA,2016-05-18T00:00:00,2016-05-18T00:00:00
CCJ,Membro,ABOU ANNI,2016-06-15T00:00:00,2016-06-15T00:00:00
CCJ,Membro,PATRÍCIA BEZERRA,2016-06-15T00:00:00,2016-06-15T00:00:00
CCJ,Membro,PATRÍCIA BEZERRA,2016-06-29T00:00:00,2016-06-29T00:00:00
CCJ,Membro,CAIO MIRANDA CARNEIRO,2017-02-09T00:00:00,2017-07-13T00:00:00
CCJ,Membro,CLAUDINHO DE SOUZA,2017-02-09T00:00:00,2018-02-20T00:00:00
CCJ,Membro,DRA. SANDRA TADEU,2017-02-09T00:00:00,2018-02-21T00:00:00
CCJ,Membro,EDIR SALES,2017-02-09T00:00:00,2017-06-21T00:00:00
CCJ,Membro,JANAÍNA LIMA,2017-02-09T00:00:00,2017-02-14T00:00:00
CCJ,Membro,MARIO COVAS NETO,2017-02-09T00:00:00,2017-02-09T00:00:00
CCJ,Membro,REIS,2017-02-09T00:00:00,2020-12-31T00:00:00
CCJ,Membro,RINALDI DIGILIO,2017-02-09T00:00:00,2018-02-20T00:00:00
CCJ,Membro,ZÉ TURIN,2017-02-09T00:00:00,2017-08-14T00:00:00
CCJ,Membro,ALINE CARDOSO,2017-02-10T00:00:00,2017-02-10T00:00:00
CCJ,Presidente,MARIO COVAS NETO,2017-02-10T00:00:00,2018-02-20T00:00:00
CCJ,Vice-presidente,JANAÍNA LIMA,2017-02-15T00:00:00,2018-02-20T00:00:00
CCJ,Membro,POLICE,2017-03-08T00:00:00,2017-03-08T00:00:00
CCJ,Membro,POLICE,2017-03-15T00:00:00,2017-03-15T00:00:00
CCJ,Membro,POLICE,2017-04-05T00:00:00,2017-04-05T00:00:00
CCJ,Membro,AURÉLIO NOMURA,2017-05-03T00:00:00,2017-05-03T00:00:00
CCJ,Membro,POLICE,2017-06-22T00:00:00,2018-02-20T00:00:00
CCJ,Membro,ADRIANA RAMALHO,2017-06-29T00:00:00,2017-06-29T00:00:00
CCJ,Membro,ALINE CARDOSO,2017-07-03T00:00:00,2017-07-03T00:00:00
CCJ,Membro,ELISEU GABRIEL,2017-07-13T00:00:00,2017-08-08T00:00:00
CCJ,Membro,CAIO MIRANDA CARNEIRO,2017-08-02T00:00:00,2017-08-02T00:00:00
CCJ,Membro,CAIO MIRANDA CARNEIRO,2017-08-09T00:00:00,2018-12-20T00:00:00
CCJ,Membro,SONINHA FRANCINE,2017-08-15T00:00:00,2018-02-20T00:00:00
CCJ,Membro,DALTON SILVANO,2017-09-27T00:00:00,2017-09-27T00:00:00
CCJ,Membro,ADRIANA RAMALHO,2017-09-29T00:00:00,2017-09-29T00:00:00
CCJ,Membro,DR. MILTON FERREIRA,2017-11-08T00:00:00,2017-11-08T00:00:00
CCJ,Membro,CAMILO CRISTÓFARO,2017-12-18T00:00:00,2017-12-18T00:00:00
CCJ,Membro,JOÃO JORGE,2017-12-18T00:00:00,2017-12-18T00:00:00
CCJ,Membro,ANDRÉ SANTOS,2018-02-21T00:00:00,2019-02-14T00:00:00
CCJ,Membro,AURÉLIO NOMURA,2018-02-21T00:00:00,2018-02-21T00:00:00
CCJ,Membro,CELSO JATENE,2018-02-21T00:00:00,2019-02-19T00:00:00
CCJ,Membro,CLAUDIO FONSECA,2018-02-21T00:00:00,2020-12-31T00:00:00
CCJ,Membro,EDIR SALES,2018-02-21T00:00:00,2019-02-14T00:00:00
CCJ,Membro,JOÃO JORGE,2018-02-21T00:00:00,2018-11-25T00:00:00
CCJ,Presidente,AURÉLIO NOMURA,2018-02-22T00:00:00,2019-02-14T00:00:00
CCJ,Vice-presidente,DRA. SANDRA TADEU,2018-02-22T00:00:00,2019-02-14T00:00:00
CCJ,Membro,FABIO RIVA,2018-05-02T00:00:00,2018-05-02T00:00:00
CCJ,Membro,FABIO RIVA,2018-05-23T00:00:00,2018-05-23T00:00:00
CCJ,Membro,DALTON SILVANO,2018-05-29T00:00:00,2018-05-29T00:00:00
CCJ,Membro,RINALDI DIGILIO,2018-06-13T00:00:00,2018-06-13T00:00:00
CCJ,Membro,ATÍLIO FRANCISCO,2018-08-01T00:00:00,2018-08-01T00:00:00
CCJ,Membro,FABIO RIVA,2018-08-22T00:00:00,2018-08-22T00:00:00
CCJ,Membro,FABIO RIVA,2018-08-29T00:00:00,2018-08-29T00:00:00
CCJ,Membro,FABIO RIVA,2018-09-05T00:00:00,2018-09-05T00:00:00
CCJ,Membro,DALTON SILVANO,2018-10-17T00:00:00,2018-10-17T00:00:00
CCJ,Membro,FABIO RIVA,2018-11-21T00:00:00,2018-11-21T00:00:00
CCJ,Membro,QUITO FORMIGA,2018-11-26T00:00:00,2018-12-20T00:00:00
CCJ,Membro,FABIO RIVA,2018-11-28T00:00:00,2018-11-28T00:00:00
CCJ,Membro,RINALDI DIGILIO,2018-11-28T00:00:00,2018-11-28T00:00:00
CCJ,Membro,POLICE,2018-12-12T00:00:00,2018-12-12T00:00:00
CCJ,Membro,ALINE CARDOSO,2018-12-21T00:00:00,2018-12-26T00:00:00
CCJ,Membro,JOÃO JORGE,2018-12-21T00:00:00,2018-12-26T00:00:00
CCJ,Membro,CAIO MIRANDA CARNEIRO,2018-12-27T00:00:00,2019-03-14T00:00:00
CCJ,Membro,QUITO FORMIGA,2018-12-27T00:00:00,2019-02-14T00:00:00
CCJ,Membro,POLICE,2019-02-13T00:00:00,2019-02-13T00:00:00
CCJ,Membro,AURÉLIO NOMURA,2019-02-15T00:00:00,2019-02-19T00:00:00
CCJ,Membro,DRA. SANDRA TADEU,2019-02-15T00:00:00,2020-03-09T00:00:00
CCJ,Membro,RICARDO NUNES,2019-02-15T00:00:00,2020-03-06T00:00:00
CCJ,Membro,RINALDI DIGILIO,2019-02-15T00:00:00,2020-12-31T00:00:00
CCJ,Membro,RUTE COSTA,2019-02-15T00:00:00,2020-12-31T00:00:00
CCJ,Membro,POLICE,2019-02-20T00:00:00,2019-02-20T00:00:00
CCJ,Presidente,AURÉLIO NOMURA,2019-02-20T00:00:00,2020-03-06T00:00:00
CCJ,Vice-presidente,CELSO JATENE,2019-02-20T00:00:00,2020-03-06T00:00:00
CCJ,Membro,EDSON APARECIDO,2019-03-19T00:00:00,2019-03-19T00:00:00
CCJ,Membro,CAIO MIRANDA CARNEIRO,2019-03-20T00:00:00,2020-12-31T00:00:00
CCJ,Membro,ANDRÉ SANTOS,2019-04-03T00:00:00,2019-04-03T00:00:00
CCJ,Membro,POLICE,2019-04-03T00:00:00,2019-04-03T00:00:00
CCJ,Membro,ANDRÉ SANTOS,2019-05-08T00:00:00,2019-05-08T00:00:00
CCJ,Membro,CLAUDINHO DE SOUZA,2019-05-08T00:00:00,2019-05-08T00:00:00
CCJ,Membro,RICARDO TEIXEIRA,2019-05-29T00:00:00,2019-05-29T00:00:00
CCJ,Membro,POLICE,2019-06-05T00:00:00,2019-06-05T00:00:00
CCJ,Membro,POLICE,2019-06-12T00:00:00,2019-06-12T00:00:00
CCJ,Membro,POLICE,2019-08-13T00:00:00,2019-08-13T00:00:00
CCJ,Membro,POLICE,2019-08-14T00:00:00,2019-08-14T00:00:00
CCJ,Membro,GILSON BARRETO,2019-08-28T00:00:00,2019-08-28T00:00:00
CCJ,Membro,FABIO RIVA,2019-09-25T00:00:00,2019-09-25T00:00:00
CCJ,Membro,ANDRÉ SANTOS,2019-10-09T00:00:00,2019-10-09T00:00:00
CCJ,Membro,ATÍLIO FRANCISCO,2019-11-21T00:00:00,2019-11-21T00:00:00
CCJ,Membro,CAMILO CRISTÓFARO,2019-11-27T00:00:00,2019-11-27T00:00:00
CCJ,Membro,EDIR SALES,2019-12-11T00:00:00,2019-12-11T00:00:00
CCJ,Membro,CELSO JATENE,2020-03-07T00:00:00,2020-12-09T00:00:00
CCJ,Membro,GEORGE HATO,2020-03-07T00:00:00,2020-12-31T00:00:00
CCJ,Membro,JOÃO JORGE,2020-03-07T00:00:00,2020-03-09T00:00:00
CCJ,Presidente,JOÃO JORGE,2020-03-10T00:00:00,2020-12-31T00:00:00
CCJ,Vice-presidente,DRA. SANDRA TADEU,2020-03-10T00:00:00,2020-12-31T00:00:00
CCJ,Membro,ANDRÉ SANTOS,2020-07-22T00:00:00,2020-07-22T00:00:00
CCJ,Membro,FABIO RIVA,2020-11-18T00:00:00,2020-11-18T00:00:00
CCJ,Membro,QUITO FORMIGA,2020-12-10T00:00:00,2020-12-31T00:00:00
CCJ,Membro,ALESSANDRO GUEDES,2021-02-11T00:00:00,2024-05-11T00:00:00
CCJ,Membro,FARIA DE SÁ,2021-02-11T00:00:00,2022-02-16T00:00:00
CCJ,Membro,GILBERTO NASCIMENTO,2021-02-11T00:00:00,2021-09-08T00:00:00
CCJ,Membro,PROFESSOR TONINHO VESPOLI,2021-02-11T00:00:00,2024-12-31T00:00:00
CCJ,Membro,RUBINHO NUNES,2021-02-11T00:00:00,2023-02-06T00:00:00
CCJ,Membro,SANSÃO PEREIRA,2021-02-11T00:00:00,2023-02-06T00:00:00
CCJ,Membro,THAMMY MIRANDA,2021-02-11T00:00:00,2024-12-31T00:00:00
CCJ,Presidente,CARLOS BEZERRA JR.,2021-02-11T00:00:00,2021-08-15T00:00:00
CCJ,Vice-presidente,DRA. SANDRA TADEU,2021-02-11T00:00:00,2021-08-15T00:00:00
CCJ,Presidente,DRA. SANDRA TADEU,2021-08-16T00:00:00,2021-08-22T00:00:00
CCJ,Presidente,CARLOS BEZERRA JR.,2021-08-23T00:00:00,2021-08-23T00:00:00
CCJ,Vice-presidente,DRA. SANDRA TADEU,2021-08-23T00:00:00,2021-08-23T00:00:00
CCJ,Presidente,DRA. SANDRA TADEU,2021-08-24T00:00:00,2021-08-30T00:00:00
CCJ,Presidente,CARLOS BEZERRA JR.,2021-08-31T00:00:00,2021-10-12T00:00:00
CCJ,Vice-presidente,DRA. SANDRA TADEU,2021-08-31T00:00:00,2021-10-12T00:00:00
CCJ,Membro,RODOLFO DESPACHANTE,2021-09-09T00:00:00,2021-10-09T00:00:00
CCJ,Membro,GILBERTO NASCIMENTO,2021-10-10T00:00:00,2022-02-16T00:00:00
CCJ,Membro,JOÃO JORGE,2021-10-13T00:00:00,2022-02-16T00:00:00
CCJ,Presidente,DRA. SANDRA TADEU,2021-10-13T00:00:00,2022-02-16T00:00:00
CCJ,Membro,CRIS MONTEIRO,2022-02-17T00:00:00,2023-02-06T00:00:00
CCJ,Membro,DRA. SANDRA TADEU,2022-02-17T00:00:00,2022-02-22T00:00:00
CCJ,Membro,EDIR SALES,2022-02-17T00:00:00,2023-02-08T00:00:00
CCJ,Membro,SANDRA SANTANA,2022-02-17T00:00:00,2022-02-22T00:00:00
CCJ,Presidente,SANDRA SANTANA,2022-02-23T00:00:00,2023-02-06T00:00:00
CCJ,Vice-presidente,DRA. SANDRA TADEU,2022-02-23T00:00:00,2023-02-06T00:00:00
CCJ,Membro,RODRIGO GOULART,2022-03-16T00:00:00,2022-03-16T00:00:00
CCJ,Membro,DRA. SANDRA TADEU,2023-02-07T00:00:00,2023-02-07T00:00:00
CCJ,Membro,ELISEU GABRIEL,2023-02-07T00:00:00,2024-12-31T00:00:00
CCJ,Membro,FERNANDO HOLIDAY,2023-02-07T00:00:00,2023-08-09T00:00:00
CCJ,Membro,MARCELO MESSIAS,2023-02-07T00:00:00,2024-12-31T00:00:00
CCJ,Membro,SANDRA SANTANA,2023-02-07T00:00:00,2023-02-07T00:00:00
CCJ,Membro,DANIEL ANNENBERG,2023-02-08T00:00:00,2023-03-08T00:00:00
CCJ,Presidente,SANDRA SANTANA,2023-02-08T00:00:00,2023-09-25T00:00:00
CCJ,Vice-presidente,DRA. SANDRA TADEU,2023-02-08T00:00:00,2023-09-25T00:00:00
CCJ,Membro,DR. MILTON FERREIRA,2023-03-09T00:00:00,2024-05-13T00:00:00
CCJ,Membro,JORGE WILSON FILHO,2023-08-10T00:00:00,2024-02-19T00:00:00
CCJ,Membro,SANDRA SANTANA,2023-09-26T00:00:00,2023-09-29T00:00:00
CCJ,Presidente,DRA. SANDRA TADEU,2023-09-26T00:00:00,2023-09-29T00:00:00
CCJ,Presidente,SANDRA SANTANA,2023-09-30T00:00:00,2024-02-19T00:00:00
CCJ,Vice-presidente,DRA. SANDRA TADEU,2023-09-30T00:00:00,2024-02-19T00:00:00
CCJ,Membro,DRA. SANDRA TADEU,2024-02-20T00:00:00,2024-02-21T00:00:00
CCJ,Membro,SANSÃO PEREIRA,2024-02-20T00:00:00,2024-12-31T00:00:00
CCJ,Membro,XEXÉU TRIPOLI,2024-02-20T00:00:00,2024-02-20T00:00:00
CCJ,Presidente,XEXÉU TRIPOLI,2024-02-21T00:00:00,2024-06-09T00:00:00
CCJ,Membro,RICARDO TEIXEIRA,2024-02-22T00:00:00,2024-02-26T00:00:00
CCJ,Vice-presidente,RICARDO TEIXEIRA,2024-02-27T00:00:00,2024-06-09T00:00:00
CCJ,Membro,SENIVAL MOURA,2024-05-15T00:00:00,2024-05-15T00:00:00
CCJ,Membro,DR. MILTON FERREIRA,2024-05-17T00:00:00,2024-12-31T00:00:00
CCJ,Membro,ALESSANDRO GUEDES,2024-05-18T00:00:00,2024-12-31T00:00:00
CCJ,Membro,XEXÉU TRIPOLI,2024-06-10T00:00:00,2024-06-14T00:00:00
CCJ,Presidente,RICARDO TEIXEIRA,2024-06-10T00:00:00,2024-06-14T00:00:00
CCJ,Presidente,XEXÉU TRIPOLI,2024-06-15T00:00:00,2024-08-25T00:00:00
CCJ,Vice-presidente,RICARDO TEIXEIRA,2024-06-15T00:00:00,2024-08-25T00:00:00
CCJ,Membro,XEXÉU TRIPOLI,2024-08-26T00:00:00,2024-09-09T00:00:00
CCJ,Presidente,RICARDO TEIXEIRA,2024-08-26T00:00:00,2024-09-09T00:00:00
CCJ,Presidente,XEXÉU TRIPOLI,2024-09-10T00:00:00,2024-12-31T00:00:00
CCJ,Vice-presidente,RICARDO TEIXEIRA,2024-09-10T00:00:00,2024-12-31T00:00:00
CCJ,Membro,ALESSANDRO GUEDES,2025-03-13T00:00:00,2026-03-03T00:00:00
CCJ,Membro,DR. MILTON FERREIRA,2025-03-13T00:00:00,2026-06-23T00:00:00
CCJ,Membro,JANAINA PASCHOAL,2025-03-13T00:00:00,
CCJ,Membro,LUCAS PAVANATO,2025-03-13T00:00:00,
CCJ,Membro,SANSÃO PEREIRA,2025-03-13T00:00:00,
CCJ,Membro,SILVIA DA BANCADA FEMINISTA,2025-03-13T00:00:00,
CCJ,Membro,SILVÃO LEITE,2025-03-13T00:00:00,2026-03-11T00:00:00
CCJ,Presidente,SANDRA SANTANA,2025-03-13T00:00:00,2025-05-04T00:00:00
CCJ,Vice-presidente,THAMMY MIRANDA,2025-03-13T00:00:00,2025-05-04T00:00:00
CCJ,Membro,SANDRA SANTANA,2025-05-05T00:00:00,2025-05-09T00:00:00
CCJ,Presidente,THAMMY MIRANDA,2025-05-05T00:00:00,2025-05-09T00:00:00
CCJ,Presidente,SANDRA SANTANA,2025-05-10T00:00:00,2025-09-16T00:00:00
CCJ,Vice-presidente,THAMMY MIRANDA,2025-05-10T00:00:00,2025-09-16T00:00:00
CCJ,Membro,MARCELO MESSIAS,2025-09-17T00:00:00,2025-09-17T00:00:00
CCJ,Presidente,THAMMY MIRANDA,2025-09-17T00:00:00,2025-09-19T00:00:00
CCJ,Presidente,SANDRA SANTANA,2025-09-20T00:00:00,2026-03-03T00:00:00
CCJ,Vice-presidente,THAMMY MIRANDA,2025-09-20T00:00:00,2026-03-03T00:00:00
CCJ,Membro,LUNA ZARATTINI,2026-03-04T00:00:00,
CCJ,Membro,SANDRA SANTANA,2026-03-04T00:00:00,2026-03-04T00:00:00
CCJ,Membro,THAMMY MIRANDA,2026-03-04T00:00:00,
CCJ,Presidente,SANDRA SANTANA,2026-03-05T00:00:00,2026-05-17T00:00:00
CCJ,Vice-presidente,SILVÃO LEITE,2026-03-12T00:00:00,2026-05-17T00:00:00
CCJ,Membro,SANDRA SANTANA,2026-05-18T00:00:00,2026-05-27T00:00:00
CCJ,Presidente,SILVÃO LEITE,2026-05-18T00:00:00,2026-05-27T00:00:00
CCJ,Presidente,SANDRA SANTANA,2026-05-28T00:00:00,
CCJ,Vice-presidente,SILVÃO LEITE,2026-05-28T00:00:00,2026-07-05T00:00:00
CCJ,Membro,KENJI ITO,2026-06-24T00:00:00,2026-06-25T00:00:00
CCJ,Membro,DR. MILTON FERREIRA,2026-06-25T00:00:00,
CCJ,Membro,GUILHERME CORRÊA,2026-07-06T00:00:00,2026-07-13T00:00:00
CCJ,Membro,ADRILLES JORGE,2026-07-14T00:00:00,2026-08-05T00:00:00
CCJ,Vice-presidente,SILVÃO LEITE,2026-08-06T00:00:00,2026-08-06T00:00:00
CCJ,Membro,ADRILLES JORGE,2026-08-07T00:00:00,2026-10-09T00:00:00
CCJ,Membro,DRA. SANDRA TADEU,2026-08-19T00:00:00,2026-08-19T00:00:00
CCJ,Vice-presidente,SILVÃO LEITE,2026-10-10T00:00:00,
ECON,Membro,FERMINO FECHIO FILHO,1991-07-31T00:00:00,1991-07-31T00:00:00
ECON,Membro,JOAO CARLOS ALVES,1991-07-31T00:00:00,1991-08-31T00:00:00
ECON,Membro,ANTONIO JOSE DA SILVA FILHO (BIRO-BIRO),1991-08-01T00:00:00,1992-02-12T00:00:00
ECON,Membro,ARMELINDO PASSONI,1991-08-01T00:00:00,1992-01-28T00:00:00
ECON,Membro,EDSON FALANGA,1991-08-01T00:00:00,1992-02-12T00:00:00
ECON,Membro,FAUSTO TOMAZ DE LIMA,1991-08-01T00:00:00,1992-02-12T00:00:00
ECON,Membro,MAURO AILTON PUERRO,1991-08-01T00:00:00,1991-12-27T00:00:00
ECON,Presidente,MARCOS MENDONCA,1991-08-01T00:00:00,1992-02-12T00:00:00
ECON,Vice-presidente,GERALDO BLOTA,1991-08-01T00:00:00,1992-02-12T00:00:00
ECON,Membro,LUIZ PAULO GNECCO,1991-12-28T00:00:00,1992-01-27T00:00:00
ECON,Membro,MAURO AILTON PUERRO,1992-01-28T00:00:00,1992-01-28T00:00:00
ECON,Membro,FERMINO FECHIO FILHO,1992-01-29T00:00:00,1992-02-12T00:00:00
ECON,Membro,JOAO CARLOS ALVES,1992-01-29T00:00:00,1992-12-31T00:00:00
ECON,Membro,ALMIR GUIMARAES,1992-02-14T00:00:00,1992-12-31T00:00:00
ECON,Membro,JUCELINO SILVA NETO,1992-02-14T00:00:00,1992-06-15T00:00:00
ECON,Membro,MARIO NODA,1992-02-14T00:00:00,1992-12-31T00:00:00
ECON,Membro,OSVALDO SANCHES,1992-02-14T00:00:00,1992-12-31T00:00:00
ECON,Presidente,EDER JOFRE,1992-02-14T00:00:00,1992-12-31T00:00:00
ECON,Presidente,LIDIA CORREA,1992-02-14T00:00:00,1992-12-31T00:00:00
ECON,Membro,ARMELINDO PASSONI,1992-06-16T00:00:00,1992-07-16T00:00:00
ECON,Membro,JUCELINO SILVA NETO,1992-07-17T00:00:00,1992-12-31T00:00:00
ECON,Membro,MARCOS CINTRA,1993-01-01T00:00:00,1993-01-03T00:00:00
ECON,Membro,MARIO NODA,1993-01-04T00:00:00,1993-04-02T00:00:00
ECON,Membro,BRASIL VITA,1993-03-11T00:00:00,1993-11-30T00:00:00
ECON,Membro,HENRIQUE PACHECO,1993-03-11T00:00:00,1993-07-05T00:00:00
ECON,Membro,NELO RODOLFO,1993-03-11T00:00:00,1994-10-18T00:00:00
ECON,Membro,PAULO KOBAYASHI,1993-03-11T00:00:00,1994-10-17T00:00:00
ECON,Presidente,LIDIA CORREA,1993-03-11T00:00:00,1994-01-27T00:00:00
ECON,Vice-presidente,MANOEL SALA,1993-03-11T00:00:00,1993-05-26T00:00:00
ECON,Membro,MARCOS CINTRA,1993-04-03T00:00:00,1993-04-04T00:00:00
ECON,Membro,VICENTE VISCOME,1993-04-05T00:00:00,1993-08-22T00:00:00
ECON,Membro,DITO SALIM,1993-05-27T00:00:00,1993-06-10T00:00:00
ECON,Membro,MOHAMAD SAID MOURAD,1993-06-11T00:00:00,1993-06-26T00:00:00
ECON,Vice-presidente,MANOEL SALA,1993-06-27T00:00:00,1996-11-11T00:00:00
ECON,Membro,SERGIO RICARDO SILVA ROSA,1993-07-06T00:00:00,1993-08-03T00:00:00
ECON,Membro,HENRIQUE PACHECO,1993-08-04T00:00:00,1996-05-30T00:00:00
ECON,Membro,MARCOS CINTRA,1993-08-23T00:00:00,1993-10-28T00:00:00
ECON,Membro,MARCOS CINTRA,1993-10-22T00:00:00,1994-08-30T00:00:00
ECON,Membro,VICENTE VISCOME,1993-10-29T00:00:00,1993-10-21T00:00:00
ECON,Vice-presidente,TONINHO PAIVA,1993-11-16T00:00:00,1993-11-16T00:00:00
ECON,Membro,VICENTE VISCOME,1993-12-01T00:00:00,1993-12-21T00:00:00
ECON,Membro,MOHAMAD SAID MOURAD,1993-12-22T00:00:00,1993-12-31T00:00:00
ECON,Membro,BRASIL VITA,1994-01-01T00:00:00,1994-04-10T00:00:00
ECON,Membro,ZENAS PIRES,1994-01-28T00:00:00,1994-02-27T00:00:00
ECON,Presidente,LIDIA CORREA,1994-02-28T00:00:00,1996-12-31T00:00:00
ECON,Membro,DITO SALIM,1994-04-11T00:00:00,1994-05-11T00:00:00
ECON,Membro,BRASIL VITA,1994-05-12T00:00:00,1996-01-01T00:00:00
ECON,Membro,MOHAMAD SAID MOURAD,1994-08-31T00:00:00,1994-09-30T00:00:00
ECON,Membro,MARCOS CINTRA,1994-10-01T00:00:00,1996-12-31T00:00:00
ECON,Membro,ITALO CARDOSO,1994-10-18T00:00:00,1996-12-31T00:00:00
ECON,Membro,NELSON GUIMARAES PROENCA,1994-10-18T00:00:00,1994-11-17T00:00:00
ECON,Membro,PAULO KOBAYASHI,1994-11-18T00:00:00,1995-03-15T00:00:00
ECON,Membro,GABRIEL ORTEGA,1995-03-15T00:00:00,1996-12-31T00:00:00
ECON,Membro,MIGUEL COLASUONNO,1996-03-25T00:00:00,1996-12-31T00:00:00
ECON,Membro,CARLOS ZARATTINI,1996-05-31T00:00:00,1996-06-30T00:00:00
ECON,Membro,HENRIQUE PACHECO,1996-07-01T00:00:00,1996-12-31T00:00:00
ECON,Membro,EVALDO SILVA,1996-11-12T00:00:00,1996-12-12T00:00:00
ECON,Vice-presidente,MANOEL SALA,1996-12-13T00:00:00,1996-12-31T00:00:00
ECON,Membro,ALBERTO HIAR,1997-03-06T00:00:00,1998-03-11T00:00:00
ECON,Membro,BRASIL VITA,1997-03-06T00:00:00,1999-03-10T00:00:00
ECON,Membro,DEVANIR RIBEIRO,1997-03-06T00:00:00,1998-04-07T00:00:00
ECON,Membro,IVO MORGANTI,1997-03-06T00:00:00,1997-05-14T00:00:00
ECON,Membro,VICENTE CANDIDO DA SILVA,1997-03-06T00:00:00,1998-03-11T00:00:00
ECON,Presidente,JOSE VIVIANI FERRAZ,1997-03-06T00:00:00,1998-03-11T00:00:00
ECON,Vice-presidente,ARMANDO MELLAO NETO,1997-03-06T00:00:00,1997-12-28T00:00:00
ECON,Membro,CARLOS TAKAHASHI,1997-05-15T00:00:00,1997-06-14T00:00:00
ECON,Membro,IVO MORGANTI,1997-06-15T00:00:00,1998-03-11T00:00:00
ECON,Membro,ALAN LOPES,1997-12-29T00:00:00,1998-01-27T00:00:00
ECON,Vice-presidente,ARMANDO MELLAO NETO,1998-01-28T00:00:00,1999-03-10T00:00:00
ECON,Membro,ANA MARTINS,1998-03-12T00:00:00,1998-05-18T00:00:00
ECON,Membro,MIGUEL COLASUONNO,1998-03-12T00:00:00,1999-03-10T00:00:00
ECON,Membro,PIERRE ALEXANDRE DE FREITAS,1998-03-12T00:00:00,1998-06-09T00:00:00
ECON,Presidente,MARIA HELENA PEREIRA FONTES,1998-03-12T00:00:00,1999-03-10T00:00:00
ECON,Membro,CALVO,1998-04-08T00:00:00,1998-05-11T00:00:00
ECON,Membro,DEVANIR RIBEIRO,1998-05-12T00:00:00,1999-12-14T00:00:00
ECON,Membro,VITAL NOLASCO,1998-05-19T00:00:00,1998-06-11T00:00:00
ECON,Membro,ALBERTO HIAR,1998-06-09T00:00:00,1999-03-10T00:00:00
ECON,Membro,CARLOS ZARATTINI,1998-06-12T00:00:00,1998-06-18T00:00:00
ECON,Membro,ANA MARTINS,1998-06-19T00:00:00,1999-03-10T00:00:00
ECON,Membro,JOSE IZAR,1999-03-11T00:00:00,2000-02-26T00:00:00
ECON,Membro,MARIA HELENA PEREIRA FONTES,1999-03-11T00:00:00,2000-12-31T00:00:00
ECON,Membro,MILTON LEITE,1999-03-11T00:00:00,2000-12-31T00:00:00
ECON,Membro,VICENTE VISCOME,1999-03-11T00:00:00,1999-06-28T00:00:00
ECON,Presidente,EDIVALDO ESTIMA,1999-03-11T00:00:00,2000-12-31T00:00:00
ECON,Vice-presidente,NATALICIO BEZERRA SILVA,1999-03-11T00:00:00,2000-12-31T00:00:00
ECON,Membro,AURELINO DE ANDRADE,1999-06-29T00:00:00,2000-02-26T00:00:00
ECON,Membro,DEVANIR RIBEIRO,2000-02-01T00:00:00,2000-12-31T00:00:00
ECON,Membro,ANA MARTINS,2000-02-26T00:00:00,2000-12-31T00:00:00
ECON,Membro,EDER JOFRE,2000-02-26T00:00:00,2000-12-31T00:00:00
ECON,Membro,DALTON SILVANO,2001-02-22T00:00:00,2002-12-27T00:00:00
ECON,Membro,EDIVALDO ESTIMA,2001-02-22T00:00:00,2001-04-01T00:00:00
ECON,Membro,GOULART,2001-02-22T00:00:00,2002-02-28T00:00:00
ECON,Membro,HAVANIR NIMTZ,2001-02-22T00:00:00,2002-02-28T00:00:00
ECON,Membro,VICENTE CANDIDO DA SILVA,2001-02-22T00:00:00,2001-10-29T00:00:00
ECON,Presidente,ANTONIO CARLOS RODRIGUES,2001-02-22T00:00:00,2002-02-28T00:00:00
ECON,Vice-presidente,DEVANIR RIBEIRO,2001-02-22T00:00:00,2003-01-31T00:00:00
ECON,Membro,MARIO DIAS,2001-04-02T00:00:00,2001-04-27T00:00:00
ECON,Membro,EDIVALDO ESTIMA,2001-04-28T00:00:00,2001-08-21T00:00:00
ECON,Membro,DOMINGOS DISSEI,2001-08-21T00:00:00,2002-08-26T00:00:00
ECON,Membro,JOSE LAURINDO,2001-10-24T00:00:00,2001-10-30T00:00:00
ECON,Membro,VICENTE CANDIDO DA SILVA,2001-10-30T00:00:00,2002-02-28T00:00:00
ECON,Membro,FARHAT,2002-03-01T00:00:00,2003-03-15T00:00:00
ECON,Membro,HUMBERTO MARTINS,2002-03-01T00:00:00,2003-02-06T00:00:00
ECON,Membro,TONINHO CAMPANHA,2002-03-01T00:00:00,2003-10-01T00:00:00
ECON,Presidente,ROGER LIN,2002-03-01T00:00:00,2003-03-15T00:00:00
ECON,Membro,MARIO DIAS,2002-08-27T00:00:00,2002-10-05T00:00:00
ECON,Membro,DOMINGOS DISSEI,2002-10-07T00:00:00,2003-03-15T00:00:00
ECON,Membro,JOSE VIVIANI FERRAZ,2002-12-28T00:00:00,2004-03-25T00:00:00
ECON,Membro,JORGE TABA,2003-02-07T00:00:00,2003-03-15T00:00:00
ECON,Membro,CARLOS APOLINARIO,2003-04-10T00:00:00,2004-03-25T00:00:00
ECON,Membro,DALTON SILVANO,2003-04-10T00:00:00,2004-03-25T00:00:00
ECON,Membro,JOSE NOGUEIRA,2003-04-10T00:00:00,2004-03-25T00:00:00
ECON,Presidente,FRANCISCO CHAGAS,2003-04-10T00:00:00,2004-03-25T00:00:00
ECON,Vice-presidente,MYRYAM ATHIE,2003-04-10T00:00:00,2004-03-25T00:00:00
ECON,Membro,HUMBERTO MARTINS,2003-10-01T00:00:00,2004-03-25T00:00:00
ECON,Membro,CARLOS APOLINARIO,2004-03-26T00:00:00,2004-12-31T00:00:00
ECON,Membro,DALTON SILVANO,2004-03-26T00:00:00,2004-12-31T00:00:00
ECON,Membro,EDIVALDO ESTIMA,2004-03-26T00:00:00,2004-10-05T00:00:00
ECON,Membro,JOSE NOGUEIRA,2004-03-26T00:00:00,2004-12-31T00:00:00
ECON,Membro,JOÃO ANTONIO,2004-03-26T00:00:00,2004-03-30T00:00:00
ECON,Presidente,FRANCISCO CHAGAS,2004-03-26T00:00:00,2004-12-31T00:00:00
ECON,Vice-presidente,JOSE VIVIANI FERRAZ,2004-03-26T00:00:00,2004-12-31T00:00:00
ECON,Membro,CARLOS GIANNAZI,2004-03-30T00:00:00,2004-03-31T00:00:00
ECON,Membro,JOÃO ANTONIO,2004-03-31T00:00:00,2004-12-31T00:00:00
ECON,Membro,BRASIL VITA,2004-10-06T00:00:00,2004-11-06T00:00:00
ECON,Membro,EDIVALDO ESTIMA,2004-11-07T00:00:00,2004-12-31T00:00:00
ECON,Membro,ADOLFO QUINTAS,2005-02-16T00:00:00,2008-02-20T00:00:00
ECON,Membro,ANTONIO DONATO,2005-02-16T00:00:00,2008-02-20T00:00:00
ECON,Membro,ARSELINO TATTO,2005-02-16T00:00:00,2007-02-12T00:00:00
ECON,Membro,DALTON SILVANO,2005-02-16T00:00:00,2007-02-12T00:00:00
ECON,Presidente,JORGE TADEU,2005-02-16T00:00:00,2006-02-15T00:00:00
ECON,Vice-presidente,ADILSON AMADEU,2005-02-16T00:00:00,2006-02-15T00:00:00
ECON,Membro,ABOU ANNI,2005-02-17T00:00:00,2006-02-15T00:00:00
ECON,Membro,AURÉLIO MIGUEL,2006-02-16T00:00:00,2007-02-12T00:00:00
ECON,Membro,JORGE TADEU,2006-02-16T00:00:00,2007-01-04T00:00:00
ECON,Presidente,ADILSON AMADEU,2006-02-16T00:00:00,2007-02-12T00:00:00
ECON,Membro,PAULO FIORILO,2006-11-30T00:00:00,2006-11-30T00:00:00
ECON,Membro,MARA GABRILLI,2007-02-13T00:00:00,2008-02-20T00:00:00
ECON,Membro,MYRYAM ATHIE,2007-02-13T00:00:00,2008-02-20T00:00:00
ECON,Membro,SENIVAL MOURA,2007-02-13T00:00:00,2008-02-20T00:00:00
ECON,Presidente,CELSO JATENE,2007-02-13T00:00:00,2008-02-20T00:00:00
ECON,Vice-presidente,GOULART,2007-02-13T00:00:00,2008-02-20T00:00:00
ECON,Membro,RICARDO TEIXEIRA,2007-04-12T00:00:00,2007-04-13T00:00:00
ECON,Membro,ANTONIO DONATO,2008-02-21T00:00:00,2008-12-31T00:00:00
ECON,Membro,JOOJI HATO,2008-02-21T00:00:00,2008-05-20T00:00:00
ECON,Membro,LENICE LEMOS,2008-02-21T00:00:00,2008-12-31T00:00:00
ECON,Membro,MARA GABRILLI,2008-02-21T00:00:00,2008-12-31T00:00:00
ECON,Membro,RICARDO TEIXEIRA,2008-02-21T00:00:00,2008-12-31T00:00:00
ECON,Presidente,ABOU ANNI,2008-02-21T00:00:00,2008-12-31T00:00:00
ECON,Vice-presidente,SENIVAL MOURA,2008-02-21T00:00:00,2008-12-31T00:00:00
ECON,Membro,GOULART,2008-05-20T00:00:00,2008-12-31T00:00:00
ECON,Membro,ATÍLIO FRANCISCO,2009-02-12T00:00:00,2010-02-09T00:00:00
ECON,Membro,GOULART,2009-02-12T00:00:00,2011-03-16T00:00:00
ECON,Membro,MARA GABRILLI,2009-02-12T00:00:00,2010-02-09T00:00:00
ECON,Membro,MARCELO AGUIAR,2009-02-12T00:00:00,2011-01-31T00:00:00
ECON,Membro,SENIVAL MOURA,2009-02-12T00:00:00,2012-12-31T00:00:00
ECON,Presidente,RICARDO TEIXEIRA,2009-02-12T00:00:00,2009-10-15T00:00:00
ECON,Vice-presidente,MARTA COSTA,2009-02-12T00:00:00,2011-03-16T00:00:00
ECON,Membro,ANIBAL DE FREITAS FILHO,2009-10-16T00:00:00,2009-11-15T00:00:00
ECON,Presidente,RICARDO TEIXEIRA,2009-11-18T00:00:00,2010-02-09T00:00:00
ECON,Membro,QUITO FORMIGA,2010-02-10T00:00:00,2010-12-07T00:00:00
ECON,Membro,WADIH MUTRAN,2010-02-10T00:00:00,2011-03-21T00:00:00
ECON,Presidente,JUSCELINO GADELHA,2010-02-10T00:00:00,2011-03-16T00:00:00
ECON,Membro,AURÉLIO NOMURA,2011-03-22T00:00:00,2012-12-31T00:00:00
ECON,Membro,DAVID SOARES,2011-03-22T00:00:00,2012-12-31T00:00:00
ECON,Membro,DOMINGOS DISSEI,2011-03-22T00:00:00,2012-04-16T00:00:00
ECON,Membro,JAMIL MURAD,2011-03-22T00:00:00,2012-04-16T00:00:00
ECON,Presidente,GILSON BARRETO,2011-03-22T00:00:00,2012-04-16T00:00:00
ECON,Vice-presidente,WADIH MUTRAN,2011-03-22T00:00:00,2012-04-16T00:00:00
ECON,Membro,NETINHO DE PAULA,2011-12-09T00:00:00,2011-12-09T00:00:00
ECON,Membro,ANTONIO CARLOS RODRIGUES,2012-04-16T00:00:00,2012-04-16T00:00:00
ECON,Membro,CARLOS APOLINARIO,2012-04-16T00:00:00,2012-04-18T00:00:00
ECON,Membro,GOULART,2012-04-16T00:00:00,2012-12-31T00:00:00
ECON,Membro,RICARDO TEIXEIRA,2012-04-16T00:00:00,2012-12-31T00:00:00
ECON,Presidente,ANTONIO CARLOS RODRIGUES,2012-04-18T00:00:00,2012-10-08T00:00:00
ECON,Membro,USHITARO KAMIA,2012-04-19T00:00:00,2012-12-31T00:00:00
ECON,Membro,OLIVEIRA,2012-10-09T00:00:00,2012-11-22T00:00:00
ECON,Membro,FERNANDO ESTIMA,2012-11-22T00:00:00,2012-11-29T00:00:00
ECON,Membro,OLIVEIRA,2012-11-29T00:00:00,2012-12-31T00:00:00
ECON,Membro,AURÉLIO MIGUEL,2013-02-26T00:00:00,2015-02-25T00:00:00
ECON,Membro,VAVÁ,2013-02-26T00:00:00,2016-02-26T00:00:00
ECON,Presidente,SENIVAL MOURA,2013-02-27T00:00:00,2015-02-25T00:00:00
ECON,Membro,CLAUDINHO DE SOUZA,2013-05-14T00:00:00,2013-05-16T00:00:00
ECON,Membro,CORONEL TELHADA,2013-05-14T00:00:00,2013-05-16T00:00:00
ECON,Membro,SOUZA SANTOS,2013-05-14T00:00:00,2013-05-16T00:00:00
ECON,Membro,ARI FRIEDENBACH,2014-04-02T00:00:00,2015-02-25T00:00:00
ECON,Membro,MARCO AURELIO CUNHA,2014-04-02T00:00:00,2015-05-18T00:00:00
ECON,Vice-presidente,CORONEL TELHADA,2014-04-02T00:00:00,2015-02-25T00:00:00
ECON,Membro,PATRÍCIA BEZERRA,2014-06-05T00:00:00,2014-06-05T00:00:00
ECON,Membro,REIS,2014-06-05T00:00:00,2014-06-05T00:00:00
ECON,Membro,ATÍLIO FRANCISCO,2015-02-25T00:00:00,2016-03-01T00:00:00
ECON,Membro,ADOLFO QUINTAS,2015-02-26T00:00:00,2016-02-26T00:00:00
ECON,Membro,RICARDO YOUNG,2015-02-26T00:00:00,2016-12-31T00:00:00
ECON,Presidente,TONINHO PAIVA,2015-02-26T00:00:00,2016-02-26T00:00:00
ECON,Vice-presidente,SENIVAL MOURA,2015-02-26T00:00:00,2016-12-31T00:00:00
ECON,Membro,SALOMÃO PEREIRA,2015-04-08T00:00:00,2015-04-08T00:00:00
ECON,Membro,USHITARO KAMIA,2015-05-19T00:00:00,2015-05-27T00:00:00
ECON,Membro,SALOMÃO PEREIRA,2015-05-27T00:00:00,2016-12-31T00:00:00
ECON,Membro,CLAUDIO FONSECA,2015-08-17T00:00:00,2015-09-16T00:00:00
ECON,Membro,EDIR SALES,2016-02-27T00:00:00,2016-03-01T00:00:00
ECON,Membro,RICARDO TEIXEIRA,2016-02-27T00:00:00,2016-12-31T00:00:00
ECON,Membro,TONINHO PAIVA,2016-02-27T00:00:00,2016-12-31T00:00:00
ECON,Membro,ADILSON AMADEU,2016-03-01T00:00:00,2016-12-31T00:00:00
ECON,Presidente,POLICE,2016-03-01T00:00:00,2016-12-31T00:00:00
ECON,Membro,ABOU ANNI,2016-03-16T00:00:00,2016-03-16T00:00:00
ECON,Membro,ABOU ANNI,2017-02-09T00:00:00,2017-08-22T00:00:00
ECON,Membro,ADILSON AMADEU,2017-02-09T00:00:00,2017-02-14T00:00:00
ECON,Membro,ALESSANDRO GUEDES,2017-02-09T00:00:00,2019-02-14T00:00:00
ECON,Membro,CONTE LOPES,2017-02-09T00:00:00,2019-02-14T00:00:00
ECON,Membro,FERNANDO HOLIDAY,2017-02-09T00:00:00,2017-02-13T00:00:00
ECON,Membro,JOÃO JORGE,2017-02-09T00:00:00,2018-02-20T00:00:00
ECON,Membro,SENIVAL MOURA,2017-02-09T00:00:00,2017-02-09T00:00:00
ECON,Presidente,SENIVAL MOURA,2017-02-10T00:00:00,2018-02-20T00:00:00
ECON,Membro,RICARDO TEIXEIRA,2017-02-14T00:00:00,2020-03-06T00:00:00
ECON,Vice-presidente,ADILSON AMADEU,2017-02-15T00:00:00,2018-02-20T00:00:00
ECON,Membro,GILBERTO NATALINI,2017-08-22T00:00:00,2018-02-20T00:00:00
ECON,Membro,NOEMI NONATO,2017-11-07T00:00:00,2017-11-07T00:00:00
ECON,Membro,ADILSON AMADEU,2018-02-21T00:00:00,2018-02-21T00:00:00
ECON,Membro,GEORGE HATO,2018-02-21T00:00:00,2020-03-06T00:00:00
ECON,Membro,SENIVAL MOURA,2018-02-21T00:00:00,2018-02-21T00:00:00
ECON,Membro,XEXÉU TRIPOLI,2018-02-21T00:00:00,2020-03-06T00:00:00
ECON,Presidente,SENIVAL MOURA,2018-02-22T00:00:00,2019-02-14T00:00:00
ECON,Vice-presidente,ADILSON AMADEU,2018-02-22T00:00:00,2019-02-14T00:00:00
ECON,Membro,ADILSON AMADEU,2019-02-15T00:00:00,2019-02-19T00:00:00
ECON,Membro,MARIO COVAS NETO,2019-02-15T00:00:00,2020-12-31T00:00:00
ECON,Membro,QUITO FORMIGA,2019-02-15T00:00:00,2019-09-17T00:00:00
ECON,Membro,SENIVAL MOURA,2019-02-15T00:00:00,2019-02-19T00:00:00
ECON,Presidente,SENIVAL MOURA,2019-02-20T00:00:00,2020-03-06T00:00:00
ECON,Vice-presidente,ADILSON AMADEU,2019-02-20T00:00:00,2020-03-06T00:00:00
ECON,Membro,JOÃO JORGE,2019-09-18T00:00:00,2019-09-19T00:00:00
ECON,Membro,QUITO FORMIGA,2019-09-18T00:00:00,2019-09-18T00:00:00
ECON,Membro,QUITO FORMIGA,2019-09-20T00:00:00,2020-12-09T00:00:00
ECON,Membro,ADILSON AMADEU,2020-03-07T00:00:00,2020-03-09T00:00:00
ECON,Membro,ALESSANDRO GUEDES,2020-03-07T00:00:00,2020-12-31T00:00:00
ECON,Membro,JANAÍNA LIMA,2020-03-07T00:00:00,2020-09-30T00:00:00
ECON,Membro,PAULO FRANGE,2020-03-07T00:00:00,2020-12-31T00:00:00
ECON,Membro,SENIVAL MOURA,2020-03-07T00:00:00,2020-03-09T00:00:00
ECON,Presidente,SENIVAL MOURA,2020-03-10T00:00:00,2020-12-31T00:00:00
ECON,Vice-presidente,ADILSON AMADEU,2020-03-10T00:00:00,2020-12-31T00:00:00
ECON,Membro,RODRIGO FONSECA,2020-09-30T00:00:00,2020-11-16T00:00:00
ECON,Membro,JANAÍNA LIMA,2020-11-16T00:00:00,2020-12-31T00:00:00
ECON,Membro,BETO DO SOCIAL,2020-12-10T00:00:00,2020-12-31T00:00:00
ECON,Membro,CAMILO CRISTÓFARO,2021-02-11T00:00:00,2023-09-19T00:00:00
ECON,Membro,DANILO DO POSTO DE SAÚDE,2021-02-11T00:00:00,2021-10-14T00:00:00
ECON,Membro,JOÃO JORGE,2021-02-11T00:00:00,2021-10-12T00:00:00
ECON,Membro,MARLON LUZ,2021-02-11T00:00:00,2021-12-31T00:00:00
ECON,Membro,RICARDO TEIXEIRA,2021-02-11T00:00:00,2021-07-05T00:00:00
ECON,Presidente,SENIVAL MOURA,2021-02-11T00:00:00,2022-02-16T00:00:00
ECON,Vice-presidente,ADILSON AMADEU,2021-02-11T00:00:00,2022-02-16T00:00:00
ECON,Membro,MISSIONÁRIO JOSÉ OLÍMPIO,2021-07-06T00:00:00,2021-08-05T00:00:00
ECON,Membro,RICARDO TEIXEIRA,2021-08-06T00:00:00,2021-08-08T00:00:00
ECON,Membro,MISSIONÁRIO JOSÉ OLÍMPIO,2021-08-09T00:00:00,2022-02-16T00:00:00
ECON,Membro,DANIEL ANNENBERG,2021-10-13T00:00:00,2021-11-03T00:00:00
ECON,Membro,FELIPE FRANCO,2021-10-15T00:00:00,2021-11-14T00:00:00
ECON,Membro,GEORGE HATO,2021-11-04T00:00:00,2022-02-16T00:00:00
ECON,Membro,DANILO DO POSTO DE SAÚDE,2021-11-15T00:00:00,2022-02-16T00:00:00
ECON,Membro,LIGIERI,2022-01-01T00:00:00,2022-01-31T00:00:00
ECON,Membro,MARLON LUZ,2022-02-01T00:00:00,2023-02-06T00:00:00
ECON,Membro,ADILSON AMADEU,2022-02-17T00:00:00,2022-02-22T00:00:00
ECON,Membro,FARIA DE SÁ,2022-02-17T00:00:00,2022-06-16T00:00:00
ECON,Membro,JOÃO JORGE,2022-02-17T00:00:00,2024-02-19T00:00:00
ECON,Membro,LUANA ALVES,2022-02-17T00:00:00,2022-03-09T00:00:00
ECON,Membro,SENIVAL MOURA,2022-02-17T00:00:00,2022-02-22T00:00:00
ECON,Presidente,SENIVAL MOURA,2022-02-23T00:00:00,2023-02-06T00:00:00
ECON,Vice-presidente,ADILSON AMADEU,2022-02-23T00:00:00,2023-02-06T00:00:00
ECON,Membro,MISSIONÁRIO JOSÉ OLÍMPIO,2022-03-10T00:00:00,2022-08-23T00:00:00
ECON,Membro,MAJOR PALUMBO,2022-06-22T00:00:00,2023-02-06T00:00:00
ECON,Membro,RICARDO TEIXEIRA,2022-08-24T00:00:00,2022-08-25T00:00:00
ECON,Membro,MISSIONÁRIO JOSÉ OLÍMPIO,2022-08-26T00:00:00,2022-11-08T00:00:00
ECON,Membro,RICARDO TEIXEIRA,2022-11-09T00:00:00,2022-11-10T00:00:00
ECON,Membro,MISSIONÁRIO JOSÉ OLÍMPIO,2022-11-10T00:00:00,2022-11-28T00:00:00
ECON,Membro,RICARDO TEIXEIRA,2022-11-29T00:00:00,2022-11-29T00:00:00
ECON,Membro,MISSIONÁRIO JOSÉ OLÍMPIO,2022-11-30T00:00:00,2022-12-29T00:00:00
ECON,Membro,RICARDO TEIXEIRA,2022-12-30T00:00:00,2023-01-23T00:00:00
ECON,Membro,MISSIONÁRIO JOSÉ OLÍMPIO,2023-01-24T00:00:00,2023-05-14T00:00:00
ECON,Membro,ADILSON AMADEU,2023-02-07T00:00:00,2023-02-07T00:00:00
ECON,Membro,ANDRÉ SANTOS,2023-02-07T00:00:00,2023-02-07T00:00:00
ECON,Membro,RODOLFO DESPACHANTE,2023-02-07T00:00:00,2023-12-20T00:00:00
ECON,Membro,SENIVAL MOURA,2023-02-07T00:00:00,2023-02-07T00:00:00
ECON,Membro,GEORGE HATO,2023-02-08T00:00:00,2023-03-08T00:00:00
ECON,Presidente,SENIVAL MOURA,2023-02-08T00:00:00,2024-02-19T00:00:00
ECON,Vice-presidente,ADILSON AMADEU,2023-02-08T00:00:00,2024-02-19T00:00:00
ECON,Membro,DANILO DO POSTO DE SAÚDE,2023-03-09T00:00:00,2024-02-19T00:00:00
ECON,Membro,RICARDO TEIXEIRA,2023-05-15T00:00:00,2024-02-21T00:00:00
ECON,Membro,DR. ADRIANO SANTOS,2023-09-20T00:00:00,2024-02-19T00:00:00
ECON,Membro,GILBERTO NASCIMENTO,2023-12-21T00:00:00,2023-12-21T00:00:00
ECON,Membro,RODOLFO DESPACHANTE,2023-12-22T00:00:00,2024-02-19T00:00:00
ECON,Membro,ADILSON AMADEU,2024-02-20T00:00:00,2024-02-20T00:00:00
ECON,Membro,BETO DO SOCIAL,2024-02-20T00:00:00,2024-04-04T00:00:00
ECON,Membro,CORONEL SALLES,2024-02-20T00:00:00,2024-02-21T00:00:00
ECON,Membro,FERNANDO HOLIDAY,2024-02-20T00:00:00,2024-12-31T00:00:00
ECON,Membro,LUANA ALVES,2024-02-20T00:00:00,2024-12-31T00:00:00
ECON,Membro,SENIVAL MOURA,2024-02-20T00:00:00,2024-02-20T00:00:00
ECON,Presidente,SENIVAL MOURA,2024-02-21T00:00:00,2024-12-31T00:00:00
ECON,Vice-presidente,ADILSON AMADEU,2024-02-21T00:00:00,2024-12-31T00:00:00
ECON,Membro,DRA. SANDRA TADEU,2024-02-22T00:00:00,2024-12-31T00:00:00
ECON,Membro,NUNES PEIXEIRO,2024-02-22T00:00:00,2024-12-31T00:00:00
ECON,Membro,CARLOS BEZERRA JR.,2024-04-05T00:00:00,2024-12-31T00:00:00
ECON,Membro,GILBERTO NASCIMENTO,2025-03-13T00:00:00,2026-03-03T00:00:00
ECON,Membro,KENJI ITO,2025-03-13T00:00:00,2026-03-03T00:00:00
ECON,Membro,PASTORA SANDRA ALVES,2025-03-13T00:00:00,2025-03-18T00:00:00
ECON,Membro,PAULO FRANGE,2025-03-13T00:00:00,2026-03-31T00:00:00
ECON,Membro,RENATA FALZONI,2025-03-13T00:00:00,
ECON,Membro,RODRIGO GOULART,2025-03-13T00:00:00,2025-03-13T00:00:00
ECON,Presidente,SENIVAL MOURA,2025-03-13T00:00:00,2026-03-03T00:00:00
ECON,Membro,CARLOS BEZERRA JR.,2025-03-14T00:00:00,2025-06-10T00:00:00
ECON,Vice-presidente,PASTORA SANDRA ALVES,2025-03-19T00:00:00,2025-11-13T00:00:00
ECON,Membro,RODRIGO GOULART,2025-06-11T00:00:00,2025-06-11T00:00:00
ECON,Membro,CARLOS BEZERRA JR.,2025-06-12T00:00:00,
ECON,Membro,ADILSON AMADEU,2025-11-17T00:00:00,2025-12-14T00:00:00
ECON,Vice-presidente,PASTORA SANDRA ALVES,2025-12-15T00:00:00,2026-03-03T00:00:00
ECON,Membro,KENJI ITO,2026-03-04T00:00:00,2026-03-04T00:00:00
ECON,Membro,LUANA ALVES,2026-03-04T00:00:00,
ECON,Membro,NABIL BONDUKI,2026-03-04T00:00:00,2026-03-04T00:00:00
ECON,Membro,RUTE COSTA,2026-03-04T00:00:00,
ECON,Presidente,NABIL BONDUKI,2026-03-05T00:00:00,
ECON,Vice-presidente,KENJI ITO,2026-03-05T00:00:00,
ECON,Membro,LUNA ZARATTINI,2026-04-01T00:00:00,2026-04-01T00:00:00
ECON,Membro,SIDNEY CRUZ,2026-04-01T00:00:00,2026-08-16T00:00:00
ECON,Membro,SENIVAL MOURA,2026-05-11T00:00:00,2026-05-19T00:00:00
ECON,Membro,SENIVAL MOURA,2026-05-21T00:00:00,2026-05-22T00:00:00
ECON,Membro,NUNES PEIXEIRO,2026-08-18T00:00:00,2026-10-16T00:00:00
ECON,Membro,SIDNEY CRUZ,2026-10-17T00:00:00,
EDUC,Membro,AURELINO DE ANDRADE,1991-08-01T00:00:00,1992-02-12T00:00:00
EDUC,Membro,EDER JOFRE,1991-08-01T00:00:00,1992-02-12T00:00:00
EDUC,Membro,JUAREZ SOARES,1991-08-01T00:00:00,1992-02-12T00:00:00
EDUC,Membro,LIDIA CORREA,1991-08-01T00:00:00,1992-02-12T00:00:00
EDUC,Membro,MAURICIO FARIA,1991-08-01T00:00:00,1992-02-12T00:00:00
EDUC,Presidente,NELSON GUERRA,1991-08-01T00:00:00,1992-02-12T00:00:00
EDUC,Vice-presidente,ALBERTINO NOBRE,1991-08-01T00:00:00,1992-02-12T00:00:00
EDUC,Membro,PAULO ROBERTO FARIA LIMA,1991-08-23T00:00:00,1991-09-22T00:00:00
EDUC,Membro,ANTONIO JOSE DA SILVA FILHO (BIRO-BIRO),1992-02-13T00:00:00,1992-12-31T00:00:00
EDUC,Membro,JOSE VIVIANI FERRAZ,1992-02-13T00:00:00,1992-12-31T00:00:00
EDUC,Membro,JUAREZ SOARES,1992-02-13T00:00:00,1992-12-31T00:00:00
EDUC,Membro,MAURICIO FARIA,1992-02-13T00:00:00,1992-12-31T00:00:00
EDUC,Membro,NELSON GUERRA,1992-02-13T00:00:00,1992-12-31T00:00:00
EDUC,Presidente,AURELINO DE ANDRADE,1992-02-13T00:00:00,1992-12-31T00:00:00
EDUC,Vice-presidente,WALTER FELDMAN,1992-02-13T00:00:00,1992-05-13T00:00:00
EDUC,Membro,GILSON BARRETO,1992-05-14T00:00:00,1992-06-13T00:00:00
EDUC,Vice-presidente,WALTER FELDMAN,1992-06-14T00:00:00,1992-11-30T00:00:00
EDUC,Membro,GILSON BARRETO,1992-12-01T00:00:00,1992-12-31T00:00:00
EDUC,Membro,AVANIR DURAN GALHARDO,1993-03-10T00:00:00,1994-03-23T00:00:00
EDUC,Membro,COSME LOPES,1993-03-10T00:00:00,1996-12-31T00:00:00
EDUC,Membro,DALMO PESSOA,1993-03-10T00:00:00,1994-05-30T00:00:00
EDUC,Membro,EDER JOFRE,1993-03-10T00:00:00,1996-12-31T00:00:00
EDUC,Membro,WADIH MUTRAN,1993-03-10T00:00:00,1996-12-31T00:00:00
EDUC,Presidente,MAURICIO FARIA,1993-03-10T00:00:00,1996-12-31T00:00:00
EDUC,Vice-presidente,OSVALDO GIANNOTTI,1993-03-10T00:00:00,1994-04-10T00:00:00
EDUC,Membro,ALBERTO HIAR,1994-03-25T00:00:00,1994-04-23T00:00:00
EDUC,Membro,MOHAMAD SAID MOURAD,1994-04-11T00:00:00,1994-05-11T00:00:00
EDUC,Membro,AVANIR DURAN GALHARDO,1994-04-24T00:00:00,1994-04-24T00:00:00
EDUC,Membro,ALBERTO HIAR,1994-04-25T00:00:00,1995-01-31T00:00:00
EDUC,Vice-presidente,OSVALDO GIANNOTTI,1994-05-12T00:00:00,1995-10-09T00:00:00
EDUC,Membro,EDSON SIMOES,1994-05-31T00:00:00,1994-07-10T00:00:00
EDUC,Membro,DALMO PESSOA,1994-07-11T00:00:00,1995-08-07T00:00:00
EDUC,Membro,EDSON SIMOES,1995-02-01T00:00:00,1995-03-15T00:00:00
EDUC,Membro,AVANIR DURAN GALHARDO,1995-03-15T00:00:00,1995-08-07T00:00:00
EDUC,Membro,EDSON SIMOES,1995-03-21T00:00:00,1995-03-21T00:00:00
EDUC,Membro,AVANIR DURAN GALHARDO,1995-08-07T00:00:00,1996-12-31T00:00:00
EDUC,Membro,DALMO PESSOA,1995-08-07T00:00:00,1996-12-31T00:00:00
EDUC,Membro,ERCI AYALA,1995-08-07T00:00:00,1995-08-07T00:00:00
EDUC,Membro,EVALDO SILVA,1995-10-10T00:00:00,1995-10-20T00:00:00
EDUC,Membro,DITO SALIM,1995-10-21T00:00:00,1995-11-09T00:00:00
EDUC,Vice-presidente,OSVALDO GIANNOTTI,1995-11-10T00:00:00,1996-12-31T00:00:00
EDUC,Membro,ANA MARIA QUADROS,1997-03-13T00:00:00,1999-03-10T00:00:00
EDUC,Membro,ITALO CARDOSO,1997-03-13T00:00:00,1999-03-10T00:00:00
EDUC,Membro,JOOJI HATO,1997-03-13T00:00:00,1998-03-11T00:00:00
EDUC,Membro,JOSE IZAR,1997-03-13T00:00:00,1998-03-11T00:00:00
EDUC,Membro,MIGUEL COLASUONNO,1997-03-13T00:00:00,1998-03-11T00:00:00
EDUC,Membro,PIERRE ALEXANDRE DE FREITAS,1997-03-13T00:00:00,1998-03-11T00:00:00
EDUC,Presidente,COSME LOPES,1997-03-13T00:00:00,1998-05-19T00:00:00
EDUC,Membro,CELSO CARDOSO,1998-03-12T00:00:00,1999-03-10T00:00:00
EDUC,Membro,OSVALDO ENEAS,1998-03-12T00:00:00,1999-03-10T00:00:00
EDUC,Membro,VICENTE CANDIDO DA SILVA,1998-03-12T00:00:00,1998-10-28T00:00:00
EDUC,Vice-presidente,JOOJI HATO,1998-03-12T00:00:00,1999-03-10T00:00:00
EDUC,Membro,ARCHIBALDO ZANCRA,1998-05-19T00:00:00,1998-05-26T00:00:00
EDUC,Membro,ALAN LOPES,1998-05-20T00:00:00,1998-05-19T00:00:00
EDUC,Presidente,COSME LOPES,1998-07-01T00:00:00,1999-03-10T00:00:00
EDUC,Membro,CARLOS ZARATTINI,1998-10-29T00:00:00,1998-12-09T00:00:00
EDUC,Membro,VICENTE CANDIDO DA SILVA,1998-12-10T00:00:00,1999-05-24T00:00:00
EDUC,Membro,ALAN LOPES,1999-03-11T00:00:00,2000-02-26T00:00:00
EDUC,Membro,ARCHIBALDO ZANCRA,1999-03-11T00:00:00,1999-07-30T00:00:00
EDUC,Membro,JOOJI HATO,1999-03-11T00:00:00,2000-02-26T00:00:00
EDUC,Presidente,ANA MARIA QUADROS,1999-03-11T00:00:00,2000-02-26T00:00:00
EDUC,Vice-presidente,JOSE VIVIANI FERRAZ,1999-03-11T00:00:00,2000-02-26T00:00:00
EDUC,Membro,OSVALDO SANCHES,1999-03-16T00:00:00,1999-03-24T00:00:00
EDUC,Membro,EMILIO MENEGHINI,1999-03-25T00:00:00,2000-10-10T00:00:00
EDUC,Membro,JOÃO ANTONIO,1999-05-25T00:00:00,1999-06-14T00:00:00
EDUC,Membro,VICENTE CANDIDO DA SILVA,1999-06-27T00:00:00,1999-12-14T00:00:00
EDUC,Membro,COSME LOPES,1999-08-01T00:00:00,2000-02-26T00:00:00
EDUC,Membro,VICENTE CANDIDO DA SILVA,2000-01-15T00:00:00,2000-10-10T00:00:00
EDUC,Membro,IVO MORGANTI,2000-02-26T00:00:00,2000-10-10T00:00:00
EDUC,Membro,JOSE MENTOR,2000-02-26T00:00:00,2000-12-31T00:00:00
EDUC,Membro,JOSE VIVIANI FERRAZ,2000-02-26T00:00:00,2000-10-10T00:00:00
EDUC,Presidente,AURELINO DE ANDRADE,2000-02-26T00:00:00,2000-10-10T00:00:00
EDUC,Vice-presidente,ANA MARIA QUADROS,2000-02-26T00:00:00,2000-10-10T00:00:00
EDUC,Membro,CARLOS GIANNAZI,2001-02-22T00:00:00,2002-02-28T00:00:00
EDUC,Membro,ERASMO DIAS,2001-02-22T00:00:00,2001-10-11T00:00:00
EDUC,Membro,MISSIONÁRIO JOSÉ OLÍMPIO,2001-02-22T00:00:00,2002-02-28T00:00:00
EDUC,Membro,RAUL CORTEZ,2001-02-22T00:00:00,2003-02-12T00:00:00
EDUC,Membro,WILLIAM WOO,2001-02-22T00:00:00,2002-02-28T00:00:00
EDUC,Presidente,BETO CUSTODIO,2001-02-22T00:00:00,2003-02-12T00:00:00
EDUC,Vice-presidente,CLAUDIO FONSECA,2001-02-22T00:00:00,2002-02-28T00:00:00
EDUC,Membro,CELSO CARDOSO,2001-10-11T00:00:00,2003-02-12T00:00:00
EDUC,Membro,EDIVALDO ESTIMA,2002-02-13T00:00:00,2003-02-12T00:00:00
EDUC,Presidente,BETO CUSTODIO,2002-02-13T00:00:00,2004-03-25T00:00:00
EDUC,Membro,CALVO,2002-03-01T00:00:00,2002-04-25T00:00:00
EDUC,Membro,HAVANIR NIMTZ,2002-03-01T00:00:00,2003-02-12T00:00:00
EDUC,Membro,JOSE MENTOR,2002-03-01T00:00:00,2002-10-10T00:00:00
EDUC,Presidente,GILBERTO NATALINI,2002-03-01T00:00:00,2003-02-12T00:00:00
EDUC,Membro,JORGE TABA,2002-04-26T00:00:00,2002-05-25T00:00:00
EDUC,Membro,CALVO,2002-05-27T00:00:00,2003-02-12T00:00:00
EDUC,Membro,FRANCISCO CHAGAS,2002-10-10T00:00:00,2002-11-10T00:00:00
EDUC,Membro,JOSE MENTOR,2002-11-11T00:00:00,2003-01-31T00:00:00
EDUC,Membro,CARLOS GIANNAZI,2003-02-13T00:00:00,2004-03-25T00:00:00
EDUC,Membro,DOMINGOS DISSEI,2003-02-13T00:00:00,2004-03-25T00:00:00
EDUC,Membro,MARCOS ZERBINI,2003-02-13T00:00:00,2004-03-25T00:00:00
EDUC,Membro,MARIO DIAS,2003-02-13T00:00:00,2003-03-17T00:00:00
EDUC,Membro,WILLIAM WOO,2003-02-13T00:00:00,2004-03-25T00:00:00
EDUC,Membro,EDIVALDO ESTIMA,2003-03-18T00:00:00,2004-03-25T00:00:00
EDUC,Membro,TITA DIAS,2003-03-21T00:00:00,2004-03-25T00:00:00
EDUC,Membro,CARLOS APOLINARIO,2003-09-17T00:00:00,2003-09-17T00:00:00
EDUC,Membro,MYRYAM ATHIE,2003-09-17T00:00:00,2003-09-17T00:00:00
EDUC,Membro,BETO CUSTODIO,2004-03-26T00:00:00,2004-12-31T00:00:00
EDUC,Membro,DOMINGOS DISSEI,2004-03-26T00:00:00,2004-12-31T00:00:00
EDUC,Membro,JOSE LAURINDO,2004-03-26T00:00:00,2004-03-30T00:00:00
EDUC,Membro,MARCOS ZERBINI,2004-03-26T00:00:00,2004-03-31T00:00:00
EDUC,Membro,TITA DIAS,2004-03-26T00:00:00,2004-12-31T00:00:00
EDUC,Presidente,ELISEU GABRIEL,2004-03-26T00:00:00,2004-12-31T00:00:00
EDUC,Vice-presidente,VANDERLEI JANGROSSI,2004-03-26T00:00:00,2004-12-31T00:00:00
EDUC,Membro,JOÃO ANTONIO,2004-03-30T00:00:00,2004-03-31T00:00:00
EDUC,Membro,CARLOS GIANNAZI,2004-03-31T00:00:00,2004-03-31T00:00:00
EDUC,Membro,DALTON SILVANO,2004-03-31T00:00:00,2004-03-31T00:00:00
EDUC,Membro,JOSE NOGUEIRA,2004-03-31T00:00:00,2004-03-31T00:00:00
EDUC,Membro,CARLOS GIANNAZI,2004-04-01T00:00:00,2004-12-31T00:00:00
EDUC,Membro,MARCOS ZERBINI,2004-04-01T00:00:00,2004-12-31T00:00:00
EDUC,Membro,AURÉLIO NOMURA,2005-02-16T00:00:00,2006-03-08T00:00:00
EDUC,Membro,BETO CUSTODIO,2005-02-16T00:00:00,2006-03-08T00:00:00
EDUC,Membro,CARLOS APOLINARIO,2005-02-16T00:00:00,2006-03-08T00:00:00
EDUC,Membro,CLAUDINHO DE SOUZA,2005-02-16T00:00:00,2006-03-08T00:00:00
EDUC,Presidente,CLAUDETE ALVES,2005-02-16T00:00:00,2006-03-08T00:00:00
EDUC,Vice-presidente,MYRYAM ATHIE,2005-02-16T00:00:00,2006-03-08T00:00:00
EDUC,Membro,ADEMIR DA GUIA,2005-02-17T00:00:00,2006-03-08T00:00:00
EDUC,Membro,BETO CUSTODIO,2006-03-09T00:00:00,2008-12-31T00:00:00
EDUC,Membro,CARLOS APOLINARIO,2006-03-09T00:00:00,2006-05-30T00:00:00
EDUC,Membro,CLAUDETE ALVES,2006-03-09T00:00:00,2006-04-25T00:00:00
EDUC,Membro,JOSÉ ANÍBAL,2006-03-09T00:00:00,2007-01-31T00:00:00
EDUC,Membro,MYRYAM ATHIE,2006-03-09T00:00:00,2008-12-31T00:00:00
EDUC,Presidente,CLAUDINHO DE SOUZA,2006-03-09T00:00:00,2008-02-20T00:00:00
EDUC,Vice-presidente,CARLOS GIANNAZI,2006-03-09T00:00:00,2007-03-14T00:00:00
EDUC,Membro,SENIVAL MOURA,2006-04-26T00:00:00,2006-10-05T00:00:00
EDUC,Membro,BILU VILLELA,2006-05-31T00:00:00,2006-10-05T00:00:00
EDUC,Membro,BILU VILLELA,2006-07-11T00:00:00,2006-10-05T00:00:00
EDUC,Membro,CLAUDETE ALVES,2006-10-06T00:00:00,2008-12-31T00:00:00
EDUC,Membro,CARLOS APOLINARIO,2006-11-01T00:00:00,2008-12-31T00:00:00
EDUC,Membro,ADEMIR DA GUIA,2007-02-01T00:00:00,2008-12-31T00:00:00
EDUC,Membro,EDIVALDO ESTIMA,2007-02-01T00:00:00,2008-12-31T00:00:00
EDUC,Membro,ELISEU GABRIEL,2007-02-01T00:00:00,2008-02-20T00:00:00
EDUC,Membro,TIÃO FARIAS,2007-02-01T00:00:00,2008-12-31T00:00:00
EDUC,Membro,CALVO,2007-03-15T00:00:00,2007-03-20T00:00:00
EDUC,Membro,CARLOS NEDER,2007-04-18T00:00:00,2008-02-27T00:00:00
EDUC,Membro,CLAUDINHO DE SOUZA,2008-02-21T00:00:00,2008-12-31T00:00:00
EDUC,Membro,DOMINGOS DISSEI,2008-02-21T00:00:00,2008-12-31T00:00:00
EDUC,Membro,GOULART,2008-02-21T00:00:00,2008-05-20T00:00:00
EDUC,Presidente,MYRYAM ATHIE,2008-02-21T00:00:00,2008-12-31T00:00:00
EDUC,Vice-presidente,ELISEU GABRIEL,2008-02-21T00:00:00,2008-12-31T00:00:00
EDUC,Membro,JOOJI HATO,2008-05-20T00:00:00,2008-12-31T00:00:00
EDUC,Membro,JOOJI HATO,2008-05-28T00:00:00,2008-12-31T00:00:00
EDUC,Membro,ALFREDINHO,2009-02-12T00:00:00,2010-02-09T00:00:00
EDUC,Membro,CLAUDINHO DE SOUZA,2009-02-12T00:00:00,2010-02-09T00:00:00
EDUC,Membro,CLAUDIO FONSECA,2009-02-12T00:00:00,2010-02-09T00:00:00
EDUC,Membro,NETINHO DE PAULA,2009-02-12T00:00:00,2010-02-09T00:00:00
EDUC,Presidente,ELISEU GABRIEL,2009-02-12T00:00:00,2010-02-09T00:00:00
EDUC,Vice-presidente,MARCO AURELIO CUNHA,2009-02-12T00:00:00,2009-10-06T00:00:00
EDUC,Membro,EDIR SALES,2009-10-07T00:00:00,2009-11-05T00:00:00
EDUC,Vice-presidente,MARCO AURELIO CUNHA,2009-11-06T00:00:00,2010-02-09T00:00:00
EDUC,Membro,HEIDA LI,2009-12-29T00:00:00,2010-01-28T00:00:00
EDUC,Membro,ALFREDINHO,2010-02-10T00:00:00,2012-04-16T00:00:00
EDUC,Membro,CELSO JATENE,2010-02-10T00:00:00,2010-11-23T00:00:00
EDUC,Membro,CLAUDIO FONSECA,2010-02-10T00:00:00,2011-03-15T00:00:00
EDUC,Membro,JOOJI HATO,2010-02-10T00:00:00,2010-03-16T00:00:00
EDUC,Membro,MISSIONÁRIO JOSÉ OLÍMPIO,2010-02-10T00:00:00,2010-05-03T00:00:00
EDUC,Presidente,CLAUDINHO DE SOUZA,2010-02-10T00:00:00,2011-03-15T00:00:00
EDUC,Vice-presidente,MARCO AURELIO CUNHA,2010-02-10T00:00:00,2011-03-15T00:00:00
EDUC,Membro,WADIH MUTRAN,2010-04-22T00:00:00,2010-04-23T00:00:00
EDUC,Membro,ATTILA RUSSOMANNO,2010-05-04T00:00:00,2010-06-03T00:00:00
EDUC,Membro,MISSIONÁRIO JOSÉ OLÍMPIO,2010-06-07T00:00:00,2011-01-31T00:00:00
EDUC,Membro,PAULO FRANGE,2010-06-30T00:00:00,2010-06-30T00:00:00
EDUC,Membro,PAULO FRANGE,2010-08-04T00:00:00,2010-08-04T00:00:00
EDUC,Membro,PAULO FRANGE,2010-09-15T00:00:00,2010-09-15T00:00:00
EDUC,Membro,NETINHO DE PAULA,2010-11-24T00:00:00,2011-03-14T00:00:00
EDUC,Membro,ATTILA RUSSOMANNO,2011-02-01T00:00:00,2012-04-16T00:00:00
EDUC,Membro,FLORIANO PESARO,2011-02-24T00:00:00,2011-02-24T00:00:00
EDUC,Membro,CLAUDINHO DE SOUZA,2011-03-16T00:00:00,2011-12-31T00:00:00
EDUC,Membro,NETINHO DE PAULA,2011-03-16T00:00:00,2012-04-16T00:00:00
EDUC,Presidente,CLAUDIO FONSECA,2011-03-16T00:00:00,2012-04-16T00:00:00
EDUC,Membro,ABOU ANNI,2011-03-21T00:00:00,2011-03-21T00:00:00
EDUC,Membro,AGNALDO TIMÓTEO,2011-03-22T00:00:00,2012-04-16T00:00:00
EDUC,Membro,CARLOS APOLINARIO,2011-03-22T00:00:00,2012-04-16T00:00:00
EDUC,Membro,JAMIL MURAD,2011-04-06T00:00:00,2011-04-06T00:00:00
EDUC,Membro,QUITO FORMIGA,2011-10-05T00:00:00,2011-10-05T00:00:00
EDUC,Membro,JAMIL MURAD,2011-11-30T00:00:00,2011-11-30T00:00:00
EDUC,Membro,GOULART,2012-01-01T00:00:00,2012-04-16T00:00:00
EDUC,Membro,ATTILA RUSSOMANNO,2012-04-18T00:00:00,2012-12-31T00:00:00
EDUC,Membro,CARLOS APOLINARIO,2012-04-18T00:00:00,2012-12-31T00:00:00
EDUC,Membro,ELISEU GABRIEL,2012-04-18T00:00:00,2012-12-31T00:00:00
EDUC,Membro,ITALO CARDOSO,2012-04-18T00:00:00,2012-12-31T00:00:00
EDUC,Membro,MARTA COSTA,2012-04-18T00:00:00,2012-12-31T00:00:00
EDUC,Membro,NETINHO DE PAULA,2012-04-18T00:00:00,2012-12-31T00:00:00
EDUC,Presidente,CLAUDIO FONSECA,2012-04-18T00:00:00,2012-12-31T00:00:00
EDUC,Membro,FLORIANO PESARO,2013-02-26T00:00:00,2013-02-26T00:00:00
EDUC,Membro,ORLANDO SILVA,2013-02-26T00:00:00,2014-04-01T00:00:00
EDUC,Membro,OTA,2013-02-26T00:00:00,2015-02-26T00:00:00
EDUC,Membro,PROFESSOR TONINHO VESPOLI,2013-02-26T00:00:00,2016-12-31T00:00:00
EDUC,Membro,REIS,2013-02-26T00:00:00,2013-02-26T00:00:00
EDUC,Presidente,REIS,2013-02-27T00:00:00,2016-12-31T00:00:00
EDUC,Membro,PATRÍCIA BEZERRA,2013-06-05T00:00:00,2013-06-05T00:00:00
EDUC,Membro,FLORIANO PESARO,2013-06-06T00:00:00,2014-04-01T00:00:00
EDUC,Membro,PATRÍCIA BEZERRA,2013-10-16T00:00:00,2013-10-16T00:00:00
EDUC,Membro,NETINHO DE PAULA,2014-04-01T00:00:00,2014-04-02T00:00:00
EDUC,Membro,CLAUDINHO DE SOUZA,2014-04-02T00:00:00,2016-12-31T00:00:00
EDUC,Vice-presidente,ELISEU GABRIEL,2014-04-02T00:00:00,2016-12-31T00:00:00
EDUC,Membro,GILSON BARRETO,2014-05-26T00:00:00,2014-05-27T00:00:00
EDUC,Membro,FLORIANO PESARO,2014-05-28T00:00:00,2014-05-28T00:00:00
EDUC,Membro,VALDECIR CABRABOM,2014-06-26T00:00:00,2014-08-01T00:00:00
EDUC,Membro,NOEMI NONATO,2014-09-09T00:00:00,2014-09-09T00:00:00
EDUC,Membro,VALDECIR CABRABOM,2015-02-04T00:00:00,2015-02-04T00:00:00
EDUC,Membro,MARTA COSTA,2015-02-11T00:00:00,2015-02-11T00:00:00
EDUC,Membro,VALDECIR CABRABOM,2015-02-11T00:00:00,2015-02-11T00:00:00
EDUC,Membro,VALDECIR CABRABOM,2015-02-24T00:00:00,2015-02-26T00:00:00
EDUC,Membro,MARQUITO,2015-02-26T00:00:00,2016-02-27T00:00:00
EDUC,Membro,MARTA COSTA,2015-02-26T00:00:00,2015-03-14T00:00:00
EDUC,Membro,CORONEL TELHADA,2015-02-27T00:00:00,2015-03-14T00:00:00
EDUC,Membro,QUITO FORMIGA,2015-03-17T00:00:00,2016-02-27T00:00:00
EDUC,Membro,SALOMÃO PEREIRA,2015-03-17T00:00:00,2015-05-27T00:00:00
EDUC,Membro,USHITARO KAMIA,2015-05-27T00:00:00,2016-02-27T00:00:00
EDUC,Membro,DRA. SANDRA TADEU,2015-09-24T00:00:00,2015-09-24T00:00:00
EDUC,Membro,PAULO FIORILO,2016-02-27T00:00:00,2016-12-31T00:00:00
EDUC,Membro,PR. EDEMILSON CHAVES,2016-02-27T00:00:00,2016-12-31T00:00:00
EDUC,Membro,VALDECIR CABRABOM,2016-02-27T00:00:00,2016-04-02T00:00:00
EDUC,Membro,JEAN MADEIRA,2016-04-02T00:00:00,2016-12-31T00:00:00
EDUC,Membro,ALINE CARDOSO,2017-02-09T00:00:00,2017-02-14T00:00:00
EDUC,Membro,ARSELINO TATTO,2017-02-09T00:00:00,2019-02-14T00:00:00
EDUC,Membro,CELSO JATENE,2017-02-09T00:00:00,2018-02-20T00:00:00
EDUC,Membro,CLAUDIO FONSECA,2017-02-09T00:00:00,2017-02-09T00:00:00
EDUC,Membro,DALTON SILVANO,2017-02-09T00:00:00,2017-02-10T00:00:00
EDUC,Membro,GEORGE HATO,2017-02-09T00:00:00,2017-08-15T00:00:00
EDUC,Membro,PROFESSOR TONINHO VESPOLI,2017-02-09T00:00:00,2017-03-08T00:00:00
EDUC,Membro,DAVID SOARES,2017-02-10T00:00:00,2018-02-20T00:00:00
EDUC,Presidente,CLAUDIO FONSECA,2017-02-10T00:00:00,2018-02-20T00:00:00
EDUC,Vice-presidente,ALINE CARDOSO,2017-02-15T00:00:00,2017-07-21T00:00:00
EDUC,Membro,ISA PENNA,2017-03-08T00:00:00,2017-04-07T00:00:00
EDUC,Membro,PROFESSOR TONINHO VESPOLI,2017-04-08T00:00:00,2020-12-31T00:00:00
EDUC,Membro,JEAN MADEIRA,2017-05-07T00:00:00,2017-05-08T00:00:00
EDUC,Membro,CAIO MIRANDA CARNEIRO,2017-07-21T00:00:00,2017-08-08T00:00:00
EDUC,Membro,ELISEU GABRIEL,2017-08-09T00:00:00,2018-02-21T00:00:00
EDUC,Vice-presidente,GEORGE HATO,2017-08-16T00:00:00,2018-02-20T00:00:00
EDUC,Membro,REIS,2017-09-12T00:00:00,2017-09-12T00:00:00
EDUC,Membro,CLAUDINHO DE SOUZA,2018-02-21T00:00:00,2018-12-20T00:00:00
EDUC,Membro,EDUARDO MATARAZZO SUPLICY,2018-02-21T00:00:00,2020-12-31T00:00:00
EDUC,Membro,JANAÍNA LIMA,2018-02-21T00:00:00,2018-11-22T00:00:00
EDUC,Membro,ZÉ TURIN,2018-02-21T00:00:00,2018-02-21T00:00:00
EDUC,Presidente,ELISEU GABRIEL,2018-02-22T00:00:00,2019-02-14T00:00:00
EDUC,Vice-presidente,ZÉ TURIN,2018-02-22T00:00:00,2019-02-14T00:00:00
EDUC,Membro,SENIVAL MOURA,2018-04-11T00:00:00,2018-04-11T00:00:00
EDUC,Membro,REIS,2018-04-17T00:00:00,2018-04-17T00:00:00
EDUC,Membro,ALESSANDRO GUEDES,2018-05-03T00:00:00,2018-05-03T00:00:00
EDUC,Membro,ALESSANDRO GUEDES,2018-06-13T00:00:00,2018-06-13T00:00:00
EDUC,Membro,REIS,2018-06-20T00:00:00,2018-06-20T00:00:00
EDUC,Membro,RINALDI DIGILIO,2018-11-23T00:00:00,2019-02-14T00:00:00
EDUC,Membro,ANTONIO DONATO,2018-11-27T00:00:00,2018-11-27T00:00:00
EDUC,Membro,DALTON SILVANO,2018-12-21T00:00:00,2018-12-26T00:00:00
EDUC,Membro,CLAUDINHO DE SOUZA,2018-12-27T00:00:00,2020-12-31T00:00:00
EDUC,Membro,SENIVAL MOURA,2019-02-13T00:00:00,2019-02-13T00:00:00
EDUC,Membro,BETO DO SOCIAL,2019-02-15T00:00:00,2019-04-01T00:00:00
EDUC,Membro,ELISEU GABRIEL,2019-02-15T00:00:00,2019-02-19T00:00:00
EDUC,Membro,GILBERTO NASCIMENTO,2019-02-15T00:00:00,2020-12-31T00:00:00
EDUC,Membro,JAIR TATTO,2019-02-15T00:00:00,2019-02-19T00:00:00
EDUC,Presidente,ELISEU GABRIEL,2019-02-20T00:00:00,2020-03-06T00:00:00
EDUC,Vice-presidente,JAIR TATTO,2019-02-20T00:00:00,2020-03-06T00:00:00
EDUC,Membro,PATRÍCIA BEZERRA,2019-02-27T00:00:00,2019-02-27T00:00:00
EDUC,Membro,DANIEL ANNENBERG,2019-04-02T00:00:00,2019-04-02T00:00:00
EDUC,Membro,BETO DO SOCIAL,2019-04-03T00:00:00,2019-12-03T00:00:00
EDUC,Membro,QUITO FORMIGA,2019-11-13T00:00:00,2019-11-13T00:00:00
EDUC,Membro,DANIEL ANNENBERG,2019-12-04T00:00:00,2020-03-06T00:00:00
EDUC,Membro,ALESSANDRO GUEDES,2019-12-18T00:00:00,2019-12-18T00:00:00
EDUC,Membro,ELISEU GABRIEL,2020-03-07T00:00:00,2020-03-09T00:00:00
EDUC,Membro,JAIR TATTO,2020-03-07T00:00:00,2020-03-09T00:00:00
EDUC,Membro,XEXÉU TRIPOLI,2020-03-07T00:00:00,2020-12-31T00:00:00
EDUC,Presidente,ELISEU GABRIEL,2020-03-10T00:00:00,2020-12-31T00:00:00
EDUC,Vice-presidente,JAIR TATTO,2020-03-10T00:00:00,2020-12-31T00:00:00
EDUC,Membro,EDUARDO MATARAZZO SUPLICY,2021-02-11T00:00:00,2023-03-14T00:00:00
EDUC,Membro,ELI CORRÊA,2021-02-11T00:00:00,2022-02-16T00:00:00
EDUC,Membro,ERIKA HILTON,2021-02-11T00:00:00,2021-03-03T00:00:00
EDUC,Membro,SANDRA SANTANA,2021-02-11T00:00:00,2022-02-16T00:00:00
EDUC,Membro,SONAIRA FERNANDES,2021-02-11T00:00:00,2022-03-16T00:00:00
EDUC,Presidente,ELISEU GABRIEL,2021-02-11T00:00:00,2022-02-16T00:00:00
EDUC,Vice-presidente,CRIS MONTEIRO,2021-02-11T00:00:00,2022-02-16T00:00:00
EDUC,Membro,CELSO GIANNAZI,2021-03-03T00:00:00,2022-02-22T00:00:00
EDUC,Membro,DANIEL ANNENBERG,2022-02-17T00:00:00,2022-08-23T00:00:00
EDUC,Membro,DELEGADO PALUMBO,2022-02-17T00:00:00,2023-01-31T00:00:00
EDUC,Membro,ELISEU GABRIEL,2022-02-17T00:00:00,2022-02-22T00:00:00
EDUC,Membro,ROBERTO TRÍPOLI,2022-02-17T00:00:00,2023-02-08T00:00:00
EDUC,Presidente,ELISEU GABRIEL,2022-02-23T00:00:00,2022-02-23T00:00:00
EDUC,Vice-presidente,CELSO GIANNAZI,2022-02-23T00:00:00,2022-02-23T00:00:00
EDUC,Membro,DR. ADRIANO SANTOS,2022-02-24T00:00:00,2022-03-26T00:00:00
EDUC,Presidente,CELSO GIANNAZI,2022-02-24T00:00:00,2022-03-26T00:00:00
EDUC,Membro,SANDRA SANTANA,2022-03-09T00:00:00,2022-03-10T00:00:00
EDUC,Membro,JORGE WILSON FILHO,2022-03-17T00:00:00,2022-06-01T00:00:00
EDUC,Presidente,ELISEU GABRIEL,2022-03-27T00:00:00,2023-02-06T00:00:00
EDUC,Vice-presidente,CELSO GIANNAZI,2022-03-27T00:00:00,2023-02-06T00:00:00
EDUC,Membro,SANDRA SANTANA,2022-04-05T00:00:00,2022-04-05T00:00:00
EDUC,Membro,SONAIRA FERNANDES,2022-06-02T00:00:00,2022-12-31T00:00:00
EDUC,Membro,CARLOS BEZERRA JR.,2022-08-24T00:00:00,2022-08-25T00:00:00
EDUC,Membro,DANIEL ANNENBERG,2022-08-26T00:00:00,2022-11-08T00:00:00
EDUC,Membro,CARLOS BEZERRA JR.,2022-11-09T00:00:00,2022-11-10T00:00:00
EDUC,Membro,DANIEL ANNENBERG,2022-11-10T00:00:00,2022-11-28T00:00:00
EDUC,Membro,CARLOS BEZERRA JR.,2022-11-29T00:00:00,2022-11-29T00:00:00
EDUC,Membro,DANIEL ANNENBERG,2022-11-30T00:00:00,2023-02-07T00:00:00
EDUC,Membro,JORGE WILSON FILHO,2023-01-01T00:00:00,2023-08-09T00:00:00
EDUC,Membro,NUNES PEIXEIRO,2023-02-01T00:00:00,2023-02-07T00:00:00
EDUC,Membro,CORONEL SALLES,2023-02-07T00:00:00,2023-11-09T00:00:00
EDUC,Membro,ELAINE DO QUILOMBO PERIFÉRICO,2023-02-07T00:00:00,2024-12-31T00:00:00
EDUC,Presidente,EDIR SALES,2023-02-08T00:00:00,2024-01-08T00:00:00
EDUC,Vice-presidente,NUNES PEIXEIRO,2023-02-08T00:00:00,2024-01-08T00:00:00
EDUC,Membro,CELSO GIANNAZI,2023-02-09T00:00:00,2024-12-31T00:00:00
EDUC,Membro,MANOEL DEL RIO,2023-03-15T00:00:00,2023-03-16T00:00:00
EDUC,Membro,LUNA ZARATTINI,2023-03-17T00:00:00,2024-12-31T00:00:00
EDUC,Membro,FERNANDO HOLIDAY,2023-08-10T00:00:00,2024-02-19T00:00:00
EDUC,Membro,WALDIR JÚNIOR,2023-11-14T00:00:00,2024-02-08T00:00:00
EDUC,Membro,CORONEL SALLES,2024-01-09T00:00:00,2024-02-19T00:00:00
EDUC,Presidente,NUNES PEIXEIRO,2024-01-09T00:00:00,2024-02-08T00:00:00
EDUC,Presidente,EDIR SALES,2024-02-09T00:00:00,2024-02-19T00:00:00
EDUC,Membro,CRIS MONTEIRO,2024-02-20T00:00:00,2024-05-21T00:00:00
EDUC,Membro,EDIR SALES,2024-02-20T00:00:00,2024-02-20T00:00:00
EDUC,Membro,NUNES PEIXEIRO,2024-02-20T00:00:00,2024-02-21T00:00:00
EDUC,Membro,SANDRA SANTANA,2024-02-20T00:00:00,2024-02-20T00:00:00
EDUC,Presidente,EDIR SALES,2024-02-21T00:00:00,2024-12-31T00:00:00
EDUC,Vice-presidente,SANDRA SANTANA,2024-02-21T00:00:00,2024-12-31T00:00:00
EDUC,Membro,CORONEL SALLES,2024-02-22T00:00:00,2024-12-31T00:00:00
EDUC,Membro,EDSON JAPÃO,2024-05-22T00:00:00,2024-06-21T00:00:00
EDUC,Membro,CRIS MONTEIRO,2024-06-22T00:00:00,2024-12-31T00:00:00
EDUC,Membro,ADRILLES JORGE,2025-03-13T00:00:00,2026-07-13T00:00:00
EDUC,Membro,CELSO GIANNAZI,2025-03-13T00:00:00,
EDUC,Membro,ELISEU GABRIEL,2025-03-13T00:00:00,
EDUC,Membro,GEORGE HATO,2025-03-13T00:00:00,
EDUC,Membro,LUNA ZARATTINI,2025-03-13T00:00:00,2026-03-03T00:00:00
EDUC,Presidente,SONAIRA FERNANDES,2025-03-13T00:00:00,2026-03-03T00:00:00
EDUC,Vice-presidente,CRIS MONTEIRO,2025-03-13T00:00:00,2026-03-03T00:00:00
EDUC,Membro,SANDRA SANTANA,2025-08-27T00:00:00,2025-08-27T00:00:00
EDUC,Membro,PROFESSOR TONINHO VESPOLI,2025-10-15T00:00:00,2025-10-15T00:00:00
EDUC,Membro,LUCAS PAVANATO,2025-11-12T00:00:00,2025-11-12T00:00:00
EDUC,Membro,RUTE COSTA,2025-11-26T00:00:00,2025-11-26T00:00:00
EDUC,Membro,CRIS MONTEIRO,2026-03-04T00:00:00,2026-03-04T00:00:00
EDUC,Membro,SENIVAL MOURA,2026-03-04T00:00:00,
EDUC,Membro,SONAIRA FERNANDES,2026-03-04T00:00:00,2026-03-04T00:00:00
EDUC,Presidente,SONAIRA FERNANDES,2026-03-05T00:00:00,
EDUC,Vice-presidente,CRIS MONTEIRO,2026-03-05T00:00:00,
EDUC,Membro,SILVÃO LEITE,2026-05-20T00:00:00,2026-05-20T00:00:00
EDUC,Membro,MARCELO MESSIAS,2026-05-27T00:00:00,2026-05-27T00:00:00
EDUC,Membro,SILVIA DA BANCADA FEMINISTA,2026-05-27T00:00:00,2026-05-27T00:00:00
EDUC,Membro,GUILHERME CORRÊA,2026-07-14T00:00:00,2026-08-05T00:00:00
EDUC,Membro,ADRILLES JORGE,2026-08-06T00:00:00,2026-08-06T00:00:00
EDUC,Membro,GUILHERME CORRÊA,2026-08-07T00:00:00,2026-10-09T00:00:00
EDUC,Membro,SANDRA SANTANA,2026-09-02T00:00:00,2026-09-02T00:00:00
EDUC,Membro,ADRILLES JORGE,2026-10-10T00:00:00,
FIN,Membro,BRUNO FEDER,1991-02-19T00:00:00,1992-12-31T00:00:00
FIN,Membro,ALFREDO MARTINS,1991-08-01T00:00:00,1991-09-23T00:00:00
FIN,Membro,ALMIR GUIMARAES,1991-08-01T00:00:00,1992-02-18T00:00:00
FIN,Membro,ANTONIO SAMPAIO,1991-08-01T00:00:00,1992-02-18T00:00:00
FIN,Membro,DEVANIR RIBEIRO,1991-08-01T00:00:00,1992-12-31T00:00:00
FIN,Presidente,JAMIL ACHOA,1991-08-01T00:00:00,1992-12-31T00:00:00
FIN,Vice-presidente,PAULO KOBAYASHI,1991-08-01T00:00:00,1991-12-31T00:00:00
FIN,Membro,JOAO APARECIDO DE PAULA,1991-09-24T00:00:00,1992-04-13T00:00:00
FIN,Membro,ODILON GUEDES,1991-10-24T00:00:00,1991-12-03T00:00:00
FIN,Membro,CHICO WHITAKER,1991-12-06T00:00:00,1992-11-30T00:00:00
FIN,Membro,ARNALDO MADEIRA,1992-02-01T00:00:00,1995-02-02T00:00:00
FIN,Membro,ANTONIO SAMPAIO,1992-02-19T00:00:00,1992-02-19T00:00:00
FIN,Membro,FERMINO FECHIO FILHO,1992-02-19T00:00:00,1992-12-31T00:00:00
FIN,Membro,ALFREDO MARTINS,1992-04-14T00:00:00,1992-12-31T00:00:00
FIN,Membro,ARMELINDO PASSONI,1992-12-01T00:00:00,1992-12-31T00:00:00
FIN,Presidente,MIGUEL COLASUONNO,1993-03-10T00:00:00,1994-01-01T00:00:00
FIN,Membro,ANTONIO CARLOS CARUSO,1993-03-11T00:00:00,1994-03-24T00:00:00
FIN,Membro,GILBERTO KASSAB,1993-03-11T00:00:00,1995-03-15T00:00:00
FIN,Membro,GUILHERME GIANETTI,1993-03-11T00:00:00,1995-03-15T00:00:00
FIN,Membro,HANNA GHARIB,1993-03-11T00:00:00,1997-03-04T00:00:00
FIN,Membro,JOSE INDIO FERREIRA DO NASCIMENTO,1993-03-11T00:00:00,1997-03-04T00:00:00
FIN,Membro,ODILON GUEDES,1993-03-11T00:00:00,1996-12-31T00:00:00
FIN,Vice-presidente,ALMIR GUIMARAES,1993-03-11T00:00:00,1996-12-31T00:00:00
FIN,Membro,ZENAS PIRES,1994-04-05T00:00:00,1994-12-31T00:00:00
FIN,Membro,VICENTE VISCOME,1994-06-10T00:00:00,1997-03-04T00:00:00
FIN,Membro,ALBERTO HIAR,1994-12-31T00:00:00,1995-01-31T00:00:00
FIN,Membro,ZENAS PIRES,1995-02-01T00:00:00,1995-08-08T00:00:00
FIN,Membro,ANA MARIA QUADROS,1995-02-02T00:00:00,1995-03-15T00:00:00
FIN,Membro,NELSON GUIMARAES PROENCA,1995-02-15T00:00:00,1995-08-23T00:00:00
FIN,Membro,ARNALDO MADEIRA,1995-03-15T00:00:00,1995-03-15T00:00:00
FIN,Membro,EDSON SIMOES,1995-03-15T00:00:00,1997-03-04T00:00:00
FIN,Membro,GABRIEL ORTEGA,1995-03-15T00:00:00,1995-03-15T00:00:00
FIN,Membro,MOHAMAD SAID MOURAD,1995-03-15T00:00:00,1997-03-04T00:00:00
FIN,Membro,EDSON SIMOES,1995-03-21T00:00:00,1995-03-21T00:00:00
FIN,Membro,LEVY RUFINO DA SILVA,1995-08-08T00:00:00,1995-09-07T00:00:00
FIN,Membro,RUBENS ROMANO,1995-08-23T00:00:00,1995-09-22T00:00:00
FIN,Membro,ZENAS PIRES,1995-09-08T00:00:00,1996-12-31T00:00:00
FIN,Membro,NELSON GUIMARAES PROENCA,1995-09-23T00:00:00,1996-02-26T00:00:00
FIN,Membro,RUBENS ROMANO,1996-02-26T00:00:00,1996-02-26T00:00:00
FIN,Membro,NELSON GUERRA,1996-02-27T00:00:00,1996-03-28T00:00:00
FIN,Membro,NELSON GUIMARAES PROENCA,1996-03-29T00:00:00,1997-03-04T00:00:00
FIN,Membro,PAULO ROBERTO FARIA LIMA,1997-02-26T00:00:00,1997-02-27T00:00:00
FIN,Membro,ALAN LOPES,1997-03-04T00:00:00,1997-03-17T00:00:00
FIN,Membro,HANNA GHARIB,1997-03-04T00:00:00,1999-03-10T00:00:00
FIN,Membro,HENRIQUE PACHECO,1997-03-04T00:00:00,1998-03-05T00:00:00
FIN,Membro,JOSE EDUARDO CARDOZO,1997-03-04T00:00:00,2000-02-26T00:00:00
FIN,Membro,JOSE INDIO FERREIRA DO NASCIMENTO,1997-03-04T00:00:00,1997-09-11T00:00:00
FIN,Membro,NATALICIO BEZERRA SILVA,1997-03-04T00:00:00,1999-03-10T00:00:00
FIN,Presidente,DITO SALIM,1997-03-04T00:00:00,1999-03-10T00:00:00
FIN,Vice-presidente,LIDIA CORREA,1997-03-04T00:00:00,1998-03-05T00:00:00
FIN,Membro,VICENTE VISCOME,1997-03-05T00:00:00,1999-03-10T00:00:00
FIN,Membro,PAULO ROBERTO FARIA LIMA,1997-03-18T00:00:00,1998-03-05T00:00:00
FIN,Membro,ALAN LOPES,1997-09-11T00:00:00,1997-12-05T00:00:00
FIN,Membro,JOSE INDIO FERREIRA DO NASCIMENTO,1997-12-06T00:00:00,1998-03-05T00:00:00
FIN,Membro,ALBERTO HIAR,1998-03-06T00:00:00,1998-06-09T00:00:00
FIN,Membro,LIDIA CORREA,1998-03-06T00:00:00,2000-02-26T00:00:00
FIN,Vice-presidente,PAULO ROBERTO FARIA LIMA,1998-03-06T00:00:00,1999-03-10T00:00:00
FIN,Membro,PIERRE ALEXANDRE DE FREITAS,1998-06-09T00:00:00,1999-01-01T00:00:00
FIN,Membro,DITO SALIM,1999-03-11T00:00:00,2000-02-26T00:00:00
FIN,Membro,MIGUEL COLASUONNO,1999-03-11T00:00:00,2000-12-12T00:00:00
FIN,Membro,MOHAMAD SAID MOURAD,1999-03-11T00:00:00,2000-02-26T00:00:00
FIN,Membro,PAULO ROBERTO FARIA LIMA,1999-03-11T00:00:00,2000-02-26T00:00:00
FIN,Presidente,JOSE MENTOR,1999-03-11T00:00:00,2000-02-26T00:00:00
FIN,Vice-presidente,CELSO CARDOSO,1999-03-11T00:00:00,2000-02-26T00:00:00
FIN,Membro,ASSIR PEREIRA,1999-12-14T00:00:00,2000-01-13T00:00:00
FIN,Membro,DALTON SILVANO,2000-01-14T00:00:00,2000-12-31T00:00:00
FIN,Membro,ITALO CARDOSO,2000-02-26T00:00:00,2000-12-31T00:00:00
FIN,Membro,JORGE TABA,2000-02-26T00:00:00,2000-12-31T00:00:00
FIN,Membro,JOSE SILVA AMORIM,2000-02-26T00:00:00,2000-12-31T00:00:00
FIN,Membro,LUIZ PASCHOAL,2000-02-26T00:00:00,2000-12-31T00:00:00
FIN,Membro,SALIM CURIATI,2000-02-26T00:00:00,2000-12-31T00:00:00
FIN,Presidente,PAULO ROBERTO FARIA LIMA,2000-02-26T00:00:00,2000-12-31T00:00:00
FIN,Vice-presidente,DITO SALIM,2000-02-26T00:00:00,2000-12-31T00:00:00
FIN,Membro,MYRYAM ATHIE,2000-12-12T00:00:00,2000-12-31T00:00:00
FIN,Membro,ADRIANO DIOGO,2001-02-22T00:00:00,2002-02-28T00:00:00
FIN,Membro,ATÍLIO FRANCISCO,2001-02-22T00:00:00,2002-02-28T00:00:00
FIN,Membro,AUGUSTO CAMPOS,2001-02-22T00:00:00,2003-02-13T00:00:00
FIN,Membro,ITALO CARDOSO,2001-02-22T00:00:00,2002-02-28T00:00:00
FIN,Membro,JOSE VIVIANI FERRAZ,2001-02-22T00:00:00,2003-02-13T00:00:00
FIN,Membro,MILTON LEITE,2001-02-22T00:00:00,2003-02-13T00:00:00
FIN,Membro,RICARDO MONTORO,2001-02-22T00:00:00,2002-02-28T00:00:00
FIN,Presidente,ELISEU GABRIEL,2001-02-22T00:00:00,2002-02-28T00:00:00
FIN,Vice-presidente,WADIH MUTRAN,2001-02-22T00:00:00,2002-02-28T00:00:00
FIN,Membro,ANA MARTINS,2002-03-12T00:00:00,2002-06-05T00:00:00
FIN,Membro,GILSON BARRETO,2002-03-12T00:00:00,2003-02-13T00:00:00
FIN,Membro,PAULO FRANGE,2002-03-12T00:00:00,2003-02-13T00:00:00
FIN,Membro,SALIM CURIATI,2002-03-12T00:00:00,2003-02-13T00:00:00
FIN,Presidente,ADRIANO DIOGO,2002-03-12T00:00:00,2003-01-31T00:00:00
FIN,Vice-presidente,ELISEU GABRIEL,2002-03-12T00:00:00,2003-02-13T00:00:00
FIN,Membro,ALCIDES AMAZONAS,2002-06-05T00:00:00,2002-06-07T00:00:00
FIN,Membro,ANA MARTINS,2002-06-07T00:00:00,2003-02-13T00:00:00
FIN,Membro,ANTONIO CARLOS RODRIGUES,2003-02-13T00:00:00,2004-03-25T00:00:00
FIN,Membro,CLAUDIO FONSECA,2003-02-13T00:00:00,2004-03-25T00:00:00
FIN,Membro,ELISEU GABRIEL,2003-02-13T00:00:00,2003-10-02T00:00:00
FIN,Membro,GILSON BARRETO,2003-02-13T00:00:00,2004-03-25T00:00:00
FIN,Membro,JOSE LAURINDO,2003-02-13T00:00:00,2003-09-23T00:00:00
FIN,Membro,ODILON GUEDES,2003-02-13T00:00:00,2004-03-25T00:00:00
FIN,Membro,PAULO FRANGE,2003-02-13T00:00:00,2004-03-25T00:00:00
FIN,Presidente,MILTON LEITE,2003-02-13T00:00:00,2004-03-25T00:00:00
FIN,Vice-presidente,SALIM CURIATI,2003-02-13T00:00:00,2004-03-25T00:00:00
FIN,Membro,RICARDO MONTORO,2003-06-24T00:00:00,2003-06-27T00:00:00
FIN,Membro,JOÃO ANTONIO,2003-09-23T00:00:00,2004-03-25T00:00:00
FIN,Membro,TONINHO CAMPANHA,2003-10-02T00:00:00,2004-03-25T00:00:00
FIN,Membro,CELSO JATENE,2003-12-05T00:00:00,2003-12-06T00:00:00
FIN,Membro,WILLIAM WOO,2003-12-18T00:00:00,2003-12-19T00:00:00
FIN,Membro,ANTONIO CARLOS RODRIGUES,2004-03-26T00:00:00,2004-12-31T00:00:00
FIN,Membro,CLAUDIO FONSECA,2004-03-26T00:00:00,2004-11-30T00:00:00
FIN,Membro,JOSE AMERICO,2004-03-26T00:00:00,2004-12-31T00:00:00
FIN,Membro,ODILON GUEDES,2004-03-26T00:00:00,2004-12-31T00:00:00
FIN,Membro,PAULO FRANGE,2004-03-26T00:00:00,2004-12-31T00:00:00
FIN,Membro,WADIH MUTRAN,2004-03-26T00:00:00,2004-08-17T00:00:00
FIN,Membro,WILLIAM WOO,2004-03-26T00:00:00,2004-12-31T00:00:00
FIN,Presidente,MILTON LEITE,2004-03-26T00:00:00,2004-12-31T00:00:00
FIN,Vice-presidente,GILSON BARRETO,2004-03-26T00:00:00,2004-12-31T00:00:00
FIN,Membro,BRASIL VITA,2004-08-17T00:00:00,2004-10-04T00:00:00
FIN,Membro,WADIH MUTRAN,2004-10-26T00:00:00,2004-12-31T00:00:00
FIN,Membro,ALCIDES AMAZONAS,2004-11-30T00:00:00,2004-12-31T00:00:00
FIN,Membro,ANTONIO CARLOS RODRIGUES,2005-02-16T00:00:00,2006-02-15T00:00:00
FIN,Membro,FRANCISCO CHAGAS,2005-02-16T00:00:00,2006-03-07T00:00:00
FIN,Membro,LENICE LEMOS,2005-02-16T00:00:00,2006-02-15T00:00:00
FIN,Membro,MILTON LEITE,2005-02-16T00:00:00,2008-12-31T00:00:00
FIN,Membro,PAULO FIORILO,2005-02-16T00:00:00,2007-09-11T00:00:00
FIN,Membro,PAULO FRANGE,2005-02-16T00:00:00,2008-12-31T00:00:00
FIN,Membro,POLICE,2005-02-16T00:00:00,2006-03-30T00:00:00
FIN,Membro,WADIH MUTRAN,2005-02-16T00:00:00,2006-02-15T00:00:00
FIN,Presidente,WILLIAM WOO,2005-02-16T00:00:00,2006-02-15T00:00:00
FIN,Membro,ANTONIO DONATO,2005-04-05T00:00:00,2005-04-06T00:00:00
FIN,Membro,ATTILA RUSSOMANNO,2006-02-16T00:00:00,2008-02-20T00:00:00
FIN,Membro,JUSCELINO GADELHA,2006-02-16T00:00:00,2007-02-17T00:00:00
FIN,Membro,MARTA COSTA,2006-02-16T00:00:00,2007-02-17T00:00:00
FIN,Presidente,ANTONIO CARLOS RODRIGUES,2006-02-16T00:00:00,2006-12-31T00:00:00
FIN,Membro,ARSELINO TATTO,2006-03-07T00:00:00,2006-03-09T00:00:00
FIN,Membro,SENIVAL MOURA,2006-03-10T00:00:00,2006-04-07T00:00:00
FIN,Membro,TIÃO FARIAS,2006-03-31T00:00:00,2006-04-11T00:00:00
FIN,Membro,FRANCISCO CHAGAS,2006-04-08T00:00:00,2008-02-20T00:00:00
FIN,Membro,GILBERTO NATALINI,2006-04-11T00:00:00,2007-02-01T00:00:00
FIN,Membro,MARCOS ZERBINI,2006-06-07T00:00:00,2006-06-07T00:00:00
FIN,Membro,POLICE,2007-02-12T00:00:00,2008-12-31T00:00:00
FIN,Membro,AURÉLIO MIGUEL,2007-02-17T00:00:00,2008-12-31T00:00:00
FIN,Membro,GILBERTO NATALINI,2007-02-17T00:00:00,2008-02-20T00:00:00
FIN,Membro,WADIH MUTRAN,2007-02-17T00:00:00,2008-02-20T00:00:00
FIN,Membro,ANTONIO DONATO,2007-09-11T00:00:00,2007-09-13T00:00:00
FIN,Membro,PAULO FIORILO,2007-09-13T00:00:00,2008-12-31T00:00:00
FIN,Membro,PAULO FIORILO,2007-09-20T00:00:00,2008-12-31T00:00:00
FIN,Membro,ANTONIO DONATO,2007-09-25T00:00:00,2008-12-31T00:00:00
FIN,Membro,ADOLFO QUINTAS,2008-02-20T00:00:00,2008-12-31T00:00:00
FIN,Membro,ROBERTO TRÍPOLI,2008-02-20T00:00:00,2008-12-31T00:00:00
FIN,Presidente,WADIH MUTRAN,2008-02-21T00:00:00,2008-12-31T00:00:00
FIN,Vice-presidente,FRANCISCO CHAGAS,2008-02-21T00:00:00,2008-12-31T00:00:00
FIN,Membro,JUSCELINO GADELHA,2008-11-12T00:00:00,2008-11-12T00:00:00
FIN,Membro,ADILSON AMADEU,2009-02-18T00:00:00,2011-03-16T00:00:00
FIN,Membro,ARSELINO TATTO,2009-02-18T00:00:00,2011-03-16T00:00:00
FIN,Membro,AURÉLIO MIGUEL,2009-02-18T00:00:00,2010-02-24T00:00:00
FIN,Membro,FLORIANO PESARO,2009-02-18T00:00:00,2010-02-09T00:00:00
FIN,Membro,GILSON BARRETO,2009-02-18T00:00:00,2011-03-16T00:00:00
FIN,Membro,MILTON LEITE,2009-02-18T00:00:00,2009-08-04T00:00:00
FIN,Membro,ROBERTO TRÍPOLI,2009-02-18T00:00:00,2010-02-09T00:00:00
FIN,Presidente,WADIH MUTRAN,2009-02-18T00:00:00,2010-02-09T00:00:00
FIN,Vice-presidente,ANTONIO DONATO,2009-02-18T00:00:00,2010-02-24T00:00:00
FIN,Membro,EDIR SALES,2009-08-05T00:00:00,2009-09-05T00:00:00
FIN,Membro,MILTON LEITE,2009-09-08T00:00:00,2011-03-16T00:00:00
FIN,Membro,AGNALDO TIMÓTEO,2009-11-11T00:00:00,2009-11-11T00:00:00
FIN,Membro,JOÃO ANTONIO,2009-12-07T00:00:00,2009-12-07T00:00:00
FIN,Membro,ATÍLIO FRANCISCO,2010-02-10T00:00:00,2012-12-31T00:00:00
FIN,Membro,SOUZA SANTOS,2010-02-10T00:00:00,2011-03-16T00:00:00
FIN,Presidente,ROBERTO TRÍPOLI,2010-02-10T00:00:00,2011-03-21T00:00:00
FIN,Membro,ANTONIO DONATO,2010-02-24T00:00:00,2012-12-31T00:00:00
FIN,Vice-presidente,AURÉLIO MIGUEL,2010-02-24T00:00:00,2011-03-16T00:00:00
FIN,Membro,CARLOS BEZERRA JR.,2010-10-20T00:00:00,2010-10-20T00:00:00
FIN,Membro,JOSE AMERICO,2011-02-24T00:00:00,2011-02-24T00:00:00
FIN,Membro,JOSÉ FERREIRA (ZELÃO),2011-02-24T00:00:00,2011-02-24T00:00:00
FIN,Membro,ANIBAL DE FREITAS FILHO,2011-03-22T00:00:00,2011-06-30T00:00:00
FIN,Membro,CELSO JATENE,2011-03-22T00:00:00,2012-02-09T00:00:00
FIN,Membro,FRANCISCO CHAGAS,2011-03-22T00:00:00,2011-03-22T00:00:00
FIN,Membro,MARCO AURELIO CUNHA,2011-03-22T00:00:00,2011-09-29T00:00:00
FIN,Membro,RICARDO TEIXEIRA,2011-03-22T00:00:00,2011-06-30T00:00:00
FIN,Membro,ROBERTO TRÍPOLI,2011-03-22T00:00:00,2012-11-22T00:00:00
FIN,Presidente,ANTONIO CARLOS RODRIGUES,2011-03-22T00:00:00,2012-04-16T00:00:00
FIN,Vice-presidente,FRANCISCO CHAGAS,2011-03-23T00:00:00,2012-04-18T00:00:00
FIN,Membro,ITALO CARDOSO,2011-04-19T00:00:00,2011-04-19T00:00:00
FIN,Membro,JOSE AMERICO,2011-04-19T00:00:00,2011-04-19T00:00:00
FIN,Membro,JOSE AMERICO,2011-06-09T00:00:00,2011-06-09T00:00:00
FIN,Membro,MARTA COSTA,2011-06-09T00:00:00,2011-06-09T00:00:00
FIN,Membro,EVERSON MARCOS,2011-07-01T00:00:00,2011-07-31T00:00:00
FIN,Membro,VICTOR KOBAYASHI,2011-07-01T00:00:00,2011-07-31T00:00:00
FIN,Membro,ANIBAL DE FREITAS FILHO,2011-08-01T00:00:00,2012-12-31T00:00:00
FIN,Membro,RICARDO TEIXEIRA,2011-08-01T00:00:00,2012-04-16T00:00:00
FIN,Membro,JOSE AMERICO,2011-09-01T00:00:00,2011-09-01T00:00:00
FIN,Membro,JOSE AMERICO,2011-09-28T00:00:00,2011-09-28T00:00:00
FIN,Membro,MILTON LEITE,2011-09-29T00:00:00,2012-04-18T00:00:00
FIN,Membro,CARLOS APOLINARIO,2011-12-08T00:00:00,2011-12-08T00:00:00
FIN,Membro,AURÉLIO MIGUEL,2011-12-09T00:00:00,2011-12-09T00:00:00
FIN,Membro,ABOU ANNI,2011-12-14T00:00:00,2011-12-14T00:00:00
FIN,Membro,ADILSON AMADEU,2012-02-09T00:00:00,2012-12-31T00:00:00
FIN,Membro,JULIANA CARDOSO,2012-04-03T00:00:00,2012-04-03T00:00:00
FIN,Membro,AURÉLIO MIGUEL,2012-04-16T00:00:00,2012-04-25T00:00:00
FIN,Membro,WADIH MUTRAN,2012-04-16T00:00:00,2012-12-31T00:00:00
FIN,Membro,FRANCISCO CHAGAS,2012-04-18T00:00:00,2012-12-31T00:00:00
FIN,Presidente,MILTON LEITE,2012-04-18T00:00:00,2012-12-31T00:00:00
FIN,Vice-presidente,AURÉLIO MIGUEL,2012-04-25T00:00:00,2012-12-31T00:00:00
FIN,Membro,ANTONIO CARLOS RODRIGUES,2012-05-02T00:00:00,2012-05-02T00:00:00
FIN,Membro,DRA. SANDRA TADEU,2012-06-14T00:00:00,2012-06-14T00:00:00
FIN,Membro,JOSE AMERICO,2012-06-14T00:00:00,2012-06-14T00:00:00
FIN,Membro,ATTILA RUSSOMANNO,2012-06-20T00:00:00,2012-06-20T00:00:00
FIN,Membro,PAULO FRANGE,2012-06-20T00:00:00,2012-06-20T00:00:00
FIN,Membro,AGNALDO TIMÓTEO,2012-08-29T00:00:00,2012-08-29T00:00:00
FIN,Membro,GOULART,2012-08-29T00:00:00,2012-08-29T00:00:00
FIN,Membro,OLIVEIRA,2012-10-17T00:00:00,2012-10-17T00:00:00
FIN,Membro,DALTON SILVANO,2012-11-22T00:00:00,2012-12-31T00:00:00
FIN,Membro,JOSE AMERICO,2012-12-03T00:00:00,2012-12-03T00:00:00
FIN,Membro,CHICO MACENA,2012-12-05T00:00:00,2012-12-05T00:00:00
FIN,Membro,JOSE AMERICO,2012-12-12T00:00:00,2012-12-12T00:00:00
FIN,Membro,ALFREDINHO,2012-12-17T00:00:00,2012-12-17T00:00:00
FIN,Membro,JOSE AMERICO,2012-12-18T00:00:00,2012-12-18T00:00:00
FIN,Membro,ADILSON AMADEU,2013-02-26T00:00:00,2016-02-29T00:00:00
FIN,Membro,AURÉLIO NOMURA,2013-02-26T00:00:00,2016-03-01T00:00:00
FIN,Membro,JAIR TATTO,2013-02-26T00:00:00,2016-12-31T00:00:00
FIN,Membro,MARTA COSTA,2013-02-26T00:00:00,2014-01-01T00:00:00
FIN,Membro,MILTON LEITE,2013-02-26T00:00:00,2013-02-27T00:00:00
FIN,Membro,PAULO FIORILO,2013-02-26T00:00:00,2015-03-02T00:00:00
FIN,Membro,RICARDO NUNES,2013-02-26T00:00:00,2016-12-31T00:00:00
FIN,Membro,ROBERTO TRÍPOLI,2013-02-26T00:00:00,2013-02-27T00:00:00
FIN,Membro,WADIH MUTRAN,2013-02-26T00:00:00,2013-11-13T00:00:00
FIN,Presidente,ROBERTO TRÍPOLI,2013-02-27T00:00:00,2014-04-01T00:00:00
FIN,Vice-presidente,MILTON LEITE,2013-02-27T00:00:00,2014-04-01T00:00:00
FIN,Membro,ABOU ANNI,2013-10-15T00:00:00,2013-10-15T00:00:00
FIN,Membro,ANDREA MATARAZZO,2013-10-23T00:00:00,2013-10-23T00:00:00
FIN,Membro,AURÉLIO MIGUEL,2013-10-23T00:00:00,2013-10-23T00:00:00
FIN,Membro,FLORIANO PESARO,2013-10-23T00:00:00,2013-10-23T00:00:00
FIN,Membro,ALFREDINHO,2013-10-24T00:00:00,2013-10-24T00:00:00
FIN,Membro,WADIH MUTRAN,2013-11-13T00:00:00,2014-03-01T00:00:00
FIN,Membro,DALTON SILVANO,2013-11-26T00:00:00,2013-11-26T00:00:00
FIN,Membro,ALFREDINHO,2013-11-27T00:00:00,2013-11-27T00:00:00
FIN,Membro,MARCO AURELIO CUNHA,2014-01-01T00:00:00,2014-03-18T00:00:00
FIN,Membro,ELISEU GABRIEL,2014-03-01T00:00:00,2014-04-01T00:00:00
FIN,Membro,DAVID SOARES,2014-03-18T00:00:00,2015-02-25T00:00:00
FIN,Membro,ABOU ANNI,2014-04-02T00:00:00,2014-06-26T00:00:00
FIN,Presidente,MILTON LEITE,2014-04-02T00:00:00,2015-02-25T00:00:00
FIN,Vice-presidente,LAÉRCIO BENKO,2014-04-02T00:00:00,2015-02-25T00:00:00
FIN,Membro,DALTON SILVANO,2014-04-08T00:00:00,2014-04-08T00:00:00
FIN,Membro,POLICE,2014-04-30T00:00:00,2014-04-30T00:00:00
FIN,Membro,CONTE LOPES,2014-05-06T00:00:00,2014-05-08T00:00:00
FIN,Membro,MARCOS BELIZÁRIO,2014-05-07T00:00:00,2014-05-08T00:00:00
FIN,Membro,DALTON SILVANO,2014-05-20T00:00:00,2014-05-20T00:00:00
FIN,Membro,FLORIANO PESARO,2014-05-26T00:00:00,2014-05-27T00:00:00
FIN,Membro,PAULO FRANGE,2014-05-26T00:00:00,2014-05-27T00:00:00
FIN,Membro,ALFREDINHO,2014-06-05T00:00:00,2014-06-05T00:00:00
FIN,Membro,ANTONIO DONATO,2014-06-05T00:00:00,2014-06-05T00:00:00
FIN,Membro,VAVÁ,2014-06-25T00:00:00,2014-06-25T00:00:00
FIN,Membro,ABOU ANNI,2014-06-26T00:00:00,2014-06-26T00:00:00
FIN,Membro,RICARDO TEIXEIRA,2014-06-26T00:00:00,2014-07-10T00:00:00
FIN,Membro,ABOU ANNI,2014-07-10T00:00:00,2016-12-31T00:00:00
FIN,Membro,ALFREDINHO,2014-08-06T00:00:00,2014-08-07T00:00:00
FIN,Membro,ANTONIO DONATO,2014-09-03T00:00:00,2014-09-03T00:00:00
FIN,Membro,ALFREDINHO,2014-09-10T00:00:00,2014-09-10T00:00:00
FIN,Membro,DALTON SILVANO,2014-12-02T00:00:00,2014-12-02T00:00:00
FIN,Membro,DALTON SILVANO,2014-12-09T00:00:00,2014-12-09T00:00:00
FIN,Membro,SOUZA SANTOS,2014-12-09T00:00:00,2014-12-09T00:00:00
FIN,Membro,OTA,2015-02-26T00:00:00,2016-12-31T00:00:00
FIN,Membro,POLICE,2015-02-26T00:00:00,2015-03-02T00:00:00
FIN,Membro,MILTON LEITE,2015-03-03T00:00:00,2016-01-01T00:00:00
FIN,Presidente,POLICE,2015-03-03T00:00:00,2016-02-29T00:00:00
FIN,Vice-presidente,PAULO FIORILO,2015-03-03T00:00:00,2016-02-26T00:00:00
FIN,Membro,NELO RODOLFO,2015-05-06T00:00:00,2015-05-06T00:00:00
FIN,Membro,DRA. SANDRA TADEU,2015-06-16T00:00:00,2015-06-16T00:00:00
FIN,Membro,EDUARDO TUMA,2015-06-16T00:00:00,2015-06-16T00:00:00
FIN,Membro,EDUARDO TUMA,2015-06-30T00:00:00,2015-06-30T00:00:00
FIN,Membro,JULIANA CARDOSO,2015-08-20T00:00:00,2015-08-20T00:00:00
FIN,Membro,VALDECIR CABRABOM,2015-08-20T00:00:00,2015-08-20T00:00:00
FIN,Membro,DRA. SANDRA TADEU,2015-09-09T00:00:00,2015-09-09T00:00:00
FIN,Membro,NELO RODOLFO,2015-09-16T00:00:00,2015-09-16T00:00:00
FIN,Membro,DRA. SANDRA TADEU,2015-10-28T00:00:00,2015-10-28T00:00:00
FIN,Membro,ADOLFO QUINTAS,2016-02-27T00:00:00,2016-12-31T00:00:00
FIN,Membro,ATÍLIO FRANCISCO,2016-03-01T00:00:00,2016-12-31T00:00:00
FIN,Membro,EDIR SALES,2016-03-01T00:00:00,2016-12-31T00:00:00
FIN,Presidente,JONAS CAMISA NOVA,2016-03-01T00:00:00,2016-12-31T00:00:00
FIN,Vice-presidente,AURÉLIO NOMURA,2016-03-01T00:00:00,2016-12-31T00:00:00
FIN,Membro,ATÍLIO FRANCISCO,2017-02-09T00:00:00,2020-12-31T00:00:00
FIN,Membro,AURÉLIO NOMURA,2017-02-09T00:00:00,2018-02-20T00:00:00
FIN,Membro,ISAC FÉLIX,2017-02-09T00:00:00,2017-02-14T00:00:00
FIN,Membro,JAIR TATTO,2017-02-09T00:00:00,2017-02-09T00:00:00
FIN,Membro,OTA,2017-02-09T00:00:00,2020-12-31T00:00:00
FIN,Membro,RODRIGO GOMES,2017-02-09T00:00:00,2017-04-17T00:00:00
FIN,Membro,RODRIGO GOULART,2017-02-09T00:00:00,2018-04-12T00:00:00
FIN,Membro,XEXÉU TRIPOLI,2017-02-09T00:00:00,2018-02-20T00:00:00
FIN,Presidente,JAIR TATTO,2017-02-10T00:00:00,2018-02-20T00:00:00
FIN,Vice-presidente,ISAC FÉLIX,2017-02-15T00:00:00,2018-02-20T00:00:00
FIN,Membro,POLICE,2017-03-29T00:00:00,2017-03-29T00:00:00
FIN,Membro,SONINHA FRANCINE,2017-04-18T00:00:00,2017-08-14T00:00:00
FIN,Membro,POLICE,2017-05-03T00:00:00,2017-05-03T00:00:00
FIN,Membro,DALTON SILVANO,2017-05-24T00:00:00,2017-05-24T00:00:00
FIN,Membro,ZÉ TURIN,2017-08-15T00:00:00,2018-02-20T00:00:00
FIN,Membro,EDUARDO MATARAZZO SUPLICY,2017-10-04T00:00:00,2017-10-04T00:00:00
FIN,Membro,RUTE COSTA,2017-11-08T00:00:00,2017-11-08T00:00:00
FIN,Membro,ANDRÉ SANTOS,2017-12-11T00:00:00,2017-12-11T00:00:00
FIN,Membro,GILSON BARRETO,2017-12-11T00:00:00,2017-12-11T00:00:00
FIN,Membro,GILSON BARRETO,2017-12-14T00:00:00,2017-12-14T00:00:00
FIN,Membro,ADRIANA RAMALHO,2018-02-21T00:00:00,2018-02-27T00:00:00
FIN,Membro,DALTON SILVANO,2018-02-21T00:00:00,2018-03-20T00:00:00
FIN,Membro,ISAC FÉLIX,2018-02-21T00:00:00,2020-12-31T00:00:00
FIN,Membro,JAIR TATTO,2018-02-21T00:00:00,2018-02-21T00:00:00
FIN,Membro,SONINHA FRANCINE,2018-02-21T00:00:00,2019-02-19T00:00:00
FIN,Presidente,JAIR TATTO,2018-02-22T00:00:00,2019-02-14T00:00:00
FIN,Vice-presidente,ADRIANA RAMALHO,2018-02-28T00:00:00,2019-02-14T00:00:00
FIN,Membro,FERNANDO HOLIDAY,2018-03-21T00:00:00,2020-03-06T00:00:00
FIN,Membro,POLICE,2018-04-11T00:00:00,2018-04-11T00:00:00
FIN,Membro,QUITO FORMIGA,2018-04-12T00:00:00,2018-04-17T00:00:00
FIN,Membro,RUTE COSTA,2018-04-18T00:00:00,2019-02-14T00:00:00
FIN,Membro,DALTON SILVANO,2018-08-08T00:00:00,2018-08-08T00:00:00
FIN,Membro,DALTON SILVANO,2018-08-15T00:00:00,2018-08-15T00:00:00
FIN,Membro,DALTON SILVANO,2018-08-29T00:00:00,2018-08-29T00:00:00
FIN,Membro,ADRIANA RAMALHO,2019-02-15T00:00:00,2020-12-31T00:00:00
FIN,Membro,ALESSANDRO GUEDES,2019-02-15T00:00:00,2019-02-19T00:00:00
FIN,Membro,PAULO FRANGE,2019-02-15T00:00:00,2020-03-06T00:00:00
FIN,Membro,RODRIGO GOULART,2019-02-15T00:00:00,2020-12-31T00:00:00
FIN,Presidente,ALESSANDRO GUEDES,2019-02-20T00:00:00,2020-03-06T00:00:00
FIN,Vice-presidente,SONINHA FRANCINE,2019-02-20T00:00:00,2020-03-06T00:00:00
FIN,Membro,EDIR SALES,2019-05-22T00:00:00,2019-05-22T00:00:00
FIN,Membro,SENIVAL MOURA,2019-08-13T00:00:00,2019-08-13T00:00:00
FIN,Membro,CAMILO CRISTÓFARO,2019-10-02T00:00:00,2019-10-02T00:00:00
FIN,Membro,JOÃO JORGE,2019-10-16T00:00:00,2019-10-16T00:00:00
FIN,Membro,DRA. SANDRA TADEU,2019-11-06T00:00:00,2019-11-06T00:00:00
FIN,Membro,PATRÍCIA BEZERRA,2019-11-06T00:00:00,2019-11-06T00:00:00
FIN,Membro,FABIO RIVA,2019-11-27T00:00:00,2019-11-27T00:00:00
FIN,Membro,FABIO RIVA,2019-12-11T00:00:00,2019-12-11T00:00:00
FIN,Membro,CLAUDINHO DE SOUZA,2019-12-18T00:00:00,2019-12-18T00:00:00
FIN,Membro,ANTONIO DONATO,2020-03-07T00:00:00,2020-03-09T00:00:00
FIN,Membro,RICARDO NUNES,2020-03-07T00:00:00,2020-12-31T00:00:00
FIN,Membro,RICARDO TEIXEIRA,2020-03-07T00:00:00,2020-12-31T00:00:00
FIN,Membro,SONINHA FRANCINE,2020-03-07T00:00:00,2020-03-10T00:00:00
FIN,Presidente,ANTONIO DONATO,2020-03-10T00:00:00,2020-12-31T00:00:00
FIN,Vice-presidente,SONINHA FRANCINE,2020-03-11T00:00:00,2020-12-31T00:00:00
FIN,Membro,CELSO GIANNAZI,2021-02-11T00:00:00,2021-03-02T00:00:00
FIN,Membro,DELEGADO PALUMBO,2021-02-11T00:00:00,2022-02-16T00:00:00
FIN,Membro,FABIO RIVA,2021-02-11T00:00:00,2021-03-22T00:00:00
FIN,Membro,FERNANDO HOLIDAY,2021-02-11T00:00:00,2022-02-16T00:00:00
FIN,Membro,ISAC FÉLIX,2021-02-11T00:00:00,2022-08-31T00:00:00
FIN,Membro,MARCELO MESSIAS,2021-02-11T00:00:00,2022-02-22T00:00:00
FIN,Membro,SIDNEY CRUZ,2021-02-11T00:00:00,2022-02-16T00:00:00
FIN,Presidente,JAIR TATTO,2021-02-11T00:00:00,2022-02-16T00:00:00
FIN,Vice-presidente,ATÍLIO FRANCISCO,2021-02-11T00:00:00,2022-02-16T00:00:00
FIN,Membro,ELAINE DO QUILOMBO PERIFÉRICO,2021-03-03T00:00:00,2023-02-06T00:00:00
FIN,Membro,JANAÍNA LIMA,2021-03-23T00:00:00,2023-02-06T00:00:00
FIN,Membro,GILBERTO NASCIMENTO,2021-07-08T00:00:00,2021-07-08T00:00:00
FIN,Membro,JOÃO JORGE,2021-09-01T00:00:00,2021-09-01T00:00:00
FIN,Membro,ATÍLIO FRANCISCO,2022-02-17T00:00:00,2024-03-05T00:00:00
FIN,Membro,DANILO DO POSTO DE SAÚDE,2022-02-17T00:00:00,2023-03-08T00:00:00
FIN,Membro,FABIO RIVA,2022-02-17T00:00:00,2022-04-05T00:00:00
FIN,Membro,GILBERTO NASCIMENTO,2022-02-17T00:00:00,2022-04-12T00:00:00
FIN,Membro,JAIR TATTO,2022-02-17T00:00:00,2022-02-22T00:00:00
FIN,Presidente,JAIR TATTO,2022-02-23T00:00:00,2023-02-06T00:00:00
FIN,Vice-presidente,MARCELO MESSIAS,2022-02-23T00:00:00,2023-02-06T00:00:00
FIN,Membro,FERNANDO HOLIDAY,2022-03-09T00:00:00,2022-03-09T00:00:00
FIN,Membro,SIDNEY CRUZ,2022-04-06T00:00:00,2023-02-06T00:00:00
FIN,Membro,RODOLFO DESPACHANTE,2022-04-13T00:00:00,2022-05-13T00:00:00
FIN,Membro,GILBERTO NASCIMENTO,2022-05-14T00:00:00,2022-08-08T00:00:00
FIN,Membro,RODOLFO DESPACHANTE,2022-08-09T00:00:00,2022-09-30T00:00:00
FIN,Membro,NOEMI NONATO,2022-09-01T00:00:00,2022-10-01T00:00:00
FIN,Membro,GILBERTO NASCIMENTO,2022-10-01T00:00:00,2022-12-31T00:00:00
FIN,Membro,ISAC FÉLIX,2022-10-02T00:00:00,2023-02-07T00:00:00
FIN,Membro,EDIR SALES,2022-12-01T00:00:00,2022-12-20T00:00:00
FIN,Membro,RODOLFO DESPACHANTE,2023-01-01T00:00:00,2023-02-06T00:00:00
FIN,Membro,CELSO GIANNAZI,2023-02-07T00:00:00,2023-02-08T00:00:00
FIN,Membro,CRIS MONTEIRO,2023-02-07T00:00:00,2024-02-19T00:00:00
FIN,Membro,JAIR TATTO,2023-02-07T00:00:00,2023-02-07T00:00:00
FIN,Membro,PAULO FRANGE,2023-02-07T00:00:00,2024-12-31T00:00:00
FIN,Membro,RINALDI DIGILIO,2023-02-07T00:00:00,2024-12-31T00:00:00
FIN,Membro,RUTE COSTA,2023-02-07T00:00:00,2024-12-31T00:00:00
FIN,Presidente,JAIR TATTO,2023-02-08T00:00:00,2024-02-19T00:00:00
FIN,Vice-presidente,ISAC FÉLIX,2023-02-08T00:00:00,2024-02-19T00:00:00
FIN,Membro,ROBERTO TRÍPOLI,2023-02-09T00:00:00,2024-12-31T00:00:00
FIN,Membro,ELI CORRÊA,2023-02-28T00:00:00,2023-03-01T00:00:00
FIN,Membro,SIDNEY CRUZ,2023-03-09T00:00:00,2024-04-08T00:00:00
FIN,Relator,CORONEL SALLES,2023-03-29T00:00:00,2023-03-29T00:00:00
FIN,Membro,DR. ADRIANO SANTOS,2024-02-20T00:00:00,2024-12-31T00:00:00
FIN,Membro,ISAC FÉLIX,2024-02-20T00:00:00,2024-12-31T00:00:00
FIN,Membro,JAIR TATTO,2024-02-20T00:00:00,2024-02-20T00:00:00
FIN,Presidente,JAIR TATTO,2024-02-21T00:00:00,2024-12-31T00:00:00
FIN,Vice-presidente,ATÍLIO FRANCISCO,2024-03-06T00:00:00,2024-05-08T00:00:00
FIN,Membro,MARLON LUZ,2024-04-09T00:00:00,2024-07-02T00:00:00
FIN,Vice-presidente,ATÍLIO FRANCISCO,2024-05-19T00:00:00,2024-12-31T00:00:00
FIN,Membro,SIDNEY CRUZ,2024-07-03T00:00:00,2024-12-31T00:00:00
FIN,Membro,ANA CAROLINA OLIVEIRA,2025-03-13T00:00:00,2025-03-25T00:00:00
FIN,Membro,ANDRÉ SANTOS,2025-03-13T00:00:00,
FIN,Membro,DHEISON SILVA,2025-03-13T00:00:00,2026-03-03T00:00:00
FIN,Membro,DRA. SANDRA TADEU,2025-03-13T00:00:00,2026-03-03T00:00:00
FIN,Membro,KEIT LIMA,2025-03-13T00:00:00,
FIN,Membro,MAJOR PALUMBO,2025-03-13T00:00:00,2026-03-04T00:00:00
FIN,Membro,MARCELO MESSIAS,2025-03-13T00:00:00,
FIN,Membro,SILVINHO LEITE,2025-03-13T00:00:00,2026-07-05T00:00:00
FIN,Presidente,JAIR TATTO,2025-03-13T00:00:00,2026-03-03T00:00:00
FIN,Vice-presidente,ANA CAROLINA OLIVEIRA,2025-03-26T00:00:00,2026-03-03T00:00:00
FIN,Membro,ELI CORRÊA,2025-07-06T00:00:00,2026-08-05T00:00:00
FIN,Membro,ANDRÉ SOUZA,2025-08-05T00:00:00,2025-09-08T00:00:00
FIN,Membro,PROFESSOR TONINHO VESPOLI,2025-10-08T00:00:00,2025-10-08T00:00:00
FIN,Membro,SILVIA DA BANCADA FEMINISTA,2025-10-21T00:00:00,2025-10-21T00:00:00
FIN,Membro,ALESSANDRO GUEDES,2026-03-04T00:00:00,
FIN,Membro,ANA CAROLINA OLIVEIRA,2026-03-04T00:00:00,
FIN,Membro,GILBERTO NASCIMENTO,2026-03-04T00:00:00,
FIN,Membro,JOÃO ANANIAS,2026-03-04T00:00:00,2026-03-04T00:00:00
FIN,Presidente,JOÃO ANANIAS,2026-03-05T00:00:00,
FIN,Vice-presidente,MAJOR PALUMBO,2026-03-05T00:00:00,
FIN,Membro,SILVIA DA BANCADA FEMINISTA,2026-03-25T00:00:00,2026-03-25T00:00:00
FIN,Membro,SILVIA DA BANCADA FEMINISTA,2026-04-01T00:00:00,2026-04-01T00:00:00
FIN,Membro,KENJI ITO,2026-05-06T00:00:00,2026-05-06T00:00:00
FIN,Membro,SANSÃO PEREIRA,2026-05-27T00:00:00,2026-05-27T00:00:00
FIN,Membro,SANSÃO PEREIRA,2026-08-05T00:00:00,2026-08-05T00:00:00
FIN,Membro,SIMONE GANEM,2026-08-05T00:00:00,2026-08-05T00:00:00
FIN,Membro,SILVINHO LEITE,2026-08-06T00:00:00,2026-08-06T00:00:00
FIN,Membro,ELI CORRÊA,2026-08-07T00:00:00,2026-10-09T00:00:00
FIN,Membro,DR. MURILLO LIMA,2026-08-19T00:00:00,2026-08-19T00:00:00
FIN,Membro,KENJI ITO,2026-08-19T00:00:00,2026-08-19T00:00:00
FIN,Membro,SILVINHO LEITE,2026-10-10T00:00:00,
SAUDE,Membro,ADRIANO DIOGO,1991-08-01T00:00:00,1992-02-12T00:00:00
SAUDE,Membro,ALEX FREUA NETO,1991-08-01T00:00:00,1992-02-12T00:00:00
SAUDE,Membro,JOOJI HATO,1991-08-01T00:00:00,1992-02-12T00:00:00
SAUDE,Membro,JULIO CESAR CALIGIURI,1991-08-01T00:00:00,1992-02-12T00:00:00
SAUDE,Membro,VITAL NOLASCO,1991-08-01T00:00:00,1992-02-10T00:00:00
SAUDE,Presidente,BRASIL VITA,1991-08-01T00:00:00,1992-02-12T00:00:00
SAUDE,Vice-presidente,TERESINHA MARTINS,1991-08-01T00:00:00,1992-02-12T00:00:00
SAUDE,Membro,FRANCISCO BATISTA,1991-10-12T00:00:00,1991-11-07T00:00:00
SAUDE,Membro,PAULO FRATESCHI,1991-11-05T00:00:00,1991-11-22T00:00:00
SAUDE,Membro,LUIZ PAULO GNECCO,1991-11-23T00:00:00,1991-11-23T00:00:00
SAUDE,Membro,LUIZ PAULO GNECCO,1991-11-24T00:00:00,1991-12-05T00:00:00
SAUDE,Membro,ADRIANO DIOGO,1992-02-13T00:00:00,1992-03-24T00:00:00
SAUDE,Membro,ALEX FREUA NETO,1992-02-13T00:00:00,1992-04-05T00:00:00
SAUDE,Membro,EDSON FALANGA,1992-02-13T00:00:00,1992-12-31T00:00:00
SAUDE,Membro,JOOJI HATO,1992-02-13T00:00:00,1992-12-31T00:00:00
SAUDE,Membro,TERESINHA MARTINS,1992-02-13T00:00:00,1992-12-31T00:00:00
SAUDE,Presidente,BRASIL VITA,1992-02-13T00:00:00,1992-11-30T00:00:00
SAUDE,Vice-presidente,JULIO CESAR CALIGIURI,1992-02-13T00:00:00,1992-12-31T00:00:00
SAUDE,Membro,ARMELINDO PASSONI,1992-03-24T00:00:00,1992-04-23T00:00:00
SAUDE,Membro,ARMELINDO PASSONI,1992-03-25T00:00:00,1992-04-23T00:00:00
SAUDE,Membro,FRANCISCO BATISTA,1992-04-06T00:00:00,1992-05-06T00:00:00
SAUDE,Membro,ADRIANO DIOGO,1992-04-24T00:00:00,1992-12-31T00:00:00
SAUDE,Membro,ALEX FREUA NETO,1992-05-07T00:00:00,1992-10-06T00:00:00
SAUDE,Membro,FRANCISCO BATISTA,1992-10-07T00:00:00,1992-11-06T00:00:00
SAUDE,Membro,ALEX FREUA NETO,1992-11-07T00:00:00,1993-02-03T00:00:00
SAUDE,Membro,FRANCISCO BATISTA,1992-12-01T00:00:00,1992-12-31T00:00:00
SAUDE,Membro,VICENTE VISCOME,1993-02-04T00:00:00,1993-03-06T00:00:00
SAUDE,Vice-presidente,ALEX FREUA NETO,1993-03-07T00:00:00,1993-03-07T00:00:00
SAUDE,Membro,ADRIANO DIOGO,1993-03-10T00:00:00,1993-10-13T00:00:00
SAUDE,Membro,JOOJI HATO,1993-03-10T00:00:00,1994-10-18T00:00:00
SAUDE,Membro,MARIO DIAS,1993-03-10T00:00:00,1996-12-31T00:00:00
SAUDE,Membro,ROBERTO TRÍPOLI,1993-03-10T00:00:00,1995-02-09T00:00:00
SAUDE,Membro,USHITARO KAMIA,1993-03-10T00:00:00,1995-02-01T00:00:00
SAUDE,Presidente,ALBERTO CALVO,1993-03-10T00:00:00,1995-03-15T00:00:00
SAUDE,Vice-presidente,ANA MARTINS,1993-03-10T00:00:00,1996-12-31T00:00:00
SAUDE,Membro,JOSE EDUARDO CARDOZO,1993-10-14T00:00:00,1993-10-21T00:00:00
SAUDE,Membro,SERGIO RICARDO SILVA ROSA,1993-10-22T00:00:00,1993-11-13T00:00:00
SAUDE,Membro,ADRIANO DIOGO,1993-11-14T00:00:00,1996-12-31T00:00:00
SAUDE,Membro,NELO RODOLFO,1994-10-19T00:00:00,1995-01-02T00:00:00
SAUDE,Membro,JOOJI HATO,1995-02-07T00:00:00,1996-12-31T00:00:00
SAUDE,Membro,GABRIEL ORTEGA,1995-02-09T00:00:00,1995-03-15T00:00:00
SAUDE,Membro,SERGIO RICARDO SILVA ROSA,1995-02-15T00:00:00,1996-12-31T00:00:00
SAUDE,Membro,JOSE EDUARDO CARDOZO,1995-03-15T00:00:00,1996-12-31T00:00:00
SAUDE,Membro,ROBERTO TRÍPOLI,1995-03-15T00:00:00,1996-05-27T00:00:00
SAUDE,Membro,RUBENS ROMANO,1996-05-27T00:00:00,1996-05-27T00:00:00
SAUDE,Membro,NELSON GUERRA,1996-05-28T00:00:00,1996-07-01T00:00:00
SAUDE,Membro,ROBERTO TRÍPOLI,1996-07-02T00:00:00,1996-12-31T00:00:00
SAUDE,Membro,CELSO CARDOSO,1997-03-11T00:00:00,1998-03-11T00:00:00
SAUDE,Membro,LUIZ PASCHOAL,1997-03-11T00:00:00,1999-03-10T00:00:00
SAUDE,Membro,MARIO DIAS,1997-03-11T00:00:00,1999-03-10T00:00:00
SAUDE,Membro,NELSON GUIMARAES PROENCA,1997-03-11T00:00:00,1997-10-12T00:00:00
SAUDE,Membro,OSVALDO ENEAS,1997-03-11T00:00:00,1998-03-11T00:00:00
SAUDE,Presidente,ADRIANO DIOGO,1997-03-11T00:00:00,1998-03-11T00:00:00
SAUDE,Vice-presidente,PAULO FRANGE,1997-03-11T00:00:00,1999-03-10T00:00:00
SAUDE,Membro,EDER JOFRE,1997-10-13T00:00:00,1997-10-14T00:00:00
SAUDE,Membro,ASSIR PEREIRA,1997-10-14T00:00:00,1997-11-12T00:00:00
SAUDE,Membro,NELSON GUIMARAES PROENCA,1997-11-13T00:00:00,1998-03-11T00:00:00
SAUDE,Membro,ADRIANO DIOGO,1998-03-12T00:00:00,1998-05-11T00:00:00
SAUDE,Membro,CARLOS NEDER,1998-03-12T00:00:00,1998-06-11T00:00:00
SAUDE,Membro,JOSE IZAR,1998-03-12T00:00:00,1999-03-10T00:00:00
SAUDE,Presidente,NELSON GUIMARAES PROENCA,1998-03-12T00:00:00,1998-08-12T00:00:00
SAUDE,Membro,CARLOS ZARATTINI,1998-05-12T00:00:00,1998-06-11T00:00:00
SAUDE,Membro,ADRIANO DIOGO,1998-06-12T00:00:00,1999-09-23T00:00:00
SAUDE,Membro,CALVO,1998-06-12T00:00:00,1998-07-10T00:00:00
SAUDE,Membro,CARLOS NEDER,1998-07-11T00:00:00,1999-03-10T00:00:00
SAUDE,Membro,EDER JOFRE,1998-08-13T00:00:00,1998-08-14T00:00:00
SAUDE,Membro,ROBERTO ROJAO,1998-08-15T00:00:00,1998-09-13T00:00:00
SAUDE,Presidente,NELSON GUIMARAES PROENCA,1998-09-14T00:00:00,1999-03-10T00:00:00
SAUDE,Membro,HANNA GHARIB,1999-03-11T00:00:00,1999-03-15T00:00:00
SAUDE,Membro,HENRIQUE PACHECO,1999-03-11T00:00:00,1999-03-15T00:00:00
SAUDE,Membro,MISSIONÁRIO JOSÉ OLÍMPIO,1999-03-11T00:00:00,2000-03-02T00:00:00
SAUDE,Membro,NELSON GUIMARAES PROENCA,1999-03-11T00:00:00,1999-08-23T00:00:00
SAUDE,Presidente,PAULO FRANGE,1999-03-11T00:00:00,2000-03-02T00:00:00
SAUDE,Vice-presidente,MARIO DIAS,1999-03-11T00:00:00,2000-03-02T00:00:00
SAUDE,Membro,CALVO,1999-03-16T00:00:00,2000-03-02T00:00:00
SAUDE,Membro,MYRYAM ATHIE,1999-03-16T00:00:00,1999-06-29T00:00:00
SAUDE,Membro,ADRIANO DIOGO,1999-09-23T00:00:00,1999-12-14T00:00:00
SAUDE,Membro,DOMINGOS DISSEI,1999-09-23T00:00:00,2000-03-02T00:00:00
SAUDE,Membro,NELSON GUIMARAES PROENCA,1999-09-28T00:00:00,2000-08-01T00:00:00
SAUDE,Membro,VITAL NOLASCO,1999-12-15T00:00:00,2000-01-14T00:00:00
SAUDE,Membro,ADRIANO DIOGO,2000-01-15T00:00:00,2000-12-31T00:00:00
SAUDE,Membro,JOOJI HATO,2000-03-02T00:00:00,2000-12-31T00:00:00
SAUDE,Membro,JOSE EDUARDO CARDOZO,2000-03-02T00:00:00,2000-12-31T00:00:00
SAUDE,Membro,JOSE IZAR,2000-03-02T00:00:00,2000-12-31T00:00:00
SAUDE,Membro,OSVALDO ENEAS,2000-03-02T00:00:00,2000-10-03T00:00:00
SAUDE,Presidente,MARIO DIAS,2000-03-02T00:00:00,2000-12-31T00:00:00
SAUDE,Membro,ASSIR PEREIRA,2000-08-01T00:00:00,2000-08-31T00:00:00
SAUDE,Membro,NELSON GUIMARAES PROENCA,2000-09-01T00:00:00,2000-12-31T00:00:00
SAUDE,Membro,TRUJILLO ALVES,2000-10-03T00:00:00,2000-11-07T00:00:00
SAUDE,Membro,OSVALDO ENEAS,2000-11-07T00:00:00,2000-12-31T00:00:00
SAUDE,Membro,CARLOS BEZERRA JR.,2001-02-22T00:00:00,2002-02-28T00:00:00
SAUDE,Membro,CARLOS NEDER,2001-02-22T00:00:00,2002-02-28T00:00:00
SAUDE,Membro,GILBERTO NATALINI,2001-02-22T00:00:00,2002-02-28T00:00:00
SAUDE,Membro,JOSE MENTOR,2001-02-22T00:00:00,2002-02-28T00:00:00
SAUDE,Membro,TONINHO PAIVA,2001-02-22T00:00:00,2002-02-28T00:00:00
SAUDE,Presidente,ROGER LIN,2001-02-22T00:00:00,2002-02-28T00:00:00
SAUDE,Vice-presidente,CALVO,2001-02-22T00:00:00,2002-02-28T00:00:00
SAUDE,Membro,CARLOS GIANNAZI,2002-03-21T00:00:00,2003-02-01T00:00:00
SAUDE,Membro,FLAVIA PEREIRA,2002-03-21T00:00:00,2003-01-31T00:00:00
SAUDE,Membro,RICARDO MONTORO,2002-03-21T00:00:00,2003-02-01T00:00:00
SAUDE,Membro,ROBERTO TRÍPOLI,2002-03-21T00:00:00,2003-02-01T00:00:00
SAUDE,Presidente,LUCILA PIZANI GONÇALVES,2002-03-21T00:00:00,2004-03-25T00:00:00
SAUDE,Vice-presidente,CARLOS APOLINARIO,2002-03-21T00:00:00,2003-02-01T00:00:00
SAUDE,Membro,ODILON GUEDES,2002-06-19T00:00:00,2002-07-17T00:00:00
SAUDE,Membro,CLAUDETE ALVES,2002-10-10T00:00:00,2002-11-10T00:00:00
SAUDE,Membro,ITALO CARDOSO,2002-11-11T00:00:00,2003-02-01T00:00:00
SAUDE,Membro,CALVO,2003-02-19T00:00:00,2004-03-25T00:00:00
SAUDE,Membro,CELSO CARDOSO,2003-02-19T00:00:00,2004-03-25T00:00:00
SAUDE,Membro,FLAVIA PEREIRA,2003-02-19T00:00:00,2004-03-25T00:00:00
SAUDE,Membro,GILBERTO NATALINI,2003-02-19T00:00:00,2004-03-25T00:00:00
SAUDE,Membro,HAVANIR NIMTZ,2003-02-19T00:00:00,2003-03-15T00:00:00
SAUDE,Membro,LUCILA PIZANI GONÇALVES,2003-02-19T00:00:00,2004-03-25T00:00:00
SAUDE,Membro,VANDERLEI JANGROSSI,2003-02-19T00:00:00,2004-03-25T00:00:00
SAUDE,Membro,MANOEL CRUZ,2003-03-21T00:00:00,2004-03-25T00:00:00
SAUDE,Membro,CALVO,2004-03-26T00:00:00,2004-12-31T00:00:00
SAUDE,Membro,CARLOS NEDER,2004-03-26T00:00:00,2004-12-31T00:00:00
SAUDE,Membro,FLAVIA PEREIRA,2004-03-26T00:00:00,2004-12-31T00:00:00
SAUDE,Membro,MANOEL CRUZ,2004-03-26T00:00:00,2004-12-31T00:00:00
SAUDE,Membro,ROGER LIN,2004-03-26T00:00:00,2004-12-31T00:00:00
SAUDE,Presidente,GILBERTO NATALINI,2004-03-26T00:00:00,2005-01-04T00:00:00
SAUDE,Vice-presidente,CELSO CARDOSO,2004-03-26T00:00:00,2004-12-31T00:00:00
SAUDE,Membro,CLÁUDIO PRADO,2005-02-16T00:00:00,2006-02-14T00:00:00
SAUDE,Membro,EDIVALDO ESTIMA,2005-02-16T00:00:00,2005-09-01T00:00:00
SAUDE,Membro,JOSÉ ANÍBAL,2005-02-16T00:00:00,2006-02-14T00:00:00
SAUDE,Membro,NOEMI NONATO,2005-02-16T00:00:00,2006-02-14T00:00:00
SAUDE,Membro,PAULO TEIXEIRA,2005-02-16T00:00:00,2006-02-05T00:00:00
SAUDE,Presidente,TONINHO PAIVA,2005-02-17T00:00:00,2006-02-14T00:00:00
SAUDE,Vice-presidente,MARIO DIAS,2005-02-17T00:00:00,2006-02-14T00:00:00
SAUDE,Membro,QUITO FORMIGA,2005-09-01T00:00:00,2005-09-29T00:00:00
SAUDE,Membro,EDIVALDO ESTIMA,2005-09-30T00:00:00,2005-09-30T00:00:00
SAUDE,Membro,QUITO FORMIGA,2005-10-01T00:00:00,2005-10-31T00:00:00
SAUDE,Membro,EDIVALDO ESTIMA,2005-11-01T00:00:00,2006-02-14T00:00:00
SAUDE,Membro,ABOU ANNI,2006-02-15T00:00:00,2007-02-16T00:00:00
SAUDE,Membro,ATÍLIO FRANCISCO,2006-02-15T00:00:00,2008-12-31T00:00:00
SAUDE,Membro,CLÁUDIO PRADO,2006-02-15T00:00:00,2008-12-31T00:00:00
SAUDE,Membro,EDIVALDO ESTIMA,2006-02-15T00:00:00,2007-02-16T00:00:00
SAUDE,Membro,NOEMI NONATO,2006-02-15T00:00:00,2008-12-31T00:00:00
SAUDE,Presidente,JOSÉ FERREIRA (ZELÃO),2006-02-15T00:00:00,2006-03-21T00:00:00
SAUDE,Vice-presidente,MARIO DIAS,2006-02-15T00:00:00,2008-12-31T00:00:00
SAUDE,Membro,CALVO,2006-03-22T00:00:00,2006-04-24T00:00:00
SAUDE,Presidente,JOSÉ FERREIRA (ZELÃO),2006-04-25T00:00:00,2008-12-31T00:00:00
SAUDE,Membro,GILSON BARRETO,2007-02-17T00:00:00,2008-02-20T00:00:00
SAUDE,Membro,ROBERTO TRÍPOLI,2007-02-17T00:00:00,2008-02-20T00:00:00
SAUDE,Membro,EDIVALDO ESTIMA,2008-02-21T00:00:00,2008-03-04T00:00:00
SAUDE,Membro,GILBERTO NATALINI,2008-02-21T00:00:00,2008-12-31T00:00:00
SAUDE,Membro,CARLOS NEDER,2008-03-05T00:00:00,2008-12-31T00:00:00
SAUDE,Membro,CARLOS BEZERRA JR.,2009-02-12T00:00:00,2009-11-18T00:00:00
SAUDE,Membro,CLÁUDIO PRADO,2009-02-12T00:00:00,2010-02-08T00:00:00
SAUDE,Membro,DRA. SANDRA TADEU,2009-02-12T00:00:00,2010-02-09T00:00:00
SAUDE,Membro,JAMIL MURAD,2009-02-12T00:00:00,2010-02-09T00:00:00
SAUDE,Membro,NOEMI NONATO,2009-02-12T00:00:00,2010-02-09T00:00:00
SAUDE,Presidente,JULIANA CARDOSO,2009-02-12T00:00:00,2010-02-09T00:00:00
SAUDE,Membro,JUSCELINO GADELHA,2009-06-24T00:00:00,2009-06-24T00:00:00
SAUDE,Membro,SOUZA SANTOS,2009-11-18T00:00:00,2010-02-08T00:00:00
SAUDE,Membro,DRA. SANDRA TADEU,2010-02-10T00:00:00,2012-04-17T00:00:00
SAUDE,Membro,GILBERTO NATALINI,2010-02-10T00:00:00,2011-03-21T00:00:00
SAUDE,Membro,JAMIL MURAD,2010-02-10T00:00:00,2011-03-21T00:00:00
SAUDE,Membro,JULIANA CARDOSO,2010-02-10T00:00:00,2011-03-21T00:00:00
SAUDE,Membro,NOEMI NONATO,2010-02-10T00:00:00,2012-04-17T00:00:00
SAUDE,Presidente,JOSÉ FERREIRA (ZELÃO),2010-02-10T00:00:00,2011-03-21T00:00:00
SAUDE,Membro,HEIDA LI,2010-09-01T00:00:00,2010-10-05T00:00:00
SAUDE,Membro,DR. MILTON FERREIRA,2010-10-06T00:00:00,2012-04-17T00:00:00
SAUDE,Membro,CLÁUDIO PRADO,2011-03-22T00:00:00,2012-04-17T00:00:00
SAUDE,Membro,USHITARO KAMIA,2011-03-22T00:00:00,2012-04-17T00:00:00
SAUDE,Presidente,JULIANA CARDOSO,2011-03-22T00:00:00,2012-04-17T00:00:00
SAUDE,Vice-presidente,GILBERTO NATALINI,2011-03-22T00:00:00,2012-04-17T00:00:00
SAUDE,Membro,CLÁUDIO PRADO,2012-04-18T00:00:00,2012-12-31T00:00:00
SAUDE,Membro,DR. MILTON FERREIRA,2012-04-18T00:00:00,2012-12-31T00:00:00
SAUDE,Membro,FLORIANO PESARO,2012-04-18T00:00:00,2012-04-24T00:00:00
SAUDE,Membro,GILBERTO NATALINI,2012-04-18T00:00:00,2012-12-31T00:00:00
SAUDE,Membro,JOSÉ ROLIM,2012-04-18T00:00:00,2012-12-31T00:00:00
SAUDE,Membro,JULIANA CARDOSO,2012-04-18T00:00:00,2012-12-31T00:00:00
SAUDE,Presidente,JAMIL MURAD,2012-04-18T00:00:00,2012-12-31T00:00:00
SAUDE,Vice-presidente,FLORIANO PESARO,2012-04-25T00:00:00,2012-12-31T00:00:00
SAUDE,Membro,ARI FRIEDENBACH,2013-02-26T00:00:00,2014-04-02T00:00:00
SAUDE,Membro,ATÍLIO FRANCISCO,2013-02-26T00:00:00,2013-02-26T00:00:00
SAUDE,Membro,CALVO,2013-02-26T00:00:00,2013-02-26T00:00:00
SAUDE,Membro,GILBERTO NATALINI,2013-02-26T00:00:00,2015-02-25T00:00:00
SAUDE,Membro,JULIANA CARDOSO,2013-02-26T00:00:00,2014-04-02T00:00:00
SAUDE,Membro,NOEMI NONATO,2013-02-26T00:00:00,2016-12-31T00:00:00
SAUDE,Membro,PATRÍCIA BEZERRA,2013-02-26T00:00:00,2013-03-05T00:00:00
SAUDE,Membro,PR. EDEMILSON CHAVES,2013-02-26T00:00:00,2014-04-02T00:00:00
SAUDE,Presidente,CALVO,2013-02-27T00:00:00,2015-02-25T00:00:00
SAUDE,Vice-presidente,PATRÍCIA BEZERRA,2013-03-06T00:00:00,2015-02-25T00:00:00
SAUDE,Membro,ALFREDINHO,2014-04-02T00:00:00,2015-02-25T00:00:00
SAUDE,Membro,NETINHO DE PAULA,2014-04-02T00:00:00,2015-12-07T00:00:00
SAUDE,Membro,RICARDO YOUNG,2014-04-02T00:00:00,2015-02-25T00:00:00
SAUDE,Membro,EDUARDO TUMA,2014-04-30T00:00:00,2014-04-30T00:00:00
SAUDE,Membro,DALTON SILVANO,2014-06-04T00:00:00,2014-06-04T00:00:00
SAUDE,Membro,EDUARDO TUMA,2014-12-09T00:00:00,2014-12-09T00:00:00
SAUDE,Membro,ANIBAL DE FREITAS FILHO,2015-02-26T00:00:00,2016-12-31T00:00:00
SAUDE,Membro,PR. EDEMILSON CHAVES,2015-02-26T00:00:00,2015-03-02T00:00:00
SAUDE,Membro,WADIH MUTRAN,2015-02-26T00:00:00,2016-02-02T00:00:00
SAUDE,Presidente,CALVO,2015-02-26T00:00:00,2016-12-31T00:00:00
SAUDE,Vice-presidente,PATRÍCIA BEZERRA,2015-02-26T00:00:00,2016-12-31T00:00:00
SAUDE,Membro,GILBERTO NATALINI,2015-03-03T00:00:00,2016-02-26T00:00:00
SAUDE,Membro,EDUARDO TUMA,2015-04-22T00:00:00,2015-04-22T00:00:00
SAUDE,Membro,JAMIL MURAD,2015-12-08T00:00:00,2016-05-30T00:00:00
SAUDE,Membro,FRANCISCO CHAGAS,2016-02-03T00:00:00,2016-03-04T00:00:00
SAUDE,Membro,VAVÁ,2016-02-27T00:00:00,2016-12-31T00:00:00
SAUDE,Membro,WADIH MUTRAN,2016-03-05T00:00:00,2016-12-31T00:00:00
SAUDE,Membro,JOSELITO,2016-05-31T00:00:00,2016-06-30T00:00:00
SAUDE,Membro,JAMIL MURAD,2016-07-01T00:00:00,2016-12-31T00:00:00
SAUDE,Membro,ADRIANA RAMALHO,2017-02-09T00:00:00,2018-02-20T00:00:00
SAUDE,Membro,DR. MILTON FERREIRA,2017-02-09T00:00:00,2017-02-14T00:00:00
SAUDE,Membro,JULIANA CARDOSO,2017-02-09T00:00:00,2020-12-31T00:00:00
SAUDE,Membro,NOEMI NONATO,2017-02-09T00:00:00,2020-12-31T00:00:00
SAUDE,Membro,RUTE COSTA,2017-02-09T00:00:00,2017-02-09T00:00:00
SAUDE,Membro,SÂMIA BOMFIM,2017-02-09T00:00:00,2019-01-29T00:00:00
SAUDE,Presidente,RUTE COSTA,2017-02-10T00:00:00,2018-02-21T00:00:00
SAUDE,Vice-presidente,DR. MILTON FERREIRA,2017-02-15T00:00:00,2018-02-20T00:00:00
SAUDE,Membro,GILBERTO NASCIMENTO,2017-02-21T00:00:00,2018-01-30T00:00:00
SAUDE,Membro,AMAURI SILVA,2018-01-31T00:00:00,2018-03-02T00:00:00
SAUDE,Membro,DR. MILTON FERREIRA,2018-02-21T00:00:00,2018-08-31T00:00:00
SAUDE,Membro,GILBERTO NATALINI,2018-02-21T00:00:00,2018-02-21T00:00:00
SAUDE,Membro,PATRÍCIA BEZERRA,2018-02-21T00:00:00,2018-02-21T00:00:00
SAUDE,Presidente,PATRÍCIA BEZERRA,2018-02-22T00:00:00,2019-02-14T00:00:00
SAUDE,Vice-presidente,GILBERTO NATALINI,2018-02-22T00:00:00,2019-02-14T00:00:00
SAUDE,Membro,GILBERTO NASCIMENTO,2018-03-03T00:00:00,2018-05-07T00:00:00
SAUDE,Membro,AMAURI SILVA,2018-05-08T00:00:00,2018-12-13T00:00:00
SAUDE,Membro,LUIZ PASCHOAL,2018-09-04T00:00:00,2018-10-01T00:00:00
SAUDE,Membro,DR. MILTON FERREIRA,2018-10-02T00:00:00,2020-12-31T00:00:00
SAUDE,Membro,GILBERTO NASCIMENTO,2018-12-14T00:00:00,2019-02-14T00:00:00
SAUDE,Membro,ADRIANA RAMALHO,2018-12-21T00:00:00,2018-12-21T00:00:00
SAUDE,Membro,DANIEL ANNENBERG,2018-12-26T00:00:00,2018-12-26T00:00:00
SAUDE,Membro,CELSO GIANNAZI,2019-01-30T00:00:00,2020-12-31T00:00:00
SAUDE,Membro,EDIR SALES,2019-02-15T00:00:00,2019-02-19T00:00:00
SAUDE,Membro,GILBERTO NATALINI,2019-02-15T00:00:00,2020-12-31T00:00:00
SAUDE,Membro,PATRÍCIA BEZERRA,2019-02-15T00:00:00,2019-02-19T00:00:00
SAUDE,Presidente,EDIR SALES,2019-02-20T00:00:00,2020-03-06T00:00:00
SAUDE,Vice-presidente,PATRÍCIA BEZERRA,2019-02-20T00:00:00,2020-03-06T00:00:00
SAUDE,Membro,CLAUDINHO DE SOUZA,2019-02-27T00:00:00,2019-02-27T00:00:00
SAUDE,Membro,RUTE COSTA,2019-11-27T00:00:00,2019-11-27T00:00:00
SAUDE,Membro,ANDRÉ SANTOS,2020-03-07T00:00:00,2020-03-09T00:00:00
SAUDE,Membro,PATRÍCIA BEZERRA,2020-03-07T00:00:00,2020-03-09T00:00:00
SAUDE,Presidente,PATRÍCIA BEZERRA,2020-03-10T00:00:00,2020-12-31T00:00:00
SAUDE,Vice-presidente,ANDRÉ SANTOS,2020-03-10T00:00:00,2020-12-31T00:00:00
SAUDE,Relator,XEXÉU TRIPOLI,2020-10-20T00:00:00,2020-10-20T00:00:00
SAUDE,Membro,ALFREDINHO,2021-02-11T00:00:00,2022-12-31T00:00:00
SAUDE,Membro,JANAÍNA LIMA,2021-02-11T00:00:00,2021-03-23T00:00:00
SAUDE,Membro,LUANA ALVES,2021-02-11T00:00:00,2022-02-16T00:00:00
SAUDE,Membro,RINALDI DIGILIO,2021-02-11T00:00:00,2022-02-03T00:00:00
SAUDE,Membro,XEXÉU TRIPOLI,2021-02-11T00:00:00,2023-02-06T00:00:00
SAUDE,Presidente,FELIPE BECARI,2021-02-11T00:00:00,2022-02-16T00:00:00
SAUDE,Vice-presidente,JULIANA CARDOSO,2021-02-11T00:00:00,2022-02-16T00:00:00
SAUDE,Membro,FABIO RIVA,2021-03-23T00:00:00,2022-02-16T00:00:00
SAUDE,Membro,BIOTO NPN,2022-02-08T00:00:00,2022-03-06T00:00:00
SAUDE,Membro,FELIPE BECARI,2022-02-17T00:00:00,2022-02-22T00:00:00
SAUDE,Membro,JULIANA CARDOSO,2022-02-17T00:00:00,2022-03-08T00:00:00
SAUDE,Membro,MISSIONÁRIO JOSÉ OLÍMPIO,2022-02-17T00:00:00,2022-03-09T00:00:00
SAUDE,Membro,SIDNEY CRUZ,2022-02-17T00:00:00,2022-04-05T00:00:00
SAUDE,Presidente,FELIPE BECARI,2022-02-23T00:00:00,2022-11-07T00:00:00
SAUDE,Membro,RINALDI DIGILIO,2022-03-07T00:00:00,2023-02-06T00:00:00
SAUDE,Vice-presidente,JULIANA CARDOSO,2022-03-09T00:00:00,2022-11-07T00:00:00
SAUDE,Membro,LUANA ALVES,2022-03-10T00:00:00,2024-02-19T00:00:00
SAUDE,Membro,FABIO RIVA,2022-04-06T00:00:00,2023-02-06T00:00:00
SAUDE,Presidente,JULIANA CARDOSO,2022-11-08T00:00:00,2022-11-25T00:00:00
SAUDE,Vice-presidente,FELIPE BECARI,2022-11-08T00:00:00,2022-11-25T00:00:00
SAUDE,Presidente,FELIPE BECARI,2022-11-26T00:00:00,2023-01-31T00:00:00
SAUDE,Vice-presidente,JULIANA CARDOSO,2022-11-26T00:00:00,2023-01-31T00:00:00
SAUDE,Membro,REIS,2023-01-01T00:00:00,2023-02-06T00:00:00
SAUDE,Membro,CORONEL SALLES,2023-02-01T00:00:00,2023-02-06T00:00:00
SAUDE,Membro,MANOEL DEL RIO,2023-02-01T00:00:00,2023-03-14T00:00:00
SAUDE,Membro,ANTONIO DONATO,2023-02-07T00:00:00,2023-03-14T00:00:00
SAUDE,Membro,AURÉLIO NOMURA,2023-02-07T00:00:00,2023-02-07T00:00:00
SAUDE,Membro,GEORGE HATO,2023-02-07T00:00:00,2023-02-07T00:00:00
SAUDE,Membro,MAJOR PALUMBO,2023-02-07T00:00:00,2024-12-31T00:00:00
SAUDE,Membro,SIDNEY CRUZ,2023-02-07T00:00:00,2023-03-08T00:00:00
SAUDE,Presidente,ANDRÉ SANTOS,2023-02-08T00:00:00,2024-02-19T00:00:00
SAUDE,Vice-presidente,AURÉLIO NOMURA,2023-02-08T00:00:00,2024-02-19T00:00:00
SAUDE,Membro,GEORGE HATO,2023-03-09T00:00:00,2023-09-30T00:00:00
SAUDE,Membro,HÉLIO RODRIGUES,2023-03-15T00:00:00,2024-03-05T00:00:00
SAUDE,Membro,JOÃO ANANIAS,2023-03-15T00:00:00,2023-03-16T00:00:00
SAUDE,Membro,MANOEL DEL RIO,2023-03-17T00:00:00,2024-12-31T00:00:00
SAUDE,Membro,ARMANDINHO FERREIRO,2023-10-04T00:00:00,2023-10-31T00:00:00
SAUDE,Membro,GEORGE HATO,2023-11-01T00:00:00,2024-12-31T00:00:00
SAUDE,Membro,ANDRÉ SANTOS,2024-02-20T00:00:00,2024-02-20T00:00:00
SAUDE,Membro,AURÉLIO NOMURA,2024-02-20T00:00:00,2024-12-31T00:00:00
SAUDE,Membro,RODOLFO DESPACHANTE,2024-02-20T00:00:00,2024-04-04T00:00:00
SAUDE,Presidente,ANDRÉ SANTOS,2024-02-21T00:00:00,2024-04-09T00:00:00
SAUDE,Vice-presidente,HÉLIO RODRIGUES,2024-03-06T00:00:00,2024-04-09T00:00:00
SAUDE,Membro,GILBERTO NASCIMENTO,2024-04-05T00:00:00,2024-12-31T00:00:00
SAUDE,Membro,JORGE WILSON FILHO,2024-04-10T00:00:00,2024-05-10T00:00:00
SAUDE,Presidente,HÉLIO RODRIGUES,2024-04-10T00:00:00,2024-05-10T00:00:00
SAUDE,Presidente,ANDRÉ SANTOS,2024-05-11T00:00:00,2024-12-31T00:00:00
SAUDE,Vice-presidente,HÉLIO RODRIGUES,2024-05-11T00:00:00,2024-12-31T00:00:00
SAUDE,Membro,AMANDA PASCHOAL,2025-03-13T00:00:00,
SAUDE,Membro,HÉLIO RODRIGUES,2025-03-13T00:00:00,
SAUDE,Membro,LUANA ALVES,2025-03-13T00:00:00,2026-03-03T00:00:00
SAUDE,Membro,ROBERTO TRÍPOLI,2025-03-13T00:00:00,
SAUDE,Membro,RUTE COSTA,2025-03-13T00:00:00,2026-03-03T00:00:00
SAUDE,Presidente,ELY TERUEL,2025-03-13T00:00:00,2026-03-03T00:00:00
SAUDE,Vice-presidente,SIMONE GANEM,2025-03-13T00:00:00,2026-03-03T00:00:00
SAUDE,Membro,SILVIA DA BANCADA FEMINISTA,2025-11-12T00:00:00,2025-11-12T00:00:00
SAUDE,Membro,DRA. SANDRA TADEU,2026-03-04T00:00:00,2026-03-04T00:00:00
SAUDE,Membro,ELY TERUEL,2026-03-04T00:00:00,2026-03-04T00:00:00
SAUDE,Membro,PASTORA SANDRA ALVES,2026-03-04T00:00:00,2026-07-05T00:00:00
SAUDE,Membro,SIMONE GANEM,2026-03-04T00:00:00,
SAUDE,Presidente,ELY TERUEL,2026-03-05T00:00:00,
SAUDE,Vice-presidente,DRA. SANDRA TADEU,2026-03-05T00:00:00,
SAUDE,Membro,ADILSON AMADEU,2026-07-06T00:00:00,2026-10-09T00:00:00
SAUDE,Membro,PASTORA SANDRA ALVES,2026-10-10T00:00:00,
URB,Membro,ANDRADE FIGUEIRA,1991-08-01T00:00:00,1992-12-31T00:00:00
URB,Membro,GABRIEL ORTEGA,1991-08-01T00:00:00,1992-12-31T00:00:00
URB,Membro,JUCELINO SILVA NETO,1991-08-01T00:00:00,1992-02-12T00:00:00
URB,Membro,ROBERTO TRÍPOLI,1991-08-01T00:00:00,1992-12-31T00:00:00
URB,Membro,TEREZA CRISTINA DE SOUZA LAJOLO,1991-08-01T00:00:00,1994-06-08T00:00:00
URB,Presidente,BRUNO FEDER,1991-08-01T00:00:00,1992-02-13T00:00:00
URB,Vice-presidente,GUILHERME GIANETTI,1991-08-01T00:00:00,1992-12-31T00:00:00
URB,Membro,PAULO FRATESCHI,1991-10-22T00:00:00,1991-11-04T00:00:00
URB,Membro,LUIZ PAULO GNECCO,1991-10-27T00:00:00,1991-11-22T00:00:00
URB,Membro,TITA DIAS,1992-02-13T00:00:00,1992-12-31T00:00:00
URB,Presidente,ANTONIO SAMPAIO,1992-02-13T00:00:00,1992-12-31T00:00:00
URB,Membro,EMILIO MENEGHINI,1993-03-10T00:00:00,1996-04-10T00:00:00
URB,Membro,ALDAIZA SPOSATI,1993-03-11T00:00:00,1994-12-18T00:00:00
URB,Membro,BRUNO FEDER,1993-03-11T00:00:00,1996-12-31T00:00:00
URB,Membro,PAULO ROBERTO FARIA LIMA,1993-03-11T00:00:00,1994-01-31T00:00:00
URB,Presidente,ZULAIE COBRA RIBEIRO,1993-03-11T00:00:00,1995-02-01T00:00:00
URB,Vice-presidente,TONINHO PAIVA,1993-03-11T00:00:00,1993-10-13T00:00:00
URB,Membro,MOHAMAD SAID MOURAD,1993-10-14T00:00:00,1993-10-21T00:00:00
URB,Membro,VICENTE VISCOME,1993-10-22T00:00:00,1993-11-15T00:00:00
URB,Vice-presidente,TONINHO PAIVA,1994-01-01T00:00:00,1995-02-01T00:00:00
URB,Membro,EDSON SIMOES,1994-02-01T00:00:00,1994-07-10T00:00:00
URB,Membro,ALBERTO HIAR,1994-02-17T00:00:00,1994-02-27T00:00:00
URB,Membro,ZENAS PIRES,1994-02-28T00:00:00,1994-03-03T00:00:00
URB,Membro,PAULO ROBERTO FARIA LIMA,1994-03-04T00:00:00,1997-02-27T00:00:00
URB,Membro,JOSE EDUARDO CARDOZO,1994-06-09T00:00:00,1994-06-23T00:00:00
URB,Membro,SERGIO RICARDO SILVA ROSA,1994-06-24T00:00:00,1994-07-09T00:00:00
URB,Membro,TEREZA CRISTINA DE SOUZA LAJOLO,1994-07-10T00:00:00,1995-03-01T00:00:00
URB,Membro,ALDAIZA SPOSATI,1995-02-01T00:00:00,1995-08-01T00:00:00
URB,Membro,NELSON GUIMARAES PROENCA,1995-02-01T00:00:00,1995-02-15T00:00:00
URB,Presidente,TONINHO PAIVA,1995-02-01T00:00:00,1996-01-01T00:00:00
URB,Membro,ANA MARIA QUADROS,1995-02-15T00:00:00,1995-03-15T00:00:00
URB,Membro,JOSE EDUARDO CARDOZO,1995-03-01T00:00:00,1995-03-15T00:00:00
URB,Membro,ANA MARIA QUADROS,1995-03-15T00:00:00,1996-12-31T00:00:00
URB,Membro,ARNALDO MADEIRA,1995-03-15T00:00:00,1995-03-15T00:00:00
URB,Membro,CARLOS ZARATTINI,1995-03-15T00:00:00,1995-03-31T00:00:00
URB,Membro,GABRIEL ORTEGA,1995-03-15T00:00:00,1995-03-15T00:00:00
URB,Membro,TEREZA CRISTINA DE SOUZA LAJOLO,1995-03-15T00:00:00,1995-03-15T00:00:00
URB,Membro,TEREZA CRISTINA DE SOUZA LAJOLO,1995-04-01T00:00:00,1996-10-06T00:00:00
URB,Membro,CARLOS ZARATTINI,1995-08-02T00:00:00,1995-09-01T00:00:00
URB,Membro,ALDAIZA SPOSATI,1995-09-02T00:00:00,1996-11-10T00:00:00
URB,Membro,MARCOS CINTRA,1996-03-16T00:00:00,1996-06-12T00:00:00
URB,Presidente,EMILIO MENEGHINI,1996-04-10T00:00:00,1996-12-31T00:00:00
URB,Membro,MIGUEL COLASUONNO,1996-06-12T00:00:00,1996-12-31T00:00:00
URB,Membro,CARLOS ZARATTINI,1996-10-07T00:00:00,1996-11-06T00:00:00
URB,Membro,TEREZA CRISTINA DE SOUZA LAJOLO,1996-11-07T00:00:00,1996-12-31T00:00:00
URB,Membro,CARLOS ZARATTINI,1996-11-11T00:00:00,1996-12-11T00:00:00
URB,Membro,ALDAIZA SPOSATI,1996-12-12T00:00:00,1996-12-31T00:00:00
URB,Membro,ARCHIBALDO ZANCRA,1997-03-12T00:00:00,1997-05-14T00:00:00
URB,Membro,DOMINGOS DISSEI,1997-03-12T00:00:00,1998-09-01T00:00:00
URB,Membro,GOULART,1997-03-12T00:00:00,2000-12-31T00:00:00
URB,Membro,JORGE TABA,1997-03-12T00:00:00,1998-03-10T00:00:00
URB,Membro,ROBERTO TRÍPOLI,1997-03-12T00:00:00,1997-08-04T00:00:00
URB,Presidente,ALDAIZA SPOSATI,1997-03-12T00:00:00,1998-03-10T00:00:00
URB,Vice-presidente,EMILIO MENEGHINI,1997-03-12T00:00:00,1999-02-23T00:00:00
URB,Membro,ANA MARTINS,1997-05-09T00:00:00,1998-03-10T00:00:00
URB,Membro,ALAN LOPES,1997-05-15T00:00:00,1997-07-29T00:00:00
URB,Membro,ARCHIBALDO ZANCRA,1997-07-30T00:00:00,1997-08-06T00:00:00
URB,Membro,EDER JOFRE,1997-08-05T00:00:00,1997-09-09T00:00:00
URB,Membro,ALAN LOPES,1997-08-07T00:00:00,1997-09-09T00:00:00
URB,Membro,ARCHIBALDO ZANCRA,1997-09-09T00:00:00,1998-04-16T00:00:00
URB,Membro,ROBERTO TRÍPOLI,1997-09-09T00:00:00,1998-03-10T00:00:00
URB,Membro,ALDAIZA SPOSATI,1998-03-11T00:00:00,1998-05-11T00:00:00
URB,Membro,MOHAMAD SAID MOURAD,1998-03-11T00:00:00,1999-03-10T00:00:00
URB,Presidente,AURÉLIO NOMURA,1998-03-11T00:00:00,2000-12-31T00:00:00
URB,Membro,MISSIONÁRIO JOSÉ OLÍMPIO,1998-04-17T00:00:00,1998-04-26T00:00:00
URB,Membro,ALAN LOPES,1998-04-27T00:00:00,1998-05-19T00:00:00
URB,Membro,CALVO,1998-05-12T00:00:00,1998-06-11T00:00:00
URB,Membro,ARCHIBALDO ZANCRA,1998-05-19T00:00:00,1998-05-26T00:00:00
URB,Membro,ARCHIBALDO ZANCRA,1998-05-27T00:00:00,1999-03-10T00:00:00
URB,Membro,ALDAIZA SPOSATI,1998-06-12T00:00:00,1999-10-26T00:00:00
URB,Membro,MISSIONÁRIO JOSÉ OLÍMPIO,1998-09-02T00:00:00,1998-10-26T00:00:00
URB,Membro,DOMINGOS DISSEI,1998-10-27T00:00:00,1998-11-18T00:00:00
URB,Membro,DOMINGOS DISSEI,1998-12-15T00:00:00,1998-12-15T00:00:00
URB,Membro,ANA MARTINS,1999-03-11T00:00:00,1999-05-13T00:00:00
URB,Membro,BRUNO FEDER,1999-03-11T00:00:00,2000-12-31T00:00:00
URB,Vice-presidente,TONINHO PAIVA,1999-03-11T00:00:00,2000-12-31T00:00:00
URB,Membro,AURELINO DE ANDRADE,1999-03-16T00:00:00,1999-06-28T00:00:00
URB,Membro,VITAL NOLASCO,1999-05-13T00:00:00,1999-06-14T00:00:00
URB,Membro,ANA MARTINS,1999-06-15T00:00:00,2000-02-26T00:00:00
URB,Membro,OSVALDO SANCHES,1999-06-29T00:00:00,1999-06-30T00:00:00
URB,Membro,MYRYAM ATHIE,1999-07-01T00:00:00,2000-12-12T00:00:00
URB,Membro,VITAL NOLASCO,1999-10-27T00:00:00,1999-11-25T00:00:00
URB,Membro,ALDAIZA SPOSATI,1999-11-26T00:00:00,2000-12-31T00:00:00
URB,Membro,COSME LOPES,2000-02-26T00:00:00,2000-12-31T00:00:00
URB,Membro,MIGUEL COLASUONNO,2000-12-12T00:00:00,2000-12-31T00:00:00
URB,Membro,ANA MARTINS,2001-02-22T00:00:00,2002-02-28T00:00:00
URB,Membro,DOMINGOS DISSEI,2001-02-22T00:00:00,2001-08-23T00:00:00
URB,Membro,FARHAT,2001-02-22T00:00:00,2002-02-28T00:00:00
URB,Membro,MARCOS ZERBINI,2001-02-22T00:00:00,2003-02-18T00:00:00
URB,Membro,NABIL BONDUKI,2001-02-22T00:00:00,2003-02-18T00:00:00
URB,Presidente,ALDAIZA SPOSATI,2001-02-22T00:00:00,2002-02-28T00:00:00
URB,Vice-presidente,MYRYAM ATHIE,2001-02-22T00:00:00,2002-02-28T00:00:00
URB,Membro,EDIVALDO ESTIMA,2001-08-23T00:00:00,2003-02-18T00:00:00
URB,Membro,ATÍLIO FRANCISCO,2002-03-01T00:00:00,2003-02-18T00:00:00
URB,Membro,TONINHO PAIVA,2002-03-01T00:00:00,2003-02-18T00:00:00
URB,Presidente,MISSIONÁRIO JOSÉ OLÍMPIO,2002-03-01T00:00:00,2003-02-18T00:00:00
URB,Vice-presidente,JOÃO ANTONIO,2002-03-01T00:00:00,2003-02-18T00:00:00
URB,Membro,ATÍLIO FRANCISCO,2003-02-19T00:00:00,2004-03-25T00:00:00
URB,Membro,ERASMO DIAS,2003-02-19T00:00:00,2004-03-25T00:00:00
URB,Membro,ITALO CARDOSO,2003-02-19T00:00:00,2003-03-15T00:00:00
URB,Membro,MISSIONÁRIO JOSÉ OLÍMPIO,2003-02-19T00:00:00,2004-03-25T00:00:00
URB,Membro,RICARDO MONTORO,2003-02-19T00:00:00,2004-03-25T00:00:00
URB,Presidente,TONINHO PAIVA,2003-02-19T00:00:00,2004-03-25T00:00:00
URB,Vice-presidente,NABIL BONDUKI,2003-02-19T00:00:00,2004-03-25T00:00:00
URB,Membro,JOSÉ FERREIRA (ZELÃO),2003-03-21T00:00:00,2004-03-25T00:00:00
URB,Membro,ATÍLIO FRANCISCO,2004-03-26T00:00:00,2004-12-31T00:00:00
URB,Membro,ERASMO DIAS,2004-03-26T00:00:00,2004-12-31T00:00:00
URB,Membro,JOSÉ FERREIRA (ZELÃO),2004-03-26T00:00:00,2004-12-31T00:00:00
URB,Membro,MISSIONÁRIO JOSÉ OLÍMPIO,2004-03-26T00:00:00,2004-12-31T00:00:00
URB,Membro,RICARDO MONTORO,2004-03-26T00:00:00,2004-12-31T00:00:00
URB,Presidente,TONINHO PAIVA,2004-03-26T00:00:00,2004-12-31T00:00:00
URB,Vice-presidente,NABIL BONDUKI,2004-03-26T00:00:00,2004-12-31T00:00:00
URB,Membro,FLAVIA PEREIRA,2004-06-30T00:00:00,2004-06-30T00:00:00
URB,Membro,JORGE BORGES,2005-02-24T00:00:00,2006-02-15T00:00:00
URB,Membro,JOSÉ FERREIRA (ZELÃO),2005-02-24T00:00:00,2006-02-15T00:00:00
URB,Membro,MARCOS ZERBINI,2005-02-24T00:00:00,2006-02-15T00:00:00
URB,Membro,MARTA COSTA,2005-02-24T00:00:00,2006-02-15T00:00:00
URB,Membro,RICARDO MONTORO,2005-02-24T00:00:00,2007-02-05T00:00:00
URB,Presidente,CHICO MACENA,2005-02-24T00:00:00,2006-09-11T00:00:00
URB,Vice-presidente,FARHAT,2005-02-24T00:00:00,2006-02-15T00:00:00
URB,Membro,AGNALDO TIMÓTEO,2006-02-16T00:00:00,2007-02-14T00:00:00
URB,Membro,DOMINGOS DISSEI,2006-02-16T00:00:00,2007-02-14T00:00:00
URB,Membro,PAULO TEIXEIRA,2006-02-16T00:00:00,2006-08-15T00:00:00
URB,Membro,TONINHO PAIVA,2006-02-16T00:00:00,2008-02-20T00:00:00
URB,Membro,WILLIAM WOO,2006-02-16T00:00:00,2007-02-01T00:00:00
URB,Membro,CALVO,2006-08-16T00:00:00,2006-09-28T00:00:00
URB,Membro,ALFREDINHO,2006-09-12T00:00:00,2006-09-28T00:00:00
URB,Membro,CALVO,2006-09-29T00:00:00,2006-10-12T00:00:00
URB,Membro,PAULO TEIXEIRA,2006-09-29T00:00:00,2007-02-01T00:00:00
URB,Membro,CHICO MACENA,2006-10-15T00:00:00,2008-02-20T00:00:00
URB,Membro,RICARDO TEIXEIRA,2007-02-02T00:00:00,2007-02-02T00:00:00
URB,Membro,SENIVAL MOURA,2007-02-02T00:00:00,2007-02-14T00:00:00
URB,Membro,MARA GABRILLI,2007-02-06T00:00:00,2007-02-26T00:00:00
URB,Membro,RICARDO TEIXEIRA,2007-02-15T00:00:00,2007-02-15T00:00:00
URB,Membro,ARSELINO TATTO,2007-02-27T00:00:00,2008-02-20T00:00:00
URB,Membro,AURÉLIO NOMURA,2007-02-27T00:00:00,2008-02-20T00:00:00
URB,Membro,JUSCELINO GADELHA,2007-02-27T00:00:00,2008-02-20T00:00:00
URB,Presidente,DALTON SILVANO,2007-02-27T00:00:00,2008-02-20T00:00:00
URB,Vice-presidente,DOMINGOS DISSEI,2007-02-27T00:00:00,2008-02-20T00:00:00
URB,Membro,ARSELINO TATTO,2008-02-21T00:00:00,2008-12-31T00:00:00
URB,Membro,CHICO MACENA,2008-02-21T00:00:00,2008-12-31T00:00:00
URB,Membro,DALTON SILVANO,2008-02-21T00:00:00,2008-12-31T00:00:00
URB,Membro,FARHAT,2008-02-21T00:00:00,2008-12-31T00:00:00
URB,Membro,JUSCELINO GADELHA,2008-02-21T00:00:00,2008-12-31T00:00:00
URB,Presidente,CARLOS APOLINARIO,2008-02-21T00:00:00,2008-12-31T00:00:00
URB,Vice-presidente,TONINHO PAIVA,2008-02-21T00:00:00,2008-12-31T00:00:00
URB,Membro,JOSÉ FERREIRA (ZELÃO),2009-02-12T00:00:00,2010-02-09T00:00:00
URB,Membro,JUSCELINO GADELHA,2009-02-12T00:00:00,2010-02-09T00:00:00
URB,Membro,PAULO FRANGE,2009-02-12T00:00:00,2010-02-09T00:00:00
URB,Membro,POLICE,2009-02-12T00:00:00,2010-02-09T00:00:00
URB,Presidente,CARLOS APOLINARIO,2009-02-12T00:00:00,2010-02-09T00:00:00
URB,Vice-presidente,TONINHO PAIVA,2009-02-12T00:00:00,2011-03-21T00:00:00
URB,Membro,CHICO MACENA,2010-02-09T00:00:00,2010-09-14T00:00:00
URB,Membro,CLÁUDIO PRADO,2010-02-09T00:00:00,2011-03-21T00:00:00
URB,Membro,MARA GABRILLI,2010-02-09T00:00:00,2011-01-31T00:00:00
URB,Membro,PAULO FRANGE,2010-02-09T00:00:00,2011-03-22T00:00:00
URB,Membro,POLICE,2010-02-09T00:00:00,2011-03-21T00:00:00
URB,Membro,TONINHO PAIVA,2010-02-09T00:00:00,2012-12-31T00:00:00
URB,Presidente,DOMINGOS DISSEI,2010-02-09T00:00:00,2011-03-21T00:00:00
URB,Membro,JUSCELINO GADELHA,2010-05-26T00:00:00,2010-05-26T00:00:00
URB,Membro,NABIL BONDUKI,2010-09-15T00:00:00,2010-10-15T00:00:00
URB,Membro,CHICO MACENA,2010-10-16T00:00:00,2012-12-31T00:00:00
URB,Membro,ITALO CARDOSO,2011-03-22T00:00:00,2012-04-16T00:00:00
URB,Membro,JUSCELINO GADELHA,2011-03-22T00:00:00,2012-12-31T00:00:00
URB,Membro,SALOMÃO PEREIRA,2011-03-22T00:00:00,2011-03-22T00:00:00
URB,Membro,TIÃO FARIAS,2011-03-22T00:00:00,2012-04-16T00:00:00
URB,Presidente,PAULO FRANGE,2011-03-22T00:00:00,2012-04-16T00:00:00
URB,Vice-presidente,DALTON SILVANO,2011-03-22T00:00:00,2012-04-16T00:00:00
URB,Membro,QUITO FORMIGA,2011-03-29T00:00:00,2011-03-29T00:00:00
URB,Membro,QUITO FORMIGA,2011-03-30T00:00:00,2012-04-16T00:00:00
URB,Membro,ALFREDINHO,2011-06-01T00:00:00,2011-06-01T00:00:00
URB,Membro,FLORIANO PESARO,2011-08-17T00:00:00,2011-08-17T00:00:00
URB,Membro,CARLOS NEDER,2012-04-16T00:00:00,2012-12-31T00:00:00
URB,Membro,DALTON SILVANO,2012-04-16T00:00:00,2012-11-22T00:00:00
URB,Membro,PAULO FRANGE,2012-04-16T00:00:00,2012-05-01T00:00:00
URB,Membro,USHITARO KAMIA,2012-04-16T00:00:00,2012-04-16T00:00:00
URB,Presidente,TIÃO FARIAS,2012-04-16T00:00:00,2012-12-31T00:00:00
URB,Vice-presidente,PAULO FRANGE,2012-05-02T00:00:00,2012-12-31T00:00:00
URB,Membro,QUITO FORMIGA,2012-05-09T00:00:00,2012-05-09T00:00:00
URB,Membro,ITALO CARDOSO,2012-06-20T00:00:00,2012-06-20T00:00:00
URB,Membro,FLORIANO PESARO,2012-08-15T00:00:00,2012-08-15T00:00:00
URB,Membro,FLORIANO PESARO,2012-08-22T00:00:00,2012-08-22T00:00:00
URB,Membro,FLORIANO PESARO,2012-08-29T00:00:00,2012-08-29T00:00:00
URB,Membro,ANIBAL DE FREITAS FILHO,2012-09-19T00:00:00,2012-09-19T00:00:00
URB,Membro,GILBERTO NATALINI,2012-10-17T00:00:00,2012-10-17T00:00:00
URB,Membro,ROBERTO TRÍPOLI,2012-11-22T00:00:00,2012-12-31T00:00:00
URB,Membro,ANDREA MATARAZZO,2013-02-26T00:00:00,2013-02-26T00:00:00
URB,Membro,DALTON SILVANO,2013-02-26T00:00:00,2016-12-31T00:00:00
URB,Membro,NABIL BONDUKI,2013-02-26T00:00:00,2015-01-30T00:00:00
URB,Membro,NELO RODOLFO,2013-02-26T00:00:00,2015-03-02T00:00:00
URB,Membro,PAULO FRANGE,2013-02-26T00:00:00,2013-03-05T00:00:00
URB,Membro,POLICE,2013-02-26T00:00:00,2015-02-25T00:00:00
URB,Membro,TONINHO PAIVA,2013-02-26T00:00:00,2015-02-25T00:00:00
URB,Presidente,ANDREA MATARAZZO,2013-02-27T00:00:00,2015-03-02T00:00:00
URB,Vice-presidente,PAULO FRANGE,2013-03-06T00:00:00,2015-03-02T00:00:00
URB,Membro,ALESSANDRO GUEDES,2013-05-08T00:00:00,2013-05-08T00:00:00
URB,Membro,ROBERTO TRÍPOLI,2014-04-16T00:00:00,2014-04-16T00:00:00
URB,Membro,ALFREDINHO,2014-05-26T00:00:00,2014-05-27T00:00:00
URB,Membro,RICARDO NUNES,2014-09-17T00:00:00,2014-09-17T00:00:00
URB,Membro,ROBERTO TRÍPOLI,2014-11-26T00:00:00,2014-11-26T00:00:00
URB,Membro,WADIH MUTRAN,2015-02-04T00:00:00,2015-02-04T00:00:00
URB,Membro,WADIH MUTRAN,2015-02-11T00:00:00,2015-02-11T00:00:00
URB,Membro,AURÉLIO MIGUEL,2015-02-26T00:00:00,2016-03-01T00:00:00
URB,Membro,GILSON BARRETO,2015-02-26T00:00:00,2015-03-02T00:00:00
URB,Membro,JULIANA CARDOSO,2015-02-26T00:00:00,2016-04-12T00:00:00
URB,Membro,SOUZA SANTOS,2015-02-26T00:00:00,2016-02-29T00:00:00
URB,Membro,PAULO FRANGE,2015-03-03T00:00:00,2016-12-31T00:00:00
URB,Presidente,GILSON BARRETO,2015-03-03T00:00:00,2016-12-31T00:00:00
URB,Vice-presidente,NELO RODOLFO,2015-03-03T00:00:00,2016-02-29T00:00:00
URB,Membro,RICARDO NUNES,2015-04-29T00:00:00,2015-04-29T00:00:00
URB,Membro,GEORGE HATO,2016-03-01T00:00:00,2016-12-31T00:00:00
URB,Membro,NELO RODOLFO,2016-03-01T00:00:00,2016-12-31T00:00:00
URB,Vice-presidente,SOUZA SANTOS,2016-03-01T00:00:00,2016-12-31T00:00:00
URB,Membro,NABIL BONDUKI,2016-04-13T00:00:00,2016-12-31T00:00:00
URB,Membro,CAMILO CRISTÓFARO,2017-02-09T00:00:00,2017-02-14T00:00:00
URB,Membro,DAVID SOARES,2017-02-09T00:00:00,2017-02-10T00:00:00
URB,Membro,EDUARDO MATARAZZO SUPLICY,2017-02-09T00:00:00,2018-02-20T00:00:00
URB,Membro,FABIO RIVA,2017-02-09T00:00:00,2020-12-31T00:00:00
URB,Membro,PAULO FRANGE,2017-02-09T00:00:00,2018-02-20T00:00:00
URB,Membro,POLICE,2017-02-09T00:00:00,2017-06-21T00:00:00
URB,Membro,SOUZA SANTOS,2017-02-09T00:00:00,2017-02-09T00:00:00
URB,Membro,DALTON SILVANO,2017-02-10T00:00:00,2018-02-20T00:00:00
URB,Presidente,SOUZA SANTOS,2017-02-10T00:00:00,2018-02-20T00:00:00
URB,Vice-presidente,CAMILO CRISTÓFARO,2017-02-15T00:00:00,2018-02-20T00:00:00
URB,Membro,EDIR SALES,2017-02-22T00:00:00,2018-02-20T00:00:00
URB,Membro,ALFREDINHO,2018-02-21T00:00:00,2018-02-21T00:00:00
URB,Membro,CAMILO CRISTÓFARO,2018-02-21T00:00:00,2020-12-31T00:00:00
URB,Membro,FERNANDO HOLIDAY,2018-02-21T00:00:00,2018-03-20T00:00:00
URB,Membro,POLICE,2018-02-21T00:00:00,2020-12-31T00:00:00
URB,Membro,SOUZA SANTOS,2018-02-21T00:00:00,2019-02-19T00:00:00
URB,Membro,TONINHO PAIVA,2018-02-21T00:00:00,2018-02-21T00:00:00
URB,Presidente,TONINHO PAIVA,2018-02-22T00:00:00,2019-02-14T00:00:00
URB,Vice-presidente,ALFREDINHO,2018-02-22T00:00:00,2019-02-14T00:00:00
URB,Membro,DALTON SILVANO,2018-03-21T00:00:00,2018-12-20T00:00:00
URB,Membro,ANDRÉ SANTOS,2018-04-04T00:00:00,2018-04-04T00:00:00
URB,Membro,JOÃO JORGE,2018-04-04T00:00:00,2018-04-04T00:00:00
URB,Membro,DANIEL ANNENBERG,2018-12-21T00:00:00,2018-12-26T00:00:00
URB,Membro,DALTON SILVANO,2018-12-27T00:00:00,2019-02-19T00:00:00
URB,Membro,ARSELINO TATTO,2019-02-15T00:00:00,2020-12-31T00:00:00
URB,Membro,TONINHO PAIVA,2019-02-15T00:00:00,2020-07-14T00:00:00
URB,Presidente,DALTON SILVANO,2019-02-20T00:00:00,2020-03-06T00:00:00
URB,Vice-presidente,SOUZA SANTOS,2019-02-20T00:00:00,2020-03-06T00:00:00
URB,Membro,RODRIGO GOULART,2019-08-21T00:00:00,2019-08-21T00:00:00
URB,Membro,ANTONIO DONATO,2020-03-04T00:00:00,2020-03-04T00:00:00
URB,Membro,DALTON SILVANO,2020-03-07T00:00:00,2020-03-09T00:00:00
URB,Membro,SOUZA SANTOS,2020-03-07T00:00:00,2020-12-31T00:00:00
URB,Presidente,DALTON SILVANO,2020-03-10T00:00:00,2020-12-31T00:00:00
URB,Vice-presidente,TONINHO PAIVA,2020-07-15T00:00:00,2020-12-31T00:00:00
URB,Membro,ANTONIO DONATO,2021-02-11T00:00:00,2023-02-06T00:00:00
URB,Membro,AURÉLIO NOMURA,2021-02-11T00:00:00,2023-02-06T00:00:00
URB,Membro,ELY TERUEL,2021-02-11T00:00:00,2022-02-22T00:00:00
URB,Membro,RODRIGO GOULART,2021-02-11T00:00:00,2024-12-31T00:00:00
URB,Membro,SILVIA DA BANCADA FEMINISTA,2021-02-11T00:00:00,2024-12-31T00:00:00
URB,Presidente,PAULO FRANGE,2021-02-11T00:00:00,2022-02-16T00:00:00
URB,Vice-presidente,ANDRÉ SANTOS,2021-02-11T00:00:00,2022-02-16T00:00:00
URB,Membro,SANSÃO PEREIRA,2021-04-14T00:00:00,2021-04-14T00:00:00
URB,Membro,JULIANA CARDOSO,2021-07-08T00:00:00,2021-07-08T00:00:00
URB,Membro,LUANA ALVES,2021-11-26T00:00:00,2021-11-26T00:00:00
URB,Membro,ANDRÉ SANTOS,2022-02-17T00:00:00,2023-02-06T00:00:00
URB,Membro,PAULO FRANGE,2022-02-17T00:00:00,2022-02-22T00:00:00
URB,Presidente,PAULO FRANGE,2022-02-23T00:00:00,2023-02-06T00:00:00
URB,Vice-presidente,ELY TERUEL,2022-02-23T00:00:00,2023-02-06T00:00:00
URB,Membro,ARSELINO TATTO,2023-02-07T00:00:00,2024-12-31T00:00:00
URB,Membro,FABIO RIVA,2023-02-07T00:00:00,2024-02-20T00:00:00
URB,Membro,MARLON LUZ,2023-02-07T00:00:00,2023-02-07T00:00:00
URB,Membro,RUBINHO NUNES,2023-02-07T00:00:00,2023-02-07T00:00:00
URB,Membro,SANSÃO PEREIRA,2023-02-07T00:00:00,2024-02-19T00:00:00
URB,Presidente,RUBINHO NUNES,2023-02-08T00:00:00,2024-02-19T00:00:00
URB,Vice-presidente,MARLON LUZ,2023-02-08T00:00:00,2024-02-19T00:00:00
URB,Membro,DANILO DO POSTO DE SAÚDE,2024-02-20T00:00:00,2024-12-31T00:00:00
URB,Membro,MARLON LUZ,2024-02-20T00:00:00,2024-04-08T00:00:00
URB,Membro,RUBINHO NUNES,2024-02-20T00:00:00,2024-02-20T00:00:00
URB,Presidente,RUBINHO NUNES,2024-02-21T00:00:00,2024-12-31T00:00:00
URB,Vice-presidente,FABIO RIVA,2024-02-21T00:00:00,2024-12-31T00:00:00
URB,Membro,SIDNEY CRUZ,2024-04-09T00:00:00,2024-07-02T00:00:00
URB,Membro,MARLON LUZ,2024-07-03T00:00:00,2024-12-31T00:00:00
URB,Membro,DR. MURILLO LIMA,2025-03-13T00:00:00,2025-03-25T00:00:00
URB,Membro,FABIO RIVA,2025-03-13T00:00:00,2026-03-03T00:00:00
URB,Membro,GABRIEL ABREU,2025-03-13T00:00:00,2025-10-31T00:00:00
URB,Membro,ISAC FÉLIX,2025-03-13T00:00:00,
URB,Membro,MARINA BRAGANTE,2025-03-13T00:00:00,
URB,Membro,NABIL BONDUKI,2025-03-13T00:00:00,2026-03-03T00:00:00
URB,Presidente,RUBINHO NUNES,2025-03-13T00:00:00,2025-09-15T00:00:00
URB,Vice-presidente,DR. MURILLO LIMA,2025-03-26T00:00:00,2025-09-15T00:00:00
URB,Membro,RUBINHO NUNES,2025-09-16T00:00:00,2025-09-23T00:00:00
URB,Presidente,DR. MURILLO LIMA,2025-09-16T00:00:00,2025-09-23T00:00:00
URB,Presidente,RUBINHO NUNES,2025-09-24T00:00:00,2026-03-03T00:00:00
URB,Vice-presidente,DR. MURILLO LIMA,2025-09-24T00:00:00,2026-03-03T00:00:00
URB,Membro,ALESSANDRO GUEDES,2025-10-15T00:00:00,2025-10-15T00:00:00
URB,Membro,LUIZ PROTEÇÃO ANIMAL,2025-11-01T00:00:00,2025-12-01T00:00:00
URB,Membro,GABRIEL ABREU,2025-12-02T00:00:00,2026-03-03T00:00:00
URB,Membro,DANILO DO POSTO DE SAÚDE,2026-03-04T00:00:00,
URB,Membro,DHEISON SILVA,2026-03-04T00:00:00,
URB,Membro,DR. MURILLO LIMA,2026-03-04T00:00:00,
URB,Membro,FABIO RIVA,2026-03-04T00:00:00,2026-03-04T00:00:00
URB,Membro,RUBINHO NUNES,2026-03-04T00:00:00,2026-03-04T00:00:00
URB,Presidente,RUBINHO NUNES,2026-03-05T00:00:00,
URB,Vice-presidente,FABIO RIVA,2026-03-05T00:00:00,
URB,Membro,RUTE COSTA,2026-03-25T00:00:00,2026-03-25T00:00:00
URB,Membro,JANAINA PASCHOAL,2026-05-20T00:00:00,2026-05-20T00:00:00
URB,Membro,JANAINA PASCHOAL,2026-05-27T00:00:00,2026-05-27T00:00:00
