rotulo,tipo,ano,leitura,encerramento,motivo
PDL 1/2014,PDL,2014,2014-02-05T00:00:00,2017-01-04T16:11:00,Encerrado-TERMINO DE LEGISLATURA (ART. 275 REG. INT.)
PDL 1/2015,PDL,2015,2014-12-16T00:00:00,2018-09-19T00:00:00,Encerrado-PROMULGADO
PDL 1/2016,PDL,2016,2015-12-17T00:00:00,2017-01-10T12:41:00,Encerrado-TERMINO DE LEGISLATURA (ART. 275 REG. INT.)
PDL 1/2017,PDL,2017,2017-01-18T00:00:00,2018-01-23T09:27:00,Encerrado-PROMULGADO
PDL 1/2018,PDL,2018,2018-01-17T00:00:00,2018-08-16T15:08:00,Encerrado-RETIRADO PELO AUTOR
PDL 1/2019,PDL,2019,2019-02-12T00:00:00,2021-03-05T13:32:00,Encerrado-PROMULGADO
PDL 1/2020,PDL,2020,2020-02-13T00:00:00,2021-02-09T16:13:00,Encerrado-PROMULGADO
PDL 1/2021,PDL,2021,2021-01-06T00:00:00,2021-04-28T16:37:58,Encerrado-RETIRADO PELO AUTOR
PDL 1/2022,PDL,2022,2022-01-06T00:00:00,2024-09-19T11:53:00,Encerrado-PROMULGADO
PDL 1/2023,PDL,2023,2023-02-08T00:00:00,2024-11-26T12:54:00,Encerrado-PROMULGADO
PDL 10/2015,PDL,2015,2015-02-03T00:00:00,2018-09-19T00:00:00,Encerrado-PROMULGADO
PDL 10/2016,PDL,2016,2016-02-17T00:00:00,2018-09-19T00:00:00,Encerrado-PROMULGADO
PDL 10/2017,PDL,2017,2017-02-22T00:00:00,2017-05-18T12:00:00,Encerrado-ILEGALIDADE (ART. 79 REG. INT.)
PDL 10/2018,PDL,2018,2018-03-01T00:00:00,2018-11-29T17:33:00,Encerrado-PROMULGADO
PDL 10/2019,PDL,2019,2019-02-27T00:00:00,2021-01-20T17:42:11,Encerrado-TERMINO DE LEGISLATURA (ART. 275 REG. INT.)
PDL 10/2020,PDL,2020,2020-05-08T00:00:00,2022-01-20T14:05:00,Encerrado-ILEGALIDADE (ART. 79 REG. INT.)
PDL 10/2021,PDL,2021,2021-04-05T00:00:00,2023-08-21T16:15:36,Encerrado-RETIRADO PELO AUTOR
PDL 10/2022,PDL,2022,2022-03-08T00:00:00,2022-06-28T21:00:00,Encerrado-PROMULGADO
PDL 10/2023,PDL,2023,2023-03-13T00:00:00,2024-11-26T12:54:00,Encerrado-PROMULGADO
PDL 10/2024,PDL,2024,2024-02-27T00:00:00,2024-11-25T10:42:00,Encerrado-PROMULGADO
PDL 100/2016,PDL,2016,2016-08-10T00:00:00,2017-05-17T18:44:00,Encerrado-ARQUIVADO
PDL 100/2017,PDL,2017,2017-11-29T00:00:00,2018-12-20T15:27:00,Encerrado-PROMULGADO
PDL 100/2019,PDL,2019,2019-09-18T00:00:00,2020-03-20T13:17:00,Encerrado-PROMULGADO
PDL 100/2022,PDL,2022,2022-11-17T00:00:00,2025-01-06T17:53:00,Encerrado-TERMINO DE LEGISLATURA (ART. 275 REG. INT.)
PDL 100/2023,PDL,2023,2023-12-13T00:00:00,2024-09-19T11:53:00,Encerrado-PROMULGADO
PDL 101/2016,PDL,2016,2016-08-10T00:00:00,2018-09-19T00:00:00,Encerrado-PROMULGADO
PDL 101/2017,PDL,2017,2017-11-29T00:00:00,2018-11-30T16:25:00,Encerrado-PROMULGADO
PDL 101/2019,PDL,2019,2019-10-03T00:00:00,2022-05-13T10:43:00,Encerrado-PROMULGADO
PDL 101/2024,PDL,2024,2024-06-27T00:00:00,2024-11-27T12:28:00,Encerrado-PROMULGADO
PDL 101/2025,PDL,2025,2025-10-06T00:00:00,2026-09-30T13:14:00,Encerrado-PROMULGADO
PDL 102/2013,PDL,2013,2013-12-18T00:00:00,2018-09-19T00:00:00,Encerrado-PROMULGADO
PDL 102/2016,PDL,2016,2016-08-10T00:00:00,2018-09-19T00:00:00,Encerrado-PROMULGADO
PDL 102/2019,PDL,2019,2019-10-08T00:00:00,2021-02-16T22:12:00,Encerrado-PROMULGADO
PDL 102/2022,PDL,2022,2022-11-21T00:00:00,2023-09-25T10:15:00,Encerrado-PROMULGADO
PDL 102/2023,PDL,2023,2023-12-15T00:00:00,2024-08-23T11:56:00,Encerrado-PROMULGADO
PDL 102/2024,PDL,2024,2024-06-27T00:00:00,2026-03-07T07:40:00,Encerrado-PROMULGADO
PDL 103/2016,PDL,2016,2016-08-10T00:00:00,2019-04-22T11:12:00,Encerrado-PROMULGADO
PDL 103/2017,PDL,2017,2017-12-04T00:00:00,2018-04-13T15:44:00,Encerrado-RETIRADO PELO AUTOR
PDL 103/2019,PDL,2019,2019-10-08T00:00:00,2021-02-09T16:11:00,Encerrado-PROMULGADO
PDL 103/2022,PDL,2022,2022-11-22T00:00:00,2025-01-16T22:44:28,Encerrado-TERMINO DE LEGISLATURA (ART. 275 REG. INT.)
PDL 103/2023,PDL,2023,2023-12-18T00:00:00,2024-09-05T14:06:00,Encerrado-PROMULGADO
PDL 103/2024,PDL,2024,2024-06-27T00:00:00,2025-01-21T14:23:00,Encerrado-TERMINO DE LEGISLATURA (ART. 275 REG. INT.)
PDL 104/2016,PDL,2016,2016-08-16T00:00:00,2018-09-19T00:00:00,Encerrado-PROMULGADO
PDL 104/2022,PDL,2022,2022-11-30T00:00:00,2025-01-16T22:44:27,Encerrado-TERMINO DE LEGISLATURA (ART. 275 REG. INT.)
PDL 104/2023,PDL,2023,2023-12-18T00:00:00,2025-01-08T10:14:00,Encerrado-PROMULGADO
PDL 104/2024,PDL,2024,2024-06-28T00:00:00,2026-03-07T07:40:00,Encerrado-PROMULGADO
PDL 105/2016,PDL,2016,2016-08-17T00:00:00,2018-09-19T00:00:00,Encerrado-PROMULGADO
PDL 105/2017,PDL,2017,2017-12-14T00:00:00,2018-09-19T00:00:00,Encerrado-PROMULGADO
PDL 105/2022,PDL,2022,2022-12-06T00:00:00,2025-01-28T15:24:00,Encerrado-PROMULGADO
PDL 106/2016,PDL,2016,2016-08-16T00:00:00,2017-01-04T16:11:00,Encerrado-TERMINO DE LEGISLATURA (ART. 275 REG. INT.)
PDL 106/2019,PDL,2019,2019-10-09T00:00:00,2019-12-10T16:49:00,Encerrado-PROMULGADO
PDL 106/2022,PDL,2022,2022-12-20T00:00:00,2025-01-06T17:53:00,Encerrado-TERMINO DE LEGISLATURA (ART. 275 REG. INT.)
PDL 106/2023,PDL,2023,2023-12-20T00:00:00,2024-09-05T14:06:00,Encerrado-PROMULGADO
PDL 107/2016,PDL,2016,2016-08-19T00:00:00,2018-09-19T00:00:00,Encerrado-PROMULGADO
PDL 107/2022,PDL,2022,2022-12-20T00:00:00,2025-01-16T22:48:21,Encerrado-TERMINO DE LEGISLATURA (ART. 275 REG. INT.)
PDL 107/2023,PDL,2023,2023-12-20T00:00:00,2025-01-13T13:20:50,Encerrado-TERMINO DE LEGISLATURA (ART. 275 REG. INT.)
PDL 107/2024,PDL,2024,2024-07-02T00:00:00,2025-04-28T09:12:00,Encerrado-PROMULGADO
PDL 108/2016,PDL,2016,2016-08-31T00:00:00,2017-01-02T17:24:00,Encerrado-TERMINO DE LEGISLATURA (ART. 275 REG. INT.)
PDL 108/2023,PDL,2023,2023-12-21T00:00:00,2024-09-19T11:53:00,Encerrado-PROMULGADO
PDL 108/2024,PDL,2024,2024-07-03T00:00:00,2026-03-07T07:40:00,Encerrado-PROMULGADO
PDL 109/2016,PDL,2016,2016-09-05T00:00:00,2021-01-07T15:30:00,Encerrado-TERMINO DE LEGISLATURA (ART. 275 REG. INT.)
PDL 109/2024,PDL,2024,2024-07-03T00:00:00,2025-01-07T12:54:00,Encerrado-PROMULGADO
PDL 11/2014,PDL,2014,2014-02-12T00:00:00,2024-08-29T18:00:00,Encerrado-PROMULGADO
PDL 11/2016,PDL,2016,2016-02-17T00:00:00,2018-09-19T00:00:00,Encerrado-PROMULGADO
PDL 11/2017,PDL,2017,2017-02-22T00:00:00,2025-04-07T12:33:00,Encerrado-PROMULGADO
PDL 11/2019,PDL,2019,2019-02-27T00:00:00,2021-04-07T15:52:00,Encerrado-RETIRADO PELO AUTOR
PDL 11/2020,PDL,2020,2020-05-08T00:00:00,2021-01-28T16:44:56,Encerrado-TERMINO DE LEGISLATURA (ART. 275 REG. INT.)
PDL 11/2021,PDL,2021,2021-04-05T00:00:00,2023-08-22T17:58:18,Encerrado-RETIRADO PELO AUTOR
PDL 11/2022,PDL,2022,2022-03-09T00:00:00,2023-07-24T11:00:00,Encerrado-PROMULGADO
PDL 11/2024,PDL,2024,2024-02-27T00:00:00,2025-01-07T12:54:00,Encerrado-PROMULGADO
PDL 110/2016,PDL,2016,2016-09-12T00:00:00,2018-09-19T00:00:00,Encerrado-PROMULGADO
PDL 110/2019,PDL,2019,2019-10-17T00:00:00,2023-03-20T14:56:00,Encerrado-PROMULGADO
PDL 111/2016,PDL,2016,2016-09-21T00:00:00,2023-07-26T11:57:00,Encerrado-PROMULGADO
PDL 111/2019,PDL,2019,2019-10-17T00:00:00,2021-02-09T16:12:00,Encerrado-PROMULGADO
PDL 112/2016,PDL,2016,2016-10-04T00:00:00,2024-11-14T09:49:00,Encerrado-PROMULGADO
PDL 113/2016,PDL,2016,2016-10-18T00:00:00,2024-11-14T09:49:00,Encerrado-PROMULGADO
PDL 113/2024,PDL,2024,2024-08-08T00:00:00,2026-03-07T07:40:00,Encerrado-PROMULGADO
PDL 114/2016,PDL,2016,2016-10-20T00:00:00,2018-09-19T00:00:00,Encerrado-PROMULGADO
PDL 115/2016,PDL,2016,2016-11-16T00:00:00,2018-09-19T00:00:00,Encerrado-PROMULGADO
PDL 115/2019,PDL,2019,2019-10-17T00:00:00,2026-03-07T07:40:00,Encerrado-PROMULGADO
PDL 116/2016,PDL,2016,2016-11-16T00:00:00,2020-03-09T19:21:00,Encerrado-PROMULGADO
PDL 116/2019,PDL,2019,2019-10-23T00:00:00,2021-02-16T22:12:00,Encerrado-PROMULGADO
PDL 116/2024,PDL,2024,2024-08-13T00:00:00,2026-03-07T07:40:00,Encerrado-PROMULGADO
PDL 117/2016,PDL,2016,2016-11-16T00:00:00,2025-01-06T17:53:00,Encerrado-TERMINO DE LEGISLATURA (ART. 275 REG. INT.)
PDL 117/2024,PDL,2024,2024-08-29T00:00:00,2025-01-06T17:12:00,Encerrado-PROMULGADO
PDL 118/2016,PDL,2016,2016-11-16T00:00:00,2018-09-19T00:00:00,Encerrado-PROMULGADO
PDL 118/2019,PDL,2019,2019-10-31T00:00:00,2021-01-29T10:56:00,Encerrado-TERMINO DE LEGISLATURA (ART. 275 REG. INT.)
PDL 118/2024,PDL,2024,2024-09-02T00:00:00,2025-01-21T22:56:52,Encerrado-TERMINO DE LEGISLATURA (ART. 275 REG. INT.)
PDL 119/2016,PDL,2016,2016-11-16T00:00:00,2019-10-07T13:10:00,Encerrado-PROMULGADO
PDL 119/2019,PDL,2019,2019-11-06T00:00:00,2021-02-18T19:16:00,Encerrado-RETIRADO PELO AUTOR
PDL 119/2024,PDL,2024,2024-10-22T00:00:00,2025-01-15T13:11:00,Encerrado-PROMULGADO
PDL 12/2014,PDL,2014,2014-02-12T00:00:00,2021-01-07T15:30:00,Encerrado-TERMINO DE LEGISLATURA (ART. 275 REG. INT.)
PDL 12/2015,PDL,2015,2015-02-04T00:00:00,2018-09-19T00:00:00,Encerrado-PROMULGADO
PDL 12/2016,PDL,2016,2016-02-17T00:00:00,2017-01-04T17:50:00,Encerrado-TERMINO DE LEGISLATURA (ART. 275 REG. INT.)
PDL 12/2017,PDL,2017,2017-02-22T00:00:00,2018-09-19T00:00:00,Encerrado-PROMULGADO
PDL 12/2018,PDL,2018,2018-03-01T00:00:00,2018-09-19T00:00:00,Encerrado-PROMULGADO
PDL 12/2020,PDL,2020,2020-05-12T00:00:00,2021-01-28T16:45:00,Encerrado-TERMINO DE LEGISLATURA (ART. 275 REG. INT.)
PDL 12/2021,PDL,2021,2021-04-05T00:00:00,2025-06-03T14:04:00,Encerrado-PROMULGADO
PDL 12/2025,PDL,2025,2025-02-27T00:00:00,2026-03-07T07:40:00,Encerrado-PROMULGADO
PDL 120/2016,PDL,2016,2016-11-23T00:00:00,2018-09-19T00:00:00,Encerrado-PROMULGADO
PDL 120/2019,PDL,2019,2019-11-06T00:00:00,2021-03-05T13:32:00,Encerrado-PROMULGADO
PDL 120/2024,PDL,2024,2024-10-22T00:00:00,2025-01-15T13:11:00,Encerrado-PROMULGADO
PDL 121/2016,PDL,2016,2016-12-06T00:00:00,2025-01-06T17:53:00,Encerrado-TERMINO DE LEGISLATURA (ART. 275 REG. INT.)
PDL 121/2019,PDL,2019,2019-11-06T00:00:00,2025-01-13T13:01:00,Encerrado-PROMULGADO
PDL 122/2016,PDL,2016,2016-12-06T00:00:00,2018-09-19T00:00:00,Encerrado-PROMULGADO
PDL 123/2016,PDL,2016,2016-12-07T00:00:00,2017-01-02T17:24:00,Encerrado-TERMINO DE LEGISLATURA (ART. 275 REG. INT.)
PDL 123/2024,PDL,2024,2024-11-06T00:00:00,2025-01-15T11:08:10,Encerrado-TERMINO DE LEGISLATURA (ART. 275 REG. INT.)
PDL 124/2016,PDL,2016,2016-12-07T00:00:00,2018-09-19T00:00:00,Encerrado-PROMULGADO
PDL 124/2019,PDL,2019,2019-11-06T00:00:00,2021-02-09T16:16:00,Encerrado-PROMULGADO
PDL 124/2024,PDL,2024,2024-11-08T00:00:00,2025-01-15T11:08:10,Encerrado-TERMINO DE LEGISLATURA (ART. 275 REG. INT.)
PDL 125/2016,PDL,2016,2016-12-13T00:00:00,2017-04-06T15:04:00,Encerrado-RETIRADO PELO AUTOR
PDL 125/2019,PDL,2019,2019-11-11T00:00:00,2021-02-16T22:12:00,Encerrado-PROMULGADO
PDL 126/2019,PDL,2019,2019-11-11T00:00:00,2021-02-16T22:12:00,Encerrado-PROMULGADO
PDL 127/2016,PDL,2016,2016-12-14T00:00:00,2024-08-29T18:00:00,Encerrado-PROMULGADO
PDL 127/2019,PDL,2019,2019-11-27T00:00:00,2021-02-16T22:12:00,Encerrado-PROMULGADO
PDL 128/2016,PDL,2016,2016-12-14T00:00:00,2018-09-19T00:00:00,Encerrado-PROMULGADO
PDL 128/2019,PDL,2019,2019-11-28T00:00:00,2023-08-09T09:50:00,Encerrado-PROMULGADO
PDL 128/2024,PDL,2024,2024-11-22T00:00:00,2026-03-07T07:40:00,Encerrado-PROMULGADO
PDL 129/2016,PDL,2016,2016-12-16T00:00:00,2017-01-31T11:24:00,Encerrado-TERMINO DE LEGISLATURA (ART. 275 REG. INT.)
PDL 129/2019,PDL,2019,2019-12-04T00:00:00,2025-01-13T13:20:44,Encerrado-TERMINO DE LEGISLATURA (ART. 275 REG. INT.)
PDL 129/2024,PDL,2024,2024-11-27T00:00:00,2026-03-07T07:40:00,Encerrado-PROMULGADO
PDL 13/2016,PDL,2016,2016-02-24T00:00:00,2025-04-22T11:10:00,Encerrado-PROMULGADO
PDL 13/2017,PDL,2017,2017-03-14T00:00:00,2019-04-26T15:42:00,Encerrado-RETIRADO PELO AUTOR
PDL 13/2018,PDL,2018,2018-03-01T00:00:00,2018-09-19T00:00:00,Encerrado-PROMULGADO
PDL 13/2019,PDL,2019,2019-03-12T00:00:00,2019-09-20T16:28:00,Encerrado-ILEGALIDADE (ART. 79 REG. INT.)
PDL 13/2020,PDL,2020,2020-05-19T00:00:00,2025-01-07T18:20:00,Encerrado-TERMINO DE LEGISLATURA (ART. 275 REG. INT.)
PDL 13/2021,PDL,2021,2021-04-07T00:00:00,2025-01-14T20:03:02,Encerrado-TERMINO DE LEGISLATURA (ART. 275 REG. INT.)
PDL 13/2022,PDL,2022,2022-03-14T00:00:00,2024-10-17T08:44:00,Encerrado-PROMULGADO
PDL 13/2024,PDL,2024,2024-02-29T00:00:00,2025-01-07T12:54:00,Encerrado-PROMULGADO
PDL 130/2024,PDL,2024,2024-12-11T00:00:00,2026-03-07T07:40:00,Encerrado-PROMULGADO
PDL 131/2019,PDL,2019,2019-12-04T00:00:00,2023-07-24T10:17:00,Encerrado-PROMULGADO
PDL 132/2019,PDL,2019,2019-12-10T00:00:00,2025-01-28T12:05:00,Encerrado-PROMULGADO
PDL 133/2019,PDL,2019,2019-12-11T00:00:00,2026-03-07T08:02:00,Encerrado-PROMULGADO
PDL 134/2019,PDL,2019,2019-12-17T00:00:00,2023-03-06T18:05:00,Encerrado-PROMULGADO
PDL 135/2019,PDL,2019,2019-12-18T00:00:00,2025-01-13T19:31:16,Encerrado-TERMINO DE LEGISLATURA (ART. 275 REG. INT.)
PDL 138/2024,PDL,2024,2024-12-18T00:00:00,2026-03-07T07:40:00,Encerrado-PROMULGADO
PDL 139/2024,PDL,2024,2024-12-18T00:00:00,2025-05-28T12:06:54,Encerrado-RETIRADO PELO AUTOR
PDL 14/2013,PDL,2013,2013-03-20T00:00:00,2016-03-16T19:25:36,Encerrado-RETIRADO PELO AUTOR
PDL 14/2015,PDL,2015,2015-02-11T00:00:00,2017-01-04T16:11:00,Encerrado-TERMINO DE LEGISLATURA (ART. 275 REG. INT.)
PDL 14/2016,PDL,2016,2016-02-24T00:00:00,2025-04-22T11:10:00,Encerrado-PROMULGADO
PDL 14/2017,PDL,2017,2017-03-15T00:00:00,2018-09-19T00:00:00,Encerrado-PROMULGADO
PDL 14/2020,PDL,2020,2020-05-28T00:00:00,2023-08-21T16:15:39,Encerrado-RETIRADO PELO AUTOR
PDL 14/2021,PDL,2021,2021-04-14T00:00:00,2022-05-06T10:33:00,Encerrado-PROMULGADO
PDL 15/2015,PDL,2015,2015-03-03T00:00:00,2018-09-19T00:00:00,Encerrado-PROMULGADO
PDL 15/2017,PDL,2017,2017-03-15T00:00:00,2021-01-07T15:30:00,Encerrado-TERMINO DE LEGISLATURA (ART. 275 REG. INT.)
PDL 15/2018,PDL,2018,2018-03-07T00:00:00,2018-10-18T11:01:00,Encerrado-PROMULGADO
PDL 15/2020,PDL,2020,2020-06-04T00:00:00,2021-02-16T22:12:00,Encerrado-PROMULGADO
PDL 15/2021,PDL,2021,2021-04-14T00:00:00,2021-12-15T15:17:00,Encerrado-PROMULGADO
PDL 15/2022,PDL,2022,2022-03-15T00:00:00,2023-02-24T15:52:00,Encerrado-PROMULGADO
PDL 15/2025,PDL,2025,2025-03-17T00:00:00,2026-03-07T07:40:00,Encerrado-PROMULGADO
PDL 16/2015,PDL,2015,2015-03-03T00:00:00,2018-09-19T00:00:00,Encerrado-PROMULGADO
PDL 16/2016,PDL,2016,2016-02-24T00:00:00,2025-04-22T11:10:00,Encerrado-PROMULGADO
PDL 16/2017,PDL,2017,2017-03-15T00:00:00,2018-09-19T00:00:00,Encerrado-PROMULGADO
PDL 16/2018,PDL,2018,2018-03-07T00:00:00,2018-05-17T15:05:00,Encerrado-RETIRADO PELO AUTOR
PDL 16/2019,PDL,2019,2019-03-12T00:00:00,2023-06-27T18:11:59,Encerrado-RETIRADO PELO AUTOR
PDL 16/2020,PDL,2020,2020-06-12T00:00:00,2021-02-09T16:08:00,Encerrado-PROMULGADO
PDL 16/2021,PDL,2021,2021-04-23T00:00:00,2023-03-06T18:05:00,Encerrado-PROMULGADO
PDL 16/2022,PDL,2022,2022-03-17T00:00:00,2022-06-28T21:00:00,Encerrado-PROMULGADO
PDL 16/2023,PDL,2023,2023-03-22T00:00:00,2024-11-08T13:15:00,Encerrado-PROMULGADO
PDL 16/2024,PDL,2024,2024-03-04T00:00:00,2024-09-20T17:04:00,Encerrado-PROMULGADO
PDL 16/2025,PDL,2025,2025-03-19T00:00:00,2026-03-07T07:56:00,Encerrado-PROMULGADO
PDL 17/2015,PDL,2015,2015-04-08T00:00:00,2018-09-19T00:00:00,Encerrado-PROMULGADO
PDL 17/2016,PDL,2016,2016-02-25T00:00:00,2018-09-19T00:00:00,Encerrado-PROMULGADO
PDL 17/2017,PDL,2017,2017-03-15T00:00:00,2020-08-06T15:47:00,Encerrado-PROMULGADO
PDL 17/2018,PDL,2018,2018-03-07T00:00:00,2025-01-13T11:09:00,Encerrado-PROMULGADO
PDL 17/2019,PDL,2019,2019-03-13T00:00:00,2021-03-05T13:32:00,Encerrado-PROMULGADO
PDL 17/2020,PDL,2020,2020-06-15T00:00:00,2025-01-08T15:51:00,Encerrado-PROMULGADO
PDL 17/2021,PDL,2021,2021-05-04T00:00:00,2023-07-24T11:00:00,Encerrado-PROMULGADO
PDL 17/2022,PDL,2022,2022-03-21T00:00:00,2024-05-02T17:06:00,Encerrado-RETIRADO PELO AUTOR
PDL 17/2023,PDL,2023,2023-03-22T00:00:00,2024-06-12T08:56:00,Encerrado-PROMULGADO
PDL 17/2024,PDL,2024,2024-03-05T00:00:00,2025-01-07T18:20:00,Encerrado-TERMINO DE LEGISLATURA (ART. 275 REG. INT.)
PDL 17/2025,PDL,2025,2025-03-25T00:00:00,2026-03-07T07:40:00,Encerrado-PROMULGADO
PDL 18/2015,PDL,2015,2015-04-08T00:00:00,2018-09-19T00:00:00,Encerrado-PROMULGADO
PDL 18/2017,PDL,2017,2017-03-21T00:00:00,2017-08-17T13:16:00,Encerrado-ILEGALIDADE (ART. 79 REG. INT.)
PDL 18/2018,PDL,2018,2018-03-14T00:00:00,2019-03-12T11:31:00,Encerrado-PROMULGADO
PDL 18/2019,PDL,2019,2019-03-18T00:00:00,2021-01-07T15:59:00,Encerrado-TERMINO DE LEGISLATURA (ART. 275 REG. INT.)
PDL 18/2020,PDL,2020,2020-06-15T00:00:00,2021-01-28T16:50:18,Encerrado-TERMINO DE LEGISLATURA (ART. 275 REG. INT.)
PDL 18/2021,PDL,2021,2021-05-11T00:00:00,2023-07-24T11:00:00,Encerrado-PROMULGADO
PDL 18/2022,PDL,2022,2022-03-21T00:00:00,2024-05-02T17:06:01,Encerrado-RETIRADO PELO AUTOR
PDL 18/2024,PDL,2024,2024-03-05T00:00:00,2026-03-07T07:40:00,Encerrado-PROMULGADO
PDL 18/2026,PDL,2026,2026-03-16T00:00:00,2026-06-12T18:39:00,Encerrado-PROMULGADO
PDL 19/2014,PDL,2014,2014-02-25T00:00:00,2018-09-19T00:00:00,Encerrado-PROMULGADO
PDL 19/2016,PDL,2016,2016-03-03T00:00:00,2018-09-19T00:00:00,Encerrado-PROMULGADO
PDL 19/2017,PDL,2017,2017-03-22T00:00:00,2018-09-19T00:00:00,Encerrado-PROMULGADO
PDL 19/2018,PDL,2018,2018-03-14T00:00:00,2019-12-10T17:00:00,Encerrado-PROMULGADO
PDL 19/2019,PDL,2019,2019-03-18T00:00:00,2021-01-07T15:59:00,Encerrado-TERMINO DE LEGISLATURA (ART. 275 REG. INT.)
PDL 19/2020,PDL,2020,2020-06-15T00:00:00,2021-02-16T22:12:00,Encerrado-PROMULGADO
PDL 19/2021,PDL,2021,2021-05-21T00:00:00,2023-08-21T16:15:36,Encerrado-RETIRADO PELO AUTOR
PDL 19/2022,PDL,2022,2022-03-21T00:00:00,2022-06-28T21:00:00,Encerrado-PROMULGADO
PDL 2/2015,PDL,2015,2014-12-17T00:00:00,2018-09-19T00:00:00,Encerrado-PROMULGADO
PDL 2/2016,PDL,2016,2015-12-17T00:00:00,2016-06-23T15:15:03,Encerrado-RETIRADO PELO AUTOR
PDL 2/2017,PDL,2017,2017-01-31T00:00:00,2017-10-27T11:42:00,Encerrado-ILEGALIDADE (ART. 79 REG. INT.)
PDL 2/2018,PDL,2018,2018-02-21T00:00:00,2018-09-27T11:58:00,Encerrado-PROMULGADO
PDL 2/2019,PDL,2019,2019-02-13T00:00:00,2021-03-05T14:28:00,Encerrado-PROMULGADO
PDL 2/2020,PDL,2020,2020-02-14T00:00:00,2021-01-28T16:45:03,Encerrado-TERMINO DE LEGISLATURA (ART. 275 REG. INT.)
PDL 2/2021,PDL,2021,2021-01-28T00:00:00,2023-08-21T16:15:33,Encerrado-RETIRADO PELO AUTOR
PDL 2/2023,PDL,2023,2023-02-14T00:00:00,2025-01-28T16:28:00,Encerrado-PROMULGADO
PDL 2/2024,PDL,2024,2024-02-01T00:00:00,2024-11-07T13:05:00,Encerrado-PROMULGADO
PDL 20/2014,PDL,2014,2014-03-11T00:00:00,2018-09-19T00:00:00,Encerrado-PROMULGADO
PDL 20/2015,PDL,2015,2015-04-23T00:00:00,2021-01-29T10:56:00,Encerrado-TERMINO DE LEGISLATURA (ART. 275 REG. INT.)
PDL 20/2016,PDL,2016,2016-03-09T00:00:00,2018-09-19T00:00:00,Encerrado-PROMULGADO
PDL 20/2018,PDL,2018,2018-03-14T00:00:00,2021-01-07T15:30:00,Encerrado-TERMINO DE LEGISLATURA (ART. 275 REG. INT.)
PDL 20/2019,PDL,2019,2019-03-18T00:00:00,2021-01-07T15:59:00,Encerrado-TERMINO DE LEGISLATURA (ART. 275 REG. INT.)
PDL 20/2021,PDL,2021,2021-05-24T00:00:00,2021-12-14T17:32:00,Encerrado-PROMULGADO
PDL 20/2022,PDL,2022,2022-03-24T00:00:00,2025-01-28T12:05:00,Encerrado-PROMULGADO
PDL 20/2023,PDL,2023,2023-04-03T00:00:00,2023-04-05T16:02:00,Encerrado-RETIRADO PELO AUTOR
PDL 21/2013,PDL,2013,2013-04-17T00:00:00,2018-09-19T00:00:00,Encerrado-PROMULGADO
PDL 21/2014,PDL,2014,2014-03-18T00:00:00,2017-01-30T15:21:00,Encerrado-TERMINO DE LEGISLATURA (ART. 275 REG. INT.)
PDL 21/2015,PDL,2015,2015-05-05T00:00:00,2018-09-19T00:00:00,Encerrado-PROMULGADO
PDL 21/2016,PDL,2016,2016-03-09T00:00:00,2018-09-19T00:00:00,Encerrado-PROMULGADO
PDL 21/2017,PDL,2017,2017-03-29T00:00:00,2018-09-19T00:00:00,Encerrado-PROMULGADO
PDL 21/2019,PDL,2019,2019-03-19T00:00:00,2025-01-07T18:20:00,Encerrado-TERMINO DE LEGISLATURA (ART. 275 REG. INT.)
PDL 21/2020,PDL,2020,2020-06-16T11:21:05,2021-02-09T16:21:00,Encerrado-PROMULGADO
PDL 21/2021,PDL,2021,2021-05-26T00:00:00,2025-01-06T17:53:00,Encerrado-TERMINO DE LEGISLATURA (ART. 275 REG. INT.)
PDL 21/2023,PDL,2023,2023-04-04T00:00:00,2025-01-31T11:29:00,Encerrado-PROMULGADO
PDL 21/2024,PDL,2024,2024-03-07T00:00:00,2024-05-20T19:39:00,Encerrado-RETIRADO PELO AUTOR
PDL 22/2015,PDL,2015,2015-05-05T00:00:00,2018-09-19T00:00:00,Encerrado-PROMULGADO
PDL 22/2016,PDL,2016,2016-03-15T00:00:00,2018-09-19T00:00:00,Encerrado-PROMULGADO
PDL 22/2017,PDL,2017,2017-04-04T00:00:00,2018-09-19T00:00:00,Encerrado-PROMULGADO
PDL 22/2019,PDL,2019,2019-03-20T00:00:00,2019-08-09T14:24:00,Encerrado-PROMULGADO
PDL 22/2020,PDL,2020,2020-06-25T00:00:00,2021-01-28T16:51:33,Encerrado-TERMINO DE LEGISLATURA (ART. 275 REG. INT.)
PDL 22/2023,PDL,2023,2023-04-05T00:00:00,2025-01-07T18:20:00,Encerrado-TERMINO DE LEGISLATURA (ART. 275 REG. INT.)
PDL 23/2015,PDL,2015,2015-05-12T00:00:00,2018-09-19T00:00:00,Encerrado-PROMULGADO
PDL 23/2016,PDL,2016,2016-03-15T00:00:00,2017-01-02T17:24:00,Encerrado-TERMINO DE LEGISLATURA (ART. 275 REG. INT.)
PDL 23/2018,PDL,2018,2018-03-27T00:00:00,2019-05-20T17:21:00,Encerrado-PROMULGADO
PDL 23/2019,PDL,2019,2019-03-20T00:00:00,2019-10-30T18:43:00,Encerrado-PROMULGADO
PDL 23/2020,PDL,2020,2020-07-03T00:00:00,2021-02-16T22:12:00,Encerrado-PROMULGADO
PDL 23/2024,PDL,2024,2024-03-07T00:00:00,2024-10-07T11:19:00,Encerrado-PROMULGADO
PDL 23/2025,PDL,2025,2025-05-07T00:00:00,2026-03-07T07:40:00,Encerrado-PROMULGADO
PDL 24/2015,PDL,2015,2015-05-12T00:00:00,2016-02-03T00:00:00,Encerrado-RETIRADO PELO AUTOR
PDL 24/2016,PDL,2016,2016-03-15T00:00:00,2018-09-19T00:00:00,Encerrado-PROMULGADO
PDL 24/2017,PDL,2017,2017-04-11T00:00:00,2018-11-30T16:25:00,Encerrado-PROMULGADO
PDL 24/2018,PDL,2018,2018-04-02T00:00:00,2025-01-10T17:49:47,Encerrado-TERMINO DE LEGISLATURA (ART. 275 REG. INT.)
PDL 24/2020,PDL,2020,2020-07-03T00:00:00,2021-02-16T22:12:00,Encerrado-PROMULGADO
PDL 24/2021,PDL,2021,2021-06-28T00:00:00,2022-03-24T22:52:00,Encerrado-PROMULGADO
PDL 24/2024,PDL,2024,2024-03-11T00:00:00,2024-09-20T17:04:00,Encerrado-PROMULGADO
PDL 25/2015,PDL,2015,2015-05-13T00:00:00,2018-09-19T00:00:00,Encerrado-PROMULGADO
PDL 25/2016,PDL,2016,2016-03-17T00:00:00,2018-09-19T00:00:00,Encerrado-PROMULGADO
PDL 25/2018,PDL,2018,2018-04-02T00:00:00,2019-10-14T00:00:00,APENSADO
PDL 25/2019,PDL,2019,2019-03-27T00:00:00,2019-10-30T18:43:00,Encerrado-PROMULGADO
PDL 25/2021,PDL,2021,2021-06-29T00:00:00,2022-10-14T10:03:00,Encerrado-RETIRADO PELO AUTOR
PDL 25/2022,PDL,2022,2022-03-29T00:00:00,2022-05-03T13:57:20,Encerrado-RETIRADO PELO AUTOR
PDL 26/2015,PDL,2015,2015-05-13T00:00:00,2018-09-19T00:00:00,Encerrado-PROMULGADO
PDL 26/2016,PDL,2016,2016-03-18T00:00:00,2018-09-19T00:00:00,Encerrado-PROMULGADO
PDL 26/2017,PDL,2017,2017-04-18T00:00:00,2017-06-01T18:09:00,Encerrado-RETIRADO PELO AUTOR
PDL 26/2018,PDL,2018,2018-04-09T00:00:00,2019-10-14T00:00:00,APENSADO
PDL 26/2019,PDL,2019,2019-03-27T00:00:00,2019-10-30T18:43:00,Encerrado-PROMULGADO
PDL 26/2020,PDL,2020,2020-07-07T00:00:00,2021-02-09T16:13:00,Encerrado-PROMULGADO
PDL 26/2021,PDL,2021,2021-06-30T00:00:00,2023-08-21T14:53:00,Encerrado-RETIRADO PELO AUTOR
PDL 26/2022,PDL,2022,2022-03-31T00:00:00,2023-07-24T11:13:00,Encerrado-PROMULGADO
PDL 26/2023,PDL,2023,2023-04-12T00:00:00,2024-01-10T14:20:37,Encerrado-RETIRADO PELO AUTOR
PDL 26/2024,PDL,2024,2024-03-12T00:00:00,2024-11-25T11:49:00,Encerrado-PROMULGADO
PDL 26/2025,PDL,2025,2025-05-07T00:00:00,2026-03-07T07:40:00,Encerrado-PROMULGADO
PDL 27/2015,PDL,2015,2015-05-14T00:00:00,2018-09-19T00:00:00,Encerrado-PROMULGADO
PDL 27/2016,PDL,2016,2016-03-23T00:00:00,2018-09-19T00:00:00,Encerrado-PROMULGADO
PDL 27/2017,PDL,2017,2017-04-25T00:00:00,2021-03-05T13:32:00,Encerrado-PROMULGADO
PDL 27/2018,PDL,2018,2018-04-11T00:00:00,2021-01-07T15:30:00,Encerrado-TERMINO DE LEGISLATURA (ART. 275 REG. INT.)
PDL 27/2019,PDL,2019,2019-04-03T00:00:00,2019-10-07T13:09:00,Encerrado-PROMULGADO
PDL 27/2021,PDL,2021,2021-06-30T00:00:00,2023-03-06T18:05:00,Encerrado-PROMULGADO
PDL 27/2023,PDL,2023,2023-04-18T00:00:00,2026-04-08T19:31:00,Devolução de Regularização
PDL 28/2014,PDL,2014,2014-04-02T00:00:00,2018-09-19T00:00:00,Encerrado-PROMULGADO
PDL 28/2015,PDL,2015,2015-05-27T00:00:00,2018-09-19T00:00:00,Encerrado-PROMULGADO
PDL 28/2016,PDL,2016,2016-03-23T00:00:00,2018-09-19T00:00:00,Encerrado-PROMULGADO
PDL 28/2017,PDL,2017,2017-04-25T00:00:00,2018-09-19T00:00:00,Encerrado-PROMULGADO
PDL 28/2019,PDL,2019,2019-04-03T00:00:00,2020-02-05T17:44:00,Encerrado-PROMULGADO
PDL 28/2020,PDL,2020,2020-07-16T00:00:00,2021-03-25T13:56:00,Encerrado-PROMULGADO
PDL 28/2021,PDL,2021,2021-07-02T00:00:00,2023-03-03T13:18:00,Encerrado-PROMULGADO
PDL 28/2022,PDL,2022,2022-04-07T00:00:00,2023-03-03T13:18:00,Encerrado-PROMULGADO
PDL 28/2024,PDL,2024,2024-03-12T00:00:00,2025-09-30T13:20:16,Encerrado-RETIRADO PELO AUTOR
PDL 29/2015,PDL,2015,2015-05-27T00:00:00,2018-09-19T00:00:00,Encerrado-PROMULGADO
PDL 29/2016,PDL,2016,2016-03-23T00:00:00,2018-09-19T00:00:00,Encerrado-PROMULGADO
PDL 29/2017,PDL,2017,2017-04-25T00:00:00,2018-09-19T00:00:00,Encerrado-PROMULGADO
PDL 29/2018,PDL,2018,2018-04-11T00:00:00,2019-04-08T11:02:00,Encerrado-PROMULGADO
PDL 29/2019,PDL,2019,2019-04-03T00:00:00,2019-11-27T19:24:00,Encerrado-PROMULGADO
PDL 29/2021,PDL,2021,2021-07-05T00:00:00,2021-11-04T11:20:08,Encerrado-RETIRADO PELO AUTOR
PDL 29/2023,PDL,2023,2023-04-28T00:00:00,2024-11-08T13:15:00,Encerrado-PROMULGADO
PDL 29/2024,PDL,2024,2024-03-12T00:00:00,2024-10-07T11:19:00,Encerrado-PROMULGADO
PDL 3/2015,PDL,2015,2015-01-30T00:00:00,2025-03-25T08:51:00,Encerrado-PROMULGADO
PDL 3/2017,PDL,2017,2017-01-31T00:00:00,2017-06-20T00:00:00,Encerrado-ILEGALIDADE (ART. 79 REG. INT.)
PDL 3/2018,PDL,2018,2018-02-21T00:00:00,2018-10-18T11:01:00,Encerrado-PROMULGADO
PDL 3/2019,PDL,2019,2019-02-13T00:00:00,2021-03-05T14:28:00,Encerrado-PROMULGADO
PDL 3/2021,PDL,2021,2021-02-01T00:00:00,2023-08-21T16:15:34,Encerrado-RETIRADO PELO AUTOR
PDL 3/2023,PDL,2023,2023-02-17T00:00:00,2024-06-12T08:56:00,Encerrado-PROMULGADO
PDL 3/2024,PDL,2024,2024-02-16T00:00:00,2024-09-20T17:04:00,Encerrado-PROMULGADO
PDL 30/2015,PDL,2015,2015-05-28T00:00:00,2019-02-11T19:46:00,Encerrado-CONTRARIO NO MERITO (ART. 80 REG. INT.)
PDL 30/2017,PDL,2017,2017-04-25T00:00:00,2018-09-27T11:58:00,Encerrado-PROMULGADO
PDL 30/2018,PDL,2018,2018-04-11T00:00:00,2021-01-07T15:30:00,Encerrado-TERMINO DE LEGISLATURA (ART. 275 REG. INT.)
PDL 30/2020,PDL,2020,2020-07-21T00:00:00,2021-02-09T16:15:00,Encerrado-PROMULGADO
PDL 30/2021,PDL,2021,2021-07-06T00:00:00,2021-12-14T17:32:00,Encerrado-PROMULGADO
PDL 30/2022,PDL,2022,2022-04-11T00:00:00,2023-03-06T21:15:00,Encerrado-PROMULGADO
PDL 31/2014,PDL,2014,2014-04-09T00:00:00,2016-08-09T12:42:48,Encerrado-ILEGALIDADE (ART. 79 REG. INT.)
PDL 31/2015,PDL,2015,2015-06-02T00:00:00,2018-09-19T00:00:00,Encerrado-PROMULGADO
PDL 31/2016,PDL,2016,2016-03-23T00:00:00,2018-09-19T00:00:00,Encerrado-PROMULGADO
PDL 31/2018,PDL,2018,2018-04-11T00:00:00,2018-09-19T00:00:00,Encerrado-PROMULGADO
PDL 31/2019,PDL,2019,2019-04-10T00:00:00,2019-08-09T14:24:00,Encerrado-PROMULGADO
PDL 31/2020,PDL,2020,2020-07-22T00:00:00,2021-02-09T16:14:00,Encerrado-PROMULGADO
PDL 31/2021,PDL,2021,2021-07-07T00:00:00,2021-12-17T12:59:00,Encerrado-PROMULGADO
PDL 31/2022,PDL,2022,2022-04-12T00:00:00,2023-03-03T11:33:00,Encerrado-PROMULGADO
PDL 31/2023,PDL,2023,2023-05-10T00:00:00,2024-11-26T12:54:00,Encerrado-PROMULGADO
PDL 32/2014,PDL,2014,2014-04-22T00:00:00,2018-09-19T00:00:00,Encerrado-PROMULGADO
PDL 32/2015,PDL,2015,2015-06-02T00:00:00,2018-09-19T00:00:00,Encerrado-PROMULGADO
PDL 32/2016,PDL,2016,2016-03-23T00:00:00,2018-09-19T00:00:00,Encerrado-PROMULGADO
PDL 32/2017,PDL,2017,2017-04-26T00:00:00,2018-09-19T00:00:00,Encerrado-PROMULGADO
PDL 32/2018,PDL,2018,2018-04-11T00:00:00,2021-01-07T15:30:00,Encerrado-TERMINO DE LEGISLATURA (ART. 275 REG. INT.)
PDL 32/2019,PDL,2019,2019-04-16T00:00:00,2019-07-16T15:02:00,Encerrado-PROMULGADO
PDL 32/2023,PDL,2023,2023-05-16T00:00:00,2024-06-12T08:56:00,Encerrado-PROMULGADO
PDL 32/2024,PDL,2024,2024-03-21T00:00:00,2024-09-20T17:04:00,Encerrado-PROMULGADO
PDL 33/2015,PDL,2015,2015-06-16T00:00:00,2018-09-19T00:00:00,Encerrado-PROMULGADO
PDL 33/2016,PDL,2016,2016-03-29T00:00:00,2018-09-19T00:00:00,Encerrado-PROMULGADO
PDL 33/2017,PDL,2017,2017-05-03T00:00:00,2021-01-07T15:30:00,Encerrado-TERMINO DE LEGISLATURA (ART. 275 REG. INT.)
PDL 33/2018,PDL,2018,2018-04-17T00:00:00,2019-10-30T18:43:00,Encerrado-PROMULGADO
PDL 33/2019,PDL,2019,2019-04-17T00:00:00,2020-02-13T16:33:00,Encerrado-PROMULGADO
PDL 33/2020,PDL,2020,2020-07-27T00:00:00,2021-02-09T16:18:00,Encerrado-PROMULGADO
PDL 33/2023,PDL,2023,2023-05-24T00:00:00,2025-01-31T12:47:00,Encerrado-PROMULGADO
PDL 33/2024,PDL,2024,2024-03-21T00:00:00,2024-09-19T11:53:00,Encerrado-PROMULGADO
PDL 34/2015,PDL,2015,2015-06-16T00:00:00,2025-04-07T12:33:00,Encerrado-PROMULGADO
PDL 34/2016,PDL,2016,2016-03-29T00:00:00,2017-01-03T18:38:00,Encerrado-TERMINO DE LEGISLATURA (ART. 275 REG. INT.)
PDL 34/2017,PDL,2017,2017-05-23T00:00:00,2018-09-19T00:00:00,Encerrado-PROMULGADO
PDL 34/2018,PDL,2018,2018-04-18T00:00:00,2018-12-20T15:27:00,Encerrado-PROMULGADO
PDL 34/2020,PDL,2020,2020-07-28T00:00:00,2021-02-16T22:12:00,Encerrado-PROMULGADO
PDL 34/2021,PDL,2021,2021-07-15T00:00:00,2023-05-16T10:50:00,Encerrado-PROMULGADO
PDL 34/2022,PDL,2022,2022-04-13T00:00:00,2022-06-28T21:00:00,Encerrado-PROMULGADO
PDL 34/2023,PDL,2023,2023-05-25T00:00:00,2024-11-26T12:54:00,Encerrado-PROMULGADO
PDL 35/2014,PDL,2014,2014-04-22T00:00:00,2018-09-19T00:00:00,Encerrado-PROMULGADO
PDL 35/2016,PDL,2016,2016-03-29T00:00:00,2018-09-19T00:00:00,Encerrado-PROMULGADO
PDL 35/2017,PDL,2017,2017-05-31T00:00:00,2017-10-18T00:00:00,Encerrado-RETIRADO PELO AUTOR
PDL 35/2018,PDL,2018,2018-05-16T00:00:00,2021-01-07T15:30:00,Encerrado-TERMINO DE LEGISLATURA (ART. 275 REG. INT.)
PDL 35/2020,PDL,2020,2020-07-29T00:00:00,2021-02-16T22:12:00,Encerrado-PROMULGADO
PDL 35/2021,PDL,2021,2021-07-21T00:00:00,2023-08-21T16:15:37,Encerrado-RETIRADO PELO AUTOR
PDL 35/2022,PDL,2022,2022-04-14T00:00:00,2023-02-24T16:03:00,Encerrado-PROMULGADO
PDL 35/2023,PDL,2023,2023-05-25T00:00:00,2024-10-17T08:44:00,Encerrado-PROMULGADO
PDL 35/2024,PDL,2024,2024-03-25T00:00:00,2025-01-07T12:54:00,Encerrado-PROMULGADO
PDL 35/2025,PDL,2025,2025-05-21T00:00:00,2026-03-07T07:40:00,Encerrado-PROMULGADO
PDL 36/2013,PDL,2013,2013-06-05T00:00:00,2024-10-07T12:34:00,Encerrado-PROMULGADO
PDL 36/2015,PDL,2015,2015-06-23T00:00:00,2018-09-19T00:00:00,Encerrado-PROMULGADO
PDL 36/2016,PDL,2016,2016-03-29T00:00:00,2021-03-05T13:32:00,Encerrado-PROMULGADO
PDL 36/2017,PDL,2017,2017-05-31T00:00:00,2018-09-19T00:00:00,Encerrado-PROMULGADO
PDL 36/2018,PDL,2018,2018-05-16T00:00:00,2018-12-20T14:33:00,Encerrado-RETIRADO PELO AUTOR
PDL 36/2020,PDL,2020,2020-07-30T00:00:00,2021-02-16T22:12:00,Encerrado-PROMULGADO
PDL 36/2021,PDL,2021,2021-07-30T00:00:00,2023-08-22T17:58:19,Encerrado-RETIRADO PELO AUTOR
PDL 36/2022,PDL,2022,2022-04-18T00:00:00,2022-07-11T10:55:20,Encerrado-RETIRADO PELO AUTOR
PDL 36/2023,PDL,2023,2023-05-26T00:00:00,2024-11-28T14:00:38,Encerrado-RETIRADO PELO AUTOR
PDL 36/2024,PDL,2024,2024-03-27T00:00:00,2024-09-20T17:04:00,Encerrado-PROMULGADO
PDL 37/2015,PDL,2015,2015-06-23T00:00:00,2018-09-19T00:00:00,Encerrado-PROMULGADO
PDL 37/2016,PDL,2016,2016-03-29T00:00:00,2024-08-15T15:44:00,Encerrado-PROMULGADO
PDL 37/2017,PDL,2017,2017-05-31T00:00:00,2018-09-19T00:00:00,Encerrado-PROMULGADO
PDL 37/2018,PDL,2018,2018-05-16T00:00:00,2019-05-20T17:21:00,Encerrado-PROMULGADO
PDL 37/2019,PDL,2019,2019-05-06T00:00:00,2021-02-16T10:23:00,Encerrado-RETIRADO PELO AUTOR
PDL 37/2020,PDL,2020,2020-07-31T00:00:00,2021-02-11T17:04:00,Encerrado-PROMULGADO
PDL 37/2022,PDL,2022,2022-04-18T00:00:00,2022-07-11T10:53:45,Encerrado-RETIRADO PELO AUTOR
PDL 37/2024,PDL,2024,2024-03-28T00:00:00,2024-06-18T12:56:00,Encerrado-RETIRADO PELO AUTOR
PDL 37/2025,PDL,2025,2025-05-28T00:00:00,2026-03-09T13:34:00,Encerrado-PROMULGADO
PDL 38/2014,PDL,2014,2014-05-13T00:00:00,2018-09-19T00:00:00,Encerrado-PROMULGADO
PDL 38/2015,PDL,2015,2015-06-24T00:00:00,2018-09-19T00:00:00,Encerrado-PROMULGADO
PDL 38/2016,PDL,2016,2016-03-30T00:00:00,2018-09-19T00:00:00,Encerrado-PROMULGADO
PDL 38/2017,PDL,2017,2017-06-06T00:00:00,2019-06-11T15:00:00,Encerrado-PROMULGADO
PDL 38/2018,PDL,2018,2018-05-16T00:00:00,2019-02-28T14:52:00,Encerrado-PROMULGADO
PDL 38/2019,PDL,2019,2019-05-06T00:00:00,2019-11-11T18:57:00,Encerrado-ILEGALIDADE (ART. 79 REG. INT.)
PDL 38/2020,PDL,2020,2020-08-11T00:00:00,2022-02-23T18:30:00,Encerrado-PROMULGADO
PDL 38/2021,PDL,2021,2021-08-12T00:00:00,2022-04-20T00:00:00,APENSADO
PDL 38/2022,PDL,2022,2022-04-19T00:00:00,2023-03-06T18:05:00,Encerrado-PROMULGADO
PDL 38/2023,PDL,2023,2023-06-01T00:00:00,2024-07-15T09:43:00,Encerrado-PROMULGADO
PDL 38/2024,PDL,2024,2024-04-03T00:00:00,2024-09-20T17:04:00,Encerrado-PROMULGADO
PDL 39/2014,PDL,2014,2014-05-13T00:00:00,2018-09-19T00:00:00,Encerrado-PROMULGADO
PDL 39/2015,PDL,2015,2015-06-25T00:00:00,2018-09-19T00:00:00,Encerrado-PROMULGADO
PDL 39/2016,PDL,2016,2016-03-31T00:00:00,2016-07-08T11:55:49,Encerrado-RETIRADO PELO AUTOR
PDL 39/2017,PDL,2017,2017-06-07T00:00:00,2018-09-19T00:00:00,Encerrado-PROMULGADO
PDL 39/2018,PDL,2018,2018-05-16T00:00:00,2018-09-19T00:00:00,Encerrado-PROMULGADO
PDL 39/2020,PDL,2020,2020-08-11T00:00:00,2025-02-06T14:09:00,Encerrado-PROMULGADO
PDL 39/2023,PDL,2023,2023-06-06T00:00:00,2024-11-08T13:15:00,Encerrado-PROMULGADO
PDL 39/2024,PDL,2024,2024-04-03T00:00:00,2024-09-05T14:06:00,Encerrado-PROMULGADO
PDL 4/2015,PDL,2015,2015-01-30T00:00:00,2018-09-19T00:00:00,Encerrado-PROMULGADO
PDL 4/2016,PDL,2016,2015-12-17T00:00:00,2018-09-19T00:00:00,Encerrado-PROMULGADO
PDL 4/2018,PDL,2018,2018-02-21T00:00:00,2018-03-20T15:52:00,Encerrado-RETIRADO PELO AUTOR
PDL 4/2019,PDL,2019,2019-02-13T00:00:00,2019-07-16T15:01:00,Encerrado-PROMULGADO
PDL 4/2020,PDL,2020,2020-03-04T00:00:00,2023-08-01T11:29:00,Encerrado-PROMULGADO
PDL 4/2021,PDL,2021,2021-02-09T00:00:00,2025-01-06T17:53:00,Encerrado-TERMINO DE LEGISLATURA (ART. 275 REG. INT.)
PDL 4/2022,PDL,2022,2022-02-22T00:00:00,2025-01-06T17:53:00,Encerrado-TERMINO DE LEGISLATURA (ART. 275 REG. INT.)
PDL 4/2024,PDL,2024,2024-02-16T00:00:00,2024-09-19T11:53:00,Encerrado-PROMULGADO
PDL 40/2013,PDL,2013,2013-06-26T00:00:00,2017-01-04T16:11:00,Encerrado-TERMINO DE LEGISLATURA (ART. 275 REG. INT.)
PDL 40/2014,PDL,2014,2014-05-13T00:00:00,2018-09-19T00:00:00,Encerrado-PROMULGADO
PDL 40/2015,PDL,2015,2015-06-25T00:00:00,2018-09-19T00:00:00,Encerrado-PROMULGADO
PDL 40/2016,PDL,2016,2016-03-31T00:00:00,2018-09-19T00:00:00,Encerrado-PROMULGADO
PDL 40/2017,PDL,2017,2017-06-13T00:00:00,2018-09-19T00:00:00,Encerrado-PROMULGADO
PDL 40/2018,PDL,2018,2018-05-16T00:00:00,2018-09-19T00:00:00,Encerrado-PROMULGADO
PDL 40/2021,PDL,2021,2021-08-18T00:00:00,2021-12-15T15:25:00,Encerrado-PROMULGADO
PDL 40/2022,PDL,2022,2022-05-03T00:00:00,2023-03-03T12:16:00,Encerrado-PROMULGADO
PDL 41/2013,PDL,2013,2013-06-27T00:00:00,2018-11-30T16:25:00,Encerrado-PROMULGADO
PDL 41/2014,PDL,2014,2014-05-13T00:00:00,2018-09-19T00:00:00,Encerrado-PROMULGADO
PDL 41/2015,PDL,2015,2015-06-30T00:00:00,2018-09-19T00:00:00,Encerrado-PROMULGADO
PDL 41/2016,PDL,2016,2016-04-05T00:00:00,2018-09-19T00:00:00,Encerrado-PROMULGADO
PDL 41/2017,PDL,2017,2017-06-14T00:00:00,2018-09-19T00:00:00,Encerrado-PROMULGADO
PDL 41/2019,PDL,2019,2019-05-08T00:00:00,2019-12-02T18:25:00,Encerrado-PROMULGADO
PDL 41/2021,PDL,2021,2021-08-18T00:00:00,2022-03-17T16:04:00,Encerrado-PROMULGADO
PDL 41/2022,PDL,2022,2022-05-03T00:00:00,2025-01-23T14:44:00,Encerrado-PROMULGADO
PDL 41/2024,PDL,2024,2024-04-08T00:00:00,2024-09-05T14:06:00,Encerrado-PROMULGADO
PDL 42/2014,PDL,2014,2014-05-13T00:00:00,2017-01-04T16:11:00,Encerrado-TERMINO DE LEGISLATURA (ART. 275 REG. INT.)
PDL 42/2015,PDL,2015,2015-08-05T00:00:00,2018-09-19T00:00:00,Encerrado-PROMULGADO
PDL 42/2016,PDL,2016,2016-04-05T00:00:00,2018-09-19T00:00:00,Encerrado-PROMULGADO
PDL 42/2017,PDL,2017,2017-06-14T00:00:00,2018-09-19T00:00:00,Encerrado-PROMULGADO
PDL 42/2018,PDL,2018,2018-05-23T00:00:00,2018-09-19T00:00:00,Encerrado-PROMULGADO
PDL 42/2019,PDL,2019,2019-05-08T00:00:00,2021-04-07T16:48:00,Encerrado-TERMINO DE LEGISLATURA (ART. 275 REG. INT.)
PDL 42/2020,PDL,2020,2020-08-17T00:00:00,2024-02-28T13:35:27,APENSADO
PDL 42/2021,PDL,2021,2021-08-18T00:00:00,2022-02-23T17:28:00,Encerrado-PROMULGADO
PDL 42/2022,PDL,2022,2022-05-06T00:00:00,2023-03-06T21:15:00,Encerrado-PROMULGADO
PDL 43/2013,PDL,2013,2013-06-27T00:00:00,2015-09-10T15:57:38,Encerrado-RETIRADO PELO AUTOR
PDL 43/2015,PDL,2015,2015-08-05T00:00:00,2018-09-19T00:00:00,Encerrado-PROMULGADO
PDL 43/2016,PDL,2016,2016-04-05T00:00:00,2018-09-19T00:00:00,Encerrado-PROMULGADO
PDL 43/2017,PDL,2017,2017-06-21T00:00:00,2018-09-19T00:00:00,Encerrado-PROMULGADO
PDL 43/2019,PDL,2019,2019-05-14T00:00:00,2025-01-13T19:31:17,Encerrado-TERMINO DE LEGISLATURA (ART. 275 REG. INT.)
PDL 43/2020,PDL,2020,2020-08-18T00:00:00,2021-02-16T10:23:00,Encerrado-RETIRADO PELO AUTOR
PDL 43/2021,PDL,2021,2021-08-30T00:00:00,2025-01-14T20:03:01,Encerrado-TERMINO DE LEGISLATURA (ART. 275 REG. INT.)
PDL 43/2025,PDL,2025,2025-06-10T00:00:00,2025-10-13T11:58:45,Encerrado-RETIRADO PELO AUTOR
PDL 44/2013,PDL,2013,2013-06-27T00:00:00,2024-10-07T12:34:00,Encerrado-PROMULGADO
PDL 44/2014,PDL,2014,2014-05-14T00:00:00,2017-01-04T16:11:00,Encerrado-TERMINO DE LEGISLATURA (ART. 275 REG. INT.)
PDL 44/2015,PDL,2015,2015-08-05T00:00:00,2018-09-19T00:00:00,Encerrado-PROMULGADO
PDL 44/2016,PDL,2016,2016-04-05T00:00:00,2025-03-25T08:51:00,Encerrado-PROMULGADO
PDL 44/2017,PDL,2017,2017-06-22T00:00:00,2018-09-19T00:00:00,Encerrado-PROMULGADO
PDL 44/2018,PDL,2018,2018-06-19T00:00:00,2019-04-03T11:59:00,Encerrado-PROMULGADO
PDL 44/2019,PDL,2019,2019-05-15T00:00:00,2024-08-15T15:44:00,Encerrado-PROMULGADO
PDL 44/2020,PDL,2020,2020-08-25T00:00:00,2021-12-17T12:19:00,Encerrado-PROMULGADO
PDL 44/2023,PDL,2023,2023-06-14T00:00:00,2024-09-05T14:06:00,Encerrado-PROMULGADO
PDL 45/2014,PDL,2014,2014-05-20T00:00:00,2020-02-06T15:56:00,Encerrado-PROMULGADO
PDL 45/2016,PDL,2016,2016-04-14T00:00:00,2017-01-02T17:24:00,Encerrado-TERMINO DE LEGISLATURA (ART. 275 REG. INT.)
PDL 45/2017,PDL,2017,2017-06-22T00:00:00,2019-04-08T11:01:00,Encerrado-PROMULGADO
PDL 45/2018,PDL,2018,2018-06-19T00:00:00,2019-09-13T11:25:00,Encerrado-PROMULGADO
PDL 45/2019,PDL,2019,2019-05-15T00:00:00,2021-03-05T14:28:00,Encerrado-PROMULGADO
PDL 45/2021,PDL,2021,2021-08-31T00:00:00,2023-03-06T21:15:00,Encerrado-PROMULGADO
PDL 45/2023,PDL,2023,2023-06-15T00:00:00,2024-07-12T11:26:00,Encerrado-PROMULGADO
PDL 45/2024,PDL,2024,2024-04-09T00:00:00,2024-10-07T11:19:00,Encerrado-PROMULGADO
PDL 46/2015,PDL,2015,2015-08-05T00:00:00,2018-09-19T00:00:00,Encerrado-PROMULGADO
PDL 46/2016,PDL,2016,2016-04-14T00:00:00,2018-09-19T00:00:00,Encerrado-PROMULGADO
PDL 46/2017,PDL,2017,2017-06-22T00:00:00,2019-04-08T11:01:00,Encerrado-PROMULGADO
PDL 46/2018,PDL,2018,2018-06-26T00:00:00,2019-05-20T17:21:00,Encerrado-PROMULGADO
PDL 46/2019,PDL,2019,2019-05-22T00:00:00,2020-02-05T17:44:00,Encerrado-PROMULGADO
PDL 46/2020,PDL,2020,2020-08-27T00:00:00,2025-06-02T13:48:00,Encerrado-PROMULGADO
PDL 46/2021,PDL,2021,2021-09-02T00:00:00,2023-08-21T16:15:38,Encerrado-RETIRADO PELO AUTOR
PDL 46/2026,PDL,2026,2026-04-24T00:00:00,2026-05-19T09:35:00,Encerrado-RETIRADO PELO AUTOR
PDL 47/2015,PDL,2015,2015-08-05T00:00:00,2018-09-19T00:00:00,Encerrado-PROMULGADO
PDL 47/2016,PDL,2016,2016-04-14T00:00:00,2018-09-19T00:00:00,Encerrado-PROMULGADO
PDL 47/2017,PDL,2017,2017-06-23T00:00:00,2018-09-19T00:00:00,Encerrado-PROMULGADO
PDL 47/2018,PDL,2018,2018-06-26T00:00:00,2019-02-28T14:53:00,Encerrado-PROMULGADO
PDL 47/2019,PDL,2019,2019-05-22T00:00:00,2021-03-05T14:28:00,Encerrado-PROMULGADO
PDL 47/2021,PDL,2021,2021-09-03T00:00:00,2023-02-24T16:20:00,Encerrado-PROMULGADO
PDL 47/2022,PDL,2022,2022-05-10T00:00:00,2022-10-14T10:18:00,Encerrado-RETIRADO PELO AUTOR
PDL 47/2023,PDL,2023,2023-06-21T00:00:00,2023-09-21T14:19:00,Encerrado-PROMULGADO
PDL 47/2024,PDL,2024,2024-04-11T00:00:00,2024-10-07T11:19:00,Encerrado-PROMULGADO
PDL 48/2015,PDL,2015,2015-08-11T00:00:00,2018-09-19T00:00:00,Encerrado-PROMULGADO
PDL 48/2016,PDL,2016,2016-04-14T00:00:00,2016-06-15T18:37:00,Encerrado-RETIRADO PELO AUTOR
PDL 48/2017,PDL,2017,2017-06-26T00:00:00,2021-01-07T15:30:00,Encerrado-TERMINO DE LEGISLATURA (ART. 275 REG. INT.)
PDL 48/2018,PDL,2018,2018-06-26T00:00:00,2019-10-30T18:43:00,Encerrado-PROMULGADO
PDL 48/2019,PDL,2019,2019-05-22T00:00:00,2019-10-30T18:43:00,Encerrado-PROMULGADO
PDL 48/2022,PDL,2022,2022-05-12T00:00:00,2023-08-01T11:29:00,Encerrado-PROMULGADO
PDL 48/2023,PDL,2023,2023-06-21T00:00:00,2025-01-31T12:08:00,Encerrado-PROMULGADO
PDL 48/2024,PDL,2024,2024-04-12T00:00:00,2024-10-07T11:19:00,Encerrado-PROMULGADO
PDL 48/2025,PDL,2025,2025-06-25T00:00:00,2026-03-07T07:40:00,Encerrado-PROMULGADO
PDL 49/2015,PDL,2015,2015-08-11T00:00:00,2018-09-19T00:00:00,Encerrado-PROMULGADO
PDL 49/2016,PDL,2016,2016-04-14T00:00:00,2018-09-19T00:00:00,Encerrado-PROMULGADO
PDL 49/2017,PDL,2017,2017-06-27T00:00:00,2026-03-29T22:03:00,Devolução de Regularização
PDL 49/2018,PDL,2018,2018-06-26T00:00:00,2025-04-08T13:25:00,Encerrado-PROMULGADO
PDL 49/2019,PDL,2019,2019-05-23T00:00:00,2021-02-16T18:36:00,Encerrado-TERMINO DE LEGISLATURA (ART. 275 REG. INT.)
PDL 49/2020,PDL,2020,2020-08-31T00:00:00,2021-02-09T16:21:00,Encerrado-PROMULGADO
PDL 49/2021,PDL,2021,2021-09-10T00:00:00,2021-11-26T10:51:03,Encerrado-RETIRADO PELO AUTOR
PDL 49/2022,PDL,2022,2022-05-12T00:00:00,2023-08-14T10:27:00,Encerrado-PROMULGADO
PDL 49/2024,PDL,2024,2024-04-16T00:00:00,2024-10-07T11:19:00,Encerrado-PROMULGADO
PDL 5/2018,PDL,2018,2018-02-21T00:00:00,2018-09-19T00:00:00,Encerrado-PROMULGADO
PDL 5/2019,PDL,2019,2019-02-13T00:00:00,2019-10-07T13:10:00,Encerrado-PROMULGADO
PDL 5/2020,PDL,2020,2020-03-04T00:00:00,2021-02-16T22:12:00,Encerrado-PROMULGADO
PDL 5/2021,PDL,2021,2021-02-18T00:00:00,2022-06-03T14:12:00,Encerrado-PROMULGADO
PDL 5/2023,PDL,2023,2023-03-01T00:00:00,2025-01-07T18:20:00,Encerrado-TERMINO DE LEGISLATURA (ART. 275 REG. INT.)
PDL 50/2013,PDL,2013,2013-08-06T00:00:00,2018-09-19T00:00:00,Encerrado-PROMULGADO
PDL 50/2014,PDL,2014,2014-05-29T00:00:00,2025-04-28T10:39:00,Encerrado-PROMULGADO
PDL 50/2015,PDL,2015,2015-08-12T00:00:00,2018-09-19T00:00:00,Encerrado-PROMULGADO
PDL 50/2016,PDL,2016,2016-04-27T00:00:00,2018-09-19T00:00:00,Encerrado-PROMULGADO
PDL 50/2017,PDL,2017,2017-06-27T00:00:00,2021-03-05T13:32:00,Encerrado-PROMULGADO
PDL 50/2022,PDL,2022,2022-05-12T00:00:00,2024-11-08T13:15:00,Encerrado-PROMULGADO
PDL 51/2015,PDL,2015,2015-08-18T00:00:00,2018-09-19T00:00:00,Encerrado-PROMULGADO
PDL 51/2016,PDL,2016,2016-04-27T00:00:00,2018-09-19T00:00:00,Encerrado-PROMULGADO
PDL 51/2017,PDL,2017,2017-06-28T00:00:00,2021-01-07T15:30:00,Encerrado-TERMINO DE LEGISLATURA (ART. 275 REG. INT.)
PDL 51/2019,PDL,2019,2019-05-29T00:00:00,2021-03-05T14:28:00,Encerrado-PROMULGADO
PDL 51/2021,PDL,2021,2021-09-16T00:00:00,2022-05-25T11:37:00,Encerrado-PROMULGADO
PDL 51/2022,PDL,2022,2022-05-13T00:00:00,2023-08-01T11:29:00,Encerrado-PROMULGADO
PDL 51/2023,PDL,2023,2023-07-14T00:00:00,2024-08-26T15:49:00,Encerrado-RETIRADO PELO AUTOR
PDL 52/2013,PDL,2013,2013-08-14T00:00:00,2025-06-04T09:08:00,Encerrado-PROMULGADO
PDL 52/2015,PDL,2015,2015-08-19T00:00:00,2018-09-19T00:00:00,Encerrado-PROMULGADO
PDL 52/2016,PDL,2016,2016-04-27T00:00:00,2018-09-19T00:00:00,Encerrado-PROMULGADO
PDL 52/2017,PDL,2017,2017-07-03T00:00:00,2018-09-19T00:00:00,Encerrado-PROMULGADO
PDL 52/2018,PDL,2018,2018-08-02T00:00:00,2021-01-07T15:30:00,Encerrado-TERMINO DE LEGISLATURA (ART. 275 REG. INT.)
PDL 52/2019,PDL,2019,2019-05-29T00:00:00,2019-10-30T18:43:00,Encerrado-PROMULGADO
PDL 52/2021,PDL,2021,2021-09-29T00:00:00,2025-05-29T08:37:00,Encerrado-PROMULGADO
PDL 52/2023,PDL,2023,2023-07-24T00:00:00,2025-02-21T12:34:00,Encerrado-RETIRADO PELO AUTOR
PDL 52/2024,PDL,2024,2024-04-23T00:00:00,2025-01-06T17:12:00,Encerrado-PROMULGADO
PDL 53/2015,PDL,2015,2015-08-25T00:00:00,2016-06-29T13:23:48,Encerrado-PROMULGADO
PDL 53/2016,PDL,2016,2016-04-27T00:00:00,2018-09-19T00:00:00,Encerrado-PROMULGADO
PDL 53/2018,PDL,2018,2018-08-02T00:00:00,2019-12-02T18:25:00,Encerrado-PROMULGADO
PDL 53/2020,PDL,2020,2020-09-15T00:00:00,2024-06-12T08:56:00,Encerrado-PROMULGADO
PDL 53/2024,PDL,2024,2024-04-26T00:00:00,2024-09-05T14:06:00,Encerrado-PROMULGADO
PDL 54/2015,PDL,2015,2015-08-25T00:00:00,2019-02-19T14:18:00,Encerrado-PROMULGADO
PDL 54/2016,PDL,2016,2016-04-27T00:00:00,2018-09-19T00:00:00,Encerrado-PROMULGADO
PDL 54/2017,PDL,2017,2017-07-20T00:00:00,2021-01-20T17:42:24,Encerrado-TERMINO DE LEGISLATURA (ART. 275 REG. INT.)
PDL 54/2018,PDL,2018,2018-08-08T00:00:00,2021-01-07T15:30:00,Encerrado-TERMINO DE LEGISLATURA (ART. 275 REG. INT.)
PDL 54/2019,PDL,2019,2019-05-29T00:00:00,2019-10-07T13:09:00,Encerrado-PROMULGADO
PDL 54/2021,PDL,2021,2021-10-01T00:00:00,2022-09-11T17:59:00,Encerrado-PROMULGADO
PDL 54/2023,PDL,2023,2023-08-01T00:00:00,2024-11-26T12:54:00,Encerrado-PROMULGADO
PDL 55/2015,PDL,2015,2015-08-25T00:00:00,2019-01-28T12:09:00,Encerrado-PROMULGADO
PDL 55/2016,PDL,2016,2016-04-27T00:00:00,2018-09-19T00:00:00,Encerrado-PROMULGADO
PDL 55/2017,PDL,2017,2017-07-27T00:00:00,2021-01-07T15:30:00,Encerrado-TERMINO DE LEGISLATURA (ART. 275 REG. INT.)
PDL 55/2018,PDL,2018,2018-08-08T00:00:00,2019-04-03T12:18:00,Encerrado-PROMULGADO
PDL 55/2019,PDL,2019,2019-06-12T00:00:00,2025-03-31T14:03:00,Encerrado-PROMULGADO
PDL 55/2021,PDL,2021,2021-10-06T00:00:00,2025-01-31T12:47:00,Encerrado-PROMULGADO
PDL 55/2022,PDL,2022,2022-05-17T00:00:00,2025-09-11T17:17:00,Encerrado-PROMULGADO
PDL 55/2024,PDL,2024,2024-04-30T00:00:00,2024-09-19T11:53:00,Encerrado-PROMULGADO
PDL 56/2014,PDL,2014,2014-06-11T00:00:00,2018-09-19T00:00:00,Encerrado-PROMULGADO
PDL 56/2015,PDL,2015,2015-08-27T00:00:00,2021-03-15T15:39:00,Encerrado-RETIRADO PELO AUTOR
PDL 56/2016,PDL,2016,2016-04-18T00:00:00,2018-09-19T00:00:00,Encerrado-PROMULGADO
PDL 56/2017,PDL,2017,2017-07-31T00:00:00,2021-01-07T15:30:00,Encerrado-TERMINO DE LEGISLATURA (ART. 275 REG. INT.)
PDL 56/2018,PDL,2018,2018-08-08T00:00:00,2019-05-27T12:52:00,Encerrado-PROMULGADO
PDL 56/2019,PDL,2019,2019-06-12T00:00:00,2019-12-13T19:48:00,Encerrado-PROMULGADO
PDL 56/2020,PDL,2020,2020-09-29T00:00:00,2022-02-23T17:40:00,Encerrado-PROMULGADO
PDL 56/2021,PDL,2021,2021-10-06T00:00:00,2023-07-24T11:00:00,Encerrado-PROMULGADO
PDL 56/2024,PDL,2024,2024-04-30T00:00:00,2024-09-05T14:06:00,Encerrado-PROMULGADO
PDL 57/2013,PDL,2013,2013-08-14T00:00:00,2018-09-19T00:00:00,Encerrado-PROMULGADO
PDL 57/2014,PDL,2014,2014-06-17T00:00:00,2018-09-19T00:00:00,Encerrado-PROMULGADO
PDL 57/2015,PDL,2015,2015-09-01T00:00:00,2018-09-19T00:00:00,Encerrado-PROMULGADO
PDL 57/2016,PDL,2016,2016-04-27T00:00:00,2018-09-19T00:00:00,Encerrado-PROMULGADO
PDL 57/2018,PDL,2018,2018-08-08T00:00:00,2020-02-27T17:33:00,Encerrado-PROMULGADO
PDL 57/2019,PDL,2019,2019-06-12T00:00:00,2019-12-18T19:29:00,Encerrado-RETIRADO PELO AUTOR
PDL 57/2021,PDL,2021,2021-10-28T00:00:00,2023-09-05T22:22:59,Encerrado-RETIRADO PELO AUTOR
PDL 57/2022,PDL,2022,2022-05-18T00:00:00,2023-05-16T10:50:00,Encerrado-PROMULGADO
PDL 57/2024,PDL,2024,2024-05-02T00:00:00,2024-11-07T13:05:00,Encerrado-PROMULGADO
PDL 57/2025,PDL,2025,2025-06-27T00:00:00,2025-10-16T12:11:00,Encerrado-RETIRADO PELO AUTOR
PDL 58/2015,PDL,2015,2015-09-08T00:00:00,2018-09-19T00:00:00,Encerrado-PROMULGADO
PDL 58/2016,PDL,2016,2016-04-27T00:00:00,2018-10-04T12:52:00,Encerrado-PROMULGADO
PDL 58/2017,PDL,2017,2017-08-02T00:00:00,2018-09-19T00:00:00,Encerrado-PROMULGADO
PDL 58/2018,PDL,2018,2018-08-08T00:00:00,2018-12-20T15:30:00,Encerrado-PROMULGADO
PDL 58/2019,PDL,2019,2019-06-12T00:00:00,2021-01-29T17:29:24,Encerrado-TERMINO DE LEGISLATURA (ART. 275 REG. INT.)
PDL 58/2020,PDL,2020,2020-09-30T00:00:00,2021-12-14T17:32:00,Encerrado-PROMULGADO
PDL 58/2021,PDL,2021,2021-11-03T00:00:00,2024-05-02T17:06:02,Encerrado-RETIRADO PELO AUTOR
PDL 58/2022,PDL,2022,2022-05-19T00:00:00,2023-08-09T09:50:00,Encerrado-PROMULGADO
PDL 58/2023,PDL,2023,2023-08-01T00:00:00,2024-10-07T11:19:00,Encerrado-PROMULGADO
PDL 58/2024,PDL,2024,2024-05-03T00:00:00,2024-09-20T17:04:00,Encerrado-PROMULGADO
PDL 59/2013,PDL,2013,2013-08-27T00:00:00,2024-08-29T18:00:00,Encerrado-PROMULGADO
PDL 59/2014,PDL,2014,2014-06-30T00:00:00,2025-03-31T13:43:00,Encerrado-PROMULGADO
PDL 59/2015,PDL,2015,2015-09-08T00:00:00,2018-09-19T00:00:00,Encerrado-PROMULGADO
PDL 59/2016,PDL,2016,2016-05-03T00:00:00,2018-09-19T00:00:00,Encerrado-PROMULGADO
PDL 59/2017,PDL,2017,2017-08-15T00:00:00,2025-03-31T13:43:00,Encerrado-PROMULGADO
PDL 59/2018,PDL,2018,2018-08-15T00:00:00,2020-02-27T17:33:00,Encerrado-PROMULGADO
PDL 59/2019,PDL,2019,2019-06-12T00:00:00,2022-02-04T11:45:00,Encerrado-PROMULGADO
PDL 59/2021,PDL,2021,2021-11-05T00:00:00,2022-03-24T22:52:00,Encerrado-PROMULGADO
PDL 59/2022,PDL,2022,2022-05-23T00:00:00,2025-01-06T17:53:00,Encerrado-TERMINO DE LEGISLATURA (ART. 275 REG. INT.)
PDL 6/2014,PDL,2014,2014-02-06T00:00:00,2018-09-19T00:00:00,Encerrado-PROMULGADO
PDL 6/2015,PDL,2015,2015-02-03T00:00:00,2018-09-19T00:00:00,Encerrado-PROMULGADO
PDL 6/2016,PDL,2016,2016-02-03T00:00:00,2018-09-19T00:00:00,Encerrado-PROMULGADO
PDL 6/2017,PDL,2017,2017-02-08T00:00:00,2017-05-04T12:15:00,Encerrado-ARQUIVADO
PDL 6/2018,PDL,2018,2018-02-21T00:00:00,2018-09-19T00:00:00,Encerrado-PROMULGADO
PDL 6/2019,PDL,2019,2019-02-19T00:00:00,2019-12-02T18:25:00,Encerrado-PROMULGADO
PDL 6/2022,PDL,2022,2022-02-24T00:00:00,2023-03-06T21:15:00,Encerrado-PROMULGADO
PDL 6/2023,PDL,2023,2023-03-06T00:00:00,2023-09-25T10:15:00,Encerrado-PROMULGADO
PDL 60/2014,PDL,2014,2014-06-30T00:00:00,2018-09-19T00:00:00,Encerrado-PROMULGADO
PDL 60/2015,PDL,2015,2015-09-08T00:00:00,2018-09-19T00:00:00,Encerrado-PROMULGADO
PDL 60/2016,PDL,2016,2016-05-03T00:00:00,2018-09-19T00:00:00,Encerrado-PROMULGADO
PDL 60/2017,PDL,2017,2017-08-15T00:00:00,2018-09-19T00:00:00,Encerrado-PROMULGADO
PDL 60/2018,PDL,2018,2018-08-15T00:00:00,2019-10-07T13:10:00,Encerrado-PROMULGADO
PDL 60/2019,PDL,2019,2019-06-12T00:00:00,2021-01-07T15:59:00,Encerrado-TERMINO DE LEGISLATURA (ART. 275 REG. INT.)
PDL 60/2020,PDL,2020,2020-10-07T00:00:00,2022-03-18T16:40:00,Encerrado-PROMULGADO
PDL 60/2021,PDL,2021,2021-11-08T00:00:00,2023-08-01T11:29:00,Encerrado-PROMULGADO
PDL 60/2022,PDL,2022,2022-05-26T00:00:00,2025-01-06T17:53:00,Encerrado-TERMINO DE LEGISLATURA (ART. 275 REG. INT.)
PDL 60/2024,PDL,2024,2024-05-03T00:00:00,2025-01-15T10:54:57,Encerrado-TERMINO DE LEGISLATURA (ART. 275 REG. INT.)
PDL 61/2014,PDL,2014,2014-08-06T00:00:00,2018-09-19T00:00:00,Encerrado-PROMULGADO
PDL 61/2015,PDL,2015,2015-09-09T00:00:00,2017-01-04T16:11:00,Encerrado-TERMINO DE LEGISLATURA (ART. 275 REG. INT.)
PDL 61/2016,PDL,2016,2016-05-04T00:00:00,2018-09-19T00:00:00,Encerrado-PROMULGADO
PDL 61/2017,PDL,2017,2017-08-16T00:00:00,2018-09-19T00:00:00,Encerrado-PROMULGADO
PDL 61/2018,PDL,2018,2018-08-22T00:00:00,2022-02-10T16:58:00,Encerrado-PROMULGADO
PDL 61/2019,PDL,2019,2019-06-12T00:00:00,2021-02-16T22:12:00,Encerrado-PROMULGADO
PDL 61/2020,PDL,2020,2020-10-14T00:00:00,2021-01-28T16:45:16,Encerrado-TERMINO DE LEGISLATURA (ART. 275 REG. INT.)
PDL 61/2022,PDL,2022,2022-05-31T00:00:00,2025-01-06T17:53:00,Encerrado-TERMINO DE LEGISLATURA (ART. 275 REG. INT.)
PDL 61/2023,PDL,2023,2023-08-08T00:00:00,2024-11-26T12:54:00,Encerrado-PROMULGADO
PDL 61/2024,PDL,2024,2024-05-03T00:00:00,2026-03-07T07:40:00,Encerrado-PROMULGADO
PDL 62/2015,PDL,2015,2015-09-16T00:00:00,2018-09-19T00:00:00,Encerrado-PROMULGADO
PDL 62/2016,PDL,2016,2016-05-04T00:00:00,2016-05-12T00:00:00,Encerrado-RETIRADO PELO AUTOR
PDL 62/2018,PDL,2018,2018-08-22T00:00:00,2019-02-22T14:07:00,Encerrado-PROMULGADO
PDL 62/2020,PDL,2020,2020-10-26T00:00:00,2021-01-28T16:45:14,Encerrado-TERMINO DE LEGISLATURA (ART. 275 REG. INT.)
PDL 62/2021,PDL,2021,2021-11-09T00:00:00,2024-05-02T17:06:03,Encerrado-RETIRADO PELO AUTOR
PDL 62/2022,PDL,2022,2022-06-07T00:00:00,2025-01-16T22:48:20,Encerrado-TERMINO DE LEGISLATURA (ART. 275 REG. INT.)
PDL 62/2023,PDL,2023,2023-08-09T00:00:00,2025-01-28T16:28:00,Encerrado-PROMULGADO
PDL 62/2024,PDL,2024,2024-05-07T00:00:00,2024-09-05T14:06:00,Encerrado-PROMULGADO
PDL 62/2025,PDL,2025,2025-08-12T00:00:00,2026-03-07T07:40:00,Encerrado-PROMULGADO
PDL 63/2013,PDL,2013,2013-09-03T00:00:00,2018-09-19T00:00:00,Encerrado-PROMULGADO
PDL 63/2015,PDL,2015,2015-09-16T00:00:00,2018-09-19T00:00:00,Encerrado-PROMULGADO
PDL 63/2016,PDL,2016,2016-05-11T00:00:00,2018-10-04T00:00:00,Encerrado-ILEGALIDADE (ART. 79 REG. INT.)
PDL 63/2017,PDL,2017,2017-08-16T00:00:00,2018-09-19T00:00:00,Encerrado-PROMULGADO
PDL 63/2018,PDL,2018,2018-08-29T00:00:00,2019-12-03T16:41:00,Encerrado-PROMULGADO
PDL 63/2019,PDL,2019,2019-06-12T00:00:00,2022-05-18T13:59:00,Encerrado-PROMULGADO
PDL 63/2020,PDL,2020,2020-11-09T00:00:00,2023-06-27T18:11:57,Encerrado-RETIRADO PELO AUTOR
PDL 63/2021,PDL,2021,2021-11-10T00:00:00,2023-03-06T21:15:00,Encerrado-PROMULGADO
PDL 63/2022,PDL,2022,2022-06-08T00:00:00,2023-03-17T17:41:13,Encerrado-RETIRADO PELO AUTOR
PDL 63/2024,PDL,2024,2024-05-07T00:00:00,2024-09-20T17:04:00,Encerrado-PROMULGADO
PDL 64/2013,PDL,2013,2013-09-03T00:00:00,2018-09-19T00:00:00,Encerrado-PROMULGADO
PDL 64/2015,PDL,2015,2015-09-17T00:00:00,2018-09-19T00:00:00,Encerrado-PROMULGADO
PDL 64/2017,PDL,2017,2017-08-30T00:00:00,2018-09-19T00:00:00,Encerrado-PROMULGADO
PDL 64/2018,PDL,2018,2018-08-29T00:00:00,2019-05-20T17:21:00,Encerrado-PROMULGADO
PDL 64/2019,PDL,2019,2019-06-12T00:00:00,2019-08-29T18:18:00,Encerrado-RETIRADO PELO AUTOR
PDL 64/2020,PDL,2020,2020-11-10T00:00:00,2023-08-21T16:15:33,Encerrado-RETIRADO PELO AUTOR
PDL 64/2021,PDL,2021,2021-11-23T00:00:00,2022-03-23T14:18:00,Encerrado-PROMULGADO
PDL 64/2024,PDL,2024,2024-05-08T00:00:00,2024-09-20T17:04:00,Encerrado-PROMULGADO
PDL 65/2013,PDL,2013,2013-09-03T00:00:00,2018-09-19T00:00:00,Encerrado-PROMULGADO
PDL 65/2014,PDL,2014,2014-08-12T00:00:00,2025-03-31T13:43:00,Encerrado-PROMULGADO
PDL 65/2015,PDL,2015,2015-09-22T00:00:00,2018-09-19T00:00:00,Encerrado-PROMULGADO
PDL 65/2016,PDL,2016,2016-05-11T00:00:00,2018-09-19T00:00:00,Encerrado-PROMULGADO
PDL 65/2018,PDL,2018,2018-09-05T00:00:00,2024-11-14T09:49:00,Encerrado-PROMULGADO
PDL 65/2019,PDL,2019,2019-06-12T00:00:00,2025-01-07T18:20:00,Encerrado-TERMINO DE LEGISLATURA (ART. 275 REG. INT.)
PDL 65/2020,PDL,2020,2020-11-30T00:00:00,2022-04-28T18:57:00,Encerrado-PROMULGADO
PDL 65/2021,PDL,2021,2021-11-24T00:00:00,2023-09-25T12:23:00,Encerrado-PROMULGADO
PDL 65/2022,PDL,2022,2022-06-21T00:00:00,2024-09-05T14:06:00,Encerrado-PROMULGADO
PDL 65/2023,PDL,2023,2023-08-14T00:00:00,2024-11-26T12:54:00,Encerrado-PROMULGADO
PDL 66/2014,PDL,2014,2014-08-19T00:00:00,2018-09-19T00:00:00,Encerrado-PROMULGADO
PDL 66/2016,PDL,2016,2016-05-11T00:00:00,2018-09-19T00:00:00,Encerrado-PROMULGADO
PDL 66/2017,PDL,2017,2017-08-30T00:00:00,2018-11-29T17:33:00,Encerrado-PROMULGADO
PDL 66/2018,PDL,2018,2018-09-05T00:00:00,2024-11-14T09:49:00,Encerrado-PROMULGADO
PDL 66/2019,PDL,2019,2019-06-12T00:00:00,2024-09-19T10:12:00,Encerrado-PROMULGADO
PDL 66/2020,PDL,2020,2020-11-30T00:00:00,2022-04-28T18:57:00,Encerrado-PROMULGADO
PDL 66/2021,PDL,2021,2021-11-25T00:00:00,2026-02-04T12:16:00,Encerrado-PROMULGADO
PDL 67/2015,PDL,2015,2015-09-29T00:00:00,2018-09-19T00:00:00,Encerrado-PROMULGADO
PDL 67/2016,PDL,2016,2016-05-19T00:00:00,2018-09-19T00:00:00,Encerrado-PROMULGADO
PDL 67/2017,PDL,2017,2017-08-30T00:00:00,2018-09-19T00:00:00,Encerrado-PROMULGADO
PDL 67/2018,PDL,2018,2018-09-19T00:00:00,2019-08-09T14:24:00,Encerrado-PROMULGADO
PDL 67/2019,PDL,2019,2019-06-12T00:00:00,2024-09-24T10:22:00,Encerrado-PROMULGADO
PDL 67/2020,PDL,2020,2020-12-03T00:00:00,2021-12-14T17:32:00,Encerrado-PROMULGADO
PDL 67/2021,PDL,2021,2021-11-26T00:00:00,2022-04-29T16:37:00,Encerrado-PROMULGADO
PDL 67/2022,PDL,2022,2022-06-27T00:00:00,2023-05-16T10:50:00,Encerrado-PROMULGADO
PDL 68/2014,PDL,2014,2014-08-19T00:00:00,2018-10-18T11:01:00,Encerrado-PROMULGADO
PDL 68/2015,PDL,2015,2015-09-20T00:00:00,2018-09-19T00:00:00,Encerrado-PROMULGADO
PDL 68/2016,PDL,2016,2016-05-19T00:00:00,2025-01-15T10:37:00,Encerrado-PROMULGADO
PDL 68/2017,PDL,2017,2017-08-30T00:00:00,2018-09-27T11:58:00,Encerrado-PROMULGADO
PDL 68/2018,PDL,2018,2018-09-19T00:00:00,2019-10-30T18:43:00,Encerrado-PROMULGADO
PDL 68/2019,PDL,2019,2019-06-18T00:00:00,2021-03-05T13:32:00,Encerrado-PROMULGADO
PDL 68/2023,PDL,2023,2023-08-21T00:00:00,2025-01-20T21:47:24,Encerrado-TERMINO DE LEGISLATURA (ART. 275 REG. INT.)
PDL 68/2024,PDL,2024,2024-05-13T00:00:00,2024-09-05T14:06:00,Encerrado-PROMULGADO
PDL 68/2025,PDL,2025,2025-08-20T00:00:00,2026-03-07T07:40:00,Encerrado-PROMULGADO
PDL 69/2015,PDL,2015,2015-09-30T00:00:00,2018-09-19T00:00:00,Encerrado-PROMULGADO
PDL 69/2016,PDL,2016,2016-05-19T00:00:00,2018-09-19T00:00:00,Encerrado-PROMULGADO
PDL 69/2017,PDL,2017,2017-09-13T00:00:00,2025-01-10T17:50:47,Encerrado-TERMINO DE LEGISLATURA (ART. 275 REG. INT.)
PDL 69/2018,PDL,2018,2018-09-19T00:00:00,2019-05-20T17:21:00,Encerrado-PROMULGADO
PDL 69/2019,PDL,2019,2019-06-18T00:00:00,2025-04-08T13:25:00,Encerrado-PROMULGADO
PDL 69/2020,PDL,2020,2020-12-16T00:00:00,2025-01-13T22:40:20,Encerrado-TERMINO DE LEGISLATURA (ART. 275 REG. INT.)
PDL 69/2021,PDL,2021,2021-11-30T00:00:00,2023-02-24T16:25:00,Encerrado-REJEITADO
PDL 69/2023,PDL,2023,2023-08-21T00:00:00,2024-10-07T11:19:00,Encerrado-PROMULGADO
PDL 69/2024,PDL,2024,2024-05-13T00:00:00,2025-04-16T11:53:00,Encerrado-PROMULGADO
PDL 7/2015,PDL,2015,2015-02-03T00:00:00,2024-11-14T09:49:00,Encerrado-PROMULGADO
PDL 7/2016,PDL,2016,2016-02-03T00:00:00,2025-04-07T12:33:00,Encerrado-PROMULGADO
PDL 7/2018,PDL,2018,2018-02-21T00:00:00,2018-09-19T00:00:00,Encerrado-PROMULGADO
PDL 7/2019,PDL,2019,2019-02-19T00:00:00,2019-12-05T17:29:00,Encerrado-PROMULGADO
PDL 7/2020,PDL,2020,2020-03-13T00:00:00,2024-05-02T17:05:58,Encerrado-RETIRADO PELO AUTOR
PDL 7/2021,PDL,2021,2021-03-15T00:00:00,2023-08-21T16:15:35,Encerrado-RETIRADO PELO AUTOR
PDL 7/2022,PDL,2022,2022-03-03T00:00:00,2022-06-03T14:12:00,Encerrado-PROMULGADO
PDL 7/2023,PDL,2023,2023-03-06T00:00:00,2023-08-09T09:50:00,Encerrado-PROMULGADO
PDL 7/2024,PDL,2024,2024-02-26T00:00:00,2025-01-13T13:20:51,Encerrado-TERMINO DE LEGISLATURA (ART. 275 REG. INT.)
PDL 7/2025,PDL,2025,2025-02-17T00:00:00,2026-03-19T12:42:00,Encerrado-RETIRADO PELO AUTOR
PDL 70/2014,PDL,2014,2014-09-04T00:00:00,2018-09-19T00:00:00,Encerrado-PROMULGADO
PDL 70/2015,PDL,2015,2015-09-30T00:00:00,2018-09-19T00:00:00,Encerrado-PROMULGADO
PDL 70/2016,PDL,2016,2016-05-19T00:00:00,2018-09-19T00:00:00,Encerrado-PROMULGADO
PDL 70/2017,PDL,2017,2017-09-13T00:00:00,2019-11-27T19:24:00,Encerrado-PROMULGADO
PDL 70/2018,PDL,2018,2018-09-19T00:00:00,2019-06-11T15:00:00,Encerrado-PROMULGADO
PDL 70/2019,PDL,2019,2019-06-18T00:00:00,2019-10-25T16:11:00,Encerrado-PROMULGADO
PDL 70/2020,PDL,2020,2020-12-16T00:00:00,2025-01-13T22:40:19,Encerrado-TERMINO DE LEGISLATURA (ART. 275 REG. INT.)
PDL 70/2021,PDL,2021,2021-12-02T00:00:00,2022-09-11T17:59:00,Encerrado-PROMULGADO
PDL 70/2023,PDL,2023,2023-08-23T00:00:00,2024-09-05T14:06:00,Encerrado-PROMULGADO
PDL 71/2014,PDL,2014,2014-09-09T00:00:00,2018-09-19T00:00:00,Encerrado-PROMULGADO
PDL 71/2015,PDL,2015,2015-10-06T00:00:00,2018-09-19T00:00:00,Encerrado-PROMULGADO
PDL 71/2016,PDL,2016,2016-05-19T00:00:00,2018-09-19T00:00:00,Encerrado-PROMULGADO
PDL 71/2017,PDL,2017,2017-09-13T00:00:00,2018-09-19T00:00:00,Encerrado-PROMULGADO
PDL 71/2018,PDL,2018,2018-09-19T00:00:00,2019-12-02T18:25:00,Encerrado-PROMULGADO
PDL 71/2019,PDL,2019,2019-06-26T00:00:00,2021-01-07T15:59:00,Encerrado-TERMINO DE LEGISLATURA (ART. 275 REG. INT.)
PDL 71/2020,PDL,2020,2020-12-16T00:00:00,2021-01-11T15:54:00,Encerrado-TERMINO DE LEGISLATURA (ART. 275 REG. INT.)
PDL 71/2021,PDL,2021,2021-12-08T00:00:00,2022-04-21T10:45:00,Encerrado-PROMULGADO
PDL 71/2022,PDL,2022,2022-06-29T00:00:00,2025-01-06T17:53:00,Encerrado-TERMINO DE LEGISLATURA (ART. 275 REG. INT.)
PDL 71/2023,PDL,2023,2023-08-31T00:00:00,2024-09-05T14:06:00,Encerrado-PROMULGADO
PDL 72/2014,PDL,2014,2014-09-11T00:00:00,2018-09-19T00:00:00,Encerrado-PROMULGADO
PDL 72/2015,PDL,2015,2015-10-06T00:00:00,2018-09-19T00:00:00,Encerrado-PROMULGADO
PDL 72/2016,PDL,2016,2016-05-25T00:00:00,2018-09-19T00:00:00,Encerrado-PROMULGADO
PDL 72/2017,PDL,2017,2017-09-13T00:00:00,2018-09-27T11:52:00,Encerrado-PROMULGADO
PDL 72/2019,PDL,2019,2019-06-27T00:00:00,2019-12-02T18:25:00,Encerrado-PROMULGADO
PDL 72/2020,PDL,2020,2020-12-16T00:00:00,2024-08-20T13:44:24,Encerrado-RETIRADO PELO AUTOR
PDL 72/2023,PDL,2023,2023-09-05T00:00:00,2025-01-31T12:08:00,Encerrado-PROMULGADO
PDL 73/2014,PDL,2014,2014-09-17T00:00:00,2018-09-19T00:00:00,Encerrado-PROMULGADO
PDL 73/2015,PDL,2015,2015-10-06T00:00:00,2018-09-19T00:00:00,Encerrado-PROMULGADO
PDL 73/2016,PDL,2016,2016-05-25T00:00:00,2021-03-05T13:32:00,Encerrado-PROMULGADO
PDL 73/2017,PDL,2017,2017-09-13T00:00:00,2018-09-19T00:00:00,Encerrado-PROMULGADO
PDL 73/2018,PDL,2018,2018-09-19T00:00:00,2019-05-27T12:52:00,Encerrado-PROMULGADO
PDL 73/2019,PDL,2019,2019-07-03T00:00:00,2019-11-21T17:11:00,Encerrado-ILEGALIDADE (ART. 79 REG. INT.)
PDL 73/2021,PDL,2021,2021-12-09T00:00:00,2023-03-03T12:16:00,Encerrado-PROMULGADO
PDL 73/2023,PDL,2023,2023-09-11T00:00:00,2024-06-12T08:56:00,Encerrado-PROMULGADO
PDL 73/2024,PDL,2024,2024-05-21T00:00:00,2026-03-07T07:40:00,Encerrado-PROMULGADO
PDL 74/2014,PDL,2014,2014-09-17T00:00:00,2017-01-04T16:11:00,Encerrado-TERMINO DE LEGISLATURA (ART. 275 REG. INT.)
PDL 74/2016,PDL,2016,2016-05-25T00:00:00,2021-03-05T13:32:00,Encerrado-PROMULGADO
PDL 74/2017,PDL,2017,2017-09-14T00:00:00,2026-08-11T17:11:00,Encerrado-PROMULGADO
PDL 74/2018,PDL,2018,2018-09-19T00:00:00,2018-11-26T18:05:00,Encerrado-RETIRADO PELO AUTOR
PDL 74/2019,PDL,2019,2019-08-07T00:00:00,2019-12-13T19:48:00,Encerrado-PROMULGADO
PDL 74/2020,PDL,2020,2020-12-16T00:00:00,2022-04-30T16:47:00,Encerrado-PROMULGADO
PDL 74/2021,PDL,2021,2021-12-13T00:00:00,2022-06-28T21:03:00,Encerrado-PROMULGADO
PDL 74/2022,PDL,2022,2022-07-14T00:00:00,2025-01-06T17:53:00,Encerrado-TERMINO DE LEGISLATURA (ART. 275 REG. INT.)
PDL 74/2024,PDL,2024,2024-05-21T00:00:00,2024-10-07T11:19:00,Encerrado-PROMULGADO
PDL 75/2015,PDL,2015,2015-10-06T00:00:00,2018-09-19T00:00:00,Encerrado-PROMULGADO
PDL 75/2016,PDL,2016,2016-05-31T00:00:00,2017-01-03T18:38:00,Encerrado-TERMINO DE LEGISLATURA (ART. 275 REG. INT.)
PDL 75/2017,PDL,2017,2017-09-19T00:00:00,2022-06-19T20:22:57,Encerrado-RETIRADO PELO AUTOR
PDL 75/2018,PDL,2018,2018-09-19T00:00:00,2018-12-20T15:27:00,Encerrado-PROMULGADO
PDL 75/2019,PDL,2019,2019-08-08T00:00:00,2020-03-11T17:08:00,Encerrado-PROMULGADO
PDL 75/2022,PDL,2022,2022-07-14T00:00:00,2025-01-31T11:29:00,Encerrado-PROMULGADO
PDL 75/2024,PDL,2024,2024-05-22T00:00:00,2024-09-20T17:04:00,Encerrado-PROMULGADO
PDL 76/2014,PDL,2014,2014-10-14T00:00:00,2018-09-19T00:00:00,Encerrado-PROMULGADO
PDL 76/2015,PDL,2015,2013-10-07T00:00:00,2018-09-19T00:00:00,Encerrado-PROMULGADO
PDL 76/2016,PDL,2016,2016-06-01T00:00:00,2018-09-19T00:00:00,Encerrado-PROMULGADO
PDL 76/2017,PDL,2017,2017-09-20T00:00:00,2019-05-20T17:21:00,Encerrado-PROMULGADO
PDL 76/2018,PDL,2018,2018-09-26T00:00:00,2022-02-02T19:36:00,Encerrado-PROMULGADO
PDL 76/2019,PDL,2019,2019-08-08T00:00:00,2025-06-03T14:47:00,Encerrado-PROMULGADO
PDL 76/2020,PDL,2020,2020-12-22T00:00:00,2023-03-06T21:15:00,Encerrado-PROMULGADO
PDL 76/2021,PDL,2021,2021-12-14T00:00:00,2023-03-03T13:18:00,Encerrado-PROMULGADO
PDL 76/2022,PDL,2022,2022-07-27T00:00:00,2023-03-06T21:15:00,Encerrado-PROMULGADO
PDL 76/2023,PDL,2023,2023-09-15T00:00:00,2024-11-07T13:05:00,Encerrado-PROMULGADO
PDL 76/2024,PDL,2024,2024-05-24T00:00:00,2024-06-24T14:10:00,Encerrado-RETIRADO PELO AUTOR
PDL 77/2015,PDL,2015,2015-10-14T00:00:00,2018-09-19T00:00:00,Encerrado-PROMULGADO
PDL 77/2016,PDL,2016,2016-06-01T00:00:00,2019-11-27T19:24:00,Encerrado-PROMULGADO
PDL 77/2019,PDL,2019,2019-08-08T00:00:00,2021-03-05T14:28:00,Encerrado-PROMULGADO
PDL 77/2022,PDL,2022,2022-07-27T00:00:00,2023-03-06T21:15:00,Encerrado-PROMULGADO
PDL 78/2013,PDL,2013,2013-09-17T00:00:00,2017-01-04T16:11:00,Encerrado-TERMINO DE LEGISLATURA (ART. 275 REG. INT.)
PDL 78/2015,PDL,2015,2015-10-14T00:00:00,2018-09-19T00:00:00,Encerrado-PROMULGADO
PDL 78/2016,PDL,2016,2016-06-01T00:00:00,2018-09-19T00:00:00,Encerrado-PROMULGADO
PDL 78/2017,PDL,2017,2017-09-27T00:00:00,2024-11-18T13:56:00,Encerrado-PROMULGADO
PDL 78/2018,PDL,2018,2018-10-10T00:00:00,2019-08-09T14:24:00,Encerrado-PROMULGADO
PDL 78/2019,PDL,2019,2019-08-08T00:00:00,2019-12-10T16:49:00,Encerrado-PROMULGADO
PDL 78/2020,PDL,2020,2020-12-22T00:00:00,2021-12-15T15:17:00,Encerrado-PROMULGADO
PDL 78/2022,PDL,2022,2022-08-03T00:00:00,2023-09-25T12:23:00,Encerrado-PROMULGADO
PDL 78/2023,PDL,2023,2023-09-18T00:00:00,2024-06-12T08:56:00,Encerrado-PROMULGADO
PDL 78/2024,PDL,2024,2024-06-03T00:00:00,2025-01-07T13:37:00,Encerrado-PROMULGADO
PDL 79/2014,PDL,2014,2014-10-29T00:00:00,2018-09-19T00:00:00,Encerrado-PROMULGADO
PDL 79/2015,PDL,2015,2015-10-14T00:00:00,2018-09-19T00:00:00,Encerrado-PROMULGADO
PDL 79/2016,PDL,2016,2016-06-01T00:00:00,2018-09-19T00:00:00,Encerrado-PROMULGADO
PDL 79/2017,PDL,2017,2017-10-03T00:00:00,2018-09-26T00:00:00,Encerrado-ILEGALIDADE (ART. 79 REG. INT.)
PDL 79/2018,PDL,2018,2018-10-17T00:00:00,2019-10-07T13:10:00,Encerrado-PROMULGADO
PDL 79/2019,PDL,2019,2019-08-09T00:00:00,2022-02-24T17:54:00,Encerrado-PROMULGADO
PDL 79/2021,PDL,2021,2021-12-15T00:00:00,2023-03-03T12:16:00,Encerrado-PROMULGADO
PDL 79/2022,PDL,2022,2022-08-08T00:00:00,2024-06-12T08:56:00,Encerrado-PROMULGADO
PDL 79/2023,PDL,2023,2023-09-19T00:00:00,2024-03-19T17:48:16,Encerrado-RETIRADO PELO AUTOR
PDL 79/2024,PDL,2024,2024-06-03T00:00:00,2026-03-07T07:40:00,Encerrado-PROMULGADO
PDL 8/2014,PDL,2014,2014-02-06T00:00:00,2019-07-16T15:02:00,Encerrado-PROMULGADO
PDL 8/2015,PDL,2015,2015-02-03T00:00:00,2024-11-14T09:49:00,Encerrado-PROMULGADO
PDL 8/2016,PDL,2016,2016-02-17T00:00:00,2018-09-19T00:00:00,Encerrado-PROMULGADO
PDL 8/2017,PDL,2017,2017-02-08T00:00:00,2018-09-19T00:00:00,Encerrado-PROMULGADO
PDL 8/2018,PDL,2018,2018-02-21T00:00:00,2018-09-19T00:00:00,Encerrado-PROMULGADO
PDL 8/2019,PDL,2019,2019-02-20T00:00:00,2019-12-03T16:41:00,Encerrado-PROMULGADO
PDL 8/2020,PDL,2020,2020-03-13T00:00:00,2024-05-02T17:05:59,Encerrado-RETIRADO PELO AUTOR
PDL 8/2021,PDL,2021,2021-03-22T00:00:00,2024-05-28T19:01:00,Encerrado-RETIRADO PELO AUTOR
PDL 8/2023,PDL,2023,2023-03-07T00:00:00,2024-07-15T09:45:00,Encerrado-PROMULGADO
PDL 8/2024,PDL,2024,2024-02-26T00:00:00,2024-09-05T14:06:00,Encerrado-PROMULGADO
PDL 8/2025,PDL,2025,2025-02-18T00:00:00,2026-03-07T07:40:00,Encerrado-PROMULGADO
PDL 80/2013,PDL,2013,2013-09-30T00:00:00,2021-01-07T15:30:00,Encerrado-TERMINO DE LEGISLATURA (ART. 275 REG. INT.)
PDL 80/2014,PDL,2014,2014-11-04T00:00:00,2018-09-19T00:00:00,Encerrado-PROMULGADO
PDL 80/2015,PDL,2015,2015-10-27T00:00:00,2018-09-19T00:00:00,Encerrado-PROMULGADO
PDL 80/2016,PDL,2016,2016-06-01T00:00:00,2018-09-19T00:00:00,Encerrado-PROMULGADO
PDL 80/2017,PDL,2017,2017-10-04T00:00:00,2022-02-10T18:06:00,Encerrado-PROMULGADO
PDL 80/2018,PDL,2018,2018-11-06T00:00:00,2019-07-16T15:02:00,Encerrado-PROMULGADO
PDL 80/2019,PDL,2019,2019-08-12T00:00:00,2019-12-02T18:25:00,Encerrado-PROMULGADO
PDL 80/2020,PDL,2020,2020-12-22T00:00:00,2022-03-23T14:33:00,Encerrado-PROMULGADO
PDL 80/2021,PDL,2021,2021-12-15T00:00:00,2023-03-06T18:05:00,Encerrado-PROMULGADO
PDL 80/2022,PDL,2022,2022-08-08T00:00:00,2024-06-12T08:56:00,Encerrado-PROMULGADO
PDL 80/2023,PDL,2023,2023-09-19T00:00:00,2024-08-23T11:56:00,Encerrado-PROMULGADO
PDL 80/2024,PDL,2024,2024-06-05T00:00:00,2024-09-19T11:53:00,Encerrado-PROMULGADO
PDL 81/2014,PDL,2014,2014-11-05T00:00:00,2018-09-19T00:00:00,Encerrado-PROMULGADO
PDL 81/2015,PDL,2015,2015-11-03T00:00:00,2018-09-19T00:00:00,Encerrado-PROMULGADO
PDL 81/2016,PDL,2016,2016-06-01T00:00:00,2018-09-19T00:00:00,Encerrado-PROMULGADO
PDL 81/2017,PDL,2017,2017-10-04T00:00:00,2018-11-29T17:33:00,Encerrado-PROMULGADO
PDL 81/2018,PDL,2018,2018-11-07T00:00:00,2019-10-07T13:10:00,Encerrado-PROMULGADO
PDL 81/2021,PDL,2021,2021-12-16T00:00:00,2022-09-11T17:59:00,Encerrado-PROMULGADO
PDL 81/2022,PDL,2022,2022-08-31T00:00:00,2023-08-01T11:29:00,Encerrado-PROMULGADO
PDL 81/2024,PDL,2024,2024-06-06T00:00:00,2025-04-28T09:12:00,Encerrado-PROMULGADO
PDL 82/2014,PDL,2014,2014-10-31T00:00:00,2018-09-19T00:00:00,Encerrado-PROMULGADO
PDL 82/2015,PDL,2015,2015-11-10T00:00:00,2018-09-19T00:00:00,Encerrado-PROMULGADO
PDL 82/2016,PDL,2016,2016-06-07T00:00:00,2018-09-19T00:00:00,Encerrado-PROMULGADO
PDL 82/2017,PDL,2017,2017-10-18T00:00:00,2018-02-02T15:16:00,Encerrado-RETIRADO PELO AUTOR
PDL 82/2018,PDL,2018,2018-11-07T00:00:00,2020-02-27T17:33:00,Encerrado-PROMULGADO
PDL 82/2019,PDL,2019,2019-08-13T00:00:00,2023-03-20T14:56:00,Encerrado-PROMULGADO
PDL 82/2022,PDL,2022,2022-08-31T00:00:00,2025-01-28T15:24:00,Encerrado-PROMULGADO
PDL 82/2024,PDL,2024,2024-06-06T00:00:00,2026-01-26T13:56:00,Encerrado-PROMULGADO
PDL 82/2025,PDL,2025,2025-08-27T00:00:00,2026-09-25T13:34:00,Encerrado-PROMULGADO
PDL 83/2014,PDL,2014,2014-11-11T00:00:00,2018-09-19T00:00:00,Encerrado-PROMULGADO
PDL 83/2015,PDL,2015,2015-11-17T00:00:00,2018-09-19T00:00:00,Encerrado-PROMULGADO
PDL 83/2016,PDL,2016,2016-06-07T00:00:00,2018-09-19T00:00:00,Encerrado-PROMULGADO
PDL 83/2018,PDL,2018,2018-11-13T00:00:00,2025-01-13T10:19:00,Encerrado-PROMULGADO
PDL 83/2021,PDL,2021,2021-12-17T00:00:00,2026-03-07T07:40:00,Encerrado-PROMULGADO
PDL 83/2024,PDL,2024,2024-06-06T00:00:00,2024-09-11T18:00:00,Encerrado-PROMULGADO
PDL 84/2014,PDL,2014,2014-11-13T00:00:00,2018-09-19T00:00:00,Encerrado-PROMULGADO
PDL 84/2015,PDL,2015,2015-11-24T00:00:00,2024-08-29T18:00:00,Encerrado-PROMULGADO
PDL 84/2016,PDL,2016,2016-06-07T00:00:00,2018-09-19T00:00:00,Encerrado-PROMULGADO
PDL 84/2017,PDL,2017,2017-10-18T00:00:00,2018-09-19T00:00:00,Encerrado-PROMULGADO
PDL 84/2018,PDL,2018,2018-11-28T00:00:00,2019-10-30T18:43:00,Encerrado-PROMULGADO
PDL 84/2019,PDL,2019,2019-08-20T00:00:00,2023-05-16T10:50:00,Encerrado-PROMULGADO
PDL 84/2022,PDL,2022,2022-09-14T00:00:00,2025-05-05T09:40:00,Encerrado-PROMULGADO
PDL 84/2024,PDL,2024,2024-06-11T00:00:00,2024-09-11T18:00:00,Encerrado-PROMULGADO
PDL 84/2025,PDL,2025,2025-08-28T00:00:00,2026-02-09T17:01:00,Encerrado-PROMULGADO
PDL 85/2015,PDL,2015,2015-11-24T00:00:00,2018-09-19T00:00:00,Encerrado-PROMULGADO
PDL 85/2016,PDL,2016,2016-06-07T00:00:00,2018-09-19T00:00:00,Encerrado-PROMULGADO
PDL 85/2017,PDL,2017,2017-10-18T00:00:00,2018-09-19T00:00:00,Encerrado-PROMULGADO
PDL 85/2018,PDL,2018,2018-11-28T00:00:00,2021-01-07T15:59:00,Encerrado-TERMINO DE LEGISLATURA (ART. 275 REG. INT.)
PDL 85/2019,PDL,2019,2019-08-21T00:00:00,2019-12-02T18:25:00,Encerrado-PROMULGADO
PDL 85/2022,PDL,2022,2022-09-14T00:00:00,2023-03-06T21:15:00,Encerrado-PROMULGADO
PDL 85/2024,PDL,2024,2024-06-18T00:00:00,2025-01-21T22:54:09,Encerrado-TERMINO DE LEGISLATURA (ART. 275 REG. INT.)
PDL 85/2025,PDL,2025,2025-09-02T00:00:00,2026-09-22T18:56:36,APENSADO
PDL 86/2014,PDL,2014,2014-11-25T00:00:00,2019-10-07T13:10:00,Encerrado-PROMULGADO
PDL 86/2015,PDL,2015,2015-11-25T00:00:00,2018-09-19T00:00:00,Encerrado-PROMULGADO
PDL 86/2016,PDL,2016,2016-06-07T00:00:00,2018-09-19T00:00:00,Encerrado-PROMULGADO
PDL 86/2017,PDL,2017,2017-10-18T00:00:00,2018-11-29T17:33:00,Encerrado-PROMULGADO
PDL 86/2018,PDL,2018,2018-12-05T00:00:00,2019-10-07T13:10:00,Encerrado-PROMULGADO
PDL 86/2019,PDL,2019,2019-08-21T00:00:00,2021-01-07T15:59:00,Encerrado-TERMINO DE LEGISLATURA (ART. 275 REG. INT.)
PDL 87/2014,PDL,2014,2014-11-25T00:00:00,2018-09-19T00:00:00,Encerrado-PROMULGADO
PDL 87/2015,PDL,2015,2015-12-02T00:00:00,2018-09-19T00:00:00,Encerrado-PROMULGADO
PDL 87/2016,PDL,2016,2016-06-07T00:00:00,2019-01-28T12:08:00,Encerrado-PROMULGADO
PDL 87/2017,PDL,2017,2017-10-18T00:00:00,2018-09-19T00:00:00,Encerrado-PROMULGADO
PDL 87/2018,PDL,2018,2018-12-18T00:00:00,2019-09-13T11:26:00,Encerrado-PROMULGADO
PDL 87/2022,PDL,2022,2022-09-23T00:00:00,2024-05-02T17:06:04,Encerrado-RETIRADO PELO AUTOR
PDL 87/2025,PDL,2025,2025-09-03T00:00:00,2026-09-04T13:31:00,Encerrado-RETIRADO PELO AUTOR
PDL 88/2013,PDL,2013,2013-10-30T00:00:00,2021-01-07T15:30:00,Encerrado-TERMINO DE LEGISLATURA (ART. 275 REG. INT.)
PDL 88/2015,PDL,2015,2015-12-08T00:00:00,2018-09-19T00:00:00,Encerrado-PROMULGADO
PDL 88/2016,PDL,2016,2016-06-15T00:00:00,2024-09-19T10:12:00,Encerrado-PROMULGADO
PDL 88/2017,PDL,2017,2017-10-19T00:00:00,2018-09-19T00:00:00,Encerrado-PROMULGADO
PDL 88/2018,PDL,2018,2018-12-20T00:00:00,2019-09-13T11:27:00,Encerrado-PROMULGADO
PDL 88/2022,PDL,2022,2022-09-23T00:00:00,2023-09-25T10:15:00,Encerrado-PROMULGADO
PDL 88/2025,PDL,2025,2025-09-03T00:00:00,2026-03-07T07:40:00,Encerrado-PROMULGADO
PDL 89/2015,PDL,2015,2015-12-08T00:00:00,2018-09-19T00:00:00,Encerrado-PROMULGADO
PDL 89/2016,PDL,2016,2016-06-22T00:00:00,2018-09-19T00:00:00,Encerrado-PROMULGADO
PDL 89/2017,PDL,2017,2017-10-31T00:00:00,2025-03-31T13:43:00,Encerrado-PROMULGADO
PDL 89/2019,PDL,2019,2019-08-21T00:00:00,2021-03-05T13:32:00,Encerrado-PROMULGADO
PDL 89/2022,PDL,2022,2022-10-11T00:00:00,2023-09-25T11:20:00,Encerrado-PROMULGADO
PDL 89/2024,PDL,2024,2024-06-20T00:00:00,2025-01-07T12:54:00,Encerrado-PROMULGADO
PDL 9/2016,PDL,2016,2016-02-17T00:00:00,2018-09-19T00:00:00,Encerrado-PROMULGADO
PDL 9/2017,PDL,2017,2017-02-22T00:00:00,2018-09-19T00:00:00,Encerrado-PROMULGADO
PDL 9/2018,PDL,2018,2018-03-01T00:00:00,2018-09-27T12:00:00,Encerrado-PROMULGADO
PDL 9/2019,PDL,2019,2019-02-25T00:00:00,2021-01-07T15:59:00,Encerrado-TERMINO DE LEGISLATURA (ART. 275 REG. INT.)
PDL 9/2020,PDL,2020,2020-04-23T00:00:00,2022-02-01T14:56:00,Encerrado-PROMULGADO
PDL 9/2022,PDL,2022,2022-03-08T00:00:00,2023-04-17T09:47:00,Encerrado-PROMULGADO
PDL 9/2023,PDL,2023,2023-03-07T00:00:00,2023-09-25T12:23:00,Encerrado-PROMULGADO
PDL 9/2024,PDL,2024,2024-02-27T00:00:00,2024-09-05T14:06:00,Encerrado-PROMULGADO
PDL 9/2025,PDL,2025,2025-02-19T00:00:00,2026-02-04T14:10:00,Encerrado-PROMULGADO
PDL 90/2015,PDL,2015,2015-12-10T00:00:00,2018-09-19T00:00:00,Encerrado-PROMULGADO
PDL 90/2016,PDL,2016,2016-06-28T00:00:00,2019-10-07T13:09:00,Encerrado-PROMULGADO
PDL 90/2017,PDL,2017,2017-10-31T00:00:00,2019-06-11T15:00:00,Encerrado-PROMULGADO
PDL 90/2019,PDL,2019,2019-08-28T00:00:00,2019-12-02T18:25:00,Encerrado-PROMULGADO
PDL 90/2022,PDL,2022,2022-10-18T00:00:00,2025-01-28T16:28:00,Encerrado-PROMULGADO
PDL 90/2023,PDL,2023,2023-10-30T00:00:00,2025-01-20T21:47:29,Encerrado-TERMINO DE LEGISLATURA (ART. 275 REG. INT.)
PDL 90/2024,PDL,2024,2024-06-20T00:00:00,2024-09-19T11:53:00,Encerrado-PROMULGADO
PDL 90/2025,PDL,2025,2025-09-09T00:00:00,2026-03-07T07:40:00,Encerrado-PROMULGADO
PDL 91/2015,PDL,2015,2015-12-10T00:00:00,2018-09-19T00:00:00,Encerrado-PROMULGADO
PDL 91/2016,PDL,2016,2016-06-28T00:00:00,2018-09-19T00:00:00,Encerrado-PROMULGADO
PDL 91/2017,PDL,2017,2017-10-31T00:00:00,2018-10-18T11:01:00,Encerrado-PROMULGADO
PDL 91/2019,PDL,2019,2019-08-28T00:00:00,2021-03-05T13:32:00,Encerrado-PROMULGADO
PDL 91/2023,PDL,2023,2023-10-30T00:00:00,2023-12-07T17:33:00,Encerrado-RETIRADO PELO AUTOR
PDL 91/2024,PDL,2024,2024-06-20T00:00:00,2024-11-07T13:05:00,Encerrado-PROMULGADO
PDL 92/2015,PDL,2015,2015-12-15T00:00:00,2018-09-19T00:00:00,Encerrado-PROMULGADO
PDL 92/2016,PDL,2016,2016-06-29T00:00:00,2024-09-19T10:12:00,Encerrado-PROMULGADO
PDL 92/2019,PDL,2019,2019-09-04T00:00:00,2020-03-09T16:25:00,Encerrado-ILEGALIDADE (ART. 79 REG. INT.)
PDL 92/2023,PDL,2023,2023-11-01T00:00:00,2025-01-07T13:58:00,Encerrado-PROMULGADO
PDL 92/2024,PDL,2024,2024-06-20T00:00:00,2025-01-06T17:12:00,Encerrado-PROMULGADO
PDL 93/2016,PDL,2016,2016-07-01T00:00:00,2018-09-19T00:00:00,Encerrado-PROMULGADO
PDL 93/2019,PDL,2019,2019-09-04T00:00:00,2021-11-03T17:19:00,Encerrado-PROMULGADO
PDL 93/2023,PDL,2023,2023-11-01T00:00:00,2025-01-07T12:54:00,Encerrado-PROMULGADO
PDL 93/2024,PDL,2024,2024-06-21T00:00:00,2026-03-07T07:40:00,Encerrado-PROMULGADO
PDL 94/2016,PDL,2016,2016-07-01T00:00:00,2024-11-14T09:49:00,Encerrado-PROMULGADO
PDL 94/2017,PDL,2017,2017-10-31T00:00:00,2018-11-30T16:25:00,Encerrado-PROMULGADO
PDL 94/2019,PDL,2019,2019-09-05T00:00:00,2021-02-09T16:09:00,Encerrado-PROMULGADO
PDL 94/2022,PDL,2022,2022-10-31T00:00:00,2023-08-14T09:42:00,Encerrado-PROMULGADO
PDL 94/2023,PDL,2023,2023-11-08T00:00:00,2024-09-19T11:53:00,Encerrado-PROMULGADO
PDL 95/2016,PDL,2016,2016-08-10T00:00:00,2016-10-21T14:16:25,Encerrado-RETIRADO PELO AUTOR
PDL 95/2017,PDL,2017,2017-11-07T00:00:00,2017-11-30T15:11:00,Encerrado-RETIRADO PELO AUTOR
PDL 95/2019,PDL,2019,2019-09-06T00:00:00,2025-01-07T18:20:00,Encerrado-TERMINO DE LEGISLATURA (ART. 275 REG. INT.)
PDL 95/2023,PDL,2023,2023-11-27T00:00:00,2026-03-19T12:44:00,Encerrado-RETIRADO PELO AUTOR
PDL 95/2024,PDL,2024,2024-06-24T00:00:00,2025-04-24T09:54:00,Encerrado-PROMULGADO
PDL 96/2013,PDL,2013,2013-11-28T00:00:00,2016-02-03T15:00:05,Encerrado-PROMULGADO
PDL 96/2016,PDL,2016,2016-08-10T00:00:00,2018-09-19T00:00:00,Encerrado-PROMULGADO
PDL 96/2017,PDL,2017,2017-11-14T00:00:00,2025-01-06T17:53:00,Encerrado-TERMINO DE LEGISLATURA (ART. 275 REG. INT.)
PDL 96/2022,PDL,2022,2022-11-09T00:00:00,2025-01-16T22:44:30,Encerrado-TERMINO DE LEGISLATURA (ART. 275 REG. INT.)
PDL 96/2024,PDL,2024,2024-06-25T00:00:00,2025-01-07T12:54:00,Encerrado-PROMULGADO
PDL 97/2016,PDL,2016,2016-08-10T00:00:00,2021-03-05T13:32:00,Encerrado-PROMULGADO
PDL 97/2017,PDL,2017,2017-11-14T00:00:00,2018-11-29T17:33:00,Encerrado-PROMULGADO
PDL 97/2019,PDL,2019,2019-09-10T00:00:00,2020-03-20T15:20:00,Encerrado-ILEGALIDADE (ART. 79 REG. INT.)
PDL 97/2023,PDL,2023,2023-11-30T00:00:00,2025-01-13T13:20:49,Encerrado-TERMINO DE LEGISLATURA (ART. 275 REG. INT.)
PDL 98/2016,PDL,2016,2016-08-10T00:00:00,2018-09-19T00:00:00,Encerrado-PROMULGADO
PDL 98/2017,PDL,2017,2017-11-24T00:00:00,2018-08-31T17:00:00,Encerrado-RETIRADO PELO AUTOR
PDL 98/2019,PDL,2019,2019-09-11T00:00:00,2019-12-02T18:25:00,Encerrado-PROMULGADO
PDL 98/2022,PDL,2022,2022-11-10T00:00:00,2024-11-07T13:05:00,Encerrado-PROMULGADO
PDL 98/2023,PDL,2023,2023-11-30T00:00:00,2025-01-20T21:47:25,Encerrado-TERMINO DE LEGISLATURA (ART. 275 REG. INT.)
PDL 99/2016,PDL,2016,2016-08-10T00:00:00,2018-09-19T00:00:00,Encerrado-PROMULGADO
PDL 99/2017,PDL,2017,2017-11-28T00:00:00,2018-09-27T11:58:00,Encerrado-PROMULGADO
PDL 99/2019,PDL,2019,2019-09-11T00:00:00,2020-02-13T16:33:00,Encerrado-PROMULGADO
PDL 99/2023,PDL,2023,2023-12-13T00:00:00,2024-08-23T11:56:00,Encerrado-PROMULGADO
PDL 99/2024,PDL,2024,2024-06-26T00:00:00,2025-01-21T14:23:00,Encerrado-TERMINO DE LEGISLATURA (ART. 275 REG. INT.)
PL 1/2014,PL,2014,2014-01-09T00:00:00,2017-01-02T11:00:00,Encerrado-TERMINO DE LEGISLATURA (ART. 275 REG. INT.)
PL 1/2017,PL,2017,2017-01-12T00:00:00,2025-05-28T13:20:00,Encerrado-VETO PARCIAL ACEITO
PL 1/2019,PL,2019,2019-01-07T00:00:00,2021-01-05T13:35:02,Encerrado-TERMINO DE LEGISLATURA (ART. 275 REG. INT.)
PL 1/2021,PL,2021,2021-01-05T00:00:00,2025-01-13T16:45:00,Encerrado-TERMINO DE LEGISLATURA (ART. 275 REG. INT.)
PL 1/2022,PL,2022,2022-01-03T00:00:00,2022-03-22T13:12:00,Encerrado-PROMULGADO
PL 1/2024,PL,2024,2024-01-08T00:00:00,2024-09-06T18:56:00,Encerrado-PROMULGADO
PL 10/2016,PL,2016,2016-01-26T00:00:00,2017-01-02T17:43:00,Encerrado-TERMINO DE LEGISLATURA (ART. 275 REG. INT.)
PL 10/2017,PL,2017,2017-01-10T00:00:00,2025-05-29T19:01:00,Encerrado-VETO TOTAL ACEITO
PL 10/2019,PL,2019,2019-01-10T00:00:00,2025-01-13T19:08:00,Encerrado-TERMINO DE LEGISLATURA (ART. 275 REG. INT.)
PL 10/2021,PL,2021,2021-01-07T00:00:00,2021-01-20T12:22:00,Encerrado-RETIRADO PELO AUTOR
PL 10/2022,PL,2022,2022-01-26T00:00:00,2026-09-18T11:14:00,Encerrado-PROMULGADO
PL 10/2023,PL,2023,2023-01-19T00:00:00,2023-09-27T14:10:00,Encerrado-PROMULGADO
PL 10/2024,PL,2024,2024-01-15T00:00:00,2024-05-23T11:43:23,APENSADO
PL 100/2015,PL,2015,2015-03-18T00:00:00,2022-04-13T14:28:00,Encerrado-PROMULGADO
PL 100/2016,PL,2016,2016-03-15T00:00:00,2017-01-02T17:43:00,Encerrado-TERMINO DE LEGISLATURA (ART. 275 REG. INT.)
PL 100/2018,PL,2018,2018-03-13T00:00:00,2019-01-14T19:33:00,Encerrado-RETIRADO PELO AUTOR
PL 100/2019,PL,2019,2019-02-26T00:00:00,2019-09-26T18:04:00,Encerrado-ILEGALIDADE (ART. 79 REG. INT.)
PL 100/2020,PL,2020,2020-03-02T00:00:00,2025-01-13T22:32:30,Encerrado-TERMINO DE LEGISLATURA (ART. 275 REG. INT.)
PL 100/2024,PL,2024,2024-02-16T00:00:00,2025-01-08T19:00:00,Encerrado-TERMINO DE LEGISLATURA (ART. 275 REG. INT.)
PL 1003/2025,PL,2025,2025-08-29T00:00:00,2026-07-17T17:29:19,APENSADO
PL 101/2015,PL,2015,2015-03-18T00:00:00,2015-08-20T16:08:41,Encerrado-PROMULGADO
PL 101/2016,PL,2016,2016-03-15T00:00:00,2017-05-11T15:25:00,Encerrado-RETIRADO PELO AUTOR
PL 101/2018,PL,2018,2018-03-13T00:00:00,2025-05-29T19:01:00,Encerrado-VETO TOTAL ACEITO
PL 101/2019,PL,2019,2019-02-26T00:00:00,2019-10-22T19:13:00,Encerrado-ILEGALIDADE (ART. 79 REG. INT.)
PL 101/2020,PL,2020,2020-03-03T00:00:00,2021-09-13T17:51:00,Encerrado-PROMULGADO
PL 101/2021,PL,2021,2021-02-23T00:00:00,2025-01-14T22:34:22,Encerrado-TERMINO DE LEGISLATURA (ART. 275 REG. INT.)
PL 101/2024,PL,2024,2024-02-19T00:00:00,2025-10-20T17:24:14,Encerrado-RETIRADO PELO AUTOR
PL 1014/2025,PL,2025,2025-09-01T00:00:00,2025-09-03T14:07:00,Encerrado-RETIRADO PELO AUTOR
PL 102/2014,PL,2014,2014-03-13T00:00:00,2025-05-22T19:38:00,Encerrado-VETO TOTAL ACEITO
PL 102/2015,PL,2015,2015-03-18T00:00:00,2015-05-29T17:43:53,Encerrado-RETIRADO PELO AUTOR
PL 102/2016,PL,2016,2016-03-15T00:00:00,2016-09-09T11:17:43,Encerrado-ILEGALIDADE (ART. 79 REG. INT.)
PL 102/2018,PL,2018,2018-03-15T00:00:00,2019-07-25T08:20:00,Encerrado-PROMULGADO
PL 102/2020,PL,2020,2020-03-03T00:00:00,2025-03-19T16:53:00,Encerrado-VETO TOTAL ACEITO
PL 102/2021,PL,2021,2021-02-23T00:00:00,2021-10-28T13:58:00,Encerrado-PROMULGADO
PL 1021/2025,PL,2025,2025-09-02T00:00:00,2026-04-23T10:28:00,Encerrado-PROMULGADO
PL 103/2016,PL,2016,2016-03-22T00:00:00,2018-06-06T07:57:00,Encerrado-PROMULGADO
PL 103/2017,PL,2017,2017-02-21T00:00:00,2025-05-29T19:01:00,Encerrado-VETO TOTAL ACEITO
PL 103/2018,PL,2018,2018-03-16T00:00:00,2021-02-01T04:26:26,Encerrado-TERMINO DE LEGISLATURA (ART. 275 REG. INT.)
PL 103/2019,PL,2019,2019-02-27T00:00:00,2020-03-19T08:17:00,Encerrado-PROMULGADO
PL 103/2020,PL,2020,2020-03-04T00:00:00,2022-09-21T18:25:14,APENSADO
PL 103/2021,PL,2021,2021-02-23T00:00:00,2022-03-29T16:06:00,Encerrado-PROMULGADO
PL 103/2022,PL,2022,2022-03-03T00:00:00,2022-12-05T12:23:22,Encerrado-RETIRADO PELO AUTOR
PL 103/2024,PL,2024,2024-02-19T00:00:00,2024-08-30T13:43:00,Encerrado-PROMULGADO
PL 1036/2025,PL,2025,2025-09-04T00:00:00,2026-08-25T16:03:38,APENSADO
PL 104/2015,PL,2015,2015-03-19T00:00:00,2021-01-28T12:04:00,Encerrado-RETIRADO PELO AUTOR
PL 104/2016,PL,2016,2016-03-16T00:00:00,2018-02-15T11:24:00,Encerrado-PROMULGADO
PL 104/2017,PL,2017,2017-02-21T00:00:00,2017-10-02T00:00:00,Encerrado-RETIRADO PELO AUTOR
PL 104/2020,PL,2020,2020-03-05T00:00:00,2021-09-13T17:51:00,Encerrado-PROMULGADO
PL 104/2021,PL,2021,2021-02-23T00:00:00,2022-05-13T14:45:00,Encerrado-PROMULGADO
PL 104/2022,PL,2022,2022-03-03T00:00:00,2025-01-16T22:04:31,Encerrado-TERMINO DE LEGISLATURA (ART. 275 REG. INT.)
PL 104/2025,PL,2025,2025-02-06T00:00:00,2025-08-07T13:44:58,APENSADO
PL 1044/2025,PL,2025,2025-09-08T00:00:00,2025-09-15T15:21:00,Encerrado-RETIRADO PELO AUTOR
PL 1046/2025,PL,2025,2025-09-08T00:00:00,2025-09-15T15:21:00,Encerrado-RETIRADO PELO AUTOR
PL 105/2013,PL,2013,2013-03-14T00:00:00,2017-01-06T14:55:00,Encerrado-PROMULGADO
PL 105/2014,PL,2014,2014-03-14T00:00:00,2015-05-20T00:00:00,Encerrado-RETIRADO PELO AUTOR
PL 105/2015,PL,2015,2015-03-19T00:00:00,2015-06-03T15:09:35,Encerrado-RETIRADO PELO AUTOR
PL 105/2016,PL,2016,2016-03-16T00:00:00,2017-05-03T00:00:00,Encerrado-PROMULGADO
PL 105/2017,PL,2017,2017-02-21T00:00:00,2025-01-09T12:19:14,Encerrado-TERMINO DE LEGISLATURA (ART. 275 REG. INT.)
PL 105/2018,PL,2018,2018-03-19T00:00:00,2019-02-11T19:47:00,Encerrado-ILEGALIDADE (ART. 79 REG. INT.)
PL 105/2019,PL,2019,2019-02-27T00:00:00,2019-11-12T17:37:00,Encerrado-ILEGALIDADE (ART. 79 REG. INT.)
PL 105/2021,PL,2021,2021-02-24T00:00:00,2025-01-14T20:57:36,Encerrado-TERMINO DE LEGISLATURA (ART. 275 REG. INT.)
PL 105/2022,PL,2022,2022-03-03T00:00:00,2023-11-13T17:12:00,Encerrado-PROMULGADO
PL 105/2024,PL,2024,2024-02-20T00:00:00,2025-09-16T10:55:00,Encerrado-ARQUIVADO
PL 1053/2025,PL,2025,2025-09-09T00:00:00,2026-06-02T11:31:00,Encerrado-PROMULGADO
PL 1056/2025,PL,2025,2025-09-09T00:00:00,2026-09-22T11:12:59,APENSADO
PL 1058/2025,PL,2025,2025-09-09T00:00:00,2025-11-03T20:34:00,Encerrado-RETIRADO PELO AUTOR
PL 106/2014,PL,2014,2014-03-17T00:00:00,2017-01-03T16:55:00,Encerrado-TERMINO DE LEGISLATURA (ART. 275 REG. INT.)
PL 106/2015,PL,2015,2015-03-23T00:00:00,2015-06-03T16:45:52,Encerrado-RETIRADO PELO AUTOR
PL 106/2016,PL,2016,2016-03-16T00:00:00,2022-12-06T18:41:00,Encerrado-PROMULGADO
PL 106/2017,PL,2017,2017-02-21T00:00:00,2018-01-29T10:13:00,Encerrado-PROMULGADO
PL 106/2018,PL,2018,2018-03-19T00:00:00,2025-01-09T12:19:33,Encerrado-TERMINO DE LEGISLATURA (ART. 275 REG. INT.)
PL 106/2019,PL,2019,2019-02-27T00:00:00,2019-09-26T18:04:00,Encerrado-ILEGALIDADE (ART. 79 REG. INT.)
PL 106/2020,PL,2020,2020-03-05T00:00:00,2021-01-29T21:39:43,Encerrado-TERMINO DE LEGISLATURA (ART. 275 REG. INT.)
PL 106/2021,PL,2021,2021-02-25T00:00:00,2021-11-04T11:20:09,Encerrado-RETIRADO PELO AUTOR
PL 106/2022,PL,2022,2022-03-03T00:00:00,2025-11-28T15:31:00,Encerrado-ILEGALIDADE (ART. 79 REG. INT.)
PL 106/2024,PL,2024,2024-02-21T00:00:00,2025-07-29T16:04:00,Encerrado-PROMULGADO
PL 1063/2025,PL,2025,2025-09-09T00:00:00,2025-10-10T15:36:00,Encerrado-PROMULGADO
PL 1065/2025,PL,2025,2025-09-10T00:00:00,2026-03-04T10:51:00,Encerrado-PROMULGADO
PL 1066/2025,PL,2025,2025-09-10T00:00:00,2026-09-29T11:27:00,Encerrado-PROMULGADO
PL 1069/2025,PL,2025,2025-09-10T00:00:00,2026-09-22T11:13:23,APENSADO
PL 107/2015,PL,2015,2015-03-23T00:00:00,2016-05-31T00:00:00,Encerrado-PROMULGADO
PL 107/2017,PL,2017,2017-02-21T00:00:00,2025-05-29T19:01:00,Encerrado-VETO TOTAL ACEITO
PL 107/2018,PL,2018,2018-03-20T00:00:00,2019-05-21T09:17:00,Encerrado-PROMULGADO
PL 107/2020,PL,2020,2020-03-05T00:00:00,2021-01-29T21:39:38,Encerrado-TERMINO DE LEGISLATURA (ART. 275 REG. INT.)
PL 107/2024,PL,2024,2024-02-21T00:00:00,2024-09-11T18:00:00,Encerrado-PROMULGADO
PL 108/2013,PL,2013,2013-03-14T00:00:00,2015-06-18T09:29:14,Encerrado-PROMULGADO
PL 108/2016,PL,2016,2016-03-21T00:00:00,2018-07-18T08:43:00,Encerrado-PROMULGADO
PL 108/2017,PL,2017,2017-02-21T00:00:00,2025-01-13T16:29:00,Encerrado-TERMINO DE LEGISLATURA (ART. 275 REG. INT.)
PL 108/2018,PL,2018,2018-03-20T00:00:00,2019-01-31T09:46:00,Encerrado-PROMULGADO
PL 108/2019,PL,2019,2019-02-27T00:00:00,2019-10-02T08:41:00,Encerrado-PROMULGADO
PL 108/2020,PL,2020,2020-03-05T00:00:00,2021-09-13T17:51:00,Encerrado-PROMULGADO
PL 108/2021,PL,2021,2021-03-02T00:00:00,2021-10-15T17:11:00,Encerrado-PROMULGADO
PL 108/2025,PL,2025,2025-02-06T00:00:00,2026-06-02T11:31:00,Encerrado-PROMULGADO
PL 1081/2025,PL,2025,2025-09-12T00:00:00,2025-09-16T16:36:00,Encerrado-RETIRADO PELO AUTOR
PL 1082/2025,PL,2025,2025-09-12T00:00:00,2026-09-02T14:59:00,Encerrado-PROMULGADO
PL 1084/2025,PL,2025,2025-09-12T00:00:00,2025-10-24T13:25:00,Encerrado-RETIRADO PELO AUTOR
PL 109/2014,PL,2014,2014-03-18T00:00:00,2015-04-23T00:00:00,Encerrado-PROMULGADO
PL 109/2015,PL,2015,2015-03-24T00:00:00,2021-01-08T12:25:21,Encerrado-TERMINO DE LEGISLATURA (ART. 275 REG. INT.)
PL 109/2016,PL,2016,2016-03-16T00:00:00,2019-09-25T09:47:00,Encerrado-VETO TOTAL ACEITO
PL 109/2017,PL,2017,2017-02-21T00:00:00,2017-05-08T11:00:00,Encerrado-ILEGALIDADE (ART. 79 REG. INT.)
PL 109/2019,PL,2019,2019-02-28T00:00:00,2020-09-09T14:44:00,Encerrado-PROMULGADO
PL 109/2021,PL,2021,2021-03-02T00:00:00,2021-10-14T15:13:47,Encerrado-RETIRADO PELO AUTOR
PL 109/2022,PL,2022,2022-03-04T00:00:00,2022-05-04T13:57:00,Encerrado-PROMULGADO
PL 109/2024,PL,2024,2024-02-21T00:00:00,2025-01-21T16:43:28,Encerrado-TERMINO DE LEGISLATURA (ART. 275 REG. INT.)
PL 11/2014,PL,2014,2014-02-04T00:00:00,2019-10-30T18:44:00,Encerrado-VETO TOTAL ACEITO
PL 11/2015,PL,2015,2014-12-19T00:00:00,2015-12-02T00:00:00,Encerrado-PROMULGADO
PL 11/2016,PL,2016,2016-02-02T00:00:00,2017-01-02T17:43:00,Encerrado-TERMINO DE LEGISLATURA (ART. 275 REG. INT.)
PL 11/2017,PL,2017,2017-01-10T00:00:00,2021-01-12T17:06:00,Encerrado-TERMINO DE LEGISLATURA (ART. 275 REG. INT.)
PL 11/2018,PL,2018,2018-02-01T00:00:00,2019-06-03T09:55:00,Encerrado-VETO PARCIAL ACEITO
PL 11/2020,PL,2020,2020-01-30T00:00:00,2025-01-23T11:48:50,Encerrado-TERMINO DE LEGISLATURA (ART. 275 REG. INT.)
PL 11/2023,PL,2023,2023-01-23T00:00:00,2025-01-09T15:19:00,Encerrado-TERMINO DE LEGISLATURA (ART. 275 REG. INT.)
PL 11/2024,PL,2024,2024-01-15T00:00:00,2024-02-02T13:53:00,Encerrado-RETIRADO PELO AUTOR
PL 110/2015,PL,2015,2015-03-24T00:00:00,2017-01-04T13:30:00,Encerrado-TERMINO DE LEGISLATURA (ART. 275 REG. INT.)
PL 110/2016,PL,2016,2016-03-17T00:00:00,2016-08-10T00:00:00,Encerrado-RETIRADO PELO AUTOR
PL 110/2017,PL,2017,2017-02-21T00:00:00,2025-05-28T13:22:00,Encerrado-VETO PARCIAL ACEITO
PL 110/2018,PL,2018,2018-03-21T00:00:00,2018-10-16T10:54:00,Encerrado-ARQUIVADO
PL 110/2022,PL,2022,2022-03-04T00:00:00,2024-04-30T16:48:26,Encerrado-RETIRADO PELO AUTOR
PL 1103/2025,PL,2025,2025-09-16T00:00:00,2025-10-16T12:11:00,Encerrado-RETIRADO PELO AUTOR
PL 111/2014,PL,2014,2014-03-19T00:00:00,2025-01-13T15:10:00,Encerrado-TERMINO DE LEGISLATURA (ART. 275 REG. INT.)
PL 111/2016,PL,2016,2016-03-17T00:00:00,2017-01-10T15:28:00,Encerrado-TERMINO DE LEGISLATURA (ART. 275 REG. INT.)
PL 111/2017,PL,2017,2017-02-22T00:00:00,2021-01-12T17:06:00,Encerrado-TERMINO DE LEGISLATURA (ART. 275 REG. INT.)
PL 111/2019,PL,2019,2019-02-28T00:00:00,2019-10-15T18:44:00,Encerrado-ILEGALIDADE (ART. 79 REG. INT.)
PL 111/2020,PL,2020,2020-03-06T00:00:00,2023-10-10T19:02:00,Encerrado-PROMULGADO
PL 111/2022,PL,2022,2022-03-04T00:00:00,2024-04-30T16:44:37,Encerrado-RETIRADO PELO AUTOR
PL 112/2013,PL,2013,2013-03-18T00:00:00,2025-03-26T23:33:00,Encerrado-VETO TOTAL ACEITO
PL 112/2014,PL,2014,2014-03-19T00:00:00,2018-08-16T00:00:00,Encerrado-ILEGALIDADE (ART. 79 REG. INT.)
PL 112/2015,PL,2015,2015-03-24T00:00:00,2015-11-24T00:00:00,Encerrado-PROMULGADO
PL 112/2016,PL,2016,2016-03-21T00:00:00,2019-01-16T15:32:00,Encerrado-PROMULGADO
PL 112/2018,PL,2018,2018-03-21T00:00:00,2025-01-13T17:50:00,Encerrado-TERMINO DE LEGISLATURA (ART. 275 REG. INT.)
PL 112/2019,PL,2019,2019-02-28T00:00:00,2019-07-01T18:47:00,Encerrado-ILEGALIDADE (ART. 79 REG. INT.)
PL 112/2022,PL,2022,2022-03-04T00:00:00,2025-01-16T22:40:42,Encerrado-TERMINO DE LEGISLATURA (ART. 275 REG. INT.)
PL 113/2015,PL,2015,2015-03-24T00:00:00,2015-11-24T00:00:00,Encerrado-PROMULGADO
PL 113/2016,PL,2016,2016-03-21T00:00:00,2017-01-02T17:43:00,Encerrado-TERMINO DE LEGISLATURA (ART. 275 REG. INT.)
PL 113/2017,PL,2017,2017-02-22T00:00:00,2025-01-13T16:29:00,Encerrado-TERMINO DE LEGISLATURA (ART. 275 REG. INT.)
PL 113/2018,PL,2018,2018-03-21T00:00:00,2018-07-19T09:15:00,Encerrado-PROMULGADO
PL 113/2019,PL,2019,2019-03-01T00:00:00,2020-02-06T11:39:00,Encerrado-PROMULGADO
PL 113/2021,PL,2021,2021-03-03T00:00:00,2025-01-14T22:31:04,Encerrado-TERMINO DE LEGISLATURA (ART. 275 REG. INT.)
PL 113/2022,PL,2022,2022-03-04T00:00:00,2022-09-05T12:05:00,Encerrado-ILEGALIDADE (ART. 79 REG. INT.)
PL 113/2026,PL,2026,2026-02-23T00:00:00,2026-09-22T11:10:16,APENSADO
PL 1138/2025,PL,2025,2025-09-24T00:00:00,2026-08-25T15:59:47,APENSADO
PL 114/2015,PL,2015,2015-03-24T00:00:00,2021-01-07T11:31:59,Encerrado-TERMINO DE LEGISLATURA (ART. 275 REG. INT.)
PL 114/2016,PL,2016,2016-03-21T00:00:00,2017-01-11T14:40:00,Encerrado-TERMINO DE LEGISLATURA (ART. 275 REG. INT.)
PL 114/2019,PL,2019,2019-03-01T00:00:00,2019-10-08T08:21:00,Encerrado-PROMULGADO
PL 114/2020,PL,2020,2020-03-09T00:00:00,2021-02-17T10:01:00,Encerrado-RETIRADO PELO AUTOR
PL 114/2021,PL,2021,2021-03-05T00:00:00,2022-01-20T11:01:00,Encerrado-ILEGALIDADE (ART. 79 REG. INT.)
PL 114/2022,PL,2022,2022-03-04T00:00:00,2022-06-08T15:15:34,APENSADO
PL 1149/2025,PL,2025,2025-09-25T00:00:00,2025-10-31T12:10:00,Encerrado-RETIRADO PELO AUTOR
PL 115/2013,PL,2013,2013-03-19T00:00:00,2021-01-14T11:32:00,Encerrado-TERMINO DE LEGISLATURA (ART. 275 REG. INT.)
PL 115/2014,PL,2014,2014-03-20T00:00:00,2021-01-05T13:30:12,Encerrado-TERMINO DE LEGISLATURA (ART. 275 REG. INT.)
PL 115/2016,PL,2016,2016-03-22T00:00:00,2017-05-18T15:45:00,Encerrado-PROMULGADO
PL 115/2018,PL,2018,2018-03-22T00:00:00,2019-08-29T18:41:00,Encerrado-ILEGALIDADE (ART. 79 REG. INT.)
PL 115/2020,PL,2020,2020-03-09T00:00:00,2021-09-13T17:51:00,Encerrado-PROMULGADO
PL 115/2021,PL,2021,2021-03-05T00:00:00,2025-01-14T21:37:19,Encerrado-TERMINO DE LEGISLATURA (ART. 275 REG. INT.)
PL 115/2022,PL,2022,2022-03-04T00:00:00,2023-03-17T17:25:55,APENSADO
PL 115/2026,PL,2026,2026-02-24T00:00:00,2026-02-26T15:11:00,Encerrado-RETIRADO PELO AUTOR
PL 1158/2025,PL,2025,2025-09-29T00:00:00,2025-11-18T11:19:00,Encerrado-PROMULGADO
PL 116/2015,PL,2015,2015-03-25T00:00:00,2021-01-13T14:42:00,Encerrado-TERMINO DE LEGISLATURA (ART. 275 REG. INT.)
PL 116/2016,PL,2016,2016-03-22T00:00:00,2016-04-01T00:00:00,Encerrado-PROMULGADO
PL 116/2021,PL,2021,2021-03-05T00:00:00,2025-01-14T21:41:16,Encerrado-TERMINO DE LEGISLATURA (ART. 275 REG. INT.)
PL 116/2022,PL,2022,2022-03-04T00:00:00,2025-01-16T22:04:30,Encerrado-TERMINO DE LEGISLATURA (ART. 275 REG. INT.)
PL 116/2023,PL,2023,2023-03-16T00:00:00,2025-01-21T14:04:41,Encerrado-TERMINO DE LEGISLATURA (ART. 275 REG. INT.)
PL 116/2024,PL,2024,2024-02-26T00:00:00,2026-06-25T11:31:00,Encerrado-PROMULGADO
PL 1167/2025,PL,2025,2025-09-30T00:00:00,2026-03-31T19:34:00,Encerrado-PROMULGADO
PL 117/2013,PL,2013,2013-03-20T00:00:00,2019-04-30T10:16:00,Encerrado-VETO TOTAL ACEITO
PL 117/2015,PL,2015,2015-03-25T00:00:00,2015-04-15T00:00:00,Encerrado-PROMULGADO
PL 117/2016,PL,2016,2016-03-22T00:00:00,2016-04-01T00:00:00,Encerrado-PROMULGADO
PL 117/2017,PL,2017,2017-02-22T00:00:00,2018-04-09T09:17:00,Encerrado-PROMULGADO
PL 117/2018,PL,2018,2018-03-22T00:00:00,2020-12-03T16:53:00,Encerrado-PROMULGADO
PL 117/2020,PL,2020,2020-03-10T00:00:00,2021-01-29T21:39:48,Encerrado-TERMINO DE LEGISLATURA (ART. 275 REG. INT.)
PL 117/2022,PL,2022,2022-03-05T00:00:00,2025-01-16T22:04:29,Encerrado-TERMINO DE LEGISLATURA (ART. 275 REG. INT.)
PL 117/2023,PL,2023,2023-03-16T00:00:00,2025-01-14T10:34:00,Encerrado-TERMINO DE LEGISLATURA (ART. 275 REG. INT.)
PL 1171/2025,PL,2025,2025-10-01T00:00:00,2026-09-22T11:11:49,APENSADO
PL 1177/2025,PL,2025,2025-10-02T00:00:00,2025-10-02T18:25:00,Encerrado-RETIRADO PELO AUTOR
PL 118/2014,PL,2014,2014-03-20T00:00:00,2015-05-07T00:00:00,Encerrado-PROMULGADO
PL 118/2015,PL,2015,2015-03-26T00:00:00,2016-05-16T00:00:00,Encerrado-PROMULGADO
PL 118/2016,PL,2016,2016-03-22T00:00:00,2016-09-26T12:30:57,Encerrado-PROMULGADO
PL 118/2018,PL,2018,2018-03-22T00:00:00,2019-07-25T08:20:00,Encerrado-PROMULGADO
PL 118/2019,PL,2019,2019-03-08T00:00:00,2022-09-26T17:09:00,Encerrado-PROMULGADO
PL 118/2020,PL,2020,2020-03-10T00:00:00,2021-09-13T17:51:00,Encerrado-PROMULGADO
PL 118/2021,PL,2021,2021-03-08T00:00:00,2025-01-21T14:04:42,Encerrado-TERMINO DE LEGISLATURA (ART. 275 REG. INT.)
PL 118/2022,PL,2022,2022-03-05T00:00:00,2025-01-16T22:04:27,Encerrado-TERMINO DE LEGISLATURA (ART. 275 REG. INT.)
PL 118/2024,PL,2024,2024-02-28T00:00:00,2025-01-23T00:59:51,Encerrado-TERMINO DE LEGISLATURA (ART. 275 REG. INT.)
PL 1186/2025,PL,2025,2025-10-03T00:00:00,2026-07-17T17:27:23,APENSADO
PL 1189/2025,PL,2025,2025-10-06T00:00:00,2026-08-25T16:02:43,APENSADO
PL 119/2015,PL,2015,2015-03-26T00:00:00,2016-05-16T00:00:00,Encerrado-PROMULGADO
PL 119/2016,PL,2016,2016-03-23T00:00:00,2017-01-10T14:56:00,Encerrado-TERMINO DE LEGISLATURA (ART. 275 REG. INT.)
PL 119/2017,PL,2017,2017-02-24T00:00:00,2017-04-12T14:43:00,Encerrado-RETIRADO PELO AUTOR
PL 119/2018,PL,2018,2018-03-22T00:00:00,2019-01-31T09:46:00,Encerrado-PROMULGADO
PL 119/2019,PL,2019,2019-03-11T00:00:00,2025-01-22T14:01:05,Encerrado-TERMINO DE LEGISLATURA (ART. 275 REG. INT.)
PL 119/2020,PL,2020,2020-03-10T00:00:00,2021-01-07T10:42:59,Encerrado-TERMINO DE LEGISLATURA (ART. 275 REG. INT.)
PL 119/2021,PL,2021,2021-03-08T00:00:00,2022-01-20T14:20:00,Encerrado-ILEGALIDADE (ART. 79 REG. INT.)
PL 119/2022,PL,2022,2022-03-05T00:00:00,2025-01-16T22:08:35,Encerrado-TERMINO DE LEGISLATURA (ART. 275 REG. INT.)
PL 119/2023,PL,2023,2023-03-16T00:00:00,2025-01-20T23:32:50,Encerrado-TERMINO DE LEGISLATURA (ART. 275 REG. INT.)
PL 119/2025,PL,2025,2025-02-07T00:00:00,2026-01-20T13:56:00,Encerrado-PROMULGADO
PL 1190/2025,PL,2025,2025-10-06T00:00:00,2026-02-02T17:01:00,Encerrado-PROMULGADO
PL 1194/2025,PL,2025,2025-10-06T00:00:00,2025-10-08T14:13:00,Encerrado-RETIRADO PELO AUTOR
PL 1196/2025,PL,2025,2025-10-06T00:00:00,2025-10-08T14:13:00,Encerrado-RETIRADO PELO AUTOR
PL 12/2016,PL,2016,2016-02-02T00:00:00,2016-12-12T12:36:08,Encerrado-ILEGALIDADE (ART. 79 REG. INT.)
PL 12/2018,PL,2018,2018-02-01T00:00:00,2018-09-20T10:03:00,Encerrado-PROMULGADO
PL 12/2019,PL,2019,2019-01-11T00:00:00,2021-01-06T22:38:27,Encerrado-TERMINO DE LEGISLATURA (ART. 275 REG. INT.)
PL 12/2020,PL,2020,2020-02-03T00:00:00,2025-01-13T18:34:00,Encerrado-TERMINO DE LEGISLATURA (ART. 275 REG. INT.)
PL 12/2024,PL,2024,2024-01-16T00:00:00,2025-01-21T16:36:44,Encerrado-TERMINO DE LEGISLATURA (ART. 275 REG. INT.)
PL 120/2013,PL,2013,2013-03-20T00:00:00,2021-01-05T11:31:11,Encerrado-TERMINO DE LEGISLATURA (ART. 275 REG. INT.)
PL 120/2015,PL,2015,2015-03-26T00:00:00,2015-04-15T00:00:00,Encerrado-PROMULGADO
PL 120/2016,PL,2016,2016-03-23T00:00:00,2017-01-02T15:53:00,Encerrado-TERMINO DE LEGISLATURA (ART. 275 REG. INT.)
PL 120/2017,PL,2017,2017-03-02T00:00:00,2018-06-29T16:52:00,Encerrado-REJEITADO
PL 120/2020,PL,2020,2020-03-10T00:00:00,2021-01-29T21:39:20,Encerrado-TERMINO DE LEGISLATURA (ART. 275 REG. INT.)
PL 120/2021,PL,2021,2021-03-08T00:00:00,2025-01-14T21:41:15,Encerrado-TERMINO DE LEGISLATURA (ART. 275 REG. INT.)
PL 120/2022,PL,2022,2022-03-05T00:00:00,2025-01-16T22:08:34,Encerrado-TERMINO DE LEGISLATURA (ART. 275 REG. INT.)
PL 1200/2025,PL,2025,2025-10-06T00:00:00,2026-07-17T17:26:33,APENSADO
PL 1202/2025,PL,2025,2025-10-07T00:00:00,2025-10-24T14:59:00,Encerrado-RETIRADO PELO AUTOR
PL 121/2013,PL,2013,2013-03-20T00:00:00,2019-09-24T09:28:00,Encerrado-VETO TOTAL ACEITO
PL 121/2015,PL,2015,2015-03-27T00:00:00,2017-01-02T11:00:00,Encerrado-TERMINO DE LEGISLATURA (ART. 275 REG. INT.)
PL 121/2016,PL,2016,2016-03-23T00:00:00,2025-10-14T13:37:00,Encerrado-TERMINO DE LEGISLATURA (ART. 275 REG. INT.)
PL 121/2017,PL,2017,2017-03-02T00:00:00,2017-12-07T00:00:00,Encerrado-ILEGALIDADE (ART. 79 REG. INT.)
PL 121/2018,PL,2018,2018-03-26T00:00:00,2019-09-06T12:38:00,Encerrado-PROMULGADO
PL 121/2020,PL,2020,2020-03-10T00:00:00,2021-09-13T17:51:00,Encerrado-PROMULGADO
PL 121/2021,PL,2021,2021-03-08T00:00:00,2025-01-14T21:56:14,Encerrado-TERMINO DE LEGISLATURA (ART. 275 REG. INT.)
PL 121/2022,PL,2022,2022-03-05T00:00:00,2025-01-23T15:27:19,Encerrado-TERMINO DE LEGISLATURA (ART. 275 REG. INT.)
PL 121/2023,PL,2023,2023-03-17T00:00:00,2025-01-20T22:55:44,Encerrado-TERMINO DE LEGISLATURA (ART. 275 REG. INT.)
PL 1217/2025,PL,2025,2025-10-09T00:00:00,2026-09-22T11:13:50,APENSADO
PL 122/2013,PL,2013,2013-03-20T00:00:00,2025-03-26T23:33:00,Encerrado-VETO TOTAL ACEITO
PL 122/2014,PL,2014,2014-03-25T00:00:00,2021-01-13T16:03:00,Encerrado-TERMINO DE LEGISLATURA (ART. 275 REG. INT.)
PL 122/2015,PL,2015,2015-03-27T00:00:00,2016-07-04T00:00:00,Encerrado-PROMULGADO
PL 122/2016,PL,2016,2016-03-23T00:00:00,2018-08-16T00:00:00,Encerrado-ILEGALIDADE (ART. 79 REG. INT.)
PL 122/2018,PL,2018,2018-03-26T00:00:00,2025-01-13T17:50:00,Encerrado-TERMINO DE LEGISLATURA (ART. 275 REG. INT.)
PL 122/2020,PL,2020,2020-03-10T00:00:00,2025-05-29T09:44:00,Encerrado-VETO PARCIAL ACEITO
PL 122/2021,PL,2021,2021-03-08T00:00:00,2021-10-08T17:25:00,Encerrado-PROMULGADO
PL 122/2023,PL,2023,2023-03-17T00:00:00,2025-01-20T23:08:40,Encerrado-TERMINO DE LEGISLATURA (ART. 275 REG. INT.)
PL 1224/2025,PL,2025,2025-10-09T00:00:00,2026-06-02T11:31:00,Encerrado-PROMULGADO
PL 123/2013,PL,2013,2013-03-21T00:00:00,2017-01-23T16:10:00,Encerrado-TERMINO DE LEGISLATURA (ART. 275 REG. INT.)
PL 123/2015,PL,2015,2015-03-27T00:00:00,2016-04-08T13:47:57,Encerrado-RETIRADO PELO AUTOR
PL 123/2016,PL,2016,2016-03-23T00:00:00,2021-01-04T14:33:53,Encerrado-TERMINO DE LEGISLATURA (ART. 275 REG. INT.)
PL 123/2017,PL,2017,2017-03-02T00:00:00,2019-06-04T07:53:00,Encerrado-VETO TOTAL ACEITO
PL 123/2018,PL,2018,2018-03-26T00:00:00,2019-03-14T13:53:00,Encerrado-PROMULGADO
PL 123/2019,PL,2019,2019-03-12T00:00:00,2022-03-21T18:27:00,Encerrado-RETIRADO PELO AUTOR
PL 123/2020,PL,2020,2020-03-10T00:00:00,2025-01-13T18:34:00,Encerrado-TERMINO DE LEGISLATURA (ART. 275 REG. INT.)
PL 123/2021,PL,2021,2021-03-08T00:00:00,2025-12-09T22:31:00,Encerrado-PROMULGADO
PL 123/2022,PL,2022,2022-03-07T00:00:00,2023-04-11T17:56:00,Encerrado-PROMULGADO
PL 123/2024,PL,2024,2024-02-29T00:00:00,2025-06-27T15:40:06,Encerrado-RETIRADO PELO AUTOR
PL 124/2013,PL,2013,2013-03-21T00:00:00,2017-01-23T16:10:00,Encerrado-TERMINO DE LEGISLATURA (ART. 275 REG. INT.)
PL 124/2015,PL,2015,2015-03-27T00:00:00,2021-01-05T13:42:15,Encerrado-TERMINO DE LEGISLATURA (ART. 275 REG. INT.)
PL 124/2016,PL,2016,2016-03-23T00:00:00,2017-01-11T14:40:00,Encerrado-TERMINO DE LEGISLATURA (ART. 275 REG. INT.)
PL 124/2018,PL,2018,2018-03-27T00:00:00,2019-06-25T10:15:00,Encerrado-PROMULGADO
PL 124/2019,PL,2019,2019-03-12T00:00:00,2021-01-06T22:53:45,Encerrado-TERMINO DE LEGISLATURA (ART. 275 REG. INT.)
PL 124/2020,PL,2020,2020-03-10T00:00:00,2026-03-17T18:45:00,Encerrado-RETIRADO PELO AUTOR
PL 124/2022,PL,2022,2022-03-08T00:00:00,2023-08-08T15:08:00,Encerrado-PROMULGADO
PL 125/2013,PL,2013,2013-03-21T00:00:00,2019-04-30T09:45:00,Encerrado-VETO TOTAL ACEITO
PL 125/2014,PL,2014,2014-03-25T00:00:00,2021-01-13T16:03:00,Encerrado-TERMINO DE LEGISLATURA (ART. 275 REG. INT.)
PL 125/2015,PL,2015,2015-03-27T00:00:00,2016-04-13T00:00:00,Encerrado-PROMULGADO
PL 125/2016,PL,2016,2016-03-29T00:00:00,2021-01-13T14:53:00,Encerrado-TERMINO DE LEGISLATURA (ART. 275 REG. INT.)
PL 125/2017,PL,2017,2017-03-06T00:00:00,2018-09-20T15:48:00,Encerrado-RETIRADO PELO AUTOR
PL 125/2018,PL,2018,2018-03-27T00:00:00,2019-07-25T08:20:00,Encerrado-PROMULGADO
PL 125/2019,PL,2019,2019-03-12T00:00:00,2019-05-14T00:00:00,APENSADO
PL 125/2020,PL,2020,2020-03-10T00:00:00,2025-03-13T14:22:00,Encerrado-VETO TOTAL ACEITO
PL 125/2022,PL,2022,2022-03-08T00:00:00,2025-01-16T22:37:21,Encerrado-TERMINO DE LEGISLATURA (ART. 275 REG. INT.)
PL 125/2024,PL,2024,2024-03-04T00:00:00,2024-04-24T10:41:12,Encerrado-RETIRADO PELO AUTOR
PL 1255/2025,PL,2025,2025-10-16T00:00:00,2025-11-03T20:33:00,Encerrado-RETIRADO PELO AUTOR
PL 1259/2025,PL,2025,2025-10-17T00:00:00,2025-11-14T12:07:00,Encerrado-RETIRADO PELO AUTOR
PL 126/2013,PL,2013,2013-03-21T00:00:00,2015-11-06T00:00:00,Encerrado-PROMULGADO
PL 126/2016,PL,2016,2016-03-29T00:00:00,2025-05-28T13:05:00,Encerrado-VETO PARCIAL ACEITO
PL 126/2018,PL,2018,2018-03-27T00:00:00,2019-07-25T08:20:00,Encerrado-PROMULGADO
PL 126/2019,PL,2019,2019-03-12T00:00:00,2022-03-21T18:27:00,Encerrado-RETIRADO PELO AUTOR
PL 126/2020,PL,2020,2020-03-11T00:00:00,2025-01-13T18:34:00,Encerrado-TERMINO DE LEGISLATURA (ART. 275 REG. INT.)
PL 126/2021,PL,2021,2021-03-09T00:00:00,2025-05-29T09:29:00,Encerrado-VETO PARCIAL ACEITO
PL 1268/2025,PL,2025,2025-10-20T00:00:00,2025-10-21T18:58:00,Encerrado-RETIRADO PELO AUTOR
PL 127/2015,PL,2015,2015-03-27T00:00:00,2018-05-07T15:07:00,Encerrado-RETIRADO PELO AUTOR
PL 127/2016,PL,2016,2016-03-29T00:00:00,2017-01-02T17:43:00,Encerrado-TERMINO DE LEGISLATURA (ART. 275 REG. INT.)
PL 127/2017,PL,2017,2017-03-07T00:00:00,2025-05-29T19:01:00,Encerrado-VETO TOTAL ACEITO
PL 127/2018,PL,2018,2018-03-28T00:00:00,2018-06-28T09:15:00,Encerrado-PROMULGADO
PL 127/2019,PL,2019,2019-03-12T00:00:00,2019-10-22T19:13:00,Encerrado-ILEGALIDADE (ART. 79 REG. INT.)
PL 1276/2025,PL,2025,2025-10-20T00:00:00,2025-10-31T12:10:00,Encerrado-RETIRADO PELO AUTOR
PL 1277/2025,PL,2025,2025-10-20T00:00:00,2025-10-24T12:10:00,Encerrado-RETIRADO PELO AUTOR
PL 1278/2025,PL,2025,2025-10-20T00:00:00,2025-10-31T12:10:00,Encerrado-RETIRADO PELO AUTOR
PL 128/2014,PL,2014,2014-03-26T00:00:00,2018-05-21T14:13:00,Encerrado-PROMULGADO
PL 128/2015,PL,2015,2015-03-30T00:00:00,2017-01-03T17:01:00,Encerrado-TERMINO DE LEGISLATURA (ART. 275 REG. INT.)
PL 128/2016,PL,2016,2016-03-29T00:00:00,2016-08-03T13:08:52,Encerrado-PROMULGADO
PL 128/2017,PL,2017,2017-03-07T00:00:00,2017-07-21T15:45:00,Encerrado-RETIRADO PELO AUTOR
PL 128/2020,PL,2020,2020-03-11T00:00:00,2021-01-13T17:07:47,Encerrado-TERMINO DE LEGISLATURA (ART. 275 REG. INT.)
PL 128/2021,PL,2021,2021-03-09T00:00:00,2023-08-07T16:36:00,Encerrado-PROMULGADO
PL 128/2023,PL,2023,2023-03-22T00:00:00,2023-04-05T16:02:00,Encerrado-RETIRADO PELO AUTOR
PL 128/2024,PL,2024,2024-03-04T00:00:00,2024-11-25T13:21:00,Encerrado-PROMULGADO
PL 128/2026,PL,2026,2026-02-25T00:00:00,2026-08-25T16:10:05,APENSADO
PL 129/2013,PL,2013,2013-03-21T00:00:00,2025-01-13T14:05:00,Encerrado-TERMINO DE LEGISLATURA (ART. 275 REG. INT.)
PL 129/2015,PL,2015,2015-03-30T00:00:00,2019-05-13T08:35:00,Encerrado-VETO PARCIAL ACEITO
PL 129/2016,PL,2016,2016-03-29T00:00:00,2017-01-02T17:21:00,Encerrado-PROMULGADO
PL 129/2017,PL,2017,2017-03-07T00:00:00,2017-05-11T15:25:00,Encerrado-RETIRADO PELO AUTOR
PL 129/2018,PL,2018,2018-03-28T00:00:00,2019-10-23T16:45:00,Encerrado-RETIRADO PELO AUTOR
PL 129/2019,PL,2019,2019-03-12T00:00:00,2025-01-13T19:08:00,Encerrado-TERMINO DE LEGISLATURA (ART. 275 REG. INT.)
PL 129/2020,PL,2020,2020-03-11T00:00:00,2021-01-27T18:57:34,Encerrado-TERMINO DE LEGISLATURA (ART. 275 REG. INT.)
PL 129/2021,PL,2021,2021-03-09T00:00:00,2026-09-29T11:27:00,Encerrado-PROMULGADO
PL 129/2024,PL,2024,2024-03-05T00:00:00,2024-12-05T13:51:00,Encerrado-PROMULGADO
PL 1293/2025,PL,2025,2025-10-22T00:00:00,2026-08-25T16:03:10,APENSADO
PL 1294/2025,PL,2025,2025-10-22T00:00:00,2026-04-15T10:04:00,Encerrado-PROMULGADO
PL 13/2015,PL,2015,2014-12-19T00:00:00,2017-08-23T11:21:00,Encerrado-ILEGALIDADE (ART. 79 REG. INT.)
PL 13/2016,PL,2016,2016-02-02T00:00:00,2018-02-15T11:24:00,Encerrado-PROMULGADO
PL 13/2018,PL,2018,2018-02-01T00:00:00,2019-05-27T12:21:00,Encerrado-PROMULGADO
PL 13/2019,PL,2019,2019-01-11T00:00:00,2021-01-08T12:25:45,Encerrado-TERMINO DE LEGISLATURA (ART. 275 REG. INT.)
PL 13/2021,PL,2021,2021-01-12T00:00:00,2023-12-07T17:37:00,Encerrado-RETIRADO PELO AUTOR
PL 13/2024,PL,2024,2024-01-16T00:00:00,2026-06-09T11:49:00,Encerrado-PROMULGADO
PL 130/2013,PL,2013,2013-03-21T00:00:00,2021-01-14T11:32:00,Encerrado-TERMINO DE LEGISLATURA (ART. 275 REG. INT.)
PL 130/2014,PL,2014,2014-03-26T00:00:00,2015-12-11T12:03:01,Encerrado-ILEGALIDADE (ART. 79 REG. INT.)
PL 130/2015,PL,2015,2015-03-31T00:00:00,2016-05-23T11:37:43,Encerrado-ILEGALIDADE (ART. 79 REG. INT.)
PL 130/2016,PL,2016,2016-03-29T00:00:00,2016-09-21T00:00:00,Encerrado-PROMULGADO
PL 130/2017,PL,2017,2017-03-07T00:00:00,2025-05-29T19:01:00,Encerrado-VETO TOTAL ACEITO
PL 130/2018,PL,2018,2018-03-28T00:00:00,2019-08-09T14:30:00,Encerrado-RETIRADO PELO AUTOR
PL 130/2020,PL,2020,2020-03-11T00:00:00,2021-01-27T18:57:36,Encerrado-TERMINO DE LEGISLATURA (ART. 275 REG. INT.)
PL 130/2021,PL,2021,2021-03-09T00:00:00,2022-04-19T12:00:19,Encerrado-RETIRADO PELO AUTOR
PL 130/2024,PL,2024,2024-03-05T00:00:00,2025-01-21T14:02:46,Encerrado-TERMINO DE LEGISLATURA (ART. 275 REG. INT.)
PL 131/2014,PL,2014,2014-03-26T00:00:00,2015-04-28T00:00:00,Encerrado-PROMULGADO
PL 131/2015,PL,2015,2015-03-31T00:00:00,2015-10-26T00:00:00,Encerrado-PROMULGADO
PL 131/2016,PL,2016,2016-03-30T00:00:00,2017-01-02T17:43:00,Encerrado-TERMINO DE LEGISLATURA (ART. 275 REG. INT.)
PL 131/2017,PL,2017,2017-03-08T00:00:00,2017-12-07T00:00:00,Encerrado-ILEGALIDADE (ART. 79 REG. INT.)
PL 131/2018,PL,2018,2018-04-03T00:00:00,2025-01-13T17:50:00,Encerrado-TERMINO DE LEGISLATURA (ART. 275 REG. INT.)
PL 131/2019,PL,2019,2019-03-12T00:00:00,2020-01-23T10:27:00,Encerrado-PROMULGADO
PL 131/2020,PL,2020,2020-03-11T00:00:00,2021-01-27T18:00:57,Encerrado-TERMINO DE LEGISLATURA (ART. 275 REG. INT.)
PL 131/2021,PL,2021,2021-03-09T00:00:00,2021-08-17T10:53:57,Encerrado-RETIRADO PELO AUTOR
PL 131/2022,PL,2022,2022-03-09T00:00:00,2023-04-24T14:14:00,Encerrado-PROMULGADO
PL 131/2023,PL,2023,2023-03-23T00:00:00,2026-04-07T18:32:00,Encerrado-PROMULGADO
PL 131/2024,PL,2024,2024-03-05T00:00:00,2024-09-11T18:00:00,Encerrado-PROMULGADO
PL 1310/2025,PL,2025,2025-10-23T00:00:00,2026-09-01T14:01:36,APENSADO
PL 1314/2025,PL,2025,2025-10-23T00:00:00,2026-07-17T17:28:42,APENSADO
PL 132/2013,PL,2013,2013-03-21T00:00:00,2021-01-14T11:32:00,Encerrado-TERMINO DE LEGISLATURA (ART. 275 REG. INT.)
PL 132/2014,PL,2014,2014-03-26T00:00:00,2016-09-09T11:16:15,Encerrado-ILEGALIDADE (ART. 79 REG. INT.)
PL 132/2016,PL,2016,2016-03-30T00:00:00,2017-01-02T17:43:00,Encerrado-TERMINO DE LEGISLATURA (ART. 275 REG. INT.)
PL 132/2018,PL,2018,2018-04-03T00:00:00,2025-01-13T17:50:00,Encerrado-TERMINO DE LEGISLATURA (ART. 275 REG. INT.)
PL 132/2019,PL,2019,2019-03-12T00:00:00,2021-01-04T18:32:36,Encerrado-TERMINO DE LEGISLATURA (ART. 275 REG. INT.)
PL 132/2020,PL,2020,2020-03-11T00:00:00,2025-01-13T18:34:00,Encerrado-TERMINO DE LEGISLATURA (ART. 275 REG. INT.)
PL 132/2021,PL,2021,2021-03-09T00:00:00,2021-04-09T21:21:00,Encerrado-RETIRADO PELO AUTOR
PL 132/2022,PL,2022,2022-03-09T00:00:00,2023-01-26T19:01:00,Encerrado-PROMULGADO
PL 132/2024,PL,2024,2024-03-06T00:00:00,2025-01-27T19:53:59,Encerrado-TERMINO DE LEGISLATURA (ART. 275 REG. INT.)
PL 1324/2025,PL,2025,2025-10-28T00:00:00,2026-09-21T12:50:00,Encerrado-PROMULGADO
PL 133/2015,PL,2015,2015-03-31T00:00:00,2015-08-26T00:00:00,Encerrado-PROMULGADO
PL 133/2016,PL,2016,2016-03-30T00:00:00,2017-07-31T18:38:00,Encerrado-RETIRADO PELO AUTOR
PL 133/2019,PL,2019,2019-03-12T00:00:00,2020-11-06T10:22:00,Encerrado-RETIRADO PELO AUTOR
PL 133/2020,PL,2020,2020-03-12T00:00:00,2021-02-16T10:13:00,Encerrado-RETIRADO PELO AUTOR
PL 133/2021,PL,2021,2021-03-09T00:00:00,2025-03-14T15:03:00,Encerrado-VETO TOTAL ACEITO
PL 133/2022,PL,2022,2022-03-10T00:00:00,2026-01-20T13:56:00,Encerrado-PROMULGADO
PL 133/2023,PL,2023,2023-03-23T00:00:00,2025-01-20T22:41:17,Encerrado-TERMINO DE LEGISLATURA (ART. 275 REG. INT.)
PL 133/2026,PL,2026,2026-02-26T00:00:00,2026-09-22T19:00:02,APENSADO
PL 1332/2025,PL,2025,2025-10-28T00:00:00,2025-12-09T11:55:00,Encerrado-RETIRADO PELO AUTOR
PL 1337/2025,PL,2025,2025-10-29T00:00:00,2026-07-16T18:42:00,Encerrado-PROMULGADO
PL 134/2013,PL,2013,2013-03-22T00:00:00,2025-03-26T23:33:00,Encerrado-VETO TOTAL ACEITO
PL 134/2015,PL,2015,2015-04-01T00:00:00,2025-07-01T18:08:00,Encerrado-VETO PARCIAL ACEITO
PL 134/2016,PL,2016,2016-03-31T00:00:00,2025-05-29T19:01:00,Encerrado-VETO TOTAL ACEITO
PL 134/2017,PL,2017,2017-03-09T00:00:00,2020-12-10T17:49:00,Encerrado-PROMULGADO
PL 134/2019,PL,2019,2019-03-12T00:00:00,2021-01-06T22:38:14,Encerrado-TERMINO DE LEGISLATURA (ART. 275 REG. INT.)
PL 134/2020,PL,2020,2020-03-12T00:00:00,2025-03-19T16:53:00,Encerrado-VETO TOTAL ACEITO
PL 134/2021,PL,2021,2021-03-09T00:00:00,2025-01-14T22:44:46,Encerrado-TERMINO DE LEGISLATURA (ART. 275 REG. INT.)
PL 134/2022,PL,2022,2022-03-10T00:00:00,2025-01-21T14:02:48,Encerrado-TERMINO DE LEGISLATURA (ART. 275 REG. INT.)
PL 134/2024,PL,2024,2024-03-06T00:00:00,2025-01-27T19:54:01,Encerrado-TERMINO DE LEGISLATURA (ART. 275 REG. INT.)
PL 134/2025,PL,2025,2025-02-11T00:00:00,2026-01-05T15:31:00,Encerrado-PROMULGADO
PL 135/2013,PL,2013,2013-03-22T00:00:00,2021-05-07T13:34:00,Encerrado-RETIRADO PELO AUTOR
PL 135/2015,PL,2015,2015-04-06T00:00:00,2017-01-03T18:26:00,Encerrado-TERMINO DE LEGISLATURA (ART. 275 REG. INT.)
PL 135/2016,PL,2016,2016-03-31T00:00:00,2019-05-21T09:21:00,Encerrado-PROMULGADO
PL 135/2017,PL,2017,2017-03-09T00:00:00,2017-11-16T17:09:00,Encerrado-PROMULGADO
PL 135/2018,PL,2018,2018-04-03T00:00:00,2019-01-31T09:46:00,Encerrado-PROMULGADO
PL 135/2019,PL,2019,2019-03-13T00:00:00,2019-11-11T00:00:00,APENSADO
PL 135/2020,PL,2020,2020-03-12T00:00:00,2021-04-22T14:57:58,Encerrado-RETIRADO PELO AUTOR
PL 135/2024,PL,2024,2024-03-06T00:00:00,2026-03-11T14:37:00,Encerrado-PROMULGADO
PL 135/2025,PL,2025,2025-02-12T00:00:00,2025-04-07T20:17:00,Encerrado-RETIRADO PELO AUTOR
PL 1356/2025,PL,2025,2025-11-03T00:00:00,2025-11-14T12:07:00,Encerrado-RETIRADO PELO AUTOR
PL 136/2014,PL,2014,2014-03-26T00:00:00,2015-06-02T14:05:19,Encerrado-PROMULGADO
PL 136/2015,PL,2015,2015-04-07T00:00:00,2019-05-02T10:39:00,Encerrado-VETO TOTAL ACEITO
PL 136/2017,PL,2017,2017-03-10T00:00:00,2018-02-15T11:24:00,Encerrado-PROMULGADO
PL 136/2018,PL,2018,2018-04-03T00:00:00,2018-12-05T10:03:00,Encerrado-RETIRADO PELO AUTOR
PL 136/2019,PL,2019,2019-03-13T00:00:00,2019-05-17T14:26:00,Encerrado-RETIRADO PELO AUTOR
PL 136/2020,PL,2020,2020-03-13T00:00:00,2021-09-13T17:51:00,Encerrado-PROMULGADO
PL 136/2021,PL,2021,2021-03-09T00:00:00,2021-09-13T17:51:00,Encerrado-PROMULGADO
PL 1361/2025,PL,2025,2025-11-03T00:00:00,2026-04-10T09:45:00,Encerrado-RETIRADO PELO AUTOR
PL 137/2014,PL,2014,2014-03-26T00:00:00,2021-01-13T16:03:00,Encerrado-TERMINO DE LEGISLATURA (ART. 275 REG. INT.)
PL 137/2015,PL,2015,2015-04-07T00:00:00,2017-01-02T16:02:00,Encerrado-TERMINO DE LEGISLATURA (ART. 275 REG. INT.)
PL 137/2016,PL,2016,2016-03-31T00:00:00,2021-01-04T14:34:09,Encerrado-TERMINO DE LEGISLATURA (ART. 275 REG. INT.)
PL 137/2017,PL,2017,2017-03-10T00:00:00,2018-02-22T10:47:00,Encerrado-PROMULGADO
PL 137/2018,PL,2018,2018-04-04T00:00:00,2019-10-15T00:00:00,APENSADO
PL 137/2019,PL,2019,2019-03-13T00:00:00,2019-10-22T19:13:00,Encerrado-ILEGALIDADE (ART. 79 REG. INT.)
PL 137/2021,PL,2021,2021-03-09T00:00:00,2025-01-14T22:02:12,Encerrado-TERMINO DE LEGISLATURA (ART. 275 REG. INT.)
PL 137/2025,PL,2025,2025-02-12T00:00:00,2026-01-20T13:56:00,Encerrado-PROMULGADO
PL 138/2018,PL,2018,2018-04-04T00:00:00,2019-06-05T09:13:00,Encerrado-PROMULGADO
PL 138/2019,PL,2019,2019-03-13T00:00:00,2021-01-05T13:52:47,Encerrado-TERMINO DE LEGISLATURA (ART. 275 REG. INT.)
PL 138/2022,PL,2022,2022-03-10T00:00:00,2025-01-13T15:49:00,Encerrado-TERMINO DE LEGISLATURA (ART. 275 REG. INT.)
PL 138/2024,PL,2024,2024-03-07T00:00:00,2025-01-22T23:59:52,Encerrado-TERMINO DE LEGISLATURA (ART. 275 REG. INT.)
PL 1382/2025,PL,2025,2025-11-05T00:00:00,2026-08-07T18:56:00,Encerrado-PROMULGADO
PL 139/2015,PL,2015,2015-04-07T00:00:00,2017-01-03T17:01:00,Encerrado-TERMINO DE LEGISLATURA (ART. 275 REG. INT.)
PL 139/2017,PL,2017,2017-03-14T00:00:00,2017-06-26T14:18:00,Encerrado-RETIRADO PELO AUTOR
PL 139/2018,PL,2018,2018-04-05T00:00:00,2019-01-31T09:46:00,Encerrado-PROMULGADO
PL 139/2020,PL,2020,2020-03-16T00:00:00,2023-08-21T16:15:39,Encerrado-RETIRADO PELO AUTOR
PL 139/2021,PL,2021,2021-03-10T00:00:00,2024-01-08T18:06:00,Encerrado-PROMULGADO
PL 139/2022,PL,2022,2022-03-10T00:00:00,2022-09-06T10:05:00,Encerrado-ILEGALIDADE (ART. 79 REG. INT.)
PL 139/2023,PL,2023,2023-03-28T00:00:00,2024-02-02T14:37:00,Encerrado-PROMULGADO
PL 139/2024,PL,2024,2024-03-07T00:00:00,2025-05-06T14:08:35,Encerrado-RETIRADO PELO AUTOR
PL 14/2013,PL,2013,2013-02-05T00:00:00,2019-04-23T09:46:00,Encerrado-VETO TOTAL ACEITO
PL 14/2015,PL,2015,2014-12-19T00:00:00,2017-10-03T11:08:00,Encerrado-ILEGALIDADE (ART. 79 REG. INT.)
PL 14/2016,PL,2016,2016-02-02T00:00:00,2016-07-22T15:05:22,Encerrado-ARQUIVADO
PL 14/2017,PL,2017,2017-01-10T00:00:00,2021-01-12T17:06:00,Encerrado-TERMINO DE LEGISLATURA (ART. 275 REG. INT.)
PL 14/2019,PL,2019,2019-01-11T00:00:00,2020-11-19T16:22:00,Encerrado-ILEGALIDADE (ART. 79 REG. INT.)
PL 14/2022,PL,2022,2022-01-27T00:00:00,2025-11-28T15:31:00,Encerrado-ILEGALIDADE (ART. 79 REG. INT.)
PL 14/2023,PL,2023,2023-01-27T00:00:00,2025-01-17T15:56:07,Encerrado-TERMINO DE LEGISLATURA (ART. 275 REG. INT.)
PL 14/2024,PL,2024,2024-01-16T00:00:00,2025-01-27T16:44:16,Encerrado-TERMINO DE LEGISLATURA (ART. 275 REG. INT.)
PL 14/2025,PL,2025,2025-01-14T00:00:00,2026-06-09T11:49:00,Encerrado-PROMULGADO
PL 140/2014,PL,2014,2014-03-27T00:00:00,2019-10-30T18:43:00,Encerrado-VETO PARCIAL ACEITO
PL 140/2015,PL,2015,2015-04-08T00:00:00,2025-07-01T17:59:00,Encerrado-VETO TOTAL ACEITO
PL 140/2016,PL,2016,2016-04-01T00:00:00,2017-01-10T14:59:00,Encerrado-TERMINO DE LEGISLATURA (ART. 275 REG. INT.)
PL 140/2017,PL,2017,2017-03-14T00:00:00,2019-08-16T18:40:00,Encerrado-RETIRADO PELO AUTOR
PL 140/2018,PL,2018,2018-04-05T00:00:00,2019-10-18T09:58:00,Encerrado-PROMULGADO
PL 140/2020,PL,2020,2020-03-16T00:00:00,2025-01-13T22:17:03,Encerrado-TERMINO DE LEGISLATURA (ART. 275 REG. INT.)
PL 140/2022,PL,2022,2022-03-10T00:00:00,2025-01-16T22:11:49,Encerrado-TERMINO DE LEGISLATURA (ART. 275 REG. INT.)
PL 140/2023,PL,2023,2023-03-28T00:00:00,2026-03-17T18:45:00,Encerrado-RETIRADO PELO AUTOR
PL 140/2026,PL,2026,2026-02-27T00:00:00,2026-09-22T11:14:48,APENSADO
PL 1402/2025,PL,2025,2025-11-11T00:00:00,2026-09-22T19:00:47,APENSADO
PL 1408/2025,PL,2025,2025-11-11T00:00:00,2026-09-01T14:03:02,APENSADO
PL 141/2015,PL,2015,2015-04-09T00:00:00,2017-01-02T13:42:00,Encerrado-TERMINO DE LEGISLATURA (ART. 275 REG. INT.)
PL 141/2017,PL,2017,2017-03-14T00:00:00,2017-05-26T18:26:00,Encerrado-RETIRADO PELO AUTOR
PL 141/2018,PL,2018,2018-04-05T00:00:00,2019-10-14T07:47:00,Encerrado-PROMULGADO
PL 141/2019,PL,2019,2019-03-13T00:00:00,2021-01-06T22:38:18,Encerrado-TERMINO DE LEGISLATURA (ART. 275 REG. INT.)
PL 141/2020,PL,2020,2020-03-16T00:00:00,2021-10-28T13:50:00,Encerrado-PROMULGADO
PL 141/2021,PL,2021,2021-03-10T00:00:00,2025-01-14T20:57:25,Encerrado-TERMINO DE LEGISLATURA (ART. 275 REG. INT.)
PL 141/2022,PL,2022,2022-03-10T00:00:00,2025-09-30T13:20:17,Encerrado-RETIRADO PELO AUTOR
PL 1411/2025,PL,2025,2025-11-12T00:00:00,2025-12-17T12:49:00,Encerrado-PROMULGADO
PL 142/2014,PL,2014,2014-03-27T00:00:00,2017-06-12T11:07:00,Encerrado-ILEGALIDADE (ART. 79 REG. INT.)
PL 142/2015,PL,2015,2015-04-09T00:00:00,2017-01-02T17:37:00,Encerrado-TERMINO DE LEGISLATURA (ART. 275 REG. INT.)
PL 142/2016,PL,2016,2016-04-04T00:00:00,2016-08-05T18:30:58,Encerrado-PROMULGADO
PL 142/2019,PL,2019,2019-03-13T00:00:00,2020-01-23T10:27:00,Encerrado-PROMULGADO
PL 142/2020,PL,2020,2020-03-16T00:00:00,2023-08-21T16:15:40,Encerrado-RETIRADO PELO AUTOR
PL 142/2021,PL,2021,2021-03-11T00:00:00,2025-01-23T12:21:52,Encerrado-TERMINO DE LEGISLATURA (ART. 275 REG. INT.)
PL 142/2022,PL,2022,2022-03-14T00:00:00,2023-07-25T18:32:00,Encerrado-ILEGALIDADE (ART. 79 REG. INT.)
PL 142/2024,PL,2024,2024-03-11T00:00:00,2025-01-20T13:36:00,Encerrado-PROMULGADO
PL 1427/2025,PL,2025,2025-11-14T00:00:00,2026-09-01T14:03:32,APENSADO
PL 143/2014,PL,2014,2014-03-27T00:00:00,2016-04-04T18:10:13,Encerrado-RETIRADO PELO AUTOR
PL 143/2016,PL,2016,2016-04-04T00:00:00,2017-01-02T17:43:00,Encerrado-TERMINO DE LEGISLATURA (ART. 275 REG. INT.)
PL 143/2017,PL,2017,2017-03-14T00:00:00,2025-01-22T12:26:32,Encerrado-TERMINO DE LEGISLATURA (ART. 275 REG. INT.)
PL 143/2018,PL,2018,2018-04-05T00:00:00,2018-07-24T14:42:00,Encerrado-RETIRADO PELO AUTOR
PL 143/2019,PL,2019,2019-03-13T00:00:00,2020-01-15T09:35:00,Encerrado-PROMULGADO
PL 143/2021,PL,2021,2021-03-11T00:00:00,2025-01-23T12:27:58,Encerrado-TERMINO DE LEGISLATURA (ART. 275 REG. INT.)
PL 143/2022,PL,2022,2022-03-14T00:00:00,2023-04-24T18:24:23,APENSADO
PL 143/2023,PL,2023,2023-03-29T00:00:00,2026-06-09T11:49:00,Encerrado-PROMULGADO
PL 143/2024,PL,2024,2024-03-12T00:00:00,2024-07-30T15:10:16,APENSADO
PL 1431/2025,PL,2025,2025-11-18T00:00:00,2026-06-19T09:33:00,Encerrado-PROMULGADO
PL 1432/2025,PL,2025,2025-11-18T00:00:00,2026-01-20T13:56:00,Encerrado-PROMULGADO
PL 1434/2025,PL,2025,2025-11-24T00:00:00,2026-06-19T09:33:00,Encerrado-PROMULGADO
PL 144/2014,PL,2014,2014-03-27T00:00:00,2021-01-13T16:03:00,Encerrado-TERMINO DE LEGISLATURA (ART. 275 REG. INT.)
PL 144/2015,PL,2015,2015-04-13T00:00:00,2025-01-13T15:40:00,Encerrado-TERMINO DE LEGISLATURA (ART. 275 REG. INT.)
PL 144/2017,PL,2017,2017-03-14T00:00:00,2018-03-28T10:26:00,Encerrado-PROMULGADO
PL 144/2020,PL,2020,2020-03-17T00:00:00,2022-01-20T12:50:00,Encerrado-ILEGALIDADE (ART. 79 REG. INT.)
PL 144/2021,PL,2021,2021-03-11T00:00:00,2024-04-04T11:55:00,Encerrado-ILEGALIDADE (ART. 79 REG. INT.)
PL 144/2022,PL,2022,2022-03-14T00:00:00,2025-01-16T22:16:28,Encerrado-TERMINO DE LEGISLATURA (ART. 275 REG. INT.)
PL 144/2024,PL,2024,2024-03-12T00:00:00,2025-09-16T10:56:00,Encerrado-ARQUIVADO
PL 1446/2025,PL,2025,2025-11-24T00:00:00,2026-01-05T16:09:00,Encerrado-PROMULGADO
PL 1447/2025,PL,2025,2025-11-24T00:00:00,2026-01-20T13:56:00,Encerrado-PROMULGADO
PL 145/2015,PL,2015,2015-04-13T00:00:00,2015-11-23T00:00:00,Encerrado-PROMULGADO
PL 145/2016,PL,2016,2016-04-05T00:00:00,2017-01-02T12:58:00,Encerrado-TERMINO DE LEGISLATURA (ART. 275 REG. INT.)
PL 145/2017,PL,2017,2017-03-14T00:00:00,2017-11-17T12:23:00,Encerrado-PROMULGADO
PL 145/2019,PL,2019,2019-03-13T00:00:00,2019-12-04T08:49:00,Encerrado-PROMULGADO
PL 145/2020,PL,2020,2020-03-17T00:00:00,2025-01-13T22:36:48,Encerrado-TERMINO DE LEGISLATURA (ART. 275 REG. INT.)
PL 145/2021,PL,2021,2021-03-11T00:00:00,2021-12-15T14:06:53,Encerrado-RETIRADO PELO AUTOR
PL 145/2022,PL,2022,2022-03-15T00:00:00,2024-06-25T16:42:11,Encerrado-RETIRADO PELO AUTOR
PL 145/2023,PL,2023,2023-03-30T00:00:00,2025-04-04T16:30:26,Encerrado-RETIRADO PELO AUTOR
PL 146/2014,PL,2014,2014-03-31T00:00:00,2017-01-02T17:11:00,Encerrado-TERMINO DE LEGISLATURA (ART. 275 REG. INT.)
PL 146/2015,PL,2015,2015-04-13T00:00:00,2015-10-09T14:43:33,Encerrado-PROMULGADO
PL 146/2016,PL,2016,2016-04-05T00:00:00,2021-01-13T14:53:00,Encerrado-TERMINO DE LEGISLATURA (ART. 275 REG. INT.)
PL 146/2017,PL,2017,2017-03-10T00:00:00,2017-11-08T10:00:00,Encerrado-PROMULGADO
PL 146/2018,PL,2018,2018-04-06T00:00:00,2025-01-13T17:50:00,Encerrado-TERMINO DE LEGISLATURA (ART. 275 REG. INT.)
PL 146/2020,PL,2020,2020-03-17T00:00:00,2025-01-13T18:34:00,Encerrado-TERMINO DE LEGISLATURA (ART. 275 REG. INT.)
PL 146/2021,PL,2021,2021-03-11T00:00:00,2025-01-13T16:45:00,Encerrado-TERMINO DE LEGISLATURA (ART. 275 REG. INT.)
PL 146/2022,PL,2022,2022-03-15T00:00:00,2022-10-14T10:25:00,Encerrado-RETIRADO PELO AUTOR
PL 146/2024,PL,2024,2024-03-12T00:00:00,2025-01-21T18:21:00,Encerrado-TERMINO DE LEGISLATURA (ART. 275 REG. INT.)
PL 146/2026,PL,2026,2026-03-02T00:00:00,2026-03-05T16:32:00,Encerrado-RETIRADO PELO AUTOR
PL 147/2016,PL,2016,2016-04-05T00:00:00,2016-09-21T00:00:00,Encerrado-PROMULGADO
PL 147/2017,PL,2017,2017-03-14T00:00:00,2021-01-08T12:25:19,Encerrado-TERMINO DE LEGISLATURA (ART. 275 REG. INT.)
PL 147/2018,PL,2018,2018-04-06T00:00:00,2021-01-05T13:13:58,Encerrado-TERMINO DE LEGISLATURA (ART. 275 REG. INT.)
PL 147/2020,PL,2020,2020-03-17T00:00:00,2021-10-18T14:50:00,Encerrado-RETIRADO PELO AUTOR
PL 147/2022,PL,2022,2022-03-15T00:00:00,2025-05-13T13:56:17,Encerrado-RETIRADO PELO AUTOR
PL 147/2024,PL,2024,2024-03-12T00:00:00,2024-04-18T15:52:00,Encerrado-PROMULGADO
PL 147/2026,PL,2026,2026-03-02T00:00:00,2026-03-05T16:32:00,Encerrado-RETIRADO PELO AUTOR
PL 148/2013,PL,2013,2013-03-25T00:00:00,2017-01-23T16:10:00,Encerrado-TERMINO DE LEGISLATURA (ART. 275 REG. INT.)
PL 148/2014,PL,2014,2014-04-01T00:00:00,2015-06-30T00:00:00,Encerrado-PROMULGADO
PL 148/2015,PL,2015,2015-04-13T00:00:00,2017-01-02T16:02:00,Encerrado-TERMINO DE LEGISLATURA (ART. 275 REG. INT.)
PL 148/2016,PL,2016,2016-04-05T00:00:00,2016-11-07T00:00:00,Encerrado-PROMULGADO
PL 148/2017,PL,2017,2017-03-14T00:00:00,2018-08-16T00:00:00,Encerrado-ILEGALIDADE (ART. 79 REG. INT.)
PL 148/2018,PL,2018,2018-04-06T00:00:00,2025-01-22T15:17:50,Encerrado-TERMINO DE LEGISLATURA (ART. 275 REG. INT.)
PL 148/2019,PL,2019,2019-03-13T00:00:00,2025-01-22T19:16:10,Encerrado-TERMINO DE LEGISLATURA (ART. 275 REG. INT.)
PL 148/2022,PL,2022,2022-03-15T00:00:00,2025-01-16T22:19:52,Encerrado-TERMINO DE LEGISLATURA (ART. 275 REG. INT.)
PL 148/2023,PL,2023,2023-03-30T00:00:00,2023-05-29T13:52:00,Encerrado-PROMULGADO
PL 1486/2025,PL,2025,2025-12-03T00:00:00,2026-09-18T19:10:00,Encerrado-PROMULGADO
PL 1487/2025,PL,2025,2025-12-03T00:00:00,2026-08-10T15:15:00,Encerrado-PROMULGADO
PL 149/2014,PL,2014,2014-04-01T00:00:00,2025-05-22T19:39:00,Encerrado-VETO TOTAL ACEITO
PL 149/2015,PL,2015,2015-04-14T00:00:00,2019-10-08T15:45:00,Encerrado-VETO TOTAL ACEITO
PL 149/2016,PL,2016,2016-04-05T00:00:00,2017-06-05T00:00:00,Encerrado-PROMULGADO
PL 149/2020,PL,2020,2020-03-17T00:00:00,2025-01-21T14:02:50,Encerrado-TERMINO DE LEGISLATURA (ART. 275 REG. INT.)
PL 149/2023,PL,2023,2023-03-31T00:00:00,2024-04-24T13:26:00,Encerrado-PROMULGADO
PL 149/2024,PL,2024,2024-03-13T00:00:00,2025-01-22T23:33:04,Encerrado-TERMINO DE LEGISLATURA (ART. 275 REG. INT.)
PL 15/2014,PL,2014,2014-02-05T00:00:00,2025-01-13T15:10:00,Encerrado-TERMINO DE LEGISLATURA (ART. 275 REG. INT.)
PL 15/2015,PL,2015,2014-12-19T00:00:00,2025-05-22T19:31:00,Encerrado-VETO TOTAL ACEITO
PL 15/2016,PL,2016,2016-02-02T00:00:00,2016-07-22T15:07:05,Encerrado-ARQUIVADO
PL 15/2018,PL,2018,2018-02-02T00:00:00,2020-08-11T17:15:00,Encerrado-PROMULGADO
PL 15/2019,PL,2019,2019-01-11T00:00:00,2025-01-22T14:01:03,Encerrado-TERMINO DE LEGISLATURA (ART. 275 REG. INT.)
PL 15/2020,PL,2020,2020-02-04T00:00:00,2021-01-30T03:10:27,Encerrado-TERMINO DE LEGISLATURA (ART. 275 REG. INT.)
PL 15/2022,PL,2022,2022-01-27T00:00:00,2025-01-16T21:58:24,Encerrado-TERMINO DE LEGISLATURA (ART. 275 REG. INT.)
PL 15/2023,PL,2023,2023-01-30T00:00:00,2024-07-16T19:22:00,Encerrado-PROMULGADO
PL 150/2014,PL,2014,2014-04-01T00:00:00,2021-01-13T16:03:00,Encerrado-TERMINO DE LEGISLATURA (ART. 275 REG. INT.)
PL 150/2016,PL,2016,2016-04-05T00:00:00,2025-03-12T14:05:00,Encerrado-VETO TOTAL ACEITO
PL 150/2018,PL,2018,2018-04-10T00:00:00,2025-05-29T19:01:00,Encerrado-VETO TOTAL ACEITO
PL 150/2020,PL,2020,2020-03-17T00:00:00,2022-05-19T13:30:00,Encerrado-PROMULGADO
PL 150/2021,PL,2021,2021-03-12T00:00:00,2023-08-21T16:01:22,Encerrado-RETIRADO PELO AUTOR
PL 150/2022,PL,2022,2022-03-15T00:00:00,2022-04-11T18:41:00,Encerrado-RETIRADO PELO AUTOR
PL 1507/2025,PL,2025,2025-12-09T00:00:00,2026-07-17T17:25:35,APENSADO
PL 151/2013,PL,2013,2013-03-25T00:00:00,2025-01-13T14:05:00,Encerrado-TERMINO DE LEGISLATURA (ART. 275 REG. INT.)
PL 151/2014,PL,2014,2014-04-02T00:00:00,2025-05-22T19:40:00,Encerrado-VETO TOTAL ACEITO
PL 151/2015,PL,2015,2015-04-14T00:00:00,2025-01-13T15:40:00,Encerrado-TERMINO DE LEGISLATURA (ART. 275 REG. INT.)
PL 151/2016,PL,2016,2016-04-06T00:00:00,2016-12-15T00:00:00,Encerrado-PROMULGADO
PL 151/2017,PL,2017,2017-03-14T00:00:00,2017-12-18T18:30:00,Encerrado-PROMULGADO
PL 151/2019,PL,2019,2019-03-13T00:00:00,2025-07-07T16:50:00,Encerrado-VETO PARCIAL ACEITO
PL 151/2020,PL,2020,2020-03-17T00:00:00,2025-01-13T22:32:23,Encerrado-TERMINO DE LEGISLATURA (ART. 275 REG. INT.)
PL 151/2024,PL,2024,2024-03-13T00:00:00,2025-10-29T12:06:00,Encerrado-PROMULGADO
PL 151/2025,PL,2025,2025-02-13T00:00:00,2026-07-17T17:41:15,APENSADO
PL 1514/2025,PL,2025,2025-12-11T00:00:00,2026-09-01T14:02:38,APENSADO
PL 152/2013,PL,2013,2013-03-26T00:00:00,2019-06-07T13:25:00,Encerrado-VETO PARCIAL ACEITO
PL 152/2014,PL,2014,2014-04-02T00:00:00,2017-01-02T18:28:00,Encerrado-TERMINO DE LEGISLATURA (ART. 275 REG. INT.)
PL 152/2015,PL,2015,2015-04-14T00:00:00,2015-10-26T00:00:00,Encerrado-PROMULGADO
PL 152/2016,PL,2016,2016-04-07T00:00:00,2019-10-21T08:50:00,Encerrado-PROMULGADO
PL 152/2019,PL,2019,2019-03-14T00:00:00,2019-09-12T14:20:00,Encerrado-ILEGALIDADE (ART. 79 REG. INT.)
PL 152/2020,PL,2020,2020-03-17T00:00:00,2022-06-07T15:56:31,Encerrado-RETIRADO PELO AUTOR
PL 152/2021,PL,2021,2021-03-12T00:00:00,2024-04-04T11:55:00,Encerrado-ILEGALIDADE (ART. 79 REG. INT.)
PL 152/2022,PL,2022,2022-03-15T00:00:00,2022-03-22T19:01:00,Encerrado-RETIRADO PELO AUTOR
PL 153/2014,PL,2014,2014-04-02T00:00:00,2017-01-02T17:11:00,Encerrado-TERMINO DE LEGISLATURA (ART. 275 REG. INT.)
PL 153/2015,PL,2015,2015-04-14T00:00:00,2019-04-23T09:33:00,Encerrado-VETO TOTAL ACEITO
PL 153/2016,PL,2016,2016-04-07T00:00:00,2025-05-29T19:01:00,Encerrado-VETO TOTAL ACEITO
PL 153/2018,PL,2018,2018-04-10T00:00:00,2019-05-27T12:21:00,Encerrado-PROMULGADO
PL 153/2019,PL,2019,2019-03-14T00:00:00,2019-07-01T18:47:00,Encerrado-ILEGALIDADE (ART. 79 REG. INT.)
PL 153/2020,PL,2020,2020-03-17T00:00:00,2021-09-13T17:51:00,Encerrado-PROMULGADO
PL 153/2022,PL,2022,2022-03-15T00:00:00,2026-01-20T13:56:00,Encerrado-PROMULGADO
PL 1530/2025,PL,2025,2025-12-15T00:00:00,2026-04-10T09:45:00,Encerrado-RETIRADO PELO AUTOR
PL 1533/2025,PL,2025,2025-12-15T00:00:00,2026-09-24T16:10:00,Encerrado-RETIRADO PELO AUTOR
PL 154/2014,PL,2014,2014-04-02T00:00:00,2017-01-02T18:28:00,Encerrado-TERMINO DE LEGISLATURA (ART. 275 REG. INT.)
PL 154/2016,PL,2016,2016-04-07T00:00:00,2017-01-02T14:12:00,Encerrado-TERMINO DE LEGISLATURA (ART. 275 REG. INT.)
PL 154/2018,PL,2018,2018-04-10T00:00:00,2021-01-05T21:39:51,Encerrado-TERMINO DE LEGISLATURA (ART. 275 REG. INT.)
PL 154/2019,PL,2019,2019-03-14T00:00:00,2025-01-13T19:08:00,Encerrado-TERMINO DE LEGISLATURA (ART. 275 REG. INT.)
PL 154/2020,PL,2020,2020-03-17T00:00:00,2025-01-21T14:01:23,Encerrado-TERMINO DE LEGISLATURA (ART. 275 REG. INT.)
PL 154/2021,PL,2021,2021-03-15T00:00:00,2022-02-01T14:30:00,Encerrado-PROMULGADO
PL 154/2022,PL,2022,2022-03-15T00:00:00,2022-06-08T15:08:23,APENSADO
PL 154/2023,PL,2023,2023-04-04T00:00:00,2024-12-17T20:27:29,Encerrado-RETIRADO PELO AUTOR
PL 154/2025,PL,2025,2025-02-13T00:00:00,2025-12-17T12:49:00,Encerrado-PROMULGADO
PL 155/2014,PL,2014,2014-04-02T00:00:00,2015-04-23T00:00:00,Encerrado-PROMULGADO
PL 155/2015,PL,2015,2015-04-15T00:00:00,2019-09-25T09:47:00,Encerrado-VETO TOTAL ACEITO
PL 155/2016,PL,2016,2016-04-07T00:00:00,2021-01-13T14:53:00,Encerrado-TERMINO DE LEGISLATURA (ART. 275 REG. INT.)
PL 155/2019,PL,2019,2019-03-14T00:00:00,2019-05-06T14:14:00,Encerrado-RETIRADO PELO AUTOR
PL 155/2020,PL,2020,2020-03-18T00:00:00,2025-01-13T18:37:00,Encerrado-TERMINO DE LEGISLATURA (ART. 275 REG. INT.)
PL 155/2021,PL,2021,2021-03-15T00:00:00,2025-11-28T15:31:00,Encerrado-ILEGALIDADE (ART. 79 REG. INT.)
PL 155/2023,PL,2023,2023-04-05T00:00:00,2024-04-04T11:55:00,Encerrado-ILEGALIDADE (ART. 79 REG. INT.)
PL 155/2024,PL,2024,2024-03-13T00:00:00,2024-04-18T15:52:00,Encerrado-PROMULGADO
PL 155/2026,PL,2026,2026-03-04T00:00:00,2026-09-14T12:52:00,Encerrado-PROMULGADO
PL 156/2013,PL,2013,2013-03-27T00:00:00,2021-01-14T11:32:00,Encerrado-TERMINO DE LEGISLATURA (ART. 275 REG. INT.)
PL 156/2015,PL,2015,2015-04-15T00:00:00,2019-04-18T09:02:00,Encerrado-VETO PARCIAL ACEITO
PL 156/2016,PL,2016,2016-04-07T00:00:00,2021-01-05T14:30:53,Encerrado-TERMINO DE LEGISLATURA (ART. 275 REG. INT.)
PL 156/2017,PL,2017,2017-03-15T00:00:00,2025-01-13T16:29:00,Encerrado-TERMINO DE LEGISLATURA (ART. 275 REG. INT.)
PL 156/2018,PL,2018,2018-04-11T00:00:00,2025-01-13T17:50:00,Encerrado-TERMINO DE LEGISLATURA (ART. 275 REG. INT.)
PL 156/2019,PL,2019,2019-03-14T00:00:00,2020-02-06T11:39:00,Encerrado-PROMULGADO
PL 156/2020,PL,2020,2020-03-18T00:00:00,2025-01-13T22:36:47,Encerrado-TERMINO DE LEGISLATURA (ART. 275 REG. INT.)
PL 156/2025,PL,2025,2025-02-13T00:00:00,2026-04-07T16:59:00,Encerrado-PROMULGADO
PL 1562/2025,PL,2025,2025-12-18T00:00:00,2026-08-19T13:38:27,Encerrado-RETIRADO PELO AUTOR
PL 157/2015,PL,2015,2015-04-15T00:00:00,2015-08-11T11:39:49,Encerrado-PROMULGADO
PL 157/2016,PL,2016,2016-04-07T00:00:00,2017-01-02T17:43:00,Encerrado-TERMINO DE LEGISLATURA (ART. 275 REG. INT.)
PL 157/2019,PL,2019,2019-03-14T00:00:00,2019-09-26T18:04:00,Encerrado-ILEGALIDADE (ART. 79 REG. INT.)
PL 157/2020,PL,2020,2020-03-18T00:00:00,2021-01-13T17:07:41,Encerrado-TERMINO DE LEGISLATURA (ART. 275 REG. INT.)
PL 157/2021,PL,2021,2021-03-15T00:00:00,2025-01-14T22:34:39,Encerrado-TERMINO DE LEGISLATURA (ART. 275 REG. INT.)
PL 157/2022,PL,2022,2022-03-16T00:00:00,2022-10-14T10:28:00,Encerrado-RETIRADO PELO AUTOR
PL 157/2024,PL,2024,2024-03-14T00:00:00,2024-09-20T18:40:25,Encerrado-RETIRADO PELO AUTOR
PL 158/2013,PL,2013,2013-03-27T00:00:00,2025-03-19T16:53:00,Encerrado-VETO TOTAL ACEITO
PL 158/2014,PL,2014,2014-04-02T00:00:00,2015-12-02T11:50:02,Encerrado-PROMULGADO
PL 158/2015,PL,2015,2015-04-15T00:00:00,2015-12-03T15:10:55,Encerrado-PROMULGADO
PL 158/2016,PL,2016,2016-04-07T00:00:00,2016-09-26T12:30:59,Encerrado-PROMULGADO
PL 158/2017,PL,2017,2017-03-15T00:00:00,2017-05-16T00:00:00,Encerrado-PROMULGADO
PL 158/2020,PL,2020,2020-03-18T00:00:00,2021-01-27T18:57:40,Encerrado-TERMINO DE LEGISLATURA (ART. 275 REG. INT.)
PL 158/2021,PL,2021,2021-03-15T00:00:00,2021-10-08T17:25:00,Encerrado-PROMULGADO
PL 158/2025,PL,2025,2025-02-13T00:00:00,2025-12-17T12:37:41,APENSADO
PL 158/2026,PL,2026,2026-03-04T00:00:00,2026-09-01T14:01:05,APENSADO
PL 159/2013,PL,2013,2013-03-27T00:00:00,2019-04-15T08:54:00,Encerrado-VETO TOTAL ACEITO
PL 159/2014,PL,2014,2014-04-03T00:00:00,2015-06-30T00:00:00,Encerrado-PROMULGADO
PL 159/2015,PL,2015,2015-04-15T00:00:00,2016-03-10T00:00:00,Encerrado-PROMULGADO
PL 159/2016,PL,2016,2016-04-08T00:00:00,2017-01-02T17:43:00,Encerrado-TERMINO DE LEGISLATURA (ART. 275 REG. INT.)
PL 159/2017,PL,2017,2017-03-15T00:00:00,2017-05-16T00:00:00,Encerrado-PROMULGADO
PL 159/2018,PL,2018,2018-04-12T00:00:00,2025-01-10T17:50:05,Encerrado-TERMINO DE LEGISLATURA (ART. 275 REG. INT.)
PL 159/2020,PL,2020,2020-03-18T00:00:00,2025-01-13T18:37:00,Encerrado-TERMINO DE LEGISLATURA (ART. 275 REG. INT.)
PL 159/2023,PL,2023,2023-04-06T00:00:00,2023-04-20T18:57:00,Encerrado-RETIRADO PELO AUTOR
PL 159/2024,PL,2024,2024-03-14T00:00:00,2024-05-06T12:00:36,Encerrado-RETIRADO PELO AUTOR
PL 16/2015,PL,2015,2015-01-21T00:00:00,2016-06-13T11:24:55,Encerrado-ILEGALIDADE (ART. 79 REG. INT.)
PL 16/2016,PL,2016,2016-02-02T00:00:00,2017-11-08T10:00:00,Encerrado-PROMULGADO
PL 16/2018,PL,2018,2018-02-02T00:00:00,2018-05-24T18:00:00,Encerrado-RETIRADO PELO AUTOR
PL 16/2019,PL,2019,2019-01-11T00:00:00,2021-02-22T14:08:00,Encerrado-TERMINO DE LEGISLATURA (ART. 275 REG. INT.)
PL 16/2020,PL,2020,2020-02-04T00:00:00,2021-01-30T03:10:29,Encerrado-TERMINO DE LEGISLATURA (ART. 275 REG. INT.)
PL 16/2022,PL,2022,2022-01-27T00:00:00,2022-03-16T18:47:00,Encerrado-RETIRADO PELO AUTOR
PL 16/2024,PL,2024,2024-01-17T00:00:00,2025-01-23T01:51:32,Encerrado-TERMINO DE LEGISLATURA (ART. 275 REG. INT.)
PL 160/2014,PL,2014,2014-04-03T00:00:00,2017-01-04T17:50:00,Encerrado-TERMINO DE LEGISLATURA (ART. 275 REG. INT.)
PL 160/2015,PL,2015,2015-04-15T00:00:00,2016-07-12T00:00:00,Encerrado-PROMULGADO
PL 160/2016,PL,2016,2016-04-11T00:00:00,2017-01-02T17:51:00,Encerrado-TERMINO DE LEGISLATURA (ART. 275 REG. INT.)
PL 160/2017,PL,2017,2017-03-15T00:00:00,2025-05-29T19:01:00,Encerrado-VETO TOTAL ACEITO
PL 160/2018,PL,2018,2018-04-12T00:00:00,2019-05-29T08:45:00,Encerrado-PROMULGADO
PL 160/2020,PL,2020,2020-03-18T00:00:00,2025-01-21T14:01:25,Encerrado-TERMINO DE LEGISLATURA (ART. 275 REG. INT.)
PL 160/2024,PL,2024,2024-03-15T00:00:00,2025-11-28T15:31:00,Encerrado-ILEGALIDADE (ART. 79 REG. INT.)
PL 161/2013,PL,2013,2013-04-02T00:00:00,2018-01-24T09:12:00,Encerrado-PROMULGADO
PL 161/2014,PL,2014,2014-04-03T00:00:00,2017-01-02T12:00:00,Encerrado-TERMINO DE LEGISLATURA (ART. 275 REG. INT.)
PL 161/2015,PL,2015,2015-04-16T00:00:00,2016-01-04T00:00:00,Encerrado-PROMULGADO
PL 161/2016,PL,2016,2016-04-11T00:00:00,2021-01-26T18:41:56,Encerrado-TERMINO DE LEGISLATURA (ART. 275 REG. INT.)
PL 161/2017,PL,2017,2017-03-16T00:00:00,2017-12-07T00:00:00,Encerrado-ILEGALIDADE (ART. 79 REG. INT.)
PL 161/2018,PL,2018,2018-04-12T00:00:00,2019-07-25T08:20:00,Encerrado-PROMULGADO
PL 161/2020,PL,2020,2020-03-18T00:00:00,2023-08-21T16:15:41,Encerrado-RETIRADO PELO AUTOR
PL 161/2022,PL,2022,2022-03-17T00:00:00,2025-01-16T22:37:20,Encerrado-TERMINO DE LEGISLATURA (ART. 275 REG. INT.)
PL 161/2024,PL,2024,2024-03-15T00:00:00,2025-01-23T01:33:39,Encerrado-TERMINO DE LEGISLATURA (ART. 275 REG. INT.)
PL 162/2013,PL,2013,2013-03-27T00:00:00,2016-03-18T18:50:00,Encerrado-RETIRADO PELO AUTOR
PL 162/2014,PL,2014,2014-04-03T00:00:00,2021-01-26T18:37:51,Encerrado-TERMINO DE LEGISLATURA (ART. 275 REG. INT.)
PL 162/2015,PL,2015,2015-04-16T00:00:00,2025-01-13T15:40:00,Encerrado-TERMINO DE LEGISLATURA (ART. 275 REG. INT.)
PL 162/2016,PL,2016,2016-04-11T00:00:00,2017-01-02T17:51:00,Encerrado-TERMINO DE LEGISLATURA (ART. 275 REG. INT.)
PL 162/2017,PL,2017,2017-03-16T00:00:00,2017-12-07T00:00:00,Encerrado-ILEGALIDADE (ART. 79 REG. INT.)
PL 162/2018,PL,2018,2018-04-12T00:00:00,2019-06-03T16:32:00,Encerrado-RETIRADO PELO AUTOR
PL 162/2020,PL,2020,2020-03-18T00:00:00,2023-08-21T16:15:42,Encerrado-RETIRADO PELO AUTOR
PL 162/2021,PL,2021,2021-03-15T00:00:00,2021-11-09T13:25:49,Encerrado-RETIRADO PELO AUTOR
PL 162/2022,PL,2022,2022-03-17T00:00:00,2025-01-16T22:34:00,Encerrado-TERMINO DE LEGISLATURA (ART. 275 REG. INT.)
PL 162/2023,PL,2023,2023-04-06T00:00:00,2025-01-20T22:55:43,Encerrado-TERMINO DE LEGISLATURA (ART. 275 REG. INT.)
PL 162/2024,PL,2024,2024-03-18T00:00:00,2025-12-11T10:31:00,Encerrado-PROMULGADO
PL 163/2014,PL,2014,2014-04-08T00:00:00,2016-03-30T00:00:00,Encerrado-PROMULGADO
PL 163/2015,PL,2015,2015-04-16T00:00:00,2017-01-04T13:03:00,Encerrado-TERMINO DE LEGISLATURA (ART. 275 REG. INT.)
PL 163/2016,PL,2016,2016-04-11T00:00:00,2021-01-13T14:53:00,Encerrado-TERMINO DE LEGISLATURA (ART. 275 REG. INT.)
PL 163/2017,PL,2017,2017-03-16T00:00:00,2018-02-09T09:55:00,Encerrado-PROMULGADO
PL 163/2018,PL,2018,2018-04-13T00:00:00,2019-05-10T16:30:00,Encerrado-ILEGALIDADE (ART. 79 REG. INT.)
PL 163/2023,PL,2023,2023-04-06T00:00:00,2023-07-14T13:50:30,Encerrado-RETIRADO PELO AUTOR
PL 163/2024,PL,2024,2024-03-18T00:00:00,2024-05-03T18:39:00,Encerrado-PROMULGADO
PL 164/2014,PL,2014,2014-04-08T00:00:00,2017-01-02T18:28:00,Encerrado-TERMINO DE LEGISLATURA (ART. 275 REG. INT.)
PL 164/2015,PL,2015,2015-04-16T00:00:00,2017-01-02T16:10:00,Encerrado-TERMINO DE LEGISLATURA (ART. 275 REG. INT.)
PL 164/2016,PL,2016,2016-04-12T00:00:00,2021-01-05T14:30:48,Encerrado-TERMINO DE LEGISLATURA (ART. 275 REG. INT.)
PL 164/2017,PL,2017,2017-03-17T00:00:00,2018-03-28T10:26:00,Encerrado-PROMULGADO
PL 164/2018,PL,2018,2018-04-13T00:00:00,2019-07-18T08:22:00,Encerrado-PROMULGADO
PL 164/2019,PL,2019,2019-03-15T00:00:00,2019-11-11T18:57:00,Encerrado-ILEGALIDADE (ART. 79 REG. INT.)
PL 164/2020,PL,2020,2020-03-19T00:00:00,2021-01-27T18:57:27,Encerrado-TERMINO DE LEGISLATURA (ART. 275 REG. INT.)
PL 164/2021,PL,2021,2021-03-16T00:00:00,2025-01-13T16:45:00,Encerrado-TERMINO DE LEGISLATURA (ART. 275 REG. INT.)
PL 164/2022,PL,2022,2022-03-17T00:00:00,2025-01-23T15:27:23,Encerrado-TERMINO DE LEGISLATURA (ART. 275 REG. INT.)
PL 164/2023,PL,2023,2023-04-06T00:00:00,2023-04-12T15:44:00,Encerrado-RETIRADO PELO AUTOR
PL 164/2024,PL,2024,2024-03-19T00:00:00,2026-06-09T11:49:00,Encerrado-PROMULGADO
PL 165/2013,PL,2013,2013-03-27T00:00:00,2017-01-02T16:07:00,Encerrado-TERMINO DE LEGISLATURA (ART. 275 REG. INT.)
PL 165/2014,PL,2014,2014-04-09T00:00:00,2017-01-02T18:28:00,Encerrado-TERMINO DE LEGISLATURA (ART. 275 REG. INT.)
PL 165/2015,PL,2015,2015-04-16T00:00:00,2025-05-29T19:01:00,Encerrado-VETO TOTAL ACEITO
PL 165/2016,PL,2016,2016-04-12T00:00:00,2019-09-25T09:47:00,Encerrado-VETO TOTAL ACEITO
PL 165/2019,PL,2019,2019-03-15T00:00:00,2025-01-09T12:19:17,Encerrado-TERMINO DE LEGISLATURA (ART. 275 REG. INT.)
PL 165/2020,PL,2020,2020-03-19T00:00:00,2021-01-27T18:57:23,Encerrado-TERMINO DE LEGISLATURA (ART. 275 REG. INT.)
PL 165/2022,PL,2022,2022-03-17T00:00:00,2022-06-08T14:56:59,APENSADO
PL 165/2023,PL,2023,2023-04-06T00:00:00,2025-01-28T18:05:47,Encerrado-TERMINO DE LEGISLATURA (ART. 275 REG. INT.)
PL 166/2015,PL,2015,2015-04-16T00:00:00,2017-01-02T16:07:00,Encerrado-TERMINO DE LEGISLATURA (ART. 275 REG. INT.)
PL 166/2016,PL,2016,2016-04-12T00:00:00,2017-05-15T00:00:00,Encerrado-PROMULGADO
PL 166/2017,PL,2017,2017-03-21T00:00:00,2021-01-12T17:06:00,Encerrado-TERMINO DE LEGISLATURA (ART. 275 REG. INT.)
PL 166/2018,PL,2018,2018-04-13T00:00:00,2020-12-03T16:53:00,Encerrado-PROMULGADO
PL 166/2019,PL,2019,2019-03-19T00:00:00,2025-01-21T14:01:26,Encerrado-TERMINO DE LEGISLATURA (ART. 275 REG. INT.)
PL 166/2020,PL,2020,2020-03-19T00:00:00,2021-01-27T18:57:31,Encerrado-TERMINO DE LEGISLATURA (ART. 275 REG. INT.)
PL 166/2021,PL,2021,2021-03-16T00:00:00,2025-11-28T15:31:00,Encerrado-ILEGALIDADE (ART. 79 REG. INT.)
PL 166/2022,PL,2022,2022-03-18T00:00:00,2025-01-16T22:33:59,Encerrado-TERMINO DE LEGISLATURA (ART. 275 REG. INT.)
PL 166/2023,PL,2023,2023-04-06T00:00:00,2024-12-05T13:59:00,Encerrado-PROMULGADO
PL 166/2026,PL,2026,2026-03-06T00:00:00,2026-08-05T14:47:00,Encerrado-RETIRADO PELO AUTOR
PL 167/2014,PL,2014,2014-04-09T00:00:00,2025-05-22T19:35:00,Encerrado-VETO TOTAL ACEITO
PL 167/2016,PL,2016,2016-04-12T00:00:00,2016-09-26T12:31:02,Encerrado-PROMULGADO
PL 167/2017,PL,2017,2017-03-21T00:00:00,2017-12-07T00:00:00,Encerrado-ILEGALIDADE (ART. 79 REG. INT.)
PL 167/2018,PL,2018,2018-04-13T00:00:00,2019-05-31T17:02:00,Encerrado-VETO PARCIAL ACEITO
PL 167/2019,PL,2019,2019-03-19T00:00:00,2025-01-13T19:08:00,Encerrado-TERMINO DE LEGISLATURA (ART. 275 REG. INT.)
PL 167/2020,PL,2020,2020-03-19T00:00:00,2023-08-21T16:15:43,Encerrado-RETIRADO PELO AUTOR
PL 167/2022,PL,2022,2022-03-18T00:00:00,2023-05-05T14:48:00,Encerrado-PROMULGADO
PL 167/2023,PL,2023,2023-04-06T00:00:00,2025-01-14T10:34:02,Encerrado-TERMINO DE LEGISLATURA (ART. 275 REG. INT.)
PL 168/2013,PL,2013,2013-03-27T00:00:00,2022-02-02T18:56:00,Encerrado-TERMINO DE LEGISLATURA (ART. 275 REG. INT.)
PL 168/2014,PL,2014,2014-04-09T00:00:00,2021-01-13T16:03:00,Encerrado-TERMINO DE LEGISLATURA (ART. 275 REG. INT.)
PL 168/2015,PL,2015,2015-04-16T00:00:00,2019-05-02T10:39:00,Encerrado-VETO TOTAL ACEITO
PL 168/2016,PL,2016,2016-04-12T00:00:00,2021-01-13T14:53:00,Encerrado-TERMINO DE LEGISLATURA (ART. 275 REG. INT.)
PL 168/2018,PL,2018,2018-04-16T00:00:00,2019-05-29T08:45:00,Encerrado-PROMULGADO
PL 168/2019,PL,2019,2019-03-19T00:00:00,2019-11-11T18:35:00,Encerrado-ILEGALIDADE (ART. 79 REG. INT.)
PL 168/2020,PL,2020,2020-03-19T00:00:00,2023-08-21T16:15:44,Encerrado-RETIRADO PELO AUTOR
PL 168/2022,PL,2022,2022-03-18T00:00:00,2023-08-08T15:08:00,Encerrado-PROMULGADO
PL 169/2013,PL,2013,2013-03-27T00:00:00,2020-12-21T17:51:00,Encerrado-RETIRADO PELO AUTOR
PL 169/2015,PL,2015,2015-04-17T00:00:00,2017-04-11T00:00:00,Encerrado-PROMULGADO
PL 169/2016,PL,2016,2016-04-13T00:00:00,2019-08-02T08:53:00,Encerrado-PROMULGADO
PL 169/2017,PL,2017,2017-03-22T00:00:00,2019-05-30T10:25:00,Encerrado-PROMULGADO
PL 169/2018,PL,2018,2018-04-17T00:00:00,2019-08-27T07:58:00,Encerrado-PROMULGADO
PL 169/2019,PL,2019,2019-03-19T00:00:00,2019-10-04T00:00:00,APENSADO
PL 169/2020,PL,2020,2020-03-19T00:00:00,2023-08-21T16:12:41,Encerrado-RETIRADO PELO AUTOR
PL 169/2021,PL,2021,2021-03-16T00:00:00,2025-01-23T12:27:59,Encerrado-TERMINO DE LEGISLATURA (ART. 275 REG. INT.)
PL 169/2022,PL,2022,2022-03-18T00:00:00,2025-10-07T12:39:22,Encerrado-RETIRADO PELO AUTOR
PL 169/2024,PL,2024,2024-03-19T00:00:00,2024-04-18T15:52:00,Encerrado-PROMULGADO
PL 17/2013,PL,2013,2013-02-26T00:00:00,2017-01-23T16:10:00,Encerrado-TERMINO DE LEGISLATURA (ART. 275 REG. INT.)
PL 17/2016,PL,2016,2016-02-03T00:00:00,2021-01-13T14:53:00,Encerrado-TERMINO DE LEGISLATURA (ART. 275 REG. INT.)
PL 17/2018,PL,2018,2018-02-02T00:00:00,2018-05-24T18:00:00,Encerrado-RETIRADO PELO AUTOR
PL 17/2019,PL,2019,2019-01-11T00:00:00,2025-01-16T14:58:51,Encerrado-TERMINO DE LEGISLATURA (ART. 275 REG. INT.)
PL 17/2020,PL,2020,2020-02-04T00:00:00,2021-01-30T03:10:30,Encerrado-TERMINO DE LEGISLATURA (ART. 275 REG. INT.)
PL 17/2022,PL,2022,2022-01-27T00:00:00,2022-03-16T18:47:00,Encerrado-RETIRADO PELO AUTOR
PL 17/2023,PL,2023,2023-01-31T00:00:00,2025-11-28T15:31:00,Encerrado-ILEGALIDADE (ART. 79 REG. INT.)
PL 170/2013,PL,2013,2013-03-27T00:00:00,2016-02-04T16:53:41,Encerrado-PROMULGADO
PL 170/2015,PL,2015,2015-04-22T00:00:00,2015-09-24T12:30:41,Encerrado-PROMULGADO
PL 170/2016,PL,2016,2016-04-13T00:00:00,2017-11-16T17:10:00,Encerrado-PROMULGADO
PL 170/2017,PL,2017,2017-03-22T00:00:00,2021-01-05T12:27:09,Encerrado-TERMINO DE LEGISLATURA (ART. 275 REG. INT.)
PL 170/2020,PL,2020,2020-03-20T00:00:00,2025-01-13T18:37:00,Encerrado-TERMINO DE LEGISLATURA (ART. 275 REG. INT.)
PL 170/2021,PL,2021,2021-03-17T00:00:00,2025-01-14T22:31:03,Encerrado-TERMINO DE LEGISLATURA (ART. 275 REG. INT.)
PL 170/2024,PL,2024,2024-03-19T00:00:00,2024-04-18T15:52:00,Encerrado-PROMULGADO
PL 171/2013,PL,2013,2013-03-27T00:00:00,2015-05-07T00:00:00,Encerrado-RETIRADO PELO AUTOR
PL 171/2014,PL,2014,2014-04-10T00:00:00,2018-03-15T18:21:00,Encerrado-RETIRADO PELO AUTOR
PL 171/2015,PL,2015,2015-04-22T00:00:00,2017-01-02T12:00:00,Encerrado-TERMINO DE LEGISLATURA (ART. 275 REG. INT.)
PL 171/2016,PL,2016,2016-04-13T00:00:00,2019-07-26T08:59:00,Encerrado-PROMULGADO
PL 171/2017,PL,2017,2017-03-22T00:00:00,2017-04-06T14:52:00,Encerrado-RETIRADO PELO AUTOR
PL 171/2018,PL,2018,2018-04-17T00:00:00,2022-06-23T12:20:00,Encerrado-RETIRADO PELO AUTOR
PL 171/2019,PL,2019,2019-03-19T00:00:00,2025-05-28T13:27:00,Encerrado-VETO PARCIAL ACEITO
PL 171/2020,PL,2020,2020-03-20T00:00:00,2025-01-21T14:01:27,Encerrado-TERMINO DE LEGISLATURA (ART. 275 REG. INT.)
PL 171/2022,PL,2022,2022-03-19T00:00:00,2022-09-28T15:12:00,Encerrado-PROMULGADO
PL 171/2023,PL,2023,2023-04-10T00:00:00,2024-04-18T14:57:00,Encerrado-PROMULGADO
PL 171/2024,PL,2024,2024-03-19T00:00:00,2024-04-18T15:52:00,Encerrado-PROMULGADO
PL 172/2014,PL,2014,2014-04-10T00:00:00,2016-07-15T00:00:00,Encerrado-PROMULGADO
PL 172/2015,PL,2015,2015-04-22T00:00:00,2019-06-07T13:27:00,Encerrado-VETO TOTAL ACEITO
PL 172/2016,PL,2016,2016-04-13T00:00:00,2019-10-09T18:04:00,Encerrado-VETO TOTAL ACEITO
PL 172/2017,PL,2017,2017-03-22T00:00:00,2019-07-12T00:00:00,Devolução de Regularização
PL 172/2018,PL,2018,2018-04-18T00:00:00,2025-03-19T16:53:00,Encerrado-VETO TOTAL ACEITO
PL 172/2019,PL,2019,2019-03-19T00:00:00,2025-01-13T19:22:06,Encerrado-TERMINO DE LEGISLATURA (ART. 275 REG. INT.)
PL 172/2020,PL,2020,2020-03-20T00:00:00,2023-08-21T16:12:42,Encerrado-RETIRADO PELO AUTOR
PL 172/2021,PL,2021,2021-03-17T00:00:00,2023-03-09T17:05:00,Encerrado-PROMULGADO
PL 172/2022,PL,2022,2022-03-21T00:00:00,2023-08-08T15:08:00,Encerrado-PROMULGADO
PL 172/2023,PL,2023,2023-04-10T00:00:00,2024-01-08T18:09:00,Encerrado-PROMULGADO
PL 172/2024,PL,2024,2024-03-19T00:00:00,2025-11-19T12:04:00,Encerrado-PROMULGADO
PL 173/2014,PL,2014,2014-04-11T00:00:00,2021-10-14T14:39:00,Encerrado-TERMINO DE LEGISLATURA (ART. 275 REG. INT.)
PL 173/2015,PL,2015,2015-04-23T00:00:00,2015-09-24T12:32:29,Encerrado-PROMULGADO
PL 173/2016,PL,2016,2016-04-13T00:00:00,2017-06-05T00:00:00,Encerrado-PROMULGADO
PL 173/2017,PL,2017,2017-03-23T00:00:00,2025-05-29T19:01:00,Encerrado-VETO TOTAL ACEITO
PL 173/2018,PL,2018,2018-04-18T00:00:00,2021-11-03T13:34:00,Encerrado-PROMULGADO
PL 173/2021,PL,2021,2021-03-18T00:00:00,2024-05-17T16:21:35,Encerrado-RETIRADO PELO AUTOR
PL 174/2014,PL,2014,2014-04-14T00:00:00,2019-09-25T09:47:00,Encerrado-VETO TOTAL ACEITO
PL 174/2015,PL,2015,2015-04-23T00:00:00,2015-11-24T00:00:00,Encerrado-PROMULGADO
PL 174/2016,PL,2016,2016-04-13T00:00:00,2018-01-29T10:13:00,Encerrado-PROMULGADO
PL 174/2018,PL,2018,2018-04-18T00:00:00,2021-01-05T21:40:00,Encerrado-TERMINO DE LEGISLATURA (ART. 275 REG. INT.)
PL 174/2019,PL,2019,2019-03-19T00:00:00,2020-09-09T14:44:00,Encerrado-PROMULGADO
PL 174/2020,PL,2020,2020-03-20T00:00:00,2022-04-29T13:06:15,Encerrado-RETIRADO PELO AUTOR
PL 174/2023,PL,2023,2023-04-11T00:00:00,2026-04-30T10:28:00,Encerrado-PROMULGADO
PL 174/2026,PL,2026,2026-03-09T00:00:00,2026-09-01T14:00:34,APENSADO
PL 175/2014,PL,2014,2014-04-14T00:00:00,2017-01-02T18:00:00,Encerrado-TERMINO DE LEGISLATURA (ART. 275 REG. INT.)
PL 175/2015,PL,2015,2015-04-24T00:00:00,2015-12-02T17:33:33,Encerrado-PROMULGADO
PL 175/2018,PL,2018,2018-04-19T00:00:00,2019-05-13T12:04:00,Encerrado-RETIRADO PELO AUTOR
PL 175/2019,PL,2019,2019-03-19T00:00:00,2019-09-12T14:20:00,Encerrado-ILEGALIDADE (ART. 79 REG. INT.)
PL 175/2020,PL,2020,2020-03-20T00:00:00,2021-01-27T18:38:00,Encerrado-TERMINO DE LEGISLATURA (ART. 275 REG. INT.)
PL 175/2021,PL,2021,2021-03-18T00:00:00,2025-01-14T21:56:13,Encerrado-TERMINO DE LEGISLATURA (ART. 275 REG. INT.)
PL 175/2022,PL,2022,2022-03-22T00:00:00,2025-01-08T18:12:00,Encerrado-TERMINO DE LEGISLATURA (ART. 275 REG. INT.)
PL 175/2023,PL,2023,2023-04-11T00:00:00,2026-09-23T11:17:00,Encerrado-PROMULGADO
PL 176/2013,PL,2013,2013-03-28T00:00:00,2021-01-14T11:37:00,Encerrado-TERMINO DE LEGISLATURA (ART. 275 REG. INT.)
PL 176/2014,PL,2014,2014-04-15T00:00:00,2019-04-05T16:27:00,Encerrado-VETO PARCIAL ACEITO
PL 176/2015,PL,2015,2015-04-24T00:00:00,2016-04-01T00:00:00,Encerrado-PROMULGADO
PL 176/2016,PL,2016,2016-04-14T00:00:00,2017-11-27T09:19:00,Encerrado-PROMULGADO
PL 176/2017,PL,2017,2017-03-23T00:00:00,2025-05-29T19:01:00,Encerrado-VETO TOTAL ACEITO
PL 176/2021,PL,2021,2021-03-19T00:00:00,2025-01-14T22:02:25,Encerrado-TERMINO DE LEGISLATURA (ART. 275 REG. INT.)
PL 176/2022,PL,2022,2022-03-22T00:00:00,2023-10-16T13:42:00,Encerrado-PROMULGADO
PL 176/2023,PL,2023,2023-04-11T00:00:00,2026-04-08T19:50:00,Devolução de Regularização
PL 177/2013,PL,2013,2013-04-01T00:00:00,2017-01-23T16:10:00,Encerrado-TERMINO DE LEGISLATURA (ART. 275 REG. INT.)
PL 177/2014,PL,2014,2014-04-15T00:00:00,2015-04-30T15:50:00,Encerrado-PROMULGADO
PL 177/2015,PL,2015,2015-04-24T00:00:00,2015-11-12T00:00:00,Encerrado-PROMULGADO
PL 177/2016,PL,2016,2016-04-14T00:00:00,2018-03-16T17:51:00,Encerrado-RETIRADO PELO AUTOR
PL 177/2017,PL,2017,2017-03-24T00:00:00,2017-09-01T10:39:00,Encerrado-ILEGALIDADE (ART. 79 REG. INT.)
PL 177/2019,PL,2019,2019-03-20T00:00:00,2020-09-09T14:44:00,Encerrado-PROMULGADO
PL 177/2020,PL,2020,2020-03-23T00:00:00,2021-01-27T18:27:00,Encerrado-TERMINO DE LEGISLATURA (ART. 275 REG. INT.)
PL 177/2021,PL,2021,2021-03-22T00:00:00,2025-05-29T09:27:00,Encerrado-VETO PARCIAL ACEITO
PL 177/2022,PL,2022,2022-03-22T00:00:00,2025-01-13T15:49:00,Encerrado-TERMINO DE LEGISLATURA (ART. 275 REG. INT.)
PL 177/2023,PL,2023,2023-04-11T00:00:00,2024-02-20T18:30:38,APENSADO
PL 177/2025,PL,2025,2025-02-17T00:00:00,2025-07-10T16:20:00,Encerrado-PROMULGADO
PL 178/2014,PL,2014,2014-04-15T00:00:00,2019-09-16T16:39:00,Encerrado-VETO PARCIAL ACEITO
PL 178/2015,PL,2015,2015-04-24T00:00:00,2016-03-24T19:16:20,Encerrado-RETIRADO PELO AUTOR
PL 178/2016,PL,2016,2016-04-15T00:00:00,2019-05-10T16:31:00,Encerrado-VETO PARCIAL ACEITO
PL 178/2017,PL,2017,2017-03-24T00:00:00,2021-01-12T17:06:00,Encerrado-TERMINO DE LEGISLATURA (ART. 275 REG. INT.)
PL 178/2021,PL,2021,2021-03-23T00:00:00,2025-01-13T16:45:00,Encerrado-TERMINO DE LEGISLATURA (ART. 275 REG. INT.)
PL 178/2022,PL,2022,2022-03-22T00:00:00,2023-05-05T14:48:00,Encerrado-PROMULGADO
PL 178/2024,PL,2024,2024-03-20T00:00:00,2025-01-16T16:00:23,Encerrado-TERMINO DE LEGISLATURA (ART. 275 REG. INT.)
PL 178/2025,PL,2025,2025-02-18T00:00:00,2025-10-29T12:06:00,Encerrado-PROMULGADO
PL 179/2015,PL,2015,2015-04-28T00:00:00,2015-05-22T14:52:03,Encerrado-RETIRADO PELO AUTOR
PL 179/2016,PL,2016,2016-04-18T00:00:00,2016-09-26T12:31:04,Encerrado-PROMULGADO
PL 179/2017,PL,2017,2017-03-27T00:00:00,2019-06-06T13:02:00,Encerrado-VETO PARCIAL ACEITO
PL 179/2019,PL,2019,2019-03-20T00:00:00,2019-09-10T08:17:00,Encerrado-PROMULGADO
PL 179/2020,PL,2020,2020-03-23T00:00:00,2021-01-27T16:51:24,Encerrado-TERMINO DE LEGISLATURA (ART. 275 REG. INT.)
PL 179/2021,PL,2021,2021-03-23T00:00:00,2022-06-22T23:27:00,Encerrado-RETIRADO PELO AUTOR
PL 18/2013,PL,2013,2013-02-06T00:00:00,2019-04-11T09:36:00,Encerrado-VETO TOTAL ACEITO
PL 18/2014,PL,2014,2014-02-05T00:00:00,2015-06-18T09:29:57,Encerrado-PROMULGADO
PL 18/2015,PL,2015,2015-01-30T00:00:00,2025-01-22T13:46:27,Encerrado-TERMINO DE LEGISLATURA (ART. 275 REG. INT.)
PL 18/2016,PL,2016,2016-02-03T00:00:00,2017-01-02T17:43:00,Encerrado-TERMINO DE LEGISLATURA (ART. 275 REG. INT.)
PL 18/2017,PL,2017,2017-01-16T00:00:00,2017-03-31T17:33:00,Encerrado-RETIRADO PELO AUTOR
PL 18/2018,PL,2018,2018-02-05T00:00:00,2018-06-12T08:30:00,Encerrado-PROMULGADO
PL 18/2019,PL,2019,2019-01-14T00:00:00,2019-08-16T18:34:00,Encerrado-ILEGALIDADE (ART. 79 REG. INT.)
PL 18/2020,PL,2020,2020-02-04T00:00:00,2020-12-10T17:27:00,Encerrado-PROMULGADO
PL 18/2021,PL,2021,2021-01-18T00:00:00,2021-01-19T14:23:00,Encerrado-RETIRADO PELO AUTOR
PL 18/2023,PL,2023,2023-01-31T00:00:00,2023-05-24T14:33:00,Encerrado-PROMULGADO
PL 18/2024,PL,2024,2024-01-17T00:00:00,2025-01-23T01:51:31,Encerrado-TERMINO DE LEGISLATURA (ART. 275 REG. INT.)
PL 180/2016,PL,2016,2016-04-18T00:00:00,2016-09-26T12:31:06,Encerrado-PROMULGADO
PL 180/2017,PL,2017,2017-03-27T00:00:00,2025-07-07T16:52:00,Encerrado-VETO TOTAL ACEITO
PL 180/2020,PL,2020,2020-03-23T00:00:00,2025-05-29T09:43:00,Encerrado-VETO PARCIAL ACEITO
PL 180/2023,PL,2023,2023-04-13T00:00:00,2024-03-18T14:25:00,Encerrado-PROMULGADO
PL 181/2013,PL,2013,2013-04-02T00:00:00,2017-01-23T16:10:00,Encerrado-TERMINO DE LEGISLATURA (ART. 275 REG. INT.)
PL 181/2014,PL,2014,2014-04-15T00:00:00,2021-10-20T16:02:00,Encerrado-TERMINO DE LEGISLATURA (ART. 275 REG. INT.)
PL 181/2015,PL,2015,2015-04-29T00:00:00,2017-01-04T13:14:00,Encerrado-TERMINO DE LEGISLATURA (ART. 275 REG. INT.)
PL 181/2017,PL,2017,2017-03-27T00:00:00,2017-12-07T00:00:00,Encerrado-ILEGALIDADE (ART. 79 REG. INT.)
PL 181/2019,PL,2019,2019-03-20T00:00:00,2019-12-03T18:08:00,Encerrado-PROMULGADO
PL 181/2021,PL,2021,2021-03-24T00:00:00,2025-01-14T21:25:13,Encerrado-TERMINO DE LEGISLATURA (ART. 275 REG. INT.)
PL 181/2022,PL,2022,2022-03-23T00:00:00,2025-01-16T22:27:19,Encerrado-TERMINO DE LEGISLATURA (ART. 275 REG. INT.)
PL 181/2023,PL,2023,2023-04-13T00:00:00,2026-03-04T10:51:00,Encerrado-PROMULGADO
PL 182/2013,PL,2013,2013-04-02T00:00:00,2017-01-23T16:10:00,Encerrado-TERMINO DE LEGISLATURA (ART. 275 REG. INT.)
PL 182/2014,PL,2014,2014-04-15T00:00:00,2015-05-21T00:00:00,Encerrado-PROMULGADO
PL 182/2015,PL,2015,2015-04-29T00:00:00,2017-01-02T16:02:00,Encerrado-TERMINO DE LEGISLATURA (ART. 275 REG. INT.)
PL 182/2016,PL,2016,2016-04-19T00:00:00,2017-01-04T16:07:00,Encerrado-TERMINO DE LEGISLATURA (ART. 275 REG. INT.)
PL 182/2017,PL,2017,2017-03-27T00:00:00,2018-09-18T17:33:00,Encerrado-RETIRADO PELO AUTOR
PL 182/2019,PL,2019,2019-03-22T00:00:00,2019-11-21T17:11:00,Encerrado-ILEGALIDADE (ART. 79 REG. INT.)
PL 182/2020,PL,2020,2020-03-24T00:00:00,2023-08-21T16:12:43,Encerrado-RETIRADO PELO AUTOR
PL 183/2013,PL,2013,2013-04-02T00:00:00,2019-04-23T09:48:00,Encerrado-VETO PARCIAL ACEITO
PL 183/2016,PL,2016,2016-04-19T00:00:00,2021-01-04T12:23:48,Encerrado-TERMINO DE LEGISLATURA (ART. 275 REG. INT.)
PL 183/2017,PL,2017,2017-03-27T00:00:00,2018-06-20T18:43:00,Encerrado-RETIRADO PELO AUTOR
PL 183/2018,PL,2018,2018-04-19T00:00:00,2018-08-29T19:17:00,Encerrado-RETIRADO PELO AUTOR
PL 183/2019,PL,2019,2019-03-22T00:00:00,2024-01-22T13:46:00,Encerrado-PROMULGADO
PL 183/2020,PL,2020,2020-03-24T00:00:00,2023-08-21T16:12:44,Encerrado-RETIRADO PELO AUTOR
PL 183/2021,PL,2021,2021-03-24T00:00:00,2021-04-28T16:38:00,Encerrado-RETIRADO PELO AUTOR
PL 183/2024,PL,2024,2024-03-21T00:00:00,2024-04-11T11:34:15,Encerrado-RETIRADO PELO AUTOR
PL 183/2026,PL,2026,2026-03-10T00:00:00,2026-07-20T17:46:00,Encerrado-PROMULGADO
PL 184/2014,PL,2014,2014-04-16T00:00:00,2021-08-13T16:21:00,Encerrado-PROMULGADO
PL 184/2016,PL,2016,2016-04-19T00:00:00,2017-07-20T13:39:00,Encerrado-PROMULGADO
PL 184/2020,PL,2020,2020-03-24T00:00:00,2023-08-21T16:13:00,Encerrado-RETIRADO PELO AUTOR
PL 184/2021,PL,2021,2021-03-25T00:00:00,2025-01-14T22:02:11,Encerrado-TERMINO DE LEGISLATURA (ART. 275 REG. INT.)
PL 184/2022,PL,2022,2022-03-23T00:00:00,2023-04-13T13:18:36,APENSADO
PL 185/2015,PL,2015,2015-04-29T00:00:00,2019-05-14T08:48:00,Encerrado-VETO TOTAL ACEITO
PL 185/2016,PL,2016,2016-04-25T00:00:00,2025-05-29T19:01:00,Encerrado-VETO TOTAL ACEITO
PL 185/2017,PL,2017,2017-03-28T00:00:00,2018-07-30T08:14:00,Encerrado-PROMULGADO
PL 185/2020,PL,2020,2020-03-26T00:00:00,2021-07-05T19:00:00,Encerrado-RETIRADO PELO AUTOR
PL 185/2021,PL,2021,2021-03-25T00:00:00,2025-01-23T12:28:01,Encerrado-TERMINO DE LEGISLATURA (ART. 275 REG. INT.)
PL 185/2023,PL,2023,2023-04-13T00:00:00,2023-08-21T13:47:00,Encerrado-RETIRADO PELO AUTOR
PL 186/2013,PL,2013,2013-04-02T00:00:00,2015-11-05T00:00:00,Encerrado-PROMULGADO
PL 186/2015,PL,2015,2015-04-29T00:00:00,2017-01-02T17:37:00,Encerrado-TERMINO DE LEGISLATURA (ART. 275 REG. INT.)
PL 186/2016,PL,2016,2016-04-25T00:00:00,2017-01-10T14:59:00,Encerrado-TERMINO DE LEGISLATURA (ART. 275 REG. INT.)
PL 186/2017,PL,2017,2017-03-28T00:00:00,2018-12-26T10:07:00,Encerrado-PROMULGADO
PL 186/2018,PL,2018,2018-04-23T00:00:00,2025-03-19T16:53:00,Encerrado-VETO TOTAL ACEITO
PL 186/2019,PL,2019,2019-03-22T00:00:00,2019-10-10T13:41:00,Encerrado-ILEGALIDADE (ART. 79 REG. INT.)
PL 186/2020,PL,2020,2020-03-26T00:00:00,2021-10-15T19:51:41,Encerrado-RETIRADO PELO AUTOR
PL 186/2022,PL,2022,2022-03-24T00:00:00,2023-05-26T14:27:00,Encerrado-PROMULGADO
PL 186/2023,PL,2023,2023-04-13T00:00:00,2026-04-07T18:32:00,Encerrado-PROMULGADO
PL 187/2014,PL,2014,2014-04-16T00:00:00,2015-09-15T10:13:10,Encerrado-ARQUIVADO
PL 187/2015,PL,2015,2015-04-30T00:00:00,2017-01-02T17:37:00,Encerrado-TERMINO DE LEGISLATURA (ART. 275 REG. INT.)
PL 187/2018,PL,2018,2018-04-23T00:00:00,2019-06-05T09:13:00,Encerrado-PROMULGADO
PL 187/2019,PL,2019,2019-03-22T00:00:00,2019-11-11T18:57:00,Encerrado-ILEGALIDADE (ART. 79 REG. INT.)
PL 187/2023,PL,2023,2023-04-13T00:00:00,2025-01-14T10:34:03,Encerrado-TERMINO DE LEGISLATURA (ART. 275 REG. INT.)
PL 188/2013,PL,2013,2013-04-03T00:00:00,2021-01-14T11:37:00,Encerrado-TERMINO DE LEGISLATURA (ART. 275 REG. INT.)
PL 188/2014,PL,2014,2014-04-17T00:00:00,2021-01-29T10:56:00,Encerrado-TERMINO DE LEGISLATURA (ART. 275 REG. INT.)
PL 188/2015,PL,2015,2015-04-30T00:00:00,2019-06-05T09:19:00,Encerrado-VETO TOTAL ACEITO
PL 188/2016,PL,2016,2016-04-26T00:00:00,2016-09-26T12:31:08,Encerrado-PROMULGADO
PL 188/2017,PL,2017,2017-03-28T00:00:00,2018-08-23T17:56:00,Encerrado-RETIRADO PELO AUTOR
PL 188/2018,PL,2018,2018-04-23T00:00:00,2019-06-25T10:15:00,Encerrado-PROMULGADO
PL 188/2019,PL,2019,2019-03-22T00:00:00,2019-10-10T13:41:00,Encerrado-ILEGALIDADE (ART. 79 REG. INT.)
PL 188/2021,PL,2021,2021-04-05T00:00:00,2025-03-14T15:03:00,Encerrado-VETO TOTAL ACEITO
PL 188/2022,PL,2022,2022-03-24T00:00:00,2024-04-04T11:55:00,Encerrado-ILEGALIDADE (ART. 79 REG. INT.)
PL 188/2023,PL,2023,2023-04-14T00:00:00,2025-05-22T17:20:38,Encerrado-RETIRADO PELO AUTOR
PL 189/2014,PL,2014,2014-04-17T00:00:00,2021-10-20T16:02:00,Encerrado-TERMINO DE LEGISLATURA (ART. 275 REG. INT.)
PL 189/2015,PL,2015,2015-04-30T00:00:00,2025-01-13T15:40:00,Encerrado-TERMINO DE LEGISLATURA (ART. 275 REG. INT.)
PL 189/2016,PL,2016,2016-04-27T00:00:00,2019-07-25T08:20:00,Encerrado-PROMULGADO
PL 189/2018,PL,2018,2018-04-23T00:00:00,2025-03-12T14:05:00,Encerrado-VETO TOTAL ACEITO
PL 189/2019,PL,2019,2019-03-25T00:00:00,2024-01-09T14:29:00,Encerrado-PROMULGADO
PL 189/2021,PL,2021,2021-04-05T00:00:00,2021-09-28T10:11:09,Encerrado-RETIRADO PELO AUTOR
PL 189/2022,PL,2022,2022-03-24T00:00:00,2026-09-18T11:14:00,Encerrado-PROMULGADO
PL 189/2023,PL,2023,2023-04-14T00:00:00,2025-01-20T22:55:42,Encerrado-TERMINO DE LEGISLATURA (ART. 275 REG. INT.)
PL 189/2025,PL,2025,2025-02-19T00:00:00,2026-06-02T11:31:00,Encerrado-PROMULGADO
PL 19/2013,PL,2013,2013-02-06T00:00:00,2025-03-26T23:33:00,Encerrado-VETO TOTAL ACEITO
PL 19/2015,PL,2015,2015-01-30T00:00:00,2015-10-05T15:21:15,Encerrado-RETIRADO PELO AUTOR
PL 19/2016,PL,2016,2016-02-03T00:00:00,2017-01-10T12:41:00,Encerrado-TERMINO DE LEGISLATURA (ART. 275 REG. INT.)
PL 19/2017,PL,2017,2017-01-16T00:00:00,2017-03-16T14:41:00,Encerrado-PROMULGADO
PL 19/2018,PL,2018,2018-02-05T00:00:00,2018-10-17T09:50:00,Encerrado-PROMULGADO
PL 19/2019,PL,2019,2019-03-14T00:00:00,2021-01-04T15:59:23,Encerrado-TERMINO DE LEGISLATURA (ART. 275 REG. INT.)
PL 19/2020,PL,2020,2020-02-04T00:00:00,2025-01-13T22:32:25,Encerrado-TERMINO DE LEGISLATURA (ART. 275 REG. INT.)
PL 19/2022,PL,2022,2022-01-31T00:00:00,2023-08-21T16:01:29,Encerrado-RETIRADO PELO AUTOR
PL 19/2023,PL,2023,2023-02-01T00:00:00,2023-04-14T18:24:27,Encerrado-RETIRADO PELO AUTOR
PL 19/2024,PL,2024,2024-01-17T00:00:00,2025-01-23T01:15:22,Encerrado-TERMINO DE LEGISLATURA (ART. 275 REG. INT.)
PL 190/2013,PL,2013,2013-04-03T00:00:00,2017-01-23T16:10:00,Encerrado-TERMINO DE LEGISLATURA (ART. 275 REG. INT.)
PL 190/2014,PL,2014,2014-04-17T00:00:00,2018-04-05T00:00:00,Encerrado-CONTRARIO NO MERITO (ART. 80 REG. INT.)
PL 190/2015,PL,2015,2015-04-30T00:00:00,2025-01-13T15:40:00,Encerrado-TERMINO DE LEGISLATURA (ART. 275 REG. INT.)
PL 190/2016,PL,2016,2016-04-27T00:00:00,2018-03-14T18:04:00,Encerrado-ILEGALIDADE (ART. 79 REG. INT.)
PL 190/2017,PL,2017,2017-03-30T00:00:00,2018-01-24T09:11:00,Encerrado-PROMULGADO
PL 190/2018,PL,2018,2018-04-23T00:00:00,2021-08-18T17:11:00,Encerrado-PROMULGADO
PL 190/2024,PL,2024,2024-03-25T00:00:00,2026-03-23T11:43:00,Encerrado-PROMULGADO
PL 190/2025,PL,2025,2025-02-19T00:00:00,2026-01-20T13:56:00,Encerrado-PROMULGADO
PL 191/2013,PL,2013,2013-04-04T00:00:00,2017-01-23T16:10:00,Encerrado-TERMINO DE LEGISLATURA (ART. 275 REG. INT.)
PL 191/2015,PL,2015,2015-05-04T00:00:00,2015-05-22T14:52:03,Encerrado-RETIRADO PELO AUTOR
PL 191/2016,PL,2016,2016-04-27T00:00:00,2017-01-02T17:51:00,Encerrado-TERMINO DE LEGISLATURA (ART. 275 REG. INT.)
PL 191/2017,PL,2017,2017-03-30T00:00:00,2025-01-10T17:46:40,Encerrado-TERMINO DE LEGISLATURA (ART. 275 REG. INT.)
PL 191/2018,PL,2018,2018-04-23T00:00:00,2019-09-30T15:02:00,Encerrado-PROMULGADO
PL 191/2019,PL,2019,2019-03-26T00:00:00,2021-01-30T06:37:56,Encerrado-TERMINO DE LEGISLATURA (ART. 275 REG. INT.)
PL 191/2021,PL,2021,2021-04-05T00:00:00,2025-01-14T20:57:24,Encerrado-TERMINO DE LEGISLATURA (ART. 275 REG. INT.)
PL 192/2013,PL,2013,2013-04-04T00:00:00,2021-01-14T11:37:00,Encerrado-TERMINO DE LEGISLATURA (ART. 275 REG. INT.)
PL 192/2014,PL,2014,2014-04-17T00:00:00,2021-10-20T16:02:00,Encerrado-TERMINO DE LEGISLATURA (ART. 275 REG. INT.)
PL 192/2016,PL,2016,2016-04-27T00:00:00,2017-01-02T10:00:00,Encerrado-TERMINO DE LEGISLATURA (ART. 275 REG. INT.)
PL 192/2017,PL,2017,2017-03-30T00:00:00,2018-02-16T10:54:00,Encerrado-PROMULGADO
PL 192/2018,PL,2018,2018-04-23T00:00:00,2019-08-22T14:08:00,Encerrado-PROMULGADO
PL 192/2019,PL,2019,2019-03-26T00:00:00,2021-01-30T06:37:52,Encerrado-TERMINO DE LEGISLATURA (ART. 275 REG. INT.)
PL 192/2021,PL,2021,2021-04-05T00:00:00,2025-01-14T22:34:21,Encerrado-TERMINO DE LEGISLATURA (ART. 275 REG. INT.)
PL 193/2013,PL,2013,2013-04-04T00:00:00,2025-03-26T23:33:00,Encerrado-VETO TOTAL ACEITO
PL 193/2016,PL,2016,2016-04-27T00:00:00,2017-04-11T00:00:00,Encerrado-PROMULGADO
PL 193/2017,PL,2017,2017-03-30T00:00:00,2019-05-20T12:54:00,Encerrado-PROMULGADO
PL 193/2018,PL,2018,2018-04-24T00:00:00,2019-01-31T09:46:00,Encerrado-PROMULGADO
PL 193/2019,PL,2019,2019-03-26T00:00:00,2020-01-06T10:51:00,Encerrado-PROMULGADO
PL 193/2023,PL,2023,2023-04-17T00:00:00,2025-01-20T23:32:48,Encerrado-TERMINO DE LEGISLATURA (ART. 275 REG. INT.)
PL 194/2013,PL,2013,2013-04-04T00:00:00,2021-01-14T11:37:00,Encerrado-TERMINO DE LEGISLATURA (ART. 275 REG. INT.)
PL 194/2015,PL,2015,2015-05-04T00:00:00,2016-01-13T10:14:41,Encerrado-ARQUIVADO
PL 194/2016,PL,2016,2016-04-27T00:00:00,2017-03-28T09:26:00,Encerrado-VETO TOTAL ACEITO
PL 194/2019,PL,2019,2019-03-26T00:00:00,2025-01-13T19:31:28,Encerrado-TERMINO DE LEGISLATURA (ART. 275 REG. INT.)
PL 194/2022,PL,2022,2022-03-24T00:00:00,2026-07-17T17:42:39,APENSADO
PL 194/2024,PL,2024,2024-03-26T00:00:00,2025-11-11T19:04:21,Encerrado-RETIRADO PELO AUTOR
PL 195/2015,PL,2015,2015-05-05T00:00:00,2017-01-02T17:37:00,Encerrado-TERMINO DE LEGISLATURA (ART. 275 REG. INT.)
PL 195/2016,PL,2016,2016-04-28T00:00:00,2017-07-20T13:39:00,Encerrado-PROMULGADO
PL 195/2018,PL,2018,2018-04-24T00:00:00,2019-04-30T10:26:00,Encerrado-PROMULGADO
PL 195/2021,PL,2021,2021-04-05T00:00:00,2021-12-15T14:06:50,Encerrado-RETIRADO PELO AUTOR
PL 195/2022,PL,2022,2022-03-25T00:00:00,2024-01-10T14:20:36,Encerrado-RETIRADO PELO AUTOR
PL 196/2015,PL,2015,2015-05-06T00:00:00,2017-01-02T12:58:00,Encerrado-TERMINO DE LEGISLATURA (ART. 275 REG. INT.)
PL 196/2017,PL,2017,2017-03-30T00:00:00,2018-04-19T12:14:00,Encerrado-PROMULGADO
PL 196/2019,PL,2019,2019-03-26T00:00:00,2019-10-04T17:35:00,Encerrado-RETIRADO PELO AUTOR
PL 196/2021,PL,2021,2021-04-06T00:00:00,2021-10-15T19:51:45,Encerrado-RETIRADO PELO AUTOR
PL 196/2022,PL,2022,2022-03-25T00:00:00,2023-07-25T18:33:00,Encerrado-ILEGALIDADE (ART. 79 REG. INT.)
PL 196/2024,PL,2024,2024-03-26T00:00:00,2025-01-22T23:23:31,Encerrado-TERMINO DE LEGISLATURA (ART. 275 REG. INT.)
PL 197/2013,PL,2013,2013-04-05T00:00:00,2019-04-16T13:03:00,Encerrado-VETO TOTAL ACEITO
PL 197/2014,PL,2014,2014-04-22T00:00:00,2015-10-02T10:33:10,Encerrado-ILEGALIDADE (ART. 79 REG. INT.)
PL 197/2015,PL,2015,2015-05-07T00:00:00,2015-12-11T12:04:08,Encerrado-ILEGALIDADE (ART. 79 REG. INT.)
PL 197/2016,PL,2016,2016-04-28T00:00:00,2016-11-11T00:00:00,Encerrado-PROMULGADO
PL 197/2019,PL,2019,2019-03-26T00:00:00,2019-10-04T17:36:00,Encerrado-RETIRADO PELO AUTOR
PL 197/2020,PL,2020,2020-03-27T00:00:00,2021-07-05T19:00:00,Encerrado-RETIRADO PELO AUTOR
PL 197/2022,PL,2022,2022-03-25T00:00:00,2023-08-29T15:49:03,APENSADO
PL 197/2024,PL,2024,2024-03-27T00:00:00,2024-09-11T18:00:00,Encerrado-PROMULGADO
PL 198/2015,PL,2015,2015-05-07T00:00:00,2015-12-15T00:00:00,Encerrado-PROMULGADO
PL 198/2016,PL,2016,2016-05-02T00:00:00,2016-05-24T00:00:00,Encerrado-RETIRADO PELO AUTOR
PL 198/2017,PL,2017,2017-04-03T00:00:00,2018-04-16T18:21:00,Encerrado-PROMULGADO
PL 198/2021,PL,2021,2021-04-06T00:00:00,2025-01-14T21:31:59,Encerrado-TERMINO DE LEGISLATURA (ART. 275 REG. INT.)
PL 198/2022,PL,2022,2022-03-25T00:00:00,2025-01-22T15:56:32,Encerrado-TERMINO DE LEGISLATURA (ART. 275 REG. INT.)
PL 198/2024,PL,2024,2024-03-27T00:00:00,2025-11-28T15:31:00,Encerrado-ILEGALIDADE (ART. 79 REG. INT.)
PL 199/2013,PL,2013,2013-04-05T00:00:00,2025-05-22T19:41:00,Encerrado-VETO TOTAL ACEITO
PL 199/2014,PL,2014,2014-04-22T00:00:00,2019-10-22T08:34:00,Encerrado-VETO PARCIAL ACEITO
PL 199/2015,PL,2015,2015-05-07T00:00:00,2015-11-24T00:00:00,Encerrado-PROMULGADO
PL 199/2016,PL,2016,2016-05-03T00:00:00,2019-10-23T08:51:00,Encerrado-VETO TOTAL ACEITO
PL 199/2017,PL,2017,2017-04-03T00:00:00,2018-12-26T10:08:00,Encerrado-PROMULGADO
PL 199/2019,PL,2019,2019-03-26T00:00:00,2025-01-13T19:08:00,Encerrado-TERMINO DE LEGISLATURA (ART. 275 REG. INT.)
PL 199/2020,PL,2020,2020-03-27T00:00:00,2021-01-27T17:23:10,Encerrado-TERMINO DE LEGISLATURA (ART. 275 REG. INT.)
PL 199/2021,PL,2021,2021-04-07T00:00:00,2022-05-12T14:37:00,Encerrado-ILEGALIDADE (ART. 79 REG. INT.)
PL 2/2013,PL,2013,2013-01-11T00:00:00,2019-04-23T09:31:00,Encerrado-VETO TOTAL ACEITO
PL 2/2014,PL,2014,2014-01-20T00:00:00,2021-01-13T16:03:00,Encerrado-TERMINO DE LEGISLATURA (ART. 275 REG. INT.)
PL 2/2015,PL,2015,2014-12-17T00:00:00,2019-05-14T08:45:00,Encerrado-VETO TOTAL ACEITO
PL 2/2017,PL,2017,2017-01-05T00:00:00,2025-03-12T14:05:00,Encerrado-VETO TOTAL ACEITO
PL 2/2018,PL,2018,2018-01-08T00:00:00,2018-08-06T16:00:00,Encerrado-RETIRADO PELO AUTOR
PL 2/2020,PL,2020,2020-01-09T00:00:00,2025-03-13T14:36:00,Encerrado-VETO TOTAL ACEITO
PL 2/2021,PL,2021,2021-01-05T00:00:00,2021-05-13T15:44:08,Encerrado-RETIRADO PELO AUTOR
PL 2/2022,PL,2022,2022-01-06T00:00:00,2025-03-14T15:03:00,Encerrado-VETO TOTAL ACEITO
PL 2/2023,PL,2023,2023-01-12T00:00:00,2025-01-20T22:55:48,Encerrado-TERMINO DE LEGISLATURA (ART. 275 REG. INT.)
PL 2/2024,PL,2024,2024-01-08T00:00:00,2025-01-23T02:00:43,Encerrado-TERMINO DE LEGISLATURA (ART. 275 REG. INT.)
PL 2/2025,PL,2025,2025-01-07T00:00:00,2026-06-01T12:18:00,Encerrado-PROMULGADO
PL 20/2013,PL,2013,2013-02-06T00:00:00,2021-01-14T11:32:00,Encerrado-TERMINO DE LEGISLATURA (ART. 275 REG. INT.)
PL 20/2014,PL,2014,2014-02-05T00:00:00,2017-01-03T18:15:00,Encerrado-TERMINO DE LEGISLATURA (ART. 275 REG. INT.)
PL 20/2015,PL,2015,2015-01-30T00:00:00,2017-01-02T16:02:00,Encerrado-TERMINO DE LEGISLATURA (ART. 275 REG. INT.)
PL 20/2016,PL,2016,2016-02-03T00:00:00,2016-05-31T11:51:13,Encerrado-ILEGALIDADE (ART. 79 REG. INT.)
PL 20/2017,PL,2017,2017-01-17T00:00:00,2019-08-26T08:57:00,Encerrado-PROMULGADO
PL 20/2019,PL,2019,2019-01-15T00:00:00,2019-11-21T17:11:00,Encerrado-ILEGALIDADE (ART. 79 REG. INT.)
PL 20/2020,PL,2020,2020-02-04T00:00:00,2025-03-19T16:53:00,Encerrado-VETO TOTAL ACEITO
PL 20/2025,PL,2025,2025-01-17T00:00:00,2025-11-14T18:36:58,APENSADO
PL 200/2014,PL,2014,2014-04-22T00:00:00,2025-05-22T20:08:00,Encerrado-VETO TOTAL ACEITO
PL 200/2015,PL,2015,2015-05-07T00:00:00,2018-12-04T18:10:00,Encerrado-RETIRADO PELO AUTOR
PL 200/2016,PL,2016,2016-05-04T00:00:00,2017-01-03T18:34:00,Encerrado-TERMINO DE LEGISLATURA (ART. 275 REG. INT.)
PL 200/2017,PL,2017,2017-04-04T00:00:00,2025-03-12T14:05:00,Encerrado-VETO TOTAL ACEITO
PL 200/2020,PL,2020,2020-03-30T00:00:00,2022-06-19T20:23:03,Encerrado-RETIRADO PELO AUTOR
PL 200/2022,PL,2022,2022-03-28T00:00:00,2025-01-16T22:11:50,Encerrado-TERMINO DE LEGISLATURA (ART. 275 REG. INT.)
PL 200/2024,PL,2024,2024-03-27T00:00:00,2024-08-26T12:28:00,Encerrado-PROMULGADO
PL 201/2015,PL,2015,2015-05-07T00:00:00,2021-01-05T13:42:06,Encerrado-TERMINO DE LEGISLATURA (ART. 275 REG. INT.)
PL 201/2016,PL,2016,2016-05-05T00:00:00,2017-01-02T17:51:00,Encerrado-TERMINO DE LEGISLATURA (ART. 275 REG. INT.)
PL 201/2017,PL,2017,2017-04-04T00:00:00,2019-06-06T13:07:00,Encerrado-VETO TOTAL ACEITO
PL 201/2018,PL,2018,2018-04-26T00:00:00,2021-08-18T17:11:00,Encerrado-PROMULGADO
PL 201/2019,PL,2019,2019-03-26T00:00:00,2025-01-13T19:08:00,Encerrado-TERMINO DE LEGISLATURA (ART. 275 REG. INT.)
PL 201/2020,PL,2020,2020-03-31T00:00:00,2021-09-17T09:51:22,Encerrado-RETIRADO PELO AUTOR
PL 201/2022,PL,2022,2022-03-28T00:00:00,2022-03-29T20:16:00,Encerrado-RETIRADO PELO AUTOR
PL 201/2023,PL,2023,2023-04-19T00:00:00,2024-09-11T18:00:00,Encerrado-PROMULGADO
PL 202/2013,PL,2013,2013-04-09T00:00:00,2017-01-02T14:32:00,Encerrado-TERMINO DE LEGISLATURA (ART. 275 REG. INT.)
PL 202/2014,PL,2014,2014-04-23T00:00:00,2015-08-31T00:00:00,Encerrado-PROMULGADO
PL 202/2015,PL,2015,2015-05-07T00:00:00,2017-01-02T13:42:00,Encerrado-TERMINO DE LEGISLATURA (ART. 275 REG. INT.)
PL 202/2016,PL,2016,2016-05-05T00:00:00,2016-05-24T00:00:00,Encerrado-RETIRADO PELO AUTOR
PL 202/2017,PL,2017,2017-04-04T00:00:00,2025-05-29T19:01:00,Encerrado-VETO TOTAL ACEITO
PL 202/2018,PL,2018,2018-04-26T00:00:00,2019-05-28T08:27:00,Encerrado-VETO PARCIAL ACEITO
PL 202/2019,PL,2019,2019-03-26T00:00:00,2019-09-10T08:17:00,Encerrado-PROMULGADO
PL 202/2021,PL,2021,2021-04-07T00:00:00,2025-01-14T22:41:21,Encerrado-TERMINO DE LEGISLATURA (ART. 275 REG. INT.)
PL 202/2022,PL,2022,2022-03-28T00:00:00,2022-08-30T11:05:45,APENSADO
PL 203/2014,PL,2014,2014-04-23T00:00:00,2021-10-20T16:02:00,Encerrado-TERMINO DE LEGISLATURA (ART. 275 REG. INT.)
PL 203/2015,PL,2015,2015-05-07T00:00:00,2016-06-22T18:03:12,Encerrado-PROMULGADO
PL 203/2018,PL,2018,2018-04-27T00:00:00,2019-06-25T10:15:00,Encerrado-PROMULGADO
PL 203/2019,PL,2019,2019-03-26T00:00:00,2021-08-31T18:34:00,Encerrado-PROMULGADO
PL 203/2022,PL,2022,2022-03-28T00:00:00,2022-05-16T16:16:12,Encerrado-RETIRADO PELO AUTOR
PL 203/2024,PL,2024,2024-04-01T00:00:00,2025-07-29T16:04:00,Encerrado-PROMULGADO
PL 204/2013,PL,2013,2013-04-09T00:00:00,2017-01-04T13:30:00,Encerrado-TERMINO DE LEGISLATURA (ART. 275 REG. INT.)
PL 204/2014,PL,2014,2014-05-06T00:00:00,2015-04-30T00:00:00,Encerrado-RETIRADO PELO AUTOR
PL 204/2015,PL,2015,2015-05-08T00:00:00,2017-01-02T17:37:00,Encerrado-TERMINO DE LEGISLATURA (ART. 275 REG. INT.)
PL 204/2016,PL,2016,2016-05-06T00:00:00,2017-07-11T00:00:00,Encerrado-PROMULGADO
PL 204/2018,PL,2018,2018-04-27T00:00:00,2023-06-20T16:55:00,Encerrado-PROMULGADO
PL 204/2020,PL,2020,2020-04-01T00:00:00,2021-02-12T18:30:00,Encerrado-TERMINO DE LEGISLATURA (ART. 275 REG. INT.)
PL 204/2022,PL,2022,2022-03-29T00:00:00,2025-01-16T22:30:56,Encerrado-TERMINO DE LEGISLATURA (ART. 275 REG. INT.)
PL 204/2024,PL,2024,2024-04-01T00:00:00,2025-01-27T19:54:04,Encerrado-TERMINO DE LEGISLATURA (ART. 275 REG. INT.)
PL 204/2025,PL,2025,2025-02-20T00:00:00,2025-09-25T11:46:00,Encerrado-PROMULGADO
PL 204/2026,PL,2026,2026-03-13T00:00:00,2026-09-22T11:10:49,APENSADO
PL 205/2015,PL,2015,2015-05-08T00:00:00,2017-01-02T16:10:00,Encerrado-TERMINO DE LEGISLATURA (ART. 275 REG. INT.)
PL 205/2018,PL,2018,2018-05-02T00:00:00,2018-09-18T14:19:00,Encerrado-RETIRADO PELO AUTOR
PL 205/2019,PL,2019,2019-03-27T00:00:00,2019-10-22T19:13:00,Encerrado-ILEGALIDADE (ART. 79 REG. INT.)
PL 205/2020,PL,2020,2020-04-02T00:00:00,2025-01-13T22:21:59,Encerrado-TERMINO DE LEGISLATURA (ART. 275 REG. INT.)
PL 205/2021,PL,2021,2021-04-08T00:00:00,2025-01-13T16:47:00,Encerrado-TERMINO DE LEGISLATURA (ART. 275 REG. INT.)
PL 205/2022,PL,2022,2022-03-29T00:00:00,2025-01-16T22:30:55,Encerrado-TERMINO DE LEGISLATURA (ART. 275 REG. INT.)
PL 206/2014,PL,2014,2014-04-24T00:00:00,2018-02-07T09:55:00,Encerrado-PROMULGADO
PL 206/2015,PL,2015,2015-05-08T00:00:00,2021-01-13T14:42:00,Encerrado-TERMINO DE LEGISLATURA (ART. 275 REG. INT.)
PL 206/2016,PL,2016,2016-05-09T00:00:00,2018-03-12T09:42:00,Encerrado-PROMULGADO
PL 206/2019,PL,2019,2019-03-27T00:00:00,2024-04-04T11:55:00,Encerrado-ILEGALIDADE (ART. 79 REG. INT.)
PL 206/2020,PL,2020,2020-04-02T00:00:00,2022-06-19T20:22:54,Encerrado-RETIRADO PELO AUTOR
PL 206/2021,PL,2021,2021-04-08T00:00:00,2025-01-14T21:56:26,Encerrado-TERMINO DE LEGISLATURA (ART. 275 REG. INT.)
PL 206/2022,PL,2022,2022-03-29T00:00:00,2025-01-08T18:42:00,Encerrado-TERMINO DE LEGISLATURA (ART. 275 REG. INT.)
PL 206/2023,PL,2023,2023-04-24T00:00:00,2025-11-04T10:55:00,Encerrado-PROMULGADO
PL 206/2024,PL,2024,2024-04-03T00:00:00,2024-08-09T18:03:20,Encerrado-RETIRADO PELO AUTOR
PL 207/2015,PL,2015,2015-05-08T00:00:00,2016-04-08T14:46:48,Encerrado-ARQUIVADO
PL 207/2016,PL,2016,2016-05-09T00:00:00,2021-01-05T14:30:50,Encerrado-TERMINO DE LEGISLATURA (ART. 275 REG. INT.)
PL 207/2017,PL,2017,2017-04-04T00:00:00,2019-05-10T16:30:00,Encerrado-ILEGALIDADE (ART. 79 REG. INT.)
PL 207/2021,PL,2021,2021-04-08T00:00:00,2025-01-14T21:56:25,Encerrado-TERMINO DE LEGISLATURA (ART. 275 REG. INT.)
PL 207/2023,PL,2023,2023-04-25T00:00:00,2023-08-29T15:27:07,Encerrado-RETIRADO PELO AUTOR
PL 208/2013,PL,2013,2013-04-11T00:00:00,2025-05-29T19:01:00,Encerrado-VETO TOTAL ACEITO
PL 208/2015,PL,2015,2015-05-08T00:00:00,2017-11-06T09:22:00,Encerrado-PROMULGADO
PL 208/2016,PL,2016,2016-05-09T00:00:00,2019-10-08T16:09:00,Encerrado-VETO TOTAL ACEITO
PL 208/2017,PL,2017,2017-04-04T00:00:00,2017-11-08T10:00:00,Encerrado-PROMULGADO
PL 208/2018,PL,2018,2018-05-02T00:00:00,2018-09-06T00:00:00,Encerrado-ILEGALIDADE (ART. 79 REG. INT.)
PL 208/2019,PL,2019,2019-03-27T00:00:00,2024-04-04T11:55:00,Encerrado-ILEGALIDADE (ART. 79 REG. INT.)
PL 208/2023,PL,2023,2023-04-25T00:00:00,2024-02-28T13:31:44,APENSADO
PL 208/2024,PL,2024,2024-04-03T00:00:00,2025-01-23T02:00:36,Encerrado-TERMINO DE LEGISLATURA (ART. 275 REG. INT.)
PL 209/2014,PL,2014,2014-04-25T00:00:00,2017-09-06T17:29:00,Encerrado-RETIRADO PELO AUTOR
PL 209/2015,PL,2015,2015-05-11T00:00:00,2021-01-13T14:42:00,Encerrado-TERMINO DE LEGISLATURA (ART. 275 REG. INT.)
PL 209/2016,PL,2016,2016-05-10T00:00:00,2025-03-19T16:53:00,Encerrado-VETO TOTAL ACEITO
PL 209/2017,PL,2017,2017-04-04T00:00:00,2025-03-19T16:53:00,Encerrado-VETO TOTAL ACEITO
PL 209/2019,PL,2019,2019-03-27T00:00:00,2020-09-09T14:44:00,Encerrado-PROMULGADO
PL 209/2025,PL,2025,2025-02-24T00:00:00,2025-04-07T20:17:00,Encerrado-RETIRADO PELO AUTOR
PL 209/2026,PL,2026,2026-03-16T00:00:00,2026-08-25T16:07:39,APENSADO
PL 21/2014,PL,2014,2014-02-05T00:00:00,2025-01-13T15:10:00,Encerrado-TERMINO DE LEGISLATURA (ART. 275 REG. INT.)
PL 21/2016,PL,2016,2016-02-03T00:00:00,2017-01-02T17:43:00,Encerrado-TERMINO DE LEGISLATURA (ART. 275 REG. INT.)
PL 21/2017,PL,2017,2017-01-18T00:00:00,2025-01-13T16:29:00,Encerrado-TERMINO DE LEGISLATURA (ART. 275 REG. INT.)
PL 21/2018,PL,2018,2018-02-06T00:00:00,2018-02-21T00:00:00,Encerrado-RETIRADO PELO AUTOR
PL 21/2020,PL,2020,2020-02-04T00:00:00,2020-12-10T17:27:00,Encerrado-PROMULGADO
PL 21/2021,PL,2021,2021-01-18T00:00:00,2021-11-22T13:56:14,Encerrado-RETIRADO PELO AUTOR
PL 21/2023,PL,2023,2023-02-02T00:00:00,2025-01-23T16:19:41,Encerrado-TERMINO DE LEGISLATURA (ART. 275 REG. INT.)
PL 21/2026,PL,2026,2026-01-16T00:00:00,2026-08-25T16:05:45,APENSADO
PL 210/2013,PL,2013,2013-04-11T00:00:00,2021-01-14T11:37:00,Encerrado-TERMINO DE LEGISLATURA (ART. 275 REG. INT.)
PL 210/2015,PL,2015,2015-05-11T00:00:00,2025-05-29T19:01:00,Encerrado-VETO TOTAL ACEITO
PL 210/2016,PL,2016,2016-05-10T00:00:00,2019-01-16T13:11:00,Encerrado-PROMULGADO
PL 210/2018,PL,2018,2018-05-03T00:00:00,2019-09-05T09:23:00,Encerrado-PROMULGADO
PL 210/2021,PL,2021,2021-04-08T00:00:00,2025-11-28T15:31:00,Encerrado-ILEGALIDADE (ART. 79 REG. INT.)
PL 211/2013,PL,2013,2013-04-11T00:00:00,2017-09-01T12:30:00,Encerrado-RETIRADO PELO AUTOR
PL 211/2014,PL,2014,2014-04-29T00:00:00,2015-09-11T12:56:59,Encerrado-PROMULGADO
PL 211/2015,PL,2015,2015-05-12T00:00:00,2016-08-08T18:29:34,Encerrado-PROMULGADO
PL 211/2018,PL,2018,2018-05-03T00:00:00,2019-05-29T08:45:00,Encerrado-PROMULGADO
PL 211/2024,PL,2024,2024-04-03T00:00:00,2025-12-19T10:23:00,Encerrado-PROMULGADO
PL 212/2014,PL,2014,2014-04-29T00:00:00,2015-07-02T00:00:00,Encerrado-PROMULGADO
PL 212/2016,PL,2016,2016-05-10T00:00:00,2016-11-24T15:08:19,Encerrado-PROMULGADO
PL 212/2017,PL,2017,2017-04-04T00:00:00,2021-01-12T17:06:00,Encerrado-TERMINO DE LEGISLATURA (ART. 275 REG. INT.)
PL 212/2018,PL,2018,2018-05-03T00:00:00,2019-06-25T10:15:00,Encerrado-PROMULGADO
PL 212/2019,PL,2019,2019-03-27T00:00:00,2019-10-02T08:41:00,Encerrado-PROMULGADO
PL 212/2022,PL,2022,2022-03-30T00:00:00,2025-01-08T18:42:00,Encerrado-TERMINO DE LEGISLATURA (ART. 275 REG. INT.)
PL 212/2024,PL,2024,2024-04-04T00:00:00,2024-10-30T14:23:32,Encerrado-RETIRADO PELO AUTOR
PL 213/2013,PL,2013,2013-04-11T00:00:00,2021-01-14T11:37:00,Encerrado-TERMINO DE LEGISLATURA (ART. 275 REG. INT.)
PL 213/2014,PL,2014,2014-04-29T00:00:00,2015-06-25T00:00:00,Encerrado-PROMULGADO
PL 213/2016,PL,2016,2016-05-10T00:00:00,2016-11-24T15:08:25,Encerrado-PROMULGADO
PL 213/2017,PL,2017,2017-04-04T00:00:00,2018-02-02T09:55:00,Encerrado-PROMULGADO
PL 213/2018,PL,2018,2018-05-03T00:00:00,2019-10-24T00:00:00,APENSADO
PL 213/2019,PL,2019,2019-03-28T00:00:00,2025-01-13T19:22:24,Encerrado-TERMINO DE LEGISLATURA (ART. 275 REG. INT.)
PL 213/2020,PL,2020,2020-04-02T00:00:00,2024-05-17T16:17:40,Encerrado-RETIRADO PELO AUTOR
PL 213/2021,PL,2021,2021-04-09T00:00:00,2025-01-14T22:44:45,Encerrado-TERMINO DE LEGISLATURA (ART. 275 REG. INT.)
PL 213/2024,PL,2024,2024-04-04T00:00:00,2025-11-19T12:04:00,Encerrado-PROMULGADO
PL 213/2026,PL,2026,2026-03-17T00:00:00,2026-04-10T09:46:00,Encerrado-RETIRADO PELO AUTOR
PL 214/2013,PL,2013,2013-04-12T00:00:00,2021-01-14T11:37:00,Encerrado-TERMINO DE LEGISLATURA (ART. 275 REG. INT.)
PL 214/2014,PL,2014,2014-04-29T00:00:00,2015-09-11T12:56:37,Encerrado-PROMULGADO
PL 214/2015,PL,2015,2015-05-12T00:00:00,2017-03-14T13:28:00,Encerrado-ILEGALIDADE (ART. 79 REG. INT.)
PL 214/2016,PL,2016,2016-05-10T00:00:00,2021-01-13T14:53:00,Encerrado-TERMINO DE LEGISLATURA (ART. 275 REG. INT.)
PL 214/2017,PL,2017,2017-04-05T00:00:00,2021-01-04T12:23:52,Encerrado-TERMINO DE LEGISLATURA (ART. 275 REG. INT.)
PL 214/2018,PL,2018,2018-05-03T00:00:00,2019-06-25T10:15:00,Encerrado-PROMULGADO
PL 214/2019,PL,2019,2019-03-28T00:00:00,2025-01-13T19:08:00,Encerrado-TERMINO DE LEGISLATURA (ART. 275 REG. INT.)
PL 214/2020,PL,2020,2020-04-03T00:00:00,2023-08-21T16:12:45,Encerrado-RETIRADO PELO AUTOR
PL 214/2021,PL,2021,2021-04-12T00:00:00,2021-05-09T23:33:56,Encerrado-RETIRADO PELO AUTOR
PL 214/2024,PL,2024,2024-04-08T00:00:00,2025-05-09T17:43:17,Encerrado-RETIRADO PELO AUTOR
PL 214/2025,PL,2025,2025-02-24T00:00:00,2025-04-07T20:17:00,Encerrado-RETIRADO PELO AUTOR
PL 214/2026,PL,2026,2026-03-17T00:00:00,2026-09-08T15:26:00,Encerrado-RETIRADO PELO AUTOR
PL 215/2016,PL,2016,2016-05-11T00:00:00,2017-08-17T13:21:00,Encerrado-ILEGALIDADE (ART. 79 REG. INT.)
PL 215/2017,PL,2017,2017-04-05T00:00:00,2025-05-29T19:01:00,Encerrado-VETO TOTAL ACEITO
PL 215/2018,PL,2018,2018-05-03T00:00:00,2020-06-02T11:10:00,Encerrado-PROMULGADO
PL 215/2019,PL,2019,2019-03-28T00:00:00,2019-09-20T16:28:00,Encerrado-ILEGALIDADE (ART. 79 REG. INT.)
PL 215/2020,PL,2020,2020-04-03T00:00:00,2023-08-21T16:12:46,Encerrado-RETIRADO PELO AUTOR
PL 215/2021,PL,2021,2021-04-12T00:00:00,2023-07-25T18:30:00,Encerrado-ILEGALIDADE (ART. 79 REG. INT.)
PL 215/2022,PL,2022,2022-03-30T00:00:00,2026-06-02T11:31:00,Encerrado-PROMULGADO
PL 215/2024,PL,2024,2024-04-08T00:00:00,2025-12-19T10:23:00,Encerrado-PROMULGADO
PL 215/2025,PL,2025,2025-02-24T00:00:00,2025-09-30T13:20:14,Encerrado-RETIRADO PELO AUTOR
PL 215/2026,PL,2026,2026-03-17T00:00:00,2026-04-16T14:36:18,Encerrado-RETIRADO PELO AUTOR
PL 216/2013,PL,2013,2013-04-16T00:00:00,2025-03-26T23:33:00,Encerrado-VETO TOTAL ACEITO
PL 216/2015,PL,2015,2015-05-12T00:00:00,2017-01-04T13:14:00,Encerrado-TERMINO DE LEGISLATURA (ART. 275 REG. INT.)
PL 216/2016,PL,2016,2016-05-11T00:00:00,2019-12-06T11:14:00,Encerrado-ILEGALIDADE (ART. 79 REG. INT.)
PL 216/2017,PL,2017,2017-04-05T00:00:00,2017-05-29T00:00:00,Encerrado-PROMULGADO
PL 216/2020,PL,2020,2020-04-03T00:00:00,2021-01-08T12:49:50,Encerrado-TERMINO DE LEGISLATURA (ART. 275 REG. INT.)
PL 216/2021,PL,2021,2021-04-12T00:00:00,2022-03-17T17:24:00,Encerrado-RETIRADO PELO AUTOR
PL 216/2023,PL,2023,2023-05-03T00:00:00,2024-05-21T14:10:00,Encerrado-RETIRADO PELO AUTOR
PL 216/2026,PL,2026,2026-03-17T00:00:00,2026-04-16T14:35:03,Encerrado-RETIRADO PELO AUTOR
PL 217/2013,PL,2013,2013-04-16T00:00:00,2017-01-02T11:00:00,Encerrado-TERMINO DE LEGISLATURA (ART. 275 REG. INT.)
PL 217/2014,PL,2014,2014-05-06T00:00:00,2025-01-13T15:10:00,Encerrado-TERMINO DE LEGISLATURA (ART. 275 REG. INT.)
PL 217/2016,PL,2016,2016-05-11T00:00:00,2017-10-11T12:37:00,Encerrado-PROMULGADO
PL 217/2018,PL,2018,2018-05-04T00:00:00,2020-01-15T09:35:00,Encerrado-PROMULGADO
PL 217/2020,PL,2020,2020-04-03T00:00:00,2020-09-28T16:52:00,Encerrado-REJEITADO
PL 217/2023,PL,2023,2023-05-03T00:00:00,2026-04-30T10:28:00,Encerrado-PROMULGADO
PL 217/2025,PL,2025,2025-02-24T00:00:00,2025-04-07T20:17:00,Encerrado-RETIRADO PELO AUTOR
PL 218/2013,PL,2013,2013-04-16T00:00:00,2019-09-24T09:28:00,Encerrado-VETO TOTAL ACEITO
PL 218/2014,PL,2014,2014-04-30T00:00:00,2025-03-26T17:07:00,Encerrado-VETO PARCIAL ACEITO
PL 218/2015,PL,2015,2015-05-12T00:00:00,2021-01-13T14:42:00,Encerrado-TERMINO DE LEGISLATURA (ART. 275 REG. INT.)
PL 218/2016,PL,2016,2016-05-12T00:00:00,2016-11-24T15:08:24,Encerrado-PROMULGADO
PL 218/2017,PL,2017,2017-04-06T00:00:00,2019-08-08T19:11:00,Encerrado-ILEGALIDADE (ART. 79 REG. INT.)
PL 218/2018,PL,2018,2018-05-07T00:00:00,2019-09-25T09:53:00,Encerrado-PROMULGADO
PL 218/2020,PL,2020,2020-04-06T00:00:00,2023-08-22T17:58:17,Encerrado-RETIRADO PELO AUTOR
PL 218/2022,PL,2022,2022-03-30T00:00:00,2024-09-11T12:14:54,Encerrado-RETIRADO PELO AUTOR
PL 218/2023,PL,2023,2023-05-03T00:00:00,2023-10-31T13:36:00,Encerrado-PROMULGADO
PL 218/2024,PL,2024,2024-04-08T00:00:00,2025-09-04T15:29:34,APENSADO
PL 218/2025,PL,2025,2025-02-25T00:00:00,2025-07-10T16:20:00,Encerrado-PROMULGADO
PL 219/2016,PL,2016,2016-05-12T00:00:00,2017-04-11T00:00:00,Encerrado-PROMULGADO
PL 219/2018,PL,2018,2018-05-07T00:00:00,2019-10-14T09:00:00,Encerrado-PROMULGADO
PL 219/2020,PL,2020,2020-04-06T00:00:00,2023-09-19T16:10:46,Encerrado-RETIRADO PELO AUTOR
PL 219/2022,PL,2022,2022-03-30T00:00:00,2025-01-16T22:37:19,Encerrado-TERMINO DE LEGISLATURA (ART. 275 REG. INT.)
PL 219/2024,PL,2024,2024-04-08T00:00:00,2025-01-17T15:56:12,Encerrado-TERMINO DE LEGISLATURA (ART. 275 REG. INT.)
PL 22/2013,PL,2013,2013-02-07T00:00:00,2019-10-30T18:44:00,Encerrado-VETO TOTAL ACEITO
PL 22/2016,PL,2016,2016-02-04T00:00:00,2018-03-12T17:48:00,Encerrado-RETIRADO PELO AUTOR
PL 22/2017,PL,2017,2017-01-18T00:00:00,2017-04-19T16:47:00,Encerrado-PROMULGADO
PL 22/2019,PL,2019,2019-01-16T00:00:00,2019-10-15T18:44:00,Encerrado-ILEGALIDADE (ART. 79 REG. INT.)
PL 22/2020,PL,2020,2020-02-04T00:00:00,2023-10-16T13:42:00,Encerrado-PROMULGADO
PL 22/2021,PL,2021,2021-01-18T00:00:00,2026-05-08T12:46:00,Encerrado-PROMULGADO
PL 22/2023,PL,2023,2023-02-02T00:00:00,2025-01-21T13:59:58,Encerrado-TERMINO DE LEGISLATURA (ART. 275 REG. INT.)
PL 22/2024,PL,2024,2024-01-18T00:00:00,2025-01-17T16:53:38,Encerrado-TERMINO DE LEGISLATURA (ART. 275 REG. INT.)
PL 22/2026,PL,2026,2026-01-19T00:00:00,2026-02-04T16:48:00,Encerrado-RETIRADO PELO AUTOR
PL 220/2014,PL,2014,2014-05-06T00:00:00,2019-05-02T09:54:00,Encerrado-VETO TOTAL ACEITO
PL 220/2015,PL,2015,2015-05-12T00:00:00,2017-01-04T13:03:00,Encerrado-TERMINO DE LEGISLATURA (ART. 275 REG. INT.)
PL 220/2016,PL,2016,2016-05-13T00:00:00,2016-11-24T15:08:26,Encerrado-PROMULGADO
PL 220/2017,PL,2017,2017-04-06T00:00:00,2018-01-19T13:30:00,Encerrado-PROMULGADO
PL 220/2018,PL,2018,2018-05-07T00:00:00,2019-04-26T17:08:00,Encerrado-ILEGALIDADE (ART. 79 REG. INT.)
PL 220/2019,PL,2019,2019-04-01T00:00:00,2019-09-26T18:04:00,Encerrado-ILEGALIDADE (ART. 79 REG. INT.)
PL 220/2020,PL,2020,2020-04-06T00:00:00,2022-03-28T11:52:44,Encerrado-RETIRADO PELO AUTOR
PL 220/2021,PL,2021,2021-04-13T00:00:00,2025-03-25T14:27:08,Encerrado-RETIRADO PELO AUTOR
PL 220/2022,PL,2022,2022-03-30T00:00:00,2025-01-16T22:37:18,Encerrado-TERMINO DE LEGISLATURA (ART. 275 REG. INT.)
PL 220/2024,PL,2024,2024-04-08T00:00:00,2025-06-03T14:54:00,Encerrado-PROMULGADO
PL 221/2013,PL,2013,2013-04-16T00:00:00,2017-01-23T16:10:00,Encerrado-TERMINO DE LEGISLATURA (ART. 275 REG. INT.)
PL 221/2015,PL,2015,2015-05-12T00:00:00,2025-03-26T17:07:00,Encerrado-VETO PARCIAL ACEITO
PL 221/2016,PL,2016,2016-05-16T00:00:00,2021-01-27T16:15:46,Encerrado-TERMINO DE LEGISLATURA (ART. 275 REG. INT.)
PL 221/2017,PL,2017,2017-04-06T00:00:00,2025-05-29T19:01:00,Encerrado-VETO TOTAL ACEITO
PL 221/2018,PL,2018,2018-05-08T00:00:00,2021-01-27T19:58:35,Encerrado-TERMINO DE LEGISLATURA (ART. 275 REG. INT.)
PL 221/2019,PL,2019,2019-04-01T00:00:00,2019-09-26T18:04:00,Encerrado-ILEGALIDADE (ART. 79 REG. INT.)
PL 221/2020,PL,2020,2020-04-06T00:00:00,2023-09-19T16:10:48,Encerrado-RETIRADO PELO AUTOR
PL 221/2022,PL,2022,2022-03-30T00:00:00,2025-01-16T21:58:23,Encerrado-TERMINO DE LEGISLATURA (ART. 275 REG. INT.)
PL 221/2023,PL,2023,2023-05-04T00:00:00,2024-01-12T13:59:00,Encerrado-PROMULGADO
PL 221/2024,PL,2024,2024-04-08T00:00:00,2024-04-19T15:21:00,Encerrado-RETIRADO PELO AUTOR
PL 222/2015,PL,2015,2015-05-13T00:00:00,2016-06-28T00:00:00,Encerrado-PROMULGADO
PL 222/2016,PL,2016,2016-05-16T00:00:00,2017-01-02T10:00:00,Encerrado-TERMINO DE LEGISLATURA (ART. 275 REG. INT.)
PL 222/2017,PL,2017,2017-04-06T00:00:00,2025-01-10T17:46:39,Encerrado-TERMINO DE LEGISLATURA (ART. 275 REG. INT.)
PL 222/2018,PL,2018,2018-05-08T00:00:00,2018-06-08T13:30:00,Encerrado-RETIRADO PELO AUTOR
PL 222/2019,PL,2019,2019-04-02T00:00:00,2025-01-13T19:08:00,Encerrado-TERMINO DE LEGISLATURA (ART. 275 REG. INT.)
PL 222/2020,PL,2020,2020-04-06T00:00:00,2022-03-28T11:51:29,Encerrado-RETIRADO PELO AUTOR
PL 222/2021,PL,2021,2021-04-13T00:00:00,2025-05-21T16:16:00,Encerrado-PROMULGADO
PL 222/2022,PL,2022,2022-03-31T00:00:00,2023-07-25T18:18:00,Encerrado-ILEGALIDADE (ART. 79 REG. INT.)
PL 222/2023,PL,2023,2023-05-04T00:00:00,2024-02-20T18:32:29,APENSADO
PL 222/2024,PL,2024,2024-04-08T00:00:00,2024-07-18T12:30:00,Encerrado-PROMULGADO
PL 222/2025,PL,2025,2025-02-25T00:00:00,2025-05-30T17:32:00,Encerrado-RETIRADO PELO AUTOR
PL 222/2026,PL,2026,2026-03-19T00:00:00,2026-09-22T11:11:19,APENSADO
PL 223/2013,PL,2013,2013-04-16T00:00:00,2020-09-22T17:18:00,Encerrado-VETO PARCIAL ACEITO
PL 223/2014,PL,2014,2014-05-07T00:00:00,2017-01-04T13:19:00,Encerrado-TERMINO DE LEGISLATURA (ART. 275 REG. INT.)
PL 223/2015,PL,2015,2015-05-13T00:00:00,2016-08-03T13:06:49,Encerrado-PROMULGADO
PL 223/2016,PL,2016,2016-05-16T00:00:00,2021-01-08T12:19:36,Encerrado-TERMINO DE LEGISLATURA (ART. 275 REG. INT.)
PL 223/2017,PL,2017,2017-04-07T00:00:00,2017-11-08T10:00:00,Encerrado-PROMULGADO
PL 223/2018,PL,2018,2018-05-08T00:00:00,2018-10-04T00:00:00,Encerrado-ILEGALIDADE (ART. 79 REG. INT.)
PL 223/2019,PL,2019,2019-04-02T00:00:00,2025-01-13T19:12:00,Encerrado-TERMINO DE LEGISLATURA (ART. 275 REG. INT.)
PL 223/2020,PL,2020,2020-04-06T00:00:00,2021-01-13T17:07:32,Encerrado-TERMINO DE LEGISLATURA (ART. 275 REG. INT.)
PL 223/2023,PL,2023,2023-05-04T00:00:00,2025-01-14T10:34:07,Encerrado-TERMINO DE LEGISLATURA (ART. 275 REG. INT.)
PL 223/2024,PL,2024,2024-04-09T00:00:00,2025-06-23T14:34:01,Encerrado-RETIRADO PELO AUTOR
PL 224/2014,PL,2014,2014-05-07T00:00:00,2015-06-02T14:07:22,Encerrado-PROMULGADO
PL 224/2015,PL,2015,2015-05-14T00:00:00,2016-07-05T13:43:24,Encerrado-ARQUIVADO
PL 224/2016,PL,2016,2016-05-16T00:00:00,2017-01-02T17:51:00,Encerrado-TERMINO DE LEGISLATURA (ART. 275 REG. INT.)
PL 224/2017,PL,2017,2017-04-07T00:00:00,2021-02-09T14:16:00,Encerrado-PROMULGADO
PL 224/2018,PL,2018,2018-05-08T00:00:00,2021-02-01T04:22:10,Encerrado-TERMINO DE LEGISLATURA (ART. 275 REG. INT.)
PL 224/2020,PL,2020,2020-04-06T00:00:00,2021-01-27T17:23:27,Encerrado-TERMINO DE LEGISLATURA (ART. 275 REG. INT.)
PL 224/2023,PL,2023,2023-05-04T00:00:00,2024-02-28T13:25:19,APENSADO
PL 224/2026,PL,2026,2026-03-19T00:00:00,2026-09-01T14:00:07,APENSADO
PL 225/2013,PL,2013,2013-04-16T00:00:00,2019-04-11T11:28:00,Encerrado-VETO TOTAL ACEITO
PL 225/2015,PL,2015,2015-05-14T00:00:00,2017-04-18T00:00:00,Encerrado-PROMULGADO
PL 225/2016,PL,2016,2016-05-16T00:00:00,2017-01-02T17:51:00,Encerrado-TERMINO DE LEGISLATURA (ART. 275 REG. INT.)
PL 225/2017,PL,2017,2017-04-07T00:00:00,2018-02-15T00:00:00,Encerrado-ILEGALIDADE (ART. 79 REG. INT.)
PL 225/2018,PL,2018,2018-05-09T00:00:00,2019-04-30T10:27:00,Encerrado-PROMULGADO
PL 225/2019,PL,2019,2019-04-02T00:00:00,2020-03-13T08:50:00,Encerrado-PROMULGADO
PL 225/2020,PL,2020,2020-04-06T00:00:00,2021-04-07T17:27:00,Encerrado-RETIRADO PELO AUTOR
PL 225/2021,PL,2021,2021-04-14T00:00:00,2022-05-09T14:00:00,Encerrado-PROMULGADO
PL 225/2022,PL,2022,2022-03-31T00:00:00,2022-04-04T12:45:00,Encerrado-RETIRADO PELO AUTOR
PL 225/2023,PL,2023,2023-05-04T00:00:00,2024-01-08T18:12:00,Encerrado-PROMULGADO
PL 225/2024,PL,2024,2024-04-09T00:00:00,2025-01-27T19:54:05,Encerrado-TERMINO DE LEGISLATURA (ART. 275 REG. INT.)
PL 226/2015,PL,2015,2015-05-14T00:00:00,2016-05-12T18:42:36,Encerrado-RETIRADO PELO AUTOR
PL 226/2016,PL,2016,2016-05-16T00:00:00,2017-01-02T17:51:00,Encerrado-TERMINO DE LEGISLATURA (ART. 275 REG. INT.)
PL 226/2017,PL,2017,2017-04-07T00:00:00,2026-01-05T15:31:00,Encerrado-PROMULGADO
PL 226/2019,PL,2019,2019-04-02T00:00:00,2020-03-09T08:02:00,Encerrado-PROMULGADO
PL 226/2020,PL,2020,2020-04-06T00:00:00,2021-10-15T19:51:49,Encerrado-RETIRADO PELO AUTOR
PL 226/2025,PL,2025,2025-02-25T00:00:00,2026-07-20T17:46:00,Encerrado-PROMULGADO
PL 227/2013,PL,2013,2013-04-17T00:00:00,2019-04-23T17:10:00,Encerrado-VETO TOTAL ACEITO
PL 227/2014,PL,2014,2014-05-08T00:00:00,2021-10-20T16:02:00,Encerrado-TERMINO DE LEGISLATURA (ART. 275 REG. INT.)
PL 227/2015,PL,2015,2015-05-14T00:00:00,2017-01-03T17:01:00,Encerrado-TERMINO DE LEGISLATURA (ART. 275 REG. INT.)
PL 227/2016,PL,2016,2016-05-16T00:00:00,2017-01-02T10:00:00,Encerrado-TERMINO DE LEGISLATURA (ART. 275 REG. INT.)
PL 227/2017,PL,2017,2017-04-07T00:00:00,2017-11-10T14:30:00,Encerrado-RETIRADO PELO AUTOR
PL 227/2018,PL,2018,2018-05-09T00:00:00,2019-05-10T16:30:00,Encerrado-ILEGALIDADE (ART. 79 REG. INT.)
PL 227/2020,PL,2020,2020-04-06T00:00:00,2021-10-15T19:51:38,Encerrado-RETIRADO PELO AUTOR
PL 227/2021,PL,2021,2021-04-14T00:00:00,2022-08-29T14:22:02,APENSADO
PL 227/2022,PL,2022,2022-03-31T00:00:00,2023-06-27T12:26:37,APENSADO
PL 228/2013,PL,2013,2013-04-17T00:00:00,2017-11-30T18:49:00,APENSADO
PL 228/2016,PL,2016,2016-05-16T00:00:00,2018-01-18T17:27:00,Encerrado-PROMULGADO
PL 228/2017,PL,2017,2017-04-10T00:00:00,2018-02-15T11:24:00,Encerrado-PROMULGADO
PL 228/2018,PL,2018,2018-05-10T00:00:00,2018-06-08T16:47:00,Encerrado-RETIRADO PELO AUTOR
PL 228/2019,PL,2019,2019-04-02T00:00:00,2025-01-13T19:12:00,Encerrado-TERMINO DE LEGISLATURA (ART. 275 REG. INT.)
PL 228/2020,PL,2020,2020-04-06T00:00:00,2023-08-21T16:12:47,Encerrado-RETIRADO PELO AUTOR
PL 228/2021,PL,2021,2021-04-14T00:00:00,2021-10-01T11:06:00,Encerrado-RETIRADO PELO AUTOR
PL 228/2023,PL,2023,2023-05-08T00:00:00,2024-09-11T18:00:00,Encerrado-PROMULGADO
PL 229/2015,PL,2015,2015-05-15T00:00:00,2017-02-01T18:26:00,Encerrado-TERMINO DE LEGISLATURA (ART. 275 REG. INT.)
PL 229/2016,PL,2016,2016-05-16T00:00:00,2017-04-11T00:00:00,Encerrado-PROMULGADO
PL 229/2017,PL,2017,2017-04-10T00:00:00,2021-01-05T18:26:15,Encerrado-TERMINO DE LEGISLATURA (ART. 275 REG. INT.)
PL 229/2018,PL,2018,2018-05-14T00:00:00,2019-01-16T13:11:00,Encerrado-PROMULGADO
PL 229/2019,PL,2019,2019-04-02T00:00:00,2019-09-11T17:01:00,Encerrado-RETIRADO PELO AUTOR
PL 229/2020,PL,2020,2020-04-06T00:00:00,2023-08-21T16:12:48,Encerrado-RETIRADO PELO AUTOR
PL 229/2022,PL,2022,2022-03-31T00:00:00,2022-06-08T15:25:54,APENSADO
PL 23/2013,PL,2013,2013-02-18T00:00:00,2021-01-14T11:32:00,Encerrado-TERMINO DE LEGISLATURA (ART. 275 REG. INT.)
PL 23/2014,PL,2014,2014-02-06T00:00:00,2017-01-02T18:29:00,Encerrado-TERMINO DE LEGISLATURA (ART. 275 REG. INT.)
PL 23/2015,PL,2015,2015-02-03T00:00:00,2016-03-24T00:00:00,Encerrado-PROMULGADO
PL 23/2016,PL,2016,2016-02-04T00:00:00,2017-01-06T14:49:00,Encerrado-PROMULGADO
PL 23/2017,PL,2017,2017-01-18T00:00:00,2021-01-04T15:00:49,Encerrado-TERMINO DE LEGISLATURA (ART. 275 REG. INT.)
PL 23/2020,PL,2020,2020-02-04T00:00:00,2023-08-07T16:44:00,Encerrado-PROMULGADO
PL 23/2022,PL,2022,2022-02-01T00:00:00,2023-08-08T15:08:00,Encerrado-PROMULGADO
PL 23/2023,PL,2023,2023-02-02T00:00:00,2023-09-19T16:10:44,Encerrado-RETIRADO PELO AUTOR
PL 23/2024,PL,2024,2024-01-18T00:00:00,2024-07-30T15:51:04,APENSADO
PL 230/2014,PL,2014,2014-05-12T00:00:00,2015-05-15T12:10:47,Encerrado-ILEGALIDADE (ART. 79 REG. INT.)
PL 230/2015,PL,2015,2015-05-15T00:00:00,2016-12-14T00:00:00,Encerrado-PROMULGADO
PL 230/2016,PL,2016,2016-05-16T00:00:00,2017-01-02T17:51:00,Encerrado-TERMINO DE LEGISLATURA (ART. 275 REG. INT.)
PL 230/2017,PL,2017,2017-04-10T00:00:00,2018-09-19T00:00:00,Encerrado-PROMULGADO
PL 230/2018,PL,2018,2018-05-14T00:00:00,2021-01-12T16:01:00,Encerrado-TERMINO DE LEGISLATURA (ART. 275 REG. INT.)
PL 230/2020,PL,2020,2020-04-06T00:00:00,2023-08-21T16:12:49,Encerrado-RETIRADO PELO AUTOR
PL 230/2023,PL,2023,2023-05-09T00:00:00,2025-01-09T18:06:22,Encerrado-TERMINO DE LEGISLATURA (ART. 275 REG. INT.)
PL 230/2024,PL,2024,2024-04-10T00:00:00,2025-01-23T01:51:22,Encerrado-TERMINO DE LEGISLATURA (ART. 275 REG. INT.)
PL 230/2026,PL,2026,2026-03-20T00:00:00,2026-08-25T16:08:09,APENSADO
PL 231/2013,PL,2013,2013-04-18T00:00:00,2019-09-16T16:39:00,Encerrado-VETO PARCIAL ACEITO
PL 231/2016,PL,2016,2016-05-16T00:00:00,2017-05-26T18:26:00,Encerrado-RETIRADO PELO AUTOR
PL 231/2017,PL,2017,2017-04-11T00:00:00,2018-04-09T09:17:00,Encerrado-PROMULGADO
PL 231/2018,PL,2018,2018-05-14T00:00:00,2025-01-13T18:14:00,Encerrado-TERMINO DE LEGISLATURA (ART. 275 REG. INT.)
PL 231/2019,PL,2019,2019-04-02T00:00:00,2019-10-10T13:41:00,Encerrado-ILEGALIDADE (ART. 79 REG. INT.)
PL 231/2020,PL,2020,2020-04-06T00:00:00,2025-05-29T19:01:00,Encerrado-VETO TOTAL ACEITO
PL 231/2021,PL,2021,2021-04-14T00:00:00,2023-08-07T16:36:00,Encerrado-PROMULGADO
PL 231/2023,PL,2023,2023-05-09T00:00:00,2025-01-20T22:37:55,Encerrado-TERMINO DE LEGISLATURA (ART. 275 REG. INT.)
PL 231/2024,PL,2024,2024-04-10T00:00:00,2025-01-27T17:19:37,Encerrado-TERMINO DE LEGISLATURA (ART. 275 REG. INT.)
PL 232/2013,PL,2013,2013-04-18T00:00:00,2025-01-13T14:05:00,Encerrado-TERMINO DE LEGISLATURA (ART. 275 REG. INT.)
PL 232/2015,PL,2015,2015-05-18T00:00:00,2015-06-19T14:48:40,Encerrado-RETIRADO PELO AUTOR
PL 232/2018,PL,2018,2018-05-14T00:00:00,2019-09-25T09:53:00,Encerrado-PROMULGADO
PL 232/2019,PL,2019,2019-04-02T00:00:00,2019-12-06T00:00:00,APENSADO
PL 232/2020,PL,2020,2020-04-06T00:00:00,2025-01-21T13:58:35,Encerrado-TERMINO DE LEGISLATURA (ART. 275 REG. INT.)
PL 232/2021,PL,2021,2021-04-14T00:00:00,2022-09-26T09:23:53,Encerrado-RETIRADO PELO AUTOR
PL 232/2024,PL,2024,2024-04-10T00:00:00,2025-01-23T01:51:20,Encerrado-TERMINO DE LEGISLATURA (ART. 275 REG. INT.)
PL 233/2014,PL,2014,2013-05-13T00:00:00,2015-10-02T10:33:08,Encerrado-ILEGALIDADE (ART. 79 REG. INT.)
PL 233/2015,PL,2015,2015-05-19T00:00:00,2021-01-13T14:42:00,Encerrado-TERMINO DE LEGISLATURA (ART. 275 REG. INT.)
PL 233/2016,PL,2016,2016-05-16T00:00:00,2019-01-16T15:34:00,Encerrado-PROMULGADO
PL 233/2017,PL,2017,2017-04-11T00:00:00,2021-01-12T17:06:00,Encerrado-TERMINO DE LEGISLATURA (ART. 275 REG. INT.)
PL 233/2019,PL,2019,2019-04-02T00:00:00,2019-12-06T11:14:00,Encerrado-ILEGALIDADE (ART. 79 REG. INT.)
PL 233/2020,PL,2020,2020-04-06T00:00:00,2025-01-13T22:37:03,Encerrado-TERMINO DE LEGISLATURA (ART. 275 REG. INT.)
PL 233/2021,PL,2021,2021-04-15T00:00:00,2021-06-03T13:26:22,Encerrado-RETIRADO PELO AUTOR
PL 233/2023,PL,2023,2023-05-09T00:00:00,2024-06-04T13:25:00,Encerrado-PROMULGADO
PL 234/2014,PL,2014,2014-05-13T00:00:00,2016-04-25T12:17:17,Encerrado-PROMULGADO
PL 234/2015,PL,2015,2015-05-19T00:00:00,2016-08-03T16:15:13,Encerrado-PROMULGADO
PL 234/2016,PL,2016,2016-05-16T00:00:00,2016-07-05T16:04:57,Encerrado-RETIRADO PELO AUTOR
PL 234/2017,PL,2017,2017-04-11T00:00:00,2018-03-14T07:31:00,Encerrado-PROMULGADO
PL 234/2018,PL,2018,2018-05-15T00:00:00,2019-05-30T12:15:00,Encerrado-ILEGALIDADE (ART. 79 REG. INT.)
PL 234/2021,PL,2021,2021-04-15T00:00:00,2021-06-03T13:26:27,Encerrado-RETIRADO PELO AUTOR
PL 234/2023,PL,2023,2023-05-09T00:00:00,2025-01-08T18:57:00,Encerrado-TERMINO DE LEGISLATURA (ART. 275 REG. INT.)
PL 234/2024,PL,2024,2024-04-10T00:00:00,2024-04-16T15:55:00,Encerrado-RETIRADO PELO AUTOR
PL 235/2013,PL,2013,2013-04-19T00:00:00,2025-03-26T17:07:00,Encerrado-VETO PARCIAL ACEITO
PL 235/2015,PL,2015,2015-05-19T00:00:00,2016-08-03T16:15:46,Encerrado-PROMULGADO
PL 235/2016,PL,2016,2016-05-17T00:00:00,2017-01-02T17:51:00,Encerrado-TERMINO DE LEGISLATURA (ART. 275 REG. INT.)
PL 235/2019,PL,2019,2019-04-03T00:00:00,2020-09-09T15:06:00,Encerrado-PROMULGADO
PL 235/2020,PL,2020,2020-04-07T00:00:00,2021-09-09T15:32:00,Encerrado-PROMULGADO
PL 235/2021,PL,2021,2021-04-15T00:00:00,2025-01-23T12:28:05,Encerrado-TERMINO DE LEGISLATURA (ART. 275 REG. INT.)
PL 235/2023,PL,2023,2023-05-09T00:00:00,2024-08-01T12:47:11,Encerrado-RETIRADO PELO AUTOR
PL 236/2016,PL,2016,2016-05-17T00:00:00,2021-08-11T14:16:00,Encerrado-RETIRADO PELO AUTOR
PL 236/2017,PL,2017,2017-04-11T00:00:00,2025-05-29T10:02:00,Encerrado-VETO PARCIAL ACEITO
PL 236/2019,PL,2019,2019-04-03T00:00:00,2020-02-11T08:16:00,Encerrado-PROMULGADO
PL 236/2021,PL,2021,2021-04-15T00:00:00,2025-05-29T09:26:00,Encerrado-VETO PARCIAL ACEITO
PL 236/2023,PL,2023,2023-05-10T00:00:00,2025-01-21T18:18:25,Encerrado-TERMINO DE LEGISLATURA (ART. 275 REG. INT.)
PL 237/2014,PL,2014,2014-05-14T00:00:00,2015-05-21T00:00:00,Encerrado-PROMULGADO
PL 237/2016,PL,2016,2016-05-17T00:00:00,2017-01-02T17:51:00,Encerrado-TERMINO DE LEGISLATURA (ART. 275 REG. INT.)
PL 237/2017,PL,2017,2017-04-11T00:00:00,2025-05-29T19:01:00,Encerrado-VETO TOTAL ACEITO
PL 237/2018,PL,2018,2018-05-15T00:00:00,2019-12-13T09:13:00,Encerrado-PROMULGADO
PL 237/2019,PL,2019,2019-04-03T00:00:00,2019-09-23T15:33:00,Encerrado-RETIRADO PELO AUTOR
PL 237/2020,PL,2020,2020-04-08T00:00:00,2021-10-15T19:51:36,Encerrado-RETIRADO PELO AUTOR
PL 237/2023,PL,2023,2023-05-10T00:00:00,2024-05-02T17:05:53,Encerrado-RETIRADO PELO AUTOR
PL 237/2024,PL,2024,2024-04-11T00:00:00,2025-12-17T12:49:00,Encerrado-PROMULGADO
PL 238/2016,PL,2016,2016-05-18T00:00:00,2021-01-13T14:53:00,Encerrado-TERMINO DE LEGISLATURA (ART. 275 REG. INT.)
PL 238/2019,PL,2019,2019-04-03T00:00:00,2021-08-18T17:11:00,Encerrado-PROMULGADO
PL 238/2020,PL,2020,2020-04-08T00:00:00,2021-09-13T17:51:00,Encerrado-PROMULGADO
PL 238/2021,PL,2021,2021-04-16T00:00:00,2022-10-25T10:12:03,Encerrado-RETIRADO PELO AUTOR
PL 238/2023,PL,2023,2023-05-10T00:00:00,2025-01-20T22:38:05,Encerrado-TERMINO DE LEGISLATURA (ART. 275 REG. INT.)
PL 238/2025,PL,2025,2025-02-27T00:00:00,2025-12-01T10:32:00,Encerrado-PROMULGADO
PL 239/2013,PL,2013,2013-04-23T00:00:00,2017-01-23T16:10:00,Encerrado-TERMINO DE LEGISLATURA (ART. 275 REG. INT.)
PL 239/2014,PL,2014,2014-05-14T00:00:00,2017-06-09T16:27:00,Encerrado-RETIRADO PELO AUTOR
PL 239/2015,PL,2015,2015-05-20T00:00:00,2021-01-28T12:04:00,Encerrado-RETIRADO PELO AUTOR
PL 239/2016,PL,2016,2016-05-18T00:00:00,2017-01-02T17:51:00,Encerrado-TERMINO DE LEGISLATURA (ART. 275 REG. INT.)
PL 239/2017,PL,2017,2017-04-13T00:00:00,2019-05-30T10:22:00,Encerrado-VETO PARCIAL ACEITO
PL 239/2019,PL,2019,2019-04-03T00:00:00,2019-10-29T08:35:00,Encerrado-PROMULGADO
PL 239/2020,PL,2020,2020-04-08T00:00:00,2021-01-27T16:32:08,Encerrado-TERMINO DE LEGISLATURA (ART. 275 REG. INT.)
PL 24/2014,PL,2014,2014-02-06T00:00:00,2025-05-22T20:13:00,Encerrado-VETO TOTAL ACEITO
PL 24/2016,PL,2016,2016-02-11T00:00:00,2017-01-02T17:43:00,Encerrado-TERMINO DE LEGISLATURA (ART. 275 REG. INT.)
PL 24/2017,PL,2017,2017-01-26T00:00:00,2017-05-15T00:00:00,Encerrado-PROMULGADO
PL 24/2018,PL,2018,2018-02-06T00:00:00,2019-01-31T09:46:00,Encerrado-PROMULGADO
PL 24/2020,PL,2020,2020-02-04T00:00:00,2025-03-13T14:36:00,Encerrado-VETO TOTAL ACEITO
PL 24/2024,PL,2024,2024-01-18T00:00:00,2025-01-23T00:36:57,Encerrado-TERMINO DE LEGISLATURA (ART. 275 REG. INT.)
PL 24/2025,PL,2025,2025-01-21T00:00:00,2026-06-09T12:50:00,Encerrado-PROMULGADO
PL 240/2014,PL,2014,2014-05-14T00:00:00,2025-01-13T15:10:00,Encerrado-TERMINO DE LEGISLATURA (ART. 275 REG. INT.)
PL 240/2016,PL,2016,2016-05-18T00:00:00,2019-05-27T17:37:00,Encerrado-RETIRADO PELO AUTOR
PL 240/2017,PL,2017,2017-04-13T00:00:00,2019-06-07T13:25:00,Encerrado-VETO PARCIAL ACEITO
PL 240/2018,PL,2018,2018-05-15T00:00:00,2025-01-13T18:14:00,Encerrado-TERMINO DE LEGISLATURA (ART. 275 REG. INT.)
PL 240/2019,PL,2019,2019-04-04T00:00:00,2020-01-23T10:27:00,Encerrado-PROMULGADO
PL 240/2020,PL,2020,2020-04-09T00:00:00,2022-06-24T13:41:00,Encerrado-PROMULGADO
PL 240/2021,PL,2021,2021-04-19T00:00:00,2023-08-07T16:36:00,Encerrado-PROMULGADO
PL 240/2022,PL,2022,2022-03-31T00:00:00,2023-06-27T18:16:16,Encerrado-RETIRADO PELO AUTOR
PL 240/2023,PL,2023,2023-05-11T00:00:00,2024-07-16T19:22:00,Encerrado-PROMULGADO
PL 240/2025,PL,2025,2025-02-27T00:00:00,2025-11-28T15:31:00,Encerrado-ILEGALIDADE (ART. 79 REG. INT.)
PL 241/2014,PL,2014,2014-05-14T00:00:00,2021-10-20T16:02:00,Encerrado-TERMINO DE LEGISLATURA (ART. 275 REG. INT.)
PL 241/2015,PL,2015,2015-05-20T00:00:00,2017-01-02T17:37:00,Encerrado-TERMINO DE LEGISLATURA (ART. 275 REG. INT.)
PL 241/2016,PL,2016,2016-05-18T00:00:00,2025-05-29T19:01:00,Encerrado-VETO TOTAL ACEITO
PL 241/2017,PL,2017,2017-04-13T00:00:00,2017-12-07T00:00:00,Encerrado-ILEGALIDADE (ART. 79 REG. INT.)
PL 241/2018,PL,2018,2018-05-15T00:00:00,2019-08-09T16:44:00,Encerrado-RETIRADO PELO AUTOR
PL 241/2019,PL,2019,2019-04-04T00:00:00,2021-02-18T17:19:00,Encerrado-RETIRADO PELO AUTOR
PL 241/2020,PL,2020,2020-04-09T00:00:00,2025-01-21T13:58:36,Encerrado-TERMINO DE LEGISLATURA (ART. 275 REG. INT.)
PL 241/2021,PL,2021,2021-04-20T00:00:00,2023-01-23T16:48:00,Encerrado-PROMULGADO
PL 242/2014,PL,2014,2014-05-14T00:00:00,2017-06-26T11:00:00,Encerrado-ILEGALIDADE (ART. 79 REG. INT.)
PL 242/2015,PL,2015,2015-05-20T00:00:00,2017-01-02T11:00:00,Encerrado-TERMINO DE LEGISLATURA (ART. 275 REG. INT.)
PL 242/2016,PL,2016,2016-05-18T00:00:00,2016-09-09T11:17:07,Encerrado-ILEGALIDADE (ART. 79 REG. INT.)
PL 242/2017,PL,2017,2017-04-13T00:00:00,2018-09-20T15:05:00,Encerrado-PROMULGADO
PL 242/2023,PL,2023,2023-05-11T00:00:00,2024-01-08T18:36:00,Encerrado-PROMULGADO
PL 243/2013,PL,2013,2013-04-23T00:00:00,2021-10-05T14:31:00,Encerrado-PROMULGADO
PL 243/2015,PL,2015,2015-05-20T00:00:00,2016-01-04T00:00:00,Encerrado-PROMULGADO
PL 243/2016,PL,2016,2016-05-19T00:00:00,2021-01-13T14:53:00,Encerrado-TERMINO DE LEGISLATURA (ART. 275 REG. INT.)
PL 243/2017,PL,2017,2017-04-17T00:00:00,2018-03-14T18:04:00,Encerrado-ILEGALIDADE (ART. 79 REG. INT.)
PL 243/2019,PL,2019,2019-04-04T00:00:00,2019-06-12T18:09:00,Encerrado-RETIRADO PELO AUTOR
PL 243/2022,PL,2022,2022-04-05T00:00:00,2022-05-24T16:48:50,Encerrado-RETIRADO PELO AUTOR
PL 244/2013,PL,2013,2013-04-23T00:00:00,2021-01-28T12:04:00,Encerrado-RETIRADO PELO AUTOR
PL 244/2015,PL,2015,2015-05-21T00:00:00,2015-12-04T00:00:00,Encerrado-RETIRADO PELO AUTOR
PL 244/2016,PL,2016,2016-05-20T00:00:00,2021-01-13T14:53:00,Encerrado-TERMINO DE LEGISLATURA (ART. 275 REG. INT.)
PL 244/2017,PL,2017,2017-04-17T00:00:00,2018-06-29T09:27:00,Encerrado-PROMULGADO
PL 244/2019,PL,2019,2019-04-05T00:00:00,2021-09-09T15:32:00,Encerrado-PROMULGADO
PL 244/2020,PL,2020,2020-04-09T00:00:00,2022-05-31T00:16:47,Encerrado-RETIRADO PELO AUTOR
PL 244/2022,PL,2022,2022-04-05T00:00:00,2025-07-04T13:41:00,Encerrado-PROMULGADO
PL 245/2013,PL,2013,2013-04-23T00:00:00,2017-01-02T17:11:00,Encerrado-TERMINO DE LEGISLATURA (ART. 275 REG. INT.)
PL 245/2014,PL,2014,2014-05-15T00:00:00,2021-10-20T16:02:00,Encerrado-TERMINO DE LEGISLATURA (ART. 275 REG. INT.)
PL 245/2015,PL,2015,2015-05-21T00:00:00,2016-06-15T18:49:11,Encerrado-RETIRADO PELO AUTOR
PL 245/2016,PL,2016,2016-05-20T00:00:00,2021-01-05T14:30:46,Encerrado-TERMINO DE LEGISLATURA (ART. 275 REG. INT.)
PL 245/2017,PL,2017,2017-04-17T00:00:00,2019-10-21T08:50:00,Encerrado-PROMULGADO
PL 245/2018,PL,2018,2018-05-17T00:00:00,2020-01-23T10:27:00,Encerrado-PROMULGADO
PL 245/2019,PL,2019,2019-04-05T00:00:00,2024-05-29T16:01:00,Encerrado-PROMULGADO
PL 245/2020,PL,2020,2020-04-13T00:00:00,2021-01-27T16:31:45,Encerrado-TERMINO DE LEGISLATURA (ART. 275 REG. INT.)
PL 245/2021,PL,2021,2021-04-20T00:00:00,2023-08-07T16:36:00,Encerrado-PROMULGADO
PL 245/2023,PL,2023,2023-05-11T00:00:00,2025-06-03T11:57:00,Encerrado-PROMULGADO
PL 245/2024,PL,2024,2024-04-15T00:00:00,2024-09-11T18:00:00,Encerrado-PROMULGADO
PL 246/2013,PL,2013,2013-04-23T00:00:00,2025-03-26T23:33:00,Encerrado-VETO TOTAL ACEITO
PL 246/2014,PL,2014,2014-05-16T00:00:00,2019-06-05T09:13:00,Encerrado-PROMULGADO
PL 246/2018,PL,2018,2018-05-17T00:00:00,2018-09-28T16:33:00,Encerrado-PROMULGADO
PL 246/2019,PL,2019,2019-04-05T00:00:00,2025-01-22T19:16:15,Encerrado-TERMINO DE LEGISLATURA (ART. 275 REG. INT.)
PL 246/2020,PL,2020,2020-04-13T14:59:30,2020-09-24T10:27:00,Encerrado-RETIRADO PELO AUTOR
PL 246/2021,PL,2021,2021-04-22T00:00:00,2021-09-13T17:51:00,Encerrado-PROMULGADO
PL 246/2024,PL,2024,2024-04-15T00:00:00,2024-04-17T14:06:00,Encerrado-RETIRADO PELO AUTOR
PL 246/2026,PL,2026,2026-03-27T00:00:00,2026-09-29T11:27:00,Encerrado-PROMULGADO
PL 247/2014,PL,2014,2014-05-19T00:00:00,2015-08-21T14:50:21,Encerrado-RETIRADO PELO AUTOR
PL 247/2015,PL,2015,2015-05-21T00:00:00,2015-12-18T00:00:00,Encerrado-PROMULGADO
PL 247/2016,PL,2016,2016-05-23T00:00:00,2016-11-07T00:00:00,Encerrado-PROMULGADO
PL 247/2017,PL,2017,2017-04-18T00:00:00,2017-11-27T00:00:00,Encerrado-ILEGALIDADE (ART. 79 REG. INT.)
PL 247/2018,PL,2018,2018-05-17T00:00:00,2019-10-29T08:35:00,Encerrado-PROMULGADO
PL 247/2019,PL,2019,2019-04-05T00:00:00,2025-03-19T16:53:00,Encerrado-VETO TOTAL ACEITO
PL 247/2020,PL,2020,2020-04-14T00:00:00,2020-09-24T10:14:00,Encerrado-RETIRADO PELO AUTOR
PL 247/2021,PL,2021,2021-04-22T00:00:00,2026-04-08T17:40:00,Encerrado-PROMULGADO
PL 248/2013,PL,2013,2013-04-23T00:00:00,2025-03-26T23:33:00,Encerrado-VETO TOTAL ACEITO
PL 248/2016,PL,2016,2016-05-23T00:00:00,2025-03-19T16:53:00,Encerrado-VETO TOTAL ACEITO
PL 248/2017,PL,2017,2017-04-18T00:00:00,2018-09-19T00:00:00,Encerrado-PROMULGADO
PL 248/2018,PL,2018,2018-05-18T00:00:00,2019-06-05T09:13:00,Encerrado-PROMULGADO
PL 248/2019,PL,2019,2019-04-05T00:00:00,2021-10-08T17:25:00,Encerrado-PROMULGADO
PL 248/2020,PL,2020,2020-04-14T00:00:00,2021-09-09T15:32:00,Encerrado-PROMULGADO
PL 248/2023,PL,2023,2023-05-12T00:00:00,2024-01-08T18:41:00,Encerrado-PROMULGADO
PL 249/2015,PL,2015,2015-05-21T00:00:00,2015-08-03T12:48:34,Encerrado-PROMULGADO
PL 249/2016,PL,2016,2016-05-24T00:00:00,2017-01-02T18:10:00,Encerrado-TERMINO DE LEGISLATURA (ART. 275 REG. INT.)
PL 249/2017,PL,2017,2017-04-18T00:00:00,2025-07-07T16:59:00,Encerrado-VETO TOTAL ACEITO
PL 249/2018,PL,2018,2018-05-18T00:00:00,2018-08-16T15:11:00,Encerrado-RETIRADO PELO AUTOR
PL 249/2019,PL,2019,2019-04-05T00:00:00,2021-09-09T15:32:00,Encerrado-PROMULGADO
PL 249/2021,PL,2021,2021-04-23T00:00:00,2021-11-03T17:13:00,Encerrado-PROMULGADO
PL 249/2022,PL,2022,2022-04-05T00:00:00,2024-07-19T16:11:00,Encerrado-PROMULGADO
PL 249/2023,PL,2023,2023-05-15T00:00:00,2024-07-05T13:15:38,APENSADO
PL 25/2016,PL,2016,2016-02-11T00:00:00,2016-08-24T00:00:00,Encerrado-PROMULGADO
PL 25/2017,PL,2017,2017-01-31T00:00:00,2017-03-10T15:15:00,Encerrado-RETIRADO PELO AUTOR
PL 25/2018,PL,2018,2018-02-06T00:00:00,2018-10-17T09:51:00,Encerrado-PROMULGADO
PL 25/2019,PL,2019,2019-01-18T00:00:00,2025-01-22T15:38:53,Encerrado-TERMINO DE LEGISLATURA (ART. 275 REG. INT.)
PL 25/2020,PL,2020,2020-02-05T00:00:00,2021-01-30T03:10:32,Encerrado-TERMINO DE LEGISLATURA (ART. 275 REG. INT.)
PL 25/2024,PL,2024,2024-01-19T00:00:00,2024-05-23T11:43:53,APENSADO
PL 25/2025,PL,2025,2025-01-21T00:00:00,2026-06-02T11:31:00,Encerrado-PROMULGADO
PL 250/2015,PL,2015,2015-05-21T00:00:00,2017-01-02T12:00:00,Encerrado-TERMINO DE LEGISLATURA (ART. 275 REG. INT.)
PL 250/2016,PL,2016,2016-05-24T00:00:00,2019-05-13T08:31:00,Encerrado-VETO TOTAL ACEITO
PL 250/2017,PL,2017,2017-04-18T00:00:00,2025-01-16T14:58:53,Encerrado-TERMINO DE LEGISLATURA (ART. 275 REG. INT.)
PL 250/2021,PL,2021,2021-04-23T00:00:00,2021-05-24T11:01:11,Encerrado-RETIRADO PELO AUTOR
PL 250/2022,PL,2022,2022-04-05T00:00:00,2026-06-15T11:31:00,Encerrado-PROMULGADO
PL 251/2013,PL,2013,2013-04-24T00:00:00,2021-01-14T11:37:00,Encerrado-TERMINO DE LEGISLATURA (ART. 275 REG. INT.)
PL 251/2014,PL,2014,2014-05-19T00:00:00,2017-09-19T16:13:00,Encerrado-RETIRADO PELO AUTOR
PL 251/2015,PL,2015,2015-05-21T00:00:00,2016-06-20T00:00:00,Encerrado-PROMULGADO
PL 251/2016,PL,2016,2016-05-24T00:00:00,2017-08-23T11:19:00,Encerrado-ILEGALIDADE (ART. 79 REG. INT.)
PL 251/2017,PL,2017,2017-04-18T00:00:00,2017-09-19T16:13:00,Encerrado-RETIRADO PELO AUTOR
PL 251/2018,PL,2018,2018-05-18T00:00:00,2019-07-25T08:20:00,Encerrado-PROMULGADO
PL 251/2020,PL,2020,2020-04-15T00:00:00,2023-08-21T16:12:50,Encerrado-RETIRADO PELO AUTOR
PL 251/2021,PL,2021,2021-04-26T00:00:00,2023-08-07T16:36:00,Encerrado-PROMULGADO
PL 252/2013,PL,2013,2013-04-24T00:00:00,2019-04-18T09:02:00,Encerrado-VETO PARCIAL ACEITO
PL 252/2015,PL,2015,2015-05-21T00:00:00,2021-01-13T14:42:00,Encerrado-TERMINO DE LEGISLATURA (ART. 275 REG. INT.)
PL 252/2016,PL,2016,2016-05-24T00:00:00,2021-01-13T14:53:00,Encerrado-TERMINO DE LEGISLATURA (ART. 275 REG. INT.)
PL 252/2018,PL,2018,2018-05-18T00:00:00,2019-05-30T18:03:00,Encerrado-VETO PARCIAL ACEITO
PL 252/2019,PL,2019,2019-04-08T00:00:00,2022-02-02T18:56:00,Encerrado-TERMINO DE LEGISLATURA (ART. 275 REG. INT.)
PL 252/2020,PL,2020,2020-04-15T00:00:00,2025-05-29T09:23:00,Encerrado-VETO PARCIAL ACEITO
PL 252/2021,PL,2021,2021-04-26T00:00:00,2023-08-07T16:36:00,Encerrado-PROMULGADO
PL 253/2013,PL,2013,2013-04-24T00:00:00,2019-04-18T10:02:00,Encerrado-VETO TOTAL ACEITO
PL 253/2014,PL,2014,2014-05-19T00:00:00,2017-01-02T16:22:00,Encerrado-TERMINO DE LEGISLATURA (ART. 275 REG. INT.)
PL 253/2015,PL,2015,2015-05-21T00:00:00,2015-10-02T13:45:57,Encerrado-RETIRADO PELO AUTOR
PL 253/2016,PL,2016,2016-05-24T00:00:00,2017-01-02T17:51:00,Encerrado-TERMINO DE LEGISLATURA (ART. 275 REG. INT.)
PL 253/2017,PL,2017,2017-04-18T00:00:00,2017-11-23T09:54:00,Encerrado-PROMULGADO
PL 253/2018,PL,2018,2018-05-18T00:00:00,2021-10-05T14:31:00,Encerrado-PROMULGADO
PL 253/2021,PL,2021,2021-04-27T00:00:00,2023-04-11T17:56:00,Encerrado-PROMULGADO
PL 253/2023,PL,2023,2023-05-16T00:00:00,2024-02-28T13:32:16,APENSADO
PL 253/2024,PL,2024,2024-04-16T00:00:00,2024-11-08T13:36:00,Encerrado-PROMULGADO
PL 254/2014,PL,2014,2014-05-10T00:00:00,2017-01-02T12:55:00,Encerrado-TERMINO DE LEGISLATURA (ART. 275 REG. INT.)
PL 254/2015,PL,2015,2015-05-21T00:00:00,2016-07-25T16:45:04,Encerrado-ARQUIVADO
PL 254/2016,PL,2016,2016-05-24T00:00:00,2017-01-02T17:51:00,Encerrado-TERMINO DE LEGISLATURA (ART. 275 REG. INT.)
PL 254/2017,PL,2017,2017-04-19T00:00:00,2019-09-30T15:02:00,Encerrado-PROMULGADO
PL 254/2018,PL,2018,2018-05-21T00:00:00,2019-01-31T09:46:00,Encerrado-PROMULGADO
PL 254/2021,PL,2021,2021-04-27T00:00:00,2025-01-14T21:56:22,Encerrado-TERMINO DE LEGISLATURA (ART. 275 REG. INT.)
PL 254/2022,PL,2022,2022-04-06T00:00:00,2026-09-18T11:14:00,Encerrado-PROMULGADO
PL 254/2023,PL,2023,2023-05-16T00:00:00,2024-02-28T13:32:51,APENSADO
PL 254/2024,PL,2024,2024-04-16T00:00:00,2025-06-03T14:58:00,Encerrado-PROMULGADO
PL 254/2025,PL,2025,2025-03-07T00:00:00,2026-07-17T17:33:03,APENSADO
PL 255/2014,PL,2014,2014-05-20T00:00:00,2015-04-30T15:50:23,Encerrado-PROMULGADO
PL 255/2016,PL,2016,2016-05-24T00:00:00,2017-11-16T17:10:00,Encerrado-PROMULGADO
PL 255/2017,PL,2017,2017-04-19T00:00:00,2018-06-25T00:00:00,Encerrado-ILEGALIDADE (ART. 79 REG. INT.)
PL 255/2018,PL,2018,2018-05-21T00:00:00,2019-09-06T12:38:00,Encerrado-PROMULGADO
PL 255/2019,PL,2019,2019-04-09T00:00:00,2025-01-22T19:16:16,Encerrado-TERMINO DE LEGISLATURA (ART. 275 REG. INT.)
PL 255/2020,PL,2020,2020-04-15T00:00:00,2021-09-13T17:51:00,Encerrado-PROMULGADO
PL 255/2021,PL,2021,2021-04-27T00:00:00,2025-01-09T12:19:27,Encerrado-TERMINO DE LEGISLATURA (ART. 275 REG. INT.)
PL 255/2022,PL,2022,2022-04-06T00:00:00,2023-01-10T16:48:00,Encerrado-PROMULGADO
PL 255/2024,PL,2024,2024-04-18T00:00:00,2025-01-22T17:42:00,Encerrado-TERMINO DE LEGISLATURA (ART. 275 REG. INT.)
PL 256/2013,PL,2013,2013-04-24T00:00:00,2021-01-05T13:16:30,Encerrado-TERMINO DE LEGISLATURA (ART. 275 REG. INT.)
PL 256/2015,PL,2015,2015-05-21T00:00:00,2016-05-13T10:43:35,Encerrado-ILEGALIDADE (ART. 79 REG. INT.)
PL 256/2016,PL,2016,2016-05-24T00:00:00,2017-04-11T00:00:00,Encerrado-PROMULGADO
PL 256/2018,PL,2018,2018-05-21T00:00:00,2018-10-16T10:55:00,Encerrado-ARQUIVADO
PL 256/2019,PL,2019,2019-04-09T00:00:00,2019-09-26T18:04:00,Encerrado-ILEGALIDADE (ART. 79 REG. INT.)
PL 256/2020,PL,2020,2020-04-15T00:00:00,2021-01-27T16:12:53,Encerrado-TERMINO DE LEGISLATURA (ART. 275 REG. INT.)
PL 256/2021,PL,2021,2021-04-27T00:00:00,2026-04-08T17:40:00,Encerrado-PROMULGADO
PL 256/2024,PL,2024,2024-04-18T00:00:00,2025-01-17T16:53:36,Encerrado-TERMINO DE LEGISLATURA (ART. 275 REG. INT.)
PL 257/2013,PL,2013,2013-04-24T00:00:00,2019-05-14T08:52:00,Encerrado-VETO TOTAL ACEITO
PL 257/2015,PL,2015,2015-05-22T00:00:00,2016-05-09T10:50:10,Encerrado-ILEGALIDADE (ART. 79 REG. INT.)
PL 257/2018,PL,2018,2018-05-22T00:00:00,2019-07-25T08:20:00,Encerrado-PROMULGADO
PL 257/2019,PL,2019,2019-04-09T00:00:00,2019-04-30T10:00:00,Encerrado-RETIRADO PELO AUTOR
PL 257/2020,PL,2020,2020-04-15T00:00:00,2024-05-17T16:27:46,Encerrado-RETIRADO PELO AUTOR
PL 257/2022,PL,2022,2022-04-06T00:00:00,2023-05-31T13:36:15,APENSADO
PL 257/2023,PL,2023,2023-05-17T00:00:00,2024-01-08T17:50:00,Encerrado-PROMULGADO
PL 257/2024,PL,2024,2024-04-18T00:00:00,2025-01-23T01:37:20,Encerrado-TERMINO DE LEGISLATURA (ART. 275 REG. INT.)
PL 257/2026,PL,2026,2026-04-01T00:00:00,2026-09-22T18:59:18,APENSADO
PL 258/2015,PL,2015,2015-05-26T00:00:00,2016-08-03T13:08:46,Encerrado-PROMULGADO
PL 258/2016,PL,2016,2016-05-24T00:00:00,2025-05-29T19:01:00,Encerrado-VETO TOTAL ACEITO
PL 258/2017,PL,2017,2017-04-19T00:00:00,2025-05-29T19:01:00,Encerrado-VETO TOTAL ACEITO
PL 258/2018,PL,2018,2018-05-22T00:00:00,2018-06-08T10:03:00,Encerrado-RETIRADO PELO AUTOR
PL 258/2020,PL,2020,2020-04-16T00:00:00,2024-06-05T14:10:00,Encerrado-PROMULGADO
PL 258/2022,PL,2022,2022-04-06T00:00:00,2023-11-30T14:51:00,Encerrado-PROMULGADO
PL 258/2024,PL,2024,2024-04-18T00:00:00,2025-01-23T00:33:30,Encerrado-TERMINO DE LEGISLATURA (ART. 275 REG. INT.)
PL 259/2014,PL,2014,2014-05-20T00:00:00,2015-07-02T18:33:54,Encerrado-ARQUIVADO
PL 259/2015,PL,2015,2015-05-26T00:00:00,2015-10-26T00:00:00,Encerrado-PROMULGADO
PL 259/2016,PL,2016,2016-05-24T00:00:00,2022-08-18T11:25:00,Devolução de Regularização
PL 259/2018,PL,2018,2018-05-22T00:00:00,2025-01-13T18:14:00,Encerrado-TERMINO DE LEGISLATURA (ART. 275 REG. INT.)
PL 259/2019,PL,2019,2019-04-09T00:00:00,2021-01-04T12:02:58,Encerrado-TERMINO DE LEGISLATURA (ART. 275 REG. INT.)
PL 259/2020,PL,2020,2020-04-17T00:00:00,2022-01-20T11:33:00,Encerrado-ILEGALIDADE (ART. 79 REG. INT.)
PL 259/2022,PL,2022,2022-04-06T00:00:00,2024-05-02T17:05:55,Encerrado-RETIRADO PELO AUTOR
PL 259/2023,PL,2023,2023-05-17T00:00:00,2025-01-21T18:14:49,Encerrado-TERMINO DE LEGISLATURA (ART. 275 REG. INT.)
PL 26/2013,PL,2013,2013-02-19T00:00:00,2025-03-24T17:35:00,Encerrado-VETO TOTAL ACEITO
PL 26/2015,PL,2015,2015-02-03T00:00:00,2025-05-22T19:32:00,Encerrado-VETO TOTAL ACEITO
PL 26/2016,PL,2016,2016-02-11T00:00:00,2017-11-21T09:30:00,Encerrado-PROMULGADO
PL 26/2018,PL,2018,2018-02-06T00:00:00,2021-08-13T16:21:00,Encerrado-PROMULGADO
PL 26/2019,PL,2019,2019-01-21T00:00:00,2025-01-22T15:38:54,Encerrado-TERMINO DE LEGISLATURA (ART. 275 REG. INT.)
PL 26/2020,PL,2020,2020-02-06T00:00:00,2022-12-08T15:35:00,Encerrado-PROMULGADO
PL 26/2022,PL,2022,2022-02-01T00:00:00,2025-01-16T22:44:46,Encerrado-TERMINO DE LEGISLATURA (ART. 275 REG. INT.)
PL 26/2024,PL,2024,2024-01-19T00:00:00,2025-11-28T15:31:00,Encerrado-ILEGALIDADE (ART. 79 REG. INT.)
PL 260/2015,PL,2015,2015-05-26T00:00:00,2025-05-28T13:19:00,Encerrado-VETO PARCIAL ACEITO
PL 260/2016,PL,2016,2016-05-24T00:00:00,2025-05-29T19:01:00,Encerrado-VETO TOTAL ACEITO
PL 260/2017,PL,2017,2017-04-20T00:00:00,2021-01-05T18:26:19,Encerrado-TERMINO DE LEGISLATURA (ART. 275 REG. INT.)
PL 260/2018,PL,2018,2018-05-22T00:00:00,2019-01-31T09:46:00,Encerrado-PROMULGADO
PL 260/2019,PL,2019,2019-04-09T00:00:00,2021-01-05T13:49:16,Encerrado-TERMINO DE LEGISLATURA (ART. 275 REG. INT.)
PL 260/2023,PL,2023,2023-05-17T00:00:00,2025-01-20T23:28:02,Encerrado-TERMINO DE LEGISLATURA (ART. 275 REG. INT.)
PL 260/2024,PL,2024,2024-04-19T00:00:00,2024-05-09T12:26:00,Encerrado-RETIRADO PELO AUTOR
PL 261/2013,PL,2013,2013-04-24T00:00:00,2016-12-20T14:13:00,Encerrado-PROMULGADO
PL 261/2016,PL,2016,2016-05-24T00:00:00,2016-08-22T11:57:00,Encerrado-RETIRADO PELO AUTOR
PL 261/2017,PL,2017,2017-04-20T00:00:00,2025-01-13T16:29:00,Encerrado-TERMINO DE LEGISLATURA (ART. 275 REG. INT.)
PL 261/2018,PL,2018,2018-05-25T00:00:00,2019-07-25T08:20:00,Encerrado-PROMULGADO
PL 261/2019,PL,2019,2019-04-09T00:00:00,2021-01-06T23:29:43,Encerrado-TERMINO DE LEGISLATURA (ART. 275 REG. INT.)
PL 261/2020,PL,2020,2020-04-22T00:00:00,2023-08-21T16:12:51,Encerrado-RETIRADO PELO AUTOR
PL 261/2022,PL,2022,2022-04-08T00:00:00,2025-01-16T22:08:28,Encerrado-TERMINO DE LEGISLATURA (ART. 275 REG. INT.)
PL 261/2024,PL,2024,2024-04-19T00:00:00,2025-01-22T17:24:00,Encerrado-TERMINO DE LEGISLATURA (ART. 275 REG. INT.)
PL 261/2026,PL,2026,2026-04-06T00:00:00,2026-06-23T12:50:00,Encerrado-PROMULGADO
PL 262/2014,PL,2014,2014-05-21T00:00:00,2016-06-20T12:02:40,Encerrado-ILEGALIDADE (ART. 79 REG. INT.)
PL 262/2015,PL,2015,2015-05-27T00:00:00,2021-08-11T14:16:00,Encerrado-RETIRADO PELO AUTOR
PL 262/2016,PL,2016,2016-05-24T00:00:00,2021-01-27T16:16:12,Encerrado-TERMINO DE LEGISLATURA (ART. 275 REG. INT.)
PL 262/2019,PL,2019,2019-04-10T00:00:00,2020-01-23T10:27:00,Encerrado-PROMULGADO
PL 262/2020,PL,2020,2020-04-22T00:00:00,2023-08-21T16:12:52,Encerrado-RETIRADO PELO AUTOR
PL 262/2021,PL,2021,2021-04-28T00:00:00,2023-01-11T14:54:00,Encerrado-PROMULGADO
PL 262/2022,PL,2022,2022-04-11T00:00:00,2025-01-21T13:58:39,Encerrado-TERMINO DE LEGISLATURA (ART. 275 REG. INT.)
PL 262/2024,PL,2024,2024-04-19T00:00:00,2024-10-25T10:22:21,Encerrado-RETIRADO PELO AUTOR
PL 262/2025,PL,2025,2025-03-07T00:00:00,2026-01-20T13:56:00,Encerrado-PROMULGADO
PL 263/2013,PL,2013,2013-04-25T00:00:00,2025-03-26T17:07:00,Encerrado-VETO PARCIAL ACEITO
PL 263/2014,PL,2014,2014-05-21T00:00:00,2015-05-04T15:30:43,Encerrado-PROMULGADO
PL 263/2015,PL,2015,2015-05-28T00:00:00,2017-01-04T12:24:00,Encerrado-TERMINO DE LEGISLATURA (ART. 275 REG. INT.)
PL 263/2016,PL,2016,2016-05-24T00:00:00,2021-02-01T06:46:14,Encerrado-TERMINO DE LEGISLATURA (ART. 275 REG. INT.)
PL 263/2018,PL,2018,2018-05-23T00:00:00,2021-08-18T17:11:00,Encerrado-PROMULGADO
PL 263/2020,PL,2020,2020-04-22T00:00:00,2020-09-24T10:11:00,Encerrado-RETIRADO PELO AUTOR
PL 263/2022,PL,2022,2022-04-11T00:00:00,2024-02-28T13:40:09,APENSADO
PL 263/2023,PL,2023,2023-05-17T00:00:00,2025-01-09T18:06:23,Encerrado-TERMINO DE LEGISLATURA (ART. 275 REG. INT.)
PL 263/2025,PL,2025,2025-03-07T00:00:00,2026-09-29T11:27:00,Encerrado-PROMULGADO
PL 264/2014,PL,2014,2014-05-21T00:00:00,2015-06-02T12:34:04,Encerrado-PROMULGADO
PL 264/2015,PL,2015,2015-05-28T00:00:00,2017-01-03T17:01:00,Encerrado-TERMINO DE LEGISLATURA (ART. 275 REG. INT.)
PL 264/2016,PL,2016,2016-05-25T00:00:00,2017-01-03T18:38:00,Encerrado-TERMINO DE LEGISLATURA (ART. 275 REG. INT.)
PL 264/2017,PL,2017,2017-04-20T00:00:00,2019-09-02T09:34:00,Encerrado-PROMULGADO
PL 264/2018,PL,2018,2018-05-23T00:00:00,2018-09-06T00:00:00,Encerrado-ILEGALIDADE (ART. 79 REG. INT.)
PL 264/2019,PL,2019,2019-04-11T00:00:00,2025-03-19T16:53:00,Encerrado-VETO TOTAL ACEITO
PL 264/2020,PL,2020,2020-04-22T00:00:00,2025-01-23T12:04:33,Encerrado-TERMINO DE LEGISLATURA (ART. 275 REG. INT.)
PL 264/2021,PL,2021,2021-04-29T00:00:00,2025-11-28T15:31:00,Encerrado-ILEGALIDADE (ART. 79 REG. INT.)
PL 265/2014,PL,2014,2014-05-21T00:00:00,2025-01-13T15:10:00,Encerrado-TERMINO DE LEGISLATURA (ART. 275 REG. INT.)
PL 265/2015,PL,2015,2015-05-29T00:00:00,2025-07-01T18:08:00,Encerrado-VETO PARCIAL ACEITO
PL 265/2018,PL,2018,2018-05-23T00:00:00,2019-01-31T09:46:00,Encerrado-PROMULGADO
PL 265/2019,PL,2019,2019-04-11T00:00:00,2025-01-22T19:16:17,Encerrado-TERMINO DE LEGISLATURA (ART. 275 REG. INT.)
PL 265/2020,PL,2020,2020-04-22T00:00:00,2025-01-13T18:37:00,Encerrado-TERMINO DE LEGISLATURA (ART. 275 REG. INT.)
PL 265/2023,PL,2023,2023-05-17T00:00:00,2025-01-16T13:08:38,Encerrado-TERMINO DE LEGISLATURA (ART. 275 REG. INT.)
PL 266/2014,PL,2014,2014-05-21T00:00:00,2021-01-29T10:56:00,Encerrado-TERMINO DE LEGISLATURA (ART. 275 REG. INT.)
PL 266/2016,PL,2016,2016-05-25T00:00:00,2017-09-18T00:00:00,Encerrado-PROMULGADO
PL 266/2018,PL,2018,2018-05-23T00:00:00,2025-05-29T19:01:00,Encerrado-VETO TOTAL ACEITO
PL 266/2020,PL,2020,2020-04-23T00:00:00,2021-02-08T13:58:00,Encerrado-RETIRADO PELO AUTOR
PL 266/2023,PL,2023,2023-05-17T00:00:00,2023-08-09T14:11:00,Encerrado-PROMULGADO
PL 267/2015,PL,2015,2015-06-01T00:00:00,2021-01-13T14:42:00,Encerrado-TERMINO DE LEGISLATURA (ART. 275 REG. INT.)
PL 267/2019,PL,2019,2019-04-11T00:00:00,2020-08-11T17:15:00,Encerrado-PROMULGADO
PL 267/2020,PL,2020,2020-04-23T00:00:00,2021-10-15T19:51:51,Encerrado-RETIRADO PELO AUTOR
PL 267/2021,PL,2021,2021-04-29T00:00:00,2025-01-23T15:11:33,Encerrado-TERMINO DE LEGISLATURA (ART. 275 REG. INT.)
PL 267/2022,PL,2022,2022-04-13T00:00:00,2025-01-23T15:33:26,Encerrado-TERMINO DE LEGISLATURA (ART. 275 REG. INT.)
PL 267/2023,PL,2023,2023-05-18T00:00:00,2025-01-21T14:33:56,Encerrado-TERMINO DE LEGISLATURA (ART. 275 REG. INT.)
PL 268/2013,PL,2013,2013-04-26T00:00:00,2019-04-11T11:29:00,Encerrado-VETO PARCIAL ACEITO
PL 268/2015,PL,2015,2015-06-01T00:00:00,2015-08-03T12:48:09,Encerrado-PROMULGADO
PL 268/2016,PL,2016,2016-05-30T00:00:00,2017-01-02T11:12:00,Encerrado-TERMINO DE LEGISLATURA (ART. 275 REG. INT.)
PL 268/2017,PL,2017,2017-04-26T00:00:00,2021-01-12T17:06:00,Encerrado-TERMINO DE LEGISLATURA (ART. 275 REG. INT.)
PL 268/2018,PL,2018,2018-05-24T00:00:00,2019-01-31T09:46:00,Encerrado-PROMULGADO
PL 268/2020,PL,2020,2020-04-23T00:00:00,2025-09-30T13:20:23,Encerrado-RETIRADO PELO AUTOR
PL 268/2021,PL,2021,2021-04-29T00:00:00,2025-01-28T18:01:13,Encerrado-TERMINO DE LEGISLATURA (ART. 275 REG. INT.)
PL 268/2022,PL,2022,2022-04-13T00:00:00,2022-06-19T20:22:59,Encerrado-RETIRADO PELO AUTOR
PL 268/2025,PL,2025,2025-03-10T00:00:00,2026-07-17T17:43:11,APENSADO
PL 269/2014,PL,2014,2014-05-23T00:00:00,2017-01-02T15:04:00,Encerrado-TERMINO DE LEGISLATURA (ART. 275 REG. INT.)
PL 269/2015,PL,2015,2015-06-01T00:00:00,2016-05-05T00:00:00,Encerrado-PROMULGADO
PL 269/2016,PL,2016,2016-05-31T00:00:00,2017-05-15T00:00:00,Encerrado-PROMULGADO
PL 269/2017,PL,2017,2017-04-26T00:00:00,2025-01-13T16:29:00,Encerrado-TERMINO DE LEGISLATURA (ART. 275 REG. INT.)
PL 269/2020,PL,2020,2020-04-23T00:00:00,2022-04-25T16:34:11,Encerrado-RETIRADO PELO AUTOR
PL 269/2022,PL,2022,2022-04-13T00:00:00,2022-10-25T10:11:54,Encerrado-RETIRADO PELO AUTOR
PL 269/2024,PL,2024,2024-04-22T00:00:00,2024-11-08T13:36:00,Encerrado-PROMULGADO
PL 27/2013,PL,2013,2013-02-19T00:00:00,2019-09-16T16:39:00,Encerrado-VETO PARCIAL ACEITO
PL 27/2016,PL,2016,2016-02-11T00:00:00,2018-03-28T10:26:00,Encerrado-PROMULGADO
PL 27/2017,PL,2017,2017-01-31T00:00:00,2017-11-16T17:07:00,Encerrado-PROMULGADO
PL 27/2018,PL,2018,2018-02-07T00:00:00,2021-08-18T17:11:00,Encerrado-PROMULGADO
PL 27/2020,PL,2020,2020-02-07T00:00:00,2025-01-23T11:48:51,Encerrado-TERMINO DE LEGISLATURA (ART. 275 REG. INT.)
PL 27/2022,PL,2022,2022-02-02T00:00:00,2022-05-03T13:47:50,Encerrado-RETIRADO PELO AUTOR
PL 27/2023,PL,2023,2023-02-06T00:00:00,2026-04-07T18:32:00,Encerrado-PROMULGADO
PL 27/2024,PL,2024,2024-01-19T00:00:00,2025-01-20T13:36:00,Encerrado-PROMULGADO
PL 27/2025,PL,2025,2025-01-22T00:00:00,2025-11-28T15:31:00,Encerrado-ILEGALIDADE (ART. 79 REG. INT.)
PL 270/2013,PL,2013,2013-04-26T00:00:00,2025-01-13T14:05:00,Encerrado-TERMINO DE LEGISLATURA (ART. 275 REG. INT.)
PL 270/2014,PL,2014,2014-05-23T00:00:00,2017-01-02T16:22:00,Encerrado-TERMINO DE LEGISLATURA (ART. 275 REG. INT.)
PL 270/2015,PL,2015,2015-06-01T00:00:00,2016-05-09T10:49:29,Encerrado-ILEGALIDADE (ART. 79 REG. INT.)
PL 270/2017,PL,2017,2017-04-26T00:00:00,2018-02-23T00:00:00,Encerrado-ILEGALIDADE (ART. 79 REG. INT.)
PL 270/2018,PL,2018,2018-05-24T00:00:00,2019-09-05T09:23:00,Encerrado-PROMULGADO
PL 270/2019,PL,2019,2019-04-11T00:00:00,2019-10-15T18:44:00,Encerrado-ILEGALIDADE (ART. 79 REG. INT.)
PL 270/2020,PL,2020,2020-04-23T00:00:00,2023-08-21T16:12:53,Encerrado-RETIRADO PELO AUTOR
PL 270/2021,PL,2021,2021-05-03T00:00:00,2024-04-04T11:55:00,Encerrado-ILEGALIDADE (ART. 79 REG. INT.)
PL 270/2022,PL,2022,2022-04-13T00:00:00,2022-10-25T10:11:56,Encerrado-RETIRADO PELO AUTOR
PL 270/2023,PL,2023,2023-05-18T00:00:00,2025-01-20T23:17:31,Encerrado-TERMINO DE LEGISLATURA (ART. 275 REG. INT.)
PL 270/2024,PL,2024,2024-04-23T00:00:00,2026-09-29T11:27:00,Encerrado-PROMULGADO
PL 271/2015,PL,2015,2015-06-02T00:00:00,2016-04-19T00:00:00,Encerrado-PROMULGADO
PL 271/2016,PL,2016,2016-05-31T00:00:00,2017-04-10T15:41:00,Encerrado-PROMULGADO
PL 271/2017,PL,2017,2017-04-26T00:00:00,2017-05-22T16:23:00,Encerrado-RETIRADO PELO AUTOR
PL 271/2018,PL,2018,2018-05-24T00:00:00,2019-05-21T09:16:00,Encerrado-PROMULGADO
PL 271/2019,PL,2019,2019-04-11T00:00:00,2025-01-13T19:12:00,Encerrado-TERMINO DE LEGISLATURA (ART. 275 REG. INT.)
PL 271/2020,PL,2020,2020-04-23T00:00:00,2024-05-02T17:05:56,Encerrado-RETIRADO PELO AUTOR
PL 271/2021,PL,2021,2021-05-03T00:00:00,2025-01-23T15:11:35,Encerrado-TERMINO DE LEGISLATURA (ART. 275 REG. INT.)
PL 271/2022,PL,2022,2022-04-13T00:00:00,2022-10-25T10:11:58,Encerrado-RETIRADO PELO AUTOR
PL 271/2023,PL,2023,2023-05-18T00:00:00,2024-02-28T13:33:19,APENSADO
PL 271/2024,PL,2024,2024-04-23T00:00:00,2026-04-07T16:41:00,Encerrado-PROMULGADO
PL 272/2013,PL,2013,2013-04-26T00:00:00,2021-01-14T11:37:00,Encerrado-TERMINO DE LEGISLATURA (ART. 275 REG. INT.)
PL 272/2015,PL,2015,2015-06-02T00:00:00,2019-04-30T09:46:00,Encerrado-VETO PARCIAL ACEITO
PL 272/2016,PL,2016,2016-05-31T00:00:00,2017-06-08T00:00:00,Encerrado-PROMULGADO
PL 272/2017,PL,2017,2017-04-26T00:00:00,2018-02-23T00:00:00,Encerrado-ILEGALIDADE (ART. 79 REG. INT.)
PL 272/2018,PL,2018,2018-05-28T00:00:00,2021-01-21T18:46:52,Encerrado-TERMINO DE LEGISLATURA (ART. 275 REG. INT.)
PL 272/2019,PL,2019,2019-04-11T00:00:00,2025-01-13T19:12:00,Encerrado-TERMINO DE LEGISLATURA (ART. 275 REG. INT.)
PL 272/2020,PL,2020,2020-04-24T00:00:00,2021-09-13T17:51:00,Encerrado-PROMULGADO
PL 272/2021,PL,2021,2021-05-03T00:00:00,2025-01-14T21:41:14,Encerrado-TERMINO DE LEGISLATURA (ART. 275 REG. INT.)
PL 272/2022,PL,2022,2022-04-13T00:00:00,2023-04-13T13:21:08,APENSADO
PL 272/2023,PL,2023,2023-05-18T00:00:00,2025-01-09T15:19:00,Encerrado-TERMINO DE LEGISLATURA (ART. 275 REG. INT.)
PL 273/2014,PL,2014,2014-05-27T00:00:00,2017-01-02T16:22:00,Encerrado-TERMINO DE LEGISLATURA (ART. 275 REG. INT.)
PL 273/2015,PL,2015,2015-06-02T00:00:00,2025-03-26T23:33:00,Encerrado-VETO TOTAL ACEITO
PL 273/2016,PL,2016,2016-05-31T00:00:00,2019-04-26T17:09:00,Encerrado-CONTRARIO NO MERITO (ART. 80 REG. INT.)
PL 273/2017,PL,2017,2017-04-26T00:00:00,2018-03-14T18:04:00,Encerrado-ILEGALIDADE (ART. 79 REG. INT.)
PL 273/2018,PL,2018,2018-05-28T00:00:00,2019-10-21T08:50:00,Encerrado-PROMULGADO
PL 273/2019,PL,2019,2019-04-11T00:00:00,2025-01-13T19:26:49,Encerrado-TERMINO DE LEGISLATURA (ART. 275 REG. INT.)
PL 273/2020,PL,2020,2020-04-27T00:00:00,2025-01-22T17:28:00,Encerrado-TERMINO DE LEGISLATURA (ART. 275 REG. INT.)
PL 273/2023,PL,2023,2023-05-18T00:00:00,2025-01-20T23:17:30,Encerrado-TERMINO DE LEGISLATURA (ART. 275 REG. INT.)
PL 273/2024,PL,2024,2024-04-23T00:00:00,2026-03-04T10:51:00,Encerrado-PROMULGADO
PL 274/2013,PL,2013,2013-04-26T00:00:00,2021-01-14T11:37:00,Encerrado-TERMINO DE LEGISLATURA (ART. 275 REG. INT.)
PL 274/2016,PL,2016,2016-05-31T00:00:00,2017-01-02T11:12:00,Encerrado-TERMINO DE LEGISLATURA (ART. 275 REG. INT.)
PL 274/2019,PL,2019,2019-04-11T00:00:00,2025-05-29T09:53:00,Encerrado-VETO PARCIAL ACEITO
PL 274/2020,PL,2020,2020-04-27T00:00:00,2025-01-21T13:56:56,Encerrado-TERMINO DE LEGISLATURA (ART. 275 REG. INT.)
PL 274/2021,PL,2021,2021-05-03T00:00:00,2026-04-08T17:40:00,Encerrado-PROMULGADO
PL 274/2022,PL,2022,2022-04-13T00:00:00,2022-04-19T18:48:00,Encerrado-RETIRADO PELO AUTOR
PL 274/2023,PL,2023,2023-05-18T00:00:00,2024-07-16T19:22:00,Encerrado-PROMULGADO
PL 274/2024,PL,2024,2024-04-23T00:00:00,2025-01-22T23:23:29,Encerrado-TERMINO DE LEGISLATURA (ART. 275 REG. INT.)
PL 275/2013,PL,2013,2013-04-26T00:00:00,2013-09-09T00:00:00,Encerrado-RETIRADO PELO AUTOR
PL 275/2014,PL,2014,2014-05-27T00:00:00,2021-01-13T16:03:00,Encerrado-TERMINO DE LEGISLATURA (ART. 275 REG. INT.)
PL 275/2015,PL,2015,2015-06-03T00:00:00,2021-01-13T14:42:00,Encerrado-TERMINO DE LEGISLATURA (ART. 275 REG. INT.)
PL 275/2017,PL,2017,2017-04-26T00:00:00,2025-05-29T19:01:00,Encerrado-VETO TOTAL ACEITO
PL 275/2019,PL,2019,2019-04-12T00:00:00,2021-10-15T17:11:00,Encerrado-PROMULGADO
PL 275/2020,PL,2020,2020-04-27T00:00:00,2020-11-10T17:46:00,Encerrado-PROMULGADO
PL 275/2021,PL,2021,2021-05-04T00:00:00,2025-01-13T16:47:00,Encerrado-TERMINO DE LEGISLATURA (ART. 275 REG. INT.)
PL 275/2023,PL,2023,2023-05-18T00:00:00,2024-07-19T16:11:00,Encerrado-PROMULGADO
PL 276/2013,PL,2013,2013-04-26T00:00:00,2025-01-13T14:05:00,Encerrado-TERMINO DE LEGISLATURA (ART. 275 REG. INT.)
PL 276/2015,PL,2015,2015-06-03T00:00:00,2016-06-22T18:03:15,Encerrado-PROMULGADO
PL 276/2016,PL,2016,2016-06-01T00:00:00,2017-01-02T11:12:00,Encerrado-TERMINO DE LEGISLATURA (ART. 275 REG. INT.)
PL 276/2017,PL,2017,2017-04-27T00:00:00,2019-01-14T12:21:00,Encerrado-PROMULGADO
PL 276/2019,PL,2019,2019-04-12T00:00:00,2019-08-28T00:00:00,APENSADO
PL 276/2020,PL,2020,2020-04-27T00:00:00,2021-09-13T17:51:00,Encerrado-PROMULGADO
PL 276/2023,PL,2023,2023-05-23T00:00:00,2024-07-16T19:22:00,Encerrado-PROMULGADO
PL 277/2015,PL,2015,2015-06-08T00:00:00,2017-01-02T11:00:00,Encerrado-TERMINO DE LEGISLATURA (ART. 275 REG. INT.)
PL 277/2016,PL,2016,2016-06-01T00:00:00,2019-06-18T14:43:00,Encerrado-ILEGALIDADE (ART. 79 REG. INT.)
PL 277/2017,PL,2017,2017-04-27T00:00:00,2019-06-07T13:25:00,Encerrado-VETO PARCIAL ACEITO
PL 277/2018,PL,2018,2018-05-29T00:00:00,2022-06-23T12:07:25,Encerrado-RETIRADO PELO AUTOR
PL 277/2020,PL,2020,2020-04-27T00:00:00,2022-05-12T14:44:00,Encerrado-ILEGALIDADE (ART. 79 REG. INT.)
PL 277/2021,PL,2021,2021-05-04T00:00:00,2025-11-28T15:31:00,Encerrado-ILEGALIDADE (ART. 79 REG. INT.)
PL 277/2025,PL,2025,2025-03-12T00:00:00,2025-12-17T12:44:41,APENSADO
PL 278/2014,PL,2014,2014-05-27T00:00:00,2015-06-17T00:00:00,Encerrado-PROMULGADO
PL 278/2015,PL,2015,2015-06-09T00:00:00,2018-07-30T08:14:00,Encerrado-PROMULGADO
PL 278/2016,PL,2016,2016-06-01T00:00:00,2017-01-11T14:40:00,Encerrado-TERMINO DE LEGISLATURA (ART. 275 REG. INT.)
PL 278/2017,PL,2017,2017-04-26T00:00:00,2017-11-23T09:54:00,Encerrado-PROMULGADO
PL 278/2018,PL,2018,2018-05-29T00:00:00,2019-04-30T10:27:00,Encerrado-PROMULGADO
PL 278/2019,PL,2019,2019-04-12T00:00:00,2021-01-04T13:30:05,Encerrado-TERMINO DE LEGISLATURA (ART. 275 REG. INT.)
PL 278/2020,PL,2020,2020-04-27T00:00:00,2025-11-28T15:31:00,Encerrado-ILEGALIDADE (ART. 79 REG. INT.)
PL 278/2021,PL,2021,2021-05-05T00:00:00,2021-10-15T17:11:00,Encerrado-PROMULGADO
PL 278/2023,PL,2023,2023-05-23T00:00:00,2025-01-20T22:38:04,Encerrado-TERMINO DE LEGISLATURA (ART. 275 REG. INT.)
PL 278/2024,PL,2024,2024-04-24T00:00:00,2025-01-23T01:51:19,Encerrado-TERMINO DE LEGISLATURA (ART. 275 REG. INT.)
PL 279/2013,PL,2013,2013-04-29T00:00:00,2017-01-23T16:10:00,Encerrado-TERMINO DE LEGISLATURA (ART. 275 REG. INT.)
PL 279/2015,PL,2015,2015-06-09T00:00:00,2015-08-14T12:49:09,Encerrado-RETIRADO PELO AUTOR
PL 279/2017,PL,2017,2017-04-27T00:00:00,2021-01-27T16:16:22,Encerrado-TERMINO DE LEGISLATURA (ART. 275 REG. INT.)
PL 279/2018,PL,2018,2018-05-29T00:00:00,2019-05-23T16:20:00,Encerrado-RETIRADO PELO AUTOR
PL 279/2019,PL,2019,2019-04-15T00:00:00,2025-05-29T19:01:00,Encerrado-VETO TOTAL ACEITO
PL 279/2022,PL,2022,2022-04-14T00:00:00,2023-04-13T13:21:39,APENSADO
PL 279/2023,PL,2023,2023-05-23T00:00:00,2023-08-15T18:26:08,Encerrado-RETIRADO PELO AUTOR
PL 279/2025,PL,2025,2025-03-12T00:00:00,2025-09-16T10:58:00,Encerrado-ARQUIVADO
PL 28/2013,PL,2013,2013-02-19T00:00:00,2019-04-16T13:06:00,Encerrado-VETO TOTAL ACEITO
PL 28/2016,PL,2016,2016-02-11T00:00:00,2017-10-17T17:31:00,Encerrado-PROMULGADO
PL 28/2017,PL,2017,2017-01-30T00:00:00,2018-06-19T00:00:00,Encerrado-ILEGALIDADE (ART. 79 REG. INT.)
PL 28/2019,PL,2019,2019-01-24T00:00:00,2019-08-29T18:41:00,Encerrado-ILEGALIDADE (ART. 79 REG. INT.)
PL 28/2020,PL,2020,2020-02-07T00:00:00,2025-03-13T14:36:00,Encerrado-VETO TOTAL ACEITO
PL 28/2021,PL,2021,2021-01-19T00:00:00,2021-10-15T19:51:47,Encerrado-RETIRADO PELO AUTOR
PL 28/2022,PL,2022,2022-02-02T00:00:00,2026-04-14T18:03:00,Encerrado-PROMULGADO
PL 28/2024,PL,2024,2024-01-19T00:00:00,2025-01-22T23:33:07,Encerrado-TERMINO DE LEGISLATURA (ART. 275 REG. INT.)
PL 28/2025,PL,2025,2025-01-22T00:00:00,2025-05-15T08:32:49,Encerrado-RETIRADO PELO AUTOR
PL 280/2015,PL,2015,2015-06-09T00:00:00,2017-01-04T13:34:00,Encerrado-TERMINO DE LEGISLATURA (ART. 275 REG. INT.)
PL 280/2016,PL,2016,2016-06-01T00:00:00,2017-07-20T13:39:00,Encerrado-PROMULGADO
PL 280/2018,PL,2018,2018-05-29T00:00:00,2019-05-09T17:34:00,Encerrado-ILEGALIDADE (ART. 79 REG. INT.)
PL 280/2023,PL,2023,2023-05-23T00:00:00,2025-01-20T23:28:15,Encerrado-TERMINO DE LEGISLATURA (ART. 275 REG. INT.)
PL 281/2015,PL,2015,2015-06-09T00:00:00,2025-01-13T15:40:00,Encerrado-TERMINO DE LEGISLATURA (ART. 275 REG. INT.)
PL 281/2016,PL,2016,2016-06-01T00:00:00,2017-01-04T12:24:00,Encerrado-TERMINO DE LEGISLATURA (ART. 275 REG. INT.)
PL 281/2019,PL,2019,2019-04-15T00:00:00,2025-05-28T13:28:00,Encerrado-VETO PARCIAL ACEITO
PL 281/2020,PL,2020,2020-04-29T00:00:00,2022-06-09T18:03:00,Encerrado-PROMULGADO
PL 281/2023,PL,2023,2023-05-23T00:00:00,2025-01-20T23:28:14,Encerrado-TERMINO DE LEGISLATURA (ART. 275 REG. INT.)
PL 281/2024,PL,2024,2024-04-24T00:00:00,2025-01-23T02:00:40,Encerrado-TERMINO DE LEGISLATURA (ART. 275 REG. INT.)
PL 281/2026,PL,2026,2026-04-10T00:00:00,2026-05-05T18:24:00,Encerrado-RETIRADO PELO AUTOR
PL 282/2013,PL,2013,2013-04-30T00:00:00,2017-04-04T11:52:00,Encerrado-CONTRARIO NO MERITO (ART. 80 REG. INT.)
PL 282/2014,PL,2014,2014-05-29T00:00:00,2015-04-30T15:50:45,Encerrado-PROMULGADO
PL 282/2015,PL,2015,2015-06-09T00:00:00,2025-07-01T17:59:00,Encerrado-VETO TOTAL ACEITO
PL 282/2016,PL,2016,2016-06-02T00:00:00,2021-01-13T14:53:00,Encerrado-TERMINO DE LEGISLATURA (ART. 275 REG. INT.)
PL 282/2017,PL,2017,2017-04-27T00:00:00,2021-11-03T13:31:00,Encerrado-TERMINO DE LEGISLATURA (ART. 275 REG. INT.)
PL 282/2021,PL,2021,2021-05-05T00:00:00,2022-06-13T18:37:00,Encerrado-PROMULGADO
PL 282/2026,PL,2026,2026-04-10T00:00:00,2026-09-14T13:59:00,Encerrado-RETIRADO PELO AUTOR
PL 283/2013,PL,2013,2013-04-30T00:00:00,2025-03-12T14:23:00,Encerrado-VETO TOTAL ACEITO
PL 283/2014,PL,2014,2014-05-30T00:00:00,2017-01-02T12:52:00,Encerrado-TERMINO DE LEGISLATURA (ART. 275 REG. INT.)
PL 283/2016,PL,2016,2016-06-02T00:00:00,2025-05-28T13:15:00,Encerrado-VETO PARCIAL ACEITO
PL 283/2017,PL,2017,2017-04-27T00:00:00,2025-07-10T17:19:00,Encerrado-VETO TOTAL ACEITO
PL 283/2018,PL,2018,2018-05-30T00:00:00,2020-01-14T09:57:00,Encerrado-PROMULGADO
PL 283/2019,PL,2019,2019-04-16T00:00:00,2025-01-13T19:12:00,Encerrado-TERMINO DE LEGISLATURA (ART. 275 REG. INT.)
PL 283/2023,PL,2023,2023-05-24T00:00:00,2024-05-10T15:02:00,Encerrado-PROMULGADO
PL 284/2013,PL,2013,2013-04-30T00:00:00,2019-04-09T11:24:00,Encerrado-RETIRADO PELO AUTOR
PL 284/2016,PL,2016,2016-06-03T00:00:00,2017-01-02T11:12:00,Encerrado-TERMINO DE LEGISLATURA (ART. 275 REG. INT.)
PL 284/2017,PL,2017,2017-04-27T00:00:00,2021-01-12T17:06:00,Encerrado-TERMINO DE LEGISLATURA (ART. 275 REG. INT.)
PL 284/2018,PL,2018,2018-05-30T00:00:00,2021-03-15T15:39:00,Encerrado-RETIRADO PELO AUTOR
PL 284/2019,PL,2019,2019-04-16T00:00:00,2019-09-20T16:28:00,Encerrado-ILEGALIDADE (ART. 79 REG. INT.)
PL 284/2020,PL,2020,2020-04-30T00:00:00,2023-08-21T16:12:54,Encerrado-RETIRADO PELO AUTOR
PL 284/2022,PL,2022,2022-04-18T00:00:00,2023-05-05T14:48:00,Encerrado-PROMULGADO
PL 284/2023,PL,2023,2023-05-24T00:00:00,2024-04-04T11:55:00,Encerrado-ILEGALIDADE (ART. 79 REG. INT.)
PL 284/2024,PL,2024,2024-04-25T00:00:00,2026-03-26T11:11:00,Encerrado-PROMULGADO
PL 285/2014,PL,2014,2014-05-30T00:00:00,2017-01-02T17:11:00,Encerrado-TERMINO DE LEGISLATURA (ART. 275 REG. INT.)
PL 285/2015,PL,2015,2015-06-10T00:00:00,2016-04-13T00:00:00,Encerrado-PROMULGADO
PL 285/2016,PL,2016,2016-06-03T00:00:00,2017-01-11T14:40:00,Encerrado-TERMINO DE LEGISLATURA (ART. 275 REG. INT.)
PL 285/2017,PL,2017,2017-04-27T00:00:00,2021-01-12T17:06:00,Encerrado-TERMINO DE LEGISLATURA (ART. 275 REG. INT.)
PL 285/2018,PL,2018,2018-06-04T00:00:00,2023-05-05T14:48:00,Encerrado-PROMULGADO
PL 285/2019,PL,2019,2019-04-17T00:00:00,2020-03-12T14:50:00,Encerrado-RETIRADO PELO AUTOR
PL 285/2022,PL,2022,2022-04-19T00:00:00,2023-06-20T16:00:36,Encerrado-RETIRADO PELO AUTOR
PL 286/2013,PL,2013,2013-04-30T00:00:00,2017-01-02T12:58:00,Encerrado-TERMINO DE LEGISLATURA (ART. 275 REG. INT.)
PL 286/2015,PL,2015,2015-06-16T00:00:00,2017-01-04T13:06:00,Encerrado-TERMINO DE LEGISLATURA (ART. 275 REG. INT.)
PL 286/2016,PL,2016,2016-06-03T00:00:00,2019-10-30T18:42:00,Encerrado-VETO TOTAL ACEITO
PL 286/2017,PL,2017,2017-04-27T00:00:00,2025-05-29T19:01:00,Encerrado-VETO TOTAL ACEITO
PL 286/2018,PL,2018,2018-06-04T00:00:00,2019-05-10T16:30:00,Encerrado-ILEGALIDADE (ART. 79 REG. INT.)
PL 286/2020,PL,2020,2020-05-04T00:00:00,2023-08-21T16:12:55,Encerrado-RETIRADO PELO AUTOR
PL 286/2021,PL,2021,2021-05-07T00:00:00,2025-03-14T15:03:00,Encerrado-VETO TOTAL ACEITO
PL 286/2024,PL,2024,2024-04-25T00:00:00,2025-01-27T19:54:07,Encerrado-TERMINO DE LEGISLATURA (ART. 275 REG. INT.)
PL 287/2014,PL,2014,2014-05-30T00:00:00,2017-01-02T18:10:00,Encerrado-TERMINO DE LEGISLATURA (ART. 275 REG. INT.)
PL 287/2015,PL,2015,2015-06-11T00:00:00,2017-01-02T14:12:00,Encerrado-TERMINO DE LEGISLATURA (ART. 275 REG. INT.)
PL 287/2016,PL,2016,2016-06-03T00:00:00,2017-04-07T00:00:00,Encerrado-PROMULGADO
PL 287/2018,PL,2018,2018-06-05T00:00:00,2018-08-06T16:00:00,Encerrado-RETIRADO PELO AUTOR
PL 287/2020,PL,2020,2020-05-04T00:00:00,2023-08-21T16:12:56,Encerrado-RETIRADO PELO AUTOR
PL 287/2022,PL,2022,2022-04-20T00:00:00,2023-07-25T18:26:00,Encerrado-ILEGALIDADE (ART. 79 REG. INT.)
PL 287/2023,PL,2023,2023-05-25T00:00:00,2025-11-28T15:31:00,Encerrado-ILEGALIDADE (ART. 79 REG. INT.)
PL 287/2024,PL,2024,2024-04-25T00:00:00,2025-01-23T01:21:19,Encerrado-TERMINO DE LEGISLATURA (ART. 275 REG. INT.)
PL 288/2014,PL,2014,2014-05-30T00:00:00,2016-07-25T00:00:00,Encerrado-PROMULGADO
PL 288/2015,PL,2015,2015-06-11T00:00:00,2016-05-05T00:00:00,Encerrado-PROMULGADO
PL 288/2016,PL,2016,2016-06-06T00:00:00,2017-07-03T12:36:00,Encerrado-ILEGALIDADE (ART. 79 REG. INT.)
PL 288/2017,PL,2017,2017-05-02T00:00:00,2017-11-16T17:09:00,Encerrado-PROMULGADO
PL 288/2018,PL,2018,2018-06-05T00:00:00,2020-01-23T10:27:00,Encerrado-PROMULGADO
PL 288/2019,PL,2019,2019-04-18T00:00:00,2025-01-13T19:12:00,Encerrado-TERMINO DE LEGISLATURA (ART. 275 REG. INT.)
PL 288/2022,PL,2022,2022-04-20T00:00:00,2025-01-16T22:19:51,Encerrado-TERMINO DE LEGISLATURA (ART. 275 REG. INT.)
PL 288/2023,PL,2023,2023-05-25T00:00:00,2024-07-23T10:59:00,Encerrado-PROMULGADO
PL 289/2013,PL,2013,2013-04-30T00:00:00,2019-04-16T12:18:00,Encerrado-VETO PARCIAL ACEITO
PL 289/2014,PL,2014,2014-05-30T00:00:00,2018-04-24T00:00:00,Encerrado-PROMULGADO
PL 289/2015,PL,2015,2015-06-15T00:00:00,2019-05-20T09:32:00,Encerrado-VETO TOTAL ACEITO
PL 289/2016,PL,2016,2016-06-06T00:00:00,2017-06-08T11:58:00,Encerrado-ILEGALIDADE (ART. 79 REG. INT.)
PL 289/2017,PL,2017,2017-05-02T00:00:00,2021-01-12T17:06:00,Encerrado-TERMINO DE LEGISLATURA (ART. 275 REG. INT.)
PL 289/2020,PL,2020,2020-05-04T00:00:00,2021-01-27T18:16:30,Encerrado-TERMINO DE LEGISLATURA (ART. 275 REG. INT.)
PL 289/2022,PL,2022,2022-04-20T00:00:00,2025-01-16T22:19:50,Encerrado-TERMINO DE LEGISLATURA (ART. 275 REG. INT.)
PL 29/2013,PL,2013,2013-02-19T00:00:00,2025-03-26T17:07:00,Encerrado-VETO PARCIAL ACEITO
PL 29/2014,PL,2014,2014-02-12T00:00:00,2021-01-13T16:03:00,Encerrado-TERMINO DE LEGISLATURA (ART. 275 REG. INT.)
PL 29/2016,PL,2016,2016-02-11T00:00:00,2018-01-18T17:28:00,Encerrado-PROMULGADO
PL 29/2018,PL,2018,2018-02-07T00:00:00,2018-07-13T12:50:00,Encerrado-PROMULGADO
PL 29/2021,PL,2021,2021-01-20T00:00:00,2021-02-04T15:55:00,Encerrado-RETIRADO PELO AUTOR
PL 29/2023,PL,2023,2023-02-07T00:00:00,2026-05-05T10:16:00,Encerrado-PROMULGADO
PL 29/2025,PL,2025,2025-01-22T00:00:00,2025-04-07T20:17:00,Encerrado-RETIRADO PELO AUTOR
PL 290/2013,PL,2013,2013-04-30T00:00:00,2021-01-14T11:41:00,Encerrado-TERMINO DE LEGISLATURA (ART. 275 REG. INT.)
PL 290/2015,PL,2015,2015-06-16T00:00:00,2021-01-05T13:42:03,Encerrado-TERMINO DE LEGISLATURA (ART. 275 REG. INT.)
PL 290/2017,PL,2017,2017-05-03T00:00:00,2018-02-15T11:24:00,Encerrado-PROMULGADO
PL 290/2018,PL,2018,2018-06-05T00:00:00,2025-01-13T18:14:00,Encerrado-TERMINO DE LEGISLATURA (ART. 275 REG. INT.)
PL 290/2020,PL,2020,2020-05-05T00:00:00,2025-01-23T12:04:34,Encerrado-TERMINO DE LEGISLATURA (ART. 275 REG. INT.)
PL 290/2021,PL,2021,2021-05-10T00:00:00,2024-04-04T11:55:00,Encerrado-ILEGALIDADE (ART. 79 REG. INT.)
PL 290/2022,PL,2022,2022-04-20T00:00:00,2023-01-10T16:48:00,Encerrado-PROMULGADO
PL 291/2014,PL,2014,2014-06-03T00:00:00,2017-01-02T16:22:00,Encerrado-TERMINO DE LEGISLATURA (ART. 275 REG. INT.)
PL 291/2017,PL,2017,2017-05-03T00:00:00,2025-01-13T16:29:00,Encerrado-TERMINO DE LEGISLATURA (ART. 275 REG. INT.)
PL 291/2018,PL,2018,2018-06-05T00:00:00,2025-02-11T17:26:00,Encerrado-PROMULGADO
PL 291/2019,PL,2019,2019-04-22T00:00:00,2025-01-13T19:12:00,Encerrado-TERMINO DE LEGISLATURA (ART. 275 REG. INT.)
PL 291/2021,PL,2021,2021-05-10T00:00:00,2021-05-26T15:34:00,Encerrado-RETIRADO PELO AUTOR
PL 291/2023,PL,2023,2023-05-26T00:00:00,2024-11-06T11:57:13,Encerrado-RETIRADO PELO AUTOR
PL 292/2014,PL,2014,2014-06-03T00:00:00,2015-04-30T00:00:00,Encerrado-PROMULGADO
PL 292/2015,PL,2015,2015-06-16T00:00:00,2019-05-02T10:40:00,Encerrado-VETO TOTAL ACEITO
PL 292/2016,PL,2016,2016-06-06T00:00:00,2017-01-11T14:40:00,Encerrado-TERMINO DE LEGISLATURA (ART. 275 REG. INT.)
PL 292/2017,PL,2017,2017-05-03T00:00:00,2025-01-13T16:29:00,Encerrado-TERMINO DE LEGISLATURA (ART. 275 REG. INT.)
PL 292/2018,PL,2018,2018-06-06T00:00:00,2018-06-21T00:00:00,Encerrado-RETIRADO PELO AUTOR
PL 292/2020,PL,2020,2020-05-06T00:00:00,2021-01-27T14:00:43,Encerrado-TERMINO DE LEGISLATURA (ART. 275 REG. INT.)
PL 292/2021,PL,2021,2021-05-11T00:00:00,2022-09-28T15:12:00,Encerrado-PROMULGADO
PL 292/2022,PL,2022,2022-04-25T00:00:00,2022-07-21T15:09:00,Encerrado-PROMULGADO
PL 292/2024,PL,2024,2024-04-26T00:00:00,2025-10-29T12:06:00,Encerrado-PROMULGADO
PL 293/2014,PL,2014,2014-06-03T00:00:00,2025-01-13T15:10:00,Encerrado-TERMINO DE LEGISLATURA (ART. 275 REG. INT.)
PL 293/2015,PL,2015,2015-06-16T00:00:00,2017-01-02T13:42:00,Encerrado-TERMINO DE LEGISLATURA (ART. 275 REG. INT.)
PL 293/2016,PL,2016,2016-06-07T00:00:00,2021-01-13T14:53:00,Encerrado-TERMINO DE LEGISLATURA (ART. 275 REG. INT.)
PL 293/2017,PL,2017,2017-05-03T00:00:00,2017-10-19T19:04:00,Encerrado-RETIRADO PELO AUTOR
PL 293/2019,PL,2019,2019-04-23T00:00:00,2022-12-12T18:54:00,Encerrado-PROMULGADO
PL 293/2020,PL,2020,2020-05-06T00:00:00,2021-01-27T14:00:41,Encerrado-TERMINO DE LEGISLATURA (ART. 275 REG. INT.)
PL 293/2021,PL,2021,2021-05-11T00:00:00,2021-10-15T19:53:47,Encerrado-RETIRADO PELO AUTOR
PL 293/2022,PL,2022,2022-04-25T00:00:00,2025-01-08T18:42:00,Encerrado-TERMINO DE LEGISLATURA (ART. 275 REG. INT.)
PL 293/2023,PL,2023,2023-05-26T00:00:00,2024-06-04T13:25:00,Encerrado-PROMULGADO
PL 294/2014,PL,2014,2014-06-04T00:00:00,2021-10-20T16:02:00,Encerrado-TERMINO DE LEGISLATURA (ART. 275 REG. INT.)
PL 294/2016,PL,2016,2016-06-07T00:00:00,2017-11-16T17:11:00,Encerrado-PROMULGADO
PL 294/2018,PL,2018,2018-06-06T00:00:00,2019-03-14T18:00:00,Encerrado-ILEGALIDADE (ART. 79 REG. INT.)
PL 294/2019,PL,2019,2019-04-23T00:00:00,2019-12-03T18:08:00,Encerrado-PROMULGADO
PL 294/2020,PL,2020,2020-05-06T00:00:00,2023-08-21T16:12:57,Encerrado-RETIRADO PELO AUTOR
PL 294/2021,PL,2021,2021-05-11T00:00:00,2025-01-14T22:31:11,Encerrado-TERMINO DE LEGISLATURA (ART. 275 REG. INT.)
PL 294/2025,PL,2025,2025-03-14T00:00:00,2026-01-20T13:56:00,Encerrado-PROMULGADO
PL 295/2013,PL,2013,2013-05-03T00:00:00,2021-01-14T11:41:00,Encerrado-TERMINO DE LEGISLATURA (ART. 275 REG. INT.)
PL 295/2014,PL,2014,2014-06-04T00:00:00,2015-04-23T00:00:00,Encerrado-PROMULGADO
PL 295/2015,PL,2015,2015-06-16T00:00:00,2015-10-26T00:00:00,Encerrado-PROMULGADO
PL 295/2016,PL,2016,2016-06-07T00:00:00,2017-11-16T18:13:00,Encerrado-PROMULGADO
PL 295/2017,PL,2017,2017-05-03T00:00:00,2017-11-17T12:24:00,Encerrado-PROMULGADO
PL 295/2018,PL,2018,2018-06-07T00:00:00,2025-05-28T13:33:00,Encerrado-VETO PARCIAL ACEITO
PL 295/2019,PL,2019,2019-04-24T00:00:00,2025-05-29T09:52:00,Encerrado-VETO PARCIAL ACEITO
PL 295/2020,PL,2020,2020-05-06T00:00:00,2023-08-21T16:12:58,Encerrado-RETIRADO PELO AUTOR
PL 295/2023,PL,2023,2023-05-29T00:00:00,2024-04-03T12:27:00,Encerrado-ILEGALIDADE (ART. 79 REG. INT.)
PL 296/2016,PL,2016,2016-06-07T00:00:00,2017-05-02T12:19:00,Encerrado-ILEGALIDADE (ART. 79 REG. INT.)
PL 296/2019,PL,2019,2019-04-24T00:00:00,2021-08-31T18:34:00,Encerrado-PROMULGADO
PL 296/2020,PL,2020,2020-05-06T00:00:00,2021-01-07T10:43:31,Encerrado-TERMINO DE LEGISLATURA (ART. 275 REG. INT.)
PL 296/2022,PL,2022,2022-04-25T00:00:00,2025-09-25T11:46:00,Encerrado-PROMULGADO
PL 297/2013,PL,2013,2013-05-06T00:00:00,2025-01-13T14:05:00,Encerrado-TERMINO DE LEGISLATURA (ART. 275 REG. INT.)
PL 297/2015,PL,2015,2015-06-17T00:00:00,2017-01-02T15:53:00,Encerrado-TERMINO DE LEGISLATURA (ART. 275 REG. INT.)
PL 297/2016,PL,2016,2016-06-08T00:00:00,2021-01-13T14:53:00,Encerrado-TERMINO DE LEGISLATURA (ART. 275 REG. INT.)
PL 297/2017,PL,2017,2017-05-04T00:00:00,2021-01-05T18:26:23,Encerrado-TERMINO DE LEGISLATURA (ART. 275 REG. INT.)
PL 297/2020,PL,2020,2020-05-06T00:00:00,2021-01-12T15:16:00,Encerrado-TERMINO DE LEGISLATURA (ART. 275 REG. INT.)
PL 297/2021,PL,2021,2021-05-12T00:00:00,2025-01-14T22:02:10,Encerrado-TERMINO DE LEGISLATURA (ART. 275 REG. INT.)
PL 297/2022,PL,2022,2022-04-25T00:00:00,2023-01-10T16:48:00,Encerrado-PROMULGADO
PL 297/2023,PL,2023,2023-05-29T00:00:00,2024-04-18T13:29:32,APENSADO
PL 298/2015,PL,2015,2015-06-17T00:00:00,2025-03-12T14:23:00,Encerrado-VETO TOTAL ACEITO
PL 298/2017,PL,2017,2017-05-04T00:00:00,2018-09-19T00:00:00,Encerrado-PROMULGADO
PL 298/2018,PL,2018,2018-06-08T00:00:00,2019-10-21T08:50:00,Encerrado-PROMULGADO
PL 298/2019,PL,2019,2019-04-24T00:00:00,2024-05-22T18:47:00,Encerrado-ILEGALIDADE (ART. 79 REG. INT.)
PL 298/2020,PL,2020,2020-05-07T00:00:00,2021-09-13T17:51:00,Encerrado-PROMULGADO
PL 298/2022,PL,2022,2022-04-25T00:00:00,2022-11-11T12:46:14,Encerrado-RETIRADO PELO AUTOR
PL 298/2026,PL,2026,2026-04-15T00:00:00,2026-06-01T12:18:00,Encerrado-PROMULGADO
PL 299/2014,PL,2014,2014-06-04T00:00:00,2021-10-20T16:02:00,Encerrado-TERMINO DE LEGISLATURA (ART. 275 REG. INT.)
PL 299/2015,PL,2015,2015-06-17T00:00:00,2016-07-04T00:00:00,Encerrado-PROMULGADO
PL 299/2016,PL,2016,2016-06-08T00:00:00,2017-04-07T00:00:00,Encerrado-PROMULGADO
PL 299/2018,PL,2018,2018-06-08T00:00:00,2021-01-04T17:40:41,Encerrado-TERMINO DE LEGISLATURA (ART. 275 REG. INT.)
PL 299/2019,PL,2019,2019-04-25T00:00:00,2025-01-13T19:12:00,Encerrado-TERMINO DE LEGISLATURA (ART. 275 REG. INT.)
PL 299/2020,PL,2020,2020-05-07T00:00:00,2025-01-23T12:04:35,Encerrado-TERMINO DE LEGISLATURA (ART. 275 REG. INT.)
PL 299/2021,PL,2021,2021-05-17T00:00:00,2021-10-15T17:11:00,Encerrado-PROMULGADO
PL 299/2023,PL,2023,2023-05-29T00:00:00,2023-09-27T14:10:00,Encerrado-PROMULGADO
PL 299/2024,PL,2024,2024-04-26T00:00:00,2025-07-10T16:20:00,Encerrado-PROMULGADO
PL 3/2013,PL,2013,2013-01-15T00:00:00,2021-01-14T11:32:00,Encerrado-TERMINO DE LEGISLATURA (ART. 275 REG. INT.)
PL 3/2014,PL,2014,2014-01-20T00:00:00,2016-01-06T00:00:00,Encerrado-PROMULGADO
PL 3/2015,PL,2015,2014-12-17T00:00:00,2017-01-04T12:28:00,Encerrado-TERMINO DE LEGISLATURA (ART. 275 REG. INT.)
PL 3/2018,PL,2018,2018-01-10T00:00:00,2018-12-21T15:18:00,Encerrado-RETIRADO PELO AUTOR
PL 3/2019,PL,2019,2019-01-07T00:00:00,2019-12-06T11:14:00,Encerrado-ILEGALIDADE (ART. 79 REG. INT.)
PL 3/2020,PL,2020,2020-01-14T00:00:00,2025-01-21T13:57:00,Encerrado-TERMINO DE LEGISLATURA (ART. 275 REG. INT.)
PL 3/2021,PL,2021,2021-01-06T00:00:00,2023-08-21T16:01:21,Encerrado-RETIRADO PELO AUTOR
PL 3/2022,PL,2022,2022-01-06T00:00:00,2023-01-26T16:45:00,Encerrado-PROMULGADO
PL 3/2025,PL,2025,2025-01-07T00:00:00,2025-05-28T12:06:55,Encerrado-RETIRADO PELO AUTOR
PL 30/2016,PL,2016,2016-02-11T00:00:00,2019-01-14T12:21:00,Encerrado-PROMULGADO
PL 30/2017,PL,2017,2017-02-01T00:00:00,2017-03-13T11:06:00,Encerrado-RETIRADO PELO AUTOR
PL 30/2019,PL,2019,2019-01-28T00:00:00,2025-05-29T09:54:00,Encerrado-VETO PARCIAL ACEITO
PL 30/2020,PL,2020,2020-02-10T00:00:00,2021-01-29T22:08:05,Encerrado-TERMINO DE LEGISLATURA (ART. 275 REG. INT.)
PL 30/2021,PL,2021,2021-01-20T00:00:00,2026-03-18T17:47:00,Encerrado-RETIRADO PELO AUTOR
PL 30/2022,PL,2022,2022-02-04T00:00:00,2023-06-12T16:38:00,Encerrado-PROMULGADO
PL 30/2023,PL,2023,2023-02-07T00:00:00,2024-02-02T14:37:00,Encerrado-PROMULGADO
PL 30/2026,PL,2026,2026-01-26T00:00:00,2026-02-04T16:48:00,Encerrado-RETIRADO PELO AUTOR
PL 300/2013,PL,2013,2013-05-06T00:00:00,2025-01-13T14:05:00,Encerrado-TERMINO DE LEGISLATURA (ART. 275 REG. INT.)
PL 300/2014,PL,2014,2014-06-05T00:00:00,2019-10-08T15:42:00,Encerrado-VETO TOTAL ACEITO
PL 300/2016,PL,2016,2016-06-09T00:00:00,2017-02-17T00:00:00,Encerrado-PROMULGADO
PL 300/2017,PL,2017,2017-05-04T00:00:00,2019-06-07T13:25:00,Encerrado-VETO PARCIAL ACEITO
PL 300/2018,PL,2018,2018-06-08T00:00:00,2019-01-16T13:12:00,Encerrado-PROMULGADO
PL 300/2019,PL,2019,2019-04-25T00:00:00,2020-09-09T15:06:00,Encerrado-PROMULGADO
PL 300/2022,PL,2022,2022-04-27T00:00:00,2025-01-27T16:18:54,Encerrado-TERMINO DE LEGISLATURA (ART. 275 REG. INT.)
PL 300/2023,PL,2023,2023-05-29T00:00:00,2025-05-09T17:43:18,Encerrado-RETIRADO PELO AUTOR
PL 301/2013,PL,2013,2013-05-07T00:00:00,2017-01-23T16:10:00,Encerrado-TERMINO DE LEGISLATURA (ART. 275 REG. INT.)
PL 301/2014,PL,2014,2014-06-05T00:00:00,2016-02-02T17:38:41,Encerrado-PROMULGADO
PL 301/2015,PL,2015,2015-06-18T00:00:00,2017-01-02T10:00:00,Encerrado-TERMINO DE LEGISLATURA (ART. 275 REG. INT.)
PL 301/2017,PL,2017,2017-05-05T00:00:00,2019-01-31T09:46:00,Encerrado-PROMULGADO
PL 301/2018,PL,2018,2018-06-08T00:00:00,2025-03-19T16:53:00,Encerrado-VETO TOTAL ACEITO
PL 301/2019,PL,2019,2019-04-26T00:00:00,2021-01-06T23:29:38,Encerrado-TERMINO DE LEGISLATURA (ART. 275 REG. INT.)
PL 301/2020,PL,2020,2020-05-08T00:00:00,2023-08-21T16:12:59,Encerrado-RETIRADO PELO AUTOR
PL 301/2022,PL,2022,2022-04-27T00:00:00,2025-01-16T22:19:49,Encerrado-TERMINO DE LEGISLATURA (ART. 275 REG. INT.)
PL 301/2024,PL,2024,2024-04-26T00:00:00,2025-10-06T14:46:00,Encerrado-PROMULGADO
PL 302/2015,PL,2015,2015-06-18T00:00:00,2021-01-05T13:42:00,Encerrado-TERMINO DE LEGISLATURA (ART. 275 REG. INT.)
PL 302/2017,PL,2017,2017-05-05T00:00:00,2017-11-21T15:42:00,Encerrado-RETIRADO PELO AUTOR
PL 302/2018,PL,2018,2018-06-08T00:00:00,2021-10-08T17:25:00,Encerrado-PROMULGADO
PL 302/2019,PL,2019,2019-04-26T00:00:00,2019-12-06T11:14:00,Encerrado-ILEGALIDADE (ART. 79 REG. INT.)
PL 302/2020,PL,2020,2020-05-08T00:00:00,2023-09-19T16:10:49,Encerrado-RETIRADO PELO AUTOR
PL 302/2022,PL,2022,2022-04-27T00:00:00,2025-01-16T22:19:48,Encerrado-TERMINO DE LEGISLATURA (ART. 275 REG. INT.)
PL 302/2023,PL,2023,2023-05-30T00:00:00,2026-03-04T10:51:00,Encerrado-PROMULGADO
PL 303/2013,PL,2013,2013-05-08T00:00:00,2025-05-29T19:01:00,Encerrado-VETO TOTAL ACEITO
PL 303/2016,PL,2016,2016-06-10T00:00:00,2016-11-07T00:00:00,Encerrado-PROMULGADO
PL 303/2019,PL,2019,2019-04-29T00:00:00,2020-11-19T16:22:00,Encerrado-ILEGALIDADE (ART. 79 REG. INT.)
PL 303/2020,PL,2020,2020-05-08T00:00:00,2021-01-27T14:00:47,Encerrado-TERMINO DE LEGISLATURA (ART. 275 REG. INT.)
PL 303/2022,PL,2022,2022-04-27T00:00:00,2024-01-08T18:34:00,Encerrado-PROMULGADO
PL 303/2024,PL,2024,2024-04-26T00:00:00,2026-01-05T15:31:00,Encerrado-PROMULGADO
PL 304/2014,PL,2014,2014-06-10T00:00:00,2021-10-20T16:02:00,Encerrado-TERMINO DE LEGISLATURA (ART. 275 REG. INT.)
PL 304/2016,PL,2016,2016-06-10T00:00:00,2025-05-29T19:01:00,Encerrado-VETO TOTAL ACEITO
PL 304/2017,PL,2017,2017-05-09T00:00:00,2019-08-02T08:53:00,Encerrado-PROMULGADO
PL 304/2019,PL,2019,2019-04-30T00:00:00,2021-01-12T15:10:00,Encerrado-TERMINO DE LEGISLATURA (ART. 275 REG. INT.)
PL 304/2023,PL,2023,2023-05-31T00:00:00,2023-12-05T13:52:00,Encerrado-PROMULGADO
PL 305/2013,PL,2013,2013-05-08T00:00:00,2019-04-11T11:18:00,Encerrado-VETO TOTAL ACEITO
PL 305/2015,PL,2015,2015-06-22T00:00:00,2015-09-03T18:00:26,Encerrado-RETIRADO PELO AUTOR
PL 305/2016,PL,2016,2016-06-10T00:00:00,2018-07-13T12:50:00,Encerrado-PROMULGADO
PL 305/2020,PL,2020,2020-05-08T00:00:00,2025-05-29T19:01:00,Encerrado-VETO TOTAL ACEITO
PL 305/2022,PL,2022,2022-04-27T00:00:00,2025-01-27T16:19:56,Encerrado-TERMINO DE LEGISLATURA (ART. 275 REG. INT.)
PL 305/2023,PL,2023,2023-05-31T00:00:00,2026-04-14T18:03:00,Encerrado-PROMULGADO
PL 305/2024,PL,2024,2024-04-30T00:00:00,2024-08-01T11:55:33,Encerrado-RETIRADO PELO AUTOR
PL 306/2014,PL,2014,2014-06-10T00:00:00,2021-10-20T16:02:00,Encerrado-TERMINO DE LEGISLATURA (ART. 275 REG. INT.)
PL 306/2015,PL,2015,2015-06-22T00:00:00,2025-05-21T14:28:00,Encerrado-PROMULGADO
PL 306/2016,PL,2016,2016-06-10T00:00:00,2018-05-18T00:00:00,Encerrado-RETIRADO PELO AUTOR
PL 306/2018,PL,2018,2018-06-12T00:00:00,2025-01-28T18:05:49,Encerrado-TERMINO DE LEGISLATURA (ART. 275 REG. INT.)
PL 306/2020,PL,2020,2020-05-08T00:00:00,2023-09-19T16:10:50,Encerrado-RETIRADO PELO AUTOR
PL 307/2013,PL,2013,2013-05-08T00:00:00,2016-11-18T00:00:00,Encerrado-PROMULGADO
PL 307/2014,PL,2014,2014-06-11T00:00:00,2019-09-25T09:47:00,Encerrado-VETO TOTAL ACEITO
PL 307/2015,PL,2015,2015-06-23T00:00:00,2017-01-02T17:37:00,Encerrado-TERMINO DE LEGISLATURA (ART. 275 REG. INT.)
PL 307/2016,PL,2016,2016-06-13T00:00:00,2019-05-30T12:15:00,Encerrado-ILEGALIDADE (ART. 79 REG. INT.)
PL 307/2017,PL,2017,2017-05-10T00:00:00,2025-05-29T19:01:00,Encerrado-VETO TOTAL ACEITO
PL 307/2020,PL,2020,2020-05-11T00:00:00,2023-08-21T16:01:08,Encerrado-RETIRADO PELO AUTOR
PL 307/2021,PL,2021,2021-05-18T00:00:00,2025-11-28T15:31:00,Encerrado-ILEGALIDADE (ART. 79 REG. INT.)
PL 307/2023,PL,2023,2023-06-01T00:00:00,2024-04-04T11:55:00,Encerrado-ILEGALIDADE (ART. 79 REG. INT.)
PL 307/2025,PL,2025,2025-03-17T00:00:00,2026-06-09T11:49:00,Encerrado-PROMULGADO
PL 308/2015,PL,2015,2015-06-23T00:00:00,2015-07-01T00:00:00,Encerrado-PROMULGADO
PL 308/2016,PL,2016,2016-06-14T00:00:00,2017-01-10T14:59:00,Encerrado-TERMINO DE LEGISLATURA (ART. 275 REG. INT.)
PL 308/2018,PL,2018,2018-06-12T00:00:00,2021-03-15T15:39:00,Encerrado-RETIRADO PELO AUTOR
PL 308/2020,PL,2020,2020-05-11T00:00:00,2021-09-09T15:32:00,Encerrado-PROMULGADO
PL 308/2021,PL,2021,2021-05-18T00:00:00,2023-04-13T13:18:01,APENSADO
PL 308/2022,PL,2022,2022-04-27T00:00:00,2025-01-16T22:16:10,Encerrado-TERMINO DE LEGISLATURA (ART. 275 REG. INT.)
PL 308/2023,PL,2023,2023-06-01T00:00:00,2025-01-20T23:28:13,Encerrado-TERMINO DE LEGISLATURA (ART. 275 REG. INT.)
PL 308/2024,PL,2024,2024-05-02T00:00:00,2025-04-04T17:24:21,Encerrado-RETIRADO PELO AUTOR
PL 309/2014,PL,2014,2014-06-11T00:00:00,2015-06-29T00:00:00,Encerrado-PROMULGADO
PL 309/2016,PL,2016,2016-06-14T00:00:00,2018-01-18T17:24:00,Encerrado-PROMULGADO
PL 309/2017,PL,2017,2017-05-10T00:00:00,2018-06-13T10:09:00,Encerrado-PROMULGADO
PL 309/2021,PL,2021,2021-05-18T00:00:00,2025-01-23T15:11:37,Encerrado-TERMINO DE LEGISLATURA (ART. 275 REG. INT.)
PL 309/2022,PL,2022,2022-04-27T00:00:00,2023-04-27T13:57:00,Encerrado-PROMULGADO
PL 31/2015,PL,2015,2015-02-09T00:00:00,2017-01-04T13:14:00,Encerrado-TERMINO DE LEGISLATURA (ART. 275 REG. INT.)
PL 31/2016,PL,2016,2016-02-11T00:00:00,2016-08-30T12:26:41,Encerrado-ILEGALIDADE (ART. 79 REG. INT.)
PL 31/2017,PL,2017,2017-02-01T00:00:00,2018-02-07T09:55:00,Encerrado-PROMULGADO
PL 31/2018,PL,2018,2018-02-08T00:00:00,2018-08-23T12:51:00,Encerrado-RETIRADO PELO AUTOR
PL 31/2020,PL,2020,2020-02-11T00:00:00,2021-01-29T22:08:01,Encerrado-TERMINO DE LEGISLATURA (ART. 275 REG. INT.)
PL 310/2013,PL,2013,2013-05-08T00:00:00,2017-01-23T16:10:00,Encerrado-TERMINO DE LEGISLATURA (ART. 275 REG. INT.)
PL 310/2015,PL,2015,2015-06-23T00:00:00,2016-06-20T11:31:25,Encerrado-ILEGALIDADE (ART. 79 REG. INT.)
PL 310/2016,PL,2016,2016-06-14T00:00:00,2018-06-15T00:00:00,Encerrado-ILEGALIDADE (ART. 79 REG. INT.)
PL 310/2017,PL,2017,2017-05-11T00:00:00,2025-05-29T19:01:00,Encerrado-VETO TOTAL ACEITO
PL 310/2018,PL,2018,2018-06-12T00:00:00,2019-09-30T15:02:00,Encerrado-PROMULGADO
PL 310/2019,PL,2019,2019-04-30T00:00:00,2020-01-23T10:27:00,Encerrado-PROMULGADO
PL 310/2020,PL,2020,2020-05-12T00:00:00,2021-01-27T14:00:54,Encerrado-TERMINO DE LEGISLATURA (ART. 275 REG. INT.)
PL 310/2021,PL,2021,2021-05-18T00:00:00,2025-01-13T16:49:00,Encerrado-TERMINO DE LEGISLATURA (ART. 275 REG. INT.)
PL 310/2023,PL,2023,2023-06-02T00:00:00,2026-03-04T17:52:00,Encerrado-PROMULGADO
PL 311/2013,PL,2013,2013-05-08T00:00:00,2019-06-05T09:21:00,Encerrado-VETO PARCIAL ACEITO
PL 311/2014,PL,2014,2014-06-16T00:00:00,2019-04-16T12:58:00,Encerrado-VETO PARCIAL ACEITO
PL 311/2015,PL,2015,2015-06-23T00:00:00,2017-01-03T18:34:00,Encerrado-TERMINO DE LEGISLATURA (ART. 275 REG. INT.)
PL 311/2017,PL,2017,2017-05-11T00:00:00,2017-10-02T00:00:00,Encerrado-RETIRADO PELO AUTOR
PL 311/2018,PL,2018,2018-06-13T00:00:00,2025-01-13T18:35:00,Encerrado-TERMINO DE LEGISLATURA (ART. 275 REG. INT.)
PL 311/2019,PL,2019,2019-05-02T00:00:00,2021-11-11T18:42:00,Encerrado-PROMULGADO
PL 311/2020,PL,2020,2020-05-12T00:00:00,2021-01-27T14:00:56,Encerrado-TERMINO DE LEGISLATURA (ART. 275 REG. INT.)
PL 311/2023,PL,2023,2023-06-02T00:00:00,2025-01-09T18:06:26,Encerrado-TERMINO DE LEGISLATURA (ART. 275 REG. INT.)
PL 312/2013,PL,2013,2013-05-09T00:00:00,2015-07-02T00:00:00,Encerrado-PROMULGADO
PL 312/2014,PL,2014,2014-06-16T00:00:00,2019-04-16T12:58:00,Encerrado-VETO PARCIAL ACEITO
PL 312/2015,PL,2015,2015-06-23T00:00:00,2016-06-03T10:06:25,Encerrado-ARQUIVADO
PL 312/2016,PL,2016,2016-06-14T00:00:00,2016-11-24T15:08:21,Encerrado-PROMULGADO
PL 312/2017,PL,2017,2017-05-11T00:00:00,2017-12-18T00:00:00,Encerrado-ILEGALIDADE (ART. 79 REG. INT.)
PL 312/2018,PL,2018,2018-06-13T00:00:00,2019-06-25T00:00:00,APENSADO
PL 312/2019,PL,2019,2019-05-03T00:00:00,2025-05-29T09:50:00,Encerrado-VETO PARCIAL ACEITO
PL 312/2020,PL,2020,2020-05-12T00:00:00,2025-01-13T18:37:00,Encerrado-TERMINO DE LEGISLATURA (ART. 275 REG. INT.)
PL 312/2021,PL,2021,2021-05-18T00:00:00,2025-03-14T15:03:00,Encerrado-VETO TOTAL ACEITO
PL 312/2022,PL,2022,2022-04-29T00:00:00,2025-01-16T22:16:11,Encerrado-TERMINO DE LEGISLATURA (ART. 275 REG. INT.)
PL 312/2023,PL,2023,2023-06-02T00:00:00,2025-01-20T22:41:16,Encerrado-TERMINO DE LEGISLATURA (ART. 275 REG. INT.)
PL 312/2024,PL,2024,2024-05-07T00:00:00,2025-01-23T01:15:21,Encerrado-TERMINO DE LEGISLATURA (ART. 275 REG. INT.)
PL 313/2013,PL,2013,2013-05-09T00:00:00,2021-01-05T16:22:20,Encerrado-TERMINO DE LEGISLATURA (ART. 275 REG. INT.)
PL 313/2015,PL,2015,2015-06-23T00:00:00,2017-11-08T10:00:00,Encerrado-PROMULGADO
PL 313/2016,PL,2016,2016-06-15T00:00:00,2021-01-27T16:16:06,Encerrado-TERMINO DE LEGISLATURA (ART. 275 REG. INT.)
PL 313/2019,PL,2019,2019-05-03T00:00:00,2020-02-17T18:02:00,Encerrado-ILEGALIDADE (ART. 79 REG. INT.)
PL 313/2020,PL,2020,2020-05-12T00:00:00,2022-04-01T18:27:00,Encerrado-PROMULGADO
PL 313/2021,PL,2021,2021-05-19T00:00:00,2025-01-14T22:41:13,Encerrado-TERMINO DE LEGISLATURA (ART. 275 REG. INT.)
PL 313/2022,PL,2022,2022-04-29T00:00:00,2023-07-25T18:20:00,Encerrado-ILEGALIDADE (ART. 79 REG. INT.)
PL 313/2023,PL,2023,2023-06-02T00:00:00,2025-05-21T16:16:00,Encerrado-PROMULGADO
PL 314/2018,PL,2018,2018-06-13T00:00:00,2019-09-10T08:17:00,Encerrado-PROMULGADO
PL 314/2020,PL,2020,2020-05-13T00:00:00,2021-01-27T14:00:58,Encerrado-TERMINO DE LEGISLATURA (ART. 275 REG. INT.)
PL 314/2024,PL,2024,2024-05-08T00:00:00,2025-01-22T17:34:00,Encerrado-TERMINO DE LEGISLATURA (ART. 275 REG. INT.)
PL 315/2017,PL,2017,2017-05-11T00:00:00,2025-05-29T19:01:00,Encerrado-VETO TOTAL ACEITO
PL 315/2020,PL,2020,2020-05-13T00:00:00,2021-01-27T14:01:06,Encerrado-TERMINO DE LEGISLATURA (ART. 275 REG. INT.)
PL 315/2021,PL,2021,2021-05-20T00:00:00,2023-05-31T14:39:19,APENSADO
PL 315/2023,PL,2023,2023-06-05T00:00:00,2025-01-08T18:57:00,Encerrado-TERMINO DE LEGISLATURA (ART. 275 REG. INT.)
PL 316/2014,PL,2014,2014-06-18T00:00:00,2021-10-20T16:02:00,Encerrado-TERMINO DE LEGISLATURA (ART. 275 REG. INT.)
PL 316/2016,PL,2016,2016-06-15T00:00:00,2018-09-19T00:00:00,Encerrado-PROMULGADO
PL 316/2018,PL,2018,2018-06-13T00:00:00,2018-08-06T17:52:00,Encerrado-RETIRADO PELO AUTOR
PL 316/2021,PL,2021,2021-05-20T00:00:00,2021-05-26T19:39:00,Encerrado-RETIRADO PELO AUTOR
PL 316/2022,PL,2022,2022-05-02T00:00:00,2024-05-09T12:38:41,APENSADO
PL 317/2013,PL,2013,2013-05-10T00:00:00,2016-12-21T17:26:00,Encerrado-TERMINO DE LEGISLATURA (ART. 275 REG. INT.)
PL 317/2014,PL,2014,2014-06-23T00:00:00,2021-10-20T16:02:00,Encerrado-TERMINO DE LEGISLATURA (ART. 275 REG. INT.)
PL 317/2015,PL,2015,2015-06-23T00:00:00,2019-03-29T00:00:00,APENSADO
PL 317/2016,PL,2016,2016-06-16T00:00:00,2017-01-10T15:04:00,Encerrado-TERMINO DE LEGISLATURA (ART. 275 REG. INT.)
PL 317/2018,PL,2018,2018-06-14T00:00:00,2019-05-09T17:34:00,Encerrado-ILEGALIDADE (ART. 79 REG. INT.)
PL 317/2019,PL,2019,2019-05-06T00:00:00,2021-01-13T17:58:00,Encerrado-PROMULGADO
PL 317/2020,PL,2020,2020-05-14T00:00:00,2021-01-27T14:01:01,Encerrado-TERMINO DE LEGISLATURA (ART. 275 REG. INT.)
PL 317/2021,PL,2021,2021-05-21T00:00:00,2021-05-26T19:39:00,Encerrado-RETIRADO PELO AUTOR
PL 317/2022,PL,2022,2022-05-02T00:00:00,2025-01-16T22:16:18,Encerrado-TERMINO DE LEGISLATURA (ART. 275 REG. INT.)
PL 318/2013,PL,2013,2013-05-14T00:00:00,2021-01-14T11:41:00,Encerrado-TERMINO DE LEGISLATURA (ART. 275 REG. INT.)
PL 318/2015,PL,2015,2015-06-24T00:00:00,2015-07-01T00:00:00,Encerrado-RETIRADO PELO AUTOR
PL 318/2016,PL,2016,2016-06-16T00:00:00,2016-11-07T00:00:00,Encerrado-PROMULGADO
PL 318/2018,PL,2018,2018-06-19T00:00:00,2021-10-14T14:43:00,Encerrado-PROMULGADO
PL 318/2019,PL,2019,2019-05-06T00:00:00,2019-11-12T17:37:00,Encerrado-ILEGALIDADE (ART. 79 REG. INT.)
PL 318/2020,PL,2020,2020-05-14T00:00:00,2025-01-13T18:37:00,Encerrado-TERMINO DE LEGISLATURA (ART. 275 REG. INT.)
PL 318/2022,PL,2022,2022-05-03T00:00:00,2022-09-15T18:26:45,Encerrado-RETIRADO PELO AUTOR
PL 318/2023,PL,2023,2023-06-06T00:00:00,2024-05-10T15:02:00,Encerrado-PROMULGADO
PL 319/2015,PL,2015,2015-06-24T00:00:00,2019-05-22T08:35:00,Encerrado-VETO TOTAL ACEITO
PL 319/2016,PL,2016,2016-06-17T00:00:00,2021-08-19T19:26:00,Encerrado-RETIRADO PELO AUTOR
PL 319/2018,PL,2018,2018-06-14T00:00:00,2020-01-23T10:27:00,Encerrado-PROMULGADO
PL 319/2019,PL,2019,2019-05-06T00:00:00,2020-09-09T14:44:00,Encerrado-PROMULGADO
PL 319/2022,PL,2022,2022-05-03T00:00:00,2022-06-22T18:39:00,Encerrado-PROMULGADO
PL 319/2023,PL,2023,2023-06-07T00:00:00,2024-02-20T18:33:11,APENSADO
PL 32/2015,PL,2015,2015-02-09T00:00:00,2019-04-23T09:36:00,Encerrado-VETO PARCIAL ACEITO
PL 32/2016,PL,2016,2016-02-12T00:00:00,2017-01-02T18:29:00,Encerrado-TERMINO DE LEGISLATURA (ART. 275 REG. INT.)
PL 32/2017,PL,2017,2017-02-01T00:00:00,2025-01-13T16:29:00,Encerrado-TERMINO DE LEGISLATURA (ART. 275 REG. INT.)
PL 32/2018,PL,2018,2018-02-09T00:00:00,2021-10-26T00:00:00,APENSADO
PL 32/2020,PL,2020,2020-02-11T00:00:00,2021-01-29T22:08:00,Encerrado-TERMINO DE LEGISLATURA (ART. 275 REG. INT.)
PL 32/2022,PL,2022,2022-02-04T00:00:00,2023-04-14T18:24:25,Encerrado-RETIRADO PELO AUTOR
PL 32/2024,PL,2024,2024-01-19T00:00:00,2024-02-19T10:44:00,Encerrado-RETIRADO PELO AUTOR
PL 320/2013,PL,2013,2013-05-14T00:00:00,2025-03-26T23:33:00,Encerrado-VETO TOTAL ACEITO
PL 320/2014,PL,2014,2014-06-25T00:00:00,2020-02-03T13:08:00,Encerrado-RETIRADO PELO AUTOR
PL 320/2015,PL,2015,2015-06-24T00:00:00,2017-01-02T17:21:00,Encerrado-PROMULGADO
PL 320/2016,PL,2016,2016-06-17T00:00:00,2018-07-18T08:44:00,Encerrado-PROMULGADO
PL 320/2017,PL,2017,2017-05-15T00:00:00,2025-05-28T13:37:00,Encerrado-VETO PARCIAL ACEITO
PL 320/2018,PL,2018,2018-06-14T00:00:00,2020-02-11T14:06:00,Encerrado-RETIRADO PELO AUTOR
PL 320/2019,PL,2019,2019-05-06T00:00:00,2021-08-19T17:50:00,Encerrado-PROMULGADO
PL 320/2020,PL,2020,2020-05-15T00:00:00,2023-08-21T16:01:09,Encerrado-RETIRADO PELO AUTOR
PL 320/2022,PL,2022,2022-05-03T00:00:00,2024-01-22T18:57:00,Encerrado-PROMULGADO
PL 320/2023,PL,2023,2023-06-07T00:00:00,2023-11-24T19:06:24,Encerrado-RETIRADO PELO AUTOR
PL 320/2024,PL,2024,2024-05-09T00:00:00,2026-05-05T10:16:00,Encerrado-PROMULGADO
PL 321/2013,PL,2013,2013-05-14T00:00:00,2017-01-23T16:10:00,Encerrado-TERMINO DE LEGISLATURA (ART. 275 REG. INT.)
PL 321/2014,PL,2014,2014-06-25T00:00:00,2016-08-03T17:49:22,Encerrado-PROMULGADO
PL 321/2015,PL,2015,2015-06-24T00:00:00,2017-01-02T14:12:00,Encerrado-TERMINO DE LEGISLATURA (ART. 275 REG. INT.)
PL 321/2016,PL,2016,2016-06-17T00:00:00,2017-07-03T12:35:00,Encerrado-ILEGALIDADE (ART. 79 REG. INT.)
PL 321/2018,PL,2018,2018-06-15T00:00:00,2025-01-13T18:35:00,Encerrado-TERMINO DE LEGISLATURA (ART. 275 REG. INT.)
PL 321/2019,PL,2019,2019-05-06T00:00:00,2019-10-24T17:40:00,Encerrado-RETIRADO PELO AUTOR
PL 321/2020,PL,2020,2020-05-15T00:00:00,2025-01-13T22:32:22,Encerrado-TERMINO DE LEGISLATURA (ART. 275 REG. INT.)
PL 321/2021,PL,2021,2021-05-24T00:00:00,2026-04-08T17:40:00,Encerrado-PROMULGADO
PL 321/2023,PL,2023,2023-06-07T00:00:00,2023-10-16T13:42:00,Encerrado-PROMULGADO
PL 321/2024,PL,2024,2024-05-10T00:00:00,2025-01-22T23:29:01,Encerrado-TERMINO DE LEGISLATURA (ART. 275 REG. INT.)
PL 321/2025,PL,2025,2025-03-19T00:00:00,2026-01-12T16:22:00,Encerrado-PROMULGADO
PL 322/2014,PL,2014,2014-06-25T00:00:00,2017-01-02T18:29:00,Encerrado-TERMINO DE LEGISLATURA (ART. 275 REG. INT.)
PL 322/2015,PL,2015,2015-06-25T00:00:00,2017-01-02T12:55:00,Encerrado-TERMINO DE LEGISLATURA (ART. 275 REG. INT.)
PL 322/2017,PL,2017,2017-05-16T00:00:00,2018-09-19T00:00:00,Encerrado-PROMULGADO
PL 322/2018,PL,2018,2018-06-15T00:00:00,2025-01-13T18:35:00,Encerrado-TERMINO DE LEGISLATURA (ART. 275 REG. INT.)
PL 322/2019,PL,2019,2019-05-07T00:00:00,2021-08-31T18:34:00,Encerrado-PROMULGADO
PL 322/2020,PL,2020,2020-05-15T00:00:00,2020-09-24T10:07:00,Encerrado-RETIRADO PELO AUTOR
PL 322/2023,PL,2023,2023-06-07T00:00:00,2023-12-05T13:39:00,Encerrado-PROMULGADO
PL 323/2013,PL,2013,2013-05-14T00:00:00,2025-03-26T23:33:00,Encerrado-VETO TOTAL ACEITO
PL 323/2015,PL,2015,2015-06-25T00:00:00,2017-01-04T13:24:00,Encerrado-TERMINO DE LEGISLATURA (ART. 275 REG. INT.)
PL 323/2016,PL,2016,2016-06-21T00:00:00,2017-01-11T14:40:00,Encerrado-TERMINO DE LEGISLATURA (ART. 275 REG. INT.)
PL 323/2020,PL,2020,2020-05-17T00:00:00,2021-02-08T13:58:00,Encerrado-RETIRADO PELO AUTOR
PL 323/2024,PL,2024,2024-05-14T00:00:00,2025-01-27T19:54:08,Encerrado-TERMINO DE LEGISLATURA (ART. 275 REG. INT.)
PL 324/2015,PL,2015,2015-06-25T00:00:00,2017-01-03T17:01:00,Encerrado-TERMINO DE LEGISLATURA (ART. 275 REG. INT.)
PL 324/2016,PL,2016,2016-06-21T00:00:00,2017-01-11T14:40:00,Encerrado-TERMINO DE LEGISLATURA (ART. 275 REG. INT.)
PL 324/2019,PL,2019,2019-05-08T00:00:00,2025-07-10T17:19:00,Encerrado-VETO TOTAL ACEITO
PL 324/2021,PL,2021,2021-05-24T00:00:00,2025-01-14T21:25:12,Encerrado-TERMINO DE LEGISLATURA (ART. 275 REG. INT.)
PL 324/2023,PL,2023,2023-06-12T00:00:00,2025-01-27T20:03:53,Encerrado-TERMINO DE LEGISLATURA (ART. 275 REG. INT.)
PL 325/2013,PL,2013,2013-05-15T00:00:00,2015-10-13T15:10:10,Encerrado-RETIRADO PELO AUTOR
PL 325/2015,PL,2015,2015-06-25T00:00:00,2021-01-13T14:42:00,Encerrado-TERMINO DE LEGISLATURA (ART. 275 REG. INT.)
PL 325/2016,PL,2016,2016-06-21T00:00:00,2018-03-22T00:00:00,Encerrado-ILEGALIDADE (ART. 79 REG. INT.)
PL 325/2018,PL,2018,2018-06-18T00:00:00,2019-01-31T09:46:00,Encerrado-PROMULGADO
PL 325/2019,PL,2019,2019-05-08T00:00:00,2021-08-18T17:11:00,Encerrado-PROMULGADO
PL 325/2020,PL,2020,2020-05-18T00:00:00,2025-03-13T14:22:00,Encerrado-VETO TOTAL ACEITO
PL 325/2022,PL,2022,2022-05-04T00:00:00,2022-12-14T16:19:00,Encerrado-PROMULGADO
PL 325/2024,PL,2024,2024-05-15T00:00:00,2026-03-10T10:33:00,Encerrado-PROMULGADO
PL 326/2014,PL,2014,2014-06-25T00:00:00,2017-01-03T18:26:00,Encerrado-TERMINO DE LEGISLATURA (ART. 275 REG. INT.)
PL 326/2015,PL,2015,2015-06-25T00:00:00,2016-08-02T18:03:04,Encerrado-PROMULGADO
PL 326/2016,PL,2016,2016-06-22T00:00:00,2017-01-02T11:12:00,Encerrado-TERMINO DE LEGISLATURA (ART. 275 REG. INT.)
PL 326/2017,PL,2017,2017-05-18T00:00:00,2019-10-21T08:50:00,Encerrado-PROMULGADO
PL 326/2019,PL,2019,2019-05-08T00:00:00,2021-01-05T13:48:53,Encerrado-TERMINO DE LEGISLATURA (ART. 275 REG. INT.)
PL 326/2021,PL,2021,2021-05-25T00:00:00,2025-01-14T22:31:09,Encerrado-TERMINO DE LEGISLATURA (ART. 275 REG. INT.)
PL 326/2022,PL,2022,2022-05-04T00:00:00,2024-04-04T11:55:00,Encerrado-ILEGALIDADE (ART. 79 REG. INT.)
PL 326/2023,PL,2023,2023-06-12T00:00:00,2023-10-19T16:25:28,Encerrado-RETIRADO PELO AUTOR
PL 326/2024,PL,2024,2024-05-15T00:00:00,2024-05-23T11:01:00,Encerrado-RETIRADO PELO AUTOR
PL 327/2013,PL,2013,2013-05-15T00:00:00,2019-05-14T08:48:00,Encerrado-VETO TOTAL ACEITO
PL 327/2014,PL,2014,2014-06-26T00:00:00,2019-05-02T09:54:00,Encerrado-VETO TOTAL ACEITO
PL 327/2015,PL,2015,2015-06-29T00:00:00,2016-01-06T00:00:00,Encerrado-PROMULGADO
PL 327/2016,PL,2016,2016-06-22T00:00:00,2016-08-26T16:41:18,Encerrado-RETIRADO PELO AUTOR
PL 327/2017,PL,2017,2017-05-18T00:00:00,2018-02-15T11:24:00,Encerrado-PROMULGADO
PL 327/2018,PL,2018,2018-06-18T00:00:00,2021-08-13T16:21:00,Encerrado-PROMULGADO
PL 327/2019,PL,2019,2019-05-08T00:00:00,2021-01-30T06:15:26,Encerrado-TERMINO DE LEGISLATURA (ART. 275 REG. INT.)
PL 327/2022,PL,2022,2022-05-04T00:00:00,2022-08-30T10:59:15,APENSADO
PL 327/2023,PL,2023,2023-06-12T00:00:00,2026-04-07T16:59:00,Encerrado-PROMULGADO
PL 328/2013,PL,2013,2013-05-15T00:00:00,2021-01-14T11:41:00,Encerrado-TERMINO DE LEGISLATURA (ART. 275 REG. INT.)
PL 328/2014,PL,2014,2014-06-26T00:00:00,2017-01-31T14:51:00,Encerrado-TERMINO DE LEGISLATURA (ART. 275 REG. INT.)
PL 328/2015,PL,2015,2015-06-29T00:00:00,2016-02-19T14:57:05,Encerrado-PROMULGADO
PL 328/2016,PL,2016,2016-06-22T00:00:00,2018-03-16T17:51:00,Encerrado-RETIRADO PELO AUTOR
PL 328/2017,PL,2017,2017-05-18T00:00:00,2025-01-13T16:29:00,Encerrado-TERMINO DE LEGISLATURA (ART. 275 REG. INT.)
PL 328/2019,PL,2019,2019-05-09T00:00:00,2023-10-31T13:36:00,Encerrado-PROMULGADO
PL 328/2020,PL,2020,2020-05-26T00:00:00,2025-01-13T22:32:21,Encerrado-TERMINO DE LEGISLATURA (ART. 275 REG. INT.)
PL 328/2023,PL,2023,2023-06-12T00:00:00,2024-08-14T18:58:00,Encerrado-PROMULGADO
PL 328/2024,PL,2024,2024-05-15T00:00:00,2025-01-23T01:21:18,Encerrado-TERMINO DE LEGISLATURA (ART. 275 REG. INT.)
PL 329/2013,PL,2013,2013-05-15T00:00:00,2021-01-14T11:41:00,Encerrado-TERMINO DE LEGISLATURA (ART. 275 REG. INT.)
PL 329/2015,PL,2015,2015-06-29T00:00:00,2016-02-19T14:56:31,Encerrado-PROMULGADO
PL 329/2017,PL,2017,2017-05-18T00:00:00,2017-12-18T00:00:00,Encerrado-ILEGALIDADE (ART. 79 REG. INT.)
PL 329/2020,PL,2020,2020-05-26T00:00:00,2025-01-13T22:36:46,Encerrado-TERMINO DE LEGISLATURA (ART. 275 REG. INT.)
PL 329/2022,PL,2022,2022-05-06T00:00:00,2024-05-27T14:25:00,Encerrado-PROMULGADO
PL 329/2024,PL,2024,2024-05-15T00:00:00,2026-06-02T11:31:00,Encerrado-PROMULGADO
PL 33/2014,PL,2014,2014-02-13T00:00:00,2016-11-07T00:00:00,Encerrado-PROMULGADO
PL 33/2015,PL,2015,2015-02-10T00:00:00,2017-01-02T10:00:00,Encerrado-TERMINO DE LEGISLATURA (ART. 275 REG. INT.)
PL 33/2016,PL,2016,2016-02-16T00:00:00,2016-04-01T00:00:00,Encerrado-PROMULGADO
PL 33/2018,PL,2018,2018-02-09T00:00:00,2018-06-11T09:30:00,Encerrado-PROMULGADO
PL 33/2019,PL,2019,2019-01-30T00:00:00,2019-09-26T18:04:00,Encerrado-ILEGALIDADE (ART. 79 REG. INT.)
PL 33/2020,PL,2020,2020-02-11T00:00:00,2021-02-01T02:35:24,Encerrado-TERMINO DE LEGISLATURA (ART. 275 REG. INT.)
PL 33/2022,PL,2022,2022-02-04T00:00:00,2022-06-24T13:41:00,Encerrado-PROMULGADO
PL 330/2013,PL,2013,2013-05-15T00:00:00,2021-01-14T11:41:00,Encerrado-TERMINO DE LEGISLATURA (ART. 275 REG. INT.)
PL 330/2014,PL,2014,2014-06-27T00:00:00,2025-01-13T15:10:00,Encerrado-TERMINO DE LEGISLATURA (ART. 275 REG. INT.)
PL 330/2015,PL,2015,2015-06-30T00:00:00,2016-06-20T11:53:44,Encerrado-ILEGALIDADE (ART. 79 REG. INT.)
PL 330/2016,PL,2016,2016-06-22T00:00:00,2016-08-05T13:25:43,Encerrado-PROMULGADO
PL 330/2017,PL,2017,2017-05-18T00:00:00,2018-03-19T00:00:00,Encerrado-ILEGALIDADE (ART. 79 REG. INT.)
PL 330/2018,PL,2018,2018-06-19T00:00:00,2019-05-27T12:21:00,Encerrado-PROMULGADO
PL 330/2022,PL,2022,2022-05-06T00:00:00,2024-04-04T11:55:00,Encerrado-ILEGALIDADE (ART. 79 REG. INT.)
PL 330/2025,PL,2025,2025-03-21T00:00:00,2026-07-17T17:39:32,APENSADO
PL 331/2014,PL,2014,2014-06-27T00:00:00,2021-10-20T16:02:00,Encerrado-TERMINO DE LEGISLATURA (ART. 275 REG. INT.)
PL 331/2015,PL,2015,2015-06-30T00:00:00,2017-01-03T17:01:00,Encerrado-TERMINO DE LEGISLATURA (ART. 275 REG. INT.)
PL 331/2016,PL,2016,2016-06-22T00:00:00,2018-12-14T09:38:00,Encerrado-PROMULGADO
PL 331/2018,PL,2018,2018-06-20T00:00:00,2019-03-25T17:17:00,Encerrado-ILEGALIDADE (ART. 79 REG. INT.)
PL 331/2020,PL,2020,2020-05-26T00:00:00,2025-01-21T13:55:40,Encerrado-TERMINO DE LEGISLATURA (ART. 275 REG. INT.)
PL 331/2022,PL,2022,2022-05-09T00:00:00,2024-02-28T13:25:44,APENSADO
PL 332/2013,PL,2013,2013-05-16T00:00:00,2025-01-13T14:58:00,Encerrado-TERMINO DE LEGISLATURA (ART. 275 REG. INT.)
PL 332/2014,PL,2014,2014-06-27T00:00:00,2019-10-18T10:09:00,Encerrado-VETO TOTAL ACEITO
PL 332/2015,PL,2015,2015-06-30T00:00:00,2017-01-04T13:24:00,Encerrado-TERMINO DE LEGISLATURA (ART. 275 REG. INT.)
PL 332/2016,PL,2016,2016-06-22T00:00:00,2018-07-13T12:50:00,Encerrado-PROMULGADO
PL 332/2017,PL,2017,2017-05-18T00:00:00,2017-12-07T00:00:00,Encerrado-ILEGALIDADE (ART. 79 REG. INT.)
PL 332/2018,PL,2018,2018-06-20T00:00:00,2019-10-18T09:58:00,Encerrado-PROMULGADO
PL 332/2019,PL,2019,2019-05-14T00:00:00,2022-05-12T14:17:00,Encerrado-ILEGALIDADE (ART. 79 REG. INT.)
PL 332/2021,PL,2021,2021-05-27T00:00:00,2025-01-14T22:41:16,Encerrado-TERMINO DE LEGISLATURA (ART. 275 REG. INT.)
PL 332/2022,PL,2022,2022-05-09T00:00:00,2022-05-10T18:08:00,Encerrado-RETIRADO PELO AUTOR
PL 332/2024,PL,2024,2024-05-16T00:00:00,2025-01-23T02:00:39,Encerrado-TERMINO DE LEGISLATURA (ART. 275 REG. INT.)
PL 333/2013,PL,2013,2013-05-16T00:00:00,2019-09-25T09:45:00,Encerrado-VETO PARCIAL ACEITO
PL 333/2014,PL,2014,2014-06-27T00:00:00,2015-04-23T00:00:00,Encerrado-PROMULGADO
PL 333/2015,PL,2015,2015-06-30T00:00:00,2018-09-19T00:00:00,Encerrado-PROMULGADO
PL 333/2017,PL,2017,2017-05-18T00:00:00,2017-12-07T00:00:00,Encerrado-ILEGALIDADE (ART. 79 REG. INT.)
PL 333/2018,PL,2018,2018-06-20T00:00:00,2025-01-13T18:35:00,Encerrado-TERMINO DE LEGISLATURA (ART. 275 REG. INT.)
PL 333/2023,PL,2023,2023-06-14T00:00:00,2024-05-10T15:02:00,Encerrado-PROMULGADO
PL 334/2013,PL,2013,2013-05-16T00:00:00,2025-04-02T14:59:00,Encerrado-VETO TOTAL ACEITO
PL 334/2014,PL,2014,2014-06-27T00:00:00,2017-01-04T15:03:00,Encerrado-TERMINO DE LEGISLATURA (ART. 275 REG. INT.)
PL 334/2015,PL,2015,2015-06-30T00:00:00,2017-10-17T17:30:00,Encerrado-PROMULGADO
PL 334/2017,PL,2017,2017-05-19T00:00:00,2017-08-11T00:00:00,Encerrado-PROMULGADO
PL 334/2019,PL,2019,2019-05-14T00:00:00,2021-08-31T18:34:00,Encerrado-PROMULGADO
PL 334/2020,PL,2020,2020-05-26T00:00:00,2021-10-14T15:13:50,Encerrado-RETIRADO PELO AUTOR
PL 334/2021,PL,2021,2021-05-31T00:00:00,2025-01-13T16:49:00,Encerrado-TERMINO DE LEGISLATURA (ART. 275 REG. INT.)
PL 334/2022,PL,2022,2022-05-10T00:00:00,2023-05-31T14:12:33,APENSADO
PL 334/2023,PL,2023,2023-06-14T00:00:00,2025-01-20T22:37:56,Encerrado-TERMINO DE LEGISLATURA (ART. 275 REG. INT.)
PL 334/2024,PL,2024,2024-05-20T00:00:00,2024-08-09T18:03:22,Encerrado-RETIRADO PELO AUTOR
PL 335/2014,PL,2014,2014-06-27T00:00:00,2021-01-13T16:03:00,Encerrado-TERMINO DE LEGISLATURA (ART. 275 REG. INT.)
PL 335/2015,PL,2015,2015-06-30T00:00:00,2021-01-05T13:41:50,Encerrado-TERMINO DE LEGISLATURA (ART. 275 REG. INT.)
PL 335/2016,PL,2016,2016-06-23T00:00:00,2018-02-22T10:47:00,Encerrado-PROMULGADO
PL 335/2017,PL,2017,2017-05-22T00:00:00,2025-03-12T14:05:00,Encerrado-VETO TOTAL ACEITO
PL 335/2020,PL,2020,2020-05-26T00:00:00,2021-01-07T10:43:24,Encerrado-TERMINO DE LEGISLATURA (ART. 275 REG. INT.)
PL 335/2021,PL,2021,2021-05-31T00:00:00,2022-08-29T14:21:20,APENSADO
PL 335/2022,PL,2022,2022-05-10T00:00:00,2025-01-16T22:37:15,Encerrado-TERMINO DE LEGISLATURA (ART. 275 REG. INT.)
PL 335/2023,PL,2023,2023-06-14T00:00:00,2023-08-21T13:24:00,Encerrado-RETIRADO PELO AUTOR
PL 335/2024,PL,2024,2024-05-20T00:00:00,2025-04-04T17:26:58,Encerrado-RETIRADO PELO AUTOR
PL 336/2014,PL,2014,2014-06-30T00:00:00,2015-09-10T14:03:18,Encerrado-RETIRADO PELO AUTOR
PL 336/2015,PL,2015,2015-06-30T00:00:00,2016-01-13T10:12:34,Encerrado-ARQUIVADO
PL 336/2016,PL,2016,2016-06-24T00:00:00,2021-01-13T14:53:00,Encerrado-TERMINO DE LEGISLATURA (ART. 275 REG. INT.)
PL 336/2019,PL,2019,2019-05-15T00:00:00,2025-01-13T19:12:00,Encerrado-TERMINO DE LEGISLATURA (ART. 275 REG. INT.)
PL 336/2020,PL,2020,2020-05-27T00:00:00,2021-09-13T17:51:00,Encerrado-PROMULGADO
PL 336/2022,PL,2022,2022-05-10T00:00:00,2023-01-26T19:21:00,Encerrado-PROMULGADO
PL 336/2024,PL,2024,2024-05-20T00:00:00,2026-09-29T11:27:00,Encerrado-PROMULGADO
PL 337/2013,PL,2013,2013-05-17T00:00:00,2025-01-13T14:58:00,Encerrado-TERMINO DE LEGISLATURA (ART. 275 REG. INT.)
PL 337/2014,PL,2014,2014-07-01T00:00:00,2025-03-26T17:07:00,Encerrado-VETO PARCIAL ACEITO
PL 337/2016,PL,2016,2016-06-24T00:00:00,2025-01-13T16:08:00,Encerrado-TERMINO DE LEGISLATURA (ART. 275 REG. INT.)
PL 337/2017,PL,2017,2017-05-23T00:00:00,2018-03-20T00:00:00,APENSADO
PL 337/2018,PL,2018,2018-06-20T00:00:00,2019-05-31T12:03:00,Encerrado-VETO PARCIAL ACEITO
PL 337/2019,PL,2019,2019-05-15T00:00:00,2025-01-13T19:12:00,Encerrado-TERMINO DE LEGISLATURA (ART. 275 REG. INT.)
PL 337/2020,PL,2020,2020-05-27T00:00:00,2021-10-08T17:25:00,Encerrado-PROMULGADO
PL 337/2021,PL,2021,2021-05-31T00:00:00,2022-06-09T18:03:00,Encerrado-PROMULGADO
PL 337/2022,PL,2022,2022-05-10T00:00:00,2025-07-30T16:03:54,Encerrado-RETIRADO PELO AUTOR
PL 337/2024,PL,2024,2024-05-20T00:00:00,2025-10-06T13:49:00,Encerrado-PROMULGADO
PL 337/2025,PL,2025,2025-03-24T00:00:00,2026-07-17T17:38:43,APENSADO
PL 338/2013,PL,2013,2013-05-17T00:00:00,2025-05-21T16:12:00,Encerrado-VETO PARCIAL ACEITO
PL 338/2014,PL,2014,2014-07-01T00:00:00,2021-01-05T13:29:53,Encerrado-TERMINO DE LEGISLATURA (ART. 275 REG. INT.)
PL 338/2015,PL,2015,2015-06-30T00:00:00,2021-01-13T14:42:00,Encerrado-TERMINO DE LEGISLATURA (ART. 275 REG. INT.)
PL 338/2016,PL,2016,2016-06-27T00:00:00,2017-01-02T11:12:00,Encerrado-TERMINO DE LEGISLATURA (ART. 275 REG. INT.)
PL 338/2017,PL,2017,2017-05-23T00:00:00,2017-11-06T09:22:00,Encerrado-PROMULGADO
PL 338/2018,PL,2018,2018-06-21T00:00:00,2020-01-15T09:35:00,Encerrado-PROMULGADO
PL 338/2019,PL,2019,2019-05-15T00:00:00,2025-07-08T12:16:00,Encerrado-VETO TOTAL ACEITO
PL 338/2020,PL,2020,2020-05-27T00:00:00,2025-03-13T14:22:00,Encerrado-VETO TOTAL ACEITO
PL 338/2021,PL,2021,2021-06-01T00:00:00,2023-08-07T16:36:00,Encerrado-PROMULGADO
PL 339/2013,PL,2013,2013-05-20T00:00:00,2025-03-26T23:33:00,Encerrado-VETO TOTAL ACEITO
PL 339/2014,PL,2014,2014-07-01T00:00:00,2021-10-20T16:02:00,Encerrado-TERMINO DE LEGISLATURA (ART. 275 REG. INT.)
PL 339/2015,PL,2015,2015-07-01T00:00:00,2016-05-05T00:00:00,Encerrado-PROMULGADO
PL 339/2016,PL,2016,2016-06-27T00:00:00,2017-05-09T00:00:00,Encerrado-PROMULGADO
PL 339/2017,PL,2017,2017-05-23T00:00:00,2018-08-16T00:00:00,Encerrado-ILEGALIDADE (ART. 79 REG. INT.)
PL 339/2019,PL,2019,2019-05-15T00:00:00,2021-01-12T15:10:00,Encerrado-TERMINO DE LEGISLATURA (ART. 275 REG. INT.)
PL 339/2021,PL,2021,2021-06-01T00:00:00,2022-02-01T16:03:00,Encerrado-PROMULGADO
PL 339/2022,PL,2022,2022-05-11T00:00:00,2022-08-30T10:10:43,APENSADO
PL 34/2014,PL,2014,2014-02-13T00:00:00,2015-05-21T00:00:00,Encerrado-PROMULGADO
PL 34/2016,PL,2016,2016-02-16T00:00:00,2016-07-12T00:00:00,Encerrado-PROMULGADO
PL 34/2018,PL,2018,2018-02-15T00:00:00,2021-01-05T20:42:25,Encerrado-TERMINO DE LEGISLATURA (ART. 275 REG. INT.)
PL 34/2020,PL,2020,2020-02-11T00:00:00,2021-01-29T22:07:58,Encerrado-TERMINO DE LEGISLATURA (ART. 275 REG. INT.)
PL 34/2022,PL,2022,2022-02-04T00:00:00,2025-01-16T22:44:45,Encerrado-TERMINO DE LEGISLATURA (ART. 275 REG. INT.)
PL 34/2023,PL,2023,2023-02-07T00:00:00,2023-10-31T13:36:00,Encerrado-PROMULGADO
PL 34/2024,PL,2024,2024-01-19T00:00:00,2026-06-09T11:49:00,Encerrado-PROMULGADO
PL 34/2026,PL,2026,2026-01-27T00:00:00,2026-09-29T11:27:00,Encerrado-PROMULGADO
PL 340/2014,PL,2014,2014-07-02T00:00:00,2016-06-13T11:25:37,Encerrado-ILEGALIDADE (ART. 79 REG. INT.)
PL 340/2015,PL,2015,2015-07-01T00:00:00,2015-12-02T17:07:24,Encerrado-PROMULGADO
PL 340/2016,PL,2016,2016-06-28T00:00:00,2016-11-17T00:00:00,Encerrado-PROMULGADO
PL 340/2017,PL,2017,2017-05-23T00:00:00,2021-01-05T18:57:59,Encerrado-TERMINO DE LEGISLATURA (ART. 275 REG. INT.)
PL 340/2018,PL,2018,2018-06-21T00:00:00,2025-01-22T15:20:54,Encerrado-TERMINO DE LEGISLATURA (ART. 275 REG. INT.)
PL 340/2019,PL,2019,2019-05-15T00:00:00,2025-02-18T16:52:00,APENSADO
PL 340/2021,PL,2021,2021-06-01T00:00:00,2025-03-14T15:03:00,Encerrado-VETO TOTAL ACEITO
PL 340/2022,PL,2022,2022-05-11T00:00:00,2026-03-04T10:51:00,Encerrado-PROMULGADO
PL 340/2023,PL,2023,2023-06-15T00:00:00,2025-01-17T19:58:20,Encerrado-TERMINO DE LEGISLATURA (ART. 275 REG. INT.)
PL 341/2013,PL,2013,2013-05-21T00:00:00,2021-01-14T11:41:00,Encerrado-TERMINO DE LEGISLATURA (ART. 275 REG. INT.)
PL 341/2014,PL,2014,2014-07-02T00:00:00,2017-01-02T17:04:00,Encerrado-TERMINO DE LEGISLATURA (ART. 275 REG. INT.)
PL 341/2015,PL,2015,2015-07-01T00:00:00,2015-12-15T00:00:00,Encerrado-PROMULGADO
PL 341/2017,PL,2017,2017-05-23T00:00:00,2018-05-17T00:00:00,Encerrado-ILEGALIDADE (ART. 79 REG. INT.)
PL 341/2018,PL,2018,2018-06-22T00:00:00,2019-06-27T17:03:00,Encerrado-RETIRADO PELO AUTOR
PL 341/2019,PL,2019,2019-05-16T00:00:00,2019-09-20T16:28:00,Encerrado-ILEGALIDADE (ART. 79 REG. INT.)
PL 341/2020,PL,2020,2020-05-28T00:00:00,2023-08-21T16:01:10,Encerrado-RETIRADO PELO AUTOR
PL 341/2023,PL,2023,2023-06-15T00:00:00,2023-12-06T14:09:00,Encerrado-PROMULGADO
PL 341/2024,PL,2024,2024-05-22T00:00:00,2025-01-23T00:33:36,Encerrado-TERMINO DE LEGISLATURA (ART. 275 REG. INT.)
PL 342/2013,PL,2013,2013-05-21T00:00:00,2019-05-13T08:39:00,Encerrado-VETO TOTAL ACEITO
PL 342/2014,PL,2014,2014-07-07T00:00:00,2015-11-10T00:00:00,Encerrado-PROMULGADO
PL 342/2015,PL,2015,2015-07-01T00:00:00,2025-07-01T17:59:00,Encerrado-VETO TOTAL ACEITO
PL 342/2016,PL,2016,2016-06-28T00:00:00,2018-09-19T00:00:00,Encerrado-PROMULGADO
PL 342/2017,PL,2017,2017-05-23T00:00:00,2023-11-29T16:06:00,Encerrado-PROMULGADO
PL 342/2020,PL,2020,2020-05-28T00:00:00,2020-09-24T09:58:00,Encerrado-RETIRADO PELO AUTOR
PL 342/2022,PL,2022,2022-05-13T00:00:00,2025-01-22T15:56:36,Encerrado-TERMINO DE LEGISLATURA (ART. 275 REG. INT.)
PL 342/2023,PL,2023,2023-06-15T00:00:00,2025-01-21T13:55:42,Encerrado-TERMINO DE LEGISLATURA (ART. 275 REG. INT.)
PL 343/2014,PL,2014,2014-07-07T00:00:00,2025-05-22T20:09:00,Encerrado-VETO TOTAL ACEITO
PL 343/2015,PL,2015,2015-07-01T00:00:00,2025-07-01T17:59:00,Encerrado-VETO TOTAL ACEITO
PL 343/2016,PL,2016,2016-06-28T00:00:00,2018-04-19T12:13:00,Encerrado-PROMULGADO
PL 343/2018,PL,2018,2018-06-25T00:00:00,2021-01-04T11:53:11,Encerrado-TERMINO DE LEGISLATURA (ART. 275 REG. INT.)
PL 343/2019,PL,2019,2019-05-17T00:00:00,2021-10-08T17:25:00,Encerrado-PROMULGADO
PL 343/2022,PL,2022,2022-05-16T00:00:00,2025-01-16T22:04:36,Encerrado-TERMINO DE LEGISLATURA (ART. 275 REG. INT.)
PL 344/2013,PL,2013,2013-05-21T00:00:00,2021-01-14T11:41:00,Encerrado-TERMINO DE LEGISLATURA (ART. 275 REG. INT.)
PL 344/2016,PL,2016,2016-06-28T00:00:00,2019-03-14T13:35:00,Encerrado-PROMULGADO
PL 344/2018,PL,2018,2018-06-25T00:00:00,2025-01-22T15:20:53,Encerrado-TERMINO DE LEGISLATURA (ART. 275 REG. INT.)
PL 344/2019,PL,2019,2019-05-17T00:00:00,2021-01-05T13:49:00,Encerrado-TERMINO DE LEGISLATURA (ART. 275 REG. INT.)
PL 344/2022,PL,2022,2022-05-17T00:00:00,2025-01-16T22:33:58,Encerrado-TERMINO DE LEGISLATURA (ART. 275 REG. INT.)
PL 344/2024,PL,2024,2024-05-22T00:00:00,2025-02-11T19:10:00,Encerrado-PROMULGADO
PL 345/2013,PL,2013,2013-05-21T00:00:00,2017-01-02T18:12:00,Encerrado-TERMINO DE LEGISLATURA (ART. 275 REG. INT.)
PL 345/2014,PL,2014,2014-07-14T00:00:00,2021-10-20T16:02:00,Encerrado-TERMINO DE LEGISLATURA (ART. 275 REG. INT.)
PL 345/2015,PL,2015,2015-07-02T00:00:00,2019-05-20T09:33:00,Encerrado-VETO TOTAL ACEITO
PL 345/2016,PL,2016,2016-06-28T00:00:00,2016-08-04T15:53:40,Encerrado-RETIRADO PELO AUTOR
PL 345/2017,PL,2017,2017-05-24T00:00:00,2025-01-13T16:29:00,Encerrado-TERMINO DE LEGISLATURA (ART. 275 REG. INT.)
PL 345/2018,PL,2018,2018-06-26T00:00:00,2025-03-12T14:05:00,Encerrado-VETO TOTAL ACEITO
PL 345/2019,PL,2019,2019-05-20T00:00:00,2021-01-06T23:29:25,Encerrado-TERMINO DE LEGISLATURA (ART. 275 REG. INT.)
PL 345/2020,PL,2020,2020-06-02T00:00:00,2025-01-13T22:17:12,Encerrado-TERMINO DE LEGISLATURA (ART. 275 REG. INT.)
PL 345/2023,PL,2023,2023-06-16T00:00:00,2024-07-22T16:59:00,Encerrado-PROMULGADO
PL 346/2015,PL,2015,2015-07-02T00:00:00,2017-01-04T12:28:00,Encerrado-TERMINO DE LEGISLATURA (ART. 275 REG. INT.)
PL 346/2016,PL,2016,2016-06-28T00:00:00,2018-01-18T17:17:00,Encerrado-PROMULGADO
PL 346/2017,PL,2017,2017-05-24T00:00:00,2019-06-05T09:24:00,Encerrado-VETO TOTAL ACEITO
PL 346/2018,PL,2018,2018-06-26T00:00:00,2025-01-10T17:50:04,Encerrado-TERMINO DE LEGISLATURA (ART. 275 REG. INT.)
PL 346/2020,PL,2020,2020-06-02T00:00:00,2026-04-24T15:20:00,Encerrado-PROMULGADO
PL 346/2021,PL,2021,2021-06-01T00:00:00,2025-01-14T21:25:07,Encerrado-TERMINO DE LEGISLATURA (ART. 275 REG. INT.)
PL 346/2023,PL,2023,2023-06-16T00:00:00,2024-07-22T16:59:00,Encerrado-PROMULGADO
PL 346/2024,PL,2024,2024-05-23T00:00:00,2025-10-06T14:46:00,Encerrado-PROMULGADO
PL 347/2014,PL,2014,2014-07-14T00:00:00,2021-01-08T12:25:31,Encerrado-TERMINO DE LEGISLATURA (ART. 275 REG. INT.)
PL 347/2015,PL,2015,2015-07-03T00:00:00,2016-08-08T15:56:07,Encerrado-PROMULGADO
PL 347/2016,PL,2016,2016-06-28T00:00:00,2018-01-11T10:57:00,Encerrado-PROMULGADO
PL 347/2019,PL,2019,2019-05-22T00:00:00,2021-02-18T17:19:00,Encerrado-RETIRADO PELO AUTOR
PL 347/2021,PL,2021,2021-06-01T00:00:00,2025-12-08T16:42:00,Devolução de Regularização
PL 347/2023,PL,2023,2023-06-19T00:00:00,2024-04-04T11:55:00,Encerrado-ILEGALIDADE (ART. 79 REG. INT.)
PL 348/2014,PL,2014,2014-07-21T00:00:00,2021-10-20T16:02:00,Encerrado-TERMINO DE LEGISLATURA (ART. 275 REG. INT.)
PL 348/2015,PL,2015,2015-07-07T00:00:00,2025-07-01T17:59:00,Encerrado-VETO TOTAL ACEITO
PL 348/2016,PL,2016,2016-06-29T00:00:00,2018-01-29T10:13:00,Encerrado-PROMULGADO
PL 348/2017,PL,2017,2017-05-24T00:00:00,2018-03-14T18:04:00,Encerrado-ILEGALIDADE (ART. 79 REG. INT.)
PL 348/2019,PL,2019,2019-05-22T00:00:00,2021-10-14T14:43:00,Encerrado-PROMULGADO
PL 348/2020,PL,2020,2020-06-03T00:00:00,2025-01-13T22:17:09,Encerrado-TERMINO DE LEGISLATURA (ART. 275 REG. INT.)
PL 348/2021,PL,2021,2021-06-02T00:00:00,2025-03-14T15:03:00,Encerrado-VETO TOTAL ACEITO
PL 348/2023,PL,2023,2023-06-19T00:00:00,2024-02-28T13:27:27,APENSADO
PL 348/2026,PL,2026,2026-05-04T00:00:00,2026-09-22T11:15:18,APENSADO
PL 349/2014,PL,2014,2014-07-24T00:00:00,2015-10-08T00:00:00,Encerrado-PROMULGADO
PL 349/2015,PL,2015,2015-07-07T00:00:00,2019-05-13T08:25:00,Encerrado-VETO TOTAL ACEITO
PL 349/2016,PL,2016,2016-06-29T00:00:00,2017-04-19T16:45:00,Encerrado-PROMULGADO
PL 349/2017,PL,2017,2017-05-24T00:00:00,2018-08-02T00:00:00,Encerrado-ILEGALIDADE (ART. 79 REG. INT.)
PL 349/2019,PL,2019,2019-05-22T00:00:00,2021-08-31T18:34:00,Encerrado-PROMULGADO
PL 349/2020,PL,2020,2020-06-03T00:00:00,2021-01-27T13:28:55,Encerrado-TERMINO DE LEGISLATURA (ART. 275 REG. INT.)
PL 349/2021,PL,2021,2021-06-02T00:00:00,2023-08-21T16:01:24,Encerrado-RETIRADO PELO AUTOR
PL 349/2022,PL,2022,2022-05-18T00:00:00,2023-07-06T16:13:00,Encerrado-PROMULGADO
PL 349/2023,PL,2023,2023-06-19T00:00:00,2024-04-04T11:55:00,Encerrado-ILEGALIDADE (ART. 79 REG. INT.)
PL 349/2024,PL,2024,2024-05-23T00:00:00,2025-01-23T01:21:17,Encerrado-TERMINO DE LEGISLATURA (ART. 275 REG. INT.)
PL 35/2015,PL,2015,2015-02-11T00:00:00,2025-01-13T15:40:00,Encerrado-TERMINO DE LEGISLATURA (ART. 275 REG. INT.)
PL 35/2016,PL,2016,2016-02-16T00:00:00,2019-05-28T08:27:00,Encerrado-VETO TOTAL ACEITO
PL 35/2020,PL,2020,2020-02-11T00:00:00,2021-01-29T22:08:03,Encerrado-TERMINO DE LEGISLATURA (ART. 275 REG. INT.)
PL 35/2023,PL,2023,2023-02-08T00:00:00,2023-06-12T16:38:00,Encerrado-PROMULGADO
PL 35/2024,PL,2024,2024-01-22T00:00:00,2025-07-10T16:20:00,Encerrado-PROMULGADO
PL 35/2026,PL,2026,2026-01-28T00:00:00,2026-02-04T16:48:00,Encerrado-RETIRADO PELO AUTOR
PL 350/2013,PL,2013,2013-05-21T00:00:00,2021-01-14T11:41:00,Encerrado-TERMINO DE LEGISLATURA (ART. 275 REG. INT.)
PL 350/2015,PL,2015,2015-07-07T00:00:00,2017-01-04T17:50:00,Encerrado-TERMINO DE LEGISLATURA (ART. 275 REG. INT.)
PL 350/2017,PL,2017,2017-05-24T00:00:00,2018-12-14T09:38:00,Encerrado-PROMULGADO
PL 350/2018,PL,2018,2018-06-28T00:00:00,2019-05-13T09:42:00,Encerrado-PROMULGADO
PL 350/2019,PL,2019,2019-05-22T00:00:00,2020-01-23T10:27:00,Encerrado-PROMULGADO
PL 350/2020,PL,2020,2020-06-03T00:00:00,2021-10-15T17:11:00,Encerrado-PROMULGADO
PL 350/2023,PL,2023,2023-06-19T00:00:00,2026-04-07T16:59:00,Encerrado-PROMULGADO
PL 350/2024,PL,2024,2024-05-23T00:00:00,2024-05-28T16:17:00,Encerrado-RETIRADO PELO AUTOR
PL 351/2014,PL,2014,2014-07-28T00:00:00,2016-08-09T12:45:53,Encerrado-ILEGALIDADE (ART. 79 REG. INT.)
PL 351/2015,PL,2015,2015-07-07T00:00:00,2017-01-02T16:10:00,Encerrado-TERMINO DE LEGISLATURA (ART. 275 REG. INT.)
PL 351/2017,PL,2017,2017-05-24T00:00:00,2019-07-25T08:20:00,Encerrado-PROMULGADO
PL 351/2019,PL,2019,2019-05-22T00:00:00,2019-10-14T15:26:00,Encerrado-RETIRADO PELO AUTOR
PL 351/2021,PL,2021,2021-06-02T00:00:00,2025-01-14T22:31:08,Encerrado-TERMINO DE LEGISLATURA (ART. 275 REG. INT.)
PL 351/2024,PL,2024,2024-05-23T00:00:00,2025-01-21T16:55:09,Encerrado-TERMINO DE LEGISLATURA (ART. 275 REG. INT.)
PL 352/2013,PL,2013,2013-05-22T00:00:00,2019-09-17T15:35:00,Encerrado-VETO TOTAL ACEITO
PL 352/2014,PL,2014,2014-07-28T00:00:00,2025-05-29T19:01:00,Encerrado-VETO TOTAL ACEITO
PL 352/2015,PL,2015,2015-07-07T00:00:00,2017-01-03T17:01:00,Encerrado-TERMINO DE LEGISLATURA (ART. 275 REG. INT.)
PL 352/2016,PL,2016,2016-06-29T00:00:00,2019-01-14T12:21:00,Encerrado-PROMULGADO
PL 352/2017,PL,2017,2017-05-24T00:00:00,2018-06-11T09:30:00,Encerrado-PROMULGADO
PL 352/2019,PL,2019,2019-05-22T00:00:00,2021-01-30T06:15:32,Encerrado-TERMINO DE LEGISLATURA (ART. 275 REG. INT.)
PL 352/2020,PL,2020,2020-06-03T00:00:00,2025-01-13T22:36:52,Encerrado-TERMINO DE LEGISLATURA (ART. 275 REG. INT.)
PL 352/2023,PL,2023,2023-06-19T00:00:00,2025-01-21T13:55:44,Encerrado-TERMINO DE LEGISLATURA (ART. 275 REG. INT.)
PL 353/2013,PL,2013,2013-05-22T00:00:00,2021-01-14T11:41:00,Encerrado-TERMINO DE LEGISLATURA (ART. 275 REG. INT.)
PL 353/2014,PL,2014,2014-07-28T00:00:00,2015-07-02T18:46:54,Encerrado-PROMULGADO
PL 353/2016,PL,2016,2016-06-29T00:00:00,2025-01-13T16:08:00,Encerrado-TERMINO DE LEGISLATURA (ART. 275 REG. INT.)
PL 353/2017,PL,2017,2017-05-25T00:00:00,2018-10-09T13:21:00,Encerrado-PROMULGADO
PL 353/2018,PL,2018,2018-06-28T00:00:00,2025-05-28T13:32:00,Encerrado-VETO PARCIAL ACEITO
PL 353/2020,PL,2020,2020-06-03T00:00:00,2021-01-13T16:19:05,Encerrado-TERMINO DE LEGISLATURA (ART. 275 REG. INT.)
PL 353/2021,PL,2021,2021-06-03T00:00:00,2022-06-09T18:03:00,Encerrado-PROMULGADO
PL 353/2022,PL,2022,2022-05-20T00:00:00,2023-01-10T16:48:00,Encerrado-PROMULGADO
PL 354/2014,PL,2014,2014-07-28T00:00:00,2025-05-21T16:12:00,Encerrado-VETO PARCIAL ACEITO
PL 354/2016,PL,2016,2016-06-30T00:00:00,2025-03-19T16:53:00,Encerrado-VETO TOTAL ACEITO
PL 354/2017,PL,2017,2017-05-29T00:00:00,2023-09-18T16:38:00,Encerrado-PROMULGADO
PL 354/2019,PL,2019,2019-05-23T00:00:00,2022-07-21T16:36:12,Encerrado-RETIRADO PELO AUTOR
PL 354/2020,PL,2020,2020-06-04T00:00:00,2021-10-19T17:06:00,Encerrado-PROMULGADO
PL 354/2021,PL,2021,2021-06-03T00:00:00,2025-05-21T16:16:00,Encerrado-PROMULGADO
PL 354/2022,PL,2022,2022-05-23T00:00:00,2025-07-04T14:43:37,Encerrado-RETIRADO PELO AUTOR
PL 354/2024,PL,2024,2024-05-23T00:00:00,2025-01-23T01:28:27,Encerrado-TERMINO DE LEGISLATURA (ART. 275 REG. INT.)
PL 354/2025,PL,2025,2025-03-27T00:00:00,2025-07-10T16:20:00,Encerrado-PROMULGADO
PL 355/2014,PL,2014,2014-07-29T00:00:00,2017-06-26T11:00:00,Encerrado-ILEGALIDADE (ART. 79 REG. INT.)
PL 355/2015,PL,2015,2015-07-15T00:00:00,2016-03-30T00:00:00,Encerrado-PROMULGADO
PL 355/2016,PL,2016,2016-06-30T00:00:00,2020-01-23T10:30:00,Encerrado-PROMULGADO
PL 355/2017,PL,2017,2017-05-29T00:00:00,2018-02-07T09:55:00,Encerrado-PROMULGADO
PL 355/2018,PL,2018,2018-07-03T00:00:00,2021-08-18T17:11:00,Encerrado-PROMULGADO
PL 355/2019,PL,2019,2019-05-23T00:00:00,2021-01-12T15:10:00,Encerrado-TERMINO DE LEGISLATURA (ART. 275 REG. INT.)
PL 355/2020,PL,2020,2020-06-04T00:00:00,2023-08-21T16:01:11,Encerrado-RETIRADO PELO AUTOR
PL 355/2022,PL,2022,2022-05-24T00:00:00,2024-01-08T18:10:00,Encerrado-PROMULGADO
PL 355/2023,PL,2023,2023-06-20T00:00:00,2024-02-15T14:59:34,Encerrado-RETIRADO PELO AUTOR
PL 355/2024,PL,2024,2024-05-24T00:00:00,2025-11-28T15:31:00,Encerrado-ILEGALIDADE (ART. 79 REG. INT.)
PL 356/2013,PL,2013,2013-05-22T00:00:00,2017-01-23T16:10:00,Encerrado-TERMINO DE LEGISLATURA (ART. 275 REG. INT.)
PL 356/2014,PL,2014,2014-07-30T00:00:00,2015-06-17T00:00:00,Encerrado-PROMULGADO
PL 356/2016,PL,2016,2016-06-30T00:00:00,2018-06-06T07:56:00,Encerrado-PROMULGADO
PL 356/2018,PL,2018,2018-07-03T00:00:00,2018-12-21T10:29:00,Encerrado-PROMULGADO
PL 356/2019,PL,2019,2019-05-23T00:00:00,2021-10-08T17:25:00,Encerrado-PROMULGADO
PL 356/2020,PL,2020,2020-06-05T00:00:00,2020-11-23T14:37:00,Encerrado-PROMULGADO
PL 356/2022,PL,2022,2022-05-24T00:00:00,2023-07-06T16:13:00,Encerrado-PROMULGADO
PL 356/2024,PL,2024,2024-05-24T00:00:00,2024-05-28T18:53:00,Encerrado-RETIRADO PELO AUTOR
PL 357/2015,PL,2015,2015-07-16T00:00:00,2015-10-26T12:57:35,Encerrado-PROMULGADO
PL 357/2017,PL,2017,2017-05-30T00:00:00,2025-03-19T16:53:00,Encerrado-VETO TOTAL ACEITO
PL 357/2018,PL,2018,2018-07-04T00:00:00,2025-01-22T14:01:00,Encerrado-TERMINO DE LEGISLATURA (ART. 275 REG. INT.)
PL 357/2019,PL,2019,2019-05-23T00:00:00,2021-01-30T06:15:34,Encerrado-TERMINO DE LEGISLATURA (ART. 275 REG. INT.)
PL 357/2021,PL,2021,2021-06-07T00:00:00,2025-01-21T14:23:00,Encerrado-TERMINO DE LEGISLATURA (ART. 275 REG. INT.)
PL 357/2022,PL,2022,2022-05-24T00:00:00,2023-04-13T13:22:22,APENSADO
PL 357/2023,PL,2023,2023-06-20T00:00:00,2026-07-20T17:46:00,Encerrado-PROMULGADO
PL 357/2024,PL,2024,2024-05-24T00:00:00,2024-05-28T18:53:00,Encerrado-RETIRADO PELO AUTOR
PL 358/2015,PL,2015,2015-07-17T00:00:00,2017-01-03T17:01:00,Encerrado-TERMINO DE LEGISLATURA (ART. 275 REG. INT.)
PL 358/2016,PL,2016,2016-06-30T00:00:00,2017-01-04T16:07:00,Encerrado-TERMINO DE LEGISLATURA (ART. 275 REG. INT.)
PL 358/2017,PL,2017,2017-05-30T00:00:00,2018-02-15T00:00:00,Encerrado-ILEGALIDADE (ART. 79 REG. INT.)
PL 358/2018,PL,2018,2018-07-04T00:00:00,2019-11-04T09:46:00,Encerrado-PROMULGADO
PL 358/2019,PL,2019,2019-05-23T00:00:00,2019-10-24T00:00:00,APENSADO
PL 358/2022,PL,2022,2022-05-24T00:00:00,2025-12-01T10:32:00,Encerrado-PROMULGADO
PL 358/2023,PL,2023,2023-06-22T00:00:00,2024-06-17T14:17:00,Encerrado-PROMULGADO
PL 358/2024,PL,2024,2024-05-24T00:00:00,2026-06-09T11:49:00,Encerrado-PROMULGADO
PL 358/2025,PL,2025,2025-03-28T00:00:00,2026-08-25T16:04:05,APENSADO
PL 359/2013,PL,2013,2013-05-23T00:00:00,2021-03-15T15:39:00,Encerrado-RETIRADO PELO AUTOR
PL 359/2015,PL,2015,2015-07-17T00:00:00,2015-10-26T00:00:00,Encerrado-PROMULGADO
PL 359/2016,PL,2016,2016-06-30T00:00:00,2017-07-06T00:00:00,Encerrado-PROMULGADO
PL 359/2017,PL,2017,2017-05-30T00:00:00,2018-03-02T14:49:00,Encerrado-RETIRADO PELO AUTOR
PL 359/2019,PL,2019,2019-05-23T00:00:00,2019-09-26T18:04:00,Encerrado-ILEGALIDADE (ART. 79 REG. INT.)
PL 359/2020,PL,2020,2020-06-08T00:00:00,2021-09-13T17:51:00,Encerrado-PROMULGADO
PL 359/2022,PL,2022,2022-05-24T00:00:00,2022-08-30T10:05:47,APENSADO
PL 359/2023,PL,2023,2023-06-22T00:00:00,2026-04-07T16:59:00,Encerrado-PROMULGADO
PL 36/2015,PL,2015,2015-02-11T00:00:00,2015-05-14T00:00:00,Encerrado-PROMULGADO
PL 36/2016,PL,2016,2016-02-17T00:00:00,2021-01-28T12:04:00,Encerrado-RETIRADO PELO AUTOR
PL 36/2017,PL,2017,2017-02-01T00:00:00,2021-03-15T12:46:00,Encerrado-RETIRADO PELO AUTOR
PL 36/2020,PL,2020,2020-02-11T00:00:00,2021-01-29T22:07:54,Encerrado-TERMINO DE LEGISLATURA (ART. 275 REG. INT.)
PL 36/2022,PL,2022,2022-02-07T00:00:00,2023-07-25T18:24:00,Encerrado-ILEGALIDADE (ART. 79 REG. INT.)
PL 36/2024,PL,2024,2024-01-22T00:00:00,2024-02-02T13:53:00,Encerrado-RETIRADO PELO AUTOR
PL 36/2025,PL,2025,2025-01-27T00:00:00,2025-04-07T20:17:00,Encerrado-RETIRADO PELO AUTOR
PL 360/2015,PL,2015,2015-07-21T00:00:00,2016-05-09T10:48:45,Encerrado-ILEGALIDADE (ART. 79 REG. INT.)
PL 360/2016,PL,2016,2016-06-30T00:00:00,2017-01-10T14:59:00,Encerrado-TERMINO DE LEGISLATURA (ART. 275 REG. INT.)
PL 360/2017,PL,2017,2017-05-30T00:00:00,2018-02-22T10:48:00,Encerrado-PROMULGADO
PL 360/2018,PL,2018,2018-07-04T00:00:00,2019-10-02T08:41:00,Encerrado-PROMULGADO
PL 360/2020,PL,2020,2020-06-08T00:00:00,2025-01-23T12:09:48,Encerrado-TERMINO DE LEGISLATURA (ART. 275 REG. INT.)
PL 360/2021,PL,2021,2021-06-07T00:00:00,2023-01-23T16:22:00,Encerrado-PROMULGADO
PL 360/2022,PL,2022,2022-05-24T00:00:00,2023-05-05T14:48:00,Encerrado-PROMULGADO
PL 360/2025,PL,2025,2025-03-28T00:00:00,2026-08-25T16:05:14,APENSADO
PL 361/2013,PL,2013,2013-05-23T00:00:00,2017-01-23T16:10:00,Encerrado-TERMINO DE LEGISLATURA (ART. 275 REG. INT.)
PL 361/2014,PL,2014,2014-08-01T00:00:00,2025-05-22T20:10:00,Encerrado-VETO TOTAL ACEITO
PL 361/2016,PL,2016,2016-06-30T00:00:00,2017-11-16T17:08:00,Encerrado-PROMULGADO
PL 361/2017,PL,2017,2017-05-31T00:00:00,2017-11-10T14:30:00,Encerrado-RETIRADO PELO AUTOR
PL 361/2018,PL,2018,2018-07-05T00:00:00,2019-08-08T19:11:00,Encerrado-ILEGALIDADE (ART. 79 REG. INT.)
PL 361/2019,PL,2019,2019-05-27T00:00:00,2025-01-13T19:12:00,Encerrado-TERMINO DE LEGISLATURA (ART. 275 REG. INT.)
PL 361/2020,PL,2020,2020-06-08T00:00:00,2023-08-21T16:01:12,Encerrado-RETIRADO PELO AUTOR
PL 361/2023,PL,2023,2023-06-23T00:00:00,2025-01-20T23:08:54,Encerrado-TERMINO DE LEGISLATURA (ART. 275 REG. INT.)
PL 362/2013,PL,2013,2013-05-23T00:00:00,2025-03-26T23:33:00,Encerrado-VETO TOTAL ACEITO
PL 362/2015,PL,2015,2015-07-22T00:00:00,2017-01-03T17:01:00,Encerrado-TERMINO DE LEGISLATURA (ART. 275 REG. INT.)
PL 362/2016,PL,2016,2016-07-01T00:00:00,2017-01-02T11:12:00,Encerrado-TERMINO DE LEGISLATURA (ART. 275 REG. INT.)
PL 362/2017,PL,2017,2017-05-31T00:00:00,2017-06-08T00:00:00,Encerrado-PROMULGADO
PL 362/2018,PL,2018,2018-07-11T00:00:00,2022-06-21T18:55:03,Encerrado-RETIRADO PELO AUTOR
PL 362/2019,PL,2019,2019-05-27T00:00:00,2025-01-13T19:12:00,Encerrado-TERMINO DE LEGISLATURA (ART. 275 REG. INT.)
PL 362/2020,PL,2020,2020-06-08T00:00:00,2021-09-13T17:51:00,Encerrado-PROMULGADO
PL 362/2021,PL,2021,2021-06-08T00:00:00,2022-05-27T10:24:46,Encerrado-RETIRADO PELO AUTOR
PL 362/2022,PL,2022,2022-05-24T00:00:00,2023-01-27T16:16:00,Encerrado-PROMULGADO
PL 362/2023,PL,2023,2023-06-23T00:00:00,2025-01-20T23:08:53,Encerrado-TERMINO DE LEGISLATURA (ART. 275 REG. INT.)
PL 363/2013,PL,2013,2013-05-23T00:00:00,2025-01-13T14:58:00,Encerrado-TERMINO DE LEGISLATURA (ART. 275 REG. INT.)
PL 363/2014,PL,2014,2014-08-01T00:00:00,2015-07-02T18:46:55,Encerrado-PROMULGADO
PL 363/2016,PL,2016,2016-07-01T00:00:00,2017-01-02T11:12:00,Encerrado-TERMINO DE LEGISLATURA (ART. 275 REG. INT.)
PL 363/2017,PL,2017,2017-06-01T00:00:00,2019-10-22T17:27:00,Encerrado-RETIRADO PELO AUTOR
PL 363/2018,PL,2018,2018-07-13T00:00:00,2019-05-31T00:00:00,APENSADO
PL 363/2019,PL,2019,2019-05-27T00:00:00,2021-08-31T18:34:00,Encerrado-PROMULGADO
PL 363/2020,PL,2020,2020-06-09T00:00:00,2023-08-21T16:01:13,Encerrado-RETIRADO PELO AUTOR
PL 363/2021,PL,2021,2021-06-08T00:00:00,2021-10-20T14:42:00,Encerrado-PROMULGADO
PL 364/2014,PL,2014,2014-08-04T00:00:00,2017-01-02T16:22:00,Encerrado-TERMINO DE LEGISLATURA (ART. 275 REG. INT.)
PL 364/2015,PL,2015,2015-07-30T00:00:00,2016-04-19T12:31:35,Encerrado-ILEGALIDADE (ART. 79 REG. INT.)
PL 364/2017,PL,2017,2017-06-01T00:00:00,2017-09-19T15:13:00,Encerrado-PROMULGADO
PL 364/2018,PL,2018,2018-07-13T00:00:00,2019-10-21T08:50:00,Encerrado-PROMULGADO
PL 364/2019,PL,2019,2019-05-27T00:00:00,2025-01-13T19:12:00,Encerrado-TERMINO DE LEGISLATURA (ART. 275 REG. INT.)
PL 364/2021,PL,2021,2021-06-08T00:00:00,2026-04-08T17:40:00,Encerrado-PROMULGADO
PL 364/2022,PL,2022,2022-05-25T00:00:00,2022-10-25T10:12:00,Encerrado-RETIRADO PELO AUTOR
PL 364/2023,PL,2023,2023-06-23T00:00:00,2025-01-27T20:03:54,Encerrado-TERMINO DE LEGISLATURA (ART. 275 REG. INT.)
PL 364/2024,PL,2024,2024-05-27T00:00:00,2026-04-27T10:45:00,Encerrado-PROMULGADO
PL 365/2014,PL,2014,2014-08-04T00:00:00,2017-01-02T15:33:00,Encerrado-TERMINO DE LEGISLATURA (ART. 275 REG. INT.)
PL 365/2015,PL,2015,2015-07-31T00:00:00,2025-01-13T15:40:00,Encerrado-TERMINO DE LEGISLATURA (ART. 275 REG. INT.)
PL 365/2016,PL,2016,2016-07-01T00:00:00,2018-05-07T15:07:00,Encerrado-RETIRADO PELO AUTOR
PL 365/2017,PL,2017,2017-06-01T00:00:00,2018-02-05T10:37:00,Encerrado-PROMULGADO
PL 365/2018,PL,2018,2018-07-13T00:00:00,2019-10-21T11:07:00,Encerrado-PROMULGADO
PL 365/2019,PL,2019,2019-05-28T00:00:00,2020-02-06T11:39:00,Encerrado-PROMULGADO
PL 365/2021,PL,2021,2021-06-08T00:00:00,2021-07-13T11:03:43,Encerrado-RETIRADO PELO AUTOR
PL 365/2023,PL,2023,2023-06-23T00:00:00,2023-10-24T15:58:23,Encerrado-RETIRADO PELO AUTOR
PL 365/2024,PL,2024,2024-05-27T00:00:00,2025-01-21T16:55:12,Encerrado-TERMINO DE LEGISLATURA (ART. 275 REG. INT.)
PL 366/2014,PL,2014,2014-08-05T00:00:00,2015-09-11T12:56:16,Encerrado-PROMULGADO
PL 366/2017,PL,2017,2017-06-02T00:00:00,2018-01-19T18:48:00,Encerrado-PROMULGADO
PL 366/2019,PL,2019,2019-05-28T00:00:00,2020-01-23T10:30:00,Encerrado-PROMULGADO
PL 366/2020,PL,2020,2020-06-09T00:00:00,2025-01-21T13:54:17,Encerrado-TERMINO DE LEGISLATURA (ART. 275 REG. INT.)
PL 366/2021,PL,2021,2021-06-08T00:00:00,2023-01-11T14:54:00,Encerrado-PROMULGADO
PL 366/2022,PL,2022,2022-05-25T00:00:00,2025-06-03T15:00:00,Encerrado-PROMULGADO
PL 366/2023,PL,2023,2023-06-23T00:00:00,2023-11-13T17:12:00,Encerrado-PROMULGADO
PL 367/2014,PL,2014,2014-08-05T00:00:00,2019-05-13T08:37:00,Encerrado-VETO TOTAL ACEITO
PL 367/2015,PL,2015,2015-08-04T00:00:00,2017-11-08T13:01:00,Encerrado-ARQUIVADO
PL 367/2016,PL,2016,2016-07-01T00:00:00,2017-01-02T11:12:00,Encerrado-TERMINO DE LEGISLATURA (ART. 275 REG. INT.)
PL 367/2017,PL,2017,2017-06-02T00:00:00,2019-05-30T10:20:00,Encerrado-VETO PARCIAL ACEITO
PL 367/2018,PL,2018,2018-07-18T00:00:00,2019-05-10T16:30:00,Encerrado-ILEGALIDADE (ART. 79 REG. INT.)
PL 367/2019,PL,2019,2019-05-29T00:00:00,2019-10-22T19:13:00,Encerrado-ILEGALIDADE (ART. 79 REG. INT.)
PL 367/2021,PL,2021,2021-06-08T00:00:00,2025-01-14T22:41:20,Encerrado-TERMINO DE LEGISLATURA (ART. 275 REG. INT.)
PL 367/2023,PL,2023,2023-06-23T00:00:00,2025-01-20T23:03:58,Encerrado-TERMINO DE LEGISLATURA (ART. 275 REG. INT.)
PL 368/2014,PL,2014,2014-08-05T00:00:00,2016-12-14T00:00:00,Encerrado-PROMULGADO
PL 368/2015,PL,2015,2015-08-04T00:00:00,2016-12-06T16:22:50,Encerrado-RETIRADO PELO AUTOR
PL 368/2016,PL,2016,2016-07-04T00:00:00,2017-01-04T17:50:00,Encerrado-TERMINO DE LEGISLATURA (ART. 275 REG. INT.)
PL 368/2018,PL,2018,2018-07-18T00:00:00,2019-03-11T18:31:00,Encerrado-ILEGALIDADE (ART. 79 REG. INT.)
PL 368/2020,PL,2020,2020-06-10T17:12:47,2026-05-19T17:29:00,Encerrado-PROMULGADO
PL 368/2022,PL,2022,2022-05-26T00:00:00,2025-11-03T15:35:00,Encerrado-PROMULGADO
PL 368/2023,PL,2023,2023-06-23T00:00:00,2024-07-16T19:22:00,Encerrado-PROMULGADO
PL 368/2024,PL,2024,2024-05-28T00:00:00,2025-07-10T16:20:00,Encerrado-PROMULGADO
PL 369/2014,PL,2014,2014-08-05T00:00:00,2015-05-15T12:12:52,Encerrado-ILEGALIDADE (ART. 79 REG. INT.)
PL 369/2015,PL,2015,2015-08-04T00:00:00,2016-05-17T14:58:08,Encerrado-PROMULGADO
PL 369/2016,PL,2016,2016-07-05T00:00:00,2018-03-08T11:00:00,Encerrado-RETIRADO PELO AUTOR
PL 369/2018,PL,2018,2018-07-18T00:00:00,2019-06-03T18:31:00,Encerrado-ILEGALIDADE (ART. 79 REG. INT.)
PL 369/2025,PL,2025,2025-03-31T00:00:00,2025-09-30T13:17:00,Encerrado-ARQUIVADO
PL 37/2013,PL,2013,2013-02-20T00:00:00,2019-04-11T11:19:00,Encerrado-VETO TOTAL ACEITO
PL 37/2014,PL,2014,2014-02-13T00:00:00,2022-08-18T11:25:00,Devolução de Regularização
PL 37/2015,PL,2015,2015-02-13T00:00:00,2017-01-02T16:02:00,Encerrado-TERMINO DE LEGISLATURA (ART. 275 REG. INT.)
PL 37/2017,PL,2017,2017-02-01T00:00:00,2017-11-08T10:00:00,Encerrado-PROMULGADO
PL 37/2018,PL,2018,2018-02-16T00:00:00,2018-09-28T16:34:00,Encerrado-PROMULGADO
PL 37/2019,PL,2019,2019-02-05T00:00:00,2019-10-08T00:00:00,APENSADO
PL 37/2020,PL,2020,2020-02-11T00:00:00,2021-01-29T22:08:09,Encerrado-TERMINO DE LEGISLATURA (ART. 275 REG. INT.)
PL 37/2021,PL,2021,2021-01-27T00:00:00,2025-01-21T13:54:19,Encerrado-TERMINO DE LEGISLATURA (ART. 275 REG. INT.)
PL 37/2023,PL,2023,2023-02-09T00:00:00,2025-01-20T22:38:06,Encerrado-TERMINO DE LEGISLATURA (ART. 275 REG. INT.)
PL 37/2024,PL,2024,2024-01-22T00:00:00,2024-02-19T11:04:00,Encerrado-RETIRADO PELO AUTOR
PL 37/2025,PL,2025,2025-01-27T00:00:00,2025-04-07T20:17:00,Encerrado-RETIRADO PELO AUTOR
PL 370/2014,PL,2014,2014-08-05T00:00:00,2025-05-22T20:10:00,Encerrado-VETO TOTAL ACEITO
PL 370/2015,PL,2015,2015-08-04T00:00:00,2019-10-08T15:43:00,Encerrado-VETO TOTAL ACEITO
PL 370/2016,PL,2016,2016-07-05T00:00:00,2022-01-20T14:38:00,Encerrado-ILEGALIDADE (ART. 79 REG. INT.)
PL 370/2018,PL,2018,2018-07-18T00:00:00,2018-08-16T15:08:00,Encerrado-RETIRADO PELO AUTOR
PL 370/2019,PL,2019,2019-05-29T00:00:00,2021-01-04T12:02:54,Encerrado-TERMINO DE LEGISLATURA (ART. 275 REG. INT.)
PL 370/2020,PL,2020,2020-06-12T00:00:00,2022-02-01T16:03:00,Encerrado-PROMULGADO
PL 370/2021,PL,2021,2021-06-09T00:00:00,2021-11-09T13:37:00,Encerrado-PROMULGADO
PL 370/2022,PL,2022,2022-05-30T00:00:00,2025-01-16T22:04:45,Encerrado-TERMINO DE LEGISLATURA (ART. 275 REG. INT.)
PL 370/2023,PL,2023,2023-06-27T00:00:00,2025-01-16T16:00:19,Encerrado-TERMINO DE LEGISLATURA (ART. 275 REG. INT.)
PL 371/2013,PL,2013,2013-05-23T00:00:00,2021-01-14T11:54:00,Encerrado-TERMINO DE LEGISLATURA (ART. 275 REG. INT.)
PL 371/2014,PL,2014,2014-08-05T00:00:00,2017-01-02T16:22:00,Encerrado-TERMINO DE LEGISLATURA (ART. 275 REG. INT.)
PL 371/2016,PL,2016,2016-07-05T00:00:00,2025-03-19T16:53:00,Encerrado-VETO TOTAL ACEITO
PL 371/2017,PL,2017,2017-06-05T00:00:00,2018-08-02T00:00:00,Encerrado-ILEGALIDADE (ART. 79 REG. INT.)
PL 371/2018,PL,2018,2018-07-18T00:00:00,2019-09-20T16:28:00,Encerrado-ILEGALIDADE (ART. 79 REG. INT.)
PL 371/2023,PL,2023,2023-06-27T00:00:00,2023-08-02T18:00:00,Encerrado-RETIRADO PELO AUTOR
PL 372/2013,PL,2013,2013-05-23T00:00:00,2017-01-23T16:10:00,Encerrado-TERMINO DE LEGISLATURA (ART. 275 REG. INT.)
PL 372/2014,PL,2014,2014-08-06T00:00:00,2016-07-12T00:00:00,Encerrado-PROMULGADO
PL 372/2015,PL,2015,2015-08-04T00:00:00,2016-04-19T12:32:08,Encerrado-ILEGALIDADE (ART. 79 REG. INT.)
PL 372/2017,PL,2017,2017-06-05T00:00:00,2018-12-14T09:38:00,Encerrado-PROMULGADO
PL 372/2018,PL,2018,2018-07-18T00:00:00,2019-08-19T15:55:00,Encerrado-RETIRADO PELO AUTOR
PL 372/2020,PL,2020,2020-06-12T00:00:00,2025-03-19T16:53:00,Encerrado-VETO TOTAL ACEITO
PL 372/2022,PL,2022,2022-05-31T00:00:00,2025-01-16T21:58:22,Encerrado-TERMINO DE LEGISLATURA (ART. 275 REG. INT.)
PL 372/2023,PL,2023,2023-06-27T00:00:00,2025-10-29T12:06:00,Encerrado-PROMULGADO
PL 373/2015,PL,2015,2015-08-04T00:00:00,2016-03-10T00:00:00,Encerrado-PROMULGADO
PL 373/2016,PL,2016,2016-07-07T00:00:00,2017-01-02T11:46:00,Encerrado-TERMINO DE LEGISLATURA (ART. 275 REG. INT.)
PL 373/2017,PL,2017,2017-06-06T00:00:00,2017-12-18T18:30:00,Encerrado-PROMULGADO
PL 373/2018,PL,2018,2018-07-18T00:00:00,2019-10-18T14:20:00,Encerrado-RETIRADO PELO AUTOR
PL 373/2020,PL,2020,2020-06-15T00:00:00,2023-08-21T16:01:14,Encerrado-RETIRADO PELO AUTOR
PL 374/2013,PL,2013,2013-05-28T00:00:00,2017-01-23T16:10:00,Encerrado-TERMINO DE LEGISLATURA (ART. 275 REG. INT.)
PL 374/2014,PL,2014,2014-08-07T00:00:00,2015-08-31T00:00:00,Encerrado-PROMULGADO
PL 374/2016,PL,2016,2016-07-07T00:00:00,2017-01-02T11:46:00,Encerrado-TERMINO DE LEGISLATURA (ART. 275 REG. INT.)
PL 374/2017,PL,2017,2017-06-06T00:00:00,2019-10-24T12:31:00,Encerrado-VETO TOTAL ACEITO
PL 374/2018,PL,2018,2018-07-18T00:00:00,2019-03-25T17:17:00,Encerrado-ILEGALIDADE (ART. 79 REG. INT.)
PL 374/2020,PL,2020,2020-06-16T00:00:00,2021-01-27T13:07:45,Encerrado-TERMINO DE LEGISLATURA (ART. 275 REG. INT.)
PL 374/2022,PL,2022,2022-05-31T00:00:00,2026-10-01T16:49:00,Encerrado-PROMULGADO
PL 374/2023,PL,2023,2023-06-28T00:00:00,2023-08-02T18:00:00,Encerrado-RETIRADO PELO AUTOR
PL 374/2024,PL,2024,2024-05-29T00:00:00,2025-01-23T00:05:54,Encerrado-TERMINO DE LEGISLATURA (ART. 275 REG. INT.)
PL 374/2025,PL,2025,2025-04-01T00:00:00,2025-05-14T14:48:00,Encerrado-PROMULGADO
PL 375/2014,PL,2014,2014-08-07T00:00:00,2019-05-02T09:54:00,Encerrado-VETO TOTAL ACEITO
PL 375/2015,PL,2015,2015-08-05T00:00:00,2015-08-27T12:26:46,Encerrado-RETIRADO PELO AUTOR
PL 375/2016,PL,2016,2016-07-11T00:00:00,2017-01-02T11:46:00,Encerrado-TERMINO DE LEGISLATURA (ART. 275 REG. INT.)
PL 375/2017,PL,2017,2017-06-06T00:00:00,2019-10-18T10:09:00,Encerrado-VETO TOTAL ACEITO
PL 375/2018,PL,2018,2018-07-30T00:00:00,2019-09-17T10:39:00,Encerrado-PROMULGADO
PL 375/2020,PL,2020,2020-06-16T00:00:00,2021-01-27T13:07:43,Encerrado-TERMINO DE LEGISLATURA (ART. 275 REG. INT.)
PL 375/2022,PL,2022,2022-05-31T00:00:00,2023-01-10T16:48:00,Encerrado-PROMULGADO
PL 375/2023,PL,2023,2023-06-28T00:00:00,2024-01-08T17:50:00,Encerrado-PROMULGADO
PL 375/2026,PL,2026,2026-05-12T00:00:00,2026-08-25T16:11:04,APENSADO
PL 376/2013,PL,2013,2013-05-28T00:00:00,2025-03-26T23:33:00,Encerrado-VETO TOTAL ACEITO
PL 376/2014,PL,2014,2014-08-07T00:00:00,2015-06-29T00:00:00,Encerrado-PROMULGADO
PL 376/2015,PL,2015,2015-08-06T00:00:00,2015-12-18T13:11:30,Encerrado-RETIRADO PELO AUTOR
PL 376/2018,PL,2018,2018-07-30T00:00:00,2019-08-16T16:22:00,Encerrado-RETIRADO PELO AUTOR
PL 376/2019,PL,2019,2019-06-03T00:00:00,2021-01-13T16:19:07,Encerrado-TERMINO DE LEGISLATURA (ART. 275 REG. INT.)
PL 376/2022,PL,2022,2022-05-31T00:00:00,2022-06-07T17:43:00,Encerrado-RETIRADO PELO AUTOR
PL 376/2023,PL,2023,2023-06-28T00:00:00,2023-08-29T15:27:08,Encerrado-RETIRADO PELO AUTOR
PL 377/2014,PL,2014,2014-08-11T00:00:00,2019-04-18T09:02:00,Encerrado-VETO PARCIAL ACEITO
PL 377/2015,PL,2015,2015-08-06T00:00:00,2017-01-02T12:00:00,Encerrado-TERMINO DE LEGISLATURA (ART. 275 REG. INT.)
PL 377/2016,PL,2016,2016-07-11T00:00:00,2021-01-13T14:53:00,Encerrado-TERMINO DE LEGISLATURA (ART. 275 REG. INT.)
PL 377/2017,PL,2017,2017-06-07T00:00:00,2025-01-13T16:29:00,Encerrado-TERMINO DE LEGISLATURA (ART. 275 REG. INT.)
PL 377/2018,PL,2018,2018-07-19T00:00:00,2025-01-13T18:35:00,Encerrado-TERMINO DE LEGISLATURA (ART. 275 REG. INT.)
PL 377/2020,PL,2020,2020-06-17T00:00:00,2021-01-27T13:07:53,Encerrado-TERMINO DE LEGISLATURA (ART. 275 REG. INT.)
PL 377/2021,PL,2021,2021-06-10T00:00:00,2025-08-26T13:36:12,APENSADO
PL 377/2022,PL,2022,2022-05-31T00:00:00,2025-01-23T15:39:58,Encerrado-TERMINO DE LEGISLATURA (ART. 275 REG. INT.)
PL 377/2023,PL,2023,2023-06-28T00:00:00,2024-01-08T18:23:00,Encerrado-PROMULGADO
PL 378/2013,PL,2013,2013-05-28T00:00:00,2017-01-23T16:10:00,Encerrado-TERMINO DE LEGISLATURA (ART. 275 REG. INT.)
PL 378/2015,PL,2015,2015-08-06T00:00:00,2018-09-20T09:53:00,Encerrado-PROMULGADO
PL 378/2016,PL,2016,2016-07-11T00:00:00,2021-01-04T12:27:54,Encerrado-TERMINO DE LEGISLATURA (ART. 275 REG. INT.)
PL 378/2018,PL,2018,2018-07-19T00:00:00,2019-10-21T11:07:00,Encerrado-PROMULGADO
PL 378/2019,PL,2019,2019-06-04T00:00:00,2025-01-13T19:12:00,Encerrado-TERMINO DE LEGISLATURA (ART. 275 REG. INT.)
PL 378/2020,PL,2020,2020-06-17T00:00:00,2024-03-12T15:27:40,Encerrado-RETIRADO PELO AUTOR
PL 378/2021,PL,2021,2021-06-11T00:00:00,2026-04-08T17:40:00,Encerrado-PROMULGADO
PL 379/2013,PL,2013,2013-05-29T00:00:00,2025-05-22T19:45:00,Encerrado-VETO TOTAL ACEITO
PL 379/2015,PL,2015,2015-08-06T00:00:00,2021-01-13T14:42:00,Encerrado-TERMINO DE LEGISLATURA (ART. 275 REG. INT.)
PL 379/2016,PL,2016,2016-07-11T00:00:00,2019-07-01T18:47:00,Encerrado-ILEGALIDADE (ART. 79 REG. INT.)
PL 379/2018,PL,2018,2018-07-20T00:00:00,2018-08-16T18:20:00,Encerrado-RETIRADO PELO AUTOR
PL 379/2019,PL,2019,2019-06-04T00:00:00,2025-01-22T19:22:59,Encerrado-TERMINO DE LEGISLATURA (ART. 275 REG. INT.)
PL 379/2023,PL,2023,2023-06-29T00:00:00,2025-01-20T23:32:48,Encerrado-TERMINO DE LEGISLATURA (ART. 275 REG. INT.)
PL 38/2014,PL,2014,2014-02-13T00:00:00,2021-01-13T16:03:00,Encerrado-TERMINO DE LEGISLATURA (ART. 275 REG. INT.)
PL 38/2015,PL,2015,2015-02-13T00:00:00,2025-05-22T19:33:00,Encerrado-VETO TOTAL ACEITO
PL 38/2016,PL,2016,2016-02-18T00:00:00,2016-09-23T00:00:00,Encerrado-PROMULGADO
PL 38/2018,PL,2018,2018-02-16T00:00:00,2018-12-26T10:05:00,Encerrado-PROMULGADO
PL 38/2019,PL,2019,2019-02-05T00:00:00,2022-01-20T10:33:00,Encerrado-ILEGALIDADE (ART. 79 REG. INT.)
PL 38/2020,PL,2020,2020-02-11T00:00:00,2021-01-29T22:08:07,Encerrado-TERMINO DE LEGISLATURA (ART. 275 REG. INT.)
PL 38/2021,PL,2021,2021-01-27T00:00:00,2025-01-14T22:02:06,Encerrado-TERMINO DE LEGISLATURA (ART. 275 REG. INT.)
PL 38/2023,PL,2023,2023-02-09T00:00:00,2026-04-07T18:32:00,Encerrado-PROMULGADO
PL 38/2024,PL,2024,2024-01-22T00:00:00,2024-11-08T13:36:00,Encerrado-PROMULGADO
PL 380/2014,PL,2014,2014-08-12T00:00:00,2017-01-06T14:50:00,Encerrado-PROMULGADO
PL 380/2016,PL,2016,2016-07-11T00:00:00,2021-01-04T14:34:07,Encerrado-TERMINO DE LEGISLATURA (ART. 275 REG. INT.)
PL 380/2017,PL,2017,2017-06-08T00:00:00,2018-08-06T16:00:00,Encerrado-RETIRADO PELO AUTOR
PL 380/2020,PL,2020,2020-06-19T00:00:00,2025-01-13T18:37:00,Encerrado-TERMINO DE LEGISLATURA (ART. 275 REG. INT.)
PL 380/2021,PL,2021,2021-06-14T00:00:00,2021-06-16T19:11:00,Encerrado-RETIRADO PELO AUTOR
PL 380/2022,PL,2022,2022-06-01T00:00:00,2023-03-17T17:26:46,APENSADO
PL 380/2023,PL,2023,2023-06-29T00:00:00,2024-07-16T19:22:00,Encerrado-PROMULGADO
PL 381/2016,PL,2016,2016-07-11T00:00:00,2021-01-05T12:27:15,Encerrado-TERMINO DE LEGISLATURA (ART. 275 REG. INT.)
PL 381/2017,PL,2017,2017-06-08T00:00:00,2018-03-19T14:06:00,Encerrado-PROMULGADO
PL 381/2019,PL,2019,2019-06-04T00:00:00,2021-09-09T15:32:00,Encerrado-PROMULGADO
PL 381/2020,PL,2020,2020-06-22T00:00:00,2020-11-10T17:42:00,Encerrado-PROMULGADO
PL 381/2021,PL,2021,2021-06-14T00:00:00,2025-01-10T12:37:00,Encerrado-PROMULGADO
PL 381/2022,PL,2022,2022-06-01T00:00:00,2025-01-16T22:04:40,Encerrado-TERMINO DE LEGISLATURA (ART. 275 REG. INT.)
PL 381/2023,PL,2023,2023-06-29T00:00:00,2026-09-29T11:27:00,Encerrado-PROMULGADO
PL 381/2024,PL,2024,2024-06-04T00:00:00,2025-08-07T13:48:49,APENSADO
PL 381/2025,PL,2025,2025-04-02T00:00:00,2025-12-17T13:21:06,APENSADO
PL 382/2013,PL,2013,2013-06-03T00:00:00,2025-05-21T16:12:00,Encerrado-VETO PARCIAL ACEITO
PL 382/2015,PL,2015,2015-08-06T00:00:00,2021-01-13T14:42:00,Encerrado-TERMINO DE LEGISLATURA (ART. 275 REG. INT.)
PL 382/2017,PL,2017,2017-06-08T00:00:00,2017-10-02T00:00:00,Encerrado-RETIRADO PELO AUTOR
PL 382/2020,PL,2020,2020-06-22T00:00:00,2020-11-10T17:46:00,Encerrado-PROMULGADO
PL 382/2022,PL,2022,2022-06-01T00:00:00,2025-01-16T22:08:23,Encerrado-TERMINO DE LEGISLATURA (ART. 275 REG. INT.)
PL 382/2023,PL,2023,2023-06-30T00:00:00,2025-05-21T16:16:00,Encerrado-PROMULGADO
PL 382/2024,PL,2024,2024-06-04T00:00:00,2026-03-26T11:11:00,Encerrado-PROMULGADO
PL 382/2025,PL,2025,2025-04-02T00:00:00,2025-09-05T19:32:00,Encerrado-PROMULGADO
PL 383/2015,PL,2015,2015-08-06T00:00:00,2017-05-26T18:26:00,Encerrado-RETIRADO PELO AUTOR
PL 383/2016,PL,2016,2016-07-12T00:00:00,2017-01-10T14:59:00,Encerrado-TERMINO DE LEGISLATURA (ART. 275 REG. INT.)
PL 383/2017,PL,2017,2017-06-08T00:00:00,2021-03-15T15:39:00,Encerrado-RETIRADO PELO AUTOR
PL 383/2018,PL,2018,2018-07-30T00:00:00,2019-07-01T18:47:00,Encerrado-ILEGALIDADE (ART. 79 REG. INT.)
PL 383/2019,PL,2019,2019-06-05T00:00:00,2019-11-07T09:16:00,Encerrado-PROMULGADO
PL 383/2022,PL,2022,2022-06-01T00:00:00,2025-01-21T13:54:21,Encerrado-TERMINO DE LEGISLATURA (ART. 275 REG. INT.)
PL 383/2024,PL,2024,2024-06-04T00:00:00,2024-12-16T13:54:00,Encerrado-PROMULGADO
PL 384/2015,PL,2015,2015-08-06T00:00:00,2021-01-05T13:41:47,Encerrado-TERMINO DE LEGISLATURA (ART. 275 REG. INT.)
PL 384/2016,PL,2016,2016-07-12T00:00:00,2018-09-19T00:00:00,Encerrado-PROMULGADO
PL 384/2019,PL,2019,2019-06-05T00:00:00,2020-01-23T10:30:00,Encerrado-PROMULGADO
PL 384/2022,PL,2022,2022-06-01T00:00:00,2025-01-16T22:08:21,Encerrado-TERMINO DE LEGISLATURA (ART. 275 REG. INT.)
PL 384/2023,PL,2023,2023-07-04T00:00:00,2025-05-23T15:30:00,Encerrado-PROMULGADO
PL 385/2014,PL,2014,2014-08-14T00:00:00,2015-06-17T00:00:00,Encerrado-PROMULGADO
PL 385/2015,PL,2015,2015-08-06T00:00:00,2016-02-19T14:55:58,Encerrado-PROMULGADO
PL 385/2016,PL,2016,2016-07-18T00:00:00,2017-05-16T00:00:00,Encerrado-PROMULGADO
PL 385/2017,PL,2017,2017-06-09T00:00:00,2018-01-19T13:30:00,Encerrado-PROMULGADO
PL 385/2019,PL,2019,2019-06-05T00:00:00,2020-02-06T11:39:00,Encerrado-PROMULGADO
PL 385/2020,PL,2020,2020-06-23T00:00:00,2021-10-15T19:51:43,Encerrado-RETIRADO PELO AUTOR
PL 385/2022,PL,2022,2022-06-01T00:00:00,2025-01-16T22:08:20,Encerrado-TERMINO DE LEGISLATURA (ART. 275 REG. INT.)
PL 385/2023,PL,2023,2023-07-04T00:00:00,2025-05-21T16:16:00,Encerrado-PROMULGADO
PL 385/2024,PL,2024,2024-06-05T00:00:00,2025-07-10T16:20:00,Encerrado-PROMULGADO
PL 385/2025,PL,2025,2025-04-03T00:00:00,2025-10-28T18:14:51,Encerrado-RETIRADO PELO AUTOR
PL 386/2013,PL,2013,2013-06-04T00:00:00,2025-03-26T23:33:00,Encerrado-VETO TOTAL ACEITO
PL 386/2015,PL,2015,2015-08-06T00:00:00,2016-05-09T10:48:02,Encerrado-ILEGALIDADE (ART. 79 REG. INT.)
PL 386/2016,PL,2016,2016-07-18T00:00:00,2017-07-11T00:00:00,Encerrado-PROMULGADO
PL 386/2017,PL,2017,2017-06-09T00:00:00,2018-02-07T09:55:00,Encerrado-PROMULGADO
PL 386/2018,PL,2018,2018-07-31T00:00:00,2019-05-10T16:30:00,Encerrado-ILEGALIDADE (ART. 79 REG. INT.)
PL 386/2023,PL,2023,2023-07-04T00:00:00,2025-01-20T23:28:12,Encerrado-TERMINO DE LEGISLATURA (ART. 275 REG. INT.)
PL 386/2026,PL,2026,2026-05-14T00:00:00,2026-07-22T11:49:00,Encerrado-RETIRADO PELO AUTOR
PL 387/2014,PL,2014,2014-08-14T00:00:00,2015-09-28T12:40:48,Encerrado-ILEGALIDADE (ART. 79 REG. INT.)
PL 387/2015,PL,2015,2015-08-06T00:00:00,2017-12-07T00:00:00,Encerrado-ILEGALIDADE (ART. 79 REG. INT.)
PL 387/2017,PL,2017,2017-06-09T00:00:00,2018-09-19T00:00:00,Encerrado-PROMULGADO
PL 387/2018,PL,2018,2018-07-31T00:00:00,2025-05-29T10:00:00,Encerrado-VETO PARCIAL ACEITO
PL 387/2020,PL,2020,2020-06-25T00:00:00,2020-11-10T17:49:00,Encerrado-PROMULGADO
PL 387/2021,PL,2021,2021-06-15T00:00:00,2021-09-13T17:51:00,Encerrado-PROMULGADO
PL 387/2023,PL,2023,2023-07-04T00:00:00,2024-05-23T11:40:47,APENSADO
PL 387/2024,PL,2024,2024-06-05T00:00:00,2025-12-08T10:45:00,Encerrado-PROMULGADO
PL 388/2013,PL,2013,2013-06-04T00:00:00,2025-01-13T14:58:00,Encerrado-TERMINO DE LEGISLATURA (ART. 275 REG. INT.)
PL 388/2014,PL,2014,2014-08-14T00:00:00,2016-03-30T00:00:00,Encerrado-PROMULGADO
PL 388/2015,PL,2015,2015-08-06T00:00:00,2016-07-05T00:00:00,Encerrado-PROMULGADO
PL 388/2016,PL,2016,2016-07-20T00:00:00,2018-07-06T09:19:00,Encerrado-PROMULGADO
PL 388/2017,PL,2017,2017-06-12T00:00:00,2018-07-30T08:14:00,Encerrado-PROMULGADO
PL 388/2018,PL,2018,2018-08-01T00:00:00,2019-04-26T17:08:00,Encerrado-ILEGALIDADE (ART. 79 REG. INT.)
PL 388/2019,PL,2019,2019-06-05T00:00:00,2021-01-08T12:19:13,Encerrado-TERMINO DE LEGISLATURA (ART. 275 REG. INT.)
PL 388/2020,PL,2020,2020-06-25T00:00:00,2025-01-23T12:09:49,Encerrado-TERMINO DE LEGISLATURA (ART. 275 REG. INT.)
PL 388/2021,PL,2021,2021-06-15T00:00:00,2021-10-14T14:43:00,Encerrado-PROMULGADO
PL 388/2022,PL,2022,2022-06-02T00:00:00,2023-08-08T15:08:00,Encerrado-PROMULGADO
PL 388/2023,PL,2023,2023-07-05T00:00:00,2025-01-21T13:52:55,Encerrado-TERMINO DE LEGISLATURA (ART. 275 REG. INT.)
PL 388/2024,PL,2024,2024-06-05T00:00:00,2026-04-30T10:28:00,Encerrado-PROMULGADO
PL 388/2026,PL,2026,2026-05-14T00:00:00,2026-07-16T18:42:00,Encerrado-PROMULGADO
PL 389/2013,PL,2013,2013-06-05T00:00:00,2019-04-16T12:19:00,Encerrado-VETO TOTAL ACEITO
PL 389/2014,PL,2014,2014-08-15T00:00:00,2016-12-21T17:26:00,Encerrado-TERMINO DE LEGISLATURA (ART. 275 REG. INT.)
PL 389/2015,PL,2015,2015-08-06T00:00:00,2016-06-22T18:03:21,Encerrado-PROMULGADO
PL 389/2016,PL,2016,2016-07-21T00:00:00,2017-04-17T16:37:00,Encerrado-RETIRADO PELO AUTOR
PL 389/2018,PL,2018,2018-08-01T00:00:00,2019-07-01T18:47:00,Encerrado-ILEGALIDADE (ART. 79 REG. INT.)
PL 389/2019,PL,2019,2019-06-05T00:00:00,2025-05-29T19:01:00,Encerrado-VETO TOTAL ACEITO
PL 389/2020,PL,2020,2020-06-25T00:00:00,2022-01-20T11:50:00,Encerrado-ILEGALIDADE (ART. 79 REG. INT.)
PL 389/2021,PL,2021,2021-06-15T00:00:00,2022-03-18T18:25:00,Encerrado-PROMULGADO
PL 389/2022,PL,2022,2022-06-03T00:00:00,2025-01-16T22:19:47,Encerrado-TERMINO DE LEGISLATURA (ART. 275 REG. INT.)
PL 389/2024,PL,2024,2024-06-05T00:00:00,2026-10-01T10:04:00,Encerrado-TERMINO DE LEGISLATURA (ART. 275 REG. INT.)
PL 39/2015,PL,2015,2015-02-13T00:00:00,2017-01-04T13:03:00,Encerrado-TERMINO DE LEGISLATURA (ART. 275 REG. INT.)
PL 39/2016,PL,2016,2016-02-18T00:00:00,2021-01-13T14:53:00,Encerrado-TERMINO DE LEGISLATURA (ART. 275 REG. INT.)
PL 39/2017,PL,2017,2017-02-01T00:00:00,2025-01-13T16:29:00,Encerrado-TERMINO DE LEGISLATURA (ART. 275 REG. INT.)
PL 39/2018,PL,2018,2018-02-19T00:00:00,2021-11-03T13:39:00,Encerrado-PROMULGADO
PL 39/2019,PL,2019,2019-02-05T00:00:00,2025-01-13T19:08:00,Encerrado-TERMINO DE LEGISLATURA (ART. 275 REG. INT.)
PL 39/2020,PL,2020,2020-02-11T00:00:00,2021-01-13T17:07:50,Encerrado-TERMINO DE LEGISLATURA (ART. 275 REG. INT.)
PL 39/2021,PL,2021,2021-01-27T00:00:00,2025-01-14T21:56:23,Encerrado-TERMINO DE LEGISLATURA (ART. 275 REG. INT.)
PL 39/2024,PL,2024,2024-01-22T00:00:00,2024-02-19T11:01:00,Encerrado-RETIRADO PELO AUTOR
PL 390/2013,PL,2013,2013-06-05T00:00:00,2017-01-23T16:10:00,Encerrado-TERMINO DE LEGISLATURA (ART. 275 REG. INT.)
PL 390/2015,PL,2015,2015-08-06T00:00:00,2016-06-03T10:08:30,Encerrado-ARQUIVADO
PL 390/2017,PL,2017,2017-06-13T00:00:00,2017-11-06T09:22:00,Encerrado-PROMULGADO
PL 390/2018,PL,2018,2018-08-01T00:00:00,2018-08-23T12:51:00,Encerrado-RETIRADO PELO AUTOR
PL 390/2021,PL,2021,2021-06-15T00:00:00,2025-05-29T09:23:00,Encerrado-VETO PARCIAL ACEITO
PL 390/2024,PL,2024,2024-06-05T00:00:00,2025-01-23T01:15:20,Encerrado-TERMINO DE LEGISLATURA (ART. 275 REG. INT.)
PL 390/2025,PL,2025,2025-04-03T00:00:00,2025-04-10T17:31:00,Encerrado-RETIRADO PELO AUTOR
PL 391/2013,PL,2013,2013-06-06T00:00:00,2017-01-23T16:10:00,Encerrado-TERMINO DE LEGISLATURA (ART. 275 REG. INT.)
PL 391/2015,PL,2015,2015-08-06T00:00:00,2021-01-13T14:42:00,Encerrado-TERMINO DE LEGISLATURA (ART. 275 REG. INT.)
PL 391/2016,PL,2016,2016-07-27T00:00:00,2019-01-16T15:35:00,Encerrado-PROMULGADO
PL 391/2017,PL,2017,2017-06-13T00:00:00,2018-09-24T09:14:00,Encerrado-PROMULGADO
PL 391/2019,PL,2019,2019-06-06T00:00:00,2021-08-19T17:50:00,Encerrado-PROMULGADO
PL 391/2022,PL,2022,2022-06-03T00:00:00,2025-01-21T14:23:00,Encerrado-TERMINO DE LEGISLATURA (ART. 275 REG. INT.)
PL 391/2023,PL,2023,2023-07-06T00:00:00,2025-01-17T17:48:09,Encerrado-TERMINO DE LEGISLATURA (ART. 275 REG. INT.)
PL 391/2026,PL,2026,2026-05-15T00:00:00,2026-05-20T17:55:00,Encerrado-RETIRADO PELO AUTOR
PL 392/2013,PL,2013,2013-06-07T00:00:00,2017-01-02T16:24:00,Encerrado-TERMINO DE LEGISLATURA (ART. 275 REG. INT.)
PL 392/2015,PL,2015,2015-08-06T00:00:00,2017-01-02T11:00:00,Encerrado-TERMINO DE LEGISLATURA (ART. 275 REG. INT.)
PL 392/2016,PL,2016,2016-07-28T00:00:00,2017-09-22T11:34:00,Encerrado-ILEGALIDADE (ART. 79 REG. INT.)
PL 392/2017,PL,2017,2017-06-13T00:00:00,2018-07-30T08:14:00,Encerrado-PROMULGADO
PL 392/2018,PL,2018,2018-08-01T00:00:00,2019-04-30T09:10:00,Encerrado-PROMULGADO
PL 392/2021,PL,2021,2021-06-16T00:00:00,2022-07-21T15:09:00,Encerrado-PROMULGADO
PL 392/2024,PL,2024,2024-06-05T00:00:00,2025-01-23T01:15:19,Encerrado-TERMINO DE LEGISLATURA (ART. 275 REG. INT.)
PL 393/2013,PL,2013,2013-06-07T00:00:00,2025-01-13T14:58:00,Encerrado-TERMINO DE LEGISLATURA (ART. 275 REG. INT.)
PL 393/2015,PL,2015,2015-08-06T00:00:00,2017-01-02T11:00:00,Encerrado-TERMINO DE LEGISLATURA (ART. 275 REG. INT.)
PL 393/2018,PL,2018,2018-08-01T00:00:00,2020-09-09T15:06:00,Encerrado-PROMULGADO
PL 393/2020,PL,2020,2020-06-26T00:00:00,2025-01-13T22:32:20,Encerrado-TERMINO DE LEGISLATURA (ART. 275 REG. INT.)
PL 393/2021,PL,2021,2021-06-16T00:00:00,2021-11-04T11:20:03,Encerrado-RETIRADO PELO AUTOR
PL 393/2023,PL,2023,2023-07-06T00:00:00,2025-01-20T23:08:39,Encerrado-TERMINO DE LEGISLATURA (ART. 275 REG. INT.)
PL 393/2026,PL,2026,2026-05-15T00:00:00,2026-09-22T11:15:44,APENSADO
PL 394/2014,PL,2014,2014-08-18T00:00:00,2021-01-13T16:03:00,Encerrado-TERMINO DE LEGISLATURA (ART. 275 REG. INT.)
PL 394/2015,PL,2015,2015-08-06T00:00:00,2016-02-02T17:40:11,Encerrado-PROMULGADO
PL 394/2016,PL,2016,2016-08-01T00:00:00,2021-01-05T14:30:36,Encerrado-TERMINO DE LEGISLATURA (ART. 275 REG. INT.)
PL 394/2017,PL,2017,2017-06-13T00:00:00,2018-08-16T00:00:00,Encerrado-ILEGALIDADE (ART. 79 REG. INT.)
PL 394/2018,PL,2018,2018-08-01T00:00:00,2019-11-08T16:25:00,Encerrado-RETIRADO PELO AUTOR
PL 394/2019,PL,2019,2019-06-07T00:00:00,2020-06-02T11:10:00,Encerrado-PROMULGADO
PL 394/2020,PL,2020,2020-06-26T00:00:00,2025-01-13T22:32:18,Encerrado-TERMINO DE LEGISLATURA (ART. 275 REG. INT.)
PL 394/2021,PL,2021,2021-06-16T00:00:00,2023-08-21T16:01:24,Encerrado-RETIRADO PELO AUTOR
PL 394/2022,PL,2022,2022-06-06T00:00:00,2025-01-09T12:19:30,Encerrado-TERMINO DE LEGISLATURA (ART. 275 REG. INT.)
PL 394/2023,PL,2023,2023-07-07T00:00:00,2025-11-28T15:31:00,Encerrado-ILEGALIDADE (ART. 79 REG. INT.)
PL 395/2013,PL,2013,2013-06-07T00:00:00,2025-05-22T19:46:00,Encerrado-VETO TOTAL ACEITO
PL 395/2014,PL,2014,2014-08-18T00:00:00,2015-07-02T11:11:44,Encerrado-ILEGALIDADE (ART. 79 REG. INT.)
PL 395/2016,PL,2016,2016-08-01T00:00:00,2021-01-04T12:27:57,Encerrado-TERMINO DE LEGISLATURA (ART. 275 REG. INT.)
PL 395/2017,PL,2017,2017-06-13T00:00:00,2018-06-12T08:30:00,Encerrado-PROMULGADO
PL 395/2018,PL,2018,2018-08-01T00:00:00,2019-12-04T08:49:00,Encerrado-PROMULGADO
PL 395/2019,PL,2019,2019-06-11T00:00:00,2022-01-20T14:11:00,Encerrado-ILEGALIDADE (ART. 79 REG. INT.)
PL 395/2021,PL,2021,2021-06-16T00:00:00,2024-04-04T11:55:00,Encerrado-ILEGALIDADE (ART. 79 REG. INT.)
PL 395/2022,PL,2022,2022-06-07T00:00:00,2024-06-12T13:50:00,Encerrado-PROMULGADO
PL 395/2023,PL,2023,2023-07-07T00:00:00,2023-08-02T18:00:00,Encerrado-RETIRADO PELO AUTOR
PL 395/2024,PL,2024,2024-06-06T00:00:00,2025-01-22T23:29:00,Encerrado-TERMINO DE LEGISLATURA (ART. 275 REG. INT.)
PL 396/2015,PL,2015,2015-08-06T00:00:00,2025-03-12T14:23:00,Encerrado-VETO TOTAL ACEITO
PL 396/2016,PL,2016,2016-08-01T00:00:00,2021-08-13T16:21:00,Encerrado-PROMULGADO
PL 396/2017,PL,2017,2017-06-13T00:00:00,2018-06-12T08:30:00,Encerrado-PROMULGADO
PL 396/2019,PL,2019,2019-06-11T00:00:00,2025-05-29T09:49:00,Encerrado-VETO PARCIAL ACEITO
PL 396/2020,PL,2020,2020-06-26T00:00:00,2025-01-13T22:32:17,Encerrado-TERMINO DE LEGISLATURA (ART. 275 REG. INT.)
PL 396/2021,PL,2021,2021-06-16T00:00:00,2026-09-18T19:10:00,Encerrado-PROMULGADO
PL 396/2022,PL,2022,2022-06-08T00:00:00,2022-10-25T10:12:02,Encerrado-RETIRADO PELO AUTOR
PL 396/2023,PL,2023,2023-07-07T00:00:00,2024-02-28T13:27:52,APENSADO
PL 397/2013,PL,2013,2013-06-07T00:00:00,2019-04-15T08:34:00,Encerrado-VETO TOTAL ACEITO
PL 397/2015,PL,2015,2015-08-07T00:00:00,2016-06-28T00:00:00,Encerrado-PROMULGADO
PL 397/2016,PL,2016,2016-08-01T00:00:00,2017-05-11T15:25:00,Encerrado-RETIRADO PELO AUTOR
PL 397/2018,PL,2018,2018-08-02T00:00:00,2026-06-26T10:21:00,Encerrado-VETO PARCIAL ACEITO
PL 397/2019,PL,2019,2019-06-11T00:00:00,2021-01-04T12:02:50,Encerrado-TERMINO DE LEGISLATURA (ART. 275 REG. INT.)
PL 397/2020,PL,2020,2020-06-29T00:00:00,2025-01-13T22:36:45,Encerrado-TERMINO DE LEGISLATURA (ART. 275 REG. INT.)
PL 397/2021,PL,2021,2021-06-17T00:00:00,2025-01-14T20:57:43,Encerrado-TERMINO DE LEGISLATURA (ART. 275 REG. INT.)
PL 397/2023,PL,2023,2023-07-10T00:00:00,2025-10-29T12:06:00,Encerrado-PROMULGADO
PL 397/2024,PL,2024,2024-06-06T00:00:00,2026-07-20T17:46:00,Encerrado-PROMULGADO
PL 398/2013,PL,2013,2013-06-07T00:00:00,2015-04-23T00:00:00,Encerrado-PROMULGADO
PL 398/2014,PL,2014,2014-08-19T00:00:00,2017-09-01T12:30:00,Encerrado-RETIRADO PELO AUTOR
PL 398/2015,PL,2015,2015-08-07T00:00:00,2016-02-03T14:59:25,Encerrado-PROMULGADO
PL 398/2016,PL,2016,2016-08-01T00:00:00,2018-06-07T10:20:00,Encerrado-PROMULGADO
PL 398/2017,PL,2017,2017-06-14T00:00:00,2019-08-29T18:41:00,Encerrado-ILEGALIDADE (ART. 79 REG. INT.)
PL 398/2018,PL,2018,2018-08-02T00:00:00,2025-01-13T18:35:00,Encerrado-TERMINO DE LEGISLATURA (ART. 275 REG. INT.)
PL 398/2019,PL,2019,2019-06-11T00:00:00,2025-05-29T19:01:00,Encerrado-VETO TOTAL ACEITO
PL 398/2020,PL,2020,2020-06-29T00:00:00,2021-01-27T12:49:19,Encerrado-TERMINO DE LEGISLATURA (ART. 275 REG. INT.)
PL 398/2021,PL,2021,2021-06-17T00:00:00,2025-01-14T21:31:58,Encerrado-TERMINO DE LEGISLATURA (ART. 275 REG. INT.)
PL 399/2013,PL,2013,2013-06-10T00:00:00,2017-01-23T16:10:00,Encerrado-TERMINO DE LEGISLATURA (ART. 275 REG. INT.)
PL 399/2014,PL,2014,2014-08-19T00:00:00,2021-01-13T16:03:00,Encerrado-TERMINO DE LEGISLATURA (ART. 275 REG. INT.)
PL 399/2015,PL,2015,2015-08-10T00:00:00,2025-05-29T19:01:00,Encerrado-VETO TOTAL ACEITO
PL 399/2017,PL,2017,2017-06-14T00:00:00,2025-01-13T16:29:00,Encerrado-TERMINO DE LEGISLATURA (ART. 275 REG. INT.)
PL 399/2018,PL,2018,2018-08-02T00:00:00,2025-01-21T13:52:56,Encerrado-TERMINO DE LEGISLATURA (ART. 275 REG. INT.)
PL 399/2019,PL,2019,2019-06-12T00:00:00,2020-08-11T19:20:00,Encerrado-ILEGALIDADE (ART. 79 REG. INT.)
PL 399/2020,PL,2020,2020-06-29T00:00:00,2021-01-27T12:48:59,Encerrado-TERMINO DE LEGISLATURA (ART. 275 REG. INT.)
PL 399/2021,PL,2021,2021-06-17T00:00:00,2022-10-14T10:15:00,Encerrado-RETIRADO PELO AUTOR
PL 4/2014,PL,2014,2014-01-30T00:00:00,2018-05-24T17:00:00,Encerrado-RETIRADO PELO AUTOR
PL 4/2015,PL,2015,2014-12-17T00:00:00,2021-01-13T14:42:00,Encerrado-TERMINO DE LEGISLATURA (ART. 275 REG. INT.)
PL 4/2016,PL,2016,2016-01-06T00:00:00,2017-04-17T16:34:00,Encerrado-RETIRADO PELO AUTOR
PL 4/2017,PL,2017,2017-01-05T00:00:00,2018-07-03T16:00:00,Encerrado-RETIRADO PELO AUTOR
PL 4/2018,PL,2018,2018-01-16T00:00:00,2018-09-20T10:03:00,Encerrado-PROMULGADO
PL 4/2019,PL,2019,2019-01-07T00:00:00,2025-06-03T11:56:00,Encerrado-PROMULGADO
PL 4/2023,PL,2023,2023-01-16T00:00:00,2023-08-22T17:58:20,Encerrado-RETIRADO PELO AUTOR
PL 4/2024,PL,2024,2024-01-09T00:00:00,2024-07-30T15:57:05,APENSADO
PL 4/2025,PL,2025,2025-01-07T00:00:00,2025-08-07T13:47:17,APENSADO
PL 40/2014,PL,2014,2014-02-17T00:00:00,2017-01-02T18:28:00,Encerrado-TERMINO DE LEGISLATURA (ART. 275 REG. INT.)
PL 40/2016,PL,2016,2016-02-18T00:00:00,2021-01-13T14:53:00,Encerrado-TERMINO DE LEGISLATURA (ART. 275 REG. INT.)
PL 40/2018,PL,2018,2018-02-20T00:00:00,2018-12-26T10:06:00,Encerrado-PROMULGADO
PL 40/2019,PL,2019,2019-02-06T00:00:00,2021-01-04T13:29:48,Encerrado-TERMINO DE LEGISLATURA (ART. 275 REG. INT.)
PL 40/2020,PL,2020,2020-02-11T00:00:00,2021-01-29T22:07:56,Encerrado-TERMINO DE LEGISLATURA (ART. 275 REG. INT.)
PL 40/2022,PL,2022,2022-02-08T00:00:00,2022-03-16T18:47:00,Encerrado-RETIRADO PELO AUTOR
PL 40/2023,PL,2023,2023-02-10T00:00:00,2025-01-20T22:37:49,Encerrado-TERMINO DE LEGISLATURA (ART. 275 REG. INT.)
PL 40/2024,PL,2024,2024-01-22T00:00:00,2025-01-22T23:59:54,Encerrado-TERMINO DE LEGISLATURA (ART. 275 REG. INT.)
PL 400/2013,PL,2013,2013-06-10T00:00:00,2017-01-02T16:24:00,Encerrado-TERMINO DE LEGISLATURA (ART. 275 REG. INT.)
PL 400/2014,PL,2014,2014-08-19T00:00:00,2021-01-13T16:03:00,Encerrado-TERMINO DE LEGISLATURA (ART. 275 REG. INT.)
PL 400/2015,PL,2015,2015-08-10T00:00:00,2017-07-07T00:00:00,Encerrado-PROMULGADO
PL 400/2017,PL,2017,2017-06-14T00:00:00,2019-09-20T16:28:00,Encerrado-ILEGALIDADE (ART. 79 REG. INT.)
PL 400/2018,PL,2018,2018-08-02T00:00:00,2019-06-03T16:32:00,Encerrado-RETIRADO PELO AUTOR
PL 400/2019,PL,2019,2019-06-12T00:00:00,2021-08-19T17:50:00,Encerrado-PROMULGADO
PL 400/2020,PL,2020,2020-06-29T00:00:00,2021-09-13T17:51:00,Encerrado-PROMULGADO
PL 400/2021,PL,2021,2021-06-17T00:00:00,2025-03-14T15:03:00,Encerrado-VETO TOTAL ACEITO
PL 400/2025,PL,2025,2025-04-04T00:00:00,2025-12-17T13:15:00,Encerrado-PROMULGADO
PL 401/2013,PL,2013,2013-06-10T00:00:00,2017-01-02T17:11:00,Encerrado-TERMINO DE LEGISLATURA (ART. 275 REG. INT.)
PL 401/2015,PL,2015,2015-08-10T00:00:00,2025-01-13T15:40:00,Encerrado-TERMINO DE LEGISLATURA (ART. 275 REG. INT.)
PL 401/2017,PL,2017,2017-06-14T00:00:00,2021-02-01T05:58:20,Encerrado-TERMINO DE LEGISLATURA (ART. 275 REG. INT.)
PL 401/2018,PL,2018,2018-08-02T00:00:00,2020-01-23T10:30:00,Encerrado-PROMULGADO
PL 401/2019,PL,2019,2019-06-12T00:00:00,2021-11-19T00:51:00,Encerrado-PROMULGADO
PL 401/2020,PL,2020,2020-06-29T00:00:00,2021-01-27T12:49:04,Encerrado-TERMINO DE LEGISLATURA (ART. 275 REG. INT.)
PL 401/2021,PL,2021,2021-06-17T00:00:00,2021-11-09T13:37:00,Encerrado-PROMULGADO
PL 401/2022,PL,2022,2022-06-14T00:00:00,2024-01-08T17:50:00,Encerrado-PROMULGADO
PL 401/2023,PL,2023,2023-07-14T00:00:00,2023-08-04T19:05:00,Encerrado-RETIRADO PELO AUTOR
PL 402/2014,PL,2014,2014-08-20T00:00:00,2019-04-16T12:18:00,Encerrado-VETO PARCIAL ACEITO
PL 402/2016,PL,2016,2016-08-02T00:00:00,2017-09-05T00:00:00,Encerrado-PROMULGADO
PL 402/2017,PL,2017,2017-06-14T00:00:00,2021-02-01T05:56:02,Encerrado-TERMINO DE LEGISLATURA (ART. 275 REG. INT.)
PL 402/2018,PL,2018,2018-08-03T00:00:00,2021-02-04T11:14:00,Encerrado-TERMINO DE LEGISLATURA (ART. 275 REG. INT.)
PL 402/2019,PL,2019,2019-06-12T00:00:00,2020-06-02T11:10:00,Encerrado-PROMULGADO
PL 402/2020,PL,2020,2020-06-29T00:00:00,2021-01-27T12:48:57,Encerrado-TERMINO DE LEGISLATURA (ART. 275 REG. INT.)
PL 402/2024,PL,2024,2024-06-11T00:00:00,2024-12-16T13:54:00,Encerrado-PROMULGADO
PL 403/2013,PL,2013,2013-06-11T00:00:00,2017-01-02T18:00:00,Encerrado-TERMINO DE LEGISLATURA (ART. 275 REG. INT.)
PL 403/2014,PL,2014,2014-08-20T00:00:00,2021-01-13T16:03:00,Encerrado-TERMINO DE LEGISLATURA (ART. 275 REG. INT.)
PL 403/2016,PL,2016,2016-08-02T00:00:00,2017-10-11T12:38:00,Encerrado-PROMULGADO
PL 403/2020,PL,2020,2020-06-29T00:00:00,2021-01-27T12:51:29,Encerrado-TERMINO DE LEGISLATURA (ART. 275 REG. INT.)
PL 403/2022,PL,2022,2022-06-14T00:00:00,2024-04-04T11:55:00,Encerrado-ILEGALIDADE (ART. 79 REG. INT.)
PL 403/2024,PL,2024,2024-06-11T00:00:00,2024-07-02T20:21:37,Encerrado-RETIRADO PELO AUTOR
PL 404/2014,PL,2014,2014-08-20T00:00:00,2021-01-13T16:03:00,Encerrado-TERMINO DE LEGISLATURA (ART. 275 REG. INT.)
PL 404/2015,PL,2015,2015-08-11T00:00:00,2025-01-13T15:40:00,Encerrado-TERMINO DE LEGISLATURA (ART. 275 REG. INT.)
PL 404/2016,PL,2016,2016-08-02T00:00:00,2025-05-28T13:16:00,Encerrado-VETO PARCIAL ACEITO
PL 404/2017,PL,2017,2017-06-19T00:00:00,2021-02-22T17:42:00,Encerrado-RETIRADO PELO AUTOR
PL 404/2018,PL,2018,2018-08-03T00:00:00,2019-09-05T09:23:00,Encerrado-PROMULGADO
PL 404/2020,PL,2020,2020-06-29T00:00:00,2021-01-27T12:49:09,Encerrado-TERMINO DE LEGISLATURA (ART. 275 REG. INT.)
PL 404/2022,PL,2022,2022-06-14T00:00:00,2022-06-28T17:27:00,Encerrado-RETIRADO PELO AUTOR
PL 404/2024,PL,2024,2024-06-11T00:00:00,2025-06-03T15:02:00,Encerrado-PROMULGADO
PL 405/2014,PL,2014,2014-08-20T00:00:00,2021-01-13T16:03:00,Encerrado-TERMINO DE LEGISLATURA (ART. 275 REG. INT.)
PL 405/2015,PL,2015,2015-08-11T00:00:00,2017-11-24T18:05:00,Encerrado-RETIRADO PELO AUTOR
PL 405/2016,PL,2016,2016-08-02T00:00:00,2020-11-05T18:56:00,Encerrado-CONTRARIO NO MERITO (ART. 80 REG. INT.)
PL 405/2017,PL,2017,2017-06-19T00:00:00,2025-05-28T13:29:00,Encerrado-VETO PARCIAL ACEITO
PL 405/2019,PL,2019,2019-06-12T00:00:00,2020-03-20T15:20:00,Encerrado-ILEGALIDADE (ART. 79 REG. INT.)
PL 405/2020,PL,2020,2020-06-29T00:00:00,2021-01-27T12:48:54,Encerrado-TERMINO DE LEGISLATURA (ART. 275 REG. INT.)
PL 405/2022,PL,2022,2022-06-15T00:00:00,2025-01-21T13:52:57,Encerrado-TERMINO DE LEGISLATURA (ART. 275 REG. INT.)
PL 405/2023,PL,2023,2023-07-20T00:00:00,2024-04-04T11:55:00,Encerrado-ILEGALIDADE (ART. 79 REG. INT.)
PL 405/2024,PL,2024,2024-06-11T00:00:00,2024-12-16T13:54:00,Encerrado-PROMULGADO
PL 406/2016,PL,2016,2016-08-02T00:00:00,2017-05-16T00:00:00,Encerrado-PROMULGADO
PL 406/2017,PL,2017,2017-06-19T00:00:00,2021-01-13T12:03:00,Encerrado-TERMINO DE LEGISLATURA (ART. 275 REG. INT.)
PL 406/2018,PL,2018,2018-08-06T00:00:00,2020-11-05T18:50:00,Encerrado-ILEGALIDADE (ART. 79 REG. INT.)
PL 406/2020,PL,2020,2020-06-29T00:00:00,2021-01-27T12:49:11,Encerrado-TERMINO DE LEGISLATURA (ART. 275 REG. INT.)
PL 406/2021,PL,2021,2021-06-22T00:00:00,2022-04-01T18:27:00,Encerrado-PROMULGADO
PL 406/2024,PL,2024,2024-06-11T00:00:00,2025-01-23T01:15:18,Encerrado-TERMINO DE LEGISLATURA (ART. 275 REG. INT.)
PL 407/2013,PL,2013,2013-06-11T00:00:00,2019-04-30T10:17:00,Encerrado-VETO PARCIAL ACEITO
PL 407/2015,PL,2015,2015-08-12T00:00:00,2016-09-26T12:30:47,Encerrado-PROMULGADO
PL 407/2016,PL,2016,2016-08-02T00:00:00,2017-10-17T17:30:00,Encerrado-PROMULGADO
PL 407/2017,PL,2017,2017-06-20T00:00:00,2018-06-13T10:09:00,Encerrado-PROMULGADO
PL 407/2018,PL,2018,2018-08-06T00:00:00,2019-11-11T18:57:00,Encerrado-ILEGALIDADE (ART. 79 REG. INT.)
PL 407/2020,PL,2020,2020-06-29T00:00:00,2021-09-13T17:51:00,Encerrado-PROMULGADO
PL 407/2021,PL,2021,2021-06-23T00:00:00,2025-01-14T20:57:35,Encerrado-TERMINO DE LEGISLATURA (ART. 275 REG. INT.)
PL 407/2022,PL,2022,2022-06-15T00:00:00,2022-06-28T17:27:00,Encerrado-RETIRADO PELO AUTOR
PL 407/2024,PL,2024,2024-06-11T00:00:00,2025-01-21T15:37:19,Encerrado-TERMINO DE LEGISLATURA (ART. 275 REG. INT.)
PL 407/2025,PL,2025,2025-04-08T00:00:00,2026-09-29T11:27:00,Encerrado-PROMULGADO
PL 408/2014,PL,2014,2014-08-20T00:00:00,2017-09-01T12:30:00,Encerrado-RETIRADO PELO AUTOR
PL 408/2016,PL,2016,2016-08-02T00:00:00,2017-01-02T10:00:00,Encerrado-TERMINO DE LEGISLATURA (ART. 275 REG. INT.)
PL 408/2018,PL,2018,2018-08-07T00:00:00,2021-03-15T15:39:00,Encerrado-RETIRADO PELO AUTOR
PL 408/2019,PL,2019,2019-06-12T00:00:00,2020-08-17T13:33:00,Encerrado-PROMULGADO
PL 408/2020,PL,2020,2020-06-30T00:00:00,2026-05-19T17:29:00,Encerrado-PROMULGADO
PL 408/2021,PL,2021,2021-06-23T00:00:00,2021-10-28T13:50:00,Encerrado-PROMULGADO
PL 408/2022,PL,2022,2022-06-15T00:00:00,2023-01-12T13:59:00,Encerrado-PROMULGADO
PL 408/2024,PL,2024,2024-06-11T00:00:00,2025-01-23T01:15:17,Encerrado-TERMINO DE LEGISLATURA (ART. 275 REG. INT.)
PL 409/2015,PL,2015,2015-08-13T00:00:00,2015-12-15T00:00:00,Encerrado-PROMULGADO
PL 409/2016,PL,2016,2016-08-02T00:00:00,2021-08-13T16:21:00,Encerrado-PROMULGADO
PL 409/2019,PL,2019,2019-06-17T00:00:00,2025-01-14T14:17:00,Encerrado-TERMINO DE LEGISLATURA (ART. 275 REG. INT.)
PL 409/2020,PL,2020,2020-06-30T00:00:00,2021-01-13T16:18:59,Encerrado-TERMINO DE LEGISLATURA (ART. 275 REG. INT.)
PL 409/2022,PL,2022,2022-06-20T00:00:00,2023-07-25T18:28:00,Encerrado-ILEGALIDADE (ART. 79 REG. INT.)
PL 409/2023,PL,2023,2023-07-21T00:00:00,2024-01-08T18:26:00,Encerrado-PROMULGADO
PL 409/2025,PL,2025,2025-04-09T00:00:00,2026-09-17T12:08:00,Encerrado-PROMULGADO
PL 409/2026,PL,2026,2026-05-21T00:00:00,2026-08-25T16:08:47,APENSADO
PL 41/2014,PL,2014,2014-02-17T00:00:00,2017-01-02T18:28:00,Encerrado-TERMINO DE LEGISLATURA (ART. 275 REG. INT.)
PL 41/2015,PL,2015,2015-02-19T00:00:00,2017-01-04T12:28:00,Encerrado-TERMINO DE LEGISLATURA (ART. 275 REG. INT.)
PL 41/2016,PL,2016,2016-02-18T00:00:00,2017-04-11T00:00:00,Encerrado-PROMULGADO
PL 41/2017,PL,2017,2017-02-01T00:00:00,2018-09-19T00:00:00,Encerrado-PROMULGADO
PL 41/2018,PL,2018,2018-02-20T00:00:00,2021-01-12T16:01:00,Encerrado-TERMINO DE LEGISLATURA (ART. 275 REG. INT.)
PL 41/2019,PL,2019,2019-02-05T00:00:00,2021-03-30T23:04:00,Encerrado-RETIRADO PELO AUTOR
PL 41/2020,PL,2020,2020-02-11T00:00:00,2021-01-29T22:08:11,Encerrado-TERMINO DE LEGISLATURA (ART. 275 REG. INT.)
PL 41/2021,PL,2021,2021-01-27T00:00:00,2025-01-13T16:45:00,Encerrado-TERMINO DE LEGISLATURA (ART. 275 REG. INT.)
PL 41/2024,PL,2024,2024-01-23T00:00:00,2025-01-23T01:51:30,Encerrado-TERMINO DE LEGISLATURA (ART. 275 REG. INT.)
PL 410/2016,PL,2016,2016-08-03T00:00:00,2019-11-21T17:11:00,Encerrado-ILEGALIDADE (ART. 79 REG. INT.)
PL 410/2017,PL,2017,2017-06-21T00:00:00,2018-07-06T09:19:00,Encerrado-PROMULGADO
PL 410/2018,PL,2018,2018-08-08T00:00:00,2021-01-27T19:58:42,Encerrado-TERMINO DE LEGISLATURA (ART. 275 REG. INT.)
PL 410/2020,PL,2020,2020-06-30T00:00:00,2021-10-14T14:43:00,Encerrado-PROMULGADO
PL 410/2021,PL,2021,2021-06-23T00:00:00,2025-02-26T14:34:00,Encerrado-RETIRADO PELO AUTOR
PL 410/2023,PL,2023,2023-07-24T00:00:00,2024-02-28T13:28:15,APENSADO
PL 410/2024,PL,2024,2024-06-11T00:00:00,2024-09-11T18:00:00,Encerrado-PROMULGADO
PL 410/2025,PL,2025,2025-04-09T00:00:00,2025-06-17T19:55:00,Encerrado-RETIRADO PELO AUTOR
PL 411/2015,PL,2015,2015-08-13T00:00:00,2019-09-12T14:20:00,Encerrado-ILEGALIDADE (ART. 79 REG. INT.)
PL 411/2016,PL,2016,2016-08-03T00:00:00,2017-01-02T11:46:00,Encerrado-TERMINO DE LEGISLATURA (ART. 275 REG. INT.)
PL 411/2022,PL,2022,2022-06-20T00:00:00,2023-11-30T14:52:00,Encerrado-PROMULGADO
PL 411/2024,PL,2024,2024-06-11T00:00:00,2025-01-22T23:28:59,Encerrado-TERMINO DE LEGISLATURA (ART. 275 REG. INT.)
PL 412/2014,PL,2014,2014-08-22T00:00:00,2017-04-06T15:01:00,Encerrado-RETIRADO PELO AUTOR
PL 412/2015,PL,2015,2015-08-14T00:00:00,2016-06-28T00:00:00,Encerrado-PROMULGADO
PL 412/2016,PL,2016,2016-08-03T00:00:00,2017-01-02T13:50:00,Encerrado-TERMINO DE LEGISLATURA (ART. 275 REG. INT.)
PL 412/2020,PL,2020,2020-06-30T00:00:00,2021-01-27T12:49:13,Encerrado-TERMINO DE LEGISLATURA (ART. 275 REG. INT.)
PL 412/2021,PL,2021,2021-06-24T00:00:00,2022-07-12T16:09:00,Encerrado-PROMULGADO
PL 412/2023,PL,2023,2023-07-26T00:00:00,2024-01-08T17:50:00,Encerrado-PROMULGADO
PL 413/2014,PL,2014,2014-08-25T00:00:00,2015-08-26T00:00:00,Encerrado-PROMULGADO
PL 413/2015,PL,2015,2015-08-14T00:00:00,2015-10-26T00:00:00,Encerrado-PROMULGADO
PL 413/2018,PL,2018,2018-08-08T00:00:00,2021-01-06T21:00:56,Encerrado-TERMINO DE LEGISLATURA (ART. 275 REG. INT.)
PL 413/2019,PL,2019,2019-06-19T00:00:00,2021-08-19T17:50:00,Encerrado-PROMULGADO
PL 413/2020,PL,2020,2020-06-30T00:00:00,2021-01-27T12:49:06,Encerrado-TERMINO DE LEGISLATURA (ART. 275 REG. INT.)
PL 413/2021,PL,2021,2021-06-24T00:00:00,2025-05-29T19:01:00,Encerrado-VETO TOTAL ACEITO
PL 413/2024,PL,2024,2024-06-12T00:00:00,2025-11-28T15:31:00,Encerrado-ILEGALIDADE (ART. 79 REG. INT.)
PL 414/2014,PL,2014,2014-08-26T00:00:00,2019-09-16T17:43:00,Encerrado-VETO TOTAL ACEITO
PL 414/2015,PL,2015,2015-08-14T00:00:00,2017-01-04T13:06:00,Encerrado-TERMINO DE LEGISLATURA (ART. 275 REG. INT.)
PL 414/2016,PL,2016,2016-08-03T00:00:00,2017-01-02T11:46:00,Encerrado-TERMINO DE LEGISLATURA (ART. 275 REG. INT.)
PL 414/2017,PL,2017,2017-06-21T00:00:00,2018-07-30T08:14:00,Encerrado-PROMULGADO
PL 414/2018,PL,2018,2018-08-08T00:00:00,2021-01-27T12:45:53,Encerrado-TERMINO DE LEGISLATURA (ART. 275 REG. INT.)
PL 414/2019,PL,2019,2019-06-19T00:00:00,2025-01-22T19:23:01,Encerrado-TERMINO DE LEGISLATURA (ART. 275 REG. INT.)
PL 414/2020,PL,2020,2020-06-30T00:00:00,2021-01-27T12:49:18,Encerrado-TERMINO DE LEGISLATURA (ART. 275 REG. INT.)
PL 414/2022,PL,2022,2022-06-21T00:00:00,2023-01-10T16:48:00,Encerrado-PROMULGADO
PL 414/2023,PL,2023,2023-07-27T00:00:00,2025-01-20T22:41:10,Encerrado-TERMINO DE LEGISLATURA (ART. 275 REG. INT.)
PL 415/2013,PL,2013,2013-06-12T00:00:00,2017-01-04T13:10:00,Encerrado-TERMINO DE LEGISLATURA (ART. 275 REG. INT.)
PL 415/2015,PL,2015,2015-08-14T00:00:00,2025-07-01T17:59:00,Encerrado-VETO TOTAL ACEITO
PL 415/2016,PL,2016,2016-08-04T00:00:00,2017-01-03T18:38:00,Encerrado-TERMINO DE LEGISLATURA (ART. 275 REG. INT.)
PL 415/2017,PL,2017,2017-06-22T00:00:00,2025-05-28T13:36:00,Encerrado-VETO PARCIAL ACEITO
PL 415/2019,PL,2019,2019-06-25T00:00:00,2021-09-09T15:32:00,Encerrado-PROMULGADO
PL 415/2023,PL,2023,2023-07-28T00:00:00,2025-09-22T11:40:32,Encerrado-RETIRADO PELO AUTOR
PL 415/2026,PL,2026,2026-05-25T00:00:00,2026-08-25T15:59:03,APENSADO
PL 416/2013,PL,2013,2013-06-12T00:00:00,2021-01-14T11:54:00,Encerrado-TERMINO DE LEGISLATURA (ART. 275 REG. INT.)
PL 416/2014,PL,2014,2014-08-27T00:00:00,2015-11-10T00:00:00,Encerrado-PROMULGADO
PL 416/2015,PL,2015,2015-08-14T00:00:00,2017-01-02T17:37:00,Encerrado-TERMINO DE LEGISLATURA (ART. 275 REG. INT.)
PL 416/2017,PL,2017,2017-06-22T00:00:00,2019-09-12T14:20:00,Encerrado-ILEGALIDADE (ART. 79 REG. INT.)
PL 416/2019,PL,2019,2019-06-25T00:00:00,2019-08-26T13:13:00,Encerrado-RETIRADO PELO AUTOR
PL 416/2020,PL,2020,2020-07-01T00:00:00,2021-01-27T12:49:23,Encerrado-TERMINO DE LEGISLATURA (ART. 275 REG. INT.)
PL 416/2025,PL,2025,2025-04-09T00:00:00,2025-09-23T18:56:00,Encerrado-ARQUIVADO
PL 417/2013,PL,2013,2013-06-13T00:00:00,2017-01-23T16:10:00,Encerrado-TERMINO DE LEGISLATURA (ART. 275 REG. INT.)
PL 417/2014,PL,2014,2014-08-27T00:00:00,2016-07-05T13:41:48,Encerrado-ARQUIVADO
PL 417/2015,PL,2015,2015-08-17T00:00:00,2016-03-10T00:00:00,Encerrado-PROMULGADO
PL 417/2017,PL,2017,2017-06-22T00:00:00,2018-03-16T17:51:00,Encerrado-RETIRADO PELO AUTOR
PL 417/2018,PL,2018,2018-08-08T00:00:00,2019-05-13T09:43:00,Encerrado-PROMULGADO
PL 417/2019,PL,2019,2019-06-25T00:00:00,2020-01-23T10:30:00,Encerrado-PROMULGADO
PL 417/2020,PL,2020,2020-07-01T00:00:00,2021-10-28T13:50:00,Encerrado-PROMULGADO
PL 417/2025,PL,2025,2025-04-10T00:00:00,2026-07-16T18:42:00,Encerrado-PROMULGADO
PL 417/2026,PL,2026,2026-05-26T00:00:00,2026-09-17T12:08:00,Encerrado-PROMULGADO
PL 418/2014,PL,2014,2014-08-28T00:00:00,2019-05-13T08:48:00,Encerrado-VETO PARCIAL ACEITO
PL 418/2015,PL,2015,2015-08-17T00:00:00,2015-10-02T00:00:00,Encerrado-PROMULGADO
PL 418/2016,PL,2016,2016-08-05T00:00:00,2017-01-02T11:46:00,Encerrado-TERMINO DE LEGISLATURA (ART. 275 REG. INT.)
PL 418/2017,PL,2017,2017-06-22T00:00:00,2018-12-14T09:38:00,Encerrado-PROMULGADO
PL 418/2019,PL,2019,2019-06-25T00:00:00,2021-02-22T10:28:09,Encerrado-TERMINO DE LEGISLATURA (ART. 275 REG. INT.)
PL 418/2020,PL,2020,2020-07-01T00:00:00,2021-01-27T12:51:27,Encerrado-TERMINO DE LEGISLATURA (ART. 275 REG. INT.)
PL 418/2021,PL,2021,2021-06-28T00:00:00,2022-03-16T18:47:00,Encerrado-RETIRADO PELO AUTOR
PL 418/2023,PL,2023,2023-08-01T00:00:00,2025-07-04T13:41:00,Encerrado-PROMULGADO
PL 419/2013,PL,2013,2013-06-13T00:00:00,2021-01-14T11:54:00,Encerrado-TERMINO DE LEGISLATURA (ART. 275 REG. INT.)
PL 419/2014,PL,2014,2014-09-01T00:00:00,2021-01-13T16:03:00,Encerrado-TERMINO DE LEGISLATURA (ART. 275 REG. INT.)
PL 419/2015,PL,2015,2015-08-17T00:00:00,2017-01-04T13:24:00,Encerrado-TERMINO DE LEGISLATURA (ART. 275 REG. INT.)
PL 419/2016,PL,2016,2016-08-09T00:00:00,2018-04-17T08:48:00,Encerrado-PROMULGADO
PL 419/2017,PL,2017,2017-06-22T00:00:00,2017-10-27T16:54:00,Encerrado-RETIRADO PELO AUTOR
PL 419/2020,PL,2020,2020-07-01T00:00:00,2021-01-27T12:26:08,Encerrado-TERMINO DE LEGISLATURA (ART. 275 REG. INT.)
PL 419/2021,PL,2021,2021-06-28T00:00:00,2025-01-14T21:41:13,Encerrado-TERMINO DE LEGISLATURA (ART. 275 REG. INT.)
PL 419/2023,PL,2023,2023-08-01T00:00:00,2023-08-04T19:09:00,Encerrado-RETIRADO PELO AUTOR
PL 419/2024,PL,2024,2024-06-13T00:00:00,2025-01-23T00:59:50,Encerrado-TERMINO DE LEGISLATURA (ART. 275 REG. INT.)
PL 419/2025,PL,2025,2025-04-10T00:00:00,2025-09-12T11:26:00,Devolução de Regularização
PL 42/2013,PL,2013,2013-02-22T00:00:00,2021-01-27T13:03:00,Encerrado-TERMINO DE LEGISLATURA (ART. 275 REG. INT.)
PL 42/2014,PL,2014,2014-02-17T00:00:00,2017-01-02T18:28:00,Encerrado-TERMINO DE LEGISLATURA (ART. 275 REG. INT.)
PL 42/2015,PL,2015,2015-02-20T00:00:00,2016-09-28T13:04:03,Encerrado-PROMULGADO
PL 42/2016,PL,2016,2016-02-18T00:00:00,2017-07-20T13:39:00,Encerrado-PROMULGADO
PL 42/2019,PL,2019,2019-02-06T00:00:00,2021-02-01T07:05:57,Encerrado-TERMINO DE LEGISLATURA (ART. 275 REG. INT.)
PL 42/2020,PL,2020,2020-02-12T00:00:00,2025-01-09T12:19:21,Encerrado-TERMINO DE LEGISLATURA (ART. 275 REG. INT.)
PL 42/2022,PL,2022,2022-02-09T00:00:00,2022-09-12T18:01:28,Encerrado-RETIRADO PELO AUTOR
PL 42/2025,PL,2025,2025-01-29T00:00:00,2026-04-30T10:28:00,Encerrado-PROMULGADO
PL 420/2013,PL,2013,2013-06-13T00:00:00,2019-09-25T09:47:00,Encerrado-VETO TOTAL ACEITO
PL 420/2014,PL,2014,2014-09-01T00:00:00,2016-02-03T15:00:38,Encerrado-PROMULGADO
PL 420/2015,PL,2015,2015-08-17T00:00:00,2016-06-20T11:49:26,Encerrado-ILEGALIDADE (ART. 79 REG. INT.)
PL 420/2016,PL,2016,2016-08-09T00:00:00,2018-02-15T11:24:00,Encerrado-PROMULGADO
PL 420/2017,PL,2017,2017-06-23T00:00:00,2025-01-13T16:59:00,Encerrado-TERMINO DE LEGISLATURA (ART. 275 REG. INT.)
PL 420/2019,PL,2019,2019-06-26T00:00:00,2021-01-29T16:33:33,Encerrado-TERMINO DE LEGISLATURA (ART. 275 REG. INT.)
PL 420/2020,PL,2020,2020-07-01T00:00:00,2021-01-27T12:26:06,Encerrado-TERMINO DE LEGISLATURA (ART. 275 REG. INT.)
PL 420/2021,PL,2021,2021-06-28T00:00:00,2022-01-20T14:31:00,Encerrado-ILEGALIDADE (ART. 79 REG. INT.)
PL 420/2023,PL,2023,2023-08-01T00:00:00,2024-06-24T14:54:00,Encerrado-PROMULGADO
PL 420/2024,PL,2024,2024-06-13T00:00:00,2025-01-22T23:28:58,Encerrado-TERMINO DE LEGISLATURA (ART. 275 REG. INT.)
PL 421/2013,PL,2013,2013-06-13T00:00:00,2015-09-15T10:13:46,Encerrado-ARQUIVADO
PL 421/2014,PL,2014,2014-09-02T00:00:00,2016-03-08T18:26:20,Encerrado-RETIRADO PELO AUTOR
PL 421/2016,PL,2016,2016-08-09T00:00:00,2025-11-28T15:31:00,Encerrado-ILEGALIDADE (ART. 79 REG. INT.)
PL 421/2017,PL,2017,2017-06-26T00:00:00,2019-04-30T09:10:00,Encerrado-PROMULGADO
PL 421/2018,PL,2018,2018-08-09T00:00:00,2019-04-02T07:47:00,Encerrado-PROMULGADO
PL 421/2023,PL,2023,2023-08-01T00:00:00,2024-07-16T19:22:00,Encerrado-PROMULGADO
PL 421/2024,PL,2024,2024-06-13T00:00:00,2025-01-22T23:28:57,Encerrado-TERMINO DE LEGISLATURA (ART. 275 REG. INT.)
PL 421/2025,PL,2025,2025-04-11T00:00:00,2025-10-06T13:49:00,Encerrado-PROMULGADO
PL 422/2013,PL,2013,2013-06-13T00:00:00,2015-09-14T00:00:00,Encerrado-PROMULGADO
PL 422/2014,PL,2014,2014-09-02T00:00:00,2017-01-03T16:55:00,Encerrado-TERMINO DE LEGISLATURA (ART. 275 REG. INT.)
PL 422/2017,PL,2017,2017-06-26T00:00:00,2019-01-16T15:35:00,Encerrado-PROMULGADO
PL 422/2018,PL,2018,2018-08-09T00:00:00,2019-08-08T19:11:00,Encerrado-ILEGALIDADE (ART. 79 REG. INT.)
PL 422/2020,PL,2020,2020-07-02T00:00:00,2025-03-19T16:53:00,Encerrado-VETO TOTAL ACEITO
PL 422/2021,PL,2021,2021-06-28T00:00:00,2025-01-14T21:37:29,Encerrado-TERMINO DE LEGISLATURA (ART. 275 REG. INT.)
PL 422/2023,PL,2023,2023-08-01T00:00:00,2024-07-16T19:22:00,Encerrado-PROMULGADO
PL 422/2024,PL,2024,2024-06-13T00:00:00,2025-01-22T23:28:57,Encerrado-TERMINO DE LEGISLATURA (ART. 275 REG. INT.)
PL 423/2014,PL,2014,2014-09-02T00:00:00,2016-07-19T17:10:27,Encerrado-PROMULGADO
PL 423/2015,PL,2015,2015-08-19T00:00:00,2017-03-20T16:55:00,Encerrado-RETIRADO PELO AUTOR
PL 423/2016,PL,2016,2016-08-09T00:00:00,2018-09-19T00:00:00,Encerrado-PROMULGADO
PL 423/2017,PL,2017,2017-06-26T00:00:00,2019-10-09T18:04:00,Encerrado-VETO TOTAL ACEITO
PL 423/2018,PL,2018,2018-08-10T00:00:00,2021-01-12T16:01:00,Encerrado-TERMINO DE LEGISLATURA (ART. 275 REG. INT.)
PL 423/2022,PL,2022,2022-06-27T00:00:00,2025-11-28T15:31:00,Encerrado-ILEGALIDADE (ART. 79 REG. INT.)
PL 423/2024,PL,2024,2024-06-13T00:00:00,2025-01-22T23:28:55,Encerrado-TERMINO DE LEGISLATURA (ART. 275 REG. INT.)
PL 424/2015,PL,2015,2015-08-19T00:00:00,2016-05-05T00:00:00,Encerrado-PROMULGADO
PL 424/2016,PL,2016,2016-08-09T00:00:00,2025-03-12T14:05:00,Encerrado-VETO TOTAL ACEITO
PL 424/2017,PL,2017,2017-06-26T00:00:00,2017-11-23T16:48:00,Encerrado-RETIRADO PELO AUTOR
PL 424/2018,PL,2018,2018-08-13T00:00:00,2021-08-13T16:21:00,Encerrado-PROMULGADO
PL 424/2019,PL,2019,2019-06-27T00:00:00,2025-01-14T14:17:00,Encerrado-TERMINO DE LEGISLATURA (ART. 275 REG. INT.)
PL 424/2020,PL,2020,2020-07-03T00:00:00,2025-01-17T19:57:18,Encerrado-TERMINO DE LEGISLATURA (ART. 275 REG. INT.)
PL 424/2022,PL,2022,2022-06-27T00:00:00,2022-11-24T08:34:00,Encerrado-PROMULGADO
PL 424/2023,PL,2023,2023-08-02T00:00:00,2026-05-21T19:50:00,Encerrado-RETIRADO PELO AUTOR
PL 424/2024,PL,2024,2024-06-13T00:00:00,2025-01-22T23:28:54,Encerrado-TERMINO DE LEGISLATURA (ART. 275 REG. INT.)
PL 425/2013,PL,2013,2013-06-13T00:00:00,2015-06-01T13:01:30,Encerrado-RETIRADO PELO AUTOR
PL 425/2015,PL,2015,2015-08-19T00:00:00,2015-09-10T16:16:16,Encerrado-RETIRADO PELO AUTOR
PL 425/2016,PL,2016,2016-08-09T00:00:00,2021-10-05T14:31:00,Encerrado-PROMULGADO
PL 425/2017,PL,2017,2017-06-26T00:00:00,2021-01-04T15:00:27,Encerrado-TERMINO DE LEGISLATURA (ART. 275 REG. INT.)
PL 425/2018,PL,2018,2018-08-13T00:00:00,2021-10-14T14:43:00,Encerrado-PROMULGADO
PL 425/2021,PL,2021,2021-06-29T00:00:00,2022-05-12T14:59:00,Encerrado-ILEGALIDADE (ART. 79 REG. INT.)
PL 425/2022,PL,2022,2022-06-27T00:00:00,2025-01-16T22:44:44,Encerrado-TERMINO DE LEGISLATURA (ART. 275 REG. INT.)
PL 425/2024,PL,2024,2024-06-13T00:00:00,2025-01-22T23:28:54,Encerrado-TERMINO DE LEGISLATURA (ART. 275 REG. INT.)
PL 426/2013,PL,2013,2013-06-18T00:00:00,2016-06-28T00:00:00,Encerrado-PROMULGADO
PL 426/2014,PL,2014,2014-09-03T00:00:00,2025-01-13T15:10:00,Encerrado-TERMINO DE LEGISLATURA (ART. 275 REG. INT.)
PL 426/2015,PL,2015,2015-08-19T00:00:00,2016-09-21T10:05:03,Encerrado-ARQUIVADO
PL 426/2016,PL,2016,2016-08-09T00:00:00,2017-09-05T00:00:00,Encerrado-PROMULGADO
PL 426/2019,PL,2019,2019-06-27T00:00:00,2021-08-19T17:50:00,Encerrado-PROMULGADO
PL 426/2020,PL,2020,2020-07-03T00:00:00,2021-09-13T17:51:00,Encerrado-PROMULGADO
PL 426/2022,PL,2022,2022-06-27T00:00:00,2023-09-27T14:10:00,Encerrado-PROMULGADO
PL 426/2024,PL,2024,2024-06-14T00:00:00,2025-01-22T23:28:53,Encerrado-TERMINO DE LEGISLATURA (ART. 275 REG. INT.)
PL 426/2025,PL,2025,2025-04-11T00:00:00,2026-04-27T10:45:00,Encerrado-PROMULGADO
PL 427/2014,PL,2014,2014-09-04T00:00:00,2017-01-03T16:55:00,Encerrado-TERMINO DE LEGISLATURA (ART. 275 REG. INT.)
PL 427/2015,PL,2015,2015-08-19T00:00:00,2016-08-03T13:08:47,Encerrado-PROMULGADO
PL 427/2017,PL,2017,2017-06-27T00:00:00,2025-05-29T19:01:00,Encerrado-VETO TOTAL ACEITO
PL 427/2018,PL,2018,2018-08-14T00:00:00,2021-01-06T11:55:10,Encerrado-TERMINO DE LEGISLATURA (ART. 275 REG. INT.)
PL 427/2020,PL,2020,2020-07-03T00:00:00,2025-01-13T18:41:00,Encerrado-TERMINO DE LEGISLATURA (ART. 275 REG. INT.)
PL 427/2022,PL,2022,2022-06-28T00:00:00,2025-03-20T13:34:00,Encerrado-PROMULGADO
PL 427/2023,PL,2023,2023-08-03T00:00:00,2025-01-21T15:04:26,Encerrado-TERMINO DE LEGISLATURA (ART. 275 REG. INT.)
PL 427/2024,PL,2024,2024-06-14T00:00:00,2024-12-16T13:54:00,Encerrado-PROMULGADO
PL 428/2013,PL,2013,2013-06-18T00:00:00,2016-02-03T15:05:33,Encerrado-PROMULGADO
PL 428/2014,PL,2014,2014-09-04T00:00:00,2015-06-29T00:00:00,Encerrado-PROMULGADO
PL 428/2015,PL,2015,2015-08-19T00:00:00,2015-11-06T16:37:37,Encerrado-RETIRADO PELO AUTOR
PL 428/2016,PL,2016,2016-08-09T00:00:00,2021-01-13T14:53:00,Encerrado-TERMINO DE LEGISLATURA (ART. 275 REG. INT.)
PL 428/2018,PL,2018,2018-08-14T00:00:00,2019-05-10T16:30:00,Encerrado-ILEGALIDADE (ART. 79 REG. INT.)
PL 428/2019,PL,2019,2019-06-28T00:00:00,2023-08-08T17:53:00,Encerrado-PROMULGADO
PL 428/2021,PL,2021,2021-06-29T00:00:00,2023-01-26T15:26:00,Encerrado-PROMULGADO
PL 428/2022,PL,2022,2022-06-28T00:00:00,2022-08-22T17:04:00,Encerrado-PROMULGADO
PL 428/2025,PL,2025,2025-04-11T00:00:00,2026-09-23T11:17:00,Encerrado-PROMULGADO
PL 429/2013,PL,2013,2013-06-18T00:00:00,2021-01-14T11:54:00,Encerrado-TERMINO DE LEGISLATURA (ART. 275 REG. INT.)
PL 429/2014,PL,2014,2014-09-04T00:00:00,2019-09-26T00:00:00,APENSADO
PL 429/2015,PL,2015,2015-08-19T00:00:00,2016-01-18T00:00:00,Encerrado-PROMULGADO
PL 429/2016,PL,2016,2016-08-09T00:00:00,2017-12-18T18:30:00,Encerrado-PROMULGADO
PL 429/2019,PL,2019,2019-07-01T00:00:00,2020-03-20T15:20:00,Encerrado-ILEGALIDADE (ART. 79 REG. INT.)
PL 429/2020,PL,2020,2020-07-07T00:00:00,2021-10-15T19:51:53,Encerrado-RETIRADO PELO AUTOR
PL 429/2021,PL,2021,2021-06-30T00:00:00,2025-05-29T19:01:00,Encerrado-VETO TOTAL ACEITO
PL 429/2022,PL,2022,2022-06-28T00:00:00,2023-04-24T14:14:00,Encerrado-PROMULGADO
PL 429/2023,PL,2023,2023-08-04T00:00:00,2024-03-28T10:43:25,Encerrado-RETIRADO PELO AUTOR
PL 429/2025,PL,2025,2025-04-11T00:00:00,2025-06-18T10:41:00,Encerrado-RETIRADO PELO AUTOR
PL 43/2013,PL,2013,2013-02-22T00:00:00,2019-04-15T09:23:00,Encerrado-VETO PARCIAL ACEITO
PL 43/2014,PL,2014,2014-02-17T00:00:00,2017-01-02T18:28:00,Encerrado-TERMINO DE LEGISLATURA (ART. 275 REG. INT.)
PL 43/2015,PL,2015,2015-02-23T00:00:00,2025-05-22T19:34:00,Encerrado-VETO TOTAL ACEITO
PL 43/2018,PL,2018,2018-02-20T00:00:00,2021-04-07T17:01:00,Encerrado-RETIRADO PELO AUTOR
PL 43/2019,PL,2019,2019-02-07T00:00:00,2019-08-29T18:41:00,Encerrado-ILEGALIDADE (ART. 79 REG. INT.)
PL 43/2020,PL,2020,2020-02-12T00:00:00,2025-01-21T13:51:11,Encerrado-TERMINO DE LEGISLATURA (ART. 275 REG. INT.)
PL 43/2021,PL,2021,2021-01-28T00:00:00,2024-07-16T16:49:00,Encerrado-ILEGALIDADE (ART. 79 REG. INT.)
PL 43/2022,PL,2022,2022-02-09T00:00:00,2025-01-16T22:04:43,Encerrado-TERMINO DE LEGISLATURA (ART. 275 REG. INT.)
PL 43/2024,PL,2024,2024-01-24T00:00:00,2025-11-28T15:31:00,Encerrado-ILEGALIDADE (ART. 79 REG. INT.)
PL 43/2025,PL,2025,2025-01-29T00:00:00,2025-08-07T13:46:55,APENSADO
PL 430/2014,PL,2014,2014-09-04T00:00:00,2025-05-22T19:27:00,Encerrado-VETO TOTAL ACEITO
PL 430/2015,PL,2015,2015-08-19T00:00:00,2015-08-31T00:00:00,Encerrado-RETIRADO PELO AUTOR
PL 430/2018,PL,2018,2018-08-14T00:00:00,2019-09-26T18:04:00,Encerrado-ILEGALIDADE (ART. 79 REG. INT.)
PL 430/2019,PL,2019,2019-07-01T00:00:00,2019-11-21T17:11:00,Encerrado-ILEGALIDADE (ART. 79 REG. INT.)
PL 430/2020,PL,2020,2020-07-07T00:00:00,2026-05-19T17:29:00,Encerrado-PROMULGADO
PL 430/2022,PL,2022,2022-06-28T00:00:00,2023-09-05T17:34:00,Encerrado-PROMULGADO
PL 430/2023,PL,2023,2023-08-04T00:00:00,2024-02-28T13:28:41,APENSADO
PL 431/2013,PL,2013,2013-06-18T00:00:00,2014-09-18T00:00:00,APENSADO
PL 431/2015,PL,2015,2015-08-20T00:00:00,2019-05-20T09:36:00,Encerrado-VETO PARCIAL ACEITO
PL 431/2016,PL,2016,2016-08-10T00:00:00,2017-07-07T00:00:00,Encerrado-PROMULGADO
PL 431/2017,PL,2017,2017-06-28T00:00:00,2021-11-16T18:37:00,Encerrado-PROMULGADO
PL 431/2019,PL,2019,2019-07-01T00:00:00,2025-01-14T14:17:00,Encerrado-TERMINO DE LEGISLATURA (ART. 275 REG. INT.)
PL 431/2020,PL,2020,2020-07-07T00:00:00,2021-11-16T18:37:00,Encerrado-PROMULGADO
PL 431/2022,PL,2022,2022-06-28T00:00:00,2023-09-04T15:39:00,Encerrado-PROMULGADO
PL 432/2014,PL,2014,2014-09-05T00:00:00,2025-03-26T17:07:00,Encerrado-VETO PARCIAL ACEITO
PL 432/2015,PL,2015,2015-08-20T00:00:00,2017-01-02T10:00:00,Encerrado-TERMINO DE LEGISLATURA (ART. 275 REG. INT.)
PL 432/2016,PL,2016,2016-08-10T00:00:00,2017-01-02T11:53:00,Encerrado-TERMINO DE LEGISLATURA (ART. 275 REG. INT.)
PL 432/2017,PL,2017,2017-06-28T00:00:00,2018-02-15T11:28:00,Encerrado-PROMULGADO
PL 432/2019,PL,2019,2019-07-02T00:00:00,2025-01-14T14:17:00,Encerrado-TERMINO DE LEGISLATURA (ART. 275 REG. INT.)
PL 432/2020,PL,2020,2020-07-07T00:00:00,2021-09-13T17:51:00,Encerrado-PROMULGADO
PL 432/2021,PL,2021,2021-06-30T00:00:00,2025-01-23T15:11:40,Encerrado-TERMINO DE LEGISLATURA (ART. 275 REG. INT.)
PL 433/2015,PL,2015,2015-08-20T00:00:00,2017-01-02T10:00:00,Encerrado-TERMINO DE LEGISLATURA (ART. 275 REG. INT.)
PL 433/2016,PL,2016,2016-08-10T00:00:00,2016-09-26T15:56:27,Encerrado-RETIRADO PELO AUTOR
PL 433/2017,PL,2017,2017-06-28T00:00:00,2018-06-12T08:30:00,Encerrado-PROMULGADO
PL 433/2019,PL,2019,2019-07-02T00:00:00,2025-01-14T14:17:00,Encerrado-TERMINO DE LEGISLATURA (ART. 275 REG. INT.)
PL 433/2022,PL,2022,2022-06-29T00:00:00,2025-01-16T22:16:27,Encerrado-TERMINO DE LEGISLATURA (ART. 275 REG. INT.)
PL 434/2016,PL,2016,2016-08-10T00:00:00,2017-11-16T18:13:00,Encerrado-PROMULGADO
PL 434/2024,PL,2024,2024-06-17T00:00:00,2025-10-23T15:53:28,APENSADO
PL 435/2013,PL,2013,2013-06-19T00:00:00,2025-03-26T23:33:00,Encerrado-VETO TOTAL ACEITO
PL 435/2014,PL,2014,2014-09-09T00:00:00,2016-02-03T15:02:39,Encerrado-PROMULGADO
PL 435/2016,PL,2016,2016-08-11T00:00:00,2021-01-04T11:20:16,Encerrado-TERMINO DE LEGISLATURA (ART. 275 REG. INT.)
PL 435/2017,PL,2017,2017-06-28T00:00:00,2018-09-19T00:00:00,Encerrado-PROMULGADO
PL 435/2018,PL,2018,2018-08-15T00:00:00,2019-08-27T07:58:00,Encerrado-PROMULGADO
PL 435/2021,PL,2021,2021-07-01T00:00:00,2026-04-16T09:23:00,Encerrado-ARQUIVADO
PL 435/2022,PL,2022,2022-06-30T00:00:00,2024-06-18T11:57:13,Encerrado-RETIRADO PELO AUTOR
PL 435/2023,PL,2023,2023-08-08T00:00:00,2023-09-21T13:38:00,Encerrado-PROMULGADO
PL 436/2014,PL,2014,2014-09-09T00:00:00,2018-11-09T15:22:00,Encerrado-RETIRADO PELO AUTOR
PL 436/2016,PL,2016,2016-08-11T00:00:00,2018-09-19T00:00:00,Encerrado-PROMULGADO
PL 436/2018,PL,2018,2018-08-15T00:00:00,2019-03-25T17:17:00,Encerrado-ILEGALIDADE (ART. 79 REG. INT.)
PL 436/2022,PL,2022,2022-06-30T00:00:00,2025-01-23T15:40:01,Encerrado-TERMINO DE LEGISLATURA (ART. 275 REG. INT.)
PL 436/2023,PL,2023,2023-08-08T00:00:00,2025-05-14T14:48:00,Encerrado-PROMULGADO
PL 436/2024,PL,2024,2024-06-18T00:00:00,2025-01-23T01:42:23,Encerrado-TERMINO DE LEGISLATURA (ART. 275 REG. INT.)
PL 437/2015,PL,2015,2015-08-24T00:00:00,2017-01-02T16:02:00,Encerrado-TERMINO DE LEGISLATURA (ART. 275 REG. INT.)
PL 437/2019,PL,2019,2019-07-05T00:00:00,2019-12-06T11:14:00,Encerrado-ILEGALIDADE (ART. 79 REG. INT.)
PL 437/2021,PL,2021,2021-07-01T00:00:00,2023-10-19T17:18:00,Encerrado-PROMULGADO
PL 437/2022,PL,2022,2022-06-30T00:00:00,2025-01-23T15:40:02,Encerrado-TERMINO DE LEGISLATURA (ART. 275 REG. INT.)
PL 437/2023,PL,2023,2023-08-09T00:00:00,2025-01-20T23:08:52,Encerrado-TERMINO DE LEGISLATURA (ART. 275 REG. INT.)
PL 437/2024,PL,2024,2024-06-18T00:00:00,2024-08-26T12:36:00,Encerrado-PROMULGADO
PL 438/2013,PL,2013,2013-06-19T00:00:00,2017-01-23T16:10:00,Encerrado-TERMINO DE LEGISLATURA (ART. 275 REG. INT.)
PL 438/2015,PL,2015,2015-08-25T00:00:00,2015-10-26T12:56:18,Encerrado-PROMULGADO
PL 438/2016,PL,2016,2016-08-12T00:00:00,2017-01-10T14:59:00,Encerrado-TERMINO DE LEGISLATURA (ART. 275 REG. INT.)
PL 438/2018,PL,2018,2018-08-16T00:00:00,2019-08-16T18:34:00,Encerrado-ILEGALIDADE (ART. 79 REG. INT.)
PL 438/2019,PL,2019,2019-07-05T00:00:00,2025-01-14T14:17:00,Encerrado-TERMINO DE LEGISLATURA (ART. 275 REG. INT.)
PL 438/2020,PL,2020,2020-07-10T00:00:00,2020-11-10T17:46:00,Encerrado-PROMULGADO
PL 438/2022,PL,2022,2022-06-30T00:00:00,2023-01-10T16:48:00,Encerrado-PROMULGADO
PL 438/2023,PL,2023,2023-08-09T00:00:00,2024-05-28T18:14:00,Encerrado-PROMULGADO
PL 438/2024,PL,2024,2024-06-18T00:00:00,2025-07-11T15:18:12,Encerrado-RETIRADO PELO AUTOR
PL 439/2013,PL,2013,2013-06-19T00:00:00,2017-01-23T16:10:00,Encerrado-TERMINO DE LEGISLATURA (ART. 275 REG. INT.)
PL 439/2015,PL,2015,2015-08-25T00:00:00,2016-03-10T09:00:51,Encerrado-ARQUIVADO
PL 439/2016,PL,2016,2016-08-12T00:00:00,2017-10-18T16:47:00,Encerrado-PROMULGADO
PL 439/2017,PL,2017,2017-06-28T00:00:00,2018-08-23T12:51:00,Encerrado-RETIRADO PELO AUTOR
PL 439/2018,PL,2018,2018-08-17T00:00:00,2019-07-18T08:22:00,Encerrado-PROMULGADO
PL 439/2020,PL,2020,2020-07-10T00:00:00,2020-11-10T17:46:00,Encerrado-PROMULGADO
PL 439/2021,PL,2021,2021-07-01T00:00:00,2025-03-14T15:03:00,Encerrado-VETO TOTAL ACEITO
PL 439/2024,PL,2024,2024-06-18T00:00:00,2025-01-15T10:46:05,Encerrado-TERMINO DE LEGISLATURA (ART. 275 REG. INT.)
PL 44/2015,PL,2015,2015-02-24T00:00:00,2021-01-04T12:24:09,Encerrado-TERMINO DE LEGISLATURA (ART. 275 REG. INT.)
PL 44/2016,PL,2016,2016-02-18T00:00:00,2017-01-04T13:06:00,Encerrado-TERMINO DE LEGISLATURA (ART. 275 REG. INT.)
PL 44/2020,PL,2020,2020-02-12T00:00:00,2025-01-13T22:40:36,Encerrado-TERMINO DE LEGISLATURA (ART. 275 REG. INT.)
PL 44/2021,PL,2021,2021-01-29T00:00:00,2025-01-23T12:21:46,Encerrado-TERMINO DE LEGISLATURA (ART. 275 REG. INT.)
PL 44/2022,PL,2022,2022-02-09T00:00:00,2025-01-16T22:04:42,Encerrado-TERMINO DE LEGISLATURA (ART. 275 REG. INT.)
PL 44/2023,PL,2023,2023-02-13T00:00:00,2024-02-28T13:40:37,APENSADO
PL 44/2024,PL,2024,2024-01-24T00:00:00,2024-05-23T11:44:17,APENSADO
PL 440/2013,PL,2013,2013-06-19T00:00:00,2019-04-18T08:57:00,Encerrado-VETO TOTAL ACEITO
PL 440/2014,PL,2014,2014-09-11T00:00:00,2025-01-13T15:10:00,Encerrado-TERMINO DE LEGISLATURA (ART. 275 REG. INT.)
PL 440/2015,PL,2015,2015-08-25T00:00:00,2025-03-12T14:23:00,Encerrado-VETO TOTAL ACEITO
PL 440/2016,PL,2016,2016-08-15T00:00:00,2018-02-15T11:28:00,Encerrado-PROMULGADO
PL 440/2018,PL,2018,2018-08-17T00:00:00,2019-06-17T09:07:00,Encerrado-PROMULGADO
PL 440/2019,PL,2019,2019-07-10T00:00:00,2019-10-10T00:00:00,APENSADO
PL 440/2020,PL,2020,2020-07-13T00:00:00,2021-04-07T18:30:00,Encerrado-RETIRADO PELO AUTOR
PL 440/2021,PL,2021,2021-07-01T00:00:00,2025-03-20T13:34:00,Encerrado-VETO TOTAL ACEITO
PL 440/2024,PL,2024,2024-06-18T15:37:49,2025-01-17T16:01:43,Encerrado-TERMINO DE LEGISLATURA (ART. 275 REG. INT.)
PL 441/2013,PL,2013,2013-06-20T00:00:00,2017-01-23T16:10:00,Encerrado-TERMINO DE LEGISLATURA (ART. 275 REG. INT.)
PL 441/2014,PL,2014,2014-09-11T00:00:00,2021-01-13T16:03:00,Encerrado-TERMINO DE LEGISLATURA (ART. 275 REG. INT.)
PL 441/2015,PL,2015,2015-08-26T00:00:00,2018-02-05T10:37:00,Encerrado-PROMULGADO
PL 441/2016,PL,2016,2016-08-15T00:00:00,2016-11-17T14:32:20,Encerrado-RETIRADO PELO AUTOR
PL 441/2017,PL,2017,2017-06-28T00:00:00,2018-12-26T12:19:00,Encerrado-PROMULGADO
PL 441/2018,PL,2018,2018-08-20T00:00:00,2018-11-09T15:30:00,Encerrado-RETIRADO PELO AUTOR
PL 441/2019,PL,2019,2019-07-10T00:00:00,2022-05-24T13:56:00,Encerrado-RETIRADO PELO AUTOR
PL 441/2020,PL,2020,2020-07-13T00:00:00,2022-08-10T14:32:56,Encerrado-RETIRADO PELO AUTOR
PL 441/2021,PL,2021,2021-07-02T00:00:00,2026-04-08T17:40:00,Encerrado-PROMULGADO
PL 441/2022,PL,2022,2022-07-01T00:00:00,2023-09-05T17:34:00,Encerrado-PROMULGADO
PL 441/2024,PL,2024,2024-06-18T00:00:00,2025-01-23T00:33:37,Encerrado-TERMINO DE LEGISLATURA (ART. 275 REG. INT.)
PL 442/2013,PL,2013,2013-06-20T00:00:00,2017-01-23T16:10:00,Encerrado-TERMINO DE LEGISLATURA (ART. 275 REG. INT.)
PL 442/2014,PL,2014,2014-09-11T00:00:00,2017-05-24T15:39:00,Encerrado-PROMULGADO
PL 442/2016,PL,2016,2016-08-15T00:00:00,2017-04-19T16:45:00,Encerrado-PROMULGADO
PL 442/2018,PL,2018,2018-08-20T00:00:00,2020-01-06T10:51:00,Encerrado-PROMULGADO
PL 442/2019,PL,2019,2019-07-10T00:00:00,2021-01-06T23:45:20,Encerrado-TERMINO DE LEGISLATURA (ART. 275 REG. INT.)
PL 442/2021,PL,2021,2021-07-05T00:00:00,2021-10-18T14:11:00,Encerrado-PROMULGADO
PL 443/2013,PL,2013,2013-06-20T00:00:00,2017-01-23T16:10:00,Encerrado-TERMINO DE LEGISLATURA (ART. 275 REG. INT.)
PL 443/2014,PL,2014,2014-09-11T00:00:00,2016-01-06T00:00:00,Encerrado-PROMULGADO
PL 443/2016,PL,2016,2016-08-15T00:00:00,2017-10-18T16:48:00,Encerrado-PROMULGADO
PL 443/2017,PL,2017,2017-06-28T00:00:00,2018-08-23T12:51:00,Encerrado-RETIRADO PELO AUTOR
PL 443/2018,PL,2018,2018-08-21T00:00:00,2020-01-14T09:57:00,Encerrado-PROMULGADO
PL 443/2019,PL,2019,2019-07-10T00:00:00,2019-12-16T20:30:00,Encerrado-ILEGALIDADE (ART. 79 REG. INT.)
PL 443/2021,PL,2021,2021-07-05T00:00:00,2023-08-08T15:08:00,Encerrado-PROMULGADO
PL 443/2022,PL,2022,2022-07-01T00:00:00,2023-06-12T16:38:00,Encerrado-PROMULGADO
PL 444/2013,PL,2013,2013-06-20T00:00:00,2024-12-19T15:03:00,Encerrado-PROMULGADO
PL 444/2015,PL,2015,2015-08-26T00:00:00,2019-05-27T12:21:00,Encerrado-PROMULGADO
PL 444/2017,PL,2017,2017-06-28T00:00:00,2018-08-02T00:00:00,Encerrado-ILEGALIDADE (ART. 79 REG. INT.)
PL 444/2018,PL,2018,2018-08-21T00:00:00,2019-07-18T08:22:00,Encerrado-PROMULGADO
PL 444/2019,PL,2019,2019-07-10T00:00:00,2020-08-11T19:20:00,Encerrado-ILEGALIDADE (ART. 79 REG. INT.)
PL 444/2021,PL,2021,2021-07-05T00:00:00,2025-11-18T18:10:00,Encerrado-PROMULGADO
PL 444/2024,PL,2024,2024-06-18T00:00:00,2024-09-03T15:03:00,Encerrado-PROMULGADO
PL 445/2013,PL,2013,2013-06-20T00:00:00,2019-04-16T12:19:00,Encerrado-VETO TOTAL ACEITO
PL 445/2014,PL,2014,2014-09-12T00:00:00,2021-01-13T16:03:00,Encerrado-TERMINO DE LEGISLATURA (ART. 275 REG. INT.)
PL 445/2015,PL,2015,2015-08-26T00:00:00,2016-08-08T00:00:00,Encerrado-PROMULGADO
PL 445/2017,PL,2017,2017-06-28T00:00:00,2025-05-28T13:36:00,Encerrado-VETO PARCIAL ACEITO
PL 445/2018,PL,2018,2018-08-21T00:00:00,2019-03-11T13:44:00,Encerrado-RETIRADO PELO AUTOR
PL 445/2019,PL,2019,2019-07-11T00:00:00,2021-01-06T11:14:26,Encerrado-TERMINO DE LEGISLATURA (ART. 275 REG. INT.)
PL 445/2020,PL,2020,2020-07-14T00:00:00,2021-02-16T10:23:00,Encerrado-RETIRADO PELO AUTOR
PL 445/2021,PL,2021,2021-07-05T00:00:00,2021-11-22T16:55:00,Encerrado-PROMULGADO
PL 445/2022,PL,2022,2022-07-05T00:00:00,2024-02-02T14:37:00,Encerrado-PROMULGADO
PL 445/2024,PL,2024,2024-06-18T00:00:00,2024-07-18T12:34:00,Encerrado-PROMULGADO
PL 446/2013,PL,2013,2013-06-20T00:00:00,2021-01-14T11:54:00,Encerrado-TERMINO DE LEGISLATURA (ART. 275 REG. INT.)
PL 446/2014,PL,2014,2014-09-12T00:00:00,2017-01-03T18:26:00,Encerrado-TERMINO DE LEGISLATURA (ART. 275 REG. INT.)
PL 446/2015,PL,2015,2015-08-26T00:00:00,2021-01-13T14:42:00,Encerrado-TERMINO DE LEGISLATURA (ART. 275 REG. INT.)
PL 446/2016,PL,2016,2016-08-16T00:00:00,2018-12-26T18:36:00,Encerrado-ILEGALIDADE (ART. 79 REG. INT.)
PL 446/2018,PL,2018,2018-08-21T00:00:00,2018-10-09T13:22:00,Encerrado-PROMULGADO
PL 446/2019,PL,2019,2019-07-11T00:00:00,2025-01-22T10:22:00,Encerrado-TERMINO DE LEGISLATURA (ART. 275 REG. INT.)
PL 446/2020,PL,2020,2020-07-15T00:00:00,2021-10-08T17:25:00,Encerrado-PROMULGADO
PL 446/2021,PL,2021,2021-07-05T00:00:00,2025-12-11T15:59:00,Encerrado-PROMULGADO
PL 446/2022,PL,2022,2022-07-05T00:00:00,2025-01-16T22:27:29,Encerrado-TERMINO DE LEGISLATURA (ART. 275 REG. INT.)
PL 446/2024,PL,2024,2024-06-19T00:00:00,2026-06-25T11:47:00,Encerrado-PROMULGADO
PL 447/2014,PL,2014,2014-09-16T00:00:00,2015-12-16T09:41:22,Encerrado-ARQUIVADO
PL 447/2015,PL,2015,2015-08-26T00:00:00,2017-10-18T16:49:00,Encerrado-PROMULGADO
PL 447/2016,PL,2016,2016-08-17T00:00:00,2017-09-11T00:00:00,Encerrado-PROMULGADO
PL 447/2019,PL,2019,2019-07-11T00:00:00,2025-01-14T14:17:00,Encerrado-TERMINO DE LEGISLATURA (ART. 275 REG. INT.)
PL 447/2020,PL,2020,2020-07-15T00:00:00,2021-09-13T17:51:00,Encerrado-PROMULGADO
PL 447/2021,PL,2021,2021-07-05T00:00:00,2021-11-22T16:55:00,Encerrado-PROMULGADO
PL 447/2022,PL,2022,2022-07-05T00:00:00,2025-01-16T22:27:28,Encerrado-TERMINO DE LEGISLATURA (ART. 275 REG. INT.)
PL 447/2023,PL,2023,2023-08-10T00:00:00,2023-10-02T14:23:00,Encerrado-PROMULGADO
PL 447/2024,PL,2024,2024-06-19T00:00:00,2025-11-28T15:31:00,Encerrado-ILEGALIDADE (ART. 79 REG. INT.)
PL 448/2013,PL,2013,2013-06-24T00:00:00,2025-03-26T23:33:00,Encerrado-VETO TOTAL ACEITO
PL 448/2014,PL,2014,2014-09-16T00:00:00,2017-01-02T12:00:00,Encerrado-TERMINO DE LEGISLATURA (ART. 275 REG. INT.)
PL 448/2015,PL,2015,2015-08-26T00:00:00,2021-01-13T14:42:00,Encerrado-TERMINO DE LEGISLATURA (ART. 275 REG. INT.)
PL 448/2016,PL,2016,2016-08-17T00:00:00,2017-01-11T14:40:00,Encerrado-TERMINO DE LEGISLATURA (ART. 275 REG. INT.)
PL 448/2017,PL,2017,2017-06-29T00:00:00,2018-07-30T08:14:00,Encerrado-PROMULGADO
PL 448/2018,PL,2018,2018-08-21T00:00:00,2019-04-01T15:21:00,Encerrado-RETIRADO PELO AUTOR
PL 448/2019,PL,2019,2019-07-11T00:00:00,2025-01-22T19:23:02,Encerrado-TERMINO DE LEGISLATURA (ART. 275 REG. INT.)
PL 448/2020,PL,2020,2020-07-16T00:00:00,2025-01-13T18:41:00,Encerrado-TERMINO DE LEGISLATURA (ART. 275 REG. INT.)
PL 448/2023,PL,2023,2023-08-10T00:00:00,2024-05-28T15:03:00,Devolução de Regularização
PL 448/2024,PL,2024,2024-06-19T00:00:00,2025-01-21T16:55:17,Encerrado-TERMINO DE LEGISLATURA (ART. 275 REG. INT.)
PL 449/2014,PL,2014,2014-09-16T00:00:00,2016-12-21T17:45:00,Encerrado-TERMINO DE LEGISLATURA (ART. 275 REG. INT.)
PL 449/2016,PL,2016,2016-08-17T00:00:00,2018-06-07T19:18:00,Encerrado-RETIRADO PELO AUTOR
PL 449/2017,PL,2017,2017-06-29T00:00:00,2018-12-26T09:04:00,Encerrado-PROMULGADO
PL 449/2018,PL,2018,2018-08-21T00:00:00,2018-09-11T17:43:00,Encerrado-RETIRADO PELO AUTOR
PL 449/2019,PL,2019,2019-07-15T00:00:00,2020-09-01T18:21:00,Encerrado-REJEITADO
PL 449/2020,PL,2020,2020-07-16T00:00:00,2020-09-22T00:00:00,APENSADO
PL 449/2022,PL,2022,2022-07-11T00:00:00,2023-04-13T13:22:56,APENSADO
PL 449/2025,PL,2025,2025-04-16T00:00:00,2025-11-04T10:55:00,Encerrado-PROMULGADO
PL 45/2013,PL,2013,2013-02-26T00:00:00,2017-02-01T18:56:00,Encerrado-TERMINO DE LEGISLATURA (ART. 275 REG. INT.)
PL 45/2015,PL,2015,2015-02-24T00:00:00,2019-10-09T18:08:00,Encerrado-VETO TOTAL ACEITO
PL 45/2016,PL,2016,2016-02-18T00:00:00,2016-08-24T00:00:00,Encerrado-PROMULGADO
PL 45/2017,PL,2017,2017-02-06T00:00:00,2017-02-09T15:29:00,Encerrado-RETIRADO PELO AUTOR
PL 45/2018,PL,2018,2018-02-20T00:00:00,2019-01-16T13:10:00,Encerrado-PROMULGADO
PL 45/2020,PL,2020,2020-02-12T00:00:00,2021-01-29T22:08:20,Encerrado-TERMINO DE LEGISLATURA (ART. 275 REG. INT.)
PL 45/2021,PL,2021,2021-02-01T00:00:00,2024-07-23T10:56:00,Encerrado-PROMULGADO
PL 45/2022,PL,2022,2022-02-09T00:00:00,2025-01-16T22:04:41,Encerrado-TERMINO DE LEGISLATURA (ART. 275 REG. INT.)
PL 450/2015,PL,2015,2015-08-27T00:00:00,2025-05-29T10:04:00,Encerrado-VETO PARCIAL ACEITO
PL 450/2016,PL,2016,2016-08-17T00:00:00,2017-04-19T16:46:00,Encerrado-PROMULGADO
PL 450/2019,PL,2019,2019-07-19T00:00:00,2021-01-30T06:48:38,Encerrado-TERMINO DE LEGISLATURA (ART. 275 REG. INT.)
PL 450/2020,PL,2020,2020-07-16T00:00:00,2020-09-22T00:00:00,APENSADO
PL 450/2025,PL,2025,2025-04-16T00:00:00,2026-09-08T15:23:00,Encerrado-PROMULGADO
PL 451/2014,PL,2014,2014-09-17T00:00:00,2017-01-02T12:52:00,Encerrado-TERMINO DE LEGISLATURA (ART. 275 REG. INT.)
PL 451/2016,PL,2016,2016-08-17T00:00:00,2017-04-19T16:46:00,Encerrado-PROMULGADO
PL 451/2018,PL,2018,2018-08-21T00:00:00,2019-05-10T16:30:00,Encerrado-ILEGALIDADE (ART. 79 REG. INT.)
PL 451/2020,PL,2020,2020-07-16T00:00:00,2020-11-16T16:15:00,Encerrado-PROMULGADO
PL 451/2021,PL,2021,2021-07-07T00:00:00,2025-11-18T18:10:00,Encerrado-PROMULGADO
PL 451/2023,PL,2023,2023-08-14T00:00:00,2025-10-29T12:06:00,Encerrado-PROMULGADO
PL 451/2024,PL,2024,2024-06-20T00:00:00,2025-01-22T23:28:51,Encerrado-TERMINO DE LEGISLATURA (ART. 275 REG. INT.)
PL 452/2013,PL,2013,2013-06-25T00:00:00,2013-08-20T00:00:00,Encerrado-RETIRADO PELO AUTOR
PL 452/2014,PL,2014,2014-09-17T00:00:00,2015-10-26T12:55:48,Encerrado-PROMULGADO
PL 452/2017,PL,2017,2017-06-29T00:00:00,2021-08-13T16:21:00,Encerrado-PROMULGADO
PL 452/2018,PL,2018,2018-08-22T00:00:00,2020-09-09T14:44:00,Encerrado-PROMULGADO
PL 452/2020,PL,2020,2020-07-16T00:00:00,2020-09-01T12:09:00,Encerrado-PROMULGADO
PL 452/2021,PL,2021,2021-07-07T00:00:00,2022-08-29T14:20:43,APENSADO
PL 452/2023,PL,2023,2023-08-15T00:00:00,2024-05-10T15:02:00,Encerrado-PROMULGADO
PL 453/2014,PL,2014,2014-09-17T00:00:00,2021-01-04T11:20:28,Encerrado-TERMINO DE LEGISLATURA (ART. 275 REG. INT.)
PL 453/2015,PL,2015,2015-08-28T00:00:00,2019-05-14T08:49:00,Encerrado-VETO PARCIAL ACEITO
PL 453/2016,PL,2016,2016-08-17T00:00:00,2017-05-11T00:00:00,Encerrado-PROMULGADO
PL 453/2019,PL,2019,2019-07-31T00:00:00,2025-01-14T14:17:00,Encerrado-TERMINO DE LEGISLATURA (ART. 275 REG. INT.)
PL 453/2023,PL,2023,2023-08-15T00:00:00,2024-02-28T13:35:04,APENSADO
PL 454/2013,PL,2013,2013-06-25T00:00:00,2015-06-22T20:49:44,Encerrado-RETIRADO PELO AUTOR
PL 454/2014,PL,2014,2014-09-22T00:00:00,2021-01-13T16:03:00,Encerrado-TERMINO DE LEGISLATURA (ART. 275 REG. INT.)
PL 454/2015,PL,2015,2015-08-28T00:00:00,2021-01-13T14:42:00,Encerrado-TERMINO DE LEGISLATURA (ART. 275 REG. INT.)
PL 454/2016,PL,2016,2016-08-17T00:00:00,2018-01-18T17:27:00,Encerrado-PROMULGADO
PL 454/2017,PL,2017,2017-07-03T00:00:00,2021-01-05T18:57:40,Encerrado-TERMINO DE LEGISLATURA (ART. 275 REG. INT.)
PL 454/2018,PL,2018,2018-08-23T00:00:00,2020-09-09T14:44:00,Encerrado-PROMULGADO
PL 454/2019,PL,2019,2019-07-31T00:00:00,2022-07-19T10:23:00,Encerrado-PROMULGADO
PL 454/2020,PL,2020,2020-07-17T00:00:00,2020-12-07T16:21:00,Encerrado-PROMULGADO
PL 454/2022,PL,2022,2022-07-12T00:00:00,2025-02-12T13:36:00,Encerrado-RETIRADO PELO AUTOR
PL 454/2023,PL,2023,2023-08-15T00:00:00,2023-08-21T14:24:00,Encerrado-RETIRADO PELO AUTOR
PL 454/2024,PL,2024,2024-06-20T00:00:00,2025-05-28T12:06:56,Encerrado-RETIRADO PELO AUTOR
PL 455/2014,PL,2014,2014-09-23T00:00:00,2021-01-05T13:29:42,Encerrado-TERMINO DE LEGISLATURA (ART. 275 REG. INT.)
PL 455/2015,PL,2015,2015-08-31T00:00:00,2019-05-22T08:37:00,Encerrado-VETO TOTAL ACEITO
PL 455/2016,PL,2016,2016-08-17T00:00:00,2017-12-07T00:00:00,Encerrado-ILEGALIDADE (ART. 79 REG. INT.)
PL 455/2017,PL,2017,2017-07-03T00:00:00,2021-08-13T16:21:00,Encerrado-PROMULGADO
PL 455/2018,PL,2018,2018-08-23T00:00:00,2021-02-19T12:35:00,Encerrado-RETIRADO PELO AUTOR
PL 455/2022,PL,2022,2022-07-13T00:00:00,2024-06-27T18:17:29,Encerrado-RETIRADO PELO AUTOR
PL 455/2023,PL,2023,2023-08-15T00:00:00,2025-01-14T10:34:12,Encerrado-TERMINO DE LEGISLATURA (ART. 275 REG. INT.)
PL 455/2024,PL,2024,2024-06-20T00:00:00,2025-01-23T00:33:35,Encerrado-TERMINO DE LEGISLATURA (ART. 275 REG. INT.)
PL 456/2014,PL,2014,2014-09-23T00:00:00,2015-11-05T00:00:00,Encerrado-PROMULGADO
PL 456/2015,PL,2015,2015-08-31T00:00:00,2015-11-11T00:00:00,Encerrado-PROMULGADO
PL 456/2016,PL,2016,2016-08-17T00:00:00,2025-01-09T12:19:13,Encerrado-TERMINO DE LEGISLATURA (ART. 275 REG. INT.)
PL 456/2017,PL,2017,2017-07-03T00:00:00,2019-10-24T14:02:00,Encerrado-RETIRADO PELO AUTOR
PL 456/2019,PL,2019,2019-08-01T00:00:00,2025-01-14T14:17:00,Encerrado-TERMINO DE LEGISLATURA (ART. 275 REG. INT.)
PL 456/2020,PL,2020,2020-07-20T00:00:00,2025-01-22T17:45:00,Encerrado-TERMINO DE LEGISLATURA (ART. 275 REG. INT.)
PL 456/2022,PL,2022,2022-07-14T00:00:00,2024-02-27T13:35:00,Encerrado-PROMULGADO
PL 456/2024,PL,2024,2024-06-20T00:00:00,2024-09-11T18:00:00,Encerrado-PROMULGADO
PL 456/2025,PL,2025,2025-04-22T00:00:00,2025-10-06T13:49:00,Encerrado-PROMULGADO
PL 457/2014,PL,2014,2014-09-23T00:00:00,2016-02-19T00:00:00,Encerrado-PROMULGADO
PL 457/2015,PL,2015,2015-08-31T00:00:00,2017-01-04T13:06:00,Encerrado-TERMINO DE LEGISLATURA (ART. 275 REG. INT.)
PL 457/2016,PL,2016,2016-08-18T00:00:00,2017-01-02T11:56:00,Encerrado-TERMINO DE LEGISLATURA (ART. 275 REG. INT.)
PL 457/2017,PL,2017,2017-07-03T00:00:00,2018-12-14T09:38:00,Encerrado-PROMULGADO
PL 457/2018,PL,2018,2018-08-23T00:00:00,2025-01-21T13:51:14,Encerrado-TERMINO DE LEGISLATURA (ART. 275 REG. INT.)
PL 457/2019,PL,2019,2019-08-01T00:00:00,2025-01-14T14:17:00,Encerrado-TERMINO DE LEGISLATURA (ART. 275 REG. INT.)
PL 457/2020,PL,2020,2020-07-21T00:00:00,2025-03-13T14:22:00,Encerrado-VETO TOTAL ACEITO
PL 457/2023,PL,2023,2023-08-16T00:00:00,2024-07-30T16:10:35,APENSADO
PL 457/2024,PL,2024,2024-06-21T00:00:00,2025-07-28T18:44:00,Encerrado-PROMULGADO
PL 458/2013,PL,2013,2013-06-26T00:00:00,2019-09-24T09:28:00,Encerrado-VETO PARCIAL ACEITO
PL 458/2014,PL,2014,2014-09-24T00:00:00,2015-06-02T12:35:17,Encerrado-PROMULGADO
PL 458/2015,PL,2015,2015-08-31T00:00:00,2025-07-01T17:59:00,Encerrado-VETO TOTAL ACEITO
PL 458/2017,PL,2017,2017-07-03T00:00:00,2018-06-11T09:30:00,Encerrado-PROMULGADO
PL 458/2019,PL,2019,2019-08-01T00:00:00,2025-01-13T19:26:48,Encerrado-TERMINO DE LEGISLATURA (ART. 275 REG. INT.)
PL 458/2020,PL,2020,2020-07-21T00:00:00,2022-01-18T15:09:00,Encerrado-PROMULGADO
PL 458/2021,PL,2021,2021-07-13T00:00:00,2025-11-28T15:31:00,Encerrado-ILEGALIDADE (ART. 79 REG. INT.)
PL 459/2013,PL,2013,2013-06-26T00:00:00,2025-03-26T17:07:00,Encerrado-VETO PARCIAL ACEITO
PL 459/2014,PL,2014,2014-09-24T00:00:00,2015-12-02T00:00:00,Encerrado-PROMULGADO
PL 459/2015,PL,2015,2015-09-01T00:00:00,2016-07-12T00:00:00,Encerrado-PROMULGADO
PL 459/2016,PL,2016,2016-08-19T00:00:00,2017-10-18T16:50:00,Encerrado-PROMULGADO
PL 459/2017,PL,2017,2017-07-03T00:00:00,2019-07-25T08:20:00,Encerrado-PROMULGADO
PL 459/2018,PL,2018,2018-08-28T00:00:00,2020-01-23T10:30:00,Encerrado-PROMULGADO
PL 459/2019,PL,2019,2019-08-01T00:00:00,2026-05-26T11:29:00,Encerrado-PROMULGADO
PL 459/2021,PL,2021,2021-07-13T00:00:00,2021-08-10T18:58:00,Encerrado-RETIRADO PELO AUTOR
PL 459/2023,PL,2023,2023-08-16T00:00:00,2025-01-20T23:04:14,Encerrado-TERMINO DE LEGISLATURA (ART. 275 REG. INT.)
PL 459/2024,PL,2024,2024-06-21T00:00:00,2024-12-04T15:44:55,Encerrado-RETIRADO PELO AUTOR
PL 459/2025,PL,2025,2025-04-23T00:00:00,2025-11-19T12:04:00,Encerrado-PROMULGADO
PL 46/2013,PL,2013,2013-02-26T00:00:00,2025-03-26T17:07:00,Encerrado-VETO PARCIAL ACEITO
PL 46/2014,PL,2014,2014-02-17T00:00:00,2015-04-28T00:00:00,Encerrado-PROMULGADO
PL 46/2015,PL,2015,2015-02-24T00:00:00,2025-05-22T19:35:00,Encerrado-VETO TOTAL ACEITO
PL 46/2017,PL,2017,2017-02-06T00:00:00,2017-11-01T14:37:00,Encerrado-RETIRADO PELO AUTOR
PL 46/2019,PL,2019,2019-02-11T00:00:00,2025-01-13T19:08:00,Encerrado-TERMINO DE LEGISLATURA (ART. 275 REG. INT.)
PL 46/2021,PL,2021,2021-02-02T00:00:00,2021-09-13T17:51:00,Encerrado-PROMULGADO
PL 46/2024,PL,2024,2024-01-24T00:00:00,2025-11-28T15:31:00,Encerrado-ILEGALIDADE (ART. 79 REG. INT.)
PL 46/2025,PL,2025,2025-01-29T00:00:00,2025-12-01T10:32:00,Encerrado-PROMULGADO
PL 46/2026,PL,2026,2026-02-02T00:00:00,2026-09-22T11:14:26,APENSADO
PL 460/2013,PL,2013,2013-06-27T00:00:00,2025-03-12T14:23:00,Encerrado-VETO TOTAL ACEITO
PL 460/2015,PL,2015,2015-09-01T00:00:00,2025-07-01T17:59:00,Encerrado-VETO TOTAL ACEITO
PL 460/2016,PL,2016,2016-08-19T00:00:00,2018-01-24T09:11:00,Encerrado-PROMULGADO
PL 460/2017,PL,2017,2017-07-03T00:00:00,2019-10-02T16:42:00,Encerrado-RETIRADO PELO AUTOR
PL 460/2018,PL,2018,2018-08-28T00:00:00,2020-09-09T14:44:00,Encerrado-PROMULGADO
PL 460/2019,PL,2019,2019-08-01T00:00:00,2020-12-03T17:02:00,Encerrado-PROMULGADO
PL 460/2020,PL,2020,2020-07-21T00:00:00,2021-10-08T17:25:00,Encerrado-PROMULGADO
PL 460/2021,PL,2021,2021-07-14T00:00:00,2022-05-03T14:21:00,Encerrado-PROMULGADO
PL 460/2022,PL,2022,2022-07-14T00:00:00,2023-04-13T13:24:00,APENSADO
PL 460/2023,PL,2023,2023-08-17T00:00:00,2024-05-08T13:30:00,Encerrado-PROMULGADO
PL 460/2024,PL,2024,2024-06-24T00:00:00,2025-01-13T12:26:40,Encerrado-TERMINO DE LEGISLATURA (ART. 275 REG. INT.)
PL 461/2014,PL,2014,2014-09-25T00:00:00,2015-06-26T17:58:45,Encerrado-RETIRADO PELO AUTOR
PL 461/2017,PL,2017,2017-07-03T00:00:00,2019-01-16T15:36:00,Encerrado-PROMULGADO
PL 461/2018,PL,2018,2018-08-28T00:00:00,2019-10-03T09:42:00,Encerrado-PROMULGADO
PL 461/2019,PL,2019,2019-08-01T00:00:00,2025-03-19T16:53:00,Encerrado-VETO TOTAL ACEITO
PL 461/2020,PL,2020,2020-07-21T00:00:00,2024-04-04T11:55:00,Encerrado-ILEGALIDADE (ART. 79 REG. INT.)
PL 461/2022,PL,2022,2022-07-14T00:00:00,2025-01-16T22:37:17,Encerrado-TERMINO DE LEGISLATURA (ART. 275 REG. INT.)
PL 461/2023,PL,2023,2023-08-17T00:00:00,2025-01-20T23:17:47,Encerrado-TERMINO DE LEGISLATURA (ART. 275 REG. INT.)
PL 462/2014,PL,2014,2014-09-30T00:00:00,2015-11-10T00:00:00,Encerrado-PROMULGADO
PL 462/2015,PL,2015,2015-09-02T00:00:00,2017-01-11T14:40:00,Encerrado-TERMINO DE LEGISLATURA (ART. 275 REG. INT.)
PL 462/2016,PL,2016,2016-08-23T00:00:00,2017-07-11T00:00:00,Encerrado-PROMULGADO
PL 462/2017,PL,2017,2017-07-03T00:00:00,2018-06-11T09:30:00,Encerrado-PROMULGADO
PL 462/2018,PL,2018,2018-08-28T00:00:00,2020-09-09T15:06:00,Encerrado-PROMULGADO
PL 462/2020,PL,2020,2020-07-21T00:00:00,2021-10-14T14:43:00,Encerrado-PROMULGADO
PL 462/2022,PL,2022,2022-07-15T00:00:00,2023-11-21T15:40:00,Encerrado-PROMULGADO
PL 462/2023,PL,2023,2023-08-17T00:00:00,2023-09-19T16:10:52,Encerrado-RETIRADO PELO AUTOR
PL 462/2024,PL,2024,2024-06-24T00:00:00,2025-06-18T13:50:16,Encerrado-RETIRADO PELO AUTOR
PL 463/2014,PL,2014,2014-09-30T00:00:00,2021-01-13T16:03:00,Encerrado-TERMINO DE LEGISLATURA (ART. 275 REG. INT.)
PL 463/2015,PL,2015,2015-09-02T00:00:00,2019-09-25T09:47:00,Encerrado-VETO TOTAL ACEITO
PL 463/2016,PL,2016,2016-08-24T00:00:00,2025-01-13T16:08:00,Encerrado-TERMINO DE LEGISLATURA (ART. 275 REG. INT.)
PL 463/2017,PL,2017,2017-07-04T00:00:00,2018-10-09T13:22:00,Encerrado-PROMULGADO
PL 463/2018,PL,2018,2018-08-28T00:00:00,2019-02-15T11:17:00,Encerrado-RETIRADO PELO AUTOR
PL 463/2020,PL,2020,2020-07-21T00:00:00,2023-07-25T18:38:00,Encerrado-ILEGALIDADE (ART. 79 REG. INT.)
PL 464/2014,PL,2014,2014-09-30T00:00:00,2021-01-13T16:03:00,Encerrado-TERMINO DE LEGISLATURA (ART. 275 REG. INT.)
PL 464/2015,PL,2015,2015-09-02T00:00:00,2017-01-02T14:40:00,Encerrado-TERMINO DE LEGISLATURA (ART. 275 REG. INT.)
PL 464/2016,PL,2016,2016-08-24T00:00:00,2018-06-20T18:41:00,Encerrado-RETIRADO PELO AUTOR
PL 464/2017,PL,2017,2017-07-04T00:00:00,2025-01-22T12:26:36,Encerrado-TERMINO DE LEGISLATURA (ART. 275 REG. INT.)
PL 464/2018,PL,2018,2018-08-28T00:00:00,2021-03-15T15:39:00,Encerrado-RETIRADO PELO AUTOR
PL 464/2019,PL,2019,2019-08-01T00:00:00,2021-01-13T15:52:41,Encerrado-TERMINO DE LEGISLATURA (ART. 275 REG. INT.)
PL 464/2020,PL,2020,2020-07-21T00:00:00,2021-10-15T17:11:00,Encerrado-PROMULGADO
PL 464/2021,PL,2021,2021-07-16T00:00:00,2022-05-03T14:21:00,Encerrado-PROMULGADO
PL 464/2022,PL,2022,2022-07-15T00:00:00,2023-08-07T19:21:17,Encerrado-RETIRADO PELO AUTOR
PL 464/2023,PL,2023,2023-08-17T00:00:00,2023-12-05T13:52:00,Encerrado-PROMULGADO
PL 464/2024,PL,2024,2024-06-25T00:00:00,2025-01-15T10:46:06,Encerrado-TERMINO DE LEGISLATURA (ART. 275 REG. INT.)
PL 464/2025,PL,2025,2025-04-23T00:00:00,2026-07-17T17:32:26,APENSADO
PL 465/2014,PL,2014,2014-09-30T00:00:00,2021-01-05T13:29:36,Encerrado-TERMINO DE LEGISLATURA (ART. 275 REG. INT.)
PL 465/2015,PL,2015,2015-09-03T00:00:00,2020-09-09T15:06:00,Encerrado-PROMULGADO
PL 465/2016,PL,2016,2016-08-24T00:00:00,2017-06-20T18:01:00,Encerrado-PROMULGADO
PL 465/2018,PL,2018,2018-08-28T00:00:00,2018-12-05T10:05:00,Encerrado-RETIRADO PELO AUTOR
PL 465/2019,PL,2019,2019-08-01T00:00:00,2021-08-31T18:34:00,Encerrado-PROMULGADO
PL 465/2020,PL,2020,2020-07-22T00:00:00,2020-09-24T10:36:00,Encerrado-RETIRADO PELO AUTOR
PL 465/2021,PL,2021,2021-07-19T00:00:00,2025-11-18T18:10:00,Encerrado-PROMULGADO
PL 465/2023,PL,2023,2023-08-17T00:00:00,2025-01-20T22:55:57,Encerrado-TERMINO DE LEGISLATURA (ART. 275 REG. INT.)
PL 465/2026,PL,2026,2026-06-09T00:00:00,2026-07-16T18:44:00,Encerrado-PROMULGADO
PL 466/2014,PL,2014,2014-09-30T00:00:00,2015-09-24T12:41:01,Encerrado-PROMULGADO
PL 466/2015,PL,2015,2015-09-03T00:00:00,2025-07-01T18:08:00,Encerrado-VETO PARCIAL ACEITO
PL 466/2016,PL,2016,2016-08-24T00:00:00,2017-01-04T16:07:00,Encerrado-TERMINO DE LEGISLATURA (ART. 275 REG. INT.)
PL 466/2017,PL,2017,2017-07-05T00:00:00,2018-03-14T18:04:00,Encerrado-ILEGALIDADE (ART. 79 REG. INT.)
PL 466/2018,PL,2018,2018-08-28T00:00:00,2019-10-04T17:40:00,Encerrado-RETIRADO PELO AUTOR
PL 466/2021,PL,2021,2021-07-19T00:00:00,2025-01-22T15:03:19,Encerrado-TERMINO DE LEGISLATURA (ART. 275 REG. INT.)
PL 466/2022,PL,2022,2022-07-18T00:00:00,2023-04-13T13:24:43,APENSADO
PL 466/2023,PL,2023,2023-08-18T00:00:00,2025-01-21T00:00:42,Encerrado-TERMINO DE LEGISLATURA (ART. 275 REG. INT.)
PL 466/2024,PL,2024,2024-06-26T00:00:00,2025-07-04T14:43:39,Encerrado-RETIRADO PELO AUTOR
PL 466/2025,PL,2025,2025-04-23T00:00:00,2026-07-17T17:35:04,APENSADO
PL 466/2026,PL,2026,2026-06-09T00:00:00,2026-07-16T18:44:00,Encerrado-PROMULGADO
PL 467/2013,PL,2013,2013-06-27T00:00:00,2019-09-04T18:57:00,Encerrado-RETIRADO PELO AUTOR
PL 467/2014,PL,2014,2014-09-30T00:00:00,2019-04-26T12:26:00,Encerrado-VETO PARCIAL ACEITO
PL 467/2015,PL,2015,2015-09-03T00:00:00,2019-10-09T18:05:00,Encerrado-VETO PARCIAL ACEITO
PL 467/2016,PL,2016,2016-08-24T00:00:00,2017-01-02T11:56:00,Encerrado-TERMINO DE LEGISLATURA (ART. 275 REG. INT.)
PL 467/2017,PL,2017,2017-07-05T00:00:00,2017-12-13T18:07:00,Encerrado-RETIRADO PELO AUTOR
PL 467/2020,PL,2020,2020-07-22T00:00:00,2023-08-21T16:01:15,Encerrado-RETIRADO PELO AUTOR
PL 467/2021,PL,2021,2021-07-19T00:00:00,2025-01-14T21:31:57,Encerrado-TERMINO DE LEGISLATURA (ART. 275 REG. INT.)
PL 467/2024,PL,2024,2024-06-26T00:00:00,2025-01-22T23:28:50,Encerrado-TERMINO DE LEGISLATURA (ART. 275 REG. INT.)
PL 468/2013,PL,2013,2013-06-27T00:00:00,2025-05-22T19:47:00,Encerrado-VETO TOTAL ACEITO
PL 468/2016,PL,2016,2016-08-24T00:00:00,2018-05-21T14:13:00,Encerrado-PROMULGADO
PL 468/2019,PL,2019,2019-08-01T00:00:00,2025-01-22T19:23:04,Encerrado-TERMINO DE LEGISLATURA (ART. 275 REG. INT.)
PL 468/2020,PL,2020,2020-07-22T00:00:00,2022-01-18T16:18:00,Encerrado-PROMULGADO
PL 468/2024,PL,2024,2024-06-26T00:00:00,2026-05-19T11:27:00,Encerrado-PROMULGADO
PL 469/2013,PL,2013,2013-06-28T00:00:00,2021-01-14T11:54:00,Encerrado-TERMINO DE LEGISLATURA (ART. 275 REG. INT.)
PL 469/2014,PL,2014,2014-10-02T00:00:00,2025-05-21T16:12:00,Encerrado-VETO PARCIAL ACEITO
PL 469/2015,PL,2015,2015-09-08T00:00:00,2016-11-29T00:00:00,Encerrado-PROMULGADO
PL 469/2016,PL,2016,2016-08-24T00:00:00,2017-01-02T11:56:00,Encerrado-TERMINO DE LEGISLATURA (ART. 275 REG. INT.)
PL 469/2017,PL,2017,2017-07-06T00:00:00,2018-08-16T00:00:00,Encerrado-ILEGALIDADE (ART. 79 REG. INT.)
PL 469/2024,PL,2024,2024-06-26T00:00:00,2025-07-29T14:15:00,Encerrado-ILEGALIDADE (ART. 79 REG. INT.)
PL 47/2013,PL,2013,2013-02-26T00:00:00,2025-03-26T23:33:00,Encerrado-VETO TOTAL ACEITO
PL 47/2014,PL,2014,2014-02-18T00:00:00,2021-01-13T16:03:00,Encerrado-TERMINO DE LEGISLATURA (ART. 275 REG. INT.)
PL 47/2015,PL,2015,2015-02-24T00:00:00,2025-03-12T14:23:00,Encerrado-VETO TOTAL ACEITO
PL 47/2016,PL,2016,2016-02-19T00:00:00,2016-03-09T00:00:00,Encerrado-RETIRADO PELO AUTOR
PL 47/2017,PL,2017,2017-02-07T00:00:00,2018-05-08T10:27:00,Encerrado-PROMULGADO
PL 47/2018,PL,2018,2018-02-20T00:00:00,2019-10-21T08:50:00,Encerrado-PROMULGADO
PL 47/2019,PL,2019,2019-02-11T00:00:00,2019-09-26T18:04:00,Encerrado-ILEGALIDADE (ART. 79 REG. INT.)
PL 47/2020,PL,2020,2020-02-12T00:00:00,2020-12-03T16:53:00,Encerrado-PROMULGADO
PL 47/2022,PL,2022,2022-02-11T00:00:00,2025-01-16T22:40:43,Encerrado-TERMINO DE LEGISLATURA (ART. 275 REG. INT.)
PL 47/2023,PL,2023,2023-02-14T00:00:00,2023-05-05T14:48:00,Encerrado-PROMULGADO
PL 470/2013,PL,2013,2013-06-28T00:00:00,2021-01-14T11:54:00,Encerrado-TERMINO DE LEGISLATURA (ART. 275 REG. INT.)
PL 470/2014,PL,2014,2014-10-07T00:00:00,2015-06-02T12:34:37,Encerrado-PROMULGADO
PL 470/2015,PL,2015,2015-09-08T00:00:00,2017-01-11T14:40:00,Encerrado-TERMINO DE LEGISLATURA (ART. 275 REG. INT.)
PL 470/2016,PL,2016,2016-08-25T00:00:00,2017-05-03T10:50:00,Encerrado-ILEGALIDADE (ART. 79 REG. INT.)
PL 470/2017,PL,2017,2017-07-06T00:00:00,2018-02-15T00:00:00,Encerrado-ILEGALIDADE (ART. 79 REG. INT.)
PL 470/2019,PL,2019,2019-08-02T00:00:00,2021-08-19T17:50:00,Encerrado-PROMULGADO
PL 470/2021,PL,2021,2021-07-22T00:00:00,2022-04-01T18:27:00,Encerrado-PROMULGADO
PL 470/2022,PL,2022,2022-07-19T00:00:00,2025-01-16T22:08:24,Encerrado-TERMINO DE LEGISLATURA (ART. 275 REG. INT.)
PL 470/2024,PL,2024,2024-06-26T00:00:00,2026-09-23T11:17:00,Encerrado-PROMULGADO
PL 471/2016,PL,2016,2016-08-29T00:00:00,2019-07-12T00:00:00,Devolução de Regularização
PL 471/2018,PL,2018,2018-08-29T00:00:00,2018-12-05T10:06:00,Encerrado-RETIRADO PELO AUTOR
PL 471/2019,PL,2019,2019-08-06T00:00:00,2025-01-22T19:28:46,Encerrado-TERMINO DE LEGISLATURA (ART. 275 REG. INT.)
PL 471/2020,PL,2020,2020-07-23T00:00:00,2023-07-25T18:21:00,Encerrado-ILEGALIDADE (ART. 79 REG. INT.)
PL 471/2022,PL,2022,2022-07-20T00:00:00,2025-01-16T22:27:27,Encerrado-TERMINO DE LEGISLATURA (ART. 275 REG. INT.)
PL 472/2014,PL,2014,2014-10-08T00:00:00,2025-01-13T15:10:00,Encerrado-TERMINO DE LEGISLATURA (ART. 275 REG. INT.)
PL 472/2015,PL,2015,2015-09-09T00:00:00,2016-03-30T00:00:00,Encerrado-PROMULGADO
PL 472/2016,PL,2016,2016-08-30T00:00:00,2021-08-11T14:16:00,Encerrado-RETIRADO PELO AUTOR
PL 472/2017,PL,2017,2017-07-10T00:00:00,2019-05-23T00:00:00,APENSADO
PL 472/2018,PL,2018,2018-08-29T00:00:00,2019-06-27T17:04:00,Encerrado-RETIRADO PELO AUTOR
PL 472/2019,PL,2019,2019-08-06T00:00:00,2021-08-19T17:50:00,Encerrado-PROMULGADO
PL 472/2020,PL,2020,2020-07-23T00:00:00,2025-03-19T16:53:00,Encerrado-VETO TOTAL ACEITO
PL 472/2022,PL,2022,2022-07-20T00:00:00,2025-01-16T22:27:26,Encerrado-TERMINO DE LEGISLATURA (ART. 275 REG. INT.)
PL 472/2023,PL,2023,2023-08-21T00:00:00,2025-01-14T10:34:12,Encerrado-TERMINO DE LEGISLATURA (ART. 275 REG. INT.)
PL 473/2014,PL,2014,2014-10-08T00:00:00,2015-06-29T00:00:00,Encerrado-PROMULGADO
PL 473/2015,PL,2015,2015-09-09T00:00:00,2017-01-11T14:40:00,Encerrado-TERMINO DE LEGISLATURA (ART. 275 REG. INT.)
PL 473/2016,PL,2016,2016-08-30T00:00:00,2018-02-15T11:28:00,Encerrado-PROMULGADO
PL 473/2017,PL,2017,2017-07-10T00:00:00,2018-06-12T08:30:00,Encerrado-PROMULGADO
PL 473/2019,PL,2019,2019-08-06T00:00:00,2020-08-11T17:15:00,Encerrado-PROMULGADO
PL 473/2020,PL,2020,2020-07-23T00:00:00,2026-05-19T17:29:00,Encerrado-PROMULGADO
PL 473/2021,PL,2021,2021-07-28T00:00:00,2022-03-25T19:03:00,Encerrado-PROMULGADO
PL 473/2022,PL,2022,2022-07-20T00:00:00,2025-01-16T22:27:25,Encerrado-TERMINO DE LEGISLATURA (ART. 275 REG. INT.)
PL 474/2014,PL,2014,2014-10-08T00:00:00,2025-01-13T15:38:00,Encerrado-TERMINO DE LEGISLATURA (ART. 275 REG. INT.)
PL 474/2015,PL,2015,2015-09-09T00:00:00,2017-11-14T09:12:00,Encerrado-PROMULGADO
PL 474/2016,PL,2016,2016-08-31T00:00:00,2025-03-12T14:05:00,Encerrado-VETO TOTAL ACEITO
PL 474/2017,PL,2017,2017-07-12T00:00:00,2025-01-13T16:59:00,Encerrado-TERMINO DE LEGISLATURA (ART. 275 REG. INT.)
PL 474/2018,PL,2018,2018-08-29T00:00:00,2019-07-01T18:47:00,Encerrado-ILEGALIDADE (ART. 79 REG. INT.)
PL 474/2020,PL,2020,2020-07-23T00:00:00,2020-09-24T10:32:00,Encerrado-RETIRADO PELO AUTOR
PL 474/2021,PL,2021,2021-07-28T00:00:00,2022-07-06T17:57:00,Encerrado-PROMULGADO
PL 474/2023,PL,2023,2023-08-22T00:00:00,2024-01-08T18:28:00,Encerrado-PROMULGADO
PL 474/2024,PL,2024,2024-06-27T00:00:00,2026-04-24T15:20:00,Encerrado-PROMULGADO
PL 475/2013,PL,2013,2013-07-03T00:00:00,2021-01-14T11:54:00,Encerrado-TERMINO DE LEGISLATURA (ART. 275 REG. INT.)
PL 475/2015,PL,2015,2015-09-09T00:00:00,2016-08-10T18:15:17,Encerrado-PROMULGADO
PL 475/2016,PL,2016,2016-08-31T00:00:00,2017-11-08T13:01:00,Encerrado-ARQUIVADO
PL 475/2017,PL,2017,2017-07-12T00:00:00,2025-01-13T16:59:00,Encerrado-TERMINO DE LEGISLATURA (ART. 275 REG. INT.)
PL 475/2018,PL,2018,2018-08-29T00:00:00,2023-08-04T14:47:00,Encerrado-PROMULGADO
PL 475/2019,PL,2019,2019-08-06T00:00:00,2021-08-31T18:34:00,Encerrado-PROMULGADO
PL 475/2020,PL,2020,2020-07-24T00:00:00,2021-06-15T17:49:00,Encerrado-PROMULGADO
PL 475/2024,PL,2024,2024-06-27T00:00:00,2025-01-08T19:00:00,Encerrado-TERMINO DE LEGISLATURA (ART. 275 REG. INT.)
PL 475/2026,PL,2026,2026-06-10T00:00:00,2026-09-22T11:16:09,APENSADO
PL 476/2014,PL,2014,2014-10-08T00:00:00,2017-01-10T13:10:00,Encerrado-PROMULGADO
PL 476/2015,PL,2015,2015-09-09T00:00:00,2025-07-01T17:59:00,Encerrado-VETO TOTAL ACEITO
PL 476/2016,PL,2016,2016-08-31T00:00:00,2017-01-02T11:56:00,Encerrado-TERMINO DE LEGISLATURA (ART. 275 REG. INT.)
PL 476/2017,PL,2017,2017-07-12T00:00:00,2018-02-09T09:55:00,Encerrado-PROMULGADO
PL 476/2018,PL,2018,2018-08-29T00:00:00,2019-06-17T09:09:00,Encerrado-PROMULGADO
PL 476/2019,PL,2019,2019-08-06T00:00:00,2021-01-30T05:36:12,Encerrado-TERMINO DE LEGISLATURA (ART. 275 REG. INT.)
PL 477/2013,PL,2013,2013-07-04T00:00:00,2025-03-26T23:33:00,Encerrado-VETO TOTAL ACEITO
PL 477/2014,PL,2014,2014-10-08T00:00:00,2017-04-24T13:26:00,Encerrado-CONTRARIO NO MERITO (ART. 80 REG. INT.)
PL 477/2015,PL,2015,2015-09-10T00:00:00,2016-05-04T00:00:00,Encerrado-PROMULGADO
PL 477/2016,PL,2016,2016-09-01T00:00:00,2017-01-02T11:56:00,Encerrado-TERMINO DE LEGISLATURA (ART. 275 REG. INT.)
PL 477/2019,PL,2019,2019-08-06T00:00:00,2021-01-29T16:33:32,Encerrado-TERMINO DE LEGISLATURA (ART. 275 REG. INT.)
PL 477/2021,PL,2021,2021-08-02T00:00:00,2025-01-21T13:51:15,Encerrado-TERMINO DE LEGISLATURA (ART. 275 REG. INT.)
PL 477/2025,PL,2025,2025-04-28T00:00:00,2026-06-02T11:31:00,Encerrado-PROMULGADO
PL 478/2013,PL,2013,2013-07-04T00:00:00,2016-03-28T11:50:32,Encerrado-RETIRADO PELO AUTOR
PL 478/2014,PL,2014,2014-10-08T00:00:00,2021-01-13T16:03:00,Encerrado-TERMINO DE LEGISLATURA (ART. 275 REG. INT.)
PL 478/2015,PL,2015,2015-09-10T00:00:00,2016-04-13T00:00:00,Encerrado-PROMULGADO
PL 478/2017,PL,2017,2017-07-13T00:00:00,2018-05-17T00:00:00,Encerrado-ILEGALIDADE (ART. 79 REG. INT.)
PL 478/2018,PL,2018,2018-08-30T00:00:00,2020-12-03T16:53:00,Encerrado-PROMULGADO
PL 478/2020,PL,2020,2020-07-28T00:00:00,2021-01-27T13:44:21,Encerrado-TERMINO DE LEGISLATURA (ART. 275 REG. INT.)
PL 478/2021,PL,2021,2021-08-03T00:00:00,2025-01-14T21:41:12,Encerrado-TERMINO DE LEGISLATURA (ART. 275 REG. INT.)
PL 478/2022,PL,2022,2022-07-22T00:00:00,2023-04-27T13:57:00,Encerrado-PROMULGADO
PL 478/2024,PL,2024,2024-07-01T00:00:00,2025-01-23T01:37:19,Encerrado-TERMINO DE LEGISLATURA (ART. 275 REG. INT.)
PL 479/2014,PL,2014,2014-10-09T00:00:00,2021-01-13T16:03:00,Encerrado-TERMINO DE LEGISLATURA (ART. 275 REG. INT.)
PL 479/2015,PL,2015,2015-09-10T00:00:00,2022-07-21T17:49:51,Encerrado-RETIRADO PELO AUTOR
PL 479/2016,PL,2016,2016-09-02T00:00:00,2018-01-18T17:26:00,Encerrado-PROMULGADO
PL 479/2018,PL,2018,2018-08-30T00:00:00,2019-05-02T17:59:00,Encerrado-RETIRADO PELO AUTOR
PL 479/2019,PL,2019,2019-08-07T00:00:00,2019-12-19T00:00:00,APENSADO
PL 479/2020,PL,2020,2020-07-29T00:00:00,2026-05-12T18:07:00,Encerrado-PROMULGADO
PL 479/2021,PL,2021,2021-08-03T00:00:00,2024-06-04T13:25:00,Encerrado-PROMULGADO
PL 479/2023,PL,2023,2023-08-23T00:00:00,2025-01-20T22:41:15,Encerrado-TERMINO DE LEGISLATURA (ART. 275 REG. INT.)
PL 479/2024,PL,2024,2024-07-01T00:00:00,2025-01-23T01:15:16,Encerrado-TERMINO DE LEGISLATURA (ART. 275 REG. INT.)
PL 48/2015,PL,2015,2015-02-24T00:00:00,2017-05-26T00:00:00,Encerrado-PROMULGADO
PL 48/2016,PL,2016,2016-02-22T00:00:00,2016-12-15T00:00:00,Encerrado-PROMULGADO
PL 48/2018,PL,2018,2018-02-20T00:00:00,2019-03-25T17:17:00,Encerrado-ILEGALIDADE (ART. 79 REG. INT.)
PL 48/2019,PL,2019,2019-02-12T00:00:00,2021-08-31T18:34:00,Encerrado-PROMULGADO
PL 480/2014,PL,2014,2014-10-09T00:00:00,2019-05-02T09:54:00,Encerrado-VETO TOTAL ACEITO
PL 480/2015,PL,2015,2015-09-10T00:00:00,2016-07-15T00:00:00,Encerrado-PROMULGADO
PL 480/2016,PL,2016,2016-09-06T00:00:00,2025-01-13T16:08:00,Encerrado-TERMINO DE LEGISLATURA (ART. 275 REG. INT.)
PL 480/2017,PL,2017,2017-07-14T00:00:00,2018-06-07T10:20:00,Encerrado-PROMULGADO
PL 480/2018,PL,2018,2018-08-30T00:00:00,2019-10-22T19:13:00,Encerrado-ILEGALIDADE (ART. 79 REG. INT.)
PL 480/2019,PL,2019,2019-08-07T00:00:00,2021-01-06T11:14:03,Encerrado-TERMINO DE LEGISLATURA (ART. 275 REG. INT.)
PL 480/2020,PL,2020,2020-07-30T00:00:00,2025-01-23T12:09:55,Encerrado-TERMINO DE LEGISLATURA (ART. 275 REG. INT.)
PL 480/2022,PL,2022,2022-07-25T00:00:00,2023-05-15T13:46:00,Encerrado-PROMULGADO
PL 480/2023,PL,2023,2023-08-23T00:00:00,2024-04-18T13:29:04,APENSADO
PL 480/2024,PL,2024,2024-07-01T00:00:00,2024-08-13T16:44:00,Encerrado-RETIRADO PELO AUTOR
PL 480/2026,PL,2026,2026-06-11T00:00:00,2026-09-22T11:16:53,APENSADO
PL 481/2013,PL,2013,2013-07-23T00:00:00,2015-05-27T00:00:00,Encerrado-PROMULGADO
PL 481/2015,PL,2015,2015-09-10T00:00:00,2017-01-02T10:00:00,Encerrado-TERMINO DE LEGISLATURA (ART. 275 REG. INT.)
PL 481/2016,PL,2016,2016-09-05T00:00:00,2025-01-13T16:08:00,Encerrado-TERMINO DE LEGISLATURA (ART. 275 REG. INT.)
PL 481/2017,PL,2017,2017-07-17T00:00:00,2020-01-27T08:20:00,Encerrado-PROMULGADO
PL 481/2019,PL,2019,2019-08-07T00:00:00,2025-01-09T12:19:18,Encerrado-TERMINO DE LEGISLATURA (ART. 275 REG. INT.)
PL 481/2020,PL,2020,2020-07-30T00:00:00,2025-01-13T22:26:30,Encerrado-TERMINO DE LEGISLATURA (ART. 275 REG. INT.)
PL 481/2022,PL,2022,2022-07-25T00:00:00,2025-01-16T22:08:27,Encerrado-TERMINO DE LEGISLATURA (ART. 275 REG. INT.)
PL 482/2014,PL,2014,2014-10-13T00:00:00,2016-05-12T00:00:00,Encerrado-PROMULGADO
PL 482/2015,PL,2015,2015-09-10T00:00:00,2016-06-22T18:03:18,Encerrado-PROMULGADO
PL 482/2016,PL,2016,2016-09-08T00:00:00,2017-01-02T17:04:00,Encerrado-TERMINO DE LEGISLATURA (ART. 275 REG. INT.)
PL 482/2018,PL,2018,2018-09-04T00:00:00,2019-11-13T13:47:00,Encerrado-PROMULGADO
PL 482/2019,PL,2019,2019-08-07T00:00:00,2025-01-22T19:28:47,Encerrado-TERMINO DE LEGISLATURA (ART. 275 REG. INT.)
PL 482/2020,PL,2020,2020-07-30T00:00:00,2025-01-13T22:32:28,Encerrado-TERMINO DE LEGISLATURA (ART. 275 REG. INT.)
PL 482/2021,PL,2021,2021-08-03T00:00:00,2021-08-10T18:58:00,Encerrado-RETIRADO PELO AUTOR
PL 483/2014,PL,2014,2014-10-13T00:00:00,2016-06-20T00:00:00,Encerrado-PROMULGADO
PL 483/2015,PL,2015,2015-09-10T00:00:00,2018-06-11T09:30:00,Encerrado-PROMULGADO
PL 483/2016,PL,2016,2016-09-08T00:00:00,2017-10-16T13:37:00,Encerrado-RETIRADO PELO AUTOR
PL 483/2017,PL,2017,2017-07-17T00:00:00,2018-05-07T15:07:00,Encerrado-RETIRADO PELO AUTOR
PL 483/2021,PL,2021,2021-08-03T00:00:00,2023-03-31T17:18:00,Encerrado-PROMULGADO
PL 483/2024,PL,2024,2024-07-01T00:00:00,2024-08-13T16:44:00,Encerrado-RETIRADO PELO AUTOR
PL 483/2026,PL,2026,2026-06-11T00:00:00,2026-09-22T11:17:20,APENSADO
PL 484/2013,PL,2013,2013-07-25T00:00:00,2017-01-02T11:00:00,Encerrado-TERMINO DE LEGISLATURA (ART. 275 REG. INT.)
PL 484/2014,PL,2014,2014-10-15T00:00:00,2021-01-13T16:03:00,Encerrado-TERMINO DE LEGISLATURA (ART. 275 REG. INT.)
PL 484/2015,PL,2015,2015-09-10T00:00:00,2018-06-28T13:38:00,Encerrado-PROMULGADO
PL 484/2016,PL,2016,2016-09-09T00:00:00,2021-01-04T12:27:59,Encerrado-TERMINO DE LEGISLATURA (ART. 275 REG. INT.)
PL 484/2017,PL,2017,2017-07-17T00:00:00,2025-05-29T19:01:00,Encerrado-VETO TOTAL ACEITO
PL 484/2018,PL,2018,2018-09-05T00:00:00,2025-01-13T18:35:00,Encerrado-TERMINO DE LEGISLATURA (ART. 275 REG. INT.)
PL 484/2019,PL,2019,2019-08-07T00:00:00,2021-10-08T17:25:00,Encerrado-PROMULGADO
PL 484/2020,PL,2020,2020-07-30T00:00:00,2025-01-13T18:41:00,Encerrado-TERMINO DE LEGISLATURA (ART. 275 REG. INT.)
PL 484/2021,PL,2021,2021-08-04T00:00:00,2023-01-26T15:34:00,Encerrado-PROMULGADO
PL 484/2023,PL,2023,2023-08-24T00:00:00,2025-01-09T18:25:17,Encerrado-TERMINO DE LEGISLATURA (ART. 275 REG. INT.)
PL 485/2013,PL,2013,2013-07-30T00:00:00,2021-01-14T11:54:00,Encerrado-TERMINO DE LEGISLATURA (ART. 275 REG. INT.)
PL 485/2014,PL,2014,2014-10-15T00:00:00,2025-05-29T19:01:00,Encerrado-VETO TOTAL ACEITO
PL 485/2015,PL,2015,2015-09-11T00:00:00,2016-06-20T11:57:46,Encerrado-ILEGALIDADE (ART. 79 REG. INT.)
PL 485/2017,PL,2017,2017-07-18T00:00:00,2019-01-16T15:32:00,Encerrado-PROMULGADO
PL 485/2018,PL,2018,2018-09-05T00:00:00,2025-01-13T18:35:00,Encerrado-TERMINO DE LEGISLATURA (ART. 275 REG. INT.)
PL 485/2019,PL,2019,2019-08-07T00:00:00,2025-11-28T15:31:00,Encerrado-ILEGALIDADE (ART. 79 REG. INT.)
PL 485/2021,PL,2021,2021-08-04T00:00:00,2023-05-31T14:24:47,APENSADO
PL 485/2023,PL,2023,2023-08-24T00:00:00,2025-01-14T10:34:13,Encerrado-TERMINO DE LEGISLATURA (ART. 275 REG. INT.)
PL 486/2013,PL,2013,2013-07-31T00:00:00,2017-01-02T18:10:00,Encerrado-TERMINO DE LEGISLATURA (ART. 275 REG. INT.)
PL 486/2014,PL,2014,2014-10-15T00:00:00,2017-01-02T15:33:00,Encerrado-TERMINO DE LEGISLATURA (ART. 275 REG. INT.)
PL 486/2015,PL,2015,2015-09-15T00:00:00,2017-12-07T00:00:00,Encerrado-ILEGALIDADE (ART. 79 REG. INT.)
PL 486/2016,PL,2016,2016-09-14T00:00:00,2017-01-02T11:56:00,Encerrado-TERMINO DE LEGISLATURA (ART. 275 REG. INT.)
PL 486/2018,PL,2018,2018-09-05T00:00:00,2025-01-13T18:35:00,Encerrado-TERMINO DE LEGISLATURA (ART. 275 REG. INT.)
PL 486/2019,PL,2019,2019-08-07T00:00:00,2021-03-15T15:39:00,Encerrado-RETIRADO PELO AUTOR
PL 486/2020,PL,2020,2020-07-31T00:00:00,2021-09-23T11:44:15,Encerrado-RETIRADO PELO AUTOR
PL 486/2021,PL,2021,2021-08-04T00:00:00,2025-01-14T21:56:21,Encerrado-TERMINO DE LEGISLATURA (ART. 275 REG. INT.)
PL 486/2024,PL,2024,2024-07-03T00:00:00,2025-10-16T15:54:00,Encerrado-REJEITADO
PL 487/2014,PL,2014,2014-10-17T00:00:00,2015-05-21T00:00:00,Encerrado-PROMULGADO
PL 487/2015,PL,2015,2015-09-15T00:00:00,2025-07-01T17:59:00,Encerrado-VETO TOTAL ACEITO
PL 487/2016,PL,2016,2016-09-15T00:00:00,2017-01-02T11:56:00,Encerrado-TERMINO DE LEGISLATURA (ART. 275 REG. INT.)
PL 487/2017,PL,2017,2017-07-21T00:00:00,2019-05-30T12:15:00,Encerrado-ILEGALIDADE (ART. 79 REG. INT.)
PL 487/2018,PL,2018,2018-09-05T00:00:00,2025-03-19T16:53:00,Encerrado-VETO TOTAL ACEITO
PL 487/2019,PL,2019,2019-08-08T00:00:00,2021-01-30T05:36:11,Encerrado-TERMINO DE LEGISLATURA (ART. 275 REG. INT.)
PL 487/2020,PL,2020,2020-07-31T00:00:00,2025-03-14T15:10:00,Encerrado-VETO TOTAL ACEITO
PL 487/2021,PL,2021,2021-08-06T00:00:00,2025-01-14T22:41:24,Encerrado-TERMINO DE LEGISLATURA (ART. 275 REG. INT.)
PL 487/2022,PL,2022,2022-07-27T00:00:00,2026-09-29T11:27:00,Encerrado-PROMULGADO
PL 487/2023,PL,2023,2023-08-25T00:00:00,2025-01-20T22:55:56,Encerrado-TERMINO DE LEGISLATURA (ART. 275 REG. INT.)
PL 487/2024,PL,2024,2024-07-03T00:00:00,2025-01-22T23:28:49,Encerrado-TERMINO DE LEGISLATURA (ART. 275 REG. INT.)
PL 488/2013,PL,2013,2013-07-31T00:00:00,2017-01-23T16:10:00,Encerrado-TERMINO DE LEGISLATURA (ART. 275 REG. INT.)
PL 488/2014,PL,2014,2014-10-17T00:00:00,2016-10-11T18:35:17,Encerrado-RETIRADO PELO AUTOR
PL 488/2015,PL,2015,2015-09-15T00:00:00,2017-01-03T17:01:00,Encerrado-TERMINO DE LEGISLATURA (ART. 275 REG. INT.)
PL 488/2016,PL,2016,2016-09-16T00:00:00,2017-10-18T16:50:00,Encerrado-PROMULGADO
PL 488/2017,PL,2017,2017-07-24T00:00:00,2025-01-13T16:59:00,Encerrado-TERMINO DE LEGISLATURA (ART. 275 REG. INT.)
PL 488/2018,PL,2018,2018-09-05T00:00:00,2019-11-04T08:43:00,Encerrado-PROMULGADO
PL 488/2019,PL,2019,2019-08-08T00:00:00,2021-08-31T18:34:00,Encerrado-PROMULGADO
PL 488/2021,PL,2021,2021-08-06T00:00:00,2025-01-14T22:41:23,Encerrado-TERMINO DE LEGISLATURA (ART. 275 REG. INT.)
PL 488/2022,PL,2022,2022-07-27T00:00:00,2025-01-16T22:27:24,Encerrado-TERMINO DE LEGISLATURA (ART. 275 REG. INT.)
PL 488/2025,PL,2025,2025-04-30T00:00:00,2025-05-07T16:29:00,Encerrado-RETIRADO PELO AUTOR
PL 489/2013,PL,2013,2013-07-31T00:00:00,2017-01-23T16:10:00,Encerrado-TERMINO DE LEGISLATURA (ART. 275 REG. INT.)
PL 489/2014,PL,2014,2014-10-21T00:00:00,2015-05-11T11:32:02,Encerrado-PROMULGADO
PL 489/2015,PL,2015,2015-09-15T00:00:00,2016-02-01T00:00:00,Encerrado-PROMULGADO
PL 489/2016,PL,2016,2016-09-16T00:00:00,2017-05-16T00:00:00,Encerrado-PROMULGADO
PL 489/2017,PL,2017,2017-07-24T00:00:00,2017-08-09T19:26:00,Encerrado-RETIRADO PELO AUTOR
PL 489/2018,PL,2018,2018-09-05T00:00:00,2021-05-11T08:00:00,Encerrado-RETIRADO PELO AUTOR
PL 489/2019,PL,2019,2019-08-08T00:00:00,2021-01-04T13:30:16,Encerrado-TERMINO DE LEGISLATURA (ART. 275 REG. INT.)
PL 489/2020,PL,2020,2020-07-31T00:00:00,2022-05-03T14:21:00,Encerrado-PROMULGADO
PL 49/2013,PL,2013,2013-02-27T00:00:00,2019-05-02T10:38:00,Encerrado-VETO TOTAL ACEITO
PL 49/2015,PL,2015,2015-02-25T00:00:00,2016-02-19T14:55:23,Encerrado-PROMULGADO
PL 49/2016,PL,2016,2016-02-22T00:00:00,2018-10-19T12:56:00,Encerrado-RETIRADO PELO AUTOR
PL 49/2018,PL,2018,2018-02-20T00:00:00,2018-12-26T10:06:00,Encerrado-PROMULGADO
PL 49/2019,PL,2019,2019-02-12T00:00:00,2019-08-09T14:30:00,Encerrado-RETIRADO PELO AUTOR
PL 49/2020,PL,2020,2020-02-12T00:00:00,2021-09-13T17:51:00,Encerrado-PROMULGADO
PL 49/2023,PL,2023,2023-02-14T00:00:00,2025-08-07T13:49:15,APENSADO
PL 49/2024,PL,2024,2024-01-29T00:00:00,2024-12-05T13:51:00,Encerrado-PROMULGADO
PL 490/2013,PL,2013,2013-07-31T00:00:00,2017-01-23T16:10:00,Encerrado-TERMINO DE LEGISLATURA (ART. 275 REG. INT.)
PL 490/2014,PL,2014,2014-10-22T00:00:00,2025-01-13T15:38:00,Encerrado-TERMINO DE LEGISLATURA (ART. 275 REG. INT.)
PL 490/2015,PL,2015,2015-09-15T00:00:00,2016-07-19T17:10:25,Encerrado-PROMULGADO
PL 490/2016,PL,2016,2016-09-16T00:00:00,2018-06-15T00:00:00,Encerrado-ILEGALIDADE (ART. 79 REG. INT.)
PL 490/2018,PL,2018,2018-09-05T00:00:00,2019-01-16T13:03:00,Encerrado-PROMULGADO
PL 490/2020,PL,2020,2020-07-31T00:00:00,2023-08-21T16:01:16,Encerrado-RETIRADO PELO AUTOR
PL 490/2021,PL,2021,2021-08-06T00:00:00,2024-04-04T11:55:00,Encerrado-ILEGALIDADE (ART. 79 REG. INT.)
PL 490/2022,PL,2022,2022-07-28T00:00:00,2023-08-08T15:08:00,Encerrado-PROMULGADO
PL 490/2024,PL,2024,2024-07-04T00:00:00,2025-01-23T01:57:11,Encerrado-TERMINO DE LEGISLATURA (ART. 275 REG. INT.)
PL 491/2013,PL,2013,2013-07-31T00:00:00,2017-01-02T12:00:00,Encerrado-TERMINO DE LEGISLATURA (ART. 275 REG. INT.)
PL 491/2014,PL,2014,2014-10-22T00:00:00,2015-12-15T00:00:00,Encerrado-PROMULGADO
PL 491/2015,PL,2015,2015-09-15T00:00:00,2025-07-01T17:59:00,Encerrado-VETO TOTAL ACEITO
PL 491/2016,PL,2016,2016-09-19T00:00:00,2017-01-02T12:11:00,Encerrado-TERMINO DE LEGISLATURA (ART. 275 REG. INT.)
PL 491/2017,PL,2017,2017-07-24T00:00:00,2017-10-10T11:01:00,Encerrado-RETIRADO PELO AUTOR
PL 491/2018,PL,2018,2018-09-05T00:00:00,2020-01-23T10:30:00,Encerrado-PROMULGADO
PL 491/2019,PL,2019,2019-08-09T00:00:00,2020-11-05T18:50:00,Encerrado-ILEGALIDADE (ART. 79 REG. INT.)
PL 491/2021,PL,2021,2021-08-09T00:00:00,2023-09-27T14:10:00,Encerrado-PROMULGADO
PL 491/2024,PL,2024,2024-07-04T00:00:00,2026-09-29T11:27:00,Encerrado-PROMULGADO
PL 491/2025,PL,2025,2025-04-30T00:00:00,2025-06-17T19:55:00,Encerrado-RETIRADO PELO AUTOR
PL 492/2013,PL,2013,2013-07-31T00:00:00,2017-01-23T16:10:00,Encerrado-TERMINO DE LEGISLATURA (ART. 275 REG. INT.)
PL 492/2014,PL,2014,2014-10-22T00:00:00,2016-07-12T00:00:00,Encerrado-PROMULGADO
PL 492/2015,PL,2015,2015-09-15T00:00:00,2016-07-12T00:00:00,Encerrado-PROMULGADO
PL 492/2016,PL,2016,2016-09-20T00:00:00,2021-01-05T17:48:09,Encerrado-TERMINO DE LEGISLATURA (ART. 275 REG. INT.)
PL 492/2017,PL,2017,2017-07-04T00:00:00,2025-05-29T19:01:00,Encerrado-VETO TOTAL ACEITO
PL 492/2018,PL,2018,2018-09-05T00:00:00,2019-05-10T16:30:00,Encerrado-ILEGALIDADE (ART. 79 REG. INT.)
PL 492/2019,PL,2019,2019-08-09T00:00:00,2020-03-20T15:20:00,Encerrado-ILEGALIDADE (ART. 79 REG. INT.)
PL 492/2020,PL,2020,2020-08-04T00:00:00,2024-06-05T14:10:00,Encerrado-PROMULGADO
PL 492/2021,PL,2021,2021-08-09T00:00:00,2025-01-14T21:31:56,Encerrado-TERMINO DE LEGISLATURA (ART. 275 REG. INT.)
PL 492/2023,PL,2023,2023-08-29T00:00:00,2024-05-23T11:41:13,APENSADO
PL 493/2013,PL,2013,2013-07-31T00:00:00,2017-01-02T14:32:00,Encerrado-TERMINO DE LEGISLATURA (ART. 275 REG. INT.)
PL 493/2014,PL,2014,2014-10-22T00:00:00,2021-01-13T16:03:00,Encerrado-TERMINO DE LEGISLATURA (ART. 275 REG. INT.)
PL 493/2015,PL,2015,2015-09-16T00:00:00,2017-01-11T14:40:00,Encerrado-TERMINO DE LEGISLATURA (ART. 275 REG. INT.)
PL 493/2016,PL,2016,2016-09-20T00:00:00,2018-09-19T00:00:00,Encerrado-PROMULGADO
PL 493/2017,PL,2017,2017-07-25T00:00:00,2017-09-01T00:00:00,Encerrado-RETIRADO PELO AUTOR
PL 493/2018,PL,2018,2018-09-05T00:00:00,2019-06-03T18:31:00,Encerrado-ILEGALIDADE (ART. 79 REG. INT.)
PL 493/2019,PL,2019,2019-08-12T00:00:00,2025-01-22T14:19:05,Encerrado-TERMINO DE LEGISLATURA (ART. 275 REG. INT.)
PL 493/2020,PL,2020,2020-08-04T00:00:00,2026-05-20T11:10:00,Encerrado-PROMULGADO
PL 494/2013,PL,2013,2013-07-31T00:00:00,2017-01-04T13:19:00,Encerrado-TERMINO DE LEGISLATURA (ART. 275 REG. INT.)
PL 494/2014,PL,2014,2014-10-22T00:00:00,2021-01-13T16:03:00,Encerrado-TERMINO DE LEGISLATURA (ART. 275 REG. INT.)
PL 494/2016,PL,2016,2016-09-20T00:00:00,2017-01-02T12:11:00,Encerrado-TERMINO DE LEGISLATURA (ART. 275 REG. INT.)
PL 494/2017,PL,2017,2017-07-25T00:00:00,2019-05-30T12:15:00,Encerrado-ILEGALIDADE (ART. 79 REG. INT.)
PL 494/2018,PL,2018,2018-09-05T00:00:00,2021-02-24T14:49:00,Devolução de Regularização
PL 494/2019,PL,2019,2019-08-12T00:00:00,2020-08-11T19:20:00,Encerrado-ILEGALIDADE (ART. 79 REG. INT.)
PL 494/2020,PL,2020,2020-08-04T00:00:00,2023-08-21T16:01:17,Encerrado-RETIRADO PELO AUTOR
PL 494/2022,PL,2022,2022-08-02T00:00:00,2023-11-21T15:34:00,Encerrado-PROMULGADO
PL 495/2014,PL,2014,2014-10-22T00:00:00,2017-01-02T14:40:00,Encerrado-TERMINO DE LEGISLATURA (ART. 275 REG. INT.)
PL 495/2015,PL,2015,2015-09-16T00:00:00,2019-02-22T09:34:00,Encerrado-PROMULGADO
PL 495/2016,PL,2016,2016-09-22T00:00:00,2017-05-25T17:00:00,Encerrado-RETIRADO PELO AUTOR
PL 495/2017,PL,2017,2017-07-25T00:00:00,2017-11-24T18:27:00,Encerrado-RETIRADO PELO AUTOR
PL 495/2018,PL,2018,2018-09-06T00:00:00,2019-08-27T07:58:00,Encerrado-PROMULGADO
PL 495/2019,PL,2019,2019-08-12T00:00:00,2021-08-18T17:11:00,Encerrado-PROMULGADO
PL 495/2023,PL,2023,2023-08-29T00:00:00,2025-01-20T22:38:03,Encerrado-TERMINO DE LEGISLATURA (ART. 275 REG. INT.)
PL 495/2026,PL,2026,2026-06-16T00:00:00,2026-07-16T18:44:00,Encerrado-PROMULGADO
PL 496/2013,PL,2013,2013-07-31T00:00:00,2017-01-23T16:10:00,Encerrado-TERMINO DE LEGISLATURA (ART. 275 REG. INT.)
PL 496/2014,PL,2014,2014-10-23T00:00:00,2017-01-03T16:55:00,Encerrado-TERMINO DE LEGISLATURA (ART. 275 REG. INT.)
PL 496/2015,PL,2015,2015-09-16T00:00:00,2016-05-05T00:00:00,Encerrado-PROMULGADO
PL 496/2016,PL,2016,2016-09-22T00:00:00,2017-05-23T19:10:00,Encerrado-RETIRADO PELO AUTOR
PL 496/2018,PL,2018,2018-09-10T00:00:00,2019-03-25T17:17:00,Encerrado-ILEGALIDADE (ART. 79 REG. INT.)
PL 496/2019,PL,2019,2019-08-13T00:00:00,2020-06-02T11:10:00,Encerrado-PROMULGADO
PL 496/2020,PL,2020,2020-08-04T00:00:00,2021-01-27T12:04:34,Encerrado-TERMINO DE LEGISLATURA (ART. 275 REG. INT.)
PL 496/2021,PL,2021,2021-08-10T00:00:00,2025-05-29T09:21:00,Encerrado-VETO PARCIAL ACEITO
PL 496/2022,PL,2022,2022-08-02T00:00:00,2025-01-16T22:16:17,Encerrado-TERMINO DE LEGISLATURA (ART. 275 REG. INT.)
PL 497/2013,PL,2013,2013-07-31T00:00:00,2017-01-02T15:04:00,Encerrado-TERMINO DE LEGISLATURA (ART. 275 REG. INT.)
PL 497/2014,PL,2014,2014-10-24T00:00:00,2025-01-13T15:38:00,Encerrado-TERMINO DE LEGISLATURA (ART. 275 REG. INT.)
PL 497/2017,PL,2017,2017-07-27T00:00:00,2019-05-30T12:15:00,Encerrado-ILEGALIDADE (ART. 79 REG. INT.)
PL 497/2018,PL,2018,2018-09-10T00:00:00,2019-06-13T12:21:00,Encerrado-PROMULGADO
PL 497/2019,PL,2019,2019-08-14T00:00:00,2020-03-16T17:14:00,Encerrado-PROMULGADO
PL 497/2020,PL,2020,2020-08-04T00:00:00,2021-01-27T12:04:32,Encerrado-TERMINO DE LEGISLATURA (ART. 275 REG. INT.)
PL 497/2021,PL,2021,2021-08-10T00:00:00,2021-10-13T14:05:00,Encerrado-PROMULGADO
PL 497/2023,PL,2023,2023-08-29T00:00:00,2024-05-10T15:02:00,Encerrado-PROMULGADO
PL 497/2024,PL,2024,2024-07-05T00:00:00,2025-10-06T13:49:00,Encerrado-PROMULGADO
PL 498/2013,PL,2013,2013-07-31T00:00:00,2025-01-13T14:58:00,Encerrado-TERMINO DE LEGISLATURA (ART. 275 REG. INT.)
PL 498/2014,PL,2014,2014-10-24T00:00:00,2017-01-02T12:52:00,Encerrado-TERMINO DE LEGISLATURA (ART. 275 REG. INT.)
PL 498/2015,PL,2015,2015-09-17T00:00:00,2021-01-13T14:42:00,Encerrado-TERMINO DE LEGISLATURA (ART. 275 REG. INT.)
PL 498/2017,PL,2017,2017-07-31T00:00:00,2025-05-29T19:01:00,Encerrado-VETO TOTAL ACEITO
PL 498/2018,PL,2018,2018-09-10T00:00:00,2021-10-14T14:43:00,Encerrado-PROMULGADO
PL 498/2019,PL,2019,2019-08-14T00:00:00,2021-01-13T15:52:46,Encerrado-TERMINO DE LEGISLATURA (ART. 275 REG. INT.)
PL 498/2020,PL,2020,2020-08-04T00:00:00,2025-03-14T15:10:00,Encerrado-VETO TOTAL ACEITO
PL 498/2021,PL,2021,2021-08-10T00:00:00,2022-02-03T13:26:00,Encerrado-PROMULGADO
PL 498/2022,PL,2022,2022-08-03T00:00:00,2023-08-08T15:08:00,Encerrado-PROMULGADO
PL 499/2014,PL,2014,2014-10-31T00:00:00,2017-01-03T16:55:00,Encerrado-TERMINO DE LEGISLATURA (ART. 275 REG. INT.)
PL 499/2016,PL,2016,2016-09-26T00:00:00,2021-03-15T15:39:00,Encerrado-RETIRADO PELO AUTOR
PL 499/2017,PL,2017,2017-08-01T00:00:00,2025-03-12T14:05:00,Encerrado-VETO TOTAL ACEITO
PL 499/2018,PL,2018,2018-09-11T00:00:00,2021-08-13T16:21:00,Encerrado-PROMULGADO
PL 499/2020,PL,2020,2020-08-05T00:00:00,2023-08-21T16:01:18,Encerrado-RETIRADO PELO AUTOR
PL 499/2021,PL,2021,2021-08-10T00:00:00,2021-11-22T13:57:48,Encerrado-RETIRADO PELO AUTOR
PL 499/2023,PL,2023,2023-08-30T00:00:00,2023-09-13T15:39:00,Encerrado-RETIRADO PELO AUTOR
PL 499/2024,PL,2024,2024-07-05T00:00:00,2025-01-23T00:33:34,Encerrado-TERMINO DE LEGISLATURA (ART. 275 REG. INT.)
PL 5/2013,PL,2013,2013-01-30T00:00:00,2017-01-23T16:10:00,Encerrado-TERMINO DE LEGISLATURA (ART. 275 REG. INT.)
PL 5/2014,PL,2014,2014-01-30T00:00:00,2014-09-09T00:00:00,Encerrado-PROMULGADO
PL 5/2015,PL,2015,2014-12-17T00:00:00,2015-09-28T12:41:49,Encerrado-ILEGALIDADE (ART. 79 REG. INT.)
PL 5/2016,PL,2016,2016-01-08T00:00:00,2017-11-01T00:00:00,Encerrado-RETIRADO PELO AUTOR
PL 5/2017,PL,2017,2017-01-05T00:00:00,2025-05-28T13:21:00,Encerrado-VETO PARCIAL ACEITO
PL 5/2018,PL,2018,2018-01-17T00:00:00,2025-01-13T17:50:00,Encerrado-TERMINO DE LEGISLATURA (ART. 275 REG. INT.)
PL 5/2019,PL,2019,2019-01-08T00:00:00,2025-01-13T19:08:00,Encerrado-TERMINO DE LEGISLATURA (ART. 275 REG. INT.)
PL 5/2020,PL,2020,2020-01-15T00:00:00,2022-07-21T17:47:09,Encerrado-RETIRADO PELO AUTOR
PL 5/2021,PL,2021,2021-01-06T00:00:00,2022-05-27T10:24:43,Encerrado-RETIRADO PELO AUTOR
PL 5/2022,PL,2022,2022-01-06T00:00:00,2023-08-21T16:01:28,Encerrado-RETIRADO PELO AUTOR
PL 5/2023,PL,2023,2023-01-17T00:00:00,2025-12-16T10:05:00,Encerrado-PROMULGADO
PL 5/2024,PL,2024,2024-01-10T00:00:00,2025-01-21T13:48:52,Encerrado-TERMINO DE LEGISLATURA (ART. 275 REG. INT.)
PL 50/2015,PL,2015,2015-02-25T00:00:00,2017-01-02T18:00:00,Encerrado-TERMINO DE LEGISLATURA (ART. 275 REG. INT.)
PL 50/2016,PL,2016,2016-02-22T00:00:00,2025-03-12T14:23:00,Encerrado-VETO TOTAL ACEITO
PL 50/2017,PL,2017,2017-02-07T00:00:00,2018-06-29T09:27:00,Encerrado-PROMULGADO
PL 50/2019,PL,2019,2019-02-12T00:00:00,2020-09-16T12:20:00,Encerrado-ILEGALIDADE (ART. 79 REG. INT.)
PL 50/2020,PL,2020,2020-02-12T00:00:00,2020-12-03T16:53:00,Encerrado-PROMULGADO
PL 50/2023,PL,2023,2023-02-14T00:00:00,2023-02-17T09:34:00,Encerrado-RETIRADO PELO AUTOR
PL 50/2024,PL,2024,2024-01-29T00:00:00,2025-01-14T10:47:30,Encerrado-TERMINO DE LEGISLATURA (ART. 275 REG. INT.)
PL 500/2013,PL,2013,2013-07-31T00:00:00,2025-03-27T14:31:00,Encerrado-VETO TOTAL ACEITO
PL 500/2014,PL,2014,2014-11-03T00:00:00,2018-05-28T14:30:00,Encerrado-RETIRADO PELO AUTOR
PL 500/2016,PL,2016,2016-09-27T00:00:00,2016-12-08T14:51:22,Encerrado-RETIRADO PELO AUTOR
PL 500/2017,PL,2017,2017-08-01T00:00:00,2019-10-15T08:49:00,Encerrado-PROMULGADO
PL 500/2018,PL,2018,2018-09-11T00:00:00,2021-01-18T15:34:00,Devolução de Regularização
PL 500/2020,PL,2020,2020-08-05T00:00:00,2025-01-22T17:44:00,Encerrado-TERMINO DE LEGISLATURA (ART. 275 REG. INT.)
PL 500/2021,PL,2021,2021-08-10T00:00:00,2023-08-08T15:08:00,Encerrado-PROMULGADO
PL 500/2022,PL,2022,2022-08-04T00:00:00,2025-12-17T12:49:00,Encerrado-PROMULGADO
PL 501/2013,PL,2013,2013-07-31T00:00:00,2019-10-18T10:09:00,Encerrado-VETO TOTAL ACEITO
PL 501/2015,PL,2015,2015-09-21T00:00:00,2025-07-01T17:59:00,Encerrado-VETO TOTAL ACEITO
PL 501/2017,PL,2017,2017-08-02T00:00:00,2018-08-16T00:00:00,Encerrado-ILEGALIDADE (ART. 79 REG. INT.)
PL 501/2018,PL,2018,2018-09-11T00:00:00,2021-01-06T21:22:37,Encerrado-TERMINO DE LEGISLATURA (ART. 275 REG. INT.)
PL 501/2019,PL,2019,2019-08-15T00:00:00,2025-01-14T14:17:00,Encerrado-TERMINO DE LEGISLATURA (ART. 275 REG. INT.)
PL 501/2020,PL,2020,2020-08-05T00:00:00,2020-12-02T18:33:00,Encerrado-ILEGALIDADE (ART. 79 REG. INT.)
PL 501/2022,PL,2022,2022-08-05T00:00:00,2025-01-22T15:56:40,Encerrado-TERMINO DE LEGISLATURA (ART. 275 REG. INT.)
PL 501/2024,PL,2024,2024-07-10T00:00:00,2025-01-23T01:57:09,Encerrado-TERMINO DE LEGISLATURA (ART. 275 REG. INT.)
PL 502/2014,PL,2014,2014-11-05T00:00:00,2015-11-10T00:00:00,Encerrado-PROMULGADO
PL 502/2015,PL,2015,2015-09-22T00:00:00,2025-07-01T18:08:00,Encerrado-VETO PARCIAL ACEITO
PL 502/2017,PL,2017,2017-08-02T00:00:00,2025-01-13T16:59:00,Encerrado-TERMINO DE LEGISLATURA (ART. 275 REG. INT.)
PL 502/2018,PL,2018,2018-09-11T00:00:00,2025-01-10T17:46:38,Encerrado-TERMINO DE LEGISLATURA (ART. 275 REG. INT.)
PL 502/2019,PL,2019,2019-08-15T00:00:00,2025-05-29T09:48:00,Encerrado-VETO PARCIAL ACEITO
PL 502/2020,PL,2020,2020-08-05T00:00:00,2025-01-13T22:36:59,Encerrado-TERMINO DE LEGISLATURA (ART. 275 REG. INT.)
PL 502/2021,PL,2021,2021-08-10T00:00:00,2021-08-18T18:59:00,Encerrado-RETIRADO PELO AUTOR
PL 502/2023,PL,2023,2023-08-31T00:00:00,2026-01-20T13:56:00,Encerrado-PROMULGADO
PL 502/2024,PL,2024,2024-07-10T00:00:00,2025-10-29T12:06:00,Encerrado-PROMULGADO
PL 503/2015,PL,2015,2015-09-22T00:00:00,2017-01-06T14:50:00,Encerrado-PROMULGADO
PL 503/2017,PL,2017,2017-08-02T00:00:00,2018-05-30T14:44:00,Encerrado-RETIRADO PELO AUTOR
PL 503/2018,PL,2018,2018-09-11T00:00:00,2019-08-09T16:15:00,Encerrado-RETIRADO PELO AUTOR
PL 503/2019,PL,2019,2019-08-15T00:00:00,2025-01-16T14:58:55,Encerrado-TERMINO DE LEGISLATURA (ART. 275 REG. INT.)
PL 503/2021,PL,2021,2021-08-10T00:00:00,2025-01-14T21:31:55,Encerrado-TERMINO DE LEGISLATURA (ART. 275 REG. INT.)
PL 504/2014,PL,2014,2014-11-05T00:00:00,2017-01-02T15:33:00,Encerrado-TERMINO DE LEGISLATURA (ART. 275 REG. INT.)
PL 504/2015,PL,2015,2015-09-22T00:00:00,2017-01-02T13:42:00,Encerrado-TERMINO DE LEGISLATURA (ART. 275 REG. INT.)
PL 504/2017,PL,2017,2017-08-02T00:00:00,2019-05-15T08:54:00,Encerrado-PROMULGADO
PL 504/2018,PL,2018,2018-09-11T00:00:00,2019-07-01T18:47:00,Encerrado-ILEGALIDADE (ART. 79 REG. INT.)
PL 504/2019,PL,2019,2019-08-16T00:00:00,2021-08-19T17:50:00,Encerrado-PROMULGADO
PL 504/2020,PL,2020,2020-08-06T00:00:00,2021-01-07T10:43:11,Encerrado-TERMINO DE LEGISLATURA (ART. 275 REG. INT.)
PL 504/2021,PL,2021,2021-08-10T00:00:00,2025-01-14T21:56:20,Encerrado-TERMINO DE LEGISLATURA (ART. 275 REG. INT.)
PL 504/2023,PL,2023,2023-09-04T00:00:00,2023-12-21T17:09:00,Encerrado-RETIRADO PELO AUTOR
PL 504/2025,PL,2025,2025-05-06T00:00:00,2025-11-26T11:14:00,Encerrado-PROMULGADO
PL 505/2013,PL,2013,2013-08-01T00:00:00,2015-12-30T00:00:00,Encerrado-PROMULGADO
PL 505/2016,PL,2016,2016-09-27T00:00:00,2017-09-28T10:23:00,Encerrado-ILEGALIDADE (ART. 79 REG. INT.)
PL 505/2018,PL,2018,2018-09-11T00:00:00,2019-08-09T16:15:00,Encerrado-RETIRADO PELO AUTOR
PL 505/2019,PL,2019,2019-08-19T00:00:00,2020-08-17T13:33:00,Encerrado-PROMULGADO
PL 505/2023,PL,2023,2023-09-04T00:00:00,2025-01-20T22:34:37,Encerrado-TERMINO DE LEGISLATURA (ART. 275 REG. INT.)
PL 506/2013,PL,2013,2013-08-01T00:00:00,2019-10-30T18:42:00,Encerrado-VETO TOTAL ACEITO
PL 506/2014,PL,2014,2014-11-07T00:00:00,2016-01-06T00:00:00,Encerrado-PROMULGADO
PL 506/2015,PL,2015,2015-09-22T00:00:00,2021-01-13T14:42:00,Encerrado-TERMINO DE LEGISLATURA (ART. 275 REG. INT.)
PL 506/2016,PL,2016,2016-09-28T00:00:00,2020-02-06T11:39:00,Encerrado-PROMULGADO
PL 506/2017,PL,2017,2017-08-02T00:00:00,2020-03-09T16:25:00,Encerrado-ILEGALIDADE (ART. 79 REG. INT.)
PL 506/2018,PL,2018,2018-09-12T00:00:00,2020-11-05T18:50:00,Encerrado-ILEGALIDADE (ART. 79 REG. INT.)
PL 506/2020,PL,2020,2020-08-06T00:00:00,2025-01-13T22:17:08,Encerrado-TERMINO DE LEGISLATURA (ART. 275 REG. INT.)
PL 506/2021,PL,2021,2021-08-11T00:00:00,2025-11-28T15:31:00,Encerrado-ILEGALIDADE (ART. 79 REG. INT.)
PL 506/2023,PL,2023,2023-09-04T00:00:00,2023-10-02T15:33:00,Encerrado-RETIRADO PELO AUTOR
PL 507/2014,PL,2014,2014-11-10T00:00:00,2019-04-16T12:58:00,Encerrado-VETO PARCIAL ACEITO
PL 507/2015,PL,2015,2015-09-22T00:00:00,2016-01-06T00:00:00,Encerrado-PROMULGADO
PL 507/2016,PL,2016,2016-09-28T00:00:00,2017-09-05T00:00:00,Encerrado-PROMULGADO
PL 507/2017,PL,2017,2017-08-02T00:00:00,2018-06-11T09:30:00,Encerrado-PROMULGADO
PL 507/2018,PL,2018,2018-09-12T00:00:00,2020-01-23T10:30:00,Encerrado-PROMULGADO
PL 507/2023,PL,2023,2023-09-04T00:00:00,2025-01-20T23:17:46,Encerrado-TERMINO DE LEGISLATURA (ART. 275 REG. INT.)
PL 508/2013,PL,2013,2013-08-01T00:00:00,2019-04-30T10:19:00,Encerrado-VETO TOTAL ACEITO
PL 508/2014,PL,2014,2014-11-10T00:00:00,2015-09-22T00:00:00,Encerrado-RETIRADO PELO AUTOR
PL 508/2015,PL,2015,2015-09-22T00:00:00,2016-03-28T11:49:59,Encerrado-RETIRADO PELO AUTOR
PL 508/2017,PL,2017,2017-08-02T00:00:00,2021-01-13T12:03:00,Encerrado-TERMINO DE LEGISLATURA (ART. 275 REG. INT.)
PL 508/2018,PL,2018,2018-09-13T00:00:00,2021-01-12T16:01:00,Encerrado-TERMINO DE LEGISLATURA (ART. 275 REG. INT.)
PL 508/2019,PL,2019,2019-08-20T00:00:00,2025-03-19T16:53:00,Encerrado-VETO TOTAL ACEITO
PL 508/2020,PL,2020,2020-08-10T00:00:00,2020-12-07T16:24:00,Encerrado-PROMULGADO
PL 508/2021,PL,2021,2021-08-11T00:00:00,2026-03-17T18:45:00,Encerrado-RETIRADO PELO AUTOR
PL 508/2022,PL,2022,2022-08-11T00:00:00,2025-01-16T22:19:56,Encerrado-TERMINO DE LEGISLATURA (ART. 275 REG. INT.)
PL 509/2014,PL,2014,2014-11-11T00:00:00,2025-07-01T17:59:00,Encerrado-VETO TOTAL ACEITO
PL 509/2015,PL,2015,2015-09-23T00:00:00,2025-03-26T23:33:00,Encerrado-VETO TOTAL ACEITO
PL 509/2016,PL,2016,2016-09-30T00:00:00,2019-05-17T09:51:00,Encerrado-VETO PARCIAL ACEITO
PL 509/2017,PL,2017,2017-08-02T00:00:00,2018-03-14T18:04:00,Encerrado-ILEGALIDADE (ART. 79 REG. INT.)
PL 509/2018,PL,2018,2018-09-13T00:00:00,2026-09-23T11:17:00,Encerrado-PROMULGADO
PL 509/2020,PL,2020,2020-08-10T00:00:00,2021-09-13T17:51:00,Encerrado-PROMULGADO
PL 509/2021,PL,2021,2021-08-11T00:00:00,2025-01-13T16:51:00,Encerrado-TERMINO DE LEGISLATURA (ART. 275 REG. INT.)
PL 509/2022,PL,2022,2022-08-11T00:00:00,2025-01-08T18:46:00,Encerrado-TERMINO DE LEGISLATURA (ART. 275 REG. INT.)
PL 51/2014,PL,2014,2014-02-18T00:00:00,2025-03-19T16:53:00,Encerrado-VETO TOTAL ACEITO
PL 51/2015,PL,2015,2015-02-25T00:00:00,2019-04-18T10:06:00,Encerrado-VETO PARCIAL ACEITO
PL 51/2016,PL,2016,2016-02-22T00:00:00,2018-01-29T10:13:00,Encerrado-PROMULGADO
PL 51/2017,PL,2017,2017-02-07T00:00:00,2021-01-12T17:06:00,Encerrado-TERMINO DE LEGISLATURA (ART. 275 REG. INT.)
PL 51/2020,PL,2020,2020-02-12T00:00:00,2025-03-19T16:53:00,Encerrado-VETO TOTAL ACEITO
PL 51/2021,PL,2021,2021-02-03T00:00:00,2023-04-25T13:50:00,Encerrado-PROMULGADO
PL 51/2022,PL,2022,2022-02-11T00:00:00,2026-09-24T11:43:00,Encerrado-PROMULGADO
PL 510/2014,PL,2014,2014-11-12T00:00:00,2017-01-03T16:55:00,Encerrado-TERMINO DE LEGISLATURA (ART. 275 REG. INT.)
PL 510/2015,PL,2015,2015-09-23T00:00:00,2025-07-01T17:59:00,Encerrado-VETO TOTAL ACEITO
PL 510/2016,PL,2016,2016-10-03T00:00:00,2018-04-19T18:53:00,Encerrado-RETIRADO PELO AUTOR
PL 510/2019,PL,2019,2019-08-21T00:00:00,2025-01-22T19:28:48,Encerrado-TERMINO DE LEGISLATURA (ART. 275 REG. INT.)
PL 510/2020,PL,2020,2020-08-10T00:00:00,2025-01-13T22:17:02,Encerrado-TERMINO DE LEGISLATURA (ART. 275 REG. INT.)
PL 510/2022,PL,2022,2022-08-11T00:00:00,2023-08-29T15:27:05,Encerrado-RETIRADO PELO AUTOR
PL 510/2023,PL,2023,2023-09-05T00:00:00,2026-04-23T10:28:00,Encerrado-PROMULGADO
PL 510/2024,PL,2024,2024-07-12T00:00:00,2025-01-23T01:42:22,Encerrado-TERMINO DE LEGISLATURA (ART. 275 REG. INT.)
PL 510/2025,PL,2025,2025-05-08T00:00:00,2026-04-07T16:43:00,Encerrado-PROMULGADO
PL 511/2014,PL,2014,2014-11-12T00:00:00,2017-01-02T15:33:00,Encerrado-TERMINO DE LEGISLATURA (ART. 275 REG. INT.)
PL 511/2015,PL,2015,2015-09-24T00:00:00,2019-05-13T08:41:00,Encerrado-VETO TOTAL ACEITO
PL 511/2020,PL,2020,2020-08-11T00:00:00,2021-05-14T13:14:00,Encerrado-RETIRADO PELO AUTOR
PL 511/2021,PL,2021,2021-08-11T00:00:00,2025-11-18T18:19:00,Encerrado-PROMULGADO
PL 511/2023,PL,2023,2023-09-05T00:00:00,2023-12-11T13:40:00,Encerrado-PROMULGADO
PL 511/2024,PL,2024,2024-07-12T00:00:00,2025-01-22T23:59:51,Encerrado-TERMINO DE LEGISLATURA (ART. 275 REG. INT.)
PL 512/2014,PL,2014,2014-11-12T00:00:00,2017-01-03T18:26:00,Encerrado-TERMINO DE LEGISLATURA (ART. 275 REG. INT.)
PL 512/2015,PL,2015,2015-09-24T00:00:00,2017-04-11T00:00:00,Encerrado-PROMULGADO
PL 512/2016,PL,2016,2016-10-11T00:00:00,2017-01-04T17:50:00,Encerrado-TERMINO DE LEGISLATURA (ART. 275 REG. INT.)
PL 512/2017,PL,2017,2017-08-02T00:00:00,2018-05-09T09:11:00,Encerrado-PROMULGADO
PL 512/2018,PL,2018,2018-09-14T00:00:00,2019-04-30T09:10:00,Encerrado-PROMULGADO
PL 512/2020,PL,2020,2020-08-11T00:00:00,2021-05-13T15:44:05,Encerrado-RETIRADO PELO AUTOR
PL 512/2021,PL,2021,2021-08-12T00:00:00,2025-01-14T21:25:11,Encerrado-TERMINO DE LEGISLATURA (ART. 275 REG. INT.)
PL 512/2022,PL,2022,2022-08-15T00:00:00,2025-01-16T22:04:39,Encerrado-TERMINO DE LEGISLATURA (ART. 275 REG. INT.)
PL 512/2024,PL,2024,2024-07-15T00:00:00,2025-10-14T14:18:00,Encerrado-PROMULGADO
PL 513/2013,PL,2013,2013-08-05T00:00:00,2021-01-14T11:54:00,Encerrado-TERMINO DE LEGISLATURA (ART. 275 REG. INT.)
PL 513/2014,PL,2014,2014-11-12T00:00:00,2017-01-04T17:50:00,Encerrado-TERMINO DE LEGISLATURA (ART. 275 REG. INT.)
PL 513/2015,PL,2015,2015-09-24T00:00:00,2017-01-03T17:01:00,Encerrado-TERMINO DE LEGISLATURA (ART. 275 REG. INT.)
PL 513/2016,PL,2016,2016-10-11T00:00:00,2025-05-29T19:01:00,Encerrado-VETO TOTAL ACEITO
PL 513/2017,PL,2017,2017-08-03T00:00:00,2017-11-10T13:00:00,Encerrado-ILEGALIDADE (ART. 79 REG. INT.)
PL 513/2018,PL,2018,2018-09-14T00:00:00,2021-01-08T12:25:50,Encerrado-TERMINO DE LEGISLATURA (ART. 275 REG. INT.)
PL 513/2019,PL,2019,2019-08-22T00:00:00,2019-10-30T18:46:00,Encerrado-PROMULGADO
PL 513/2020,PL,2020,2020-08-11T00:00:00,2021-01-27T12:04:49,Encerrado-TERMINO DE LEGISLATURA (ART. 275 REG. INT.)
PL 513/2021,PL,2021,2021-08-12T00:00:00,2023-04-12T11:26:24,APENSADO
PL 514/2013,PL,2013,2013-08-06T00:00:00,2021-01-14T11:54:00,Encerrado-TERMINO DE LEGISLATURA (ART. 275 REG. INT.)
PL 514/2014,PL,2014,2014-11-12T00:00:00,2017-01-04T13:00:00,Encerrado-TERMINO DE LEGISLATURA (ART. 275 REG. INT.)
PL 514/2015,PL,2015,2015-09-24T00:00:00,2017-01-02T17:37:00,Encerrado-TERMINO DE LEGISLATURA (ART. 275 REG. INT.)
PL 514/2017,PL,2017,2017-08-03T00:00:00,2018-06-20T07:48:00,Encerrado-PROMULGADO
PL 514/2018,PL,2018,2018-09-14T00:00:00,2021-01-08T12:25:54,Encerrado-TERMINO DE LEGISLATURA (ART. 275 REG. INT.)
PL 514/2020,PL,2020,2020-08-12T00:00:00,2021-01-27T12:04:54,Encerrado-TERMINO DE LEGISLATURA (ART. 275 REG. INT.)
PL 514/2021,PL,2021,2021-08-12T00:00:00,2024-04-04T11:55:00,Encerrado-ILEGALIDADE (ART. 79 REG. INT.)
PL 514/2024,PL,2024,2024-07-16T00:00:00,2025-01-23T01:37:18,Encerrado-TERMINO DE LEGISLATURA (ART. 275 REG. INT.)
PL 515/2014,PL,2014,2014-11-13T00:00:00,2018-03-14T18:04:00,Encerrado-ILEGALIDADE (ART. 79 REG. INT.)
PL 515/2016,PL,2016,2016-10-19T00:00:00,2017-01-16T17:27:00,Encerrado-TERMINO DE LEGISLATURA (ART. 275 REG. INT.)
PL 515/2017,PL,2017,2017-08-03T00:00:00,2018-02-09T18:45:00,Encerrado-RETIRADO PELO AUTOR
PL 515/2019,PL,2019,2019-08-23T00:00:00,2019-11-04T00:00:00,APENSADO
PL 515/2020,PL,2020,2020-08-13T00:00:00,2025-01-13T22:40:35,Encerrado-TERMINO DE LEGISLATURA (ART. 275 REG. INT.)
PL 515/2024,PL,2024,2024-07-16T00:00:00,2025-01-23T01:37:17,Encerrado-TERMINO DE LEGISLATURA (ART. 275 REG. INT.)
PL 515/2025,PL,2025,2025-05-08T00:00:00,2025-12-17T13:35:17,APENSADO
PL 516/2014,PL,2014,2014-11-13T00:00:00,2017-01-04T13:00:00,Encerrado-TERMINO DE LEGISLATURA (ART. 275 REG. INT.)
PL 516/2016,PL,2016,2016-10-19T00:00:00,2025-05-29T19:01:00,Encerrado-VETO TOTAL ACEITO
PL 516/2017,PL,2017,2017-08-04T00:00:00,2018-09-19T00:00:00,Encerrado-PROMULGADO
PL 516/2018,PL,2018,2018-09-17T00:00:00,2019-11-04T08:43:00,Encerrado-PROMULGADO
PL 516/2019,PL,2019,2019-08-23T00:00:00,2020-02-11T14:06:00,Encerrado-RETIRADO PELO AUTOR
PL 516/2020,PL,2020,2020-08-13T00:00:00,2025-01-13T22:40:34,Encerrado-TERMINO DE LEGISLATURA (ART. 275 REG. INT.)
PL 516/2022,PL,2022,2022-08-17T00:00:00,2023-04-11T17:56:00,Encerrado-PROMULGADO
PL 517/2013,PL,2013,2013-08-06T00:00:00,2019-04-30T10:15:00,Encerrado-VETO TOTAL ACEITO
PL 517/2015,PL,2015,2015-09-25T00:00:00,2016-04-08T10:42:11,Encerrado-ILEGALIDADE (ART. 79 REG. INT.)
PL 517/2016,PL,2016,2016-10-25T00:00:00,2018-09-19T00:00:00,Encerrado-PROMULGADO
PL 517/2017,PL,2017,2017-08-04T00:00:00,2018-12-26T09:04:00,Encerrado-PROMULGADO
PL 517/2018,PL,2018,2018-09-18T00:00:00,2019-07-18T08:22:00,Encerrado-PROMULGADO
PL 517/2019,PL,2019,2019-08-23T00:00:00,2021-08-31T18:34:00,Encerrado-PROMULGADO
PL 517/2020,PL,2020,2020-08-13T00:00:00,2021-06-15T17:49:00,Encerrado-PROMULGADO
PL 517/2021,PL,2021,2021-08-12T00:00:00,2023-11-27T21:15:00,Devolução de Regularização
PL 517/2024,PL,2024,2024-07-17T00:00:00,2025-01-15T10:46:09,Encerrado-TERMINO DE LEGISLATURA (ART. 275 REG. INT.)
PL 518/2013,PL,2013,2013-08-06T00:00:00,2022-08-18T11:25:00,Devolução de Regularização
PL 518/2014,PL,2014,2014-11-13T00:00:00,2019-10-10T13:41:00,Encerrado-ILEGALIDADE (ART. 79 REG. INT.)
PL 518/2015,PL,2015,2015-09-25T00:00:00,2016-05-05T12:56:36,Encerrado-ILEGALIDADE (ART. 79 REG. INT.)
PL 518/2016,PL,2016,2016-10-25T00:00:00,2018-09-19T00:00:00,Encerrado-PROMULGADO
PL 518/2018,PL,2018,2018-09-18T00:00:00,2021-08-13T16:21:00,Encerrado-PROMULGADO
PL 518/2019,PL,2019,2019-08-23T00:00:00,2020-09-16T12:17:00,Encerrado-ILEGALIDADE (ART. 79 REG. INT.)
PL 518/2023,PL,2023,2023-09-06T00:00:00,2025-06-03T15:06:00,Encerrado-PROMULGADO
PL 518/2024,PL,2024,2024-07-17T00:00:00,2025-01-23T01:37:16,Encerrado-TERMINO DE LEGISLATURA (ART. 275 REG. INT.)
PL 519/2013,PL,2013,2013-08-06T00:00:00,2021-01-14T11:54:00,Encerrado-TERMINO DE LEGISLATURA (ART. 275 REG. INT.)
PL 519/2014,PL,2014,2014-11-14T00:00:00,2017-01-03T16:55:00,Encerrado-TERMINO DE LEGISLATURA (ART. 275 REG. INT.)
PL 519/2015,PL,2015,2015-09-25T00:00:00,2016-05-05T13:00:32,Encerrado-ILEGALIDADE (ART. 79 REG. INT.)
PL 519/2016,PL,2016,2016-10-31T00:00:00,2019-01-16T15:36:00,Encerrado-PROMULGADO
PL 519/2018,PL,2018,2018-09-18T00:00:00,2025-01-13T18:35:00,Encerrado-TERMINO DE LEGISLATURA (ART. 275 REG. INT.)
PL 519/2019,PL,2019,2019-08-26T00:00:00,2020-03-19T08:17:00,Encerrado-PROMULGADO
PL 519/2022,PL,2022,2022-08-24T00:00:00,2022-08-31T16:36:00,Encerrado-RETIRADO PELO AUTOR
PL 519/2024,PL,2024,2024-07-17T00:00:00,2025-01-21T13:46:57,Encerrado-TERMINO DE LEGISLATURA (ART. 275 REG. INT.)
PL 52/2013,PL,2013,2013-02-28T00:00:00,2021-01-14T11:32:00,Encerrado-TERMINO DE LEGISLATURA (ART. 275 REG. INT.)
PL 52/2014,PL,2014,2014-02-19T00:00:00,2021-01-13T16:03:00,Encerrado-TERMINO DE LEGISLATURA (ART. 275 REG. INT.)
PL 52/2017,PL,2017,2017-02-07T00:00:00,2018-03-14T18:07:00,Encerrado-PROMULGADO
PL 52/2018,PL,2018,2018-02-22T00:00:00,2018-09-28T10:53:00,Encerrado-PROMULGADO
PL 52/2019,PL,2019,2019-02-12T00:00:00,2019-12-03T18:08:00,Encerrado-PROMULGADO
PL 52/2020,PL,2020,2020-02-12T00:00:00,2025-11-28T15:31:00,Encerrado-ILEGALIDADE (ART. 79 REG. INT.)
PL 52/2022,PL,2022,2022-02-14T00:00:00,2025-01-09T15:19:00,Encerrado-TERMINO DE LEGISLATURA (ART. 275 REG. INT.)
PL 520/2014,PL,2014,2014-11-17T00:00:00,2021-01-05T12:27:23,Encerrado-TERMINO DE LEGISLATURA (ART. 275 REG. INT.)
PL 520/2016,PL,2016,2016-10-31T00:00:00,2017-09-01T10:41:00,Encerrado-ILEGALIDADE (ART. 79 REG. INT.)
PL 520/2017,PL,2017,2017-08-08T00:00:00,2025-05-29T19:01:00,Encerrado-VETO TOTAL ACEITO
PL 520/2018,PL,2018,2018-09-18T00:00:00,2019-04-01T14:53:00,Encerrado-RETIRADO PELO AUTOR
PL 520/2019,PL,2019,2019-08-27T00:00:00,2025-01-14T14:17:00,Encerrado-TERMINO DE LEGISLATURA (ART. 275 REG. INT.)
PL 520/2021,PL,2021,2021-08-12T00:00:00,2022-08-29T14:19:52,APENSADO
PL 520/2022,PL,2022,2022-08-24T00:00:00,2025-01-23T15:40:07,Encerrado-TERMINO DE LEGISLATURA (ART. 275 REG. INT.)
PL 520/2023,PL,2023,2023-09-06T00:00:00,2025-01-20T13:36:00,Encerrado-PROMULGADO
PL 521/2013,PL,2013,2013-08-08T00:00:00,2021-01-14T11:54:00,Encerrado-TERMINO DE LEGISLATURA (ART. 275 REG. INT.)
PL 521/2014,PL,2014,2014-11-19T00:00:00,2017-01-03T16:55:00,Encerrado-TERMINO DE LEGISLATURA (ART. 275 REG. INT.)
PL 521/2015,PL,2015,2015-09-28T00:00:00,2017-01-02T14:40:00,Encerrado-TERMINO DE LEGISLATURA (ART. 275 REG. INT.)
PL 521/2016,PL,2016,2016-10-31T00:00:00,2018-03-28T10:26:00,Encerrado-PROMULGADO
PL 521/2017,PL,2017,2017-08-08T00:00:00,2017-12-07T14:37:00,Encerrado-RETIRADO PELO AUTOR
PL 521/2019,PL,2019,2019-08-27T00:00:00,2021-01-06T23:45:24,Encerrado-TERMINO DE LEGISLATURA (ART. 275 REG. INT.)
PL 521/2020,PL,2020,2020-08-13T00:00:00,2022-04-01T18:27:00,Encerrado-PROMULGADO
PL 521/2023,PL,2023,2023-09-06T00:00:00,2025-11-28T15:31:00,Encerrado-ILEGALIDADE (ART. 79 REG. INT.)
PL 521/2024,PL,2024,2024-07-18T00:00:00,2025-01-23T00:06:16,Encerrado-TERMINO DE LEGISLATURA (ART. 275 REG. INT.)
PL 522/2015,PL,2015,2015-09-28T00:00:00,2017-01-02T16:10:00,Encerrado-TERMINO DE LEGISLATURA (ART. 275 REG. INT.)
PL 522/2016,PL,2016,2016-10-31T00:00:00,2018-10-09T13:23:00,Encerrado-PROMULGADO
PL 522/2017,PL,2017,2017-08-08T00:00:00,2018-03-16T17:50:00,Encerrado-RETIRADO PELO AUTOR
PL 522/2019,PL,2019,2019-08-27T00:00:00,2025-05-28T13:24:00,Encerrado-VETO PARCIAL ACEITO
PL 522/2021,PL,2021,2021-08-12T00:00:00,2025-09-25T11:46:00,Encerrado-PROMULGADO
PL 522/2023,PL,2023,2023-09-11T00:00:00,2024-05-03T16:29:41,Encerrado-RETIRADO PELO AUTOR
PL 523/2015,PL,2015,2015-09-28T00:00:00,2017-01-03T17:01:00,Encerrado-TERMINO DE LEGISLATURA (ART. 275 REG. INT.)
PL 523/2016,PL,2016,2016-10-31T00:00:00,2018-03-28T10:26:00,Encerrado-PROMULGADO
PL 523/2018,PL,2018,2018-10-10T00:00:00,2019-07-01T18:47:00,Encerrado-ILEGALIDADE (ART. 79 REG. INT.)
PL 523/2019,PL,2019,2019-08-27T00:00:00,2025-03-13T14:44:00,Encerrado-VETO TOTAL ACEITO
PL 523/2020,PL,2020,2020-08-18T00:00:00,2022-07-06T17:57:00,Encerrado-PROMULGADO
PL 523/2022,PL,2022,2022-08-25T00:00:00,2023-12-13T18:48:00,Encerrado-PROMULGADO
PL 523/2023,PL,2023,2023-09-11T00:00:00,2026-05-28T10:19:00,Encerrado-PROMULGADO
PL 523/2024,PL,2024,2024-07-19T00:00:00,2024-08-29T14:50:40,Encerrado-RETIRADO PELO AUTOR
PL 524/2013,PL,2013,2013-08-08T00:00:00,2018-03-12T17:48:00,Encerrado-RETIRADO PELO AUTOR
PL 524/2014,PL,2014,2014-11-25T00:00:00,2016-03-30T00:00:00,Encerrado-PROMULGADO
PL 524/2015,PL,2015,2015-09-29T00:00:00,2021-01-05T14:10:23,Encerrado-TERMINO DE LEGISLATURA (ART. 275 REG. INT.)
PL 524/2016,PL,2016,2016-10-31T00:00:00,2018-10-04T08:56:00,Encerrado-PROMULGADO
PL 524/2017,PL,2017,2017-08-08T00:00:00,2025-05-29T19:01:00,Encerrado-VETO TOTAL ACEITO
PL 524/2018,PL,2018,2018-10-10T00:00:00,2021-01-04T13:37:09,Encerrado-TERMINO DE LEGISLATURA (ART. 275 REG. INT.)
PL 524/2019,PL,2019,2019-08-27T00:00:00,2021-08-31T18:34:00,Encerrado-PROMULGADO
PL 524/2020,PL,2020,2020-08-18T00:00:00,2022-07-06T17:57:00,Encerrado-PROMULGADO
PL 524/2022,PL,2022,2022-08-25T00:00:00,2023-10-18T13:20:00,Encerrado-PROMULGADO
PL 524/2026,PL,2026,2026-06-24T00:00:00,2026-09-22T18:58:41,APENSADO
PL 525/2013,PL,2013,2013-08-08T00:00:00,2025-05-22T19:48:00,Encerrado-VETO TOTAL ACEITO
PL 525/2014,PL,2014,2014-11-25T00:00:00,2019-04-22T08:13:00,Encerrado-PROMULGADO
PL 525/2016,PL,2016,2016-10-31T00:00:00,2017-09-19T16:13:00,Encerrado-RETIRADO PELO AUTOR
PL 525/2017,PL,2017,2017-08-08T00:00:00,2018-05-09T09:11:00,Encerrado-PROMULGADO
PL 525/2019,PL,2019,2019-08-28T00:00:00,2020-02-11T08:16:00,Encerrado-PROMULGADO
PL 525/2022,PL,2022,2022-08-26T00:00:00,2022-12-14T17:29:00,Encerrado-PROMULGADO
PL 525/2023,PL,2023,2023-09-12T00:00:00,2025-12-17T12:49:00,Encerrado-PROMULGADO
PL 525/2024,PL,2024,2024-07-22T00:00:00,2025-01-23T01:57:08,Encerrado-TERMINO DE LEGISLATURA (ART. 275 REG. INT.)
PL 525/2025,PL,2025,2025-05-09T00:00:00,2026-08-25T16:04:37,APENSADO
PL 526/2013,PL,2013,2013-08-08T00:00:00,2021-01-14T11:54:00,Encerrado-TERMINO DE LEGISLATURA (ART. 275 REG. INT.)
PL 526/2014,PL,2014,2014-11-26T00:00:00,2016-02-02T17:37:58,Encerrado-PROMULGADO
PL 526/2015,PL,2015,2015-09-29T00:00:00,2016-06-22T18:03:23,Encerrado-PROMULGADO
PL 526/2016,PL,2016,2016-11-11T00:00:00,2017-09-19T16:13:00,Encerrado-RETIRADO PELO AUTOR
PL 526/2017,PL,2017,2017-08-08T00:00:00,2019-10-23T08:51:00,Encerrado-VETO TOTAL ACEITO
PL 526/2018,PL,2018,2018-10-10T00:00:00,2019-11-04T09:46:00,Encerrado-PROMULGADO
PL 526/2019,PL,2019,2019-08-28T00:00:00,2021-10-08T17:25:00,Encerrado-PROMULGADO
PL 526/2021,PL,2021,2021-08-12T00:00:00,2022-03-16T18:47:00,Encerrado-RETIRADO PELO AUTOR
PL 527/2013,PL,2013,2013-08-08T00:00:00,2021-01-14T11:54:00,Encerrado-TERMINO DE LEGISLATURA (ART. 275 REG. INT.)
PL 527/2016,PL,2016,2016-11-01T00:00:00,2019-01-16T15:37:00,Encerrado-PROMULGADO
PL 527/2018,PL,2018,2018-10-10T00:00:00,2020-03-04T07:50:00,Encerrado-PROMULGADO
PL 527/2020,PL,2020,2020-08-18T00:00:00,2020-11-16T16:15:00,Encerrado-PROMULGADO
PL 527/2022,PL,2022,2022-08-29T00:00:00,2026-09-17T12:08:00,Encerrado-PROMULGADO
PL 527/2023,PL,2023,2023-09-12T00:00:00,2026-03-04T10:51:00,Encerrado-PROMULGADO
PL 528/2013,PL,2013,2013-08-08T00:00:00,2021-01-14T11:54:00,Encerrado-TERMINO DE LEGISLATURA (ART. 275 REG. INT.)
PL 528/2016,PL,2016,2016-11-01T00:00:00,2019-10-18T10:09:00,Encerrado-VETO TOTAL ACEITO
PL 528/2017,PL,2017,2017-08-09T00:00:00,2018-02-22T10:23:00,Encerrado-PROMULGADO
PL 528/2019,PL,2019,2019-08-28T00:00:00,2021-08-31T18:34:00,Encerrado-PROMULGADO
PL 528/2020,PL,2020,2020-08-19T00:00:00,2025-03-20T13:34:00,Encerrado-PROMULGADO
PL 528/2021,PL,2021,2021-08-12T00:00:00,2022-07-04T11:31:00,Encerrado-PROMULGADO
PL 528/2024,PL,2024,2024-07-22T00:00:00,2026-03-11T14:37:00,Encerrado-PROMULGADO
PL 529/2015,PL,2015,2015-09-29T00:00:00,2025-07-01T17:59:00,Encerrado-VETO TOTAL ACEITO
PL 529/2016,PL,2016,2016-11-01T00:00:00,2017-01-02T11:22:00,Encerrado-TERMINO DE LEGISLATURA (ART. 275 REG. INT.)
PL 529/2017,PL,2017,2017-08-09T00:00:00,2018-02-15T11:28:00,Encerrado-PROMULGADO
PL 529/2022,PL,2022,2022-08-30T00:00:00,2023-08-09T14:11:00,Encerrado-PROMULGADO
PL 529/2023,PL,2023,2023-09-13T00:00:00,2024-06-24T14:50:00,Encerrado-PROMULGADO
PL 53/2013,PL,2013,2013-02-28T00:00:00,2025-03-26T17:07:00,Encerrado-VETO PARCIAL ACEITO
PL 53/2014,PL,2014,2014-02-19T00:00:00,2017-01-02T18:28:00,Encerrado-TERMINO DE LEGISLATURA (ART. 275 REG. INT.)
PL 53/2015,PL,2015,2015-02-25T00:00:00,2016-07-22T15:07:26,Encerrado-ARQUIVADO
PL 53/2016,PL,2016,2016-02-22T00:00:00,2017-01-02T10:00:00,Encerrado-TERMINO DE LEGISLATURA (ART. 275 REG. INT.)
PL 53/2017,PL,2017,2017-02-07T00:00:00,2019-06-05T09:26:00,Encerrado-VETO TOTAL ACEITO
PL 53/2018,PL,2018,2018-02-22T00:00:00,2018-05-24T18:00:00,Encerrado-RETIRADO PELO AUTOR
PL 53/2019,PL,2019,2019-02-12T00:00:00,2021-10-19T17:06:00,Encerrado-PROMULGADO
PL 53/2020,PL,2020,2020-02-12T00:00:00,2025-01-13T22:26:35,Encerrado-TERMINO DE LEGISLATURA (ART. 275 REG. INT.)
PL 53/2022,PL,2022,2022-02-14T00:00:00,2023-05-31T13:50:27,APENSADO
PL 53/2023,PL,2023,2023-02-14T00:00:00,2025-10-23T10:20:09,Encerrado-RETIRADO PELO AUTOR
PL 53/2024,PL,2024,2024-01-30T00:00:00,2025-01-23T01:37:03,Encerrado-TERMINO DE LEGISLATURA (ART. 275 REG. INT.)
PL 530/2013,PL,2013,2013-08-09T00:00:00,2019-04-18T10:02:00,Encerrado-VETO TOTAL ACEITO
PL 530/2014,PL,2014,2014-11-26T00:00:00,2016-01-06T00:00:00,Encerrado-PROMULGADO
PL 530/2015,PL,2015,2015-09-29T00:00:00,2016-08-24T00:00:00,Encerrado-PROMULGADO
PL 530/2016,PL,2016,2016-11-03T00:00:00,2018-06-06T07:56:00,Encerrado-PROMULGADO
PL 530/2018,PL,2018,2018-09-25T00:00:00,2021-01-18T15:35:00,Devolução de Regularização
PL 530/2020,PL,2020,2020-08-19T00:00:00,2021-10-08T17:25:00,Encerrado-PROMULGADO
PL 530/2022,PL,2022,2022-08-30T00:00:00,2025-01-16T22:37:16,Encerrado-TERMINO DE LEGISLATURA (ART. 275 REG. INT.)
PL 530/2024,PL,2024,2024-07-23T00:00:00,2025-01-15T10:46:11,Encerrado-TERMINO DE LEGISLATURA (ART. 275 REG. INT.)
PL 531/2013,PL,2013,2013-08-09T00:00:00,2025-01-13T14:58:00,Encerrado-TERMINO DE LEGISLATURA (ART. 275 REG. INT.)
PL 531/2014,PL,2014,2014-11-26T00:00:00,2015-11-10T00:00:00,Encerrado-PROMULGADO
PL 531/2015,PL,2015,2015-09-29T00:00:00,2017-01-02T12:52:00,Encerrado-TERMINO DE LEGISLATURA (ART. 275 REG. INT.)
PL 531/2016,PL,2016,2016-11-03T00:00:00,2017-01-03T00:00:00,Encerrado-TERMINO DE LEGISLATURA (ART. 275 REG. INT.)
PL 531/2020,PL,2020,2020-08-20T00:00:00,2025-07-30T16:03:53,Encerrado-RETIRADO PELO AUTOR
PL 531/2021,PL,2021,2021-08-13T00:00:00,2025-01-14T22:44:44,Encerrado-TERMINO DE LEGISLATURA (ART. 275 REG. INT.)
PL 531/2024,PL,2024,2024-07-24T00:00:00,2024-12-16T13:54:00,Encerrado-PROMULGADO
PL 532/2013,PL,2013,2013-08-09T00:00:00,2017-11-06T09:22:00,Encerrado-PROMULGADO
PL 532/2015,PL,2015,2015-09-30T00:00:00,2017-10-11T12:38:00,Encerrado-PROMULGADO
PL 532/2019,PL,2019,2019-08-29T00:00:00,2019-12-19T00:00:00,APENSADO
PL 532/2020,PL,2020,2020-08-21T00:00:00,2025-01-13T22:32:16,Encerrado-TERMINO DE LEGISLATURA (ART. 275 REG. INT.)
PL 532/2023,PL,2023,2023-09-15T00:00:00,2025-01-14T10:47:16,Encerrado-TERMINO DE LEGISLATURA (ART. 275 REG. INT.)
PL 533/2013,PL,2013,2013-08-12T00:00:00,2021-01-14T11:54:00,Encerrado-TERMINO DE LEGISLATURA (ART. 275 REG. INT.)
PL 533/2014,PL,2014,2014-12-01T00:00:00,2015-11-25T15:10:21,Encerrado-ILEGALIDADE (ART. 79 REG. INT.)
PL 533/2015,PL,2015,2015-09-30T00:00:00,2016-12-14T00:00:00,Encerrado-PROMULGADO
PL 533/2016,PL,2016,2016-11-08T00:00:00,2019-01-16T15:37:00,Encerrado-PROMULGADO
PL 533/2017,PL,2017,2017-08-10T00:00:00,2018-06-15T00:00:00,Encerrado-ILEGALIDADE (ART. 79 REG. INT.)
PL 533/2018,PL,2018,2018-10-10T00:00:00,2019-07-18T08:22:00,Encerrado-PROMULGADO
PL 533/2019,PL,2019,2019-08-29T00:00:00,2021-08-19T17:50:00,Encerrado-PROMULGADO
PL 533/2021,PL,2021,2021-08-13T00:00:00,2023-08-08T15:08:00,Encerrado-PROMULGADO
PL 533/2024,PL,2024,2024-07-25T00:00:00,2024-08-13T16:44:00,Encerrado-RETIRADO PELO AUTOR
PL 534/2013,PL,2013,2013-08-13T00:00:00,2021-01-05T13:16:15,Encerrado-TERMINO DE LEGISLATURA (ART. 275 REG. INT.)
PL 534/2015,PL,2015,2015-09-30T00:00:00,2017-04-18T00:00:00,Encerrado-PROMULGADO
PL 534/2018,PL,2018,2018-10-10T00:00:00,2019-11-13T09:01:00,Encerrado-PROMULGADO
PL 534/2020,PL,2020,2020-08-21T00:00:00,2021-01-27T11:42:34,Encerrado-TERMINO DE LEGISLATURA (ART. 275 REG. INT.)
PL 534/2021,PL,2021,2021-08-13T00:00:00,2024-05-02T17:05:57,Encerrado-RETIRADO PELO AUTOR
PL 534/2023,PL,2023,2023-09-15T00:00:00,2024-07-30T16:03:04,APENSADO
PL 534/2024,PL,2024,2024-07-25T00:00:00,2025-01-22T23:28:48,Encerrado-TERMINO DE LEGISLATURA (ART. 275 REG. INT.)
PL 535/2013,PL,2013,2013-08-13T00:00:00,2019-05-28T08:25:00,Encerrado-VETO TOTAL ACEITO
PL 535/2017,PL,2017,2017-08-10T00:00:00,2019-05-30T18:03:00,Encerrado-VETO PARCIAL ACEITO
PL 535/2018,PL,2018,2018-10-10T00:00:00,2019-02-15T11:18:00,Encerrado-RETIRADO PELO AUTOR
PL 535/2019,PL,2019,2019-08-29T00:00:00,2019-12-06T00:00:00,APENSADO
PL 535/2020,PL,2020,2020-08-24T00:00:00,2025-05-20T10:36:58,Encerrado-RETIRADO PELO AUTOR
PL 535/2021,PL,2021,2021-08-13T00:00:00,2022-04-13T14:28:00,Encerrado-PROMULGADO
PL 535/2022,PL,2022,2022-08-31T00:00:00,2026-06-09T11:49:00,Encerrado-PROMULGADO
PL 535/2023,PL,2023,2023-09-15T00:00:00,2025-11-28T15:31:00,Encerrado-ILEGALIDADE (ART. 79 REG. INT.)
PL 536/2013,PL,2013,2013-08-13T00:00:00,2019-09-16T17:44:00,Encerrado-VETO TOTAL ACEITO
PL 536/2014,PL,2014,2014-12-02T00:00:00,2015-10-26T12:55:20,Encerrado-PROMULGADO
PL 536/2017,PL,2017,2017-08-10T00:00:00,2025-01-13T16:59:00,Encerrado-TERMINO DE LEGISLATURA (ART. 275 REG. INT.)
PL 536/2018,PL,2018,2018-09-28T00:00:00,2025-05-28T13:31:00,Encerrado-VETO PARCIAL ACEITO
PL 536/2019,PL,2019,2019-08-29T00:00:00,2019-12-06T11:14:00,Encerrado-ILEGALIDADE (ART. 79 REG. INT.)
PL 536/2021,PL,2021,2021-08-17T00:00:00,2022-05-03T14:21:00,Encerrado-PROMULGADO
PL 536/2022,PL,2022,2022-08-31T00:00:00,2025-01-16T22:11:56,Encerrado-TERMINO DE LEGISLATURA (ART. 275 REG. INT.)
PL 536/2023,PL,2023,2023-09-18T00:00:00,2025-09-25T11:46:00,Encerrado-PROMULGADO
PL 537/2013,PL,2013,2013-08-13T00:00:00,2019-04-22T18:24:00,Encerrado-VETO PARCIAL ACEITO
PL 537/2014,PL,2014,2014-12-03T00:00:00,2015-08-20T16:09:19,Encerrado-PROMULGADO
PL 537/2015,PL,2015,2015-09-30T00:00:00,2016-04-08T00:00:00,Encerrado-PROMULGADO
PL 537/2016,PL,2016,2016-11-10T00:00:00,2021-03-08T15:08:00,Encerrado-RETIRADO PELO AUTOR
PL 537/2018,PL,2018,2018-10-10T00:00:00,2021-01-06T21:22:32,Encerrado-TERMINO DE LEGISLATURA (ART. 275 REG. INT.)
PL 537/2019,PL,2019,2019-08-30T00:00:00,2020-02-19T10:11:00,Encerrado-RETIRADO PELO AUTOR
PL 537/2021,PL,2021,2021-08-17T00:00:00,2024-09-06T18:56:00,Encerrado-PROMULGADO
PL 538/2013,PL,2013,2013-08-13T00:00:00,2025-05-22T19:49:00,Encerrado-VETO TOTAL ACEITO
PL 538/2015,PL,2015,2015-09-30T00:00:00,2019-04-30T09:46:00,Encerrado-VETO PARCIAL ACEITO
PL 538/2016,PL,2016,2016-11-16T00:00:00,2017-01-02T11:22:00,Encerrado-TERMINO DE LEGISLATURA (ART. 275 REG. INT.)
PL 538/2018,PL,2018,2018-10-10T00:00:00,2019-10-18T09:58:00,Encerrado-PROMULGADO
PL 538/2019,PL,2019,2019-08-30T00:00:00,2021-08-31T18:34:00,Encerrado-PROMULGADO
PL 538/2022,PL,2022,2022-09-05T00:00:00,2025-01-09T12:19:32,Encerrado-TERMINO DE LEGISLATURA (ART. 275 REG. INT.)
PL 538/2023,PL,2023,2023-09-18T00:00:00,2026-03-04T10:51:00,Encerrado-PROMULGADO
PL 538/2024,PL,2024,2024-07-30T00:00:00,2025-01-23T01:42:21,Encerrado-TERMINO DE LEGISLATURA (ART. 275 REG. INT.)
PL 539/2014,PL,2014,2014-12-03T00:00:00,2017-01-02T14:12:00,Encerrado-TERMINO DE LEGISLATURA (ART. 275 REG. INT.)
PL 539/2015,PL,2015,2015-09-30T00:00:00,2019-05-13T08:43:00,Encerrado-VETO TOTAL ACEITO
PL 539/2017,PL,2017,2017-08-11T00:00:00,2018-01-31T10:02:00,Encerrado-PROMULGADO
PL 539/2018,PL,2018,2018-10-10T00:00:00,2019-06-18T14:43:00,Encerrado-ILEGALIDADE (ART. 79 REG. INT.)
PL 539/2019,PL,2019,2019-09-02T00:00:00,2025-05-29T09:47:00,Encerrado-VETO PARCIAL ACEITO
PL 539/2021,PL,2021,2021-08-18T00:00:00,2025-01-14T21:37:18,Encerrado-TERMINO DE LEGISLATURA (ART. 275 REG. INT.)
PL 539/2022,PL,2022,2022-09-05T00:00:00,2025-01-16T22:33:57,Encerrado-TERMINO DE LEGISLATURA (ART. 275 REG. INT.)
PL 539/2024,PL,2024,2024-07-30T00:00:00,2025-01-23T01:42:20,Encerrado-TERMINO DE LEGISLATURA (ART. 275 REG. INT.)
PL 54/2014,PL,2014,2014-02-19T00:00:00,2016-11-03T00:00:00,Encerrado-PROMULGADO
PL 54/2016,PL,2016,2016-02-23T00:00:00,2016-05-31T11:52:00,Encerrado-ILEGALIDADE (ART. 79 REG. INT.)
PL 54/2017,PL,2017,2017-02-07T00:00:00,2017-07-11T00:00:00,Encerrado-PROMULGADO
PL 54/2018,PL,2018,2018-02-22T00:00:00,2019-01-16T13:06:00,Encerrado-PROMULGADO
PL 54/2019,PL,2019,2019-02-12T00:00:00,2019-08-29T18:41:00,Encerrado-ILEGALIDADE (ART. 79 REG. INT.)
PL 54/2020,PL,2020,2020-02-12T00:00:00,2021-09-09T15:32:00,Encerrado-PROMULGADO
PL 54/2021,PL,2021,2021-02-04T00:00:00,2021-06-15T17:49:00,Encerrado-PROMULGADO
PL 54/2022,PL,2022,2022-02-14T00:00:00,2026-01-20T13:56:00,Encerrado-PROMULGADO
PL 54/2023,PL,2023,2023-02-14T00:00:00,2025-01-20T23:08:41,Encerrado-TERMINO DE LEGISLATURA (ART. 275 REG. INT.)
PL 540/2014,PL,2014,2014-12-03T00:00:00,2025-01-13T15:38:00,Encerrado-TERMINO DE LEGISLATURA (ART. 275 REG. INT.)
PL 540/2016,PL,2016,2016-11-17T00:00:00,2025-03-12T14:05:00,Encerrado-VETO TOTAL ACEITO
PL 540/2018,PL,2018,2018-10-10T00:00:00,2019-06-03T18:31:00,Encerrado-ILEGALIDADE (ART. 79 REG. INT.)
PL 540/2019,PL,2019,2019-09-02T00:00:00,2025-01-14T14:17:00,Encerrado-TERMINO DE LEGISLATURA (ART. 275 REG. INT.)
PL 540/2020,PL,2020,2020-08-26T00:00:00,2025-01-22T14:48:58,Encerrado-TERMINO DE LEGISLATURA (ART. 275 REG. INT.)
PL 540/2021,PL,2021,2021-08-18T00:00:00,2023-08-08T15:08:00,Encerrado-PROMULGADO
PL 540/2022,PL,2022,2022-09-05T00:00:00,2025-09-16T10:53:00,Encerrado-ARQUIVADO
PL 541/2013,PL,2013,2013-08-13T00:00:00,2017-01-02T16:12:00,Encerrado-TERMINO DE LEGISLATURA (ART. 275 REG. INT.)
PL 541/2014,PL,2014,2014-12-03T00:00:00,2015-05-15T12:11:48,Encerrado-ILEGALIDADE (ART. 79 REG. INT.)
PL 541/2015,PL,2015,2015-10-02T00:00:00,2016-02-25T00:00:00,Encerrado-PROMULGADO
PL 541/2017,PL,2017,2017-08-11T00:00:00,2017-09-01T00:00:00,Encerrado-RETIRADO PELO AUTOR
PL 541/2018,PL,2018,2018-10-10T00:00:00,2019-05-10T16:30:00,Encerrado-ILEGALIDADE (ART. 79 REG. INT.)
PL 541/2020,PL,2020,2020-08-26T00:00:00,2026-05-12T18:07:00,Encerrado-PROMULGADO
PL 541/2024,PL,2024,2024-07-30T00:00:00,2025-10-20T17:24:15,Encerrado-RETIRADO PELO AUTOR
PL 542/2014,PL,2014,2014-12-03T00:00:00,2016-06-03T10:07:36,Encerrado-ARQUIVADO
PL 542/2015,PL,2015,2015-10-05T00:00:00,2018-04-24T00:00:00,Encerrado-PROMULGADO
PL 542/2017,PL,2017,2017-08-11T00:00:00,2021-01-13T12:03:00,Encerrado-TERMINO DE LEGISLATURA (ART. 275 REG. INT.)
PL 542/2018,PL,2018,2018-10-10T00:00:00,2020-01-14T09:57:00,Encerrado-PROMULGADO
PL 542/2019,PL,2019,2019-09-02T00:00:00,2025-01-14T14:17:00,Encerrado-TERMINO DE LEGISLATURA (ART. 275 REG. INT.)
PL 542/2020,PL,2020,2020-08-26T00:00:00,2026-05-12T18:07:00,Encerrado-PROMULGADO
PL 543/2013,PL,2013,2013-08-13T00:00:00,2025-03-26T23:33:00,Encerrado-VETO TOTAL ACEITO
PL 543/2015,PL,2015,2015-10-05T00:00:00,2017-01-02T10:00:00,Encerrado-TERMINO DE LEGISLATURA (ART. 275 REG. INT.)
PL 543/2017,PL,2017,2017-08-11T00:00:00,2018-07-16T12:21:00,Encerrado-PROMULGADO
PL 543/2018,PL,2018,2018-10-10T00:00:00,2025-01-13T18:35:00,Encerrado-TERMINO DE LEGISLATURA (ART. 275 REG. INT.)
PL 543/2019,PL,2019,2019-09-02T00:00:00,2025-01-14T14:17:00,Encerrado-TERMINO DE LEGISLATURA (ART. 275 REG. INT.)
PL 543/2022,PL,2022,2022-09-06T00:00:00,2024-06-12T16:21:00,Devolução de Regularização
PL 543/2023,PL,2023,2023-09-19T00:00:00,2025-11-28T15:31:00,Encerrado-ILEGALIDADE (ART. 79 REG. INT.)
PL 544/2013,PL,2013,2013-08-13T00:00:00,2015-05-25T10:46:20,Encerrado-ILEGALIDADE (ART. 79 REG. INT.)
PL 544/2014,PL,2014,2014-12-03T00:00:00,2019-10-30T18:43:00,Encerrado-VETO PARCIAL ACEITO
PL 544/2015,PL,2015,2015-10-06T00:00:00,2019-04-18T10:09:00,Encerrado-VETO PARCIAL ACEITO
PL 544/2016,PL,2016,2016-11-23T00:00:00,2018-01-18T17:20:00,Encerrado-PROMULGADO
PL 544/2019,PL,2019,2019-09-02T00:00:00,2025-01-22T10:22:00,Encerrado-TERMINO DE LEGISLATURA (ART. 275 REG. INT.)
PL 544/2020,PL,2020,2020-08-26T00:00:00,2023-07-25T18:36:00,Encerrado-ILEGALIDADE (ART. 79 REG. INT.)
PL 544/2021,PL,2021,2021-08-19T00:00:00,2023-03-17T14:06:33,Encerrado-RETIRADO PELO AUTOR
PL 544/2022,PL,2022,2022-09-06T00:00:00,2024-01-08T17:50:00,Encerrado-PROMULGADO
PL 544/2023,PL,2023,2023-09-19T00:00:00,2023-09-21T14:37:00,Encerrado-RETIRADO PELO AUTOR
PL 545/2013,PL,2013,2013-08-13T00:00:00,2021-01-14T11:54:00,Encerrado-TERMINO DE LEGISLATURA (ART. 275 REG. INT.)
PL 545/2014,PL,2014,2014-12-03T00:00:00,2015-11-05T00:00:00,Encerrado-PROMULGADO
PL 545/2015,PL,2015,2015-10-06T00:00:00,2017-01-02T16:10:00,Encerrado-TERMINO DE LEGISLATURA (ART. 275 REG. INT.)
PL 545/2016,PL,2016,2016-11-23T00:00:00,2017-01-02T11:22:00,Encerrado-TERMINO DE LEGISLATURA (ART. 275 REG. INT.)
PL 545/2017,PL,2017,2017-08-14T00:00:00,2018-05-24T17:00:00,Encerrado-RETIRADO PELO AUTOR
PL 545/2019,PL,2019,2019-09-02T00:00:00,2025-01-22T14:19:06,Encerrado-TERMINO DE LEGISLATURA (ART. 275 REG. INT.)
PL 545/2020,PL,2020,2020-08-27T00:00:00,2024-12-19T15:03:00,Encerrado-PROMULGADO
PL 546/2013,PL,2013,2013-08-13T00:00:00,2021-01-14T11:54:00,Encerrado-TERMINO DE LEGISLATURA (ART. 275 REG. INT.)
PL 546/2014,PL,2014,2014-12-04T00:00:00,2025-05-22T19:29:00,Encerrado-VETO TOTAL ACEITO
PL 546/2015,PL,2015,2015-10-07T00:00:00,2025-01-13T15:40:00,Encerrado-TERMINO DE LEGISLATURA (ART. 275 REG. INT.)
PL 546/2016,PL,2016,2016-11-23T00:00:00,2025-05-29T19:01:00,Encerrado-VETO TOTAL ACEITO
PL 546/2017,PL,2017,2017-08-14T00:00:00,2018-09-19T00:00:00,Encerrado-PROMULGADO
PL 546/2018,PL,2018,2018-10-10T00:00:00,2025-01-13T18:35:00,Encerrado-TERMINO DE LEGISLATURA (ART. 275 REG. INT.)
PL 546/2019,PL,2019,2019-09-02T00:00:00,2021-01-13T17:58:00,Encerrado-PROMULGADO
PL 546/2020,PL,2020,2020-08-27T00:00:00,2021-09-13T17:51:00,Encerrado-PROMULGADO
PL 546/2024,PL,2024,2024-07-30T00:00:00,2025-07-04T13:41:00,Encerrado-PROMULGADO
PL 547/2013,PL,2013,2013-08-13T00:00:00,2025-07-08T12:24:00,Encerrado-VETO TOTAL ACEITO
PL 547/2015,PL,2015,2015-10-07T00:00:00,2019-06-05T09:18:00,Encerrado-VETO TOTAL ACEITO
PL 547/2016,PL,2016,2016-11-23T00:00:00,2018-05-09T09:08:00,Encerrado-PROMULGADO
PL 547/2017,PL,2017,2017-08-15T00:00:00,2025-01-22T13:15:37,Encerrado-TERMINO DE LEGISLATURA (ART. 275 REG. INT.)
PL 547/2018,PL,2018,2018-10-10T00:00:00,2025-01-13T18:35:00,Encerrado-TERMINO DE LEGISLATURA (ART. 275 REG. INT.)
PL 547/2019,PL,2019,2019-09-02T00:00:00,2025-01-14T14:17:00,Encerrado-TERMINO DE LEGISLATURA (ART. 275 REG. INT.)
PL 547/2020,PL,2020,2020-08-28T00:00:00,2021-01-27T11:42:47,Encerrado-TERMINO DE LEGISLATURA (ART. 275 REG. INT.)
PL 547/2023,PL,2023,2023-09-20T00:00:00,2024-01-12T13:59:00,Encerrado-PROMULGADO
PL 548/2013,PL,2013,2013-08-14T00:00:00,2017-01-02T16:12:00,Encerrado-TERMINO DE LEGISLATURA (ART. 275 REG. INT.)
PL 548/2015,PL,2015,2015-10-07T00:00:00,2016-06-20T11:37:51,Encerrado-ILEGALIDADE (ART. 79 REG. INT.)
PL 548/2016,PL,2016,2016-11-24T00:00:00,2017-01-04T16:07:00,Encerrado-TERMINO DE LEGISLATURA (ART. 275 REG. INT.)
PL 548/2018,PL,2018,2018-10-10T00:00:00,2025-01-13T18:35:00,Encerrado-TERMINO DE LEGISLATURA (ART. 275 REG. INT.)
PL 548/2019,PL,2019,2019-09-02T00:00:00,2025-01-22T14:19:07,Encerrado-TERMINO DE LEGISLATURA (ART. 275 REG. INT.)
PL 548/2021,PL,2021,2021-08-20T00:00:00,2025-11-06T19:10:00,Encerrado-PROMULGADO
PL 548/2023,PL,2023,2023-09-21T00:00:00,2025-05-21T16:16:00,Encerrado-PROMULGADO
PL 548/2025,PL,2025,2025-05-15T00:00:00,2026-04-30T10:28:00,Encerrado-PROMULGADO
PL 549/2015,PL,2015,2015-10-07T00:00:00,2017-01-02T10:00:00,Encerrado-TERMINO DE LEGISLATURA (ART. 275 REG. INT.)
PL 549/2016,PL,2016,2016-11-28T00:00:00,2017-12-07T00:00:00,Encerrado-ILEGALIDADE (ART. 79 REG. INT.)
PL 549/2017,PL,2017,2017-08-15T00:00:00,2025-05-29T19:01:00,Encerrado-VETO TOTAL ACEITO
PL 549/2018,PL,2018,2018-10-10T00:00:00,2025-01-10T17:46:30,Encerrado-TERMINO DE LEGISLATURA (ART. 275 REG. INT.)
PL 549/2019,PL,2019,2019-09-02T00:00:00,2025-01-14T14:17:00,Encerrado-TERMINO DE LEGISLATURA (ART. 275 REG. INT.)
PL 549/2021,PL,2021,2021-08-20T00:00:00,2022-07-06T17:57:00,Encerrado-PROMULGADO
PL 549/2024,PL,2024,2024-07-30T00:00:00,2024-08-14T14:30:00,Encerrado-RETIRADO PELO AUTOR
PL 55/2013,PL,2013,2013-02-28T00:00:00,2019-04-30T09:45:00,Encerrado-VETO TOTAL ACEITO
PL 55/2014,PL,2014,2014-02-19T00:00:00,2025-03-12T14:23:00,Encerrado-VETO TOTAL ACEITO
PL 55/2015,PL,2015,2015-02-26T00:00:00,2019-04-18T08:57:00,Encerrado-VETO TOTAL ACEITO
PL 55/2016,PL,2016,2016-02-23T00:00:00,2025-03-14T15:03:00,Encerrado-VETO TOTAL ACEITO
PL 55/2018,PL,2018,2018-02-22T00:00:00,2019-06-12T08:02:00,Encerrado-PROMULGADO
PL 55/2019,PL,2019,2019-02-12T00:00:00,2019-10-10T13:41:00,Encerrado-ILEGALIDADE (ART. 79 REG. INT.)
PL 55/2020,PL,2020,2020-02-12T00:00:00,2021-09-09T15:32:00,Encerrado-PROMULGADO
PL 55/2022,PL,2022,2022-02-14T00:00:00,2025-01-16T22:16:21,Encerrado-TERMINO DE LEGISLATURA (ART. 275 REG. INT.)
PL 55/2023,PL,2023,2023-02-15T00:00:00,2025-01-20T22:37:48,Encerrado-TERMINO DE LEGISLATURA (ART. 275 REG. INT.)
PL 55/2026,PL,2026,2026-02-03T00:00:00,2026-07-16T17:50:16,Encerrado-RETIRADO PELO AUTOR
PL 550/2014,PL,2014,2014-12-08T00:00:00,2019-05-02T09:54:00,Encerrado-VETO TOTAL ACEITO
PL 550/2016,PL,2016,2016-11-29T00:00:00,2019-06-05T09:17:00,Encerrado-VETO PARCIAL ACEITO
PL 550/2018,PL,2018,2018-10-10T00:00:00,2025-03-19T16:53:00,Encerrado-VETO TOTAL ACEITO
PL 550/2021,PL,2021,2021-08-20T00:00:00,2022-05-03T14:21:00,Encerrado-PROMULGADO
PL 550/2022,PL,2022,2022-09-09T00:00:00,2026-04-24T15:20:00,Encerrado-PROMULGADO
PL 550/2023,PL,2023,2023-09-21T00:00:00,2026-03-04T10:51:00,Encerrado-PROMULGADO
PL 550/2024,PL,2024,2024-07-30T00:00:00,2025-01-23T00:06:15,Encerrado-TERMINO DE LEGISLATURA (ART. 275 REG. INT.)
PL 551/2014,PL,2014,2014-12-09T00:00:00,2015-05-25T10:44:42,Encerrado-ILEGALIDADE (ART. 79 REG. INT.)
PL 551/2017,PL,2017,2017-08-15T00:00:00,2022-08-05T10:55:14,APENSADO
PL 551/2018,PL,2018,2018-10-10T00:00:00,2019-04-08T11:15:00,Encerrado-RETIRADO PELO AUTOR
PL 551/2019,PL,2019,2019-09-02T00:00:00,2025-01-22T19:28:51,Encerrado-TERMINO DE LEGISLATURA (ART. 275 REG. INT.)
PL 551/2021,PL,2021,2021-08-20T00:00:00,2025-03-19T16:53:00,Encerrado-VETO TOTAL ACEITO
PL 551/2022,PL,2022,2022-09-12T00:00:00,2023-02-14T13:30:00,Encerrado-PROMULGADO
PL 551/2024,PL,2024,2024-07-31T00:00:00,2025-01-22T23:28:47,Encerrado-TERMINO DE LEGISLATURA (ART. 275 REG. INT.)
PL 551/2025,PL,2025,2025-05-15T00:00:00,2026-08-25T16:00:37,APENSADO
PL 552/2015,PL,2015,2015-10-07T00:00:00,2017-05-04T00:00:00,Encerrado-PROMULGADO
PL 552/2016,PL,2016,2016-11-29T00:00:00,2021-01-04T12:23:40,Encerrado-TERMINO DE LEGISLATURA (ART. 275 REG. INT.)
PL 552/2019,PL,2019,2019-09-02T00:00:00,2025-01-14T14:17:00,Encerrado-TERMINO DE LEGISLATURA (ART. 275 REG. INT.)
PL 552/2020,PL,2020,2020-09-01T00:00:00,2021-01-22T19:14:45,Encerrado-TERMINO DE LEGISLATURA (ART. 275 REG. INT.)
PL 552/2021,PL,2021,2021-08-20T00:00:00,2025-01-14T21:37:30,Encerrado-TERMINO DE LEGISLATURA (ART. 275 REG. INT.)
PL 552/2022,PL,2022,2022-09-12T00:00:00,2022-10-20T16:42:00,Encerrado-RETIRADO PELO AUTOR
PL 553/2015,PL,2015,2015-10-08T00:00:00,2015-10-23T11:39:47,Encerrado-RETIRADO PELO AUTOR
PL 553/2016,PL,2016,2016-11-30T00:00:00,2018-02-23T16:38:00,Encerrado-PROMULGADO
PL 553/2019,PL,2019,2019-09-02T00:00:00,2025-01-22T14:19:08,Encerrado-TERMINO DE LEGISLATURA (ART. 275 REG. INT.)
PL 553/2021,PL,2021,2021-08-23T00:00:00,2023-01-12T13:59:00,Encerrado-PROMULGADO
PL 553/2022,PL,2022,2022-09-12T00:00:00,2022-10-20T16:42:00,Encerrado-RETIRADO PELO AUTOR
PL 553/2024,PL,2024,2024-07-31T00:00:00,2025-01-22T23:28:46,Encerrado-TERMINO DE LEGISLATURA (ART. 275 REG. INT.)
PL 553/2025,PL,2025,2025-05-15T00:00:00,2026-08-26T19:02:00,Encerrado-RETIRADO PELO AUTOR
PL 554/2014,PL,2014,2014-12-09T00:00:00,2016-02-03T15:03:08,Encerrado-PROMULGADO
PL 554/2015,PL,2015,2015-10-09T00:00:00,2021-01-13T14:42:00,Encerrado-TERMINO DE LEGISLATURA (ART. 275 REG. INT.)
PL 554/2016,PL,2016,2016-11-30T00:00:00,2017-01-02T11:35:00,Encerrado-TERMINO DE LEGISLATURA (ART. 275 REG. INT.)
PL 554/2017,PL,2017,2017-08-16T00:00:00,2025-01-13T16:59:00,Encerrado-TERMINO DE LEGISLATURA (ART. 275 REG. INT.)
PL 554/2018,PL,2018,2018-10-09T00:00:00,2020-01-23T10:30:00,Encerrado-PROMULGADO
PL 554/2020,PL,2020,2020-09-01T00:00:00,2023-08-07T16:36:00,Encerrado-PROMULGADO
PL 554/2022,PL,2022,2022-09-13T00:00:00,2023-11-30T14:53:00,Encerrado-PROMULGADO
PL 554/2023,PL,2023,2023-09-21T00:00:00,2025-01-20T22:55:55,Encerrado-TERMINO DE LEGISLATURA (ART. 275 REG. INT.)
PL 554/2024,PL,2024,2024-07-31T00:00:00,2025-01-22T23:28:45,Encerrado-TERMINO DE LEGISLATURA (ART. 275 REG. INT.)
PL 555/2013,PL,2013,2013-08-15T00:00:00,2021-01-14T11:54:00,Encerrado-TERMINO DE LEGISLATURA (ART. 275 REG. INT.)
PL 555/2015,PL,2015,2015-10-09T00:00:00,2019-05-30T10:19:00,Encerrado-VETO PARCIAL ACEITO
PL 555/2016,PL,2016,2016-11-30T00:00:00,2018-03-14T18:04:00,Encerrado-ILEGALIDADE (ART. 79 REG. INT.)
PL 555/2017,PL,2017,2017-08-16T00:00:00,2018-02-15T11:28:00,Encerrado-PROMULGADO
PL 555/2018,PL,2018,2018-10-09T00:00:00,2021-10-14T14:43:00,Encerrado-PROMULGADO
PL 555/2019,PL,2019,2019-09-02T00:00:00,2019-09-19T00:00:00,APENSADO
PL 555/2020,PL,2020,2020-09-01T00:00:00,2025-01-13T22:40:33,Encerrado-TERMINO DE LEGISLATURA (ART. 275 REG. INT.)
PL 555/2022,PL,2022,2022-09-13T00:00:00,2025-01-16T22:19:55,Encerrado-TERMINO DE LEGISLATURA (ART. 275 REG. INT.)
PL 555/2023,PL,2023,2023-09-22T00:00:00,2024-09-20T13:28:00,Encerrado-PROMULGADO
PL 555/2024,PL,2024,2024-07-31T00:00:00,2024-08-13T16:44:00,Encerrado-RETIRADO PELO AUTOR
PL 556/2013,PL,2013,2013-08-16T00:00:00,2025-05-22T19:53:00,Encerrado-VETO TOTAL ACEITO
PL 556/2014,PL,2014,2014-12-10T00:00:00,2017-01-03T16:55:00,Encerrado-TERMINO DE LEGISLATURA (ART. 275 REG. INT.)
PL 556/2015,PL,2015,2015-10-09T00:00:00,2016-07-21T00:00:00,Encerrado-PROMULGADO
PL 556/2017,PL,2017,2017-08-16T00:00:00,2018-09-11T19:13:00,Encerrado-RETIRADO PELO AUTOR
PL 556/2018,PL,2018,2018-10-09T00:00:00,2026-07-29T18:43:00,Devolução de Regularização
PL 556/2019,PL,2019,2019-09-02T00:00:00,2021-09-09T15:32:00,Encerrado-PROMULGADO
PL 557/2013,PL,2013,2013-08-16T00:00:00,2025-01-13T14:58:00,Encerrado-TERMINO DE LEGISLATURA (ART. 275 REG. INT.)
PL 557/2014,PL,2014,2014-12-12T00:00:00,2021-01-13T16:03:00,Encerrado-TERMINO DE LEGISLATURA (ART. 275 REG. INT.)
PL 557/2015,PL,2015,2015-10-13T00:00:00,2025-07-01T17:59:00,Encerrado-VETO TOTAL ACEITO
PL 557/2016,PL,2016,2016-11-30T00:00:00,2016-12-07T16:24:54,Encerrado-RETIRADO PELO AUTOR
PL 557/2017,PL,2017,2017-08-16T00:00:00,2019-11-04T14:32:00,Encerrado-PROMULGADO
PL 557/2019,PL,2019,2019-09-02T00:00:00,2019-11-04T00:00:00,APENSADO
PL 557/2024,PL,2024,2024-07-31T00:00:00,2025-01-22T23:28:44,Encerrado-TERMINO DE LEGISLATURA (ART. 275 REG. INT.)
PL 558/2013,PL,2013,2013-08-19T00:00:00,2021-01-14T11:54:00,Encerrado-TERMINO DE LEGISLATURA (ART. 275 REG. INT.)
PL 558/2014,PL,2014,2014-12-12T00:00:00,2015-12-09T00:00:00,Encerrado-PROMULGADO
PL 558/2015,PL,2015,2015-10-13T00:00:00,2019-07-12T00:00:00,Devolução de Regularização
PL 558/2016,PL,2016,2016-11-30T00:00:00,2020-09-22T00:00:00,APENSADO
PL 558/2017,PL,2017,2017-08-16T00:00:00,2017-11-30T00:00:00,Encerrado-ILEGALIDADE (ART. 79 REG. INT.)
PL 558/2018,PL,2018,2018-10-09T00:00:00,2025-03-12T14:05:00,Encerrado-VETO TOTAL ACEITO
PL 558/2019,PL,2019,2019-09-02T00:00:00,2019-11-11T00:00:00,APENSADO
PL 558/2020,PL,2020,2020-09-02T00:00:00,2021-08-30T11:46:54,Encerrado-RETIRADO PELO AUTOR
PL 558/2024,PL,2024,2024-07-31T00:00:00,2025-01-22T23:28:43,Encerrado-TERMINO DE LEGISLATURA (ART. 275 REG. INT.)
PL 559/2014,PL,2014,2014-12-12T00:00:00,2015-10-22T10:21:38,Encerrado-ILEGALIDADE (ART. 79 REG. INT.)
PL 559/2015,PL,2015,2015-10-13T00:00:00,2025-03-12T14:23:00,Encerrado-VETO TOTAL ACEITO
PL 559/2016,PL,2016,2016-11-30T00:00:00,2019-03-14T18:01:00,Encerrado-ILEGALIDADE (ART. 79 REG. INT.)
PL 559/2018,PL,2018,2018-10-09T00:00:00,2019-06-17T16:51:00,Encerrado-PROMULGADO
PL 559/2019,PL,2019,2019-09-03T00:00:00,2025-03-19T16:53:00,Encerrado-VETO TOTAL ACEITO
PL 559/2020,PL,2020,2020-09-02T00:00:00,2021-01-22T19:14:38,Encerrado-TERMINO DE LEGISLATURA (ART. 275 REG. INT.)
PL 559/2022,PL,2022,2022-09-15T00:00:00,2025-11-28T15:31:00,Encerrado-ILEGALIDADE (ART. 79 REG. INT.)
PL 559/2023,PL,2023,2023-09-22T00:00:00,2024-04-29T15:48:59,Encerrado-RETIRADO PELO AUTOR
PL 559/2024,PL,2024,2024-07-31T00:00:00,2025-01-22T23:28:42,Encerrado-TERMINO DE LEGISLATURA (ART. 275 REG. INT.)
PL 559/2025,PL,2025,2025-05-16T00:00:00,2026-07-17T17:31:55,APENSADO
PL 56/2015,PL,2015,2015-02-26T00:00:00,2017-01-02T14:27:00,Encerrado-TERMINO DE LEGISLATURA (ART. 275 REG. INT.)
PL 56/2016,PL,2016,2016-02-24T00:00:00,2016-06-17T16:49:10,Encerrado-RETIRADO PELO AUTOR
PL 56/2017,PL,2017,2017-02-08T00:00:00,2019-06-05T09:25:00,Encerrado-VETO TOTAL ACEITO
PL 56/2018,PL,2018,2018-02-22T00:00:00,2019-04-26T17:08:00,Encerrado-ILEGALIDADE (ART. 79 REG. INT.)
PL 56/2019,PL,2019,2019-02-12T00:00:00,2019-10-22T19:13:00,Encerrado-ILEGALIDADE (ART. 79 REG. INT.)
PL 56/2020,PL,2020,2020-02-13T00:00:00,2021-02-17T13:49:00,Encerrado-RETIRADO PELO AUTOR
PL 56/2022,PL,2022,2022-02-15T00:00:00,2025-01-16T22:16:20,Encerrado-TERMINO DE LEGISLATURA (ART. 275 REG. INT.)
PL 56/2024,PL,2024,2024-01-31T00:00:00,2025-01-23T01:51:29,Encerrado-TERMINO DE LEGISLATURA (ART. 275 REG. INT.)
PL 56/2025,PL,2025,2025-01-30T00:00:00,2025-04-07T20:17:00,Encerrado-RETIRADO PELO AUTOR
PL 560/2013,PL,2013,2013-08-19T00:00:00,2017-01-02T10:00:00,Encerrado-TERMINO DE LEGISLATURA (ART. 275 REG. INT.)
PL 560/2014,PL,2014,2014-12-12T00:00:00,2016-02-19T00:00:00,Encerrado-PROMULGADO
PL 560/2015,PL,2015,2015-10-14T00:00:00,2016-07-19T17:10:28,Encerrado-PROMULGADO
PL 560/2016,PL,2016,2016-11-30T00:00:00,2022-07-12T15:00:00,Encerrado-PROMULGADO
PL 560/2017,PL,2017,2017-08-17T00:00:00,2021-01-13T12:03:00,Encerrado-TERMINO DE LEGISLATURA (ART. 275 REG. INT.)
PL 560/2020,PL,2020,2020-09-02T00:00:00,2021-01-22T18:42:21,Encerrado-TERMINO DE LEGISLATURA (ART. 275 REG. INT.)
PL 560/2023,PL,2023,2023-09-22T00:00:00,2024-05-23T11:41:39,APENSADO
PL 560/2024,PL,2024,2024-07-31T00:00:00,2025-01-22T23:33:19,Encerrado-TERMINO DE LEGISLATURA (ART. 275 REG. INT.)
PL 561/2013,PL,2013,2013-08-20T00:00:00,2019-09-24T09:28:00,Encerrado-VETO TOTAL ACEITO
PL 561/2014,PL,2014,2014-12-12T00:00:00,2021-01-05T12:27:21,Encerrado-TERMINO DE LEGISLATURA (ART. 275 REG. INT.)
PL 561/2016,PL,2016,2016-11-30T00:00:00,2018-01-18T17:18:00,Encerrado-PROMULGADO
PL 561/2018,PL,2018,2018-10-11T00:00:00,2020-08-11T17:15:00,Encerrado-PROMULGADO
PL 561/2019,PL,2019,2019-09-03T00:00:00,2021-08-11T14:16:00,Encerrado-RETIRADO PELO AUTOR
PL 561/2020,PL,2020,2020-09-02T00:00:00,2025-03-14T15:10:00,Encerrado-VETO TOTAL ACEITO
PL 561/2024,PL,2024,2024-07-31T00:00:00,2025-01-23T00:59:49,Encerrado-TERMINO DE LEGISLATURA (ART. 275 REG. INT.)
PL 562/2013,PL,2013,2013-08-20T00:00:00,2017-01-04T16:07:00,Encerrado-TERMINO DE LEGISLATURA (ART. 275 REG. INT.)
PL 562/2014,PL,2014,2014-12-15T00:00:00,2025-05-22T19:30:00,Encerrado-VETO TOTAL ACEITO
PL 562/2015,PL,2015,2015-10-14T00:00:00,2017-01-02T10:00:00,Encerrado-TERMINO DE LEGISLATURA (ART. 275 REG. INT.)
PL 562/2016,PL,2016,2016-11-30T00:00:00,2025-05-28T13:18:00,Encerrado-VETO PARCIAL ACEITO
PL 562/2018,PL,2018,2018-10-11T00:00:00,2025-01-21T13:44:15,Encerrado-TERMINO DE LEGISLATURA (ART. 275 REG. INT.)
PL 562/2019,PL,2019,2019-09-03T00:00:00,2019-12-18T19:29:00,Encerrado-RETIRADO PELO AUTOR
PL 562/2020,PL,2020,2020-09-02T00:00:00,2021-01-22T18:42:24,Encerrado-TERMINO DE LEGISLATURA (ART. 275 REG. INT.)
PL 562/2021,PL,2021,2021-08-24T13:10:35,2025-01-14T22:02:09,Encerrado-TERMINO DE LEGISLATURA (ART. 275 REG. INT.)
PL 562/2022,PL,2022,2022-09-15T00:00:00,2025-01-22T15:56:42,Encerrado-TERMINO DE LEGISLATURA (ART. 275 REG. INT.)
PL 562/2024,PL,2024,2024-07-31T00:00:00,2025-01-22T23:33:18,Encerrado-TERMINO DE LEGISLATURA (ART. 275 REG. INT.)
PL 563/2014,PL,2014,2014-12-15T00:00:00,2019-05-02T09:56:00,Encerrado-VETO PARCIAL ACEITO
PL 563/2015,PL,2015,2015-10-14T00:00:00,2021-01-04T12:24:07,Encerrado-TERMINO DE LEGISLATURA (ART. 275 REG. INT.)
PL 563/2016,PL,2016,2016-11-30T00:00:00,2017-01-02T11:35:00,Encerrado-TERMINO DE LEGISLATURA (ART. 275 REG. INT.)
PL 563/2017,PL,2017,2017-08-17T00:00:00,2019-06-03T09:57:00,Encerrado-VETO PARCIAL ACEITO
PL 563/2018,PL,2018,2018-10-15T00:00:00,2021-08-18T17:11:00,Encerrado-PROMULGADO
PL 563/2020,PL,2020,2020-09-02T00:00:00,2021-01-13T17:58:00,Encerrado-PROMULGADO
PL 563/2021,PL,2021,2021-08-24T13:12:05,2025-01-14T22:02:08,Encerrado-TERMINO DE LEGISLATURA (ART. 275 REG. INT.)
PL 564/2013,PL,2013,2013-08-20T00:00:00,2019-05-13T08:35:00,Encerrado-VETO PARCIAL ACEITO
PL 564/2014,PL,2014,2014-12-15T00:00:00,2015-12-30T00:00:00,Encerrado-PROMULGADO
PL 564/2015,PL,2015,2015-10-14T00:00:00,2021-01-05T14:10:21,Encerrado-TERMINO DE LEGISLATURA (ART. 275 REG. INT.)
PL 564/2016,PL,2016,2016-11-30T00:00:00,2018-09-19T00:00:00,Encerrado-PROMULGADO
PL 564/2017,PL,2017,2017-08-18T00:00:00,2025-05-29T19:01:00,Encerrado-VETO TOTAL ACEITO
PL 564/2018,PL,2018,2018-10-15T00:00:00,2020-01-23T10:30:00,Encerrado-PROMULGADO
PL 564/2019,PL,2019,2019-09-04T00:00:00,2020-03-20T15:20:00,Encerrado-ILEGALIDADE (ART. 79 REG. INT.)
PL 564/2021,PL,2021,2021-08-24T00:00:00,2024-04-04T11:55:00,Encerrado-ILEGALIDADE (ART. 79 REG. INT.)
PL 564/2022,PL,2022,2022-09-20T00:00:00,2023-06-20T16:55:00,Encerrado-PROMULGADO
PL 564/2024,PL,2024,2024-08-01T00:00:00,2025-01-21T17:12:42,Encerrado-TERMINO DE LEGISLATURA (ART. 275 REG. INT.)
PL 565/2013,PL,2013,2013-08-20T00:00:00,2015-09-11T12:54:41,Encerrado-PROMULGADO
PL 565/2015,PL,2015,2015-10-14T00:00:00,2015-11-11T16:22:26,Encerrado-RETIRADO PELO AUTOR
PL 565/2017,PL,2017,2017-08-18T00:00:00,2018-06-11T09:30:00,Encerrado-PROMULGADO
PL 565/2019,PL,2019,2019-09-04T00:00:00,2020-12-03T16:53:00,Encerrado-PROMULGADO
PL 565/2020,PL,2020,2020-09-03T00:00:00,2025-01-13T22:26:42,Encerrado-TERMINO DE LEGISLATURA (ART. 275 REG. INT.)
PL 565/2021,PL,2021,2021-08-24T00:00:00,2025-01-14T21:37:17,Encerrado-TERMINO DE LEGISLATURA (ART. 275 REG. INT.)
PL 565/2022,PL,2022,2022-09-21T00:00:00,2024-10-10T15:07:00,Encerrado-PROMULGADO
PL 565/2023,PL,2023,2023-09-26T00:00:00,2024-12-05T13:59:00,Encerrado-PROMULGADO
PL 566/2015,PL,2015,2015-10-14T00:00:00,2016-05-05T12:58:50,Encerrado-ILEGALIDADE (ART. 79 REG. INT.)
PL 566/2016,PL,2016,2016-11-30T00:00:00,2017-01-16T17:27:00,Encerrado-TERMINO DE LEGISLATURA (ART. 275 REG. INT.)
PL 566/2018,PL,2018,2018-10-15T00:00:00,2019-10-18T09:58:00,Encerrado-PROMULGADO
PL 566/2019,PL,2019,2019-09-04T00:00:00,2019-12-16T20:30:00,Encerrado-ILEGALIDADE (ART. 79 REG. INT.)
PL 566/2022,PL,2022,2022-09-21T00:00:00,2023-06-16T15:04:00,Encerrado-PROMULGADO
PL 567/2013,PL,2013,2013-08-21T00:00:00,2015-11-05T00:00:00,Encerrado-PROMULGADO
PL 567/2015,PL,2015,2015-10-14T00:00:00,2016-11-08T00:00:00,Encerrado-PROMULGADO
PL 567/2016,PL,2016,2016-11-30T00:00:00,2017-01-02T11:35:00,Encerrado-TERMINO DE LEGISLATURA (ART. 275 REG. INT.)
PL 567/2017,PL,2017,2017-08-18T00:00:00,2019-08-27T07:58:00,Encerrado-PROMULGADO
PL 567/2018,PL,2018,2018-10-15T00:00:00,2020-09-09T15:06:00,Encerrado-PROMULGADO
PL 567/2019,PL,2019,2019-09-04T00:00:00,2021-01-27T12:54:57,Encerrado-TERMINO DE LEGISLATURA (ART. 275 REG. INT.)
PL 567/2020,PL,2020,2020-09-03T00:00:00,2024-06-05T14:10:00,Encerrado-PROMULGADO
PL 567/2021,PL,2021,2021-08-25T00:00:00,2022-10-14T10:12:00,Encerrado-RETIRADO PELO AUTOR
PL 567/2022,PL,2022,2022-09-22T00:00:00,2024-04-22T13:52:00,Encerrado-PROMULGADO
PL 567/2023,PL,2023,2023-09-27T00:00:00,2024-04-15T13:57:53,Encerrado-RETIRADO PELO AUTOR
PL 567/2024,PL,2024,2024-08-02T00:00:00,2026-06-23T12:50:00,Encerrado-PROMULGADO
PL 567/2026,PL,2026,2026-07-14T00:00:00,2026-08-05T17:49:00,Encerrado-RETIRADO PELO AUTOR
PL 568/2016,PL,2016,2016-12-01T00:00:00,2021-01-13T14:53:00,Encerrado-TERMINO DE LEGISLATURA (ART. 275 REG. INT.)
PL 568/2017,PL,2017,2017-08-18T00:00:00,2019-05-15T08:54:00,Encerrado-PROMULGADO
PL 568/2018,PL,2018,2018-10-16T00:00:00,2019-07-18T08:22:00,Encerrado-PROMULGADO
PL 568/2022,PL,2022,2022-09-22T00:00:00,2024-02-28T13:26:26,APENSADO
PL 568/2023,PL,2023,2023-09-27T00:00:00,2025-01-20T23:27:58,Encerrado-TERMINO DE LEGISLATURA (ART. 275 REG. INT.)
PL 568/2024,PL,2024,2024-08-02T00:00:00,2025-01-27T19:54:10,Encerrado-TERMINO DE LEGISLATURA (ART. 275 REG. INT.)
PL 569/2015,PL,2015,2015-10-15T00:00:00,2025-05-29T10:03:00,Encerrado-VETO PARCIAL ACEITO
PL 569/2016,PL,2016,2016-12-01T00:00:00,2017-10-17T17:24:00,Encerrado-PROMULGADO
PL 569/2018,PL,2018,2018-10-16T00:00:00,2020-01-23T10:30:00,Encerrado-PROMULGADO
PL 569/2020,PL,2020,2020-09-04T00:00:00,2022-01-20T12:35:00,Encerrado-ILEGALIDADE (ART. 79 REG. INT.)
PL 569/2023,PL,2023,2023-09-28T00:00:00,2025-01-20T22:55:54,Encerrado-TERMINO DE LEGISLATURA (ART. 275 REG. INT.)
PL 57/2015,PL,2015,2015-02-26T00:00:00,2017-01-02T16:02:00,Encerrado-TERMINO DE LEGISLATURA (ART. 275 REG. INT.)
PL 57/2016,PL,2016,2016-02-25T00:00:00,2016-12-15T00:00:00,Encerrado-PROMULGADO
PL 57/2018,PL,2018,2018-02-22T00:00:00,2018-08-16T00:00:00,Encerrado-ILEGALIDADE (ART. 79 REG. INT.)
PL 57/2020,PL,2020,2020-02-13T00:00:00,2021-01-30T02:45:46,Encerrado-TERMINO DE LEGISLATURA (ART. 275 REG. INT.)
PL 57/2022,PL,2022,2022-02-15T00:00:00,2024-07-22T16:59:00,Encerrado-PROMULGADO
PL 570/2017,PL,2017,2017-08-21T00:00:00,2019-01-16T13:04:00,Encerrado-PROMULGADO
PL 570/2018,PL,2018,2018-10-17T00:00:00,2025-01-13T18:35:00,Encerrado-TERMINO DE LEGISLATURA (ART. 275 REG. INT.)
PL 570/2022,PL,2022,2022-09-23T00:00:00,2023-04-11T17:56:00,Encerrado-PROMULGADO
PL 570/2024,PL,2024,2024-08-05T00:00:00,2025-01-23T01:21:16,Encerrado-TERMINO DE LEGISLATURA (ART. 275 REG. INT.)
PL 571/2015,PL,2015,2015-10-16T00:00:00,2017-01-02T17:37:00,Encerrado-TERMINO DE LEGISLATURA (ART. 275 REG. INT.)
PL 571/2017,PL,2017,2017-08-21T00:00:00,2018-11-08T16:14:00,Encerrado-RETIRADO PELO AUTOR
PL 571/2020,PL,2020,2020-09-04T00:00:00,2025-03-14T15:10:00,Encerrado-VETO TOTAL ACEITO
PL 571/2022,PL,2022,2022-09-27T00:00:00,2024-05-10T15:02:00,Encerrado-PROMULGADO
PL 571/2023,PL,2023,2023-09-28T00:00:00,2024-03-06T18:45:55,Encerrado-RETIRADO PELO AUTOR
PL 571/2024,PL,2024,2024-08-06T00:00:00,2025-12-17T13:48:00,APENSADO
PL 571/2025,PL,2025,2025-05-20T00:00:00,2025-11-14T16:34:19,Encerrado-RETIRADO PELO AUTOR
PL 572/2013,PL,2013,2013-08-22T00:00:00,2021-01-14T11:54:00,Encerrado-TERMINO DE LEGISLATURA (ART. 275 REG. INT.)
PL 572/2015,PL,2015,2015-10-20T00:00:00,2025-03-26T23:33:00,Encerrado-VETO TOTAL ACEITO
PL 572/2016,PL,2016,2016-12-05T00:00:00,2018-10-04T08:56:00,Encerrado-PROMULGADO
PL 572/2018,PL,2018,2018-10-17T00:00:00,2021-01-06T21:29:47,Encerrado-TERMINO DE LEGISLATURA (ART. 275 REG. INT.)
PL 572/2019,PL,2019,2019-09-05T00:00:00,2021-08-19T17:50:00,Encerrado-PROMULGADO
PL 572/2020,PL,2020,2020-09-04T00:00:00,2022-01-20T11:43:00,Encerrado-ILEGALIDADE (ART. 79 REG. INT.)
PL 572/2021,PL,2021,2021-08-25T00:00:00,2025-02-25T12:00:00,Encerrado-RETIRADO PELO AUTOR
PL 572/2022,PL,2022,2022-09-27T00:00:00,2024-02-28T13:26:58,APENSADO
PL 572/2024,PL,2024,2024-08-06T00:00:00,2025-01-23T02:00:37,Encerrado-TERMINO DE LEGISLATURA (ART. 275 REG. INT.)
PL 573/2013,PL,2013,2013-08-22T00:00:00,2018-03-12T17:48:00,Encerrado-RETIRADO PELO AUTOR
PL 573/2015,PL,2015,2015-10-21T00:00:00,2017-01-10T12:41:00,Encerrado-TERMINO DE LEGISLATURA (ART. 275 REG. INT.)
PL 573/2016,PL,2016,2016-12-05T00:00:00,2018-09-26T00:00:00,Encerrado-ILEGALIDADE (ART. 79 REG. INT.)
PL 573/2018,PL,2018,2018-10-17T00:00:00,2020-09-09T14:44:00,Encerrado-PROMULGADO
PL 573/2019,PL,2019,2019-09-05T00:00:00,2025-01-14T14:17:00,Encerrado-TERMINO DE LEGISLATURA (ART. 275 REG. INT.)
PL 573/2020,PL,2020,2020-09-04T00:00:00,2024-09-02T16:11:00,Encerrado-PROMULGADO
PL 573/2022,PL,2022,2022-09-27T00:00:00,2023-07-06T16:13:00,Encerrado-PROMULGADO
PL 573/2023,PL,2023,2023-09-28T00:00:00,2025-01-20T23:08:51,Encerrado-TERMINO DE LEGISLATURA (ART. 275 REG. INT.)
PL 574/2016,PL,2016,2016-12-06T00:00:00,2019-06-04T07:52:00,Encerrado-VETO PARCIAL ACEITO
PL 574/2018,PL,2018,2018-10-22T00:00:00,2021-01-06T21:29:43,Encerrado-TERMINO DE LEGISLATURA (ART. 275 REG. INT.)
PL 574/2020,PL,2020,2020-09-04T00:00:00,2021-10-08T17:25:00,Encerrado-PROMULGADO
PL 574/2024,PL,2024,2024-08-07T00:00:00,2025-01-06T16:05:00,Encerrado-PROMULGADO
PL 575/2015,PL,2015,2015-10-22T00:00:00,2016-07-25T15:12:45,Encerrado-ARQUIVADO
PL 575/2016,PL,2016,2016-12-06T00:00:00,2019-05-31T08:21:00,Encerrado-PROMULGADO
PL 575/2017,PL,2017,2017-08-22T00:00:00,2018-06-26T00:00:00,Encerrado-RETIRADO PELO AUTOR
PL 575/2018,PL,2018,2018-10-24T00:00:00,2019-11-04T14:32:00,Encerrado-PROMULGADO
PL 575/2020,PL,2020,2020-09-04T00:00:00,2021-01-22T18:25:38,Encerrado-TERMINO DE LEGISLATURA (ART. 275 REG. INT.)
PL 575/2022,PL,2022,2022-09-29T00:00:00,2023-04-12T11:25:53,APENSADO
PL 576/2015,PL,2015,2015-10-22T00:00:00,2017-01-02T11:00:00,Encerrado-TERMINO DE LEGISLATURA (ART. 275 REG. INT.)
PL 576/2016,PL,2016,2016-12-06T00:00:00,2017-01-16T17:29:00,Encerrado-TERMINO DE LEGISLATURA (ART. 275 REG. INT.)
PL 576/2017,PL,2017,2017-08-22T00:00:00,2021-01-05T19:16:18,Encerrado-TERMINO DE LEGISLATURA (ART. 275 REG. INT.)
PL 576/2019,PL,2019,2019-09-10T00:00:00,2025-01-14T14:17:00,Encerrado-TERMINO DE LEGISLATURA (ART. 275 REG. INT.)
PL 576/2020,PL,2020,2020-09-04T00:00:00,2021-10-08T17:25:00,Encerrado-PROMULGADO
PL 576/2021,PL,2021,2021-08-27T00:00:00,2022-03-16T18:47:00,Encerrado-RETIRADO PELO AUTOR
PL 576/2023,PL,2023,2023-09-29T00:00:00,2025-01-20T23:32:49,Encerrado-TERMINO DE LEGISLATURA (ART. 275 REG. INT.)
PL 577/2013,PL,2013,2013-08-23T00:00:00,2017-05-17T00:00:00,Encerrado-PROMULGADO
PL 577/2016,PL,2016,2016-12-06T00:00:00,2017-01-16T17:29:00,Encerrado-TERMINO DE LEGISLATURA (ART. 275 REG. INT.)
PL 577/2017,PL,2017,2017-08-22T00:00:00,2018-05-09T09:10:00,Encerrado-PROMULGADO
PL 577/2018,PL,2018,2018-10-26T00:00:00,2019-10-18T09:58:00,Encerrado-PROMULGADO
PL 577/2022,PL,2022,2022-09-29T00:00:00,2025-01-16T22:33:56,Encerrado-TERMINO DE LEGISLATURA (ART. 275 REG. INT.)
PL 577/2023,PL,2023,2023-09-29T00:00:00,2025-01-20T22:38:00,Encerrado-TERMINO DE LEGISLATURA (ART. 275 REG. INT.)
PL 578/2013,PL,2013,2013-08-26T00:00:00,2025-04-02T14:59:00,Encerrado-VETO TOTAL ACEITO
PL 578/2015,PL,2015,2015-10-23T00:00:00,2016-06-22T18:03:07,Encerrado-PROMULGADO
PL 578/2016,PL,2016,2016-12-07T00:00:00,2017-01-16T17:29:00,Encerrado-TERMINO DE LEGISLATURA (ART. 275 REG. INT.)
PL 578/2017,PL,2017,2017-08-23T00:00:00,2017-12-01T16:40:00,Encerrado-RETIRADO PELO AUTOR
PL 578/2018,PL,2018,2018-10-29T00:00:00,2021-09-16T16:42:00,Encerrado-RETIRADO PELO AUTOR
PL 578/2022,PL,2022,2022-09-29T00:00:00,2023-01-26T19:26:00,Encerrado-PROMULGADO
PL 578/2025,PL,2025,2025-05-21T00:00:00,2026-01-08T12:20:00,Encerrado-PROMULGADO
PL 579/2013,PL,2013,2013-08-26T00:00:00,2015-12-30T00:00:00,Encerrado-PROMULGADO
PL 579/2016,PL,2016,2016-12-08T00:00:00,2017-05-18T00:00:00,Encerrado-PROMULGADO
PL 579/2017,PL,2017,2017-08-25T00:00:00,2025-01-22T13:15:38,Encerrado-TERMINO DE LEGISLATURA (ART. 275 REG. INT.)
PL 579/2018,PL,2018,2018-10-29T00:00:00,2020-01-06T10:51:00,Encerrado-PROMULGADO
PL 579/2023,PL,2023,2023-09-29T00:00:00,2023-12-05T13:52:00,Encerrado-PROMULGADO
PL 579/2025,PL,2025,2025-05-21T00:00:00,2025-05-26T17:52:00,Encerrado-RETIRADO PELO AUTOR
PL 58/2014,PL,2014,2014-02-20T00:00:00,2015-06-18T09:30:16,Encerrado-PROMULGADO
PL 58/2016,PL,2016,2016-02-25T00:00:00,2025-01-22T12:26:26,Encerrado-TERMINO DE LEGISLATURA (ART. 275 REG. INT.)
PL 58/2017,PL,2017,2017-02-08T00:00:00,2017-02-17T15:38:00,Encerrado-RETIRADO PELO AUTOR
PL 580/2015,PL,2015,2015-10-26T00:00:00,2017-01-02T11:00:00,Encerrado-TERMINO DE LEGISLATURA (ART. 275 REG. INT.)
PL 580/2018,PL,2018,2018-10-29T00:00:00,2020-08-17T13:33:00,Encerrado-PROMULGADO
PL 580/2019,PL,2019,2019-09-11T00:00:00,2021-08-31T18:34:00,Encerrado-PROMULGADO
PL 580/2023,PL,2023,2023-10-02T00:00:00,2024-07-17T13:44:00,Encerrado-PROMULGADO
PL 580/2024,PL,2024,2024-08-08T00:00:00,2026-07-16T18:42:00,Encerrado-PROMULGADO
PL 581/2015,PL,2015,2015-10-26T00:00:00,2019-05-20T09:36:00,Encerrado-VETO TOTAL ACEITO
PL 581/2016,PL,2016,2016-12-12T00:00:00,2017-05-10T00:00:00,Encerrado-RETIRADO PELO AUTOR
PL 581/2018,PL,2018,2018-10-29T00:00:00,2025-01-09T12:19:15,Encerrado-TERMINO DE LEGISLATURA (ART. 275 REG. INT.)
PL 581/2019,PL,2019,2019-09-11T00:00:00,2020-01-23T10:30:00,Encerrado-PROMULGADO
PL 581/2021,PL,2021,2021-08-31T00:00:00,2024-05-27T14:25:00,Encerrado-PROMULGADO
PL 581/2022,PL,2022,2022-10-04T00:00:00,2022-10-13T18:20:00,Encerrado-RETIRADO PELO AUTOR
PL 581/2023,PL,2023,2023-10-02T00:00:00,2026-01-20T13:56:00,Encerrado-PROMULGADO
PL 582/2015,PL,2015,2015-10-26T00:00:00,2017-01-04T13:06:00,Encerrado-TERMINO DE LEGISLATURA (ART. 275 REG. INT.)
PL 582/2017,PL,2017,2017-08-28T00:00:00,2019-05-31T12:09:00,Encerrado-VETO PARCIAL ACEITO
PL 582/2018,PL,2018,2018-10-29T00:00:00,2025-01-10T17:49:57,Encerrado-TERMINO DE LEGISLATURA (ART. 275 REG. INT.)
PL 582/2019,PL,2019,2019-09-12T00:00:00,2020-02-06T11:39:00,Encerrado-PROMULGADO
PL 582/2022,PL,2022,2022-10-04T00:00:00,2025-11-28T15:31:00,Encerrado-ILEGALIDADE (ART. 79 REG. INT.)
PL 582/2024,PL,2024,2024-08-08T00:00:00,2025-01-23T01:21:16,Encerrado-TERMINO DE LEGISLATURA (ART. 275 REG. INT.)
PL 583/2013,PL,2013,2013-08-26T00:00:00,2019-10-30T18:44:00,Encerrado-VETO TOTAL ACEITO
PL 583/2015,PL,2015,2015-10-26T00:00:00,2017-01-02T10:00:00,Encerrado-TERMINO DE LEGISLATURA (ART. 275 REG. INT.)
PL 583/2017,PL,2017,2017-08-28T00:00:00,2018-06-12T08:30:00,Encerrado-PROMULGADO
PL 583/2019,PL,2019,2019-09-12T00:00:00,2021-01-06T12:16:45,Encerrado-TERMINO DE LEGISLATURA (ART. 275 REG. INT.)
PL 583/2020,PL,2020,2020-09-10T00:00:00,2020-11-11T14:16:00,Encerrado-PROMULGADO
PL 583/2022,PL,2022,2022-10-05T00:00:00,2023-10-31T13:36:00,Encerrado-PROMULGADO
PL 583/2023,PL,2023,2023-10-04T00:00:00,2025-01-20T23:08:50,Encerrado-TERMINO DE LEGISLATURA (ART. 275 REG. INT.)
PL 584/2013,PL,2013,2013-08-26T00:00:00,2025-01-13T14:58:00,Encerrado-TERMINO DE LEGISLATURA (ART. 275 REG. INT.)
PL 584/2015,PL,2015,2015-10-26T00:00:00,2017-01-02T13:50:00,Encerrado-TERMINO DE LEGISLATURA (ART. 275 REG. INT.)
PL 584/2016,PL,2016,2016-12-13T00:00:00,2019-10-18T10:12:00,Encerrado-VETO PARCIAL ACEITO
PL 584/2018,PL,2018,2018-10-29T00:00:00,2019-12-16T20:30:00,Encerrado-ILEGALIDADE (ART. 79 REG. INT.)
PL 584/2019,PL,2019,2019-09-12T00:00:00,2021-08-31T18:34:00,Encerrado-PROMULGADO
PL 584/2020,PL,2020,2020-09-10T00:00:00,2025-01-13T18:43:00,Encerrado-TERMINO DE LEGISLATURA (ART. 275 REG. INT.)
PL 584/2024,PL,2024,2024-08-09T00:00:00,2026-03-16T17:27:00,Encerrado-RETIRADO PELO AUTOR
PL 585/2013,PL,2013,2013-08-26T00:00:00,2025-01-13T14:58:00,Encerrado-TERMINO DE LEGISLATURA (ART. 275 REG. INT.)
PL 585/2015,PL,2015,2015-10-26T00:00:00,2017-01-04T12:24:00,Encerrado-TERMINO DE LEGISLATURA (ART. 275 REG. INT.)
PL 585/2017,PL,2017,2017-08-28T00:00:00,2019-05-21T00:00:00,Encerrado-PROMULGADO
PL 585/2018,PL,2018,2018-10-30T00:00:00,2019-08-16T18:41:00,Encerrado-RETIRADO PELO AUTOR
PL 585/2019,PL,2019,2019-09-12T00:00:00,2019-12-10T18:05:00,Encerrado-RETIRADO PELO AUTOR
PL 585/2020,PL,2020,2020-09-10T00:00:00,2021-01-22T18:25:27,Encerrado-TERMINO DE LEGISLATURA (ART. 275 REG. INT.)
PL 585/2023,PL,2023,2023-10-04T00:00:00,2024-02-28T13:33:49,APENSADO
PL 586/2013,PL,2013,2013-08-27T00:00:00,2017-01-02T16:12:00,Encerrado-TERMINO DE LEGISLATURA (ART. 275 REG. INT.)
PL 586/2015,PL,2015,2015-10-26T00:00:00,2017-07-10T00:00:00,Encerrado-PROMULGADO
PL 586/2016,PL,2016,2016-12-13T00:00:00,2017-09-01T10:40:00,Encerrado-ILEGALIDADE (ART. 79 REG. INT.)
PL 586/2017,PL,2017,2017-08-28T00:00:00,2018-05-22T00:00:00,Encerrado-ILEGALIDADE (ART. 79 REG. INT.)
PL 586/2020,PL,2020,2020-09-10T00:00:00,2021-01-22T18:25:49,Encerrado-TERMINO DE LEGISLATURA (ART. 275 REG. INT.)
PL 586/2021,PL,2021,2021-09-01T00:00:00,2025-01-22T15:24:14,Encerrado-TERMINO DE LEGISLATURA (ART. 275 REG. INT.)
PL 586/2023,PL,2023,2023-10-04T00:00:00,2024-04-17T14:17:00,Encerrado-PROMULGADO
PL 587/2013,PL,2013,2013-08-27T00:00:00,2015-11-12T00:00:00,Encerrado-PROMULGADO
PL 587/2015,PL,2015,2015-10-27T00:00:00,2019-10-09T18:10:00,Encerrado-VETO PARCIAL ACEITO
PL 587/2016,PL,2016,2016-12-14T00:00:00,2018-07-30T08:14:00,Encerrado-PROMULGADO
PL 587/2017,PL,2017,2017-08-28T00:00:00,2019-01-31T09:46:00,Encerrado-PROMULGADO
PL 587/2018,PL,2018,2018-10-31T00:00:00,2019-02-21T16:10:00,Encerrado-RETIRADO PELO AUTOR
PL 587/2019,PL,2019,2019-09-13T00:00:00,2021-01-30T05:36:27,Encerrado-TERMINO DE LEGISLATURA (ART. 275 REG. INT.)
PL 587/2020,PL,2020,2020-09-10T00:00:00,2021-01-22T18:25:50,Encerrado-TERMINO DE LEGISLATURA (ART. 275 REG. INT.)
PL 587/2021,PL,2021,2021-09-01T00:00:00,2025-01-14T21:56:32,Encerrado-TERMINO DE LEGISLATURA (ART. 275 REG. INT.)
PL 587/2022,PL,2022,2022-10-11T00:00:00,2025-01-16T22:44:42,Encerrado-TERMINO DE LEGISLATURA (ART. 275 REG. INT.)
PL 587/2023,PL,2023,2023-10-05T00:00:00,2025-01-09T18:25:23,Encerrado-TERMINO DE LEGISLATURA (ART. 275 REG. INT.)
PL 588/2013,PL,2013,2013-08-27T00:00:00,2017-01-02T16:12:00,Encerrado-TERMINO DE LEGISLATURA (ART. 275 REG. INT.)
PL 588/2017,PL,2017,2017-08-29T00:00:00,2019-01-16T15:38:00,Encerrado-PROMULGADO
PL 588/2019,PL,2019,2019-09-13T00:00:00,2020-12-03T16:53:00,Encerrado-PROMULGADO
PL 588/2020,PL,2020,2020-09-10T00:00:00,2021-01-22T18:25:54,Encerrado-TERMINO DE LEGISLATURA (ART. 275 REG. INT.)
PL 588/2021,PL,2021,2021-09-01T00:00:00,2022-11-16T21:11:31,Encerrado-RETIRADO PELO AUTOR
PL 588/2023,PL,2023,2023-10-05T00:00:00,2025-05-21T16:16:00,Encerrado-PROMULGADO
PL 589/2015,PL,2015,2015-10-26T00:00:00,2016-08-24T00:00:00,Encerrado-PROMULGADO
PL 589/2016,PL,2016,2016-12-14T00:00:00,2017-12-18T18:30:00,Encerrado-PROMULGADO
PL 589/2017,PL,2017,2017-08-29T00:00:00,2018-09-18T14:19:00,Encerrado-RETIRADO PELO AUTOR
PL 589/2018,PL,2018,2018-11-01T00:00:00,2020-12-10T17:49:00,Encerrado-PROMULGADO
PL 589/2019,PL,2019,2019-09-13T00:00:00,2021-01-20T17:42:29,Encerrado-TERMINO DE LEGISLATURA (ART. 275 REG. INT.)
PL 589/2020,PL,2020,2020-09-11T00:00:00,2021-01-22T18:25:52,Encerrado-TERMINO DE LEGISLATURA (ART. 275 REG. INT.)
PL 589/2021,PL,2021,2021-09-01T00:00:00,2022-08-29T14:19:04,APENSADO
PL 589/2023,PL,2023,2023-10-05T00:00:00,2025-01-14T10:47:17,Encerrado-TERMINO DE LEGISLATURA (ART. 275 REG. INT.)
PL 589/2024,PL,2024,2024-08-09T00:00:00,2025-01-22T23:33:17,Encerrado-TERMINO DE LEGISLATURA (ART. 275 REG. INT.)
PL 59/2015,PL,2015,2015-02-26T00:00:00,2015-10-22T12:07:52,Encerrado-PROMULGADO
PL 59/2016,PL,2016,2016-02-29T00:00:00,2016-03-24T00:00:00,Encerrado-RETIRADO PELO AUTOR
PL 59/2017,PL,2017,2017-02-08T00:00:00,2017-09-01T00:00:00,Encerrado-RETIRADO PELO AUTOR
PL 59/2019,PL,2019,2019-02-12T00:00:00,2021-01-30T06:37:45,Encerrado-TERMINO DE LEGISLATURA (ART. 275 REG. INT.)
PL 59/2022,PL,2022,2022-02-15T00:00:00,2025-01-13T15:48:00,Encerrado-TERMINO DE LEGISLATURA (ART. 275 REG. INT.)
PL 59/2024,PL,2024,2024-01-31T00:00:00,2024-07-30T15:44:26,APENSADO
PL 590/2013,PL,2013,2013-08-27T00:00:00,2017-01-03T18:34:00,Encerrado-TERMINO DE LEGISLATURA (ART. 275 REG. INT.)
PL 590/2018,PL,2018,2018-11-05T00:00:00,2020-03-04T07:50:00,Encerrado-PROMULGADO
PL 590/2019,PL,2019,2019-09-13T00:00:00,2025-01-22T19:28:54,Encerrado-TERMINO DE LEGISLATURA (ART. 275 REG. INT.)
PL 590/2020,PL,2020,2020-09-11T00:00:00,2021-01-22T17:50:36,Encerrado-TERMINO DE LEGISLATURA (ART. 275 REG. INT.)
PL 590/2022,PL,2022,2022-10-17T00:00:00,2025-01-16T22:16:29,Encerrado-TERMINO DE LEGISLATURA (ART. 275 REG. INT.)
PL 590/2023,PL,2023,2023-10-06T00:00:00,2024-07-16T19:22:00,Encerrado-PROMULGADO
PL 590/2024,PL,2024,2024-08-12T00:00:00,2025-01-17T16:53:37,Encerrado-TERMINO DE LEGISLATURA (ART. 275 REG. INT.)
PL 591/2016,PL,2016,2016-12-14T00:00:00,2018-03-14T18:04:00,Encerrado-ILEGALIDADE (ART. 79 REG. INT.)
PL 591/2017,PL,2017,2017-08-29T00:00:00,2019-01-16T15:38:00,Encerrado-PROMULGADO
PL 591/2019,PL,2019,2019-09-17T00:00:00,2025-03-13T14:44:00,Encerrado-VETO TOTAL ACEITO
PL 591/2020,PL,2020,2020-09-11T00:00:00,2021-01-22T17:50:35,Encerrado-TERMINO DE LEGISLATURA (ART. 275 REG. INT.)
PL 591/2022,PL,2022,2022-10-18T00:00:00,2025-09-30T13:20:18,Encerrado-RETIRADO PELO AUTOR
PL 592/2013,PL,2013,2013-08-28T00:00:00,2019-04-16T13:05:00,Encerrado-VETO TOTAL ACEITO
PL 592/2018,PL,2018,2018-11-06T00:00:00,2019-04-26T14:43:00,Encerrado-RETIRADO PELO AUTOR
PL 592/2019,PL,2019,2019-09-17T00:00:00,2025-01-22T19:28:55,Encerrado-TERMINO DE LEGISLATURA (ART. 275 REG. INT.)
PL 592/2020,PL,2020,2020-09-14T00:00:00,2021-01-22T17:50:40,Encerrado-TERMINO DE LEGISLATURA (ART. 275 REG. INT.)
PL 593/2015,PL,2015,2015-10-26T00:00:00,2022-04-01T18:27:00,Encerrado-PROMULGADO
PL 593/2018,PL,2018,2018-11-06T00:00:00,2021-08-18T17:11:00,Encerrado-PROMULGADO
PL 593/2019,PL,2019,2019-09-17T00:00:00,2021-08-19T17:50:00,Encerrado-PROMULGADO
PL 593/2020,PL,2020,2020-09-14T00:00:00,2025-01-13T22:36:54,Encerrado-TERMINO DE LEGISLATURA (ART. 275 REG. INT.)
PL 593/2021,PL,2021,2021-09-02T00:00:00,2025-01-14T21:25:10,Encerrado-TERMINO DE LEGISLATURA (ART. 275 REG. INT.)
PL 593/2023,PL,2023,2023-10-16T00:00:00,2024-01-12T13:59:00,Encerrado-PROMULGADO
PL 593/2024,PL,2024,2024-08-14T00:00:00,2024-08-20T15:29:00,Encerrado-RETIRADO PELO AUTOR
PL 594/2013,PL,2013,2013-08-28T00:00:00,2025-05-21T16:12:00,Encerrado-VETO PARCIAL ACEITO
PL 594/2016,PL,2016,2016-12-14T00:00:00,2018-02-15T11:28:00,Encerrado-PROMULGADO
PL 594/2017,PL,2017,2017-08-30T00:00:00,2019-08-22T14:08:00,Encerrado-PROMULGADO
PL 594/2018,PL,2018,2018-11-06T00:00:00,2021-01-05T13:35:07,Encerrado-TERMINO DE LEGISLATURA (ART. 275 REG. INT.)
PL 594/2019,PL,2019,2019-09-17T00:00:00,2021-08-19T17:50:00,Encerrado-PROMULGADO
PL 594/2020,PL,2020,2020-09-14T00:00:00,2025-01-23T12:15:56,Encerrado-TERMINO DE LEGISLATURA (ART. 275 REG. INT.)
PL 594/2021,PL,2021,2021-09-02T00:00:00,2024-04-04T11:55:00,Encerrado-ILEGALIDADE (ART. 79 REG. INT.)
PL 594/2023,PL,2023,2023-10-16T00:00:00,2024-09-11T18:00:00,Encerrado-PROMULGADO
PL 594/2024,PL,2024,2024-08-15T00:00:00,2025-11-28T15:31:00,Encerrado-ILEGALIDADE (ART. 79 REG. INT.)
PL 595/2015,PL,2015,2015-10-26T00:00:00,2017-06-26T11:00:00,Encerrado-ILEGALIDADE (ART. 79 REG. INT.)
PL 595/2016,PL,2016,2016-12-14T00:00:00,2017-10-03T11:11:00,Encerrado-ILEGALIDADE (ART. 79 REG. INT.)
PL 595/2017,PL,2017,2017-08-30T00:00:00,2018-04-25T17:13:00,Encerrado-RETIRADO PELO AUTOR
PL 595/2018,PL,2018,2018-11-06T00:00:00,2020-03-09T08:02:00,Encerrado-PROMULGADO
PL 595/2019,PL,2019,2019-09-17T00:00:00,2020-12-03T16:53:00,Encerrado-PROMULGADO
PL 595/2020,PL,2020,2020-09-15T00:00:00,2025-01-13T18:43:00,Encerrado-TERMINO DE LEGISLATURA (ART. 275 REG. INT.)
PL 596/2013,PL,2013,2013-08-28T00:00:00,2017-01-03T16:53:00,Encerrado-TERMINO DE LEGISLATURA (ART. 275 REG. INT.)
PL 596/2016,PL,2016,2016-12-14T00:00:00,2017-01-16T17:30:00,Encerrado-TERMINO DE LEGISLATURA (ART. 275 REG. INT.)
PL 596/2017,PL,2017,2017-08-30T00:00:00,2018-08-16T00:00:00,Encerrado-ILEGALIDADE (ART. 79 REG. INT.)
PL 596/2018,PL,2018,2018-11-06T00:00:00,2021-10-08T17:25:00,Encerrado-PROMULGADO
PL 596/2020,PL,2020,2020-09-15T00:00:00,2021-11-16T18:37:00,Encerrado-PROMULGADO
PL 596/2022,PL,2022,2022-10-18T00:00:00,2025-09-30T13:20:19,Encerrado-RETIRADO PELO AUTOR
PL 596/2023,PL,2023,2023-10-16T00:00:00,2025-01-20T23:17:45,Encerrado-TERMINO DE LEGISLATURA (ART. 275 REG. INT.)
PL 597/2013,PL,2013,2013-08-28T00:00:00,2017-01-04T13:34:00,Encerrado-TERMINO DE LEGISLATURA (ART. 275 REG. INT.)
PL 597/2016,PL,2016,2016-12-14T00:00:00,2017-01-16T17:30:00,Encerrado-TERMINO DE LEGISLATURA (ART. 275 REG. INT.)
PL 597/2019,PL,2019,2019-09-17T00:00:00,2020-08-17T13:33:00,Encerrado-PROMULGADO
PL 597/2020,PL,2020,2020-09-15T00:00:00,2021-01-13T16:31:26,Encerrado-TERMINO DE LEGISLATURA (ART. 275 REG. INT.)
PL 597/2023,PL,2023,2023-10-16T00:00:00,2025-01-20T23:17:45,Encerrado-TERMINO DE LEGISLATURA (ART. 275 REG. INT.)
PL 598/2013,PL,2013,2013-08-28T00:00:00,2025-03-26T23:33:00,Encerrado-VETO TOTAL ACEITO
PL 598/2016,PL,2016,2016-12-14T00:00:00,2025-01-10T17:46:52,Encerrado-TERMINO DE LEGISLATURA (ART. 275 REG. INT.)
PL 598/2017,PL,2017,2017-08-31T00:00:00,2021-01-05T19:16:25,Encerrado-TERMINO DE LEGISLATURA (ART. 275 REG. INT.)
PL 598/2018,PL,2018,2018-11-07T00:00:00,2021-01-05T13:34:34,Encerrado-TERMINO DE LEGISLATURA (ART. 275 REG. INT.)
PL 598/2019,PL,2019,2019-09-18T00:00:00,2020-02-12T15:02:00,Encerrado-RETIRADO PELO AUTOR
PL 598/2021,PL,2021,2021-09-03T00:00:00,2022-09-28T15:12:00,Encerrado-PROMULGADO
PL 598/2022,PL,2022,2022-10-18T00:00:00,2023-01-11T14:54:00,Encerrado-PROMULGADO
PL 598/2024,PL,2024,2024-08-16T00:00:00,2025-01-23T01:57:02,Encerrado-TERMINO DE LEGISLATURA (ART. 275 REG. INT.)
PL 598/2025,PL,2025,2025-05-26T00:00:00,2025-10-23T10:20:11,Encerrado-RETIRADO PELO AUTOR
PL 599/2015,PL,2015,2015-10-26T00:00:00,2016-05-06T10:31:01,Encerrado-ILEGALIDADE (ART. 79 REG. INT.)
PL 599/2016,PL,2016,2016-12-14T00:00:00,2019-06-07T13:25:00,Encerrado-VETO PARCIAL ACEITO
PL 599/2017,PL,2017,2017-08-31T00:00:00,2019-01-16T13:08:00,Encerrado-PROMULGADO
PL 599/2018,PL,2018,2018-11-07T00:00:00,2025-03-19T16:53:00,Encerrado-VETO TOTAL ACEITO
PL 599/2019,PL,2019,2019-09-18T00:00:00,2021-09-09T15:32:00,Encerrado-PROMULGADO
PL 599/2020,PL,2020,2020-09-15T00:00:00,2022-09-01T15:31:10,Encerrado-RETIRADO PELO AUTOR
PL 599/2021,PL,2021,2021-09-03T00:00:00,2025-11-18T18:10:00,Encerrado-PROMULGADO
PL 599/2023,PL,2023,2023-10-17T00:00:00,2024-04-15T13:57:55,Encerrado-RETIRADO PELO AUTOR
PL 599/2024,PL,2024,2024-08-16T00:00:00,2025-01-23T00:33:32,Encerrado-TERMINO DE LEGISLATURA (ART. 275 REG. INT.)
PL 6/2014,PL,2014,2014-01-31T00:00:00,2017-01-02T18:28:00,Encerrado-TERMINO DE LEGISLATURA (ART. 275 REG. INT.)
PL 6/2015,PL,2015,2014-12-18T00:00:00,2025-01-13T15:40:00,Encerrado-TERMINO DE LEGISLATURA (ART. 275 REG. INT.)
PL 6/2016,PL,2016,2016-01-14T00:00:00,2017-03-20T10:46:00,Encerrado-ILEGALIDADE (ART. 79 REG. INT.)
PL 6/2017,PL,2017,2017-01-05T00:00:00,2019-06-25T10:15:00,Encerrado-PROMULGADO
PL 6/2018,PL,2018,2018-01-18T00:00:00,2018-12-26T10:05:00,Encerrado-PROMULGADO
PL 6/2019,PL,2019,2019-01-09T00:00:00,2019-10-24T00:00:00,APENSADO
PL 6/2020,PL,2020,2020-01-28T00:00:00,2021-01-30T03:10:14,Encerrado-TERMINO DE LEGISLATURA (ART. 275 REG. INT.)
PL 6/2021,PL,2021,2021-01-06T00:00:00,2022-05-27T10:24:47,Encerrado-RETIRADO PELO AUTOR
PL 6/2022,PL,2022,2022-01-13T00:00:00,2026-09-18T11:14:00,Encerrado-PROMULGADO
PL 6/2023,PL,2023,2023-01-17T00:00:00,2023-07-25T18:41:00,Encerrado-ILEGALIDADE (ART. 79 REG. INT.)
PL 6/2026,PL,2026,2026-01-09T00:00:00,2026-09-01T14:02:05,APENSADO
PL 60/2015,PL,2015,2015-02-26T00:00:00,2016-02-19T14:57:39,Encerrado-PROMULGADO
PL 60/2016,PL,2016,2016-02-25T00:00:00,2017-05-09T00:00:00,Encerrado-PROMULGADO
PL 60/2017,PL,2017,2017-02-08T00:00:00,2025-05-29T19:01:00,Encerrado-VETO TOTAL ACEITO
PL 60/2018,PL,2018,2018-02-23T00:00:00,2018-06-11T11:42:00,Encerrado-PROMULGADO
PL 60/2019,PL,2019,2019-02-12T00:00:00,2020-09-09T14:44:00,Encerrado-PROMULGADO
PL 60/2021,PL,2021,2021-02-04T00:00:00,2022-06-09T18:03:00,Encerrado-PROMULGADO
PL 60/2023,PL,2023,2023-02-17T00:00:00,2025-01-21T00:00:48,Encerrado-TERMINO DE LEGISLATURA (ART. 275 REG. INT.)
PL 60/2024,PL,2024,2024-01-31T00:00:00,2024-08-12T14:16:00,Encerrado-PROMULGADO
PL 60/2025,PL,2025,2025-01-31T00:00:00,2026-05-26T11:29:00,Encerrado-PROMULGADO
PL 600/2013,PL,2013,2013-08-28T00:00:00,2021-01-14T12:00:00,Encerrado-TERMINO DE LEGISLATURA (ART. 275 REG. INT.)
PL 600/2016,PL,2016,2016-12-14T00:00:00,2018-02-15T11:28:00,Encerrado-PROMULGADO
PL 600/2018,PL,2018,2018-11-07T00:00:00,2019-05-14T16:05:00,Encerrado-RETIRADO PELO AUTOR
PL 600/2020,PL,2020,2020-09-16T00:00:00,2022-03-08T14:10:00,Encerrado-PROMULGADO
PL 600/2021,PL,2021,2021-09-03T00:00:00,2021-09-10T14:49:00,Encerrado-RETIRADO PELO AUTOR
PL 601/2015,PL,2015,2015-10-27T00:00:00,2021-01-13T14:42:00,Encerrado-TERMINO DE LEGISLATURA (ART. 275 REG. INT.)
PL 601/2016,PL,2016,2016-12-14T00:00:00,2017-11-23T09:51:00,Encerrado-PROMULGADO
PL 601/2020,PL,2020,2020-09-16T00:00:00,2025-01-23T12:15:57,Encerrado-TERMINO DE LEGISLATURA (ART. 275 REG. INT.)
PL 601/2021,PL,2021,2021-09-03T00:00:00,2025-03-14T15:03:00,Encerrado-VETO TOTAL ACEITO
PL 601/2023,PL,2023,2023-10-17T00:00:00,2025-01-20T22:34:22,Encerrado-TERMINO DE LEGISLATURA (ART. 275 REG. INT.)
PL 602/2013,PL,2013,2013-08-29T00:00:00,2025-01-13T14:58:00,Encerrado-TERMINO DE LEGISLATURA (ART. 275 REG. INT.)
PL 602/2015,PL,2015,2015-10-27T00:00:00,2016-02-03T15:07:42,Encerrado-PROMULGADO
PL 602/2016,PL,2016,2016-12-14T00:00:00,2017-01-31T11:24:00,Encerrado-TERMINO DE LEGISLATURA (ART. 275 REG. INT.)
PL 602/2017,PL,2017,2017-09-01T00:00:00,2018-12-26T09:04:00,Encerrado-PROMULGADO
PL 602/2018,PL,2018,2018-11-07T00:00:00,2019-04-17T00:00:00,APENSADO
PL 602/2021,PL,2021,2021-09-03T00:00:00,2024-04-04T11:55:00,Encerrado-ILEGALIDADE (ART. 79 REG. INT.)
PL 603/2013,PL,2013,2013-08-29T00:00:00,2025-03-26T23:33:00,Encerrado-VETO TOTAL ACEITO
PL 603/2016,PL,2016,2016-12-14T00:00:00,2017-07-13T00:00:00,Encerrado-PROMULGADO
PL 603/2017,PL,2017,2017-09-01T00:00:00,2018-12-13T10:07:00,Encerrado-RETIRADO PELO AUTOR
PL 603/2019,PL,2019,2019-09-18T00:00:00,2025-03-13T14:44:00,Encerrado-VETO TOTAL ACEITO
PL 603/2022,PL,2022,2022-10-21T00:00:00,2022-10-27T14:36:00,Encerrado-RETIRADO PELO AUTOR
PL 603/2023,PL,2023,2023-10-18T00:00:00,2026-06-09T11:49:00,Encerrado-PROMULGADO
PL 604/2013,PL,2013,2013-08-29T00:00:00,2019-04-11T09:36:00,Encerrado-VETO TOTAL ACEITO
PL 604/2016,PL,2016,2016-12-15T00:00:00,2021-01-30T07:35:43,Encerrado-TERMINO DE LEGISLATURA (ART. 275 REG. INT.)
PL 604/2017,PL,2017,2017-09-01T00:00:00,2018-07-30T08:14:00,Encerrado-PROMULGADO
PL 604/2018,PL,2018,2018-11-08T00:00:00,2020-01-14T09:57:00,Encerrado-PROMULGADO
PL 604/2019,PL,2019,2019-09-18T00:00:00,2020-10-22T10:25:00,Encerrado-PROMULGADO
PL 604/2022,PL,2022,2022-10-24T00:00:00,2023-08-09T14:11:00,Encerrado-PROMULGADO
PL 604/2023,PL,2023,2023-10-18T00:00:00,2024-04-18T13:28:22,APENSADO
PL 604/2024,PL,2024,2024-08-20T00:00:00,2025-01-27T19:54:11,Encerrado-TERMINO DE LEGISLATURA (ART. 275 REG. INT.)
PL 605/2015,PL,2015,2015-10-28T00:00:00,2016-03-09T00:00:00,Encerrado-PROMULGADO
PL 605/2017,PL,2017,2017-09-04T00:00:00,2021-01-13T17:58:00,Encerrado-PROMULGADO
PL 605/2018,PL,2018,2018-11-08T00:00:00,2019-10-02T08:41:00,Encerrado-PROMULGADO
PL 605/2019,PL,2019,2019-09-18T00:00:00,2021-01-29T16:33:30,Encerrado-TERMINO DE LEGISLATURA (ART. 275 REG. INT.)
PL 605/2020,PL,2020,2020-09-17T00:00:00,2021-04-07T18:18:00,Encerrado-RETIRADO PELO AUTOR
PL 605/2025,PL,2025,2025-05-27T00:00:00,2025-12-17T12:55:40,APENSADO
PL 606/2015,PL,2015,2015-10-28T00:00:00,2016-12-14T00:00:00,Encerrado-PROMULGADO
PL 606/2017,PL,2017,2017-09-04T00:00:00,2025-01-13T16:59:00,Encerrado-TERMINO DE LEGISLATURA (ART. 275 REG. INT.)
PL 606/2018,PL,2018,2018-11-08T00:00:00,2025-05-28T13:30:00,Encerrado-VETO PARCIAL ACEITO
PL 606/2019,PL,2019,2019-09-19T00:00:00,2024-06-04T13:25:00,Encerrado-PROMULGADO
PL 606/2020,PL,2020,2020-09-17T00:00:00,2022-01-20T12:43:00,Encerrado-ILEGALIDADE (ART. 79 REG. INT.)
PL 606/2021,PL,2021,2021-09-09T00:00:00,2022-04-11T12:30:24,Encerrado-RETIRADO PELO AUTOR
PL 606/2023,PL,2023,2023-10-18T00:00:00,2026-06-09T11:49:00,Encerrado-PROMULGADO
PL 606/2026,PL,2026,2026-08-03T00:00:00,2026-08-25T21:02:00,Encerrado-PROMULGADO
PL 607/2015,PL,2015,2015-10-28T00:00:00,2017-10-11T12:39:00,Encerrado-PROMULGADO
PL 607/2017,PL,2017,2017-09-04T00:00:00,2019-09-25T09:53:00,Encerrado-PROMULGADO
PL 607/2018,PL,2018,2018-11-09T00:00:00,2021-08-11T14:16:00,Encerrado-RETIRADO PELO AUTOR
PL 607/2020,PL,2020,2020-09-18T00:00:00,2021-01-22T17:50:55,Encerrado-TERMINO DE LEGISLATURA (ART. 275 REG. INT.)
PL 607/2022,PL,2022,2022-10-26T00:00:00,2025-01-16T22:04:37,Encerrado-TERMINO DE LEGISLATURA (ART. 275 REG. INT.)
PL 608/2015,PL,2015,2015-10-28T00:00:00,2018-05-09T09:08:00,Encerrado-PROMULGADO
PL 608/2016,PL,2016,2016-12-15T00:00:00,2017-09-05T00:00:00,Encerrado-PROMULGADO
PL 608/2018,PL,2018,2018-11-12T00:00:00,2021-01-20T17:42:35,Encerrado-TERMINO DE LEGISLATURA (ART. 275 REG. INT.)
PL 608/2022,PL,2022,2022-10-26T00:00:00,2024-06-21T15:11:00,Encerrado-PROMULGADO
PL 609/2013,PL,2013,2013-08-30T00:00:00,2025-03-26T23:33:00,Encerrado-VETO TOTAL ACEITO
PL 609/2015,PL,2015,2015-10-28T00:00:00,2016-04-14T18:08:03,Encerrado-RETIRADO PELO AUTOR
PL 609/2020,PL,2020,2020-09-21T00:00:00,2025-01-13T18:43:00,Encerrado-TERMINO DE LEGISLATURA (ART. 275 REG. INT.)
PL 609/2023,PL,2023,2023-10-19T00:00:00,2024-04-04T11:55:00,Encerrado-ILEGALIDADE (ART. 79 REG. INT.)
PL 61/2014,PL,2014,2014-02-21T00:00:00,2021-01-13T16:03:00,Encerrado-TERMINO DE LEGISLATURA (ART. 275 REG. INT.)
PL 61/2016,PL,2016,2016-02-25T00:00:00,2025-03-12T14:23:00,Encerrado-VETO TOTAL ACEITO
PL 61/2017,PL,2017,2017-02-08T00:00:00,2018-09-19T00:00:00,Encerrado-PROMULGADO
PL 61/2018,PL,2018,2018-02-23T00:00:00,2022-01-20T13:18:00,Encerrado-ILEGALIDADE (ART. 79 REG. INT.)
PL 61/2021,PL,2021,2021-02-04T00:00:00,2025-01-14T22:44:47,Encerrado-TERMINO DE LEGISLATURA (ART. 275 REG. INT.)
PL 61/2022,PL,2022,2022-02-15T00:00:00,2025-01-16T22:16:15,Encerrado-TERMINO DE LEGISLATURA (ART. 275 REG. INT.)
PL 61/2023,PL,2023,2023-02-17T00:00:00,2025-09-30T13:20:20,Encerrado-RETIRADO PELO AUTOR
PL 610/2013,PL,2013,2013-09-02T00:00:00,2021-01-14T12:00:00,Encerrado-TERMINO DE LEGISLATURA (ART. 275 REG. INT.)
PL 610/2015,PL,2015,2015-10-28T00:00:00,2016-07-12T00:00:00,Encerrado-PROMULGADO
PL 610/2016,PL,2016,2016-12-16T00:00:00,2017-05-09T16:38:00,Encerrado-RETIRADO PELO AUTOR
PL 610/2017,PL,2017,2017-09-05T00:00:00,2018-11-07T11:57:00,Encerrado-PROMULGADO
PL 610/2018,PL,2018,2018-11-13T00:00:00,2021-08-13T16:21:00,Encerrado-PROMULGADO
PL 610/2019,PL,2019,2019-09-19T00:00:00,2021-01-29T16:33:25,Encerrado-TERMINO DE LEGISLATURA (ART. 275 REG. INT.)
PL 610/2020,PL,2020,2020-09-21T00:00:00,2026-07-16T17:52:00,Encerrado-PROMULGADO
PL 610/2021,PL,2021,2021-09-10T00:00:00,2025-11-18T18:10:00,Encerrado-PROMULGADO
PL 610/2022,PL,2022,2022-10-27T00:00:00,2024-07-19T16:11:00,Encerrado-PROMULGADO
PL 610/2024,PL,2024,2024-08-21T00:00:00,2025-01-22T23:33:04,Encerrado-TERMINO DE LEGISLATURA (ART. 275 REG. INT.)
PL 611/2013,PL,2013,2013-09-03T00:00:00,2017-01-02T10:00:00,Encerrado-TERMINO DE LEGISLATURA (ART. 275 REG. INT.)
PL 611/2015,PL,2015,2015-10-29T00:00:00,2016-08-23T11:47:57,Encerrado-ILEGALIDADE (ART. 79 REG. INT.)
PL 611/2016,PL,2016,2016-12-16T00:00:00,2018-01-29T10:13:00,Encerrado-PROMULGADO
PL 611/2017,PL,2017,2017-09-05T00:00:00,2018-09-19T00:00:00,Encerrado-PROMULGADO
PL 611/2018,PL,2018,2018-11-13T00:00:00,2019-11-18T12:50:00,Encerrado-PROMULGADO
PL 611/2020,PL,2020,2020-09-22T00:00:00,2021-01-22T17:40:08,Encerrado-TERMINO DE LEGISLATURA (ART. 275 REG. INT.)
PL 611/2021,PL,2021,2021-09-10T00:00:00,2023-04-24T18:34:09,APENSADO
PL 611/2023,PL,2023,2023-10-19T00:00:00,2026-03-10T10:33:00,Encerrado-PROMULGADO
PL 611/2024,PL,2024,2024-08-21T00:00:00,2025-01-22T23:33:16,Encerrado-TERMINO DE LEGISLATURA (ART. 275 REG. INT.)
PL 612/2013,PL,2013,2013-09-03T00:00:00,2016-01-05T00:00:00,Encerrado-PROMULGADO
PL 612/2015,PL,2015,2015-10-29T00:00:00,2017-01-04T12:23:00,Encerrado-TERMINO DE LEGISLATURA (ART. 275 REG. INT.)
PL 612/2016,PL,2016,2016-12-16T00:00:00,2017-01-31T11:24:00,Encerrado-TERMINO DE LEGISLATURA (ART. 275 REG. INT.)
PL 612/2017,PL,2017,2017-09-05T00:00:00,2025-01-13T16:59:00,Encerrado-TERMINO DE LEGISLATURA (ART. 275 REG. INT.)
PL 612/2018,PL,2018,2018-11-14T00:00:00,2019-06-03T18:31:00,Encerrado-ILEGALIDADE (ART. 79 REG. INT.)
PL 612/2020,PL,2020,2020-09-22T00:00:00,2023-12-05T13:39:00,Encerrado-PROMULGADO
PL 612/2022,PL,2022,2022-10-31T00:00:00,2023-01-10T17:31:00,Encerrado-PROMULGADO
PL 612/2023,PL,2023,2023-10-23T00:00:00,2023-12-05T13:52:00,Encerrado-PROMULGADO
PL 612/2024,PL,2024,2024-08-21T00:00:00,2025-10-29T12:06:00,Encerrado-PROMULGADO
PL 613/2016,PL,2016,2016-12-16T00:00:00,2025-05-29T19:01:00,Encerrado-VETO TOTAL ACEITO
PL 613/2018,PL,2018,2018-11-14T00:00:00,2019-10-15T08:49:00,Encerrado-PROMULGADO
PL 613/2019,PL,2019,2019-09-20T00:00:00,2020-08-11T17:15:00,Encerrado-PROMULGADO
PL 613/2022,PL,2022,2022-10-31T00:00:00,2023-01-26T19:42:00,Encerrado-PROMULGADO
PL 613/2023,PL,2023,2023-10-24T00:00:00,2024-07-22T16:59:00,Encerrado-PROMULGADO
PL 614/2018,PL,2018,2018-11-21T00:00:00,2021-01-05T13:35:10,Encerrado-TERMINO DE LEGISLATURA (ART. 275 REG. INT.)
PL 614/2023,PL,2023,2023-10-24T00:00:00,2025-05-21T16:16:00,Encerrado-PROMULGADO
PL 614/2024,PL,2024,2024-08-21T00:00:00,2025-01-23T01:21:14,Encerrado-TERMINO DE LEGISLATURA (ART. 275 REG. INT.)
PL 615/2013,PL,2013,2013-09-03T00:00:00,2017-01-02T16:12:00,Encerrado-TERMINO DE LEGISLATURA (ART. 275 REG. INT.)
PL 615/2015,PL,2015,2015-11-04T00:00:00,2017-09-19T16:13:00,Encerrado-RETIRADO PELO AUTOR
PL 615/2017,PL,2017,2017-09-06T00:00:00,2019-01-16T15:33:00,Encerrado-PROMULGADO
PL 615/2018,PL,2018,2018-11-21T00:00:00,2025-05-29T09:56:00,Encerrado-VETO PARCIAL ACEITO
PL 615/2019,PL,2019,2019-09-23T00:00:00,2021-08-31T18:34:00,Encerrado-PROMULGADO
PL 615/2021,PL,2021,2021-09-13T00:00:00,2025-03-14T15:03:00,Encerrado-VETO TOTAL ACEITO
PL 615/2024,PL,2024,2024-08-22T00:00:00,2025-01-23T00:06:14,Encerrado-TERMINO DE LEGISLATURA (ART. 275 REG. INT.)
PL 616/2018,PL,2018,2018-11-21T00:00:00,2019-11-01T08:01:00,Encerrado-PROMULGADO
PL 616/2019,PL,2019,2019-09-23T00:00:00,2021-08-18T17:11:00,Encerrado-PROMULGADO
PL 616/2020,PL,2020,2020-09-22T00:00:00,2025-01-13T18:43:00,Encerrado-TERMINO DE LEGISLATURA (ART. 275 REG. INT.)
PL 616/2021,PL,2021,2021-09-13T00:00:00,2023-04-14T18:24:29,Encerrado-RETIRADO PELO AUTOR
PL 616/2022,PL,2022,2022-11-08T00:00:00,2024-01-22T14:15:00,Encerrado-PROMULGADO
PL 616/2024,PL,2024,2024-08-23T00:00:00,2024-09-17T17:47:00,Encerrado-RETIRADO PELO AUTOR
PL 617/2016,PL,2016,2016-12-20T00:00:00,2019-08-08T19:11:00,Encerrado-ILEGALIDADE (ART. 79 REG. INT.)
PL 617/2017,PL,2017,2017-09-06T00:00:00,2019-09-17T10:39:00,Encerrado-PROMULGADO
PL 617/2018,PL,2018,2018-11-22T00:00:00,2021-08-11T14:16:00,Encerrado-RETIRADO PELO AUTOR
PL 617/2023,PL,2023,2023-10-25T00:00:00,2025-01-20T23:08:49,Encerrado-TERMINO DE LEGISLATURA (ART. 275 REG. INT.)
PL 617/2024,PL,2024,2024-08-23T00:00:00,2026-06-19T09:33:00,Encerrado-PROMULGADO
PL 618/2013,PL,2013,2013-09-04T00:00:00,2017-01-02T16:24:00,Encerrado-TERMINO DE LEGISLATURA (ART. 275 REG. INT.)
PL 618/2016,PL,2016,2016-12-20T00:00:00,2019-08-02T08:53:00,Encerrado-PROMULGADO
PL 618/2018,PL,2018,2018-11-22T00:00:00,2019-09-26T17:27:00,Encerrado-RETIRADO PELO AUTOR
PL 618/2019,PL,2019,2019-09-23T00:00:00,2025-01-22T14:19:10,Encerrado-TERMINO DE LEGISLATURA (ART. 275 REG. INT.)
PL 618/2020,PL,2020,2020-09-22T00:00:00,2021-06-15T17:49:00,Encerrado-PROMULGADO
PL 618/2022,PL,2022,2022-11-08T00:00:00,2024-01-12T13:59:00,Encerrado-PROMULGADO
PL 619/2013,PL,2013,2013-09-04T00:00:00,2017-01-02T16:12:00,Encerrado-TERMINO DE LEGISLATURA (ART. 275 REG. INT.)
PL 619/2015,PL,2015,2015-11-04T00:00:00,2016-08-24T00:00:00,Encerrado-PROMULGADO
PL 619/2016,PL,2016,2016-12-21T00:00:00,2025-01-22T14:00:53,Encerrado-TERMINO DE LEGISLATURA (ART. 275 REG. INT.)
PL 619/2018,PL,2018,2018-11-22T00:00:00,2019-06-06T18:02:00,Encerrado-RETIRADO PELO AUTOR
PL 619/2019,PL,2019,2019-09-24T00:00:00,2025-01-14T14:17:00,Encerrado-TERMINO DE LEGISLATURA (ART. 275 REG. INT.)
PL 619/2022,PL,2022,2022-11-08T00:00:00,2025-01-16T22:16:16,Encerrado-TERMINO DE LEGISLATURA (ART. 275 REG. INT.)
PL 619/2023,PL,2023,2023-10-25T00:00:00,2024-07-05T13:16:18,APENSADO
PL 619/2024,PL,2024,2024-08-26T00:00:00,2025-07-28T18:44:00,Encerrado-PROMULGADO
PL 62/2013,PL,2013,2013-03-01T00:00:00,2025-04-02T15:01:00,Encerrado-VETO PARCIAL ACEITO
PL 62/2017,PL,2017,2017-02-08T00:00:00,2018-06-29T09:27:00,Encerrado-PROMULGADO
PL 62/2019,PL,2019,2019-02-13T00:00:00,2025-01-13T19:31:23,Encerrado-TERMINO DE LEGISLATURA (ART. 275 REG. INT.)
PL 62/2021,PL,2021,2021-02-05T00:00:00,2021-04-22T16:02:00,Encerrado-RETIRADO PELO AUTOR
PL 62/2023,PL,2023,2023-02-17T00:00:00,2025-11-28T15:31:00,Encerrado-ILEGALIDADE (ART. 79 REG. INT.)
PL 620/2013,PL,2013,2013-09-04T00:00:00,2017-01-02T16:12:00,Encerrado-TERMINO DE LEGISLATURA (ART. 275 REG. INT.)
PL 620/2015,PL,2015,2015-11-04T00:00:00,2017-01-02T10:00:00,Encerrado-TERMINO DE LEGISLATURA (ART. 275 REG. INT.)
PL 620/2016,PL,2016,2016-12-21T00:00:00,2020-12-10T17:27:00,Encerrado-PROMULGADO
PL 620/2017,PL,2017,2017-09-11T00:00:00,2018-07-30T08:14:00,Encerrado-PROMULGADO
PL 620/2019,PL,2019,2019-09-24T00:00:00,2020-12-02T18:32:00,Encerrado-ILEGALIDADE (ART. 79 REG. INT.)
PL 620/2020,PL,2020,2020-09-22T00:00:00,2021-10-14T14:43:00,Encerrado-PROMULGADO
PL 620/2023,PL,2023,2023-10-25T00:00:00,2026-01-20T13:56:00,Encerrado-PROMULGADO
PL 621/2013,PL,2013,2013-09-04T00:00:00,2016-12-21T17:37:00,Encerrado-TERMINO DE LEGISLATURA (ART. 275 REG. INT.)
PL 621/2015,PL,2015,2015-11-04T00:00:00,2017-01-02T12:00:00,Encerrado-TERMINO DE LEGISLATURA (ART. 275 REG. INT.)
PL 621/2016,PL,2016,2016-12-16T00:00:00,2019-01-21T18:53:00,Encerrado-PROMULGADO
PL 621/2019,PL,2019,2019-09-24T00:00:00,2020-03-09T16:25:00,Encerrado-ILEGALIDADE (ART. 79 REG. INT.)
PL 621/2020,PL,2020,2020-09-22T00:00:00,2021-07-05T19:00:00,Encerrado-RETIRADO PELO AUTOR
PL 621/2021,PL,2021,2021-09-14T00:00:00,2026-01-20T13:56:00,Encerrado-PROMULGADO
PL 621/2023,PL,2023,2023-10-25T00:00:00,2025-01-21T18:21:00,Encerrado-TERMINO DE LEGISLATURA (ART. 275 REG. INT.)
PL 622/2015,PL,2015,2015-11-05T00:00:00,2016-11-24T15:08:28,Encerrado-PROMULGADO
PL 622/2019,PL,2019,2019-09-24T00:00:00,2021-02-23T10:59:27,Encerrado-TERMINO DE LEGISLATURA (ART. 275 REG. INT.)
PL 622/2020,PL,2020,2020-09-22T00:00:00,2022-06-19T20:23:01,Encerrado-RETIRADO PELO AUTOR
PL 622/2021,PL,2021,2021-09-14T00:00:00,2025-01-14T21:56:31,Encerrado-TERMINO DE LEGISLATURA (ART. 275 REG. INT.)
PL 623/2015,PL,2015,2015-11-06T00:00:00,2021-01-13T14:42:00,Encerrado-TERMINO DE LEGISLATURA (ART. 275 REG. INT.)
PL 623/2017,PL,2017,2017-09-12T00:00:00,2019-10-09T18:08:00,Encerrado-VETO TOTAL ACEITO
PL 623/2018,PL,2018,2018-11-27T00:00:00,2025-01-10T17:46:44,Encerrado-TERMINO DE LEGISLATURA (ART. 275 REG. INT.)
PL 623/2021,PL,2021,2021-09-14T00:00:00,2024-04-04T11:55:00,Encerrado-ILEGALIDADE (ART. 79 REG. INT.)
PL 624/2015,PL,2015,2015-11-06T00:00:00,2016-07-27T14:15:39,Encerrado-ARQUIVADO
PL 624/2017,PL,2017,2017-09-12T00:00:00,2018-08-30T14:13:00,Encerrado-PROMULGADO
PL 624/2018,PL,2018,2018-11-27T00:00:00,2019-09-12T14:20:00,Encerrado-ILEGALIDADE (ART. 79 REG. INT.)
PL 624/2019,PL,2019,2019-09-24T00:00:00,2025-01-22T19:35:35,Encerrado-TERMINO DE LEGISLATURA (ART. 275 REG. INT.)
PL 624/2020,PL,2020,2020-09-23T00:00:00,2021-10-28T13:50:00,Encerrado-PROMULGADO
PL 624/2021,PL,2021,2021-09-14T00:00:00,2025-01-23T15:22:10,Encerrado-TERMINO DE LEGISLATURA (ART. 275 REG. INT.)
PL 624/2024,PL,2024,2024-08-28T00:00:00,2026-04-27T10:45:00,Encerrado-PROMULGADO
PL 625/2017,PL,2017,2017-09-12T00:00:00,2018-10-04T08:56:00,Encerrado-PROMULGADO
PL 625/2018,PL,2018,2018-11-27T00:00:00,2021-01-04T15:59:56,Encerrado-TERMINO DE LEGISLATURA (ART. 275 REG. INT.)
PL 625/2019,PL,2019,2019-09-24T00:00:00,2025-01-22T19:35:36,Encerrado-TERMINO DE LEGISLATURA (ART. 275 REG. INT.)
PL 625/2020,PL,2020,2020-09-23T00:00:00,2023-08-07T16:36:00,Encerrado-PROMULGADO
PL 625/2022,PL,2022,2022-11-10T00:00:00,2024-02-27T18:44:45,APENSADO
PL 625/2023,PL,2023,2023-10-26T00:00:00,2025-01-20T22:34:22,Encerrado-TERMINO DE LEGISLATURA (ART. 275 REG. INT.)
PL 625/2024,PL,2024,2024-08-28T00:00:00,2025-11-28T15:31:00,Encerrado-ILEGALIDADE (ART. 79 REG. INT.)
PL 626/2015,PL,2015,2015-11-09T00:00:00,2019-05-02T10:40:00,Encerrado-VETO PARCIAL ACEITO
PL 626/2020,PL,2020,2020-09-23T00:00:00,2021-01-22T17:40:21,Encerrado-TERMINO DE LEGISLATURA (ART. 275 REG. INT.)
PL 626/2023,PL,2023,2023-10-26T00:00:00,2025-01-20T22:34:21,Encerrado-TERMINO DE LEGISLATURA (ART. 275 REG. INT.)
PL 626/2025,PL,2025,2025-06-02T00:00:00,2026-09-02T14:59:00,Encerrado-PROMULGADO
PL 627/2015,PL,2015,2015-11-10T00:00:00,2021-01-05T14:10:16,Encerrado-TERMINO DE LEGISLATURA (ART. 275 REG. INT.)
PL 627/2019,PL,2019,2019-09-25T00:00:00,2025-01-13T19:31:25,Encerrado-TERMINO DE LEGISLATURA (ART. 275 REG. INT.)
PL 627/2020,PL,2020,2020-09-23T00:00:00,2021-01-22T17:40:04,Encerrado-TERMINO DE LEGISLATURA (ART. 275 REG. INT.)
PL 627/2021,PL,2021,2021-09-15T00:00:00,2025-01-14T21:31:54,Encerrado-TERMINO DE LEGISLATURA (ART. 275 REG. INT.)
PL 627/2022,PL,2022,2022-11-10T00:00:00,2022-11-16T16:54:00,Encerrado-RETIRADO PELO AUTOR
PL 627/2023,PL,2023,2023-10-26T00:00:00,2025-01-20T22:34:20,Encerrado-TERMINO DE LEGISLATURA (ART. 275 REG. INT.)
PL 628/2015,PL,2015,2015-11-10T00:00:00,2017-01-02T13:42:00,Encerrado-TERMINO DE LEGISLATURA (ART. 275 REG. INT.)
PL 628/2017,PL,2017,2017-09-12T00:00:00,2025-05-29T19:01:00,Encerrado-VETO TOTAL ACEITO
PL 628/2020,PL,2020,2020-09-23T00:00:00,2024-09-02T16:11:00,Encerrado-PROMULGADO
PL 628/2023,PL,2023,2023-10-27T00:00:00,2026-09-23T11:17:00,Encerrado-PROMULGADO
PL 628/2025,PL,2025,2025-06-02T00:00:00,2025-06-17T19:55:00,Encerrado-RETIRADO PELO AUTOR
PL 629/2015,PL,2015,2015-11-10T00:00:00,2016-09-12T10:44:11,Encerrado-ARQUIVADO
PL 629/2017,PL,2017,2017-09-12T00:00:00,2018-08-30T14:13:00,Encerrado-PROMULGADO
PL 629/2018,PL,2018,2018-11-29T00:00:00,2025-03-19T16:53:00,Encerrado-VETO TOTAL ACEITO
PL 629/2021,PL,2021,2021-09-15T00:00:00,2022-06-29T11:49:13,APENSADO
PL 629/2022,PL,2022,2022-11-11T00:00:00,2025-12-19T10:23:00,Encerrado-PROMULGADO
PL 629/2024,PL,2024,2024-08-29T00:00:00,2025-01-22T23:33:15,Encerrado-TERMINO DE LEGISLATURA (ART. 275 REG. INT.)
PL 629/2025,PL,2025,2025-06-02T00:00:00,2025-07-24T10:49:00,Encerrado-PROMULGADO
PL 63/2013,PL,2013,2013-03-01T00:00:00,2021-01-14T11:32:00,Encerrado-TERMINO DE LEGISLATURA (ART. 275 REG. INT.)
PL 63/2014,PL,2014,2014-02-21T00:00:00,2021-01-13T16:03:00,Encerrado-TERMINO DE LEGISLATURA (ART. 275 REG. INT.)
PL 63/2015,PL,2015,2015-02-27T00:00:00,2015-08-26T00:00:00,Encerrado-PROMULGADO
PL 63/2016,PL,2016,2016-02-29T00:00:00,2019-05-02T10:42:00,Encerrado-VETO PARCIAL ACEITO
PL 63/2017,PL,2017,2017-02-09T00:00:00,2017-05-24T15:38:00,Encerrado-PROMULGADO
PL 63/2018,PL,2018,2018-02-23T00:00:00,2019-09-06T12:37:00,Encerrado-PROMULGADO
PL 63/2019,PL,2019,2019-02-13T00:00:00,2025-03-12T14:05:00,Encerrado-VETO TOTAL ACEITO
PL 63/2021,PL,2021,2021-02-05T00:00:00,2021-05-25T17:31:00,Encerrado-RETIRADO PELO AUTOR
PL 63/2024,PL,2024,2024-02-02T00:00:00,2024-07-30T15:37:52,APENSADO
PL 630/2015,PL,2015,2015-11-10T00:00:00,2016-05-05T00:00:00,Encerrado-PROMULGADO
PL 630/2017,PL,2017,2017-09-12T00:00:00,2021-08-13T16:21:00,Encerrado-PROMULGADO
PL 630/2018,PL,2018,2018-11-29T00:00:00,2019-10-02T08:41:00,Encerrado-PROMULGADO
PL 630/2021,PL,2021,2021-09-15T00:00:00,2022-03-16T21:02:27,Encerrado-RETIRADO PELO AUTOR
PL 631/2015,PL,2015,2015-11-11T00:00:00,2016-12-12T12:36:11,Encerrado-ILEGALIDADE (ART. 79 REG. INT.)
PL 631/2017,PL,2017,2017-09-12T00:00:00,2017-11-29T00:00:00,Encerrado-RETIRADO PELO AUTOR
PL 631/2018,PL,2018,2018-11-29T00:00:00,2021-01-05T13:35:12,Encerrado-TERMINO DE LEGISLATURA (ART. 275 REG. INT.)
PL 631/2021,PL,2021,2021-09-15T00:00:00,2026-03-17T19:38:56,Encerrado-RETIRADO PELO AUTOR
PL 632/2013,PL,2013,2013-09-05T00:00:00,2015-11-05T00:00:00,Encerrado-PROMULGADO
PL 632/2015,PL,2015,2015-11-11T00:00:00,2017-01-04T13:06:00,Encerrado-TERMINO DE LEGISLATURA (ART. 275 REG. INT.)
PL 632/2018,PL,2018,2018-11-29T00:00:00,2020-02-06T11:39:00,Encerrado-PROMULGADO
PL 632/2022,PL,2022,2022-11-11T00:00:00,2024-04-04T11:55:00,Encerrado-ILEGALIDADE (ART. 79 REG. INT.)
PL 633/2013,PL,2013,2013-09-05T00:00:00,2021-01-14T12:00:00,Encerrado-TERMINO DE LEGISLATURA (ART. 275 REG. INT.)
PL 633/2015,PL,2015,2015-11-11T00:00:00,2016-06-28T00:00:00,Encerrado-PROMULGADO
PL 633/2017,PL,2017,2017-09-12T00:00:00,2025-05-29T19:01:00,Encerrado-VETO TOTAL ACEITO
PL 633/2019,PL,2019,2019-09-26T00:00:00,2019-12-19T00:00:00,APENSADO
PL 633/2020,PL,2020,2020-09-25T00:00:00,2021-09-13T17:51:00,Encerrado-PROMULGADO
PL 633/2022,PL,2022,2022-11-11T00:00:00,2023-03-09T17:05:00,Encerrado-PROMULGADO
PL 633/2023,PL,2023,2023-10-27T00:00:00,2025-05-14T14:48:00,Encerrado-PROMULGADO
PL 634/2017,PL,2017,2017-09-13T00:00:00,2021-01-04T15:00:12,Encerrado-TERMINO DE LEGISLATURA (ART. 275 REG. INT.)
PL 634/2019,PL,2019,2019-09-26T00:00:00,2021-08-19T17:50:00,Encerrado-PROMULGADO
PL 634/2020,PL,2020,2020-09-25T00:00:00,2021-10-15T17:11:00,Encerrado-PROMULGADO
PL 634/2022,PL,2022,2022-11-11T00:00:00,2024-06-12T13:54:00,Encerrado-PROMULGADO
PL 634/2023,PL,2023,2023-10-30T00:00:00,2024-04-18T13:27:55,APENSADO
PL 634/2024,PL,2024,2024-08-30T00:00:00,2025-01-23T00:33:31,Encerrado-TERMINO DE LEGISLATURA (ART. 275 REG. INT.)
PL 635/2013,PL,2013,2013-09-05T00:00:00,2021-01-26T18:37:45,Encerrado-TERMINO DE LEGISLATURA (ART. 275 REG. INT.)
PL 635/2015,PL,2015,2015-11-11T00:00:00,2016-05-05T12:59:43,Encerrado-ILEGALIDADE (ART. 79 REG. INT.)
PL 635/2017,PL,2017,2017-09-13T00:00:00,2019-10-21T11:09:00,Encerrado-VETO TOTAL ACEITO
PL 635/2019,PL,2019,2019-09-26T00:00:00,2021-02-17T13:45:00,Encerrado-RETIRADO PELO AUTOR
PL 635/2020,PL,2020,2020-09-25T00:00:00,2021-10-14T14:43:00,Encerrado-PROMULGADO
PL 635/2022,PL,2022,2022-11-16T00:00:00,2025-01-16T22:11:52,Encerrado-TERMINO DE LEGISLATURA (ART. 275 REG. INT.)
PL 635/2023,PL,2023,2023-10-30T00:00:00,2024-07-22T16:59:00,Encerrado-PROMULGADO
PL 635/2024,PL,2024,2024-09-02T00:00:00,2025-01-23T01:42:19,Encerrado-TERMINO DE LEGISLATURA (ART. 275 REG. INT.)
PL 635/2025,PL,2025,2025-06-03T00:00:00,2025-12-17T12:49:00,Encerrado-PROMULGADO
PL 636/2015,PL,2015,2015-11-11T00:00:00,2016-04-19T00:00:00,Encerrado-PROMULGADO
PL 636/2017,PL,2017,2017-09-13T00:00:00,2018-04-13T15:44:00,Encerrado-RETIRADO PELO AUTOR
PL 636/2018,PL,2018,2018-12-03T00:00:00,2021-10-08T17:25:00,Encerrado-PROMULGADO
PL 636/2019,PL,2019,2019-09-26T00:00:00,2021-01-30T05:53:08,Encerrado-TERMINO DE LEGISLATURA (ART. 275 REG. INT.)
PL 636/2020,PL,2020,2020-09-25T00:00:00,2025-05-29T09:38:00,Encerrado-VETO PARCIAL ACEITO
PL 636/2024,PL,2024,2024-09-02T00:00:00,2024-09-17T17:47:00,Encerrado-RETIRADO PELO AUTOR
PL 637/2015,PL,2015,2015-11-11T00:00:00,2017-04-19T00:00:00,Encerrado-PROMULGADO
PL 637/2019,PL,2019,2019-09-26T00:00:00,2021-01-12T15:10:00,Encerrado-TERMINO DE LEGISLATURA (ART. 275 REG. INT.)
PL 637/2020,PL,2020,2020-09-28T00:00:00,2025-07-29T14:15:00,Encerrado-ILEGALIDADE (ART. 79 REG. INT.)
PL 637/2022,PL,2022,2022-11-16T00:00:00,2025-01-22T15:56:45,Encerrado-TERMINO DE LEGISLATURA (ART. 275 REG. INT.)
PL 637/2023,PL,2023,2023-10-30T00:00:00,2025-11-28T15:31:00,Encerrado-ILEGALIDADE (ART. 79 REG. INT.)
PL 637/2025,PL,2025,2025-06-03T00:00:00,2025-10-16T12:11:00,Encerrado-RETIRADO PELO AUTOR
PL 638/2013,PL,2013,2013-09-09T00:00:00,2019-04-15T09:06:00,Encerrado-VETO PARCIAL ACEITO
PL 638/2015,PL,2015,2015-11-12T00:00:00,2017-01-02T10:00:00,Encerrado-TERMINO DE LEGISLATURA (ART. 275 REG. INT.)
PL 638/2019,PL,2019,2019-09-27T00:00:00,2025-03-13T14:44:00,Encerrado-VETO TOTAL ACEITO
PL 638/2020,PL,2020,2020-09-29T00:00:00,2021-01-22T17:25:43,Encerrado-TERMINO DE LEGISLATURA (ART. 275 REG. INT.)
PL 638/2021,PL,2021,2021-09-20T00:00:00,2023-10-31T13:36:00,Encerrado-PROMULGADO
PL 638/2022,PL,2022,2022-11-16T00:00:00,2023-12-13T18:48:00,Encerrado-PROMULGADO
PL 638/2023,PL,2023,2023-10-31T00:00:00,2025-01-20T22:38:02,Encerrado-TERMINO DE LEGISLATURA (ART. 275 REG. INT.)
PL 638/2024,PL,2024,2024-09-02T00:00:00,2024-09-17T17:47:00,Encerrado-RETIRADO PELO AUTOR
PL 639/2020,PL,2020,2020-09-29T00:00:00,2021-10-08T17:25:00,Encerrado-PROMULGADO
PL 639/2021,PL,2021,2021-09-21T00:00:00,2025-01-14T22:02:07,Encerrado-TERMINO DE LEGISLATURA (ART. 275 REG. INT.)
PL 639/2024,PL,2024,2024-09-02T00:00:00,2025-01-23T00:06:12,Encerrado-TERMINO DE LEGISLATURA (ART. 275 REG. INT.)
PL 639/2025,PL,2025,2025-06-03T00:00:00,2025-07-29T14:23:00,Encerrado-PROMULGADO
PL 64/2013,PL,2013,2013-03-01T00:00:00,2025-03-24T17:35:00,Encerrado-VETO TOTAL ACEITO
PL 64/2015,PL,2015,2015-02-27T00:00:00,2016-06-20T00:00:00,Encerrado-PROMULGADO
PL 64/2016,PL,2016,2016-03-01T00:00:00,2016-11-24T15:08:22,Encerrado-PROMULGADO
PL 64/2017,PL,2017,2017-02-09T00:00:00,2018-01-29T10:13:00,Encerrado-PROMULGADO
PL 64/2018,PL,2018,2018-02-26T00:00:00,2019-08-29T18:41:00,Encerrado-ILEGALIDADE (ART. 79 REG. INT.)
PL 64/2020,PL,2020,2020-02-17T00:00:00,2021-11-11T17:18:00,Encerrado-PROMULGADO
PL 64/2023,PL,2023,2023-02-23T00:00:00,2024-02-02T14:37:00,Encerrado-PROMULGADO
PL 640/2015,PL,2015,2015-11-16T00:00:00,2025-07-01T17:59:00,Encerrado-VETO TOTAL ACEITO
PL 640/2017,PL,2017,2017-09-13T00:00:00,2018-12-26T09:04:00,Encerrado-PROMULGADO
PL 640/2020,PL,2020,2020-09-29T00:00:00,2025-01-13T22:17:01,Encerrado-TERMINO DE LEGISLATURA (ART. 275 REG. INT.)
PL 640/2022,PL,2022,2022-11-17T00:00:00,2026-04-10T15:50:00,Devolução de Regularização
PL 640/2024,PL,2024,2024-09-02T00:00:00,2025-01-23T01:42:17,Encerrado-TERMINO DE LEGISLATURA (ART. 275 REG. INT.)
PL 640/2025,PL,2025,2025-06-03T00:00:00,2025-07-29T14:25:00,Encerrado-PROMULGADO
PL 641/2013,PL,2013,2013-09-10T00:00:00,2017-01-02T14:32:00,Encerrado-TERMINO DE LEGISLATURA (ART. 275 REG. INT.)
PL 641/2020,PL,2020,2020-09-29T00:00:00,2025-01-13T22:21:56,Encerrado-TERMINO DE LEGISLATURA (ART. 275 REG. INT.)
PL 641/2021,PL,2021,2021-09-21T00:00:00,2025-03-14T15:03:00,Encerrado-VETO TOTAL ACEITO
PL 641/2022,PL,2022,2022-11-17T00:00:00,2025-01-16T22:27:23,Encerrado-TERMINO DE LEGISLATURA (ART. 275 REG. INT.)
PL 641/2023,PL,2023,2023-10-31T00:00:00,2025-01-20T22:34:19,Encerrado-TERMINO DE LEGISLATURA (ART. 275 REG. INT.)
PL 641/2024,PL,2024,2024-09-02T00:00:00,2025-01-23T01:42:16,Encerrado-TERMINO DE LEGISLATURA (ART. 275 REG. INT.)
PL 641/2025,PL,2025,2025-06-04T00:00:00,2026-01-05T16:09:00,Encerrado-PROMULGADO
PL 642/2015,PL,2015,2015-11-17T00:00:00,2025-07-01T17:59:00,Encerrado-VETO TOTAL ACEITO
PL 642/2017,PL,2017,2017-09-13T00:00:00,2025-01-13T16:59:00,Encerrado-TERMINO DE LEGISLATURA (ART. 275 REG. INT.)
PL 642/2018,PL,2018,2018-12-07T00:00:00,2019-10-04T17:40:00,Encerrado-RETIRADO PELO AUTOR
PL 642/2019,PL,2019,2019-09-27T00:00:00,2025-03-13T14:44:00,Encerrado-VETO TOTAL ACEITO
PL 642/2021,PL,2021,2021-09-21T00:00:00,2025-01-23T15:22:12,Encerrado-TERMINO DE LEGISLATURA (ART. 275 REG. INT.)
PL 642/2022,PL,2022,2022-11-17T00:00:00,2025-10-20T17:12:27,Encerrado-RETIRADO PELO AUTOR
PL 642/2023,PL,2023,2023-10-31T00:00:00,2025-01-21T15:31:08,Encerrado-TERMINO DE LEGISLATURA (ART. 275 REG. INT.)
PL 642/2024,PL,2024,2024-09-02T00:00:00,2025-01-22T23:33:14,Encerrado-TERMINO DE LEGISLATURA (ART. 275 REG. INT.)
PL 642/2025,PL,2025,2025-06-04T00:00:00,2026-09-23T11:17:00,Encerrado-PROMULGADO
PL 643/2013,PL,2013,2013-09-10T00:00:00,2021-01-05T13:16:17,Encerrado-TERMINO DE LEGISLATURA (ART. 275 REG. INT.)
PL 643/2015,PL,2015,2015-11-18T00:00:00,2016-06-22T18:03:09,Encerrado-PROMULGADO
PL 643/2018,PL,2018,2018-12-10T00:00:00,2025-01-13T18:35:00,Encerrado-TERMINO DE LEGISLATURA (ART. 275 REG. INT.)
PL 643/2020,PL,2020,2020-09-30T00:00:00,2024-06-11T18:48:00,Encerrado-PROMULGADO
PL 643/2021,PL,2021,2021-09-21T00:00:00,2025-01-14T21:56:19,Encerrado-TERMINO DE LEGISLATURA (ART. 275 REG. INT.)
PL 643/2022,PL,2022,2022-11-18T00:00:00,2023-09-27T14:10:00,Encerrado-PROMULGADO
PL 643/2023,PL,2023,2023-10-31T00:00:00,2024-05-23T11:40:15,APENSADO
PL 643/2024,PL,2024,2024-09-02T00:00:00,2025-01-22T23:33:13,Encerrado-TERMINO DE LEGISLATURA (ART. 275 REG. INT.)
PL 644/2013,PL,2013,2013-09-10T00:00:00,2021-01-14T12:00:00,Encerrado-TERMINO DE LEGISLATURA (ART. 275 REG. INT.)
PL 644/2017,PL,2017,2017-09-14T00:00:00,2019-07-01T18:47:00,Encerrado-ILEGALIDADE (ART. 79 REG. INT.)
PL 644/2018,PL,2018,2010-12-11T00:00:00,2018-12-26T18:11:00,Encerrado-RETIRADO PELO AUTOR
PL 644/2019,PL,2019,2019-09-27T00:00:00,2022-03-08T14:10:00,Encerrado-PROMULGADO
PL 644/2020,PL,2020,2020-09-30T00:00:00,2021-01-22T17:25:49,Encerrado-TERMINO DE LEGISLATURA (ART. 275 REG. INT.)
PL 644/2021,PL,2021,2021-09-21T00:00:00,2025-01-21T13:40:23,Encerrado-TERMINO DE LEGISLATURA (ART. 275 REG. INT.)
PL 644/2023,PL,2023,2023-10-31T00:00:00,2025-01-21T15:31:09,Encerrado-TERMINO DE LEGISLATURA (ART. 275 REG. INT.)
PL 644/2024,PL,2024,2024-09-02T00:00:00,2025-01-22T23:33:12,Encerrado-TERMINO DE LEGISLATURA (ART. 275 REG. INT.)
PL 645/2015,PL,2015,2015-11-18T00:00:00,2017-01-02T16:02:00,Encerrado-TERMINO DE LEGISLATURA (ART. 275 REG. INT.)
PL 645/2018,PL,2018,2018-12-12T00:00:00,2020-01-15T09:35:00,Encerrado-PROMULGADO
PL 645/2022,PL,2022,2022-11-19T00:00:00,2023-05-09T14:50:00,Encerrado-PROMULGADO
PL 645/2024,PL,2024,2024-09-02T00:00:00,2025-08-07T13:50:38,APENSADO
PL 646/2015,PL,2015,2015-11-19T00:00:00,2017-01-03T17:01:00,Encerrado-TERMINO DE LEGISLATURA (ART. 275 REG. INT.)
PL 646/2017,PL,2017,2017-09-18T00:00:00,2024-04-04T11:55:00,Encerrado-ILEGALIDADE (ART. 79 REG. INT.)
PL 646/2019,PL,2019,2019-09-30T00:00:00,2020-09-09T18:28:00,Encerrado-PROMULGADO
PL 646/2024,PL,2024,2024-09-02T00:00:00,2025-01-23T01:42:15,Encerrado-TERMINO DE LEGISLATURA (ART. 275 REG. INT.)
PL 647/2013,PL,2013,2013-09-11T00:00:00,2017-09-01T12:30:00,Encerrado-RETIRADO PELO AUTOR
PL 647/2015,PL,2015,2015-11-19T00:00:00,2017-10-11T12:40:00,Encerrado-PROMULGADO
PL 647/2017,PL,2017,2017-09-18T00:00:00,2018-06-07T10:20:00,Encerrado-PROMULGADO
PL 647/2019,PL,2019,2019-09-30T00:00:00,2020-02-06T17:13:00,Encerrado-PROMULGADO
PL 647/2020,PL,2020,2020-10-01T00:00:00,2023-08-07T16:36:00,Encerrado-PROMULGADO
PL 647/2021,PL,2021,2021-09-21T00:00:00,2025-01-14T22:34:26,Encerrado-TERMINO DE LEGISLATURA (ART. 275 REG. INT.)
PL 647/2022,PL,2022,2022-11-21T00:00:00,2025-01-16T22:08:26,Encerrado-TERMINO DE LEGISLATURA (ART. 275 REG. INT.)
PL 647/2023,PL,2023,2023-10-31T00:00:00,2026-06-09T11:49:00,Encerrado-PROMULGADO
PL 647/2025,PL,2025,2025-06-05T00:00:00,2026-01-05T16:09:00,Encerrado-PROMULGADO
PL 647/2026,PL,2026,2026-08-10T00:00:00,2026-09-22T18:57:59,APENSADO
PL 648/2015,PL,2015,2015-11-23T00:00:00,2022-06-23T12:07:22,Encerrado-RETIRADO PELO AUTOR
PL 648/2017,PL,2017,2017-09-18T00:00:00,2018-06-13T10:10:00,Encerrado-PROMULGADO
PL 648/2022,PL,2022,2022-11-21T00:00:00,2024-12-16T15:00:00,Encerrado-PROMULGADO
PL 648/2023,PL,2023,2023-10-31T00:00:00,2024-12-16T13:54:00,Encerrado-PROMULGADO
PL 648/2026,PL,2026,2026-08-12T00:00:00,2026-09-04T12:25:00,Encerrado-RETIRADO PELO AUTOR
PL 649/2013,PL,2013,2013-09-11T00:00:00,2021-01-14T12:00:00,Encerrado-TERMINO DE LEGISLATURA (ART. 275 REG. INT.)
PL 649/2015,PL,2015,2015-11-24T00:00:00,2016-07-07T16:05:37,Encerrado-RETIRADO PELO AUTOR
PL 649/2017,PL,2017,2017-09-18T00:00:00,2018-09-19T00:00:00,Encerrado-PROMULGADO
PL 649/2018,PL,2018,2018-12-17T00:00:00,2022-02-15T00:00:00,APENSADO
PL 649/2019,PL,2019,2019-09-30T00:00:00,2025-01-14T14:17:00,Encerrado-TERMINO DE LEGISLATURA (ART. 275 REG. INT.)
PL 649/2020,PL,2020,2020-10-01T00:00:00,2026-05-12T18:07:00,Encerrado-PROMULGADO
PL 649/2021,PL,2021,2021-09-22T00:00:00,2023-05-05T14:48:00,Encerrado-PROMULGADO
PL 649/2022,PL,2022,2022-11-22T00:00:00,2025-10-20T17:12:28,Encerrado-RETIRADO PELO AUTOR
PL 65/2016,PL,2016,2016-03-01T00:00:00,2017-01-03T18:34:00,Encerrado-TERMINO DE LEGISLATURA (ART. 275 REG. INT.)
PL 65/2019,PL,2019,2019-02-13T00:00:00,2019-10-22T17:28:00,Encerrado-RETIRADO PELO AUTOR
PL 65/2020,PL,2020,2020-02-17T00:00:00,2025-01-13T22:36:51,Encerrado-TERMINO DE LEGISLATURA (ART. 275 REG. INT.)
PL 65/2023,PL,2023,2023-02-23T00:00:00,2025-01-21T13:40:24,Encerrado-TERMINO DE LEGISLATURA (ART. 275 REG. INT.)
PL 65/2024,PL,2024,2024-02-02T00:00:00,2025-01-21T14:23:00,Encerrado-TERMINO DE LEGISLATURA (ART. 275 REG. INT.)
PL 650/2017,PL,2017,2017-09-19T00:00:00,2025-01-13T17:24:00,Encerrado-TERMINO DE LEGISLATURA (ART. 275 REG. INT.)
PL 650/2018,PL,2018,2018-12-17T00:00:00,2019-12-04T08:49:00,Encerrado-PROMULGADO
PL 650/2021,PL,2021,2021-09-22T00:00:00,2022-02-16T19:01:00,Encerrado-PROMULGADO
PL 650/2022,PL,2022,2022-11-22T00:00:00,2023-10-19T16:00:07,Encerrado-RETIRADO PELO AUTOR
PL 650/2024,PL,2024,2024-09-03T00:00:00,2025-01-23T01:42:14,Encerrado-TERMINO DE LEGISLATURA (ART. 275 REG. INT.)
PL 651/2015,PL,2015,2015-11-24T00:00:00,2016-01-21T00:00:00,Encerrado-PROMULGADO
PL 651/2017,PL,2017,2017-09-20T00:00:00,2021-10-28T13:50:00,Encerrado-PROMULGADO
PL 651/2020,PL,2020,2020-10-05T00:00:00,2025-01-13T22:26:23,Encerrado-TERMINO DE LEGISLATURA (ART. 275 REG. INT.)
PL 651/2021,PL,2021,2021-09-22T00:00:00,2021-11-22T15:30:00,Encerrado-PROMULGADO
PL 651/2022,PL,2022,2022-11-22T00:00:00,2025-01-16T22:27:22,Encerrado-TERMINO DE LEGISLATURA (ART. 275 REG. INT.)
PL 651/2023,PL,2023,2023-11-01T00:00:00,2026-07-17T17:41:54,APENSADO
PL 652/2017,PL,2017,2017-09-20T00:00:00,2021-01-13T12:07:00,Encerrado-TERMINO DE LEGISLATURA (ART. 275 REG. INT.)
PL 652/2018,PL,2018,2018-12-17T00:00:00,2025-05-29T09:55:00,Encerrado-VETO PARCIAL ACEITO
PL 652/2019,PL,2019,2019-10-01T00:00:00,2020-12-10T17:27:00,Encerrado-PROMULGADO
PL 652/2020,PL,2020,2020-10-05T00:00:00,2025-01-13T22:36:43,Encerrado-TERMINO DE LEGISLATURA (ART. 275 REG. INT.)
PL 652/2021,PL,2021,2021-09-22T00:00:00,2022-02-01T16:03:00,Encerrado-PROMULGADO
PL 652/2022,PL,2022,2022-11-22T00:00:00,2025-01-16T22:27:21,Encerrado-TERMINO DE LEGISLATURA (ART. 275 REG. INT.)
PL 653/2017,PL,2017,2017-09-20T00:00:00,2019-09-05T14:00:00,Encerrado-RETIRADO PELO AUTOR
PL 653/2018,PL,2018,2018-12-17T00:00:00,2020-02-06T17:14:00,Encerrado-PROMULGADO
PL 653/2020,PL,2020,2020-10-05T00:00:00,2022-01-18T16:51:00,Encerrado-PROMULGADO
PL 653/2021,PL,2021,2021-09-23T00:00:00,2022-07-06T17:57:00,Encerrado-PROMULGADO
PL 653/2023,PL,2023,2023-11-06T00:00:00,2025-01-09T18:53:59,Encerrado-TERMINO DE LEGISLATURA (ART. 275 REG. INT.)
PL 654/2013,PL,2013,2013-09-12T00:00:00,2025-01-13T14:58:00,Encerrado-TERMINO DE LEGISLATURA (ART. 275 REG. INT.)
PL 654/2015,PL,2015,2015-11-25T00:00:00,2022-01-18T14:13:00,Encerrado-PROMULGADO
PL 654/2021,PL,2021,2021-09-23T00:00:00,2022-04-29T16:03:00,Encerrado-PROMULGADO
PL 654/2022,PL,2022,2022-11-24T00:00:00,2023-06-12T16:38:00,Encerrado-PROMULGADO
PL 654/2024,PL,2024,2024-09-04T00:00:00,2025-01-22T23:33:11,Encerrado-TERMINO DE LEGISLATURA (ART. 275 REG. INT.)
PL 655/2015,PL,2015,2015-11-25T00:00:00,2016-09-26T12:30:50,Encerrado-PROMULGADO
PL 655/2017,PL,2017,2017-09-20T00:00:00,2025-01-13T17:24:00,Encerrado-TERMINO DE LEGISLATURA (ART. 275 REG. INT.)
PL 655/2018,PL,2018,2018-12-18T00:00:00,2020-01-23T10:30:00,Encerrado-PROMULGADO
PL 655/2024,PL,2024,2024-09-04T00:00:00,2024-09-17T17:47:00,Encerrado-RETIRADO PELO AUTOR
PL 655/2026,PL,2026,2026-08-12T00:00:00,2026-08-19T16:19:00,Encerrado-RETIRADO PELO AUTOR
PL 656/2018,PL,2018,2018-12-18T00:00:00,2025-05-28T13:30:00,Encerrado-VETO PARCIAL ACEITO
PL 656/2019,PL,2019,2019-10-01T00:00:00,2019-10-04T14:33:00,Encerrado-RETIRADO PELO AUTOR
PL 656/2021,PL,2021,2021-09-23T00:00:00,2023-05-31T12:18:13,APENSADO
PL 656/2022,PL,2022,2022-11-25T00:00:00,2024-02-28T13:38:30,APENSADO
PL 656/2023,PL,2023,2023-11-07T00:00:00,2024-10-18T13:33:00,Encerrado-PROMULGADO
PL 657/2013,PL,2013,2013-09-12T00:00:00,2019-04-18T10:02:00,Encerrado-VETO TOTAL ACEITO
PL 657/2015,PL,2015,2015-11-26T00:00:00,2025-07-01T17:59:00,Encerrado-VETO TOTAL ACEITO
PL 657/2018,PL,2018,2018-12-18T00:00:00,2019-10-22T19:13:00,Encerrado-ILEGALIDADE (ART. 79 REG. INT.)
PL 657/2019,PL,2019,2019-10-02T00:00:00,2021-01-05T13:39:00,Encerrado-TERMINO DE LEGISLATURA (ART. 275 REG. INT.)
PL 657/2020,PL,2020,2020-10-06T00:00:00,2025-09-23T17:32:18,Encerrado-RETIRADO PELO AUTOR
PL 657/2023,PL,2023,2023-11-07T00:00:00,2025-07-10T16:20:00,Encerrado-PROMULGADO
PL 658/2013,PL,2013,2013-09-12T00:00:00,2015-05-21T00:00:00,Encerrado-PROMULGADO
PL 658/2015,PL,2015,2015-11-27T00:00:00,2022-02-17T19:04:00,Encerrado-TERMINO DE LEGISLATURA (ART. 275 REG. INT.)
PL 658/2017,PL,2017,2017-09-21T00:00:00,2025-05-28T13:35:00,Encerrado-VETO PARCIAL ACEITO
PL 658/2019,PL,2019,2019-10-02T00:00:00,2025-03-19T16:53:00,Encerrado-VETO TOTAL ACEITO
PL 658/2020,PL,2020,2020-10-06T00:00:00,2025-05-29T09:37:00,Encerrado-VETO PARCIAL ACEITO
PL 658/2023,PL,2023,2023-11-08T00:00:00,2025-06-03T15:12:00,Encerrado-PROMULGADO
PL 658/2024,PL,2024,2024-09-04T00:00:00,2025-01-22T23:33:11,Encerrado-TERMINO DE LEGISLATURA (ART. 275 REG. INT.)
PL 659/2013,PL,2013,2013-09-16T00:00:00,2025-03-26T23:33:00,Encerrado-VETO TOTAL ACEITO
PL 659/2017,PL,2017,2017-09-21T00:00:00,2019-10-22T19:13:00,Encerrado-ILEGALIDADE (ART. 79 REG. INT.)
PL 659/2018,PL,2018,2018-12-19T00:00:00,2025-01-10T17:50:02,Encerrado-TERMINO DE LEGISLATURA (ART. 275 REG. INT.)
PL 659/2019,PL,2019,2019-10-02T00:00:00,2021-08-31T18:34:00,Encerrado-PROMULGADO
PL 659/2021,PL,2021,2021-09-27T00:00:00,2022-02-01T16:03:00,Encerrado-PROMULGADO
PL 659/2023,PL,2023,2023-11-08T00:00:00,2025-05-21T16:16:00,Encerrado-PROMULGADO
PL 659/2024,PL,2024,2024-09-04T00:00:00,2025-01-27T19:54:12,Encerrado-TERMINO DE LEGISLATURA (ART. 275 REG. INT.)
PL 659/2025,PL,2025,2025-06-06T00:00:00,2026-06-09T11:49:00,Encerrado-PROMULGADO
PL 66/2014,PL,2014,2014-02-24T00:00:00,2025-05-22T19:38:00,Encerrado-VETO TOTAL ACEITO
PL 66/2015,PL,2015,2015-03-02T00:00:00,2016-03-30T00:00:00,Encerrado-PROMULGADO
PL 66/2017,PL,2017,2017-02-09T00:00:00,2021-01-04T15:00:43,Encerrado-TERMINO DE LEGISLATURA (ART. 275 REG. INT.)
PL 66/2021,PL,2021,2021-02-09T00:00:00,2025-01-23T12:21:48,Encerrado-TERMINO DE LEGISLATURA (ART. 275 REG. INT.)
PL 66/2022,PL,2022,2022-02-16T00:00:00,2024-04-04T11:55:00,Encerrado-ILEGALIDADE (ART. 79 REG. INT.)
PL 66/2023,PL,2023,2023-02-23T00:00:00,2023-10-19T15:52:14,Encerrado-RETIRADO PELO AUTOR
PL 66/2026,PL,2026,2026-02-04T00:00:00,2026-08-25T16:06:12,APENSADO
PL 660/2017,PL,2017,2017-09-21T00:00:00,2018-06-14T16:00:00,Encerrado-RETIRADO PELO AUTOR
PL 660/2018,PL,2018,2018-12-20T00:00:00,2019-10-18T09:58:00,Encerrado-PROMULGADO
PL 660/2019,PL,2019,2019-10-02T00:00:00,2021-10-08T17:25:00,Encerrado-PROMULGADO
PL 660/2021,PL,2021,2021-09-27T00:00:00,2022-05-09T14:00:00,Encerrado-PROMULGADO
PL 660/2024,PL,2024,2024-09-05T00:00:00,2025-01-23T01:42:13,Encerrado-TERMINO DE LEGISLATURA (ART. 275 REG. INT.)
PL 660/2025,PL,2025,2025-06-06T00:00:00,2025-06-11T16:30:00,Encerrado-RETIRADO PELO AUTOR
PL 661/2013,PL,2013,2013-09-17T00:00:00,2013-10-24T00:00:00,Encerrado-RETIRADO PELO AUTOR
PL 661/2015,PL,2015,2015-11-27T00:00:00,2019-05-13T08:37:00,Encerrado-VETO TOTAL ACEITO
PL 661/2017,PL,2017,2017-09-21T00:00:00,2018-06-11T09:30:00,Encerrado-PROMULGADO
PL 661/2018,PL,2018,2018-12-20T00:00:00,2019-10-22T19:13:00,Encerrado-ILEGALIDADE (ART. 79 REG. INT.)
PL 661/2019,PL,2019,2019-10-03T00:00:00,2021-10-08T17:25:00,Encerrado-PROMULGADO
PL 661/2020,PL,2020,2020-10-07T00:00:00,2022-07-15T14:39:00,Encerrado-PROMULGADO
PL 661/2024,PL,2024,2024-09-05T00:00:00,2025-01-17T13:04:28,Encerrado-TERMINO DE LEGISLATURA (ART. 275 REG. INT.)
PL 662/2015,PL,2015,2015-11-30T00:00:00,2016-06-22T18:03:25,Encerrado-PROMULGADO
PL 662/2017,PL,2017,2017-09-21T00:00:00,2022-07-22T18:55:28,Encerrado-RETIRADO PELO AUTOR
PL 662/2019,PL,2019,2019-10-04T00:00:00,2020-08-17T13:33:00,Encerrado-PROMULGADO
PL 662/2024,PL,2024,2024-09-05T00:00:00,2025-01-23T01:42:13,Encerrado-TERMINO DE LEGISLATURA (ART. 275 REG. INT.)
PL 663/2017,PL,2017,2017-09-22T00:00:00,2018-06-11T09:30:00,Encerrado-PROMULGADO
PL 663/2018,PL,2018,2018-12-20T00:00:00,2021-01-05T13:35:05,Encerrado-TERMINO DE LEGISLATURA (ART. 275 REG. INT.)
PL 663/2024,PL,2024,2024-09-05T00:00:00,2025-01-23T01:42:12,Encerrado-TERMINO DE LEGISLATURA (ART. 275 REG. INT.)
PL 664/2017,PL,2017,2017-09-22T00:00:00,2018-05-07T16:48:00,Encerrado-RETIRADO PELO AUTOR
PL 664/2018,PL,2018,2018-12-21T00:00:00,2021-08-13T16:21:00,Encerrado-PROMULGADO
PL 664/2021,PL,2021,2021-09-28T00:00:00,2023-09-27T14:10:00,Encerrado-PROMULGADO
PL 664/2024,PL,2024,2024-09-05T00:00:00,2025-01-22T23:33:09,Encerrado-TERMINO DE LEGISLATURA (ART. 275 REG. INT.)
PL 665/2013,PL,2013,2013-09-18T00:00:00,2017-01-02T16:12:00,Encerrado-TERMINO DE LEGISLATURA (ART. 275 REG. INT.)
PL 665/2017,PL,2017,2017-09-22T00:00:00,2018-06-20T07:48:00,Encerrado-PROMULGADO
PL 665/2018,PL,2018,2018-12-21T00:00:00,2021-08-18T17:11:00,Encerrado-PROMULGADO
PL 665/2019,PL,2019,2019-10-07T00:00:00,2023-08-07T16:36:00,Encerrado-PROMULGADO
PL 665/2021,PL,2021,2021-09-29T00:00:00,2021-11-12T12:32:44,Encerrado-RETIRADO PELO AUTOR
PL 665/2023,PL,2023,2023-11-13T00:00:00,2024-04-18T13:27:27,APENSADO
PL 666/2018,PL,2018,2018-12-21T00:00:00,2021-01-08T00:00:00,Encerrado-TERMINO DE LEGISLATURA (ART. 275 REG. INT.)
PL 666/2020,PL,2020,2020-10-09T00:00:00,2021-10-19T17:06:00,Encerrado-PROMULGADO
PL 666/2023,PL,2023,2023-11-14T00:00:00,2024-08-14T18:58:00,Encerrado-PROMULGADO
PL 666/2024,PL,2024,2024-09-05T00:00:00,2025-01-23T01:42:11,Encerrado-TERMINO DE LEGISLATURA (ART. 275 REG. INT.)
PL 667/2013,PL,2013,2013-09-18T00:00:00,2025-05-22T19:55:00,Encerrado-VETO TOTAL ACEITO
PL 667/2017,PL,2017,2017-09-26T00:00:00,2018-06-07T10:20:00,Encerrado-PROMULGADO
PL 667/2018,PL,2018,2018-12-21T00:00:00,2021-01-30T07:08:47,Encerrado-TERMINO DE LEGISLATURA (ART. 275 REG. INT.)
PL 667/2019,PL,2019,2019-10-08T00:00:00,2025-01-13T18:59:00,Encerrado-TERMINO DE LEGISLATURA (ART. 275 REG. INT.)
PL 667/2021,PL,2021,2021-09-29T00:00:00,2025-01-13T16:53:00,Encerrado-TERMINO DE LEGISLATURA (ART. 275 REG. INT.)
PL 667/2024,PL,2024,2024-09-06T00:00:00,2025-01-21T17:12:45,Encerrado-TERMINO DE LEGISLATURA (ART. 275 REG. INT.)
PL 668/2015,PL,2015,2015-11-30T00:00:00,2017-03-08T12:08:00,Encerrado-ILEGALIDADE (ART. 79 REG. INT.)
PL 668/2018,PL,2018,2018-12-21T00:00:00,2021-01-06T21:54:23,Encerrado-TERMINO DE LEGISLATURA (ART. 275 REG. INT.)
PL 668/2019,PL,2019,2019-10-08T00:00:00,2022-04-01T18:27:00,Encerrado-PROMULGADO
PL 668/2021,PL,2021,2021-09-29T00:00:00,2022-12-13T18:02:27,Encerrado-RETIRADO PELO AUTOR
PL 669/2015,PL,2015,2015-12-01T00:00:00,2016-12-15T00:00:00,Encerrado-PROMULGADO
PL 669/2017,PL,2017,2017-09-26T00:00:00,2025-01-13T17:24:00,Encerrado-TERMINO DE LEGISLATURA (ART. 275 REG. INT.)
PL 669/2019,PL,2019,2019-10-08T00:00:00,2021-08-31T18:34:00,Encerrado-PROMULGADO
PL 669/2022,PL,2022,2022-11-29T00:00:00,2025-01-16T22:34:13,Encerrado-TERMINO DE LEGISLATURA (ART. 275 REG. INT.)
PL 669/2024,PL,2024,2024-09-09T00:00:00,2026-01-20T13:56:00,Encerrado-PROMULGADO
PL 669/2026,PL,2026,2026-08-17T00:00:00,2026-08-25T14:17:00,Encerrado-RETIRADO PELO AUTOR
PL 67/2013,PL,2013,2013-03-05T00:00:00,2016-03-28T11:51:07,Encerrado-RETIRADO PELO AUTOR
PL 67/2014,PL,2014,2014-02-25T00:00:00,2017-01-02T18:28:00,Encerrado-TERMINO DE LEGISLATURA (ART. 275 REG. INT.)
PL 67/2015,PL,2015,2015-03-02T00:00:00,2016-01-13T10:14:02,Encerrado-ARQUIVADO
PL 67/2016,PL,2016,2016-03-01T00:00:00,2021-08-13T16:21:00,Encerrado-PROMULGADO
PL 67/2018,PL,2018,2018-02-26T00:00:00,2018-08-02T00:00:00,Encerrado-ILEGALIDADE (ART. 79 REG. INT.)
PL 67/2019,PL,2019,2019-02-13T00:00:00,2019-09-26T18:04:00,Encerrado-ILEGALIDADE (ART. 79 REG. INT.)
PL 67/2021,PL,2021,2021-02-09T00:00:00,2023-08-07T16:36:00,Encerrado-PROMULGADO
PL 67/2022,PL,2022,2022-02-16T00:00:00,2025-01-16T22:16:14,Encerrado-TERMINO DE LEGISLATURA (ART. 275 REG. INT.)
PL 67/2024,PL,2024,2024-02-02T00:00:00,2025-01-22T23:33:07,Encerrado-TERMINO DE LEGISLATURA (ART. 275 REG. INT.)
PL 670/2015,PL,2015,2015-12-01T00:00:00,2016-08-03T13:08:49,Encerrado-PROMULGADO
PL 670/2018,PL,2018,2018-12-26T00:00:00,2021-08-18T17:11:00,Encerrado-PROMULGADO
PL 670/2019,PL,2019,2019-10-08T00:00:00,2020-11-05T18:50:00,Encerrado-ILEGALIDADE (ART. 79 REG. INT.)
PL 670/2022,PL,2022,2022-11-30T00:00:00,2023-01-26T20:00:00,Encerrado-PROMULGADO
PL 670/2023,PL,2023,2023-11-14T00:00:00,2025-01-21T15:59:26,Encerrado-TERMINO DE LEGISLATURA (ART. 275 REG. INT.)
PL 670/2024,PL,2024,2024-09-09T00:00:00,2025-01-23T01:42:10,Encerrado-TERMINO DE LEGISLATURA (ART. 275 REG. INT.)
PL 671/2013,PL,2013,2013-09-19T00:00:00,2021-01-14T12:00:00,Encerrado-TERMINO DE LEGISLATURA (ART. 275 REG. INT.)
PL 671/2015,PL,2015,2015-12-01T00:00:00,2016-03-04T11:14:02,Encerrado-RETIRADO PELO AUTOR
PL 671/2018,PL,2018,2018-12-26T00:00:00,2021-10-08T17:25:00,Encerrado-PROMULGADO
PL 671/2020,PL,2020,2020-10-13T00:00:00,2021-01-22T16:56:32,Encerrado-TERMINO DE LEGISLATURA (ART. 275 REG. INT.)
PL 671/2021,PL,2021,2021-09-30T00:00:00,2025-11-28T15:31:00,Encerrado-ILEGALIDADE (ART. 79 REG. INT.)
PL 671/2023,PL,2023,2023-11-16T00:00:00,2025-01-16T13:08:41,Encerrado-TERMINO DE LEGISLATURA (ART. 275 REG. INT.)
PL 671/2024,PL,2024,2024-09-10T00:00:00,2025-01-23T01:37:15,Encerrado-TERMINO DE LEGISLATURA (ART. 275 REG. INT.)
PL 672/2013,PL,2013,2013-09-20T00:00:00,2021-01-14T12:00:00,Encerrado-TERMINO DE LEGISLATURA (ART. 275 REG. INT.)
PL 672/2015,PL,2015,2015-12-01T00:00:00,2016-08-16T10:46:18,Encerrado-ILEGALIDADE (ART. 79 REG. INT.)
PL 672/2018,PL,2018,2018-12-26T00:00:00,2021-10-08T17:25:00,Encerrado-PROMULGADO
PL 672/2020,PL,2020,2020-10-13T00:00:00,2025-01-13T22:36:53,Encerrado-TERMINO DE LEGISLATURA (ART. 275 REG. INT.)
PL 672/2024,PL,2024,2024-09-10T00:00:00,2025-01-17T16:04:03,Encerrado-TERMINO DE LEGISLATURA (ART. 275 REG. INT.)
PL 673/2013,PL,2013,2013-09-23T00:00:00,2025-05-22T19:56:00,Encerrado-VETO TOTAL ACEITO
PL 673/2015,PL,2015,2015-12-08T00:00:00,2016-07-19T11:51:34,Encerrado-PROMULGADO
PL 673/2018,PL,2018,2018-12-26T00:00:00,2021-01-30T07:08:49,Encerrado-TERMINO DE LEGISLATURA (ART. 275 REG. INT.)
PL 673/2019,PL,2019,2019-10-09T00:00:00,2021-01-13T17:58:00,Encerrado-PROMULGADO
PL 673/2020,PL,2020,2020-10-13T00:00:00,2021-01-22T16:56:39,Encerrado-TERMINO DE LEGISLATURA (ART. 275 REG. INT.)
PL 673/2021,PL,2021,2021-09-30T00:00:00,2022-05-09T14:00:00,Encerrado-PROMULGADO
PL 673/2022,PL,2022,2022-11-30T00:00:00,2023-05-16T17:57:22,Encerrado-RETIRADO PELO AUTOR
PL 673/2023,PL,2023,2023-11-17T00:00:00,2025-11-06T17:22:00,Devolução de Regularização
PL 673/2024,PL,2024,2024-09-10T00:00:00,2026-04-23T10:28:00,Encerrado-PROMULGADO
PL 674/2017,PL,2017,2017-09-27T00:00:00,2018-12-14T09:38:00,Encerrado-PROMULGADO
PL 674/2018,PL,2018,2018-12-26T00:00:00,2019-09-26T18:04:00,Encerrado-ILEGALIDADE (ART. 79 REG. INT.)
PL 674/2021,PL,2021,2021-09-30T00:00:00,2023-03-31T17:18:00,Encerrado-PROMULGADO
PL 674/2023,PL,2023,2023-11-17T00:00:00,2024-07-16T19:22:00,Encerrado-PROMULGADO
PL 674/2024,PL,2024,2024-09-10T00:00:00,2025-08-07T13:48:20,APENSADO
PL 674/2026,PL,2026,2026-08-20T00:00:00,2026-10-07T18:31:26,APENSADO
PL 675/2017,PL,2017,2017-09-27T00:00:00,2025-01-13T17:24:00,Encerrado-TERMINO DE LEGISLATURA (ART. 275 REG. INT.)
PL 675/2018,PL,2018,2018-12-26T00:00:00,2020-01-23T10:30:00,Encerrado-PROMULGADO
PL 675/2021,PL,2021,2021-09-30T00:00:00,2022-08-24T15:05:00,Encerrado-PROMULGADO
PL 675/2023,PL,2023,2023-11-21T00:00:00,2024-04-18T13:26:59,APENSADO
PL 675/2024,PL,2024,2024-09-11T00:00:00,2025-01-23T01:42:09,Encerrado-TERMINO DE LEGISLATURA (ART. 275 REG. INT.)
PL 676/2015,PL,2015,2015-12-02T00:00:00,2017-01-02T10:00:00,Encerrado-TERMINO DE LEGISLATURA (ART. 275 REG. INT.)
PL 676/2017,PL,2017,2017-09-28T00:00:00,2017-10-27T14:30:00,Encerrado-RETIRADO PELO AUTOR
PL 676/2018,PL,2018,2018-12-26T00:00:00,2019-12-03T18:08:00,Encerrado-PROMULGADO
PL 676/2019,PL,2019,2019-10-09T00:00:00,2020-03-12T00:00:00,APENSADO
PL 676/2020,PL,2020,2020-10-13T00:00:00,2021-05-24T11:04:30,Encerrado-RETIRADO PELO AUTOR
PL 676/2021,PL,2021,2021-09-30T00:00:00,2023-08-03T18:15:00,Devolução de Regularização
PL 676/2023,PL,2023,2023-11-21T00:00:00,2025-01-20T23:32:57,Encerrado-TERMINO DE LEGISLATURA (ART. 275 REG. INT.)
PL 676/2024,PL,2024,2024-09-12T00:00:00,2026-03-04T10:51:00,Encerrado-PROMULGADO
PL 677/2015,PL,2015,2015-12-02T00:00:00,2017-01-02T10:00:00,Encerrado-TERMINO DE LEGISLATURA (ART. 275 REG. INT.)
PL 677/2020,PL,2020,2020-10-14T00:00:00,2025-01-13T22:32:15,Encerrado-TERMINO DE LEGISLATURA (ART. 275 REG. INT.)
PL 677/2024,PL,2024,2024-09-12T00:00:00,2026-03-26T11:11:00,Encerrado-PROMULGADO
PL 678/2015,PL,2015,2015-12-02T00:00:00,2017-01-02T17:37:00,Encerrado-TERMINO DE LEGISLATURA (ART. 275 REG. INT.)
PL 678/2017,PL,2017,2017-09-29T00:00:00,2018-06-15T00:00:00,Encerrado-ILEGALIDADE (ART. 79 REG. INT.)
PL 678/2018,PL,2018,2018-12-26T00:00:00,2022-01-19T16:35:00,Encerrado-PROMULGADO
PL 678/2022,PL,2022,2022-12-01T00:00:00,2023-02-13T20:05:40,Encerrado-RETIRADO PELO AUTOR
PL 678/2024,PL,2024,2024-09-12T00:00:00,2025-12-01T10:32:00,Encerrado-PROMULGADO
PL 679/2013,PL,2013,2013-09-24T00:00:00,2021-01-14T12:00:00,Encerrado-TERMINO DE LEGISLATURA (ART. 275 REG. INT.)
PL 679/2015,PL,2015,2015-12-02T00:00:00,2016-03-23T15:38:20,Encerrado-RETIRADO PELO AUTOR
PL 679/2019,PL,2019,2019-10-10T00:00:00,2025-01-13T18:59:00,Encerrado-TERMINO DE LEGISLATURA (ART. 275 REG. INT.)
PL 679/2020,PL,2020,2020-10-14T00:00:00,2023-08-07T16:36:00,Encerrado-PROMULGADO
PL 679/2022,PL,2022,2022-12-02T00:00:00,2022-12-14T15:44:00,Encerrado-RETIRADO PELO AUTOR
PL 68/2014,PL,2014,2014-02-25T00:00:00,2021-01-05T13:29:31,Encerrado-TERMINO DE LEGISLATURA (ART. 275 REG. INT.)
PL 68/2015,PL,2015,2015-03-02T00:00:00,2017-01-03T17:01:00,Encerrado-TERMINO DE LEGISLATURA (ART. 275 REG. INT.)
PL 68/2016,PL,2016,2016-03-01T00:00:00,2018-02-15T11:24:00,Encerrado-PROMULGADO
PL 68/2018,PL,2018,2018-02-26T00:00:00,2018-08-02T00:00:00,Encerrado-ILEGALIDADE (ART. 79 REG. INT.)
PL 68/2019,PL,2019,2019-02-13T00:00:00,2019-08-29T18:41:00,Encerrado-ILEGALIDADE (ART. 79 REG. INT.)
PL 68/2020,PL,2020,2020-02-17T00:00:00,2021-01-30T02:45:56,Encerrado-TERMINO DE LEGISLATURA (ART. 275 REG. INT.)
PL 68/2021,PL,2021,2021-02-09T00:00:00,2025-05-29T10:00:00,Encerrado-VETO PARCIAL ACEITO
PL 680/2013,PL,2013,2013-09-24T00:00:00,2025-01-13T15:06:00,Encerrado-TERMINO DE LEGISLATURA (ART. 275 REG. INT.)
PL 680/2015,PL,2015,2015-12-02T00:00:00,2017-01-04T13:00:00,Encerrado-TERMINO DE LEGISLATURA (ART. 275 REG. INT.)
PL 680/2017,PL,2017,2017-09-29T00:00:00,2025-05-29T10:01:00,Encerrado-VETO PARCIAL ACEITO
PL 680/2019,PL,2019,2019-10-10T00:00:00,2021-01-30T05:13:56,Encerrado-TERMINO DE LEGISLATURA (ART. 275 REG. INT.)
PL 680/2020,PL,2020,2020-10-14T00:00:00,2021-10-15T17:11:00,Encerrado-PROMULGADO
PL 680/2023,PL,2023,2023-11-21T00:00:00,2025-12-17T11:07:20,APENSADO
PL 680/2024,PL,2024,2024-09-12T00:00:00,2026-03-04T10:51:00,Encerrado-PROMULGADO
PL 681/2013,PL,2013,2013-09-24T00:00:00,2019-05-20T09:35:00,Encerrado-VETO TOTAL ACEITO
PL 681/2015,PL,2015,2015-12-02T00:00:00,2017-01-02T17:37:00,Encerrado-TERMINO DE LEGISLATURA (ART. 275 REG. INT.)
PL 681/2017,PL,2017,2017-09-29T00:00:00,2018-05-17T00:00:00,Encerrado-ILEGALIDADE (ART. 79 REG. INT.)
PL 681/2019,PL,2019,2019-10-10T00:00:00,2020-08-17T13:33:00,Encerrado-PROMULGADO
PL 681/2020,PL,2020,2020-10-14T00:00:00,2021-01-22T16:39:44,Encerrado-TERMINO DE LEGISLATURA (ART. 275 REG. INT.)
PL 681/2022,PL,2022,2022-12-05T00:00:00,2023-03-21T13:16:00,Encerrado-PROMULGADO
PL 681/2023,PL,2023,2023-11-21T00:00:00,2025-05-14T14:48:00,Encerrado-PROMULGADO
PL 681/2024,PL,2024,2024-09-13T00:00:00,2025-12-17T12:49:00,Encerrado-PROMULGADO
PL 682/2013,PL,2013,2013-09-24T00:00:00,2017-01-04T13:19:00,Encerrado-TERMINO DE LEGISLATURA (ART. 275 REG. INT.)
PL 682/2015,PL,2015,2015-12-02T00:00:00,2016-12-12T12:36:14,Encerrado-ILEGALIDADE (ART. 79 REG. INT.)
PL 682/2017,PL,2017,2017-09-29T00:00:00,2021-01-05T12:26:58,Encerrado-TERMINO DE LEGISLATURA (ART. 275 REG. INT.)
PL 682/2020,PL,2020,2020-10-14T00:00:00,2025-05-29T09:31:00,Encerrado-VETO PARCIAL ACEITO
PL 682/2021,PL,2021,2021-10-05T00:00:00,2025-01-14T22:44:42,Encerrado-TERMINO DE LEGISLATURA (ART. 275 REG. INT.)
PL 682/2022,PL,2022,2022-12-05T00:00:00,2023-05-05T14:48:00,Encerrado-PROMULGADO
PL 682/2023,PL,2023,2023-11-21T00:00:00,2024-07-16T19:22:00,Encerrado-PROMULGADO
PL 682/2025,PL,2025,2025-06-11T00:00:00,2025-10-16T12:11:00,Encerrado-RETIRADO PELO AUTOR
PL 683/2015,PL,2015,2015-12-02T00:00:00,2017-01-02T17:37:00,Encerrado-TERMINO DE LEGISLATURA (ART. 275 REG. INT.)
PL 683/2017,PL,2017,2017-09-29T00:00:00,2018-06-12T18:40:00,Encerrado-RETIRADO PELO AUTOR
PL 683/2021,PL,2021,2021-10-05T00:00:00,2025-01-14T22:41:19,Encerrado-TERMINO DE LEGISLATURA (ART. 275 REG. INT.)
PL 683/2023,PL,2023,2023-11-22T00:00:00,2024-04-18T13:26:31,APENSADO
PL 683/2024,PL,2024,2024-09-13T00:00:00,2025-11-19T12:04:00,Encerrado-PROMULGADO
PL 684/2013,PL,2013,2013-09-25T00:00:00,2025-03-12T14:23:00,Encerrado-VETO TOTAL ACEITO
PL 684/2015,PL,2015,2015-12-02T00:00:00,2016-03-23T15:39:13,Encerrado-RETIRADO PELO AUTOR
PL 684/2019,PL,2019,2019-10-11T00:00:00,2025-01-13T19:26:34,Encerrado-TERMINO DE LEGISLATURA (ART. 275 REG. INT.)
PL 684/2022,PL,2022,2022-12-06T00:00:00,2023-09-27T14:10:00,Encerrado-PROMULGADO
PL 684/2023,PL,2023,2023-11-22T00:00:00,2025-01-20T22:38:01,Encerrado-TERMINO DE LEGISLATURA (ART. 275 REG. INT.)
PL 684/2025,PL,2025,2025-06-11T00:00:00,2025-10-20T17:24:13,Encerrado-RETIRADO PELO AUTOR
PL 685/2015,PL,2015,2015-12-02T00:00:00,2017-01-02T10:00:00,Encerrado-TERMINO DE LEGISLATURA (ART. 275 REG. INT.)
PL 685/2017,PL,2017,2017-09-29T00:00:00,2021-08-13T16:21:00,Encerrado-PROMULGADO
PL 685/2021,PL,2021,2021-10-05T00:00:00,2025-11-06T17:57:00,Encerrado-PROMULGADO
PL 685/2023,PL,2023,2023-11-22T00:00:00,2023-11-29T15:50:00,Encerrado-RETIRADO PELO AUTOR
PL 685/2024,PL,2024,2024-09-16T00:00:00,2026-03-26T11:11:00,Encerrado-PROMULGADO
PL 686/2013,PL,2013,2013-09-25T00:00:00,2021-01-14T12:00:00,Encerrado-TERMINO DE LEGISLATURA (ART. 275 REG. INT.)
PL 686/2015,PL,2015,2015-12-02T00:00:00,2016-05-25T17:59:11,Encerrado-RETIRADO PELO AUTOR
PL 686/2017,PL,2017,2017-09-30T00:00:00,2021-01-08T11:43:00,Devolução de Regularização
PL 686/2019,PL,2019,2019-10-14T00:00:00,2025-03-13T14:36:00,Encerrado-VETO TOTAL ACEITO
PL 686/2020,PL,2020,2020-10-19T00:00:00,2021-01-22T16:39:46,Encerrado-TERMINO DE LEGISLATURA (ART. 275 REG. INT.)
PL 686/2021,PL,2021,2021-10-06T00:00:00,2023-08-08T15:08:00,Encerrado-PROMULGADO
PL 686/2025,PL,2025,2025-06-11T00:00:00,2026-01-12T17:19:00,Encerrado-PROMULGADO
PL 687/2013,PL,2013,2013-09-26T00:00:00,2025-03-26T23:33:00,Encerrado-VETO TOTAL ACEITO
PL 687/2015,PL,2015,2015-12-02T00:00:00,2017-01-02T17:37:00,Encerrado-TERMINO DE LEGISLATURA (ART. 275 REG. INT.)
PL 687/2017,PL,2017,2017-09-30T00:00:00,2019-05-30T10:21:00,Encerrado-VETO PARCIAL ACEITO
PL 687/2019,PL,2019,2019-10-15T00:00:00,2022-01-20T12:57:00,Encerrado-ILEGALIDADE (ART. 79 REG. INT.)
PL 687/2020,PL,2020,2020-10-20T00:00:00,2025-01-16T13:08:29,Encerrado-TERMINO DE LEGISLATURA (ART. 275 REG. INT.)
PL 687/2021,PL,2021,2021-10-06T00:00:00,2025-11-28T15:31:00,Encerrado-ILEGALIDADE (ART. 79 REG. INT.)
PL 687/2023,PL,2023,2023-11-23T00:00:00,2024-07-22T16:59:00,Encerrado-PROMULGADO
PL 687/2024,PL,2024,2024-09-16T00:00:00,2025-01-23T01:42:08,Encerrado-TERMINO DE LEGISLATURA (ART. 275 REG. INT.)
PL 687/2025,PL,2025,2025-06-11T00:00:00,2025-12-17T13:03:12,APENSADO
PL 688/2013,PL,2013,2013-09-26T00:00:00,2019-04-03T13:32:00,Encerrado-VETO PARCIAL ACEITO
PL 688/2015,PL,2015,2015-12-02T00:00:00,2017-01-03T18:26:00,Encerrado-TERMINO DE LEGISLATURA (ART. 275 REG. INT.)
PL 688/2017,PL,2017,2017-10-02T00:00:00,2018-07-06T09:20:00,Encerrado-PROMULGADO
PL 688/2019,PL,2019,2019-10-15T00:00:00,2024-01-08T18:31:00,Encerrado-PROMULGADO
PL 688/2020,PL,2020,2020-10-20T00:00:00,2022-05-11T13:54:00,Encerrado-PROMULGADO
PL 688/2021,PL,2021,2021-10-06T00:00:00,2025-11-18T18:35:00,Encerrado-PROMULGADO
PL 688/2024,PL,2024,2024-09-17T00:00:00,2024-11-27T22:53:25,Encerrado-RETIRADO PELO AUTOR
PL 689/2013,PL,2013,2013-09-27T00:00:00,2025-03-12T14:23:00,Encerrado-VETO TOTAL ACEITO
PL 689/2015,PL,2015,2015-12-02T00:00:00,2017-01-02T10:00:00,Encerrado-TERMINO DE LEGISLATURA (ART. 275 REG. INT.)
PL 689/2019,PL,2019,2019-10-15T00:00:00,2020-08-17T13:33:00,Encerrado-PROMULGADO
PL 689/2020,PL,2020,2020-10-21T00:00:00,2021-01-13T16:31:12,Encerrado-TERMINO DE LEGISLATURA (ART. 275 REG. INT.)
PL 689/2023,PL,2023,2023-11-23T00:00:00,2025-01-09T18:54:04,Encerrado-TERMINO DE LEGISLATURA (ART. 275 REG. INT.)
PL 69/2014,PL,2014,2014-02-25T00:00:00,2021-01-05T13:30:14,Encerrado-TERMINO DE LEGISLATURA (ART. 275 REG. INT.)
PL 69/2016,PL,2016,2016-03-01T00:00:00,2018-12-14T09:38:00,Encerrado-PROMULGADO
PL 69/2017,PL,2017,2017-02-09T00:00:00,2021-01-05T17:48:01,Encerrado-TERMINO DE LEGISLATURA (ART. 275 REG. INT.)
PL 69/2019,PL,2019,2019-02-13T00:00:00,2025-01-13T19:08:00,Encerrado-TERMINO DE LEGISLATURA (ART. 275 REG. INT.)
PL 69/2020,PL,2020,2020-02-18T00:00:00,2021-01-30T02:45:39,Encerrado-TERMINO DE LEGISLATURA (ART. 275 REG. INT.)
PL 69/2021,PL,2021,2021-02-10T00:00:00,2025-01-23T12:21:49,Encerrado-TERMINO DE LEGISLATURA (ART. 275 REG. INT.)
PL 69/2025,PL,2025,2025-02-04T00:00:00,2026-05-05T10:16:00,Encerrado-PROMULGADO
PL 69/2026,PL,2026,2026-02-05T00:00:00,2026-10-01T10:04:00,Encerrado-TERMINO DE LEGISLATURA (ART. 275 REG. INT.)
PL 690/2015,PL,2015,2015-12-02T00:00:00,2017-01-04T13:06:00,Encerrado-TERMINO DE LEGISLATURA (ART. 275 REG. INT.)
PL 690/2017,PL,2017,2017-10-03T00:00:00,2021-01-04T13:20:38,Encerrado-TERMINO DE LEGISLATURA (ART. 275 REG. INT.)
PL 690/2019,PL,2019,2019-10-15T00:00:00,2021-02-16T10:23:00,Encerrado-RETIRADO PELO AUTOR
PL 690/2020,PL,2020,2020-10-21T00:00:00,2021-10-15T17:11:00,Encerrado-PROMULGADO
PL 690/2024,PL,2024,2024-09-17T00:00:00,2025-01-23T01:21:13,Encerrado-TERMINO DE LEGISLATURA (ART. 275 REG. INT.)
PL 691/2013,PL,2013,2013-09-30T00:00:00,2017-01-02T16:17:00,Encerrado-TERMINO DE LEGISLATURA (ART. 275 REG. INT.)
PL 691/2015,PL,2015,2015-12-02T00:00:00,2017-01-02T10:00:00,Encerrado-TERMINO DE LEGISLATURA (ART. 275 REG. INT.)
PL 691/2022,PL,2022,2022-12-13T00:00:00,2024-09-11T18:00:00,Encerrado-PROMULGADO
PL 691/2023,PL,2023,2023-11-24T00:00:00,2025-01-21T15:59:29,Encerrado-TERMINO DE LEGISLATURA (ART. 275 REG. INT.)
PL 691/2025,PL,2025,2025-06-11T00:00:00,2025-09-18T13:03:00,Encerrado-PROMULGADO
PL 692/2013,PL,2013,2013-09-30T00:00:00,2025-03-26T23:33:00,Encerrado-VETO TOTAL ACEITO
PL 692/2015,PL,2015,2015-12-02T00:00:00,2017-01-11T14:40:00,Encerrado-TERMINO DE LEGISLATURA (ART. 275 REG. INT.)
PL 692/2022,PL,2022,2022-12-14T00:00:00,2025-01-16T22:11:55,Encerrado-TERMINO DE LEGISLATURA (ART. 275 REG. INT.)
PL 692/2024,PL,2024,2024-09-17T00:00:00,2025-01-23T01:42:07,Encerrado-TERMINO DE LEGISLATURA (ART. 275 REG. INT.)
PL 692/2025,PL,2025,2025-06-11T00:00:00,2025-09-16T10:57:00,Encerrado-ARQUIVADO
PL 693/2013,PL,2013,2013-09-30T00:00:00,2017-01-02T15:04:00,Encerrado-TERMINO DE LEGISLATURA (ART. 275 REG. INT.)
PL 693/2015,PL,2015,2015-12-02T00:00:00,2017-01-02T10:00:00,Encerrado-TERMINO DE LEGISLATURA (ART. 275 REG. INT.)
PL 693/2017,PL,2017,2017-10-03T00:00:00,2021-01-30T07:26:47,Encerrado-TERMINO DE LEGISLATURA (ART. 275 REG. INT.)
PL 693/2020,PL,2020,2020-10-22T00:00:00,2022-06-08T14:46:55,APENSADO
PL 693/2024,PL,2024,2024-09-17T00:00:00,2025-01-23T01:42:06,Encerrado-TERMINO DE LEGISLATURA (ART. 275 REG. INT.)
PL 694/2015,PL,2015,2015-12-02T00:00:00,2017-01-02T10:00:00,Encerrado-TERMINO DE LEGISLATURA (ART. 275 REG. INT.)
PL 694/2017,PL,2017,2017-10-03T00:00:00,2019-01-16T13:09:00,Encerrado-PROMULGADO
PL 694/2024,PL,2024,2024-09-17T00:00:00,2025-01-22T23:23:49,Encerrado-TERMINO DE LEGISLATURA (ART. 275 REG. INT.)
PL 695/2013,PL,2013,2013-09-30T00:00:00,2019-04-03T17:36:00,Encerrado-VETO PARCIAL ACEITO
PL 695/2015,PL,2015,2015-12-02T00:00:00,2017-01-11T14:40:00,Encerrado-TERMINO DE LEGISLATURA (ART. 275 REG. INT.)
PL 695/2017,PL,2017,2017-10-03T00:00:00,2019-05-27T12:21:00,Encerrado-PROMULGADO
PL 695/2019,PL,2019,2019-10-17T00:00:00,2020-02-14T00:00:00,APENSADO
PL 695/2020,PL,2020,2020-10-23T00:00:00,2025-01-13T18:43:00,Encerrado-TERMINO DE LEGISLATURA (ART. 275 REG. INT.)
PL 695/2021,PL,2021,2021-10-08T00:00:00,2025-01-14T22:41:18,Encerrado-TERMINO DE LEGISLATURA (ART. 275 REG. INT.)
PL 695/2023,PL,2023,2023-11-27T00:00:00,2025-01-20T23:32:56,Encerrado-TERMINO DE LEGISLATURA (ART. 275 REG. INT.)
PL 695/2024,PL,2024,2024-09-17T00:00:00,2025-01-08T19:00:00,Encerrado-TERMINO DE LEGISLATURA (ART. 275 REG. INT.)
PL 695/2025,PL,2025,2025-06-12T00:00:00,2025-12-11T16:25:00,Encerrado-ILEGALIDADE (ART. 79 REG. INT.)
PL 696/2013,PL,2013,2013-10-01T00:00:00,2021-01-28T12:04:00,Encerrado-RETIRADO PELO AUTOR
PL 696/2017,PL,2017,2017-10-04T00:00:00,2021-01-04T15:00:14,Encerrado-TERMINO DE LEGISLATURA (ART. 275 REG. INT.)
PL 696/2019,PL,2019,2019-10-18T00:00:00,2021-08-31T18:34:00,Encerrado-PROMULGADO
PL 696/2022,PL,2022,2022-12-15T00:00:00,2025-12-17T12:49:00,Encerrado-PROMULGADO
PL 696/2023,PL,2023,2023-11-27T00:00:00,2024-12-16T13:54:00,Encerrado-PROMULGADO
PL 696/2024,PL,2024,2024-09-17T00:00:00,2025-01-23T01:42:05,Encerrado-TERMINO DE LEGISLATURA (ART. 275 REG. INT.)
PL 696/2026,PL,2026,2026-09-01T00:00:00,2026-09-03T15:31:00,Encerrado-RETIRADO PELO AUTOR
PL 697/2015,PL,2015,2015-12-02T00:00:00,2016-03-04T00:00:00,Encerrado-RETIRADO PELO AUTOR
PL 697/2017,PL,2017,2017-10-04T00:00:00,2021-01-13T12:07:00,Encerrado-TERMINO DE LEGISLATURA (ART. 275 REG. INT.)
PL 697/2019,PL,2019,2019-10-18T00:00:00,2020-09-09T18:39:00,Encerrado-PROMULGADO
PL 697/2020,PL,2020,2020-10-23T00:00:00,2021-01-22T16:40:01,Encerrado-TERMINO DE LEGISLATURA (ART. 275 REG. INT.)
PL 697/2023,PL,2023,2023-11-27T00:00:00,2025-01-20T23:04:13,Encerrado-TERMINO DE LEGISLATURA (ART. 275 REG. INT.)
PL 697/2024,PL,2024,2024-09-18T00:00:00,2025-01-23T01:47:27,Encerrado-TERMINO DE LEGISLATURA (ART. 275 REG. INT.)
PL 698/2019,PL,2019,2019-10-21T00:00:00,2025-05-29T09:45:00,Encerrado-VETO PARCIAL ACEITO
PL 698/2020,PL,2020,2020-10-23T00:00:00,2021-01-22T16:39:41,Encerrado-TERMINO DE LEGISLATURA (ART. 275 REG. INT.)
PL 698/2021,PL,2021,2021-10-13T00:00:00,2022-04-08T10:50:00,Encerrado-PROMULGADO
PL 698/2023,PL,2023,2023-11-27T00:00:00,2024-07-16T19:22:00,Encerrado-PROMULGADO
PL 699/2015,PL,2015,2015-12-02T00:00:00,2025-07-01T17:59:00,Encerrado-VETO TOTAL ACEITO
PL 699/2017,PL,2017,2017-10-05T00:00:00,2025-11-28T15:31:00,Encerrado-ILEGALIDADE (ART. 79 REG. INT.)
PL 699/2019,PL,2019,2019-10-22T00:00:00,2020-08-11T19:20:00,Encerrado-ILEGALIDADE (ART. 79 REG. INT.)
PL 699/2020,PL,2020,2020-10-27T00:00:00,2021-04-07T18:21:00,Encerrado-RETIRADO PELO AUTOR
PL 699/2024,PL,2024,2024-09-18T00:00:00,2024-11-06T17:34:00,Encerrado-RETIRADO PELO AUTOR
PL 7/2014,PL,2014,2014-02-03T00:00:00,2024-05-23T14:40:29,Encerrado-RETIRADO PELO AUTOR
PL 7/2015,PL,2015,2014-12-18T00:00:00,2025-05-22T19:31:00,Encerrado-VETO TOTAL ACEITO
PL 7/2018,PL,2018,2018-01-24T00:00:00,2018-06-11T11:42:00,Encerrado-PROMULGADO
PL 7/2019,PL,2019,2019-01-09T00:00:00,2019-10-22T19:13:00,Encerrado-ILEGALIDADE (ART. 79 REG. INT.)
PL 7/2020,PL,2020,2020-01-29T00:00:00,2025-03-13T14:36:00,Encerrado-VETO TOTAL ACEITO
PL 7/2021,PL,2021,2021-01-07T00:00:00,2023-04-13T13:17:03,APENSADO
PL 7/2022,PL,2022,2022-01-19T00:00:00,2026-09-18T11:14:00,Encerrado-PROMULGADO
PL 7/2023,PL,2023,2023-01-17T00:00:00,2024-04-04T11:55:00,Encerrado-ILEGALIDADE (ART. 79 REG. INT.)
PL 7/2024,PL,2024,2024-01-15T00:00:00,2025-01-23T01:51:34,Encerrado-TERMINO DE LEGISLATURA (ART. 275 REG. INT.)
PL 70/2014,PL,2014,2014-02-25T00:00:00,2021-01-13T16:03:00,Encerrado-TERMINO DE LEGISLATURA (ART. 275 REG. INT.)
PL 70/2015,PL,2015,2015-03-03T00:00:00,2025-01-13T15:40:00,Encerrado-TERMINO DE LEGISLATURA (ART. 275 REG. INT.)
PL 70/2016,PL,2016,2016-03-01T00:00:00,2016-10-13T15:05:50,Encerrado-PROMULGADO
PL 70/2017,PL,2017,2017-02-09T00:00:00,2021-01-04T12:23:42,Encerrado-TERMINO DE LEGISLATURA (ART. 275 REG. INT.)
PL 70/2018,PL,2018,2018-02-26T00:00:00,2019-10-23T08:51:00,Encerrado-VETO TOTAL ACEITO
PL 70/2019,PL,2019,2019-02-14T00:00:00,2020-01-23T10:27:00,Encerrado-PROMULGADO
PL 70/2020,PL,2020,2020-02-18T00:00:00,2021-09-09T15:32:00,Encerrado-PROMULGADO
PL 70/2021,PL,2021,2021-02-10T00:00:00,2025-01-22T14:48:51,Encerrado-TERMINO DE LEGISLATURA (ART. 275 REG. INT.)
PL 70/2023,PL,2023,2023-02-27T00:00:00,2025-12-17T12:49:00,Encerrado-PROMULGADO
PL 70/2024,PL,2024,2024-02-05T00:00:00,2026-04-27T10:45:00,Encerrado-PROMULGADO
PL 70/2026,PL,2026,2026-02-06T00:00:00,2026-08-25T16:09:28,APENSADO
PL 700/2015,PL,2015,2015-12-02T00:00:00,2019-05-14T08:51:00,Encerrado-VETO TOTAL ACEITO
PL 700/2019,PL,2019,2019-10-22T00:00:00,2021-01-13T17:32:50,Encerrado-TERMINO DE LEGISLATURA (ART. 275 REG. INT.)
PL 700/2020,PL,2020,2020-10-27T00:00:00,2025-01-13T22:40:32,Encerrado-TERMINO DE LEGISLATURA (ART. 275 REG. INT.)
PL 700/2021,PL,2021,2021-10-14T00:00:00,2022-06-09T18:03:00,Encerrado-PROMULGADO
PL 700/2023,PL,2023,2023-11-27T00:00:00,2025-11-28T15:31:00,Encerrado-ILEGALIDADE (ART. 79 REG. INT.)
PL 700/2025,PL,2025,2025-06-12T00:00:00,2026-01-05T16:09:00,Encerrado-PROMULGADO
PL 701/2013,PL,2013,2013-10-02T00:00:00,2017-01-02T16:17:00,Encerrado-TERMINO DE LEGISLATURA (ART. 275 REG. INT.)
PL 701/2015,PL,2015,2015-12-02T00:00:00,2019-10-23T08:51:00,Encerrado-VETO TOTAL ACEITO
PL 701/2017,PL,2017,2017-10-06T00:00:00,2019-11-18T07:49:00,Encerrado-PROMULGADO
PL 701/2019,PL,2019,2019-10-22T00:00:00,2020-09-09T18:22:00,Encerrado-PROMULGADO
PL 701/2020,PL,2020,2020-10-27T00:00:00,2021-01-22T15:46:29,Encerrado-TERMINO DE LEGISLATURA (ART. 275 REG. INT.)
PL 702/2015,PL,2015,2015-12-02T00:00:00,2021-01-05T14:10:11,Encerrado-TERMINO DE LEGISLATURA (ART. 275 REG. INT.)
PL 702/2019,PL,2019,2019-10-22T00:00:00,2025-03-13T14:36:00,Encerrado-VETO TOTAL ACEITO
PL 702/2020,PL,2020,2020-10-29T00:00:00,2021-01-22T15:46:27,Encerrado-TERMINO DE LEGISLATURA (ART. 275 REG. INT.)
PL 702/2022,PL,2022,2022-12-16T00:00:00,2023-09-27T14:10:00,Encerrado-PROMULGADO
PL 702/2024,PL,2024,2024-09-20T00:00:00,2025-01-15T10:54:48,Encerrado-TERMINO DE LEGISLATURA (ART. 275 REG. INT.)
PL 703/2013,PL,2013,2013-10-02T00:00:00,2025-01-13T15:06:00,Encerrado-TERMINO DE LEGISLATURA (ART. 275 REG. INT.)
PL 703/2015,PL,2015,2015-12-03T00:00:00,2018-12-14T16:31:00,Encerrado-RETIRADO PELO AUTOR
PL 703/2017,PL,2017,2017-10-09T00:00:00,2021-08-13T16:21:00,Encerrado-PROMULGADO
PL 703/2021,PL,2021,2021-10-15T00:00:00,2023-10-16T13:42:00,Encerrado-PROMULGADO
PL 703/2022,PL,2022,2022-12-16T00:00:00,2025-10-31T13:29:45,Encerrado-RETIRADO PELO AUTOR
PL 703/2024,PL,2024,2024-09-20T00:00:00,2026-04-23T10:28:00,Encerrado-PROMULGADO
PL 704/2015,PL,2015,2015-12-03T00:00:00,2016-08-10T17:21:07,Encerrado-PROMULGADO
PL 704/2017,PL,2017,2017-10-10T00:00:00,2018-02-21T17:38:00,Encerrado-RETIRADO PELO AUTOR
PL 704/2019,PL,2019,2019-10-22T00:00:00,2025-01-13T18:59:00,Encerrado-TERMINO DE LEGISLATURA (ART. 275 REG. INT.)
PL 704/2020,PL,2020,2020-10-29T00:00:00,2025-01-13T22:17:07,Encerrado-TERMINO DE LEGISLATURA (ART. 275 REG. INT.)
PL 704/2021,PL,2021,2021-10-15T00:00:00,2023-06-20T16:55:00,Encerrado-PROMULGADO
PL 704/2022,PL,2022,2022-12-19T00:00:00,2023-02-01T16:17:00,Encerrado-RETIRADO PELO AUTOR
PL 704/2023,PL,2023,2023-11-29T00:00:00,2025-01-16T14:47:00,Encerrado-ILEGALIDADE (ART. 79 REG. INT.)
PL 704/2024,PL,2024,2024-09-20T00:00:00,2026-06-09T11:49:00,Encerrado-PROMULGADO
PL 705/2013,PL,2013,2013-10-02T00:00:00,2025-05-26T13:33:00,Encerrado-VETO TOTAL ACEITO
PL 705/2015,PL,2015,2015-12-03T00:00:00,2016-08-03T13:08:50,Encerrado-PROMULGADO
PL 705/2017,PL,2017,2017-10-10T00:00:00,2025-05-28T13:34:00,Encerrado-VETO PARCIAL ACEITO
PL 705/2019,PL,2019,2019-10-22T00:00:00,2021-09-09T15:32:00,Encerrado-PROMULGADO
PL 705/2020,PL,2020,2020-11-03T00:00:00,2021-10-08T17:25:00,Encerrado-PROMULGADO
PL 705/2021,PL,2021,2021-10-15T00:00:00,2025-03-14T15:03:00,Encerrado-VETO TOTAL ACEITO
PL 705/2022,PL,2022,2022-12-19T00:00:00,2025-01-16T22:08:25,Encerrado-TERMINO DE LEGISLATURA (ART. 275 REG. INT.)
PL 705/2023,PL,2023,2023-11-29T00:00:00,2025-05-23T15:30:00,Encerrado-PROMULGADO
PL 705/2024,PL,2024,2024-09-20T00:00:00,2026-04-27T10:45:00,Encerrado-PROMULGADO
PL 706/2013,PL,2013,2013-10-02T00:00:00,2017-01-02T16:17:00,Encerrado-TERMINO DE LEGISLATURA (ART. 275 REG. INT.)
PL 706/2015,PL,2015,2015-12-03T00:00:00,2017-04-11T00:00:00,Encerrado-PROMULGADO
PL 706/2017,PL,2017,2017-10-10T00:00:00,2021-01-05T20:19:31,Encerrado-TERMINO DE LEGISLATURA (ART. 275 REG. INT.)
PL 706/2020,PL,2020,2020-11-04T00:00:00,2022-01-20T11:11:00,Encerrado-ILEGALIDADE (ART. 79 REG. INT.)
PL 706/2023,PL,2023,2023-11-30T00:00:00,2025-10-29T12:06:00,Encerrado-PROMULGADO
PL 707/2015,PL,2015,2015-12-04T00:00:00,2021-01-13T14:42:00,Encerrado-TERMINO DE LEGISLATURA (ART. 275 REG. INT.)
PL 707/2017,PL,2017,2017-10-10T00:00:00,2021-01-04T13:20:32,Encerrado-TERMINO DE LEGISLATURA (ART. 275 REG. INT.)
PL 707/2019,PL,2019,2019-10-22T00:00:00,2021-08-18T17:11:00,Encerrado-PROMULGADO
PL 707/2021,PL,2021,2021-10-15T00:00:00,2025-01-14T21:56:30,Encerrado-TERMINO DE LEGISLATURA (ART. 275 REG. INT.)
PL 707/2022,PL,2022,2022-12-20T00:00:00,2024-01-08T17:50:00,Encerrado-PROMULGADO
PL 708/2013,PL,2013,2013-10-02T00:00:00,2016-05-16T10:54:05,Encerrado-CONTRARIO NO MERITO (ART. 80 REG. INT.)
PL 708/2015,PL,2015,2015-12-07T00:00:00,2019-05-13T08:34:00,Encerrado-VETO TOTAL ACEITO
PL 708/2017,PL,2017,2017-10-10T00:00:00,2021-01-13T12:07:00,Encerrado-TERMINO DE LEGISLATURA (ART. 275 REG. INT.)
PL 708/2019,PL,2019,2019-10-23T00:00:00,2021-01-30T05:14:05,Encerrado-TERMINO DE LEGISLATURA (ART. 275 REG. INT.)
PL 708/2020,PL,2020,2020-11-04T00:00:00,2021-01-22T15:46:36,Encerrado-TERMINO DE LEGISLATURA (ART. 275 REG. INT.)
PL 708/2021,PL,2021,2021-10-18T00:00:00,2023-06-12T16:38:00,Encerrado-PROMULGADO
PL 708/2022,PL,2022,2022-12-20T00:00:00,2025-01-16T21:58:20,Encerrado-TERMINO DE LEGISLATURA (ART. 275 REG. INT.)
PL 708/2024,PL,2024,2024-09-20T00:00:00,2025-01-23T01:21:12,Encerrado-TERMINO DE LEGISLATURA (ART. 275 REG. INT.)
PL 709/2017,PL,2017,2017-10-10T00:00:00,2021-01-30T07:26:45,Encerrado-TERMINO DE LEGISLATURA (ART. 275 REG. INT.)
PL 709/2019,PL,2019,2019-10-23T00:00:00,2022-05-12T14:52:00,Encerrado-ILEGALIDADE (ART. 79 REG. INT.)
PL 709/2021,PL,2021,2021-10-18T00:00:00,2023-01-10T17:21:00,Encerrado-PROMULGADO
PL 709/2022,PL,2022,2022-12-20T00:00:00,2025-01-16T22:30:54,Encerrado-TERMINO DE LEGISLATURA (ART. 275 REG. INT.)
PL 709/2023,PL,2023,2023-11-30T00:00:00,2026-04-02T14:00:00,Encerrado-RETIRADO PELO AUTOR
PL 709/2024,PL,2024,2024-09-20T00:00:00,2025-01-23T01:47:26,Encerrado-TERMINO DE LEGISLATURA (ART. 275 REG. INT.)
PL 709/2025,PL,2025,2025-06-13T00:00:00,2026-09-14T12:52:00,Encerrado-PROMULGADO
PL 71/2015,PL,2015,2015-03-03T00:00:00,2016-02-02T17:37:13,Encerrado-PROMULGADO
PL 71/2016,PL,2016,2016-03-01T00:00:00,2016-03-23T00:00:00,Encerrado-PROMULGADO
PL 71/2017,PL,2017,2017-02-09T00:00:00,2021-01-12T17:06:00,Encerrado-TERMINO DE LEGISLATURA (ART. 275 REG. INT.)
PL 71/2018,PL,2018,2018-02-27T00:00:00,2025-01-13T17:50:00,Encerrado-TERMINO DE LEGISLATURA (ART. 275 REG. INT.)
PL 71/2019,PL,2019,2019-02-14T00:00:00,2020-12-07T20:20:00,Encerrado-PREJUDICADO
PL 71/2020,PL,2020,2020-02-18T00:00:00,2021-11-09T13:37:00,Encerrado-PROMULGADO
PL 71/2023,PL,2023,2023-02-28T00:00:00,2025-01-21T18:14:36,Encerrado-TERMINO DE LEGISLATURA (ART. 275 REG. INT.)
PL 71/2024,PL,2024,2024-02-06T00:00:00,2025-01-27T16:41:29,Encerrado-TERMINO DE LEGISLATURA (ART. 275 REG. INT.)
PL 710/2015,PL,2015,2015-12-08T00:00:00,2017-04-20T15:56:00,Encerrado-RETIRADO PELO AUTOR
PL 710/2019,PL,2019,2019-10-23T00:00:00,2025-01-22T19:52:05,Encerrado-TERMINO DE LEGISLATURA (ART. 275 REG. INT.)
PL 710/2020,PL,2020,2020-11-05T00:00:00,2025-01-21T18:21:00,Encerrado-TERMINO DE LEGISLATURA (ART. 275 REG. INT.)
PL 710/2021,PL,2021,2021-10-19T00:00:00,2025-01-14T21:56:24,Encerrado-TERMINO DE LEGISLATURA (ART. 275 REG. INT.)
PL 710/2022,PL,2022,2022-12-21T00:00:00,2025-03-14T15:03:00,Encerrado-VETO TOTAL ACEITO
PL 711/2019,PL,2019,2019-10-23T00:00:00,2020-12-10T17:27:00,Encerrado-PROMULGADO
PL 711/2021,PL,2021,2021-10-20T00:00:00,2023-05-05T14:48:00,Encerrado-PROMULGADO
PL 711/2023,PL,2023,2023-12-01T00:00:00,2025-01-20T23:04:12,Encerrado-TERMINO DE LEGISLATURA (ART. 275 REG. INT.)
PL 711/2024,PL,2024,2024-09-23T00:00:00,2025-08-07T13:50:11,APENSADO
PL 712/2013,PL,2013,2013-10-03T00:00:00,2019-04-10T16:37:00,Encerrado-RETIRADO PELO AUTOR
PL 712/2015,PL,2015,2015-12-09T00:00:00,2017-01-02T10:00:00,Encerrado-TERMINO DE LEGISLATURA (ART. 275 REG. INT.)
PL 712/2019,PL,2019,2019-10-24T00:00:00,2021-08-19T17:50:00,Encerrado-PROMULGADO
PL 712/2024,PL,2024,2024-09-23T00:00:00,2025-01-23T01:47:25,Encerrado-TERMINO DE LEGISLATURA (ART. 275 REG. INT.)
PL 713/2013,PL,2013,2013-10-03T00:00:00,2019-05-02T09:54:00,Encerrado-VETO TOTAL ACEITO
PL 713/2015,PL,2015,2015-12-09T00:00:00,2016-04-01T00:00:00,Encerrado-PROMULGADO
PL 713/2017,PL,2017,2017-10-10T00:00:00,2025-01-13T17:24:00,Encerrado-TERMINO DE LEGISLATURA (ART. 275 REG. INT.)
PL 713/2019,PL,2019,2019-10-24T00:00:00,2025-03-13T14:36:00,Encerrado-VETO TOTAL ACEITO
PL 713/2020,PL,2020,2020-11-06T00:00:00,2025-01-13T22:26:39,Encerrado-TERMINO DE LEGISLATURA (ART. 275 REG. INT.)
PL 713/2021,PL,2021,2021-10-20T00:00:00,2022-07-06T17:57:00,Encerrado-PROMULGADO
PL 713/2024,PL,2024,2024-09-23T00:00:00,2026-03-26T11:11:00,Encerrado-PROMULGADO
PL 714/2013,PL,2013,2013-10-03T00:00:00,2013-12-24T00:00:00,Encerrado-RETIRADO PELO AUTOR
PL 714/2015,PL,2015,2015-12-09T00:00:00,2018-07-18T16:08:00,Encerrado-RETIRADO PELO AUTOR
PL 714/2017,PL,2017,2017-10-11T00:00:00,2019-06-03T18:31:00,Encerrado-ILEGALIDADE (ART. 79 REG. INT.)
PL 714/2019,PL,2019,2019-10-24T00:00:00,2025-01-13T19:26:47,Encerrado-TERMINO DE LEGISLATURA (ART. 275 REG. INT.)
PL 714/2023,PL,2023,2023-12-04T00:00:00,2024-07-16T19:22:00,Encerrado-PROMULGADO
PL 715/2013,PL,2013,2013-10-04T00:00:00,2019-10-09T18:04:00,Encerrado-VETO TOTAL ACEITO
PL 715/2015,PL,2015,2015-12-10T00:00:00,2016-12-13T00:00:00,Encerrado-PROMULGADO
PL 715/2017,PL,2017,2017-10-11T00:00:00,2024-09-12T16:36:34,APENSADO
PL 715/2019,PL,2019,2019-10-24T00:00:00,2025-01-13T18:59:00,Encerrado-TERMINO DE LEGISLATURA (ART. 275 REG. INT.)
PL 715/2020,PL,2020,2020-11-06T00:00:00,2022-05-09T14:00:00,Encerrado-PROMULGADO
PL 715/2021,PL,2021,2021-10-20T00:00:00,2025-01-14T22:31:07,Encerrado-TERMINO DE LEGISLATURA (ART. 275 REG. INT.)
PL 715/2023,PL,2023,2023-12-04T00:00:00,2024-07-16T19:22:00,Encerrado-PROMULGADO
PL 715/2024,PL,2024,2024-09-24T00:00:00,2025-01-23T01:47:25,Encerrado-TERMINO DE LEGISLATURA (ART. 275 REG. INT.)
PL 716/2013,PL,2013,2013-10-04T00:00:00,2016-03-20T00:00:00,Encerrado-PROMULGADO
PL 716/2015,PL,2015,2015-12-10T00:00:00,2017-01-04T12:24:00,Encerrado-TERMINO DE LEGISLATURA (ART. 275 REG. INT.)
PL 716/2017,PL,2017,2017-10-11T00:00:00,2018-09-19T00:00:00,Encerrado-PROMULGADO
PL 716/2019,PL,2019,2019-10-24T00:00:00,2025-09-02T11:38:02,Encerrado-RETIRADO PELO AUTOR
PL 716/2020,PL,2020,2020-11-09T00:00:00,2026-05-12T18:07:00,Encerrado-PROMULGADO
PL 716/2021,PL,2021,2021-10-21T00:00:00,2022-07-19T10:23:00,Encerrado-PROMULGADO
PL 716/2023,PL,2023,2023-12-04T00:00:00,2025-06-03T15:18:00,Encerrado-PROMULGADO
PL 716/2024,PL,2024,2024-09-24T00:00:00,2025-01-23T01:47:24,Encerrado-TERMINO DE LEGISLATURA (ART. 275 REG. INT.)
PL 717/2013,PL,2013,2013-10-07T00:00:00,2017-01-02T18:12:00,Encerrado-TERMINO DE LEGISLATURA (ART. 275 REG. INT.)
PL 717/2017,PL,2017,2017-10-16T00:00:00,2018-09-20T09:52:00,Encerrado-PROMULGADO
PL 717/2019,PL,2019,2019-10-25T00:00:00,2020-09-09T17:58:00,Encerrado-PROMULGADO
PL 717/2024,PL,2024,2024-09-25T00:00:00,2025-01-23T01:47:23,Encerrado-TERMINO DE LEGISLATURA (ART. 275 REG. INT.)
PL 718/2013,PL,2013,2013-10-07T00:00:00,2017-01-02T12:00:00,Encerrado-TERMINO DE LEGISLATURA (ART. 275 REG. INT.)
PL 718/2015,PL,2015,2015-12-11T00:00:00,2016-08-10T17:28:47,Encerrado-PROMULGADO
PL 718/2017,PL,2017,2017-10-16T00:00:00,2018-08-02T00:00:00,Encerrado-ILEGALIDADE (ART. 79 REG. INT.)
PL 718/2019,PL,2019,2019-10-25T00:00:00,2024-04-04T11:55:00,Encerrado-ILEGALIDADE (ART. 79 REG. INT.)
PL 719/2015,PL,2015,2015-12-11T00:00:00,2016-08-09T12:43:56,Encerrado-ILEGALIDADE (ART. 79 REG. INT.)
PL 719/2017,PL,2017,2017-10-16T00:00:00,2019-01-16T13:09:00,Encerrado-PROMULGADO
PL 719/2019,PL,2019,2019-10-29T00:00:00,2021-02-17T13:47:00,Encerrado-RETIRADO PELO AUTOR
PL 719/2024,PL,2024,2024-09-25T00:00:00,2025-11-28T15:31:00,Encerrado-ILEGALIDADE (ART. 79 REG. INT.)
PL 72/2015,PL,2015,2015-03-03T00:00:00,2016-12-21T17:26:00,Encerrado-TERMINO DE LEGISLATURA (ART. 275 REG. INT.)
PL 72/2016,PL,2016,2016-03-01T00:00:00,2018-02-02T09:55:00,Encerrado-PROMULGADO
PL 72/2017,PL,2017,2017-02-09T00:00:00,2019-06-18T14:43:00,Encerrado-ILEGALIDADE (ART. 79 REG. INT.)
PL 72/2018,PL,2018,2018-02-27T00:00:00,2025-01-13T17:50:00,Encerrado-TERMINO DE LEGISLATURA (ART. 275 REG. INT.)
PL 72/2019,PL,2019,2019-02-18T00:00:00,2025-01-13T19:08:00,Encerrado-TERMINO DE LEGISLATURA (ART. 275 REG. INT.)
PL 72/2020,PL,2020,2020-02-18T00:00:00,2025-03-13T14:36:00,Encerrado-VETO TOTAL ACEITO
PL 72/2021,PL,2021,2021-02-10T00:00:00,2021-10-08T17:25:00,Encerrado-PROMULGADO
PL 72/2023,PL,2023,2023-02-28T00:00:00,2023-03-08T09:23:00,Encerrado-RETIRADO PELO AUTOR
PL 72/2024,PL,2024,2024-02-06T00:00:00,2025-01-23T00:05:58,Encerrado-TERMINO DE LEGISLATURA (ART. 275 REG. INT.)
PL 720/2020,PL,2020,2020-11-10T00:00:00,2025-05-29T09:30:00,Encerrado-VETO PARCIAL ACEITO
PL 720/2021,PL,2021,2021-10-25T00:00:00,2022-05-05T11:13:15,Encerrado-RETIRADO PELO AUTOR
PL 721/2013,PL,2013,2013-10-08T00:00:00,2015-12-15T00:00:00,Encerrado-PROMULGADO
PL 721/2015,PL,2015,2015-12-15T00:00:00,2016-09-08T00:00:00,Encerrado-PROMULGADO
PL 721/2017,PL,2017,2017-10-16T00:00:00,2018-12-14T09:38:00,Encerrado-PROMULGADO
PL 721/2020,PL,2020,2020-11-10T00:00:00,2025-01-13T22:26:29,Encerrado-TERMINO DE LEGISLATURA (ART. 275 REG. INT.)
PL 721/2024,PL,2024,2024-09-26T00:00:00,2025-01-15T10:54:51,Encerrado-TERMINO DE LEGISLATURA (ART. 275 REG. INT.)
PL 722/2013,PL,2013,2013-10-09T00:00:00,2016-12-21T17:45:00,Encerrado-TERMINO DE LEGISLATURA (ART. 275 REG. INT.)
PL 722/2015,PL,2015,2015-12-15T00:00:00,2019-06-06T13:03:00,Encerrado-VETO PARCIAL ACEITO
PL 722/2017,PL,2017,2017-10-16T00:00:00,2025-01-13T17:24:00,Encerrado-TERMINO DE LEGISLATURA (ART. 275 REG. INT.)
PL 722/2019,PL,2019,2019-10-29T00:00:00,2026-06-10T11:18:00,Encerrado-PROMULGADO
PL 722/2020,PL,2020,2020-11-12T00:00:00,2025-01-13T18:43:00,Encerrado-TERMINO DE LEGISLATURA (ART. 275 REG. INT.)
PL 722/2023,PL,2023,2023-12-05T00:00:00,2025-01-27T17:21:41,Encerrado-TERMINO DE LEGISLATURA (ART. 275 REG. INT.)
PL 723/2017,PL,2017,2017-10-16T00:00:00,2025-01-13T17:24:00,Encerrado-TERMINO DE LEGISLATURA (ART. 275 REG. INT.)
PL 723/2019,PL,2019,2019-10-29T00:00:00,2020-02-06T11:39:00,Encerrado-PROMULGADO
PL 723/2020,PL,2020,2020-11-12T00:00:00,2025-01-13T22:40:31,Encerrado-TERMINO DE LEGISLATURA (ART. 275 REG. INT.)
PL 724/2015,PL,2015,2015-12-15T00:00:00,2025-05-29T19:01:00,Encerrado-VETO TOTAL ACEITO
PL 724/2017,PL,2017,2017-10-16T00:00:00,2020-01-09T08:40:00,Encerrado-PROMULGADO
PL 724/2019,PL,2019,2019-10-30T00:00:00,2019-12-10T18:05:00,Encerrado-RETIRADO PELO AUTOR
PL 724/2020,PL,2020,2020-11-12T00:00:00,2021-01-21T00:50:36,Encerrado-TERMINO DE LEGISLATURA (ART. 275 REG. INT.)
PL 724/2021,PL,2021,2021-10-27T00:00:00,2025-11-18T18:35:00,Encerrado-PROMULGADO
PL 724/2023,PL,2023,2023-12-06T00:00:00,2025-01-09T18:54:06,Encerrado-TERMINO DE LEGISLATURA (ART. 275 REG. INT.)
PL 725/2015,PL,2015,2015-12-15T00:00:00,2019-05-14T08:52:00,Encerrado-VETO TOTAL ACEITO
PL 725/2017,PL,2017,2017-10-17T00:00:00,2019-05-29T08:45:00,Encerrado-PROMULGADO
PL 725/2019,PL,2019,2019-10-30T00:00:00,2021-08-19T17:50:00,Encerrado-PROMULGADO
PL 725/2020,PL,2020,2020-11-18T00:00:00,2025-01-13T18:43:00,Encerrado-TERMINO DE LEGISLATURA (ART. 275 REG. INT.)
PL 725/2021,PL,2021,2021-10-27T00:00:00,2022-03-16T18:47:00,Encerrado-RETIRADO PELO AUTOR
PL 725/2023,PL,2023,2023-12-06T00:00:00,2025-01-13T11:46:09,Encerrado-TERMINO DE LEGISLATURA (ART. 275 REG. INT.)
PL 725/2024,PL,2024,2024-09-27T00:00:00,2026-01-20T13:56:00,Encerrado-PROMULGADO
PL 726/2015,PL,2015,2015-12-15T00:00:00,2019-09-25T09:47:00,Encerrado-VETO TOTAL ACEITO
PL 726/2019,PL,2019,2019-10-30T00:00:00,2021-10-08T17:25:00,Encerrado-PROMULGADO
PL 726/2020,PL,2020,2020-11-23T00:00:00,2023-08-21T16:01:19,Encerrado-RETIRADO PELO AUTOR
PL 727/2013,PL,2013,2013-10-11T00:00:00,2019-04-16T13:02:00,Encerrado-VETO TOTAL ACEITO
PL 727/2017,PL,2017,2017-10-17T00:00:00,2018-11-06T15:00:00,Encerrado-RETIRADO PELO AUTOR
PL 727/2021,PL,2021,2021-10-28T00:00:00,2025-01-14T21:41:32,Encerrado-TERMINO DE LEGISLATURA (ART. 275 REG. INT.)
PL 727/2024,PL,2024,2024-09-30T00:00:00,2025-01-23T01:28:36,Encerrado-TERMINO DE LEGISLATURA (ART. 275 REG. INT.)
PL 728/2013,PL,2013,2013-10-11T00:00:00,2017-01-02T16:17:00,Encerrado-TERMINO DE LEGISLATURA (ART. 275 REG. INT.)
PL 728/2017,PL,2017,2017-10-18T00:00:00,2025-07-08T12:27:00,Encerrado-VETO TOTAL ACEITO
PL 728/2019,PL,2019,2019-10-31T00:00:00,2020-11-05T18:50:00,Encerrado-ILEGALIDADE (ART. 79 REG. INT.)
PL 728/2024,PL,2024,2024-09-30T00:00:00,2025-01-23T01:07:41,Encerrado-TERMINO DE LEGISLATURA (ART. 275 REG. INT.)
PL 729/2017,PL,2017,2017-10-19T00:00:00,2019-07-18T08:22:00,Encerrado-PROMULGADO
PL 729/2019,PL,2019,2019-10-31T00:00:00,2021-08-19T17:50:00,Encerrado-PROMULGADO
PL 729/2021,PL,2021,2021-10-28T00:00:00,2024-01-08T17:50:00,Encerrado-PROMULGADO
PL 729/2023,PL,2023,2023-12-07T00:00:00,2025-01-14T10:47:26,Encerrado-TERMINO DE LEGISLATURA (ART. 275 REG. INT.)
PL 73/2015,PL,2015,2015-03-04T00:00:00,2017-01-03T17:01:00,Encerrado-TERMINO DE LEGISLATURA (ART. 275 REG. INT.)
PL 73/2016,PL,2016,2016-03-02T00:00:00,2021-01-04T14:33:57,Encerrado-TERMINO DE LEGISLATURA (ART. 275 REG. INT.)
PL 73/2017,PL,2017,2017-02-09T00:00:00,2017-10-04T19:03:00,Encerrado-RETIRADO PELO AUTOR
PL 73/2018,PL,2018,2018-02-27T00:00:00,2018-06-29T09:27:00,Encerrado-PROMULGADO
PL 73/2019,PL,2019,2019-02-18T00:00:00,2020-03-20T15:20:00,Encerrado-ILEGALIDADE (ART. 79 REG. INT.)
PL 73/2020,PL,2020,2020-02-18T00:00:00,2021-09-09T15:32:00,Encerrado-PROMULGADO
PL 73/2022,PL,2022,2022-02-16T00:00:00,2023-01-26T18:48:00,Encerrado-PROMULGADO
PL 73/2025,PL,2025,2025-02-04T00:00:00,2025-12-17T12:25:05,APENSADO
PL 730/2017,PL,2017,2017-10-19T00:00:00,2018-08-16T00:00:00,Encerrado-ILEGALIDADE (ART. 79 REG. INT.)
PL 730/2019,PL,2019,2019-11-01T00:00:00,2025-01-13T18:59:00,Encerrado-TERMINO DE LEGISLATURA (ART. 275 REG. INT.)
PL 730/2020,PL,2020,2020-11-24T00:00:00,2021-01-21T00:50:33,Encerrado-TERMINO DE LEGISLATURA (ART. 275 REG. INT.)
PL 730/2021,PL,2021,2021-10-28T00:00:00,2023-07-25T18:39:00,Encerrado-ILEGALIDADE (ART. 79 REG. INT.)
PL 731/2019,PL,2019,2019-11-01T00:00:00,2025-03-19T16:53:00,Encerrado-VETO TOTAL ACEITO
PL 731/2020,PL,2020,2020-11-26T00:00:00,2021-01-21T00:50:38,Encerrado-TERMINO DE LEGISLATURA (ART. 275 REG. INT.)
PL 731/2021,PL,2021,2021-11-03T00:00:00,2023-01-26T16:23:00,Encerrado-PROMULGADO
PL 731/2023,PL,2023,2023-12-07T00:00:00,2025-01-20T23:32:55,Encerrado-TERMINO DE LEGISLATURA (ART. 275 REG. INT.)
PL 732/2017,PL,2017,2017-10-24T00:00:00,2018-06-29T09:27:00,Encerrado-PROMULGADO
PL 732/2019,PL,2019,2019-11-01T00:00:00,2021-08-19T17:50:00,Encerrado-PROMULGADO
PL 732/2023,PL,2023,2023-12-07T00:00:00,2025-06-03T11:57:00,Encerrado-PROMULGADO
PL 732/2024,PL,2024,2024-10-01T00:00:00,2025-01-23T01:15:15,Encerrado-TERMINO DE LEGISLATURA (ART. 275 REG. INT.)
PL 733/2013,PL,2013,2013-10-14T00:00:00,2021-01-14T12:00:00,Encerrado-TERMINO DE LEGISLATURA (ART. 275 REG. INT.)
PL 733/2017,PL,2017,2017-10-24T00:00:00,2025-01-13T17:24:00,Encerrado-TERMINO DE LEGISLATURA (ART. 275 REG. INT.)
PL 733/2019,PL,2019,2019-11-04T00:00:00,2021-08-19T17:50:00,Encerrado-PROMULGADO
PL 733/2024,PL,2024,2024-10-01T00:00:00,2025-01-23T01:47:22,Encerrado-TERMINO DE LEGISLATURA (ART. 275 REG. INT.)
PL 734/2017,PL,2017,2017-10-24T00:00:00,2025-01-22T13:15:44,Encerrado-TERMINO DE LEGISLATURA (ART. 275 REG. INT.)
PL 734/2019,PL,2019,2019-11-05T00:00:00,2021-02-16T10:23:00,Encerrado-RETIRADO PELO AUTOR
PL 734/2020,PL,2020,2020-11-27T00:00:00,2024-04-04T11:55:00,Encerrado-ILEGALIDADE (ART. 79 REG. INT.)
PL 734/2021,PL,2021,2021-11-03T00:00:00,2023-11-30T14:49:00,Encerrado-PROMULGADO
PL 734/2023,PL,2023,2023-12-07T00:00:00,2025-01-14T10:47:27,Encerrado-TERMINO DE LEGISLATURA (ART. 275 REG. INT.)
PL 734/2024,PL,2024,2024-10-02T00:00:00,2025-08-07T13:49:47,APENSADO
PL 735/2013,PL,2013,2013-10-14T00:00:00,2015-05-21T00:00:00,Encerrado-PROMULGADO
PL 735/2017,PL,2017,2017-10-24T00:00:00,2021-01-04T11:20:08,Encerrado-TERMINO DE LEGISLATURA (ART. 275 REG. INT.)
PL 735/2019,PL,2019,2019-11-05T00:00:00,2021-08-19T17:50:00,Encerrado-PROMULGADO
PL 735/2020,PL,2020,2020-11-30T00:00:00,2021-01-21T00:50:49,Encerrado-TERMINO DE LEGISLATURA (ART. 275 REG. INT.)
PL 735/2023,PL,2023,2023-12-07T00:00:00,2025-01-21T00:02:31,Encerrado-TERMINO DE LEGISLATURA (ART. 275 REG. INT.)
PL 736/2017,PL,2017,2017-10-25T00:00:00,2019-05-09T17:34:00,Encerrado-ILEGALIDADE (ART. 79 REG. INT.)
PL 736/2019,PL,2019,2019-11-05T00:00:00,2025-01-22T14:19:11,Encerrado-TERMINO DE LEGISLATURA (ART. 275 REG. INT.)
PL 736/2020,PL,2020,2020-12-01T00:00:00,2021-09-13T17:51:00,Encerrado-PROMULGADO
PL 736/2023,PL,2023,2023-12-07T00:00:00,2025-11-14T10:28:00,Encerrado-PROMULGADO
PL 736/2024,PL,2024,2024-10-03T00:00:00,2025-11-28T15:31:00,Encerrado-ILEGALIDADE (ART. 79 REG. INT.)
PL 737/2017,PL,2017,2017-10-25T00:00:00,2019-07-02T19:16:00,Encerrado-RETIRADO PELO AUTOR
PL 737/2020,PL,2020,2020-12-01T00:00:00,2021-10-19T17:06:00,Encerrado-PROMULGADO
PL 737/2021,PL,2021,2021-11-04T00:00:00,2025-01-21T13:36:36,Encerrado-TERMINO DE LEGISLATURA (ART. 275 REG. INT.)
PL 738/2013,PL,2013,2013-10-15T00:00:00,2019-06-04T07:53:00,Encerrado-VETO TOTAL ACEITO
PL 738/2019,PL,2019,2019-11-05T00:00:00,2020-03-05T17:23:00,Encerrado-RETIRADO PELO AUTOR
PL 738/2020,PL,2020,2020-12-01T00:00:00,2021-09-13T17:51:00,Encerrado-PROMULGADO
PL 738/2021,PL,2021,2021-11-04T00:00:00,2025-11-28T15:31:00,Encerrado-ILEGALIDADE (ART. 79 REG. INT.)
PL 738/2024,PL,2024,2024-10-04T00:00:00,2025-01-23T01:37:14,Encerrado-TERMINO DE LEGISLATURA (ART. 275 REG. INT.)
PL 738/2025,PL,2025,2025-06-25T00:00:00,2025-12-02T12:00:11,Encerrado-RETIRADO PELO AUTOR
PL 739/2013,PL,2013,2013-10-15T00:00:00,2025-03-26T23:33:00,Encerrado-VETO TOTAL ACEITO
PL 739/2017,PL,2017,2017-10-25T00:00:00,2021-01-05T20:19:33,Encerrado-TERMINO DE LEGISLATURA (ART. 275 REG. INT.)
PL 739/2019,PL,2019,2019-11-05T00:00:00,2021-08-31T18:34:00,Encerrado-PROMULGADO
PL 739/2020,PL,2020,2020-12-02T00:00:00,2022-05-11T13:54:00,Encerrado-PROMULGADO
PL 74/2013,PL,2013,2013-03-05T00:00:00,2015-11-05T00:00:00,Encerrado-PROMULGADO
PL 74/2014,PL,2014,2014-02-25T00:00:00,2025-01-13T15:10:00,Encerrado-TERMINO DE LEGISLATURA (ART. 275 REG. INT.)
PL 74/2015,PL,2015,2015-03-04T00:00:00,2017-03-14T13:28:00,Encerrado-TERMINO DE LEGISLATURA (ART. 275 REG. INT.)
PL 74/2016,PL,2016,2016-03-02T00:00:00,2021-01-05T14:32:12,Encerrado-TERMINO DE LEGISLATURA (ART. 275 REG. INT.)
PL 74/2018,PL,2018,2018-02-27T00:00:00,2018-06-12T08:30:00,Encerrado-PROMULGADO
PL 74/2019,PL,2019,2019-02-18T00:00:00,2025-01-13T19:08:00,Encerrado-TERMINO DE LEGISLATURA (ART. 275 REG. INT.)
PL 74/2022,PL,2022,2022-02-16T00:00:00,2022-07-06T17:57:00,Encerrado-PROMULGADO
PL 74/2023,PL,2023,2023-02-28T00:00:00,2025-01-20T22:41:05,Encerrado-TERMINO DE LEGISLATURA (ART. 275 REG. INT.)
PL 74/2024,PL,2024,2024-02-07T00:00:00,2026-04-23T15:19:55,Encerrado-RETIRADO PELO AUTOR
PL 74/2025,PL,2025,2025-02-04T00:00:00,2025-05-09T10:38:05,Encerrado-RETIRADO PELO AUTOR
PL 740/2017,PL,2017,2017-10-26T00:00:00,2025-01-13T17:24:00,Encerrado-TERMINO DE LEGISLATURA (ART. 275 REG. INT.)
PL 740/2020,PL,2020,2020-12-02T00:00:00,2021-07-05T23:25:00,Encerrado-RETIRADO PELO AUTOR
PL 740/2021,PL,2021,2021-11-04T00:00:00,2023-08-08T15:08:00,Encerrado-PROMULGADO
PL 741/2013,PL,2013,2013-10-15T00:00:00,2018-03-05T17:09:00,Encerrado-TERMINO DE LEGISLATURA (ART. 275 REG. INT.)
PL 741/2017,PL,2017,2017-10-26T00:00:00,2019-10-23T08:59:00,Encerrado-VETO PARCIAL ACEITO
PL 741/2019,PL,2019,2019-11-05T00:00:00,2020-10-22T10:25:00,Encerrado-PROMULGADO
PL 741/2020,PL,2020,2020-12-04T00:00:00,2022-12-15T09:41:02,Encerrado-RETIRADO PELO AUTOR
PL 741/2021,PL,2021,2021-11-05T00:00:00,2025-01-14T21:41:31,Encerrado-TERMINO DE LEGISLATURA (ART. 275 REG. INT.)
PL 741/2024,PL,2024,2024-10-08T00:00:00,2026-05-05T10:16:00,Encerrado-PROMULGADO
PL 742/2017,PL,2017,2017-10-26T00:00:00,2019-07-30T08:04:00,Encerrado-PROMULGADO
PL 742/2021,PL,2021,2021-11-05T00:00:00,2022-04-01T18:27:00,Encerrado-PROMULGADO
PL 742/2023,PL,2023,2023-12-07T00:00:00,2025-01-21T15:59:41,Encerrado-TERMINO DE LEGISLATURA (ART. 275 REG. INT.)
PL 742/2026,PL,2026,2026-09-22T00:00:00,2026-09-23T16:03:00,Encerrado-RETIRADO PELO AUTOR
PL 743/2013,PL,2013,2013-10-16T00:00:00,2019-04-16T13:07:00,Encerrado-VETO PARCIAL ACEITO
PL 743/2017,PL,2017,2017-10-27T00:00:00,2021-01-05T20:19:35,Encerrado-TERMINO DE LEGISLATURA (ART. 275 REG. INT.)
PL 743/2020,PL,2020,2020-12-08T00:00:00,2021-01-21T00:50:19,Encerrado-TERMINO DE LEGISLATURA (ART. 275 REG. INT.)
PL 743/2021,PL,2021,2021-11-08T00:00:00,2025-01-14T21:41:30,Encerrado-TERMINO DE LEGISLATURA (ART. 275 REG. INT.)
PL 743/2023,PL,2023,2023-12-08T00:00:00,2024-12-10T14:05:00,Encerrado-PROMULGADO
PL 744/2017,PL,2017,2017-10-27T00:00:00,2019-10-14T09:00:00,Encerrado-PROMULGADO
PL 744/2019,PL,2019,2019-11-06T00:00:00,2020-03-05T17:26:00,Encerrado-RETIRADO PELO AUTOR
PL 744/2021,PL,2021,2021-11-08T00:00:00,2022-05-17T16:42:36,APENSADO
PL 745/2017,PL,2017,2017-10-27T00:00:00,2025-01-13T17:24:00,Encerrado-TERMINO DE LEGISLATURA (ART. 275 REG. INT.)
PL 745/2019,PL,2019,2019-11-06T00:00:00,2021-01-13T17:32:52,Encerrado-TERMINO DE LEGISLATURA (ART. 275 REG. INT.)
PL 745/2020,PL,2020,2020-12-09T00:00:00,2025-06-03T15:19:00,Encerrado-PROMULGADO
PL 745/2021,PL,2021,2021-11-08T00:00:00,2025-01-14T21:56:18,Encerrado-TERMINO DE LEGISLATURA (ART. 275 REG. INT.)
PL 745/2025,PL,2025,2025-06-26T00:00:00,2026-06-02T11:31:00,Encerrado-PROMULGADO
PL 746/2013,PL,2013,2013-10-18T00:00:00,2015-06-30T00:00:00,Encerrado-PROMULGADO
PL 746/2017,PL,2017,2017-10-27T00:00:00,2025-01-13T17:24:00,Encerrado-TERMINO DE LEGISLATURA (ART. 275 REG. INT.)
PL 746/2019,PL,2019,2019-11-07T00:00:00,2025-01-13T19:31:29,Encerrado-TERMINO DE LEGISLATURA (ART. 275 REG. INT.)
PL 746/2023,PL,2023,2023-12-11T00:00:00,2024-09-11T18:00:00,Encerrado-PROMULGADO
PL 746/2024,PL,2024,2024-10-15T00:00:00,2026-07-17T17:33:39,APENSADO
PL 747/2017,PL,2017,2017-10-27T00:00:00,2018-07-30T08:14:00,Encerrado-PROMULGADO
PL 747/2019,PL,2019,2019-11-07T00:00:00,2025-03-19T16:53:00,Encerrado-VETO TOTAL ACEITO
PL 747/2021,PL,2021,2021-11-09T00:00:00,2022-10-10T14:32:00,Encerrado-PROMULGADO
PL 747/2023,PL,2023,2023-12-12T00:00:00,2026-02-27T17:42:00,Encerrado-PROMULGADO
PL 747/2024,PL,2024,2024-10-16T00:00:00,2026-03-04T10:51:00,Encerrado-PROMULGADO
PL 748/2021,PL,2021,2021-11-09T00:00:00,2022-10-20T13:09:00,Encerrado-PROMULGADO
PL 749/2019,PL,2019,2019-11-07T00:00:00,2021-08-31T18:34:00,Encerrado-PROMULGADO
PL 749/2020,PL,2020,2020-12-14T00:00:00,2022-02-18T16:28:00,Encerrado-PROMULGADO
PL 749/2021,PL,2021,2021-11-09T00:00:00,2022-04-13T14:28:00,Encerrado-PROMULGADO
PL 749/2023,PL,2023,2023-12-12T00:00:00,2025-01-27T17:12:13,Encerrado-TERMINO DE LEGISLATURA (ART. 275 REG. INT.)
PL 75/2013,PL,2013,2013-03-05T00:00:00,2025-03-28T10:45:00,Encerrado-VETO PARCIAL ACEITO
PL 75/2015,PL,2015,2015-03-05T00:00:00,2019-05-02T10:37:00,Encerrado-VETO TOTAL ACEITO
PL 75/2016,PL,2016,2016-03-02T00:00:00,2025-03-20T13:34:00,Encerrado-VETO TOTAL ACEITO
PL 75/2019,PL,2019,2019-02-18T00:00:00,2021-08-18T17:11:00,Encerrado-PROMULGADO
PL 75/2020,PL,2020,2020-02-18T00:00:00,2023-04-13T13:14:41,APENSADO
PL 75/2021,PL,2021,2021-02-10T00:00:00,2021-11-09T13:37:00,Encerrado-PROMULGADO
PL 75/2023,PL,2023,2023-03-01T00:00:00,2024-06-21T14:59:00,Encerrado-PROMULGADO
PL 75/2025,PL,2025,2025-02-04T00:00:00,2026-03-26T11:11:00,Encerrado-PROMULGADO
PL 750/2013,PL,2013,2013-10-22T00:00:00,2017-01-02T16:17:00,Encerrado-TERMINO DE LEGISLATURA (ART. 275 REG. INT.)
PL 750/2020,PL,2020,2020-12-15T00:00:00,2021-02-02T12:09:00,Encerrado-TERMINO DE LEGISLATURA (ART. 275 REG. INT.)
PL 750/2023,PL,2023,2023-12-12T00:00:00,2025-01-20T23:32:53,Encerrado-TERMINO DE LEGISLATURA (ART. 275 REG. INT.)
PL 750/2025,PL,2025,2025-06-26T00:00:00,2025-10-16T12:11:00,Encerrado-RETIRADO PELO AUTOR
PL 751/2017,PL,2017,2017-10-27T00:00:00,2018-09-04T16:48:00,Encerrado-RETIRADO PELO AUTOR
PL 751/2019,PL,2019,2019-11-12T00:00:00,2020-08-17T13:33:00,Encerrado-PROMULGADO
PL 751/2020,PL,2020,2020-12-15T00:00:00,2025-01-13T22:32:27,Encerrado-TERMINO DE LEGISLATURA (ART. 275 REG. INT.)
PL 751/2023,PL,2023,2023-12-12T00:00:00,2025-01-13T11:46:11,Encerrado-TERMINO DE LEGISLATURA (ART. 275 REG. INT.)
PL 752/2017,PL,2017,2017-10-31T00:00:00,2019-06-25T10:15:00,Encerrado-PROMULGADO
PL 752/2019,PL,2019,2019-11-12T00:00:00,2021-08-19T17:50:00,Encerrado-PROMULGADO
PL 752/2021,PL,2021,2021-11-09T00:00:00,2025-03-14T15:03:00,Encerrado-VETO TOTAL ACEITO
PL 752/2023,PL,2023,2023-12-12T00:00:00,2025-07-23T13:52:00,Encerrado-PROMULGADO
PL 753/2013,PL,2013,2013-10-23T00:00:00,2016-07-25T00:00:00,Encerrado-PROMULGADO
PL 753/2017,PL,2017,2017-10-31T00:00:00,2021-01-27T16:16:14,Encerrado-TERMINO DE LEGISLATURA (ART. 275 REG. INT.)
PL 753/2020,PL,2020,2020-12-16T00:00:00,2025-01-21T16:26:00,Encerrado-TERMINO DE LEGISLATURA (ART. 275 REG. INT.)
PL 753/2023,PL,2023,2023-12-12T00:00:00,2025-12-17T12:49:00,Encerrado-PROMULGADO
PL 753/2024,PL,2024,2024-10-18T00:00:00,2025-08-07T13:47:46,APENSADO
PL 754/2013,PL,2013,2013-10-23T00:00:00,2021-01-14T12:04:00,Encerrado-TERMINO DE LEGISLATURA (ART. 275 REG. INT.)
PL 754/2017,PL,2017,2017-11-01T00:00:00,2018-12-26T09:04:00,Encerrado-PROMULGADO
PL 754/2019,PL,2019,2019-11-12T00:00:00,2020-02-03T16:54:00,Encerrado-PROMULGADO
PL 754/2020,PL,2020,2020-12-16T00:00:00,2025-01-13T22:16:59,Encerrado-TERMINO DE LEGISLATURA (ART. 275 REG. INT.)
PL 754/2023,PL,2023,2023-12-12T00:00:00,2026-03-04T10:51:00,Encerrado-PROMULGADO
PL 755/2013,PL,2013,2013-10-24T00:00:00,2017-01-02T16:17:00,Encerrado-TERMINO DE LEGISLATURA (ART. 275 REG. INT.)
PL 755/2019,PL,2019,2019-11-12T00:00:00,2020-03-20T15:20:00,Encerrado-ILEGALIDADE (ART. 79 REG. INT.)
PL 755/2023,PL,2023,2023-12-12T00:00:00,2024-06-04T18:41:00,Devolução de Regularização
PL 756/2017,PL,2017,2017-11-06T00:00:00,2018-12-14T09:38:00,Encerrado-PROMULGADO
PL 756/2019,PL,2019,2019-11-13T00:00:00,2020-09-16T12:21:00,Encerrado-ILEGALIDADE (ART. 79 REG. INT.)
PL 756/2020,PL,2020,2020-12-16T00:00:00,2025-01-23T12:16:05,Encerrado-TERMINO DE LEGISLATURA (ART. 275 REG. INT.)
PL 757/2017,PL,2017,2017-11-07T00:00:00,2017-12-04T18:03:00,Encerrado-RETIRADO PELO AUTOR
PL 757/2019,PL,2019,2019-11-13T00:00:00,2021-01-06T11:51:35,Encerrado-TERMINO DE LEGISLATURA (ART. 275 REG. INT.)
PL 757/2020,PL,2020,2020-12-16T00:00:00,2022-06-09T18:03:00,Encerrado-PROMULGADO
PL 757/2021,PL,2021,2021-11-10T00:00:00,2025-01-14T21:41:29,Encerrado-TERMINO DE LEGISLATURA (ART. 275 REG. INT.)
PL 757/2025,PL,2025,2025-06-30T00:00:00,2025-09-12T11:17:00,Devolução de Regularização
PL 758/2017,PL,2017,2017-11-07T00:00:00,2025-01-13T17:24:00,Encerrado-TERMINO DE LEGISLATURA (ART. 275 REG. INT.)
PL 758/2020,PL,2020,2020-12-16T00:00:00,2025-01-10T12:37:00,Encerrado-PROMULGADO
PL 758/2024,PL,2024,2024-10-18T00:00:00,2026-04-24T15:20:00,Encerrado-PROMULGADO
PL 759/2013,PL,2013,2013-10-24T00:00:00,2021-01-14T12:04:00,Encerrado-TERMINO DE LEGISLATURA (ART. 275 REG. INT.)
PL 759/2017,PL,2017,2017-11-07T00:00:00,2021-01-27T16:16:16,Encerrado-TERMINO DE LEGISLATURA (ART. 275 REG. INT.)
PL 76/2018,PL,2018,2018-02-28T00:00:00,2019-06-03T09:54:00,Encerrado-VETO PARCIAL ACEITO
PL 76/2021,PL,2021,2021-02-10T00:00:00,2021-06-15T17:49:00,Encerrado-PROMULGADO
PL 760/2017,PL,2017,2017-11-07T00:00:00,2019-01-16T15:34:00,Encerrado-PROMULGADO
PL 760/2019,PL,2019,2019-11-13T00:00:00,2021-01-30T04:54:40,Encerrado-TERMINO DE LEGISLATURA (ART. 275 REG. INT.)
PL 760/2020,PL,2020,2020-12-17T00:00:00,2024-07-30T10:01:00,Encerrado-PROMULGADO
PL 761/2013,PL,2013,2013-10-25T00:00:00,2017-03-14T13:30:00,Encerrado-ILEGALIDADE (ART. 79 REG. INT.)
PL 761/2017,PL,2017,2017-11-08T00:00:00,2018-05-17T00:00:00,Encerrado-ILEGALIDADE (ART. 79 REG. INT.)
PL 761/2020,PL,2020,2020-12-17T00:00:00,2025-03-14T15:10:00,Encerrado-VETO TOTAL ACEITO
PL 762/2013,PL,2013,2013-10-25T00:00:00,2017-04-18T12:41:00,Encerrado-ILEGALIDADE (ART. 79 REG. INT.)
PL 762/2017,PL,2017,2017-11-08T00:00:00,2018-05-17T00:00:00,Encerrado-ILEGALIDADE (ART. 79 REG. INT.)
PL 762/2019,PL,2019,2019-11-13T00:00:00,2020-02-06T11:39:00,Encerrado-PROMULGADO
PL 763/2013,PL,2013,2013-10-25T00:00:00,2017-01-02T16:24:00,Encerrado-TERMINO DE LEGISLATURA (ART. 275 REG. INT.)
PL 763/2019,PL,2019,2019-11-14T00:00:00,2021-01-20T17:42:08,Encerrado-TERMINO DE LEGISLATURA (ART. 275 REG. INT.)
PL 763/2020,PL,2020,2020-12-17T00:00:00,2021-06-15T17:49:00,Encerrado-PROMULGADO
PL 764/2013,PL,2013,2013-10-25T00:00:00,2018-03-08T17:30:00,Encerrado-RETIRADO PELO AUTOR
PL 764/2017,PL,2017,2017-11-08T00:00:00,2018-05-10T00:00:00,Encerrado-ILEGALIDADE (ART. 79 REG. INT.)
PL 764/2023,PL,2023,2023-12-13T00:00:00,2024-09-11T18:00:00,Encerrado-PROMULGADO
PL 765/2013,PL,2013,2013-10-25T00:00:00,2019-04-16T12:18:00,Encerrado-VETO PARCIAL ACEITO
PL 765/2019,PL,2019,2019-11-14T00:00:00,2021-10-08T17:25:00,Encerrado-PROMULGADO
PL 765/2020,PL,2020,2020-12-18T00:00:00,2025-01-22T14:48:53,Encerrado-TERMINO DE LEGISLATURA (ART. 275 REG. INT.)
PL 765/2025,PL,2025,2025-07-02T00:00:00,2026-06-19T09:33:00,Encerrado-PROMULGADO
PL 766/2017,PL,2017,2017-11-08T00:00:00,2018-09-26T00:00:00,Encerrado-ILEGALIDADE (ART. 79 REG. INT.)
PL 766/2019,PL,2019,2019-11-14T00:00:00,2021-08-19T17:50:00,Encerrado-PROMULGADO
PL 766/2023,PL,2023,2023-12-14T00:00:00,2024-05-23T11:42:08,APENSADO
PL 767/2013,PL,2013,2013-10-29T00:00:00,2025-01-13T15:06:00,Encerrado-TERMINO DE LEGISLATURA (ART. 275 REG. INT.)
PL 767/2017,PL,2017,2017-11-08T00:00:00,2019-06-18T14:43:00,Encerrado-ILEGALIDADE (ART. 79 REG. INT.)
PL 767/2019,PL,2019,2019-11-18T00:00:00,2021-09-09T15:32:00,Encerrado-PROMULGADO
PL 767/2023,PL,2023,2023-12-14T00:00:00,2025-01-20T23:32:52,Encerrado-TERMINO DE LEGISLATURA (ART. 275 REG. INT.)
PL 768/2013,PL,2013,2013-10-29T00:00:00,2025-01-13T15:06:00,Encerrado-TERMINO DE LEGISLATURA (ART. 275 REG. INT.)
PL 768/2017,PL,2017,2017-11-08T00:00:00,2019-01-31T09:46:00,Encerrado-PROMULGADO
PL 768/2019,PL,2019,2019-11-19T00:00:00,2025-01-22T14:19:13,Encerrado-TERMINO DE LEGISLATURA (ART. 275 REG. INT.)
PL 768/2023,PL,2023,2023-12-14T00:00:00,2026-05-05T10:16:00,Encerrado-PROMULGADO
PL 769/2017,PL,2017,2017-11-08T00:00:00,2018-02-22T10:22:00,Encerrado-PROMULGADO
PL 769/2019,PL,2019,2019-11-19T00:00:00,2021-01-13T17:58:00,Encerrado-PROMULGADO
PL 769/2023,PL,2023,2023-12-14T00:00:00,2026-03-04T10:51:00,Encerrado-PROMULGADO
PL 77/2014,PL,2014,2014-02-26T00:00:00,2015-06-02T14:05:17,Encerrado-PROMULGADO
PL 77/2015,PL,2015,2015-03-05T00:00:00,2021-03-15T15:39:00,Encerrado-RETIRADO PELO AUTOR
PL 77/2016,PL,2016,2016-03-03T00:00:00,2017-01-02T17:43:00,Encerrado-TERMINO DE LEGISLATURA (ART. 275 REG. INT.)
PL 77/2017,PL,2017,2017-02-10T00:00:00,2017-12-07T00:00:00,Encerrado-ILEGALIDADE (ART. 79 REG. INT.)
PL 77/2022,PL,2022,2022-02-18T00:00:00,2025-01-16T22:16:13,Encerrado-TERMINO DE LEGISLATURA (ART. 275 REG. INT.)
PL 77/2023,PL,2023,2023-03-01T00:00:00,2024-06-17T14:20:00,Encerrado-PROMULGADO
PL 77/2024,PL,2024,2024-02-08T00:00:00,2025-01-23T01:51:27,Encerrado-TERMINO DE LEGISLATURA (ART. 275 REG. INT.)
PL 770/2013,PL,2013,2013-10-30T00:00:00,2019-04-18T10:02:00,Encerrado-VETO TOTAL ACEITO
PL 770/2019,PL,2019,2019-11-19T00:00:00,2021-01-30T04:54:38,Encerrado-TERMINO DE LEGISLATURA (ART. 275 REG. INT.)
PL 770/2021,PL,2021,2021-11-11T00:00:00,2025-11-28T15:31:00,Encerrado-ILEGALIDADE (ART. 79 REG. INT.)
PL 770/2023,PL,2023,2023-12-14T00:00:00,2025-01-06T16:05:00,Encerrado-PROMULGADO
PL 770/2025,PL,2025,2025-07-04T00:00:00,2026-07-17T17:28:06,APENSADO
PL 771/2013,PL,2013,2013-10-30T00:00:00,2019-10-30T18:44:00,Encerrado-VETO TOTAL ACEITO
PL 771/2017,PL,2017,2017-11-09T00:00:00,2025-05-29T19:01:00,Encerrado-VETO TOTAL ACEITO
PL 771/2021,PL,2021,2021-11-11T00:00:00,2023-05-22T13:52:00,Encerrado-PROMULGADO
PL 771/2023,PL,2023,2023-12-14T00:00:00,2026-03-04T10:51:00,Encerrado-PROMULGADO
PL 771/2024,PL,2024,2024-10-22T00:00:00,2026-09-29T11:27:00,Encerrado-PROMULGADO
PL 772/2017,PL,2017,2017-11-09T00:00:00,2025-01-13T17:24:00,Encerrado-TERMINO DE LEGISLATURA (ART. 275 REG. INT.)
PL 773/2013,PL,2013,2013-10-31T00:00:00,2015-06-18T09:29:34,Encerrado-PROMULGADO
PL 774/2013,PL,2013,2013-10-31T00:00:00,2025-03-19T16:53:00,Encerrado-VETO TOTAL ACEITO
PL 774/2017,PL,2017,2017-11-09T00:00:00,2018-08-02T00:00:00,Encerrado-ILEGALIDADE (ART. 79 REG. INT.)
PL 774/2021,PL,2021,2021-11-12T00:00:00,2025-01-14T22:34:37,Encerrado-TERMINO DE LEGISLATURA (ART. 275 REG. INT.)
PL 775/2017,PL,2017,2017-11-09T00:00:00,2019-11-08T14:36:00,Encerrado-PROMULGADO
PL 775/2019,PL,2019,2019-11-19T00:00:00,2020-12-03T16:53:00,Encerrado-PROMULGADO
PL 775/2021,PL,2021,2021-11-12T00:00:00,2023-01-23T17:29:00,Encerrado-PROMULGADO
PL 776/2013,PL,2013,2013-11-01T00:00:00,2015-04-24T16:01:52,Encerrado-RETIRADO PELO AUTOR
PL 776/2017,PL,2017,2017-11-09T00:00:00,2019-01-16T13:05:00,Encerrado-PROMULGADO
PL 776/2019,PL,2019,2019-11-19T00:00:00,2025-01-13T18:59:00,Encerrado-TERMINO DE LEGISLATURA (ART. 275 REG. INT.)
PL 776/2021,PL,2021,2021-11-12T00:00:00,2025-01-14T21:56:29,Encerrado-TERMINO DE LEGISLATURA (ART. 275 REG. INT.)
PL 776/2024,PL,2024,2024-10-23T00:00:00,2026-06-02T11:31:00,Encerrado-PROMULGADO
PL 777/2013,PL,2013,2013-11-01T00:00:00,2019-10-08T15:45:00,Encerrado-VETO TOTAL ACEITO
PL 777/2017,PL,2017,2017-11-09T00:00:00,2018-05-21T12:45:00,Encerrado-RETIRADO PELO AUTOR
PL 777/2019,PL,2019,2019-11-19T00:00:00,2021-09-09T15:32:00,Encerrado-PROMULGADO
PL 777/2021,PL,2021,2021-11-12T00:00:00,2025-01-14T21:56:28,Encerrado-TERMINO DE LEGISLATURA (ART. 275 REG. INT.)
PL 777/2023,PL,2023,2023-12-19T00:00:00,2025-01-27T17:01:50,Encerrado-TERMINO DE LEGISLATURA (ART. 275 REG. INT.)
PL 778/2017,PL,2017,2017-11-09T00:00:00,2019-10-21T11:07:00,Encerrado-PROMULGADO
PL 778/2019,PL,2019,2019-11-19T00:00:00,2020-12-10T17:27:00,Encerrado-PROMULGADO
PL 778/2021,PL,2021,2021-11-12T00:00:00,2024-01-08T17:20:00,Encerrado-PROMULGADO
PL 778/2023,PL,2023,2023-12-19T00:00:00,2024-12-19T15:03:00,Encerrado-PROMULGADO
PL 779/2013,PL,2013,2013-11-01T00:00:00,2019-04-15T08:43:00,Encerrado-VETO PARCIAL ACEITO
PL 779/2017,PL,2017,2017-11-10T00:00:00,2018-02-15T11:28:00,Encerrado-PROMULGADO
PL 779/2019,PL,2019,2019-11-19T00:00:00,2025-01-13T18:59:00,Encerrado-TERMINO DE LEGISLATURA (ART. 275 REG. INT.)
PL 779/2021,PL,2021,2021-11-12T00:00:00,2022-09-05T12:06:00,Encerrado-ILEGALIDADE (ART. 79 REG. INT.)
PL 779/2023,PL,2023,2023-12-19T00:00:00,2025-10-14T14:18:00,Encerrado-PROMULGADO
PL 78/2015,PL,2015,2015-03-05T00:00:00,2025-05-22T19:35:00,Encerrado-VETO TOTAL ACEITO
PL 78/2017,PL,2017,2017-02-10T00:00:00,2025-05-29T19:01:00,Encerrado-VETO TOTAL ACEITO
PL 78/2020,PL,2020,2020-02-20T00:00:00,2023-01-23T17:16:00,Encerrado-PROMULGADO
PL 78/2022,PL,2022,2022-02-21T00:00:00,2025-01-16T22:16:19,Encerrado-TERMINO DE LEGISLATURA (ART. 275 REG. INT.)
PL 78/2024,PL,2024,2024-02-08T00:00:00,2025-06-27T15:40:04,Encerrado-RETIRADO PELO AUTOR
PL 780/2017,PL,2017,2017-11-10T00:00:00,2018-06-13T10:11:00,Encerrado-PROMULGADO
PL 780/2019,PL,2019,2019-11-19T00:00:00,2021-01-30T04:54:44,Encerrado-TERMINO DE LEGISLATURA (ART. 275 REG. INT.)
PL 780/2023,PL,2023,2023-12-19T00:00:00,2024-02-28T14:49:19,Encerrado-RETIRADO PELO AUTOR
PL 780/2024,PL,2024,2024-10-30T00:00:00,2024-11-06T17:34:00,Encerrado-RETIRADO PELO AUTOR
PL 781/2013,PL,2013,2013-11-04T00:00:00,2018-03-20T16:10:00,Encerrado-RETIRADO PELO AUTOR
PL 781/2019,PL,2019,2019-11-19T00:00:00,2021-01-06T11:51:39,Encerrado-TERMINO DE LEGISLATURA (ART. 275 REG. INT.)
PL 781/2021,PL,2021,2021-11-16T00:00:00,2025-01-13T16:53:00,Encerrado-TERMINO DE LEGISLATURA (ART. 275 REG. INT.)
PL 781/2024,PL,2024,2024-10-30T00:00:00,2026-05-28T10:19:00,Encerrado-PROMULGADO
PL 782/2017,PL,2017,2017-11-10T00:00:00,2018-06-20T07:48:00,Encerrado-PROMULGADO
PL 782/2021,PL,2021,2021-11-16T00:00:00,2025-01-13T16:53:00,Encerrado-TERMINO DE LEGISLATURA (ART. 275 REG. INT.)
PL 783/2013,PL,2013,2013-11-04T00:00:00,2017-01-02T13:42:00,Encerrado-TERMINO DE LEGISLATURA (ART. 275 REG. INT.)
PL 783/2017,PL,2017,2017-11-13T00:00:00,2018-04-06T15:46:00,Encerrado-RETIRADO PELO AUTOR
PL 783/2021,PL,2021,2021-11-16T00:00:00,2025-11-28T15:31:00,Encerrado-ILEGALIDADE (ART. 79 REG. INT.)
PL 783/2023,PL,2023,2023-12-20T00:00:00,2024-01-08T16:51:00,Encerrado-RETIRADO PELO AUTOR
PL 784/2013,PL,2013,2013-11-05T00:00:00,2016-12-21T17:26:00,Encerrado-TERMINO DE LEGISLATURA (ART. 275 REG. INT.)
PL 784/2017,PL,2017,2017-11-13T00:00:00,2018-10-16T10:53:00,Encerrado-ARQUIVADO
PL 784/2019,PL,2019,2019-11-22T00:00:00,2021-01-30T04:54:46,Encerrado-TERMINO DE LEGISLATURA (ART. 275 REG. INT.)
PL 785/2013,PL,2013,2013-11-05T00:00:00,2017-01-02T16:24:00,Encerrado-TERMINO DE LEGISLATURA (ART. 275 REG. INT.)
PL 785/2017,PL,2017,2017-11-13T00:00:00,2019-06-05T09:24:00,Encerrado-VETO PARCIAL ACEITO
PL 785/2019,PL,2019,2019-11-22T00:00:00,2021-01-30T04:54:22,Encerrado-TERMINO DE LEGISLATURA (ART. 275 REG. INT.)
PL 786/2013,PL,2013,2013-11-05T00:00:00,2017-01-04T13:58:00,Encerrado-TERMINO DE LEGISLATURA (ART. 275 REG. INT.)
PL 786/2017,PL,2017,2017-11-13T00:00:00,2019-01-16T13:10:00,Encerrado-PROMULGADO
PL 786/2019,PL,2019,2019-11-22T00:00:00,2020-10-22T10:25:00,Encerrado-PROMULGADO
PL 786/2021,PL,2021,2021-11-17T00:00:00,2022-05-09T14:00:00,Encerrado-PROMULGADO
PL 786/2024,PL,2024,2024-10-31T00:00:00,2026-03-04T10:51:00,Encerrado-PROMULGADO
PL 787/2013,PL,2013,2013-11-06T00:00:00,2025-05-23T12:14:00,Encerrado-VETO TOTAL ACEITO
PL 787/2019,PL,2019,2019-11-25T00:00:00,2020-10-22T10:25:00,Encerrado-PROMULGADO
PL 787/2024,PL,2024,2024-10-31T00:00:00,2025-01-23T02:00:45,Encerrado-TERMINO DE LEGISLATURA (ART. 275 REG. INT.)
PL 788/2017,PL,2017,2017-11-13T00:00:00,2025-01-13T17:24:00,Encerrado-TERMINO DE LEGISLATURA (ART. 275 REG. INT.)
PL 789/2019,PL,2019,2019-11-25T00:00:00,2021-03-15T15:39:00,Encerrado-RETIRADO PELO AUTOR
PL 789/2023,PL,2023,2023-12-21T00:00:00,2024-07-17T15:07:00,Encerrado-ILEGALIDADE (ART. 79 REG. INT.)
PL 789/2025,PL,2025,2025-07-15T00:00:00,2025-12-01T10:21:00,Encerrado-PROMULGADO
PL 79/2013,PL,2013,2013-03-03T00:00:00,2019-05-14T08:50:00,Encerrado-VETO TOTAL ACEITO
PL 79/2016,PL,2016,2016-03-03T00:00:00,2017-11-06T09:22:00,Encerrado-PROMULGADO
PL 79/2017,PL,2017,2017-02-10T00:00:00,2021-03-15T15:39:00,Encerrado-RETIRADO PELO AUTOR
PL 79/2018,PL,2018,2018-03-01T00:00:00,2019-10-23T08:51:00,Encerrado-VETO TOTAL ACEITO
PL 79/2021,PL,2021,2021-02-10T00:00:00,2025-01-13T16:45:00,Encerrado-TERMINO DE LEGISLATURA (ART. 275 REG. INT.)
PL 79/2022,PL,2022,2022-02-22T00:00:00,2025-05-21T16:16:00,Encerrado-PROMULGADO
PL 79/2024,PL,2024,2024-02-08T00:00:00,2025-01-22T23:33:06,Encerrado-TERMINO DE LEGISLATURA (ART. 275 REG. INT.)
PL 790/2013,PL,2013,2013-11-07T00:00:00,2025-01-13T15:06:00,Encerrado-TERMINO DE LEGISLATURA (ART. 275 REG. INT.)
PL 790/2023,PL,2023,2023-12-21T00:00:00,2024-05-23T11:42:30,APENSADO
PL 790/2025,PL,2025,2025-07-15T00:00:00,2026-07-17T17:23:00,APENSADO
PL 791/2013,PL,2013,2013-11-07T00:00:00,2021-01-14T12:04:00,Encerrado-TERMINO DE LEGISLATURA (ART. 275 REG. INT.)
PL 791/2017,PL,2017,2017-11-13T00:00:00,2018-03-16T17:48:00,Encerrado-RETIRADO PELO AUTOR
PL 791/2019,PL,2019,2019-11-25T00:00:00,2022-01-20T13:12:00,Encerrado-ILEGALIDADE (ART. 79 REG. INT.)
PL 792/2013,PL,2013,2013-11-07T00:00:00,2021-01-14T12:04:00,Encerrado-TERMINO DE LEGISLATURA (ART. 275 REG. INT.)
PL 792/2017,PL,2017,2017-11-14T00:00:00,2019-10-18T09:58:00,Encerrado-PROMULGADO
PL 792/2019,PL,2019,2019-11-25T00:00:00,2022-01-20T13:24:00,Encerrado-ILEGALIDADE (ART. 79 REG. INT.)
PL 793/2017,PL,2017,2017-11-14T00:00:00,2018-09-11T00:00:00,Encerrado-ILEGALIDADE (ART. 79 REG. INT.)
PL 793/2019,PL,2019,2019-11-25T00:00:00,2025-01-22T19:52:09,Encerrado-TERMINO DE LEGISLATURA (ART. 275 REG. INT.)
PL 793/2021,PL,2021,2021-11-18T00:00:00,2025-01-14T21:41:28,Encerrado-TERMINO DE LEGISLATURA (ART. 275 REG. INT.)
PL 794/2013,PL,2013,2013-11-07T00:00:00,2019-05-28T08:28:00,Encerrado-VETO TOTAL ACEITO
PL 794/2021,PL,2021,2021-11-18T00:00:00,2025-01-14T21:41:27,Encerrado-TERMINO DE LEGISLATURA (ART. 275 REG. INT.)
PL 794/2024,PL,2024,2024-11-08T00:00:00,2026-01-20T13:56:00,Encerrado-PROMULGADO
PL 795/2021,PL,2021,2021-11-18T00:00:00,2025-01-23T15:16:41,Encerrado-TERMINO DE LEGISLATURA (ART. 275 REG. INT.)
PL 796/2013,PL,2013,2013-11-07T00:00:00,2019-09-25T09:47:00,Encerrado-VETO TOTAL ACEITO
PL 796/2019,PL,2019,2019-11-26T00:00:00,2021-08-19T17:50:00,Encerrado-PROMULGADO
PL 796/2021,PL,2021,2021-11-18T00:00:00,2025-01-14T21:41:26,Encerrado-TERMINO DE LEGISLATURA (ART. 275 REG. INT.)
PL 797/2013,PL,2013,2013-11-08T00:00:00,2021-01-14T12:04:00,Encerrado-TERMINO DE LEGISLATURA (ART. 275 REG. INT.)
PL 797/2019,PL,2019,2019-11-26T00:00:00,2021-08-19T17:50:00,Encerrado-PROMULGADO
PL 797/2021,PL,2021,2021-11-18T00:00:00,2026-03-31T16:28:00,Encerrado-TERMINO DE LEGISLATURA (ART. 275 REG. INT.)
PL 797/2024,PL,2024,2024-11-08T00:00:00,2026-09-29T11:27:00,Encerrado-PROMULGADO
PL 798/2013,PL,2013,2013-11-08T00:00:00,2021-01-14T12:04:00,Encerrado-TERMINO DE LEGISLATURA (ART. 275 REG. INT.)
PL 798/2019,PL,2019,2019-11-26T00:00:00,2021-01-30T04:23:48,Encerrado-TERMINO DE LEGISLATURA (ART. 275 REG. INT.)
PL 798/2021,PL,2021,2021-11-18T00:00:00,2025-01-14T21:41:25,Encerrado-TERMINO DE LEGISLATURA (ART. 275 REG. INT.)
PL 799/2013,PL,2013,2013-11-08T00:00:00,2017-01-02T16:17:00,Encerrado-TERMINO DE LEGISLATURA (ART. 275 REG. INT.)
PL 799/2017,PL,2017,2017-11-16T00:00:00,2019-08-23T08:30:00,Encerrado-PROMULGADO
PL 799/2019,PL,2019,2019-11-26T00:00:00,2021-01-30T04:23:58,Encerrado-TERMINO DE LEGISLATURA (ART. 275 REG. INT.)
PL 799/2021,PL,2021,2021-11-18T00:00:00,2025-01-14T21:41:24,Encerrado-TERMINO DE LEGISLATURA (ART. 275 REG. INT.)
PL 8/2014,PL,2014,2014-02-03T00:00:00,2025-01-13T15:10:00,Encerrado-TERMINO DE LEGISLATURA (ART. 275 REG. INT.)
PL 8/2016,PL,2016,2016-01-20T00:00:00,2017-06-08T11:59:00,Encerrado-ILEGALIDADE (ART. 79 REG. INT.)
PL 8/2018,PL,2018,2018-01-29T00:00:00,2019-06-18T14:43:00,Encerrado-ILEGALIDADE (ART. 79 REG. INT.)
PL 8/2019,PL,2019,2019-01-09T00:00:00,2019-06-18T14:43:00,Encerrado-ILEGALIDADE (ART. 79 REG. INT.)
PL 8/2020,PL,2020,2020-01-29T00:00:00,2025-03-13T14:36:00,Encerrado-VETO TOTAL ACEITO
PL 8/2021,PL,2021,2021-01-07T00:00:00,2021-10-15T19:51:40,Encerrado-RETIRADO PELO AUTOR
PL 8/2022,PL,2022,2022-01-21T00:00:00,2023-09-05T17:34:00,Encerrado-PROMULGADO
PL 8/2023,PL,2023,2023-01-17T00:00:00,2023-06-27T18:07:57,Encerrado-RETIRADO PELO AUTOR
PL 8/2024,PL,2024,2024-01-15T00:00:00,2025-08-07T13:45:37,APENSADO
PL 80/2013,PL,2013,2013-03-06T00:00:00,2017-03-24T17:42:00,Encerrado-TERMINO DE LEGISLATURA (ART. 275 REG. INT.)
PL 80/2015,PL,2015,2015-03-10T00:00:00,2021-01-05T16:22:13,Encerrado-TERMINO DE LEGISLATURA (ART. 275 REG. INT.)
PL 80/2016,PL,2016,2016-03-07T00:00:00,2021-01-05T12:27:13,Encerrado-TERMINO DE LEGISLATURA (ART. 275 REG. INT.)
PL 80/2017,PL,2017,2017-02-10T00:00:00,2025-05-29T19:01:00,Encerrado-VETO TOTAL ACEITO
PL 80/2018,PL,2018,2018-03-02T00:00:00,2019-05-30T12:15:00,Encerrado-ILEGALIDADE (ART. 79 REG. INT.)
PL 80/2019,PL,2019,2019-02-19T00:00:00,2020-01-23T10:27:00,Encerrado-PROMULGADO
PL 80/2026,PL,2026,2026-02-10T00:00:00,2026-08-25T16:07:10,APENSADO
PL 800/2013,PL,2013,2013-11-11T00:00:00,2021-01-14T12:04:00,Encerrado-TERMINO DE LEGISLATURA (ART. 275 REG. INT.)
PL 800/2017,PL,2017,2017-11-16T00:00:00,2019-01-14T12:21:00,Encerrado-PROMULGADO
PL 800/2019,PL,2019,2019-11-26T00:00:00,2021-01-30T04:24:00,Encerrado-TERMINO DE LEGISLATURA (ART. 275 REG. INT.)
PL 800/2021,PL,2021,2021-11-18T00:00:00,2023-01-12T13:59:00,Encerrado-PROMULGADO
PL 800/2024,PL,2024,2024-11-12T00:00:00,2025-01-23T01:28:35,Encerrado-TERMINO DE LEGISLATURA (ART. 275 REG. INT.)
PL 801/2017,PL,2017,2017-11-17T00:00:00,2018-06-19T00:00:00,Encerrado-ILEGALIDADE (ART. 79 REG. INT.)
PL 801/2021,PL,2021,2021-11-18T00:00:00,2025-01-14T21:41:23,Encerrado-TERMINO DE LEGISLATURA (ART. 275 REG. INT.)
PL 801/2024,PL,2024,2024-11-12T00:00:00,2025-01-23T15:58:00,Encerrado-PROMULGADO
PL 802/2013,PL,2013,2013-11-11T00:00:00,2021-01-14T12:04:00,Encerrado-TERMINO DE LEGISLATURA (ART. 275 REG. INT.)
PL 802/2017,PL,2017,2017-11-17T00:00:00,2019-10-29T08:35:00,Encerrado-PROMULGADO
PL 802/2019,PL,2019,2019-11-26T00:00:00,2025-01-13T18:59:00,Encerrado-TERMINO DE LEGISLATURA (ART. 275 REG. INT.)
PL 802/2024,PL,2024,2024-11-13T00:00:00,2025-01-06T14:30:00,Encerrado-PROMULGADO
PL 803/2013,PL,2013,2013-11-11T00:00:00,2017-01-02T16:17:00,Encerrado-TERMINO DE LEGISLATURA (ART. 275 REG. INT.)
PL 803/2017,PL,2017,2017-11-17T00:00:00,2019-04-30T09:10:00,Encerrado-PROMULGADO
PL 803/2019,PL,2019,2019-11-26T00:00:00,2020-03-11T14:48:00,Encerrado-RETIRADO PELO AUTOR
PL 803/2021,PL,2021,2021-11-18T00:00:00,2024-04-04T11:55:00,Encerrado-ILEGALIDADE (ART. 79 REG. INT.)
PL 803/2024,PL,2024,2024-11-13T00:00:00,2024-12-12T14:08:00,Encerrado-PROMULGADO
PL 804/2017,PL,2017,2017-11-21T00:00:00,2017-11-23T18:47:00,Encerrado-RETIRADO PELO AUTOR
PL 804/2019,PL,2019,2019-11-26T00:00:00,2020-03-11T14:48:00,Encerrado-RETIRADO PELO AUTOR
PL 804/2024,PL,2024,2024-11-14T00:00:00,2025-08-07T13:51:07,APENSADO
PL 805/2013,PL,2013,2013-11-11T00:00:00,2017-01-02T11:00:00,Encerrado-TERMINO DE LEGISLATURA (ART. 275 REG. INT.)
PL 805/2024,PL,2024,2024-11-14T00:00:00,2025-11-28T15:31:00,Encerrado-ILEGALIDADE (ART. 79 REG. INT.)
PL 806/2013,PL,2013,2013-11-12T00:00:00,2025-05-22T20:11:00,Encerrado-VETO TOTAL ACEITO
PL 806/2019,PL,2019,2019-11-27T00:00:00,2021-01-30T04:24:08,Encerrado-TERMINO DE LEGISLATURA (ART. 275 REG. INT.)
PL 806/2021,PL,2021,2021-11-18T00:00:00,2025-01-14T21:41:22,Encerrado-TERMINO DE LEGISLATURA (ART. 275 REG. INT.)
PL 807/2019,PL,2019,2019-11-27T00:00:00,2021-08-19T17:50:00,Encerrado-PROMULGADO
PL 807/2021,PL,2021,2021-11-19T00:00:00,2023-07-03T15:42:00,Encerrado-PROMULGADO
PL 808/2013,PL,2013,2013-11-12T00:00:00,2022-01-21T14:55:00,Encerrado-PROMULGADO
PL 808/2017,PL,2017,2017-11-22T00:00:00,2018-02-26T16:38:00,Encerrado-RETIRADO PELO AUTOR
PL 809/2017,PL,2017,2017-11-22T00:00:00,2021-01-05T20:37:14,Encerrado-TERMINO DE LEGISLATURA (ART. 275 REG. INT.)
PL 809/2019,PL,2019,2019-11-27T00:00:00,2020-03-11T14:48:00,Encerrado-RETIRADO PELO AUTOR
PL 809/2024,PL,2024,2024-11-19T00:00:00,2025-12-17T13:17:46,APENSADO
PL 81/2014,PL,2014,2014-02-27T00:00:00,2025-01-13T15:10:00,Encerrado-TERMINO DE LEGISLATURA (ART. 275 REG. INT.)
PL 81/2015,PL,2015,2015-03-10T00:00:00,2017-01-02T12:00:00,Encerrado-TERMINO DE LEGISLATURA (ART. 275 REG. INT.)
PL 81/2016,PL,2016,2016-03-08T00:00:00,2016-08-08T00:00:00,Encerrado-PROMULGADO
PL 81/2017,PL,2017,2017-02-10T00:00:00,2018-01-31T10:02:00,Encerrado-PROMULGADO
PL 81/2018,PL,2018,2018-03-05T00:00:00,2025-01-13T17:50:00,Encerrado-TERMINO DE LEGISLATURA (ART. 275 REG. INT.)
PL 81/2019,PL,2019,2019-02-19T00:00:00,2020-11-05T18:50:00,Encerrado-ILEGALIDADE (ART. 79 REG. INT.)
PL 81/2022,PL,2022,2022-02-22T00:00:00,2024-01-08T17:20:00,Encerrado-PROMULGADO
PL 81/2023,PL,2023,2023-03-02T00:00:00,2023-08-09T14:11:00,Encerrado-PROMULGADO
PL 810/2013,PL,2013,2013-11-12T00:00:00,2021-01-14T12:04:00,Encerrado-TERMINO DE LEGISLATURA (ART. 275 REG. INT.)
PL 810/2024,PL,2024,2024-11-19T00:00:00,2025-11-17T11:16:00,Encerrado-PROMULGADO
PL 810/2025,PL,2025,2025-07-21T00:00:00,2025-09-04T15:29:05,APENSADO
PL 811/2013,PL,2013,2013-11-12T00:00:00,2025-01-13T15:06:00,Encerrado-TERMINO DE LEGISLATURA (ART. 275 REG. INT.)
PL 811/2024,PL,2024,2024-11-19T00:00:00,2026-09-29T11:27:00,Encerrado-PROMULGADO
PL 811/2025,PL,2025,2025-07-22T00:00:00,2026-09-23T11:17:00,Encerrado-PROMULGADO
PL 812/2017,PL,2017,2017-11-22T00:00:00,2025-01-13T17:24:00,Encerrado-TERMINO DE LEGISLATURA (ART. 275 REG. INT.)
PL 812/2019,PL,2019,2019-11-27T00:00:00,2021-10-14T14:43:00,Encerrado-PROMULGADO
PL 812/2024,PL,2024,2024-11-22T00:00:00,2025-12-10T11:14:00,Encerrado-PROMULGADO
PL 813/2013,PL,2013,2013-11-12T00:00:00,2015-12-30T00:00:00,Encerrado-PROMULGADO
PL 813/2017,PL,2017,2017-11-23T00:00:00,2018-10-04T08:56:00,Encerrado-PROMULGADO
PL 813/2021,PL,2021,2021-11-23T00:00:00,2025-11-18T18:35:00,Encerrado-PROMULGADO
PL 813/2025,PL,2025,2025-07-22T00:00:00,2026-08-25T16:01:14,APENSADO
PL 814/2017,PL,2017,2017-11-23T00:00:00,2018-03-23T16:13:00,Encerrado-RETIRADO PELO AUTOR
PL 814/2021,PL,2021,2021-11-23T00:00:00,2023-08-09T14:11:00,Encerrado-PROMULGADO
PL 814/2024,PL,2024,2024-11-22T00:00:00,2025-01-22T23:33:08,Encerrado-TERMINO DE LEGISLATURA (ART. 275 REG. INT.)
PL 815/2017,PL,2017,2017-11-23T00:00:00,2019-10-21T11:07:00,Encerrado-PROMULGADO
PL 815/2019,PL,2019,2019-11-27T00:00:00,2025-01-22T19:52:13,Encerrado-TERMINO DE LEGISLATURA (ART. 275 REG. INT.)
PL 815/2021,PL,2021,2021-11-24T00:00:00,2025-01-14T21:41:21,Encerrado-TERMINO DE LEGISLATURA (ART. 275 REG. INT.)
PL 816/2013,PL,2013,2013-11-13T00:00:00,2015-08-28T18:19:31,Encerrado-RETIRADO PELO AUTOR
PL 816/2019,PL,2019,2019-11-27T00:00:00,2025-01-13T19:31:24,Encerrado-TERMINO DE LEGISLATURA (ART. 275 REG. INT.)
PL 816/2025,PL,2025,2025-07-22T00:00:00,2025-10-16T12:11:00,Encerrado-RETIRADO PELO AUTOR
PL 817/2013,PL,2013,2013-11-14T00:00:00,2017-01-04T13:00:00,Encerrado-TERMINO DE LEGISLATURA (ART. 275 REG. INT.)
PL 817/2017,PL,2017,2017-11-28T00:00:00,2018-01-19T13:31:00,Encerrado-PROMULGADO
PL 817/2019,PL,2019,2019-11-27T00:00:00,2020-09-10T12:36:00,Encerrado-REJEITADO
PL 817/2021,PL,2021,2021-11-24T00:00:00,2022-06-09T18:03:00,Encerrado-PROMULGADO
PL 817/2025,PL,2025,2025-07-23T00:00:00,2025-09-05T19:32:00,Encerrado-PROMULGADO
PL 818/2013,PL,2013,2013-11-14T00:00:00,2025-03-26T23:33:00,Encerrado-VETO TOTAL ACEITO
PL 818/2017,PL,2017,2017-11-27T00:00:00,2018-07-30T08:14:00,Encerrado-PROMULGADO
PL 818/2024,PL,2024,2024-11-26T00:00:00,2025-01-21T19:25:00,Encerrado-PROMULGADO
PL 819/2013,PL,2013,2013-11-18T00:00:00,2021-01-14T12:04:00,Encerrado-TERMINO DE LEGISLATURA (ART. 275 REG. INT.)
PL 819/2017,PL,2017,2017-11-28T00:00:00,2019-08-29T18:41:00,Encerrado-ILEGALIDADE (ART. 79 REG. INT.)
PL 819/2019,PL,2019,2019-11-29T00:00:00,2021-08-31T18:34:00,Encerrado-PROMULGADO
PL 819/2021,PL,2021,2021-11-29T00:00:00,2025-01-20T14:49:00,Encerrado-TERMINO DE LEGISLATURA (ART. 275 REG. INT.)
PL 82/2014,PL,2014,2014-02-27T00:00:00,2025-03-26T17:07:00,Encerrado-VETO PARCIAL ACEITO
PL 82/2015,PL,2015,2015-03-10T00:00:00,2025-03-26T17:07:00,Encerrado-VETO PARCIAL ACEITO
PL 82/2016,PL,2016,2016-03-08T00:00:00,2021-01-13T14:53:00,Encerrado-TERMINO DE LEGISLATURA (ART. 275 REG. INT.)
PL 82/2017,PL,2017,2017-02-13T00:00:00,2017-07-11T00:00:00,Encerrado-PROMULGADO
PL 82/2018,PL,2018,2018-03-05T00:00:00,2018-05-18T00:00:00,APENSADO
PL 82/2021,PL,2021,2021-02-11T00:00:00,2022-05-03T14:21:00,Encerrado-PROMULGADO
PL 82/2023,PL,2023,2023-03-06T00:00:00,2025-01-09T15:19:00,Encerrado-TERMINO DE LEGISLATURA (ART. 275 REG. INT.)
PL 82/2024,PL,2024,2024-02-09T00:00:00,2025-01-21T16:34:16,Encerrado-TERMINO DE LEGISLATURA (ART. 275 REG. INT.)
PL 82/2025,PL,2025,2025-02-04T00:00:00,2026-01-08T12:20:00,Encerrado-PROMULGADO
PL 820/2019,PL,2019,2019-11-29T00:00:00,2025-01-13T19:22:23,Encerrado-TERMINO DE LEGISLATURA (ART. 275 REG. INT.)
PL 820/2021,PL,2021,2021-11-29T00:00:00,2025-01-14T21:41:20,Encerrado-TERMINO DE LEGISLATURA (ART. 275 REG. INT.)
PL 820/2024,PL,2024,2024-11-27T00:00:00,2025-02-06T14:29:15,Encerrado-TERMINO DE LEGISLATURA (ART. 275 REG. INT.)
PL 821/2013,PL,2013,2013-11-18T00:00:00,2025-01-13T15:06:00,Encerrado-TERMINO DE LEGISLATURA (ART. 275 REG. INT.)
PL 821/2024,PL,2024,2024-11-28T00:00:00,2026-01-20T13:56:00,Encerrado-PROMULGADO
PL 822/2017,PL,2017,2017-11-28T00:00:00,2018-12-13T10:08:00,Encerrado-RETIRADO PELO AUTOR
PL 822/2019,PL,2019,2019-12-03T00:00:00,2021-01-29T18:42:16,Encerrado-TERMINO DE LEGISLATURA (ART. 275 REG. INT.)
PL 823/2013,PL,2013,2013-11-19T00:00:00,2021-01-08T12:25:33,Encerrado-TERMINO DE LEGISLATURA (ART. 275 REG. INT.)
PL 823/2017,PL,2017,2017-11-29T00:00:00,2018-08-28T00:00:00,Encerrado-ILEGALIDADE (ART. 79 REG. INT.)
PL 823/2019,PL,2019,2019-12-03T00:00:00,2026-06-09T11:49:00,Encerrado-PROMULGADO
PL 823/2021,PL,2021,2021-11-29T00:00:00,2023-08-21T16:01:25,Encerrado-RETIRADO PELO AUTOR
PL 823/2024,PL,2024,2024-12-02T00:00:00,2025-01-06T16:05:00,Encerrado-PROMULGADO
PL 823/2025,PL,2025,2025-07-29T00:00:00,2026-09-23T11:17:00,Encerrado-PROMULGADO
PL 824/2017,PL,2017,2017-11-29T00:00:00,2020-01-23T10:30:00,Encerrado-PROMULGADO
PL 824/2019,PL,2019,2019-12-04T00:00:00,2021-01-30T04:24:11,Encerrado-TERMINO DE LEGISLATURA (ART. 275 REG. INT.)
PL 824/2021,PL,2021,2021-11-29T00:00:00,2025-01-14T22:44:41,Encerrado-TERMINO DE LEGISLATURA (ART. 275 REG. INT.)
PL 824/2025,PL,2025,2025-07-29T00:00:00,2026-09-23T11:17:00,Encerrado-PROMULGADO
PL 825/2013,PL,2013,2013-11-19T00:00:00,2017-01-02T16:17:00,Encerrado-TERMINO DE LEGISLATURA (ART. 275 REG. INT.)
PL 825/2017,PL,2017,2017-11-29T00:00:00,2018-09-21T13:32:00,Encerrado-RETIRADO PELO AUTOR
PL 825/2021,PL,2021,2021-11-29T00:00:00,2025-01-14T22:41:11,Encerrado-TERMINO DE LEGISLATURA (ART. 275 REG. INT.)
PL 826/2013,PL,2013,2013-11-19T00:00:00,2017-01-03T16:53:00,Encerrado-TERMINO DE LEGISLATURA (ART. 275 REG. INT.)
PL 826/2019,PL,2019,2019-12-04T00:00:00,2021-08-31T18:34:00,Encerrado-PROMULGADO
PL 826/2021,PL,2021,2021-11-29T00:00:00,2025-01-23T15:16:42,Encerrado-TERMINO DE LEGISLATURA (ART. 275 REG. INT.)
PL 827/2013,PL,2013,2013-11-19T00:00:00,2025-03-26T23:33:00,Encerrado-VETO TOTAL ACEITO
PL 827/2017,PL,2017,2017-11-29T00:00:00,2018-09-20T09:53:00,Encerrado-PROMULGADO
PL 827/2019,PL,2019,2019-12-04T00:00:00,2021-08-31T18:34:00,Encerrado-PROMULGADO
PL 827/2024,PL,2024,2024-12-03T00:00:00,2025-01-06T16:05:00,Encerrado-PROMULGADO
PL 828/2017,PL,2017,2017-11-29T00:00:00,2018-03-05T14:48:00,Encerrado-RETIRADO PELO AUTOR
PL 828/2019,PL,2019,2019-12-04T00:00:00,2021-09-09T15:32:00,Encerrado-PROMULGADO
PL 828/2021,PL,2021,2021-11-30T00:00:00,2025-10-03T17:58:00,Encerrado-PROMULGADO
PL 829/2019,PL,2019,2019-12-05T00:00:00,2025-01-22T14:19:14,Encerrado-TERMINO DE LEGISLATURA (ART. 275 REG. INT.)
PL 829/2025,PL,2025,2025-07-29T00:00:00,2025-08-06T20:59:00,Encerrado-RETIRADO PELO AUTOR
PL 83/2013,PL,2013,2013-03-07T00:00:00,2025-03-24T17:35:00,Encerrado-VETO TOTAL ACEITO
PL 83/2015,PL,2015,2015-03-10T00:00:00,2016-02-03T15:06:55,Encerrado-PROMULGADO
PL 83/2016,PL,2016,2016-03-08T00:00:00,2016-07-13T00:00:00,Encerrado-PROMULGADO
PL 83/2018,PL,2018,2018-03-06T00:00:00,2018-08-02T00:00:00,Encerrado-ILEGALIDADE (ART. 79 REG. INT.)
PL 83/2021,PL,2021,2021-02-12T00:00:00,2021-11-26T10:39:22,Encerrado-RETIRADO PELO AUTOR
PL 83/2022,PL,2022,2022-02-22T00:00:00,2022-03-16T18:47:00,Encerrado-RETIRADO PELO AUTOR
PL 83/2023,PL,2023,2023-03-07T00:00:00,2025-01-08T18:53:00,Encerrado-TERMINO DE LEGISLATURA (ART. 275 REG. INT.)
PL 83/2024,PL,2024,2024-02-09T00:00:00,2025-01-23T01:33:41,Encerrado-TERMINO DE LEGISLATURA (ART. 275 REG. INT.)
PL 830/2019,PL,2019,2019-12-05T00:00:00,2025-01-13T18:59:00,Encerrado-TERMINO DE LEGISLATURA (ART. 275 REG. INT.)
PL 830/2021,PL,2021,2021-12-01T00:00:00,2022-06-21T11:22:09,APENSADO
PL 831/2013,PL,2013,2013-11-21T00:00:00,2016-07-12T00:00:00,Encerrado-PROMULGADO
PL 831/2021,PL,2021,2021-12-01T00:00:00,2022-08-24T15:05:00,Encerrado-PROMULGADO
PL 832/2013,PL,2013,2013-11-22T00:00:00,2021-01-26T18:37:41,Encerrado-TERMINO DE LEGISLATURA (ART. 275 REG. INT.)
PL 832/2017,PL,2017,2017-11-30T00:00:00,2018-03-20T15:52:00,Encerrado-RETIRADO PELO AUTOR
PL 833/2013,PL,2013,2013-11-25T00:00:00,2021-01-14T12:04:00,Encerrado-TERMINO DE LEGISLATURA (ART. 275 REG. INT.)
PL 833/2019,PL,2019,2019-12-06T00:00:00,2025-05-29T19:01:00,Encerrado-VETO TOTAL ACEITO
PL 833/2021,PL,2021,2021-12-02T00:00:00,2025-01-23T15:16:43,Encerrado-TERMINO DE LEGISLATURA (ART. 275 REG. INT.)
PL 834/2013,PL,2013,2013-11-25T00:00:00,2021-01-14T12:04:00,Encerrado-TERMINO DE LEGISLATURA (ART. 275 REG. INT.)
PL 834/2019,PL,2019,2019-12-09T00:00:00,2021-01-30T03:50:08,Encerrado-TERMINO DE LEGISLATURA (ART. 275 REG. INT.)
PL 834/2024,PL,2024,2024-12-10T00:00:00,2025-05-28T12:06:57,Encerrado-RETIRADO PELO AUTOR
PL 835/2021,PL,2021,2021-12-03T00:00:00,2025-11-18T18:10:00,Encerrado-PROMULGADO
PL 835/2024,PL,2024,2024-12-10T00:00:00,2025-01-06T16:05:00,Encerrado-PROMULGADO
PL 836/2013,PL,2013,2013-11-25T00:00:00,2021-01-14T12:04:00,Encerrado-TERMINO DE LEGISLATURA (ART. 275 REG. INT.)
PL 836/2017,PL,2017,2017-12-01T00:00:00,2019-06-25T10:15:00,Encerrado-PROMULGADO
PL 836/2019,PL,2019,2019-12-09T00:00:00,2021-11-11T15:27:00,Encerrado-PROMULGADO
PL 837/2013,PL,2013,2013-11-26T00:00:00,2019-05-13T08:41:00,Encerrado-VETO TOTAL ACEITO
PL 837/2017,PL,2017,2017-12-01T00:00:00,2021-01-13T12:07:00,Encerrado-TERMINO DE LEGISLATURA (ART. 275 REG. INT.)
PL 837/2021,PL,2021,2021-12-03T00:00:00,2025-01-13T16:53:00,Encerrado-TERMINO DE LEGISLATURA (ART. 275 REG. INT.)
PL 837/2024,PL,2024,2024-12-10T00:00:00,2025-01-23T15:58:00,Encerrado-PROMULGADO
PL 838/2013,PL,2013,2013-11-26T00:00:00,2019-04-16T13:04:00,Encerrado-VETO PARCIAL ACEITO
PL 838/2017,PL,2017,2017-12-04T00:00:00,2021-02-02T17:54:00,Encerrado-TERMINO DE LEGISLATURA (ART. 275 REG. INT.)
PL 839/2013,PL,2013,2013-11-26T00:00:00,2017-01-02T16:06:00,Encerrado-TERMINO DE LEGISLATURA (ART. 275 REG. INT.)
PL 839/2019,PL,2019,2019-12-11T00:00:00,2021-01-30T03:50:24,Encerrado-TERMINO DE LEGISLATURA (ART. 275 REG. INT.)
PL 839/2021,PL,2021,2021-12-06T14:43:41,2025-01-14T21:41:18,Encerrado-TERMINO DE LEGISLATURA (ART. 275 REG. INT.)
PL 839/2025,PL,2025,2025-07-30T00:00:00,2025-12-17T11:12:41,APENSADO
PL 84/2018,PL,2018,2018-03-06T00:00:00,2025-01-13T17:50:00,Encerrado-TERMINO DE LEGISLATURA (ART. 275 REG. INT.)
PL 84/2023,PL,2023,2023-03-07T00:00:00,2023-07-21T12:25:00,Encerrado-PROMULGADO
PL 84/2024,PL,2024,2024-02-09T00:00:00,2025-01-21T09:36:00,Encerrado-TERMINO DE LEGISLATURA (ART. 275 REG. INT.)
PL 840/2017,PL,2017,2017-12-05T00:00:00,2018-12-13T10:09:00,Encerrado-RETIRADO PELO AUTOR
PL 840/2019,PL,2019,2019-12-11T00:00:00,2025-01-13T19:22:04,Encerrado-TERMINO DE LEGISLATURA (ART. 275 REG. INT.)
PL 840/2021,PL,2021,2021-12-06T00:00:00,2023-03-09T17:05:00,Encerrado-PROMULGADO
PL 840/2024,PL,2024,2024-12-10T00:00:00,2025-09-30T13:20:21,Encerrado-RETIRADO PELO AUTOR
PL 841/2017,PL,2017,2017-12-06T00:00:00,2021-01-05T13:13:42,Encerrado-TERMINO DE LEGISLATURA (ART. 275 REG. INT.)
PL 841/2019,PL,2019,2019-12-11T00:00:00,2021-01-06T12:16:25,Encerrado-TERMINO DE LEGISLATURA (ART. 275 REG. INT.)
PL 841/2024,PL,2024,2024-12-11T00:00:00,2025-01-20T14:49:00,Encerrado-TERMINO DE LEGISLATURA (ART. 275 REG. INT.)
PL 842/2019,PL,2019,2019-12-12T00:00:00,2022-09-01T15:32:24,Encerrado-RETIRADO PELO AUTOR
PL 842/2021,PL,2021,2021-12-06T00:00:00,2023-06-16T15:04:00,Encerrado-PROMULGADO
PL 842/2024,PL,2024,2024-12-11T00:00:00,2025-01-20T14:49:00,Encerrado-TERMINO DE LEGISLATURA (ART. 275 REG. INT.)
PL 843/2017,PL,2017,2017-12-06T00:00:00,2019-09-05T09:23:00,Encerrado-PROMULGADO
PL 843/2019,PL,2019,2019-12-12T00:00:00,2022-02-15T00:00:00,APENSADO
PL 843/2024,PL,2024,2024-12-11T00:00:00,2025-01-20T14:49:00,Encerrado-TERMINO DE LEGISLATURA (ART. 275 REG. INT.)
PL 844/2013,PL,2013,2013-11-27T00:00:00,2018-03-12T17:48:00,Encerrado-RETIRADO PELO AUTOR
PL 844/2017,PL,2017,2017-12-06T00:00:00,2021-08-13T16:21:00,Encerrado-PROMULGADO
PL 844/2019,PL,2019,2019-12-12T00:00:00,2025-01-22T19:52:14,Encerrado-TERMINO DE LEGISLATURA (ART. 275 REG. INT.)
PL 844/2021,PL,2021,2021-12-07T00:00:00,2024-01-12T13:59:00,Encerrado-PROMULGADO
PL 844/2024,PL,2024,2024-12-11T00:00:00,2025-01-20T16:47:00,Encerrado-TERMINO DE LEGISLATURA (ART. 275 REG. INT.)
PL 845/2017,PL,2017,2017-12-06T00:00:00,2021-08-13T16:21:00,Encerrado-PROMULGADO
PL 845/2021,PL,2021,2021-12-07T00:00:00,2023-08-08T15:08:00,Encerrado-PROMULGADO
PL 845/2024,PL,2024,2024-12-11T00:00:00,2025-01-20T14:49:00,Encerrado-TERMINO DE LEGISLATURA (ART. 275 REG. INT.)
PL 846/2013,PL,2013,2013-11-27T00:00:00,2015-09-24T12:38:00,Encerrado-PROMULGADO
PL 846/2017,PL,2017,2017-12-06T00:00:00,2019-04-08T11:15:00,Encerrado-RETIRADO PELO AUTOR
PL 846/2021,PL,2021,2021-12-08T10:17:21,2025-01-23T15:16:45,Encerrado-TERMINO DE LEGISLATURA (ART. 275 REG. INT.)
PL 848/2013,PL,2013,2013-11-28T00:00:00,2019-05-13T08:27:00,Encerrado-VETO PARCIAL ACEITO
PL 848/2017,PL,2017,2017-12-07T00:00:00,2025-01-13T17:24:00,Encerrado-TERMINO DE LEGISLATURA (ART. 275 REG. INT.)
PL 848/2019,PL,2019,2019-12-17T00:00:00,2021-01-30T03:50:03,Encerrado-TERMINO DE LEGISLATURA (ART. 275 REG. INT.)
PL 848/2021,PL,2021,2021-12-08T14:25:33,2025-01-14T21:25:09,Encerrado-TERMINO DE LEGISLATURA (ART. 275 REG. INT.)
PL 848/2024,PL,2024,2024-12-11T00:00:00,2025-08-07T13:46:01,APENSADO
PL 849/2017,PL,2017,2017-12-07T00:00:00,2025-01-13T17:24:00,Encerrado-TERMINO DE LEGISLATURA (ART. 275 REG. INT.)
PL 849/2019,PL,2019,2019-12-17T00:00:00,2020-12-10T17:27:00,Encerrado-PROMULGADO
PL 849/2021,PL,2021,2021-12-08T00:00:00,2025-01-14T22:30:51,Encerrado-TERMINO DE LEGISLATURA (ART. 275 REG. INT.)
PL 849/2024,PL,2024,2024-12-11T00:00:00,2025-01-20T14:49:00,Encerrado-TERMINO DE LEGISLATURA (ART. 275 REG. INT.)
PL 85/2014,PL,2014,2014-03-06T00:00:00,2015-05-07T00:00:00,Encerrado-PROMULGADO
PL 85/2015,PL,2015,2015-03-10T00:00:00,2017-11-27T00:00:00,Encerrado-ILEGALIDADE (ART. 79 REG. INT.)
PL 85/2016,PL,2016,2016-03-08T00:00:00,2017-05-15T00:00:00,Encerrado-PROMULGADO
PL 85/2017,PL,2017,2017-02-14T00:00:00,2017-11-27T09:19:00,Encerrado-PROMULGADO
PL 85/2018,PL,2018,2018-03-06T00:00:00,2018-11-27T19:52:00,Encerrado-ILEGALIDADE (ART. 79 REG. INT.)
PL 85/2019,PL,2019,2019-02-20T00:00:00,2020-09-09T14:44:00,Encerrado-PROMULGADO
PL 85/2020,PL,2020,2020-02-20T00:00:00,2021-09-13T17:51:00,Encerrado-PROMULGADO
PL 85/2022,PL,2022,2022-02-23T00:00:00,2026-01-05T15:31:00,Encerrado-PROMULGADO
PL 85/2023,PL,2023,2023-03-07T00:00:00,2025-05-21T16:16:00,Encerrado-PROMULGADO
PL 85/2025,PL,2025,2025-02-05T00:00:00,2026-09-22T18:55:10,APENSADO
PL 850/2013,PL,2013,2013-11-28T00:00:00,2017-01-02T18:12:00,Encerrado-TERMINO DE LEGISLATURA (ART. 275 REG. INT.)
PL 850/2017,PL,2017,2017-12-07T00:00:00,2019-12-17T09:04:00,Encerrado-PROMULGADO
PL 850/2019,PL,2019,2019-12-18T00:00:00,2025-03-13T14:36:00,Encerrado-VETO TOTAL ACEITO
PL 850/2021,PL,2021,2021-12-08T00:00:00,2025-01-22T15:24:08,Encerrado-TERMINO DE LEGISLATURA (ART. 275 REG. INT.)
PL 850/2024,PL,2024,2024-12-12T00:00:00,2025-01-20T14:49:00,Encerrado-TERMINO DE LEGISLATURA (ART. 275 REG. INT.)
PL 851/2024,PL,2024,2024-12-12T00:00:00,2025-01-20T14:49:00,Encerrado-TERMINO DE LEGISLATURA (ART. 275 REG. INT.)
PL 852/2013,PL,2013,2013-11-28T00:00:00,2025-01-13T15:06:00,Encerrado-TERMINO DE LEGISLATURA (ART. 275 REG. INT.)
PL 852/2017,PL,2017,2017-12-11T00:00:00,2018-08-30T14:13:00,Encerrado-PROMULGADO
PL 852/2021,PL,2021,2021-12-09T00:00:00,2025-11-18T18:19:00,Encerrado-PROMULGADO
PL 852/2024,PL,2024,2024-12-12T00:00:00,2025-01-20T14:49:00,Encerrado-TERMINO DE LEGISLATURA (ART. 275 REG. INT.)
PL 853/2017,PL,2017,2017-12-11T00:00:00,2021-08-11T14:16:00,Encerrado-RETIRADO PELO AUTOR
PL 853/2021,PL,2021,2021-12-10T00:00:00,2025-01-14T21:32:02,Encerrado-TERMINO DE LEGISLATURA (ART. 275 REG. INT.)
PL 853/2024,PL,2024,2024-12-12T00:00:00,2025-01-20T14:49:00,Encerrado-TERMINO DE LEGISLATURA (ART. 275 REG. INT.)
PL 854/2013,PL,2013,2013-12-02T00:00:00,2025-01-13T15:06:00,Encerrado-TERMINO DE LEGISLATURA (ART. 275 REG. INT.)
PL 854/2017,PL,2017,2017-12-11T00:00:00,2019-06-03T09:55:00,Encerrado-VETO PARCIAL ACEITO
PL 854/2024,PL,2024,2024-12-12T00:00:00,2025-01-20T14:49:00,Encerrado-TERMINO DE LEGISLATURA (ART. 275 REG. INT.)
PL 855/2017,PL,2017,2017-12-11T00:00:00,2021-01-20T17:27:01,Encerrado-TERMINO DE LEGISLATURA (ART. 275 REG. INT.)
PL 855/2021,PL,2021,2021-12-10T00:00:00,2023-04-27T13:57:00,Encerrado-PROMULGADO
PL 855/2024,PL,2024,2024-12-12T00:00:00,2025-01-20T14:49:00,Encerrado-TERMINO DE LEGISLATURA (ART. 275 REG. INT.)
PL 856/2017,PL,2017,2017-12-11T00:00:00,2019-08-22T14:08:00,Encerrado-PROMULGADO
PL 856/2019,PL,2019,2019-12-19T00:00:00,2026-06-10T11:18:00,Encerrado-PROMULGADO
PL 856/2024,PL,2024,2024-12-13T00:00:00,2025-01-20T14:49:00,Encerrado-TERMINO DE LEGISLATURA (ART. 275 REG. INT.)
PL 857/2013,PL,2013,2013-12-03T00:00:00,2017-01-02T16:24:00,Encerrado-TERMINO DE LEGISLATURA (ART. 275 REG. INT.)
PL 857/2017,PL,2017,2017-12-12T00:00:00,2018-08-23T12:51:00,Encerrado-RETIRADO PELO AUTOR
PL 857/2019,PL,2019,2019-12-19T00:00:00,2025-01-21T13:33:05,Encerrado-TERMINO DE LEGISLATURA (ART. 275 REG. INT.)
PL 857/2021,PL,2021,2021-12-13T00:00:00,2022-04-04T14:58:00,Devolução de Regularização
PL 858/2013,PL,2013,2013-12-03T00:00:00,2019-04-15T08:49:00,Encerrado-VETO TOTAL ACEITO
PL 858/2017,PL,2017,2017-12-12T00:00:00,2018-06-15T13:12:00,Encerrado-RETIRADO PELO AUTOR
PL 858/2021,PL,2021,2021-12-13T00:00:00,2022-01-18T18:57:00,Encerrado-PROMULGADO
PL 858/2024,PL,2024,2024-12-17T00:00:00,2025-01-20T14:49:00,Encerrado-TERMINO DE LEGISLATURA (ART. 275 REG. INT.)
PL 859/2017,PL,2017,2017-12-12T00:00:00,2025-01-13T17:24:00,Encerrado-TERMINO DE LEGISLATURA (ART. 275 REG. INT.)
PL 859/2019,PL,2019,2019-12-19T00:00:00,2020-03-11T14:48:00,Encerrado-RETIRADO PELO AUTOR
PL 859/2024,PL,2024,2024-12-17T00:00:00,2025-01-20T14:49:00,Encerrado-TERMINO DE LEGISLATURA (ART. 275 REG. INT.)
PL 86/2014,PL,2014,2014-03-06T00:00:00,2021-01-13T16:03:00,Encerrado-TERMINO DE LEGISLATURA (ART. 275 REG. INT.)
PL 86/2015,PL,2015,2015-03-11T00:00:00,2016-07-25T16:39:41,Encerrado-ARQUIVADO
PL 86/2016,PL,2016,2016-03-08T00:00:00,2016-04-15T16:01:37,Encerrado-RETIRADO PELO AUTOR
PL 86/2017,PL,2017,2017-02-15T00:00:00,2019-10-08T16:09:00,Encerrado-VETO TOTAL ACEITO
PL 86/2018,PL,2018,2018-03-06T00:00:00,2025-01-22T15:17:52,Encerrado-TERMINO DE LEGISLATURA (ART. 275 REG. INT.)
PL 86/2019,PL,2019,2019-02-20T00:00:00,2019-09-06T12:39:00,Encerrado-PROMULGADO
PL 86/2020,PL,2020,2020-02-26T00:00:00,2021-01-29T21:39:28,Encerrado-TERMINO DE LEGISLATURA (ART. 275 REG. INT.)
PL 86/2022,PL,2022,2022-02-23T00:00:00,2023-07-25T18:37:00,Encerrado-ILEGALIDADE (ART. 79 REG. INT.)
PL 86/2023,PL,2023,2023-03-07T00:00:00,2024-02-02T14:37:00,Encerrado-PROMULGADO
PL 86/2024,PL,2024,2024-02-15T00:00:00,2025-01-28T18:05:51,Encerrado-TERMINO DE LEGISLATURA (ART. 275 REG. INT.)
PL 860/2013,PL,2013,2013-12-05T00:00:00,2017-01-02T17:11:00,Encerrado-TERMINO DE LEGISLATURA (ART. 275 REG. INT.)
PL 860/2019,PL,2019,2019-12-19T00:00:00,2021-01-30T03:50:21,Encerrado-TERMINO DE LEGISLATURA (ART. 275 REG. INT.)
PL 860/2024,PL,2024,2024-12-17T00:00:00,2025-01-20T14:49:00,Encerrado-TERMINO DE LEGISLATURA (ART. 275 REG. INT.)
PL 861/2017,PL,2017,2017-12-12T00:00:00,2025-01-22T13:15:50,Encerrado-TERMINO DE LEGISLATURA (ART. 275 REG. INT.)
PL 861/2019,PL,2019,2019-12-19T00:00:00,2021-01-04T12:02:40,Encerrado-TERMINO DE LEGISLATURA (ART. 275 REG. INT.)
PL 861/2024,PL,2024,2024-12-17T00:00:00,2025-01-20T14:49:00,Encerrado-TERMINO DE LEGISLATURA (ART. 275 REG. INT.)
PL 862/2017,PL,2017,2017-12-12T00:00:00,2020-03-19T08:17:00,Encerrado-PROMULGADO
PL 862/2024,PL,2024,2024-12-17T00:00:00,2025-01-20T14:49:00,Encerrado-TERMINO DE LEGISLATURA (ART. 275 REG. INT.)
PL 863/2013,PL,2013,2013-12-10T00:00:00,2019-04-16T12:59:00,Encerrado-VETO PARCIAL ACEITO
PL 863/2019,PL,2019,2019-12-20T00:00:00,2021-01-30T03:50:01,Encerrado-TERMINO DE LEGISLATURA (ART. 275 REG. INT.)
PL 863/2021,PL,2021,2021-12-14T00:00:00,2022-05-09T14:00:00,Encerrado-PROMULGADO
PL 863/2024,PL,2024,2024-12-17T00:00:00,2025-01-20T14:49:00,Encerrado-TERMINO DE LEGISLATURA (ART. 275 REG. INT.)
PL 864/2013,PL,2013,2013-12-10T00:00:00,2021-01-14T12:04:00,Encerrado-TERMINO DE LEGISLATURA (ART. 275 REG. INT.)
PL 864/2019,PL,2019,2019-12-20T00:00:00,2025-01-13T18:59:00,Encerrado-TERMINO DE LEGISLATURA (ART. 275 REG. INT.)
PL 864/2021,PL,2021,2021-12-14T00:00:00,2025-11-18T18:19:00,Encerrado-PROMULGADO
PL 864/2024,PL,2024,2024-12-17T00:00:00,2025-01-20T14:49:00,Encerrado-TERMINO DE LEGISLATURA (ART. 275 REG. INT.)
PL 865/2017,PL,2017,2017-12-13T00:00:00,2018-07-04T12:05:00,Encerrado-PROMULGADO
PL 865/2024,PL,2024,2024-12-17T00:00:00,2025-01-20T14:49:00,Encerrado-TERMINO DE LEGISLATURA (ART. 275 REG. INT.)
PL 866/2021,PL,2021,2021-12-15T00:00:00,2024-07-19T16:11:00,Encerrado-PROMULGADO
PL 866/2024,PL,2024,2024-12-17T00:00:00,2025-01-20T14:49:00,Encerrado-TERMINO DE LEGISLATURA (ART. 275 REG. INT.)
PL 866/2025,PL,2025,2025-08-05T00:00:00,2025-10-16T12:11:00,Encerrado-RETIRADO PELO AUTOR
PL 867/2024,PL,2024,2024-12-17T00:00:00,2025-01-20T14:49:00,Encerrado-TERMINO DE LEGISLATURA (ART. 275 REG. INT.)
PL 868/2017,PL,2017,2017-12-14T00:00:00,2018-08-24T17:02:00,Encerrado-RETIRADO PELO AUTOR
PL 868/2024,PL,2024,2024-12-17T00:00:00,2025-01-20T14:49:00,Encerrado-TERMINO DE LEGISLATURA (ART. 275 REG. INT.)
PL 869/2017,PL,2017,2017-12-14T00:00:00,2019-10-21T11:07:00,Encerrado-PROMULGADO
PL 869/2024,PL,2024,2024-12-17T00:00:00,2025-01-20T14:49:00,Encerrado-TERMINO DE LEGISLATURA (ART. 275 REG. INT.)
PL 87/2014,PL,2014,2014-03-07T00:00:00,2021-01-13T16:03:00,Encerrado-TERMINO DE LEGISLATURA (ART. 275 REG. INT.)
PL 87/2015,PL,2015,2015-03-11T00:00:00,2017-01-03T17:01:00,Encerrado-TERMINO DE LEGISLATURA (ART. 275 REG. INT.)
PL 87/2016,PL,2016,2016-03-09T00:00:00,2016-07-22T15:13:07,Encerrado-ARQUIVADO
PL 87/2017,PL,2017,2017-02-15T00:00:00,2025-05-29T19:01:00,Encerrado-VETO TOTAL ACEITO
PL 87/2019,PL,2019,2019-02-20T00:00:00,2019-05-27T12:21:00,Encerrado-PROMULGADO
PL 87/2020,PL,2020,2020-02-26T00:00:00,2021-01-29T21:39:27,Encerrado-TERMINO DE LEGISLATURA (ART. 275 REG. INT.)
PL 87/2021,PL,2021,2021-02-12T00:00:00,2025-01-14T22:41:14,Encerrado-TERMINO DE LEGISLATURA (ART. 275 REG. INT.)
PL 87/2022,PL,2022,2022-02-23T00:00:00,2025-01-16T22:04:34,Encerrado-TERMINO DE LEGISLATURA (ART. 275 REG. INT.)
PL 87/2023,PL,2023,2023-03-07T00:00:00,2023-04-20T18:51:00,Encerrado-RETIRADO PELO AUTOR
PL 870/2013,PL,2013,2013-12-12T00:00:00,2015-04-22T00:00:00,Encerrado-PROMULGADO
PL 870/2024,PL,2024,2024-12-17T00:00:00,2025-01-20T14:49:00,Encerrado-TERMINO DE LEGISLATURA (ART. 275 REG. INT.)
PL 871/2024,PL,2024,2024-12-17T00:00:00,2025-01-20T14:49:00,Encerrado-TERMINO DE LEGISLATURA (ART. 275 REG. INT.)
PL 872/2013,PL,2013,2013-12-12T00:00:00,2017-01-02T16:06:00,Encerrado-TERMINO DE LEGISLATURA (ART. 275 REG. INT.)
PL 872/2021,PL,2021,2021-12-17T00:00:00,2023-03-09T17:05:00,Encerrado-PROMULGADO
PL 872/2024,PL,2024,2024-12-17T00:00:00,2025-01-20T14:49:00,Encerrado-TERMINO DE LEGISLATURA (ART. 275 REG. INT.)
PL 873/2021,PL,2021,2021-12-17T00:00:00,2023-03-31T17:18:00,Encerrado-PROMULGADO
PL 873/2024,PL,2024,2024-12-17T00:00:00,2025-01-20T14:49:00,Encerrado-TERMINO DE LEGISLATURA (ART. 275 REG. INT.)
PL 874/2017,PL,2017,2017-12-14T00:00:00,2018-08-02T00:00:00,Encerrado-ILEGALIDADE (ART. 79 REG. INT.)
PL 874/2024,PL,2024,2024-12-17T00:00:00,2025-01-20T14:49:00,Encerrado-TERMINO DE LEGISLATURA (ART. 275 REG. INT.)
PL 875/2021,PL,2021,2021-12-17T00:00:00,2023-07-21T12:25:00,Encerrado-PROMULGADO
PL 875/2024,PL,2024,2024-12-17T00:00:00,2025-01-20T14:49:00,Encerrado-TERMINO DE LEGISLATURA (ART. 275 REG. INT.)
PL 875/2025,PL,2025,2025-08-06T00:00:00,2025-12-17T13:43:00,APENSADO
PL 876/2017,PL,2017,2017-12-15T00:00:00,2025-01-13T17:24:00,Encerrado-TERMINO DE LEGISLATURA (ART. 275 REG. INT.)
PL 876/2021,PL,2021,2021-12-17T00:00:00,2025-01-23T15:16:49,Encerrado-TERMINO DE LEGISLATURA (ART. 275 REG. INT.)
PL 876/2024,PL,2024,2024-12-17T00:00:00,2025-01-20T14:49:00,Encerrado-TERMINO DE LEGISLATURA (ART. 275 REG. INT.)
PL 877/2013,PL,2013,2013-12-16T00:00:00,2019-06-03T09:56:00,Encerrado-VETO PARCIAL ACEITO
PL 877/2017,PL,2017,2017-12-18T00:00:00,2018-07-13T12:50:00,Encerrado-PROMULGADO
PL 877/2024,PL,2024,2024-12-17T00:00:00,2025-01-20T14:49:00,Encerrado-TERMINO DE LEGISLATURA (ART. 275 REG. INT.)
PL 878/2017,PL,2017,2017-12-19T00:00:00,2021-01-20T17:42:38,Encerrado-TERMINO DE LEGISLATURA (ART. 275 REG. INT.)
PL 878/2024,PL,2024,2024-12-17T00:00:00,2025-01-20T14:49:00,Encerrado-TERMINO DE LEGISLATURA (ART. 275 REG. INT.)
PL 879/2017,PL,2017,2017-12-28T00:00:00,2021-08-11T14:16:00,Encerrado-RETIRADO PELO AUTOR
PL 879/2024,PL,2024,2024-12-17T00:00:00,2025-01-20T14:49:00,Encerrado-TERMINO DE LEGISLATURA (ART. 275 REG. INT.)
PL 88/2015,PL,2015,2015-03-12T00:00:00,2018-01-18T17:25:00,Encerrado-PROMULGADO
PL 88/2016,PL,2016,2016-03-10T00:00:00,2017-04-19T16:44:00,Encerrado-PROMULGADO
PL 88/2017,PL,2017,2017-02-15T00:00:00,2021-01-04T15:00:39,Encerrado-TERMINO DE LEGISLATURA (ART. 275 REG. INT.)
PL 88/2018,PL,2018,2018-03-06T00:00:00,2019-01-31T09:46:00,Encerrado-PROMULGADO
PL 88/2019,PL,2019,2019-02-21T00:00:00,2019-09-26T00:00:00,APENSADO
PL 88/2020,PL,2020,2020-02-26T00:00:00,2021-01-29T21:39:25,Encerrado-TERMINO DE LEGISLATURA (ART. 275 REG. INT.)
PL 88/2021,PL,2021,2021-02-12T00:00:00,2024-09-11T18:00:00,Encerrado-PROMULGADO
PL 88/2022,PL,2022,2022-02-23T00:00:00,2025-01-16T22:04:33,Encerrado-TERMINO DE LEGISLATURA (ART. 275 REG. INT.)
PL 880/2024,PL,2024,2024-12-17T00:00:00,2025-01-20T14:49:00,Encerrado-TERMINO DE LEGISLATURA (ART. 275 REG. INT.)
PL 881/2024,PL,2024,2024-12-17T00:00:00,2025-01-29T11:48:00,Encerrado-TERMINO DE LEGISLATURA (ART. 275 REG. INT.)
PL 881/2025,PL,2025,2025-08-07T00:00:00,2025-10-20T17:17:42,Encerrado-RETIRADO PELO AUTOR
PL 882/2024,PL,2024,2024-12-17T00:00:00,2025-01-29T11:48:00,Encerrado-TERMINO DE LEGISLATURA (ART. 275 REG. INT.)
PL 883/2024,PL,2024,2024-12-17T00:00:00,2025-01-29T11:48:00,Encerrado-TERMINO DE LEGISLATURA (ART. 275 REG. INT.)
PL 884/2024,PL,2024,2024-12-17T00:00:00,2025-01-29T11:48:00,Encerrado-TERMINO DE LEGISLATURA (ART. 275 REG. INT.)
PL 885/2024,PL,2024,2024-12-17T00:00:00,2025-01-29T11:48:00,Encerrado-TERMINO DE LEGISLATURA (ART. 275 REG. INT.)
PL 886/2013,PL,2013,2013-12-17T00:00:00,2021-01-14T12:04:00,Encerrado-TERMINO DE LEGISLATURA (ART. 275 REG. INT.)
PL 886/2024,PL,2024,2024-12-17T00:00:00,2025-01-29T11:48:00,Encerrado-TERMINO DE LEGISLATURA (ART. 275 REG. INT.)
PL 887/2024,PL,2024,2024-12-17T00:00:00,2025-01-29T11:48:00,Encerrado-TERMINO DE LEGISLATURA (ART. 275 REG. INT.)
PL 888/2013,PL,2013,2013-12-17T00:00:00,2025-03-26T17:07:00,Encerrado-VETO PARCIAL ACEITO
PL 888/2024,PL,2024,2024-12-17T00:00:00,2025-01-29T11:48:00,Encerrado-TERMINO DE LEGISLATURA (ART. 275 REG. INT.)
PL 888/2025,PL,2025,2025-08-07T00:00:00,2026-06-25T11:31:00,Encerrado-PROMULGADO
PL 889/2024,PL,2024,2024-12-17T00:00:00,2025-01-29T11:48:00,Encerrado-TERMINO DE LEGISLATURA (ART. 275 REG. INT.)
PL 89/2014,PL,2014,2014-03-10T00:00:00,2020-01-23T10:27:00,Encerrado-PROMULGADO
PL 89/2015,PL,2015,2015-03-12T00:00:00,2018-02-02T09:56:00,Encerrado-PROMULGADO
PL 89/2016,PL,2016,2016-03-10T00:00:00,2025-01-13T16:08:00,Encerrado-TERMINO DE LEGISLATURA (ART. 275 REG. INT.)
PL 89/2017,PL,2017,2017-02-16T00:00:00,2017-05-24T15:37:00,Encerrado-PROMULGADO
PL 89/2018,PL,2018,2018-03-07T00:00:00,2021-01-04T13:29:45,Encerrado-TERMINO DE LEGISLATURA (ART. 275 REG. INT.)
PL 89/2020,PL,2020,2020-02-26T00:00:00,2021-11-11T17:28:00,Encerrado-PROMULGADO
PL 89/2021,PL,2021,2021-02-12T00:00:00,2025-01-14T22:02:13,Encerrado-TERMINO DE LEGISLATURA (ART. 275 REG. INT.)
PL 89/2022,PL,2022,2022-02-23T00:00:00,2024-04-04T11:55:00,Encerrado-ILEGALIDADE (ART. 79 REG. INT.)
PL 89/2024,PL,2024,2024-02-15T00:00:00,2024-07-22T16:59:00,Encerrado-PROMULGADO
PL 890/2013,PL,2013,2013-12-18T00:00:00,2015-08-26T00:00:00,Encerrado-PROMULGADO
PL 890/2024,PL,2024,2024-12-17T00:00:00,2025-01-29T11:48:00,Encerrado-TERMINO DE LEGISLATURA (ART. 275 REG. INT.)
PL 891/2013,PL,2013,2013-12-18T00:00:00,2025-05-22T20:12:00,Encerrado-VETO TOTAL ACEITO
PL 891/2024,PL,2024,2024-12-17T00:00:00,2025-01-29T11:48:00,Encerrado-TERMINO DE LEGISLATURA (ART. 275 REG. INT.)
PL 894/2013,PL,2013,2013-12-18T00:00:00,2017-01-02T16:06:00,Encerrado-TERMINO DE LEGISLATURA (ART. 275 REG. INT.)
PL 896/2013,PL,2013,2013-12-18T00:00:00,2021-01-08T12:25:28,Encerrado-TERMINO DE LEGISLATURA (ART. 275 REG. INT.)
PL 897/2013,PL,2013,2013-12-18T00:00:00,2017-01-03T16:53:00,Encerrado-TERMINO DE LEGISLATURA (ART. 275 REG. INT.)
PL 897/2025,PL,2025,2025-08-08T00:00:00,2026-07-17T17:34:23,APENSADO
PL 899/2013,PL,2013,2013-12-19T00:00:00,2021-01-26T18:37:47,Encerrado-TERMINO DE LEGISLATURA (ART. 275 REG. INT.)
PL 9/2015,PL,2015,2014-12-19T00:00:00,2015-10-26T00:00:00,Encerrado-PROMULGADO
PL 9/2016,PL,2016,2016-01-20T00:00:00,2019-10-08T15:44:00,Encerrado-VETO TOTAL ACEITO
PL 9/2017,PL,2017,2017-01-10T00:00:00,2025-05-29T19:01:00,Encerrado-VETO TOTAL ACEITO
PL 9/2023,PL,2023,2023-01-18T00:00:00,2023-05-05T14:48:00,Encerrado-PROMULGADO
PL 9/2024,PL,2024,2024-01-15T00:00:00,2024-09-11T18:00:00,Encerrado-PROMULGADO
PL 90/2014,PL,2014,2014-03-10T00:00:00,2015-09-24T12:39:35,Encerrado-PROMULGADO
PL 90/2015,PL,2015,2015-03-12T00:00:00,2025-03-26T23:33:00,Encerrado-VETO TOTAL ACEITO
PL 90/2017,PL,2017,2017-02-16T00:00:00,2017-05-24T15:35:00,Encerrado-PROMULGADO
PL 90/2019,PL,2019,2019-02-21T00:00:00,2019-06-18T14:43:00,Encerrado-ILEGALIDADE (ART. 79 REG. INT.)
PL 90/2020,PL,2020,2020-02-27T00:00:00,2021-01-13T17:07:46,Encerrado-TERMINO DE LEGISLATURA (ART. 275 REG. INT.)
PL 90/2022,PL,2022,2022-02-23T00:00:00,2025-01-13T15:49:00,Encerrado-TERMINO DE LEGISLATURA (ART. 275 REG. INT.)
PL 90/2023,PL,2023,2023-03-07T00:00:00,2024-02-22T11:29:13,Encerrado-RETIRADO PELO AUTOR
PL 901/2013,PL,2013,2013-12-20T00:00:00,2017-05-02T15:11:00,Encerrado-PROMULGADO
PL 902/2013,PL,2013,2013-12-20T00:00:00,2017-11-06T09:22:00,Encerrado-PROMULGADO
PL 903/2024,PL,2024,2024-12-20T00:00:00,2025-12-17T11:04:56,APENSADO
PL 905/2024,PL,2024,2024-12-20T00:00:00,2025-01-29T11:48:00,Encerrado-TERMINO DE LEGISLATURA (ART. 275 REG. INT.)
PL 906/2024,PL,2024,2024-12-20T00:00:00,2025-01-29T11:48:00,Encerrado-TERMINO DE LEGISLATURA (ART. 275 REG. INT.)
PL 907/2013,PL,2013,2013-12-20T00:00:00,2017-05-26T18:26:00,Encerrado-RETIRADO PELO AUTOR
PL 908/2013,PL,2013,2013-12-20T00:00:00,2019-11-04T09:46:00,Encerrado-PROMULGADO
PL 91/2015,PL,2015,2015-03-12T00:00:00,2015-08-03T00:00:00,Encerrado-PROMULGADO
PL 91/2016,PL,2016,2016-03-10T00:00:00,2017-01-02T10:00:00,Encerrado-TERMINO DE LEGISLATURA (ART. 275 REG. INT.)
PL 91/2017,PL,2017,2017-02-16T00:00:00,2025-01-13T16:29:00,Encerrado-TERMINO DE LEGISLATURA (ART. 275 REG. INT.)
PL 91/2018,PL,2018,2018-03-07T00:00:00,2021-01-05T13:14:02,Encerrado-TERMINO DE LEGISLATURA (ART. 275 REG. INT.)
PL 91/2019,PL,2019,2019-02-22T00:00:00,2025-01-13T19:08:00,Encerrado-TERMINO DE LEGISLATURA (ART. 275 REG. INT.)
PL 91/2020,PL,2020,2020-02-27T00:00:00,2021-11-03T17:13:00,Encerrado-PROMULGADO
PL 91/2021,PL,2021,2021-02-15T00:00:00,2025-12-09T22:27:00,Encerrado-PROMULGADO
PL 91/2022,PL,2022,2022-02-23T00:00:00,2025-01-16T22:04:32,Encerrado-TERMINO DE LEGISLATURA (ART. 275 REG. INT.)
PL 91/2023,PL,2023,2023-03-07T00:00:00,2024-02-22T11:29:11,Encerrado-RETIRADO PELO AUTOR
PL 91/2024,PL,2024,2024-02-16T00:00:00,2024-07-30T15:25:57,APENSADO
PL 91/2025,PL,2025,2025-02-05T00:00:00,2025-12-17T13:28:13,APENSADO
PL 910/2025,PL,2025,2025-08-12T00:00:00,2026-07-17T17:31:21,APENSADO
PL 911/2013,PL,2013,2013-12-20T00:00:00,2025-03-12T14:23:00,Encerrado-VETO TOTAL ACEITO
PL 913/2013,PL,2013,2013-12-20T00:00:00,2015-12-02T17:06:20,Encerrado-PROMULGADO
PL 915/2025,PL,2025,2025-08-12T00:00:00,2026-07-17T17:30:58,APENSADO
PL 916/2025,PL,2025,2025-08-12T00:00:00,2026-07-17T17:30:28,APENSADO
PL 92/2015,PL,2015,2015-03-13T00:00:00,2025-05-22T19:36:00,Encerrado-VETO TOTAL ACEITO
PL 92/2016,PL,2016,2016-03-11T00:00:00,2017-01-04T16:07:00,Encerrado-TERMINO DE LEGISLATURA (ART. 275 REG. INT.)
PL 92/2017,PL,2017,2017-02-16T00:00:00,2021-08-13T16:21:00,Encerrado-PROMULGADO
PL 92/2018,PL,2018,2018-03-07T00:00:00,2018-10-16T10:56:00,Encerrado-ARQUIVADO
PL 92/2022,PL,2022,2022-02-24T00:00:00,2022-07-08T19:02:53,APENSADO
PL 92/2023,PL,2023,2023-03-08T00:00:00,2024-02-09T18:25:00,Encerrado-PROMULGADO
PL 92/2024,PL,2024,2024-02-16T00:00:00,2025-05-21T16:16:00,Encerrado-PROMULGADO
PL 921/2025,PL,2025,2025-08-12T00:00:00,2026-07-17T17:29:52,APENSADO
PL 93/2013,PL,2013,2013-03-08T00:00:00,2025-01-13T14:05:00,Encerrado-TERMINO DE LEGISLATURA (ART. 275 REG. INT.)
PL 93/2014,PL,2014,2014-03-11T00:00:00,2015-11-13T00:00:00,Encerrado-RETIRADO PELO AUTOR
PL 93/2015,PL,2015,2015-03-16T00:00:00,2015-05-22T16:36:26,Encerrado-RETIRADO PELO AUTOR
PL 93/2016,PL,2016,2016-03-11T00:00:00,2019-01-16T13:07:00,Encerrado-PROMULGADO
PL 93/2018,PL,2018,2018-03-07T00:00:00,2018-10-16T10:57:00,Encerrado-ARQUIVADO
PL 93/2019,PL,2019,2019-02-22T00:00:00,2025-01-13T19:08:00,Encerrado-TERMINO DE LEGISLATURA (ART. 275 REG. INT.)
PL 93/2022,PL,2022,2022-02-24T00:00:00,2025-06-03T11:56:00,Encerrado-PROMULGADO
PL 93/2023,PL,2023,2023-03-08T00:00:00,2025-01-27T19:54:12,Encerrado-TERMINO DE LEGISLATURA (ART. 275 REG. INT.)
PL 93/2024,PL,2024,2024-02-16T00:00:00,2025-01-23T01:33:40,Encerrado-TERMINO DE LEGISLATURA (ART. 275 REG. INT.)
PL 932/2025,PL,2025,2025-08-13T00:00:00,2025-08-20T16:24:00,Encerrado-RETIRADO PELO AUTOR
PL 94/2013,PL,2013,2013-03-11T00:00:00,2019-04-18T10:02:00,Encerrado-VETO TOTAL ACEITO
PL 94/2014,PL,2014,2014-03-11T00:00:00,2021-01-13T16:03:00,Encerrado-TERMINO DE LEGISLATURA (ART. 275 REG. INT.)
PL 94/2016,PL,2016,2016-03-15T00:00:00,2019-10-08T15:44:00,Encerrado-VETO TOTAL ACEITO
PL 94/2017,PL,2017,2017-02-16T00:00:00,2025-05-29T19:01:00,Encerrado-VETO TOTAL ACEITO
PL 94/2018,PL,2018,2018-03-08T00:00:00,2025-01-22T15:17:51,Encerrado-TERMINO DE LEGISLATURA (ART. 275 REG. INT.)
PL 94/2019,PL,2019,2019-02-22T00:00:00,2019-10-22T19:13:00,Encerrado-ILEGALIDADE (ART. 79 REG. INT.)
PL 94/2020,PL,2020,2020-02-28T00:00:00,2025-03-13T14:36:00,Encerrado-VETO TOTAL ACEITO
PL 94/2021,PL,2021,2021-02-17T00:00:00,2023-08-21T16:01:21,Encerrado-RETIRADO PELO AUTOR
PL 94/2022,PL,2022,2022-02-24T00:00:00,2022-03-02T19:05:00,Encerrado-RETIRADO PELO AUTOR
PL 94/2023,PL,2023,2023-03-08T00:00:00,2026-09-22T19:01:25,APENSADO
PL 943/2025,PL,2025,2025-08-18T00:00:00,2026-09-22T11:12:30,APENSADO
PL 95/2013,PL,2013,2013-03-11T00:00:00,2019-04-16T12:18:00,Encerrado-VETO PARCIAL ACEITO
PL 95/2014,PL,2014,2014-03-12T00:00:00,2021-01-13T16:03:00,Encerrado-TERMINO DE LEGISLATURA (ART. 275 REG. INT.)
PL 95/2015,PL,2015,2015-03-16T00:00:00,2015-04-24T17:27:01,Encerrado-RETIRADO PELO AUTOR
PL 95/2016,PL,2016,2016-03-14T00:00:00,2017-05-18T12:00:00,Encerrado-ILEGALIDADE (ART. 79 REG. INT.)
PL 95/2017,PL,2017,2017-02-16T00:00:00,2018-05-09T09:12:00,Encerrado-PROMULGADO
PL 95/2018,PL,2018,2018-03-09T00:00:00,2018-07-19T12:26:00,Encerrado-RETIRADO PELO AUTOR
PL 95/2019,PL,2019,2019-02-22T00:00:00,2019-07-01T18:47:00,Encerrado-ILEGALIDADE (ART. 79 REG. INT.)
PL 95/2022,PL,2022,2022-02-24T00:00:00,2024-01-08T17:50:00,Encerrado-PROMULGADO
PL 95/2023,PL,2023,2023-03-08T00:00:00,2026-03-04T10:51:00,Encerrado-PROMULGADO
PL 95/2025,PL,2025,2025-02-05T00:00:00,2025-11-28T15:31:00,Encerrado-ILEGALIDADE (ART. 79 REG. INT.)
PL 96/2014,PL,2014,2014-03-12T00:00:00,2021-01-13T16:03:00,Encerrado-TERMINO DE LEGISLATURA (ART. 275 REG. INT.)
PL 96/2015,PL,2015,2015-03-17T00:00:00,2017-01-03T17:01:00,Encerrado-TERMINO DE LEGISLATURA (ART. 275 REG. INT.)
PL 96/2017,PL,2017,2017-02-16T00:00:00,2019-01-16T13:07:00,Encerrado-PROMULGADO
PL 96/2020,PL,2020,2020-02-28T00:00:00,2021-01-29T21:39:33,Encerrado-TERMINO DE LEGISLATURA (ART. 275 REG. INT.)
PL 96/2024,PL,2024,2024-02-16T00:00:00,2024-07-30T15:18:54,APENSADO
PL 962/2025,PL,2025,2025-08-20T00:00:00,2026-07-16T18:42:00,Encerrado-PROMULGADO
PL 97/2013,PL,2013,2013-03-12T00:00:00,2019-06-05T09:22:00,Encerrado-VETO TOTAL ACEITO
PL 97/2014,PL,2014,2014-03-12T00:00:00,2016-02-03T15:06:11,Encerrado-PROMULGADO
PL 97/2015,PL,2015,2015-03-17T00:00:00,2016-03-30T00:00:00,Encerrado-PROMULGADO
PL 97/2016,PL,2016,2016-03-15T00:00:00,2016-09-26T12:30:54,Encerrado-PROMULGADO
PL 97/2017,PL,2017,2017-02-17T00:00:00,2018-05-24T09:42:00,Encerrado-PROMULGADO
PL 97/2020,PL,2020,2020-02-28T00:00:00,2022-05-09T14:00:00,Encerrado-PROMULGADO
PL 97/2022,PL,2022,2022-02-24T00:00:00,2025-01-13T15:49:00,Encerrado-TERMINO DE LEGISLATURA (ART. 275 REG. INT.)
PL 97/2024,PL,2024,2024-02-16T00:00:00,2025-01-23T02:00:42,Encerrado-TERMINO DE LEGISLATURA (ART. 275 REG. INT.)
PL 97/2025,PL,2025,2025-02-05T00:00:00,2025-09-09T17:15:00,Encerrado-PROMULGADO
PL 98/2013,PL,2013,2013-03-12T00:00:00,2017-01-23T16:10:00,Encerrado-TERMINO DE LEGISLATURA (ART. 275 REG. INT.)
PL 98/2014,PL,2014,2014-03-13T00:00:00,2017-01-04T13:30:00,Encerrado-TERMINO DE LEGISLATURA (ART. 275 REG. INT.)
PL 98/2015,PL,2015,2015-03-17T00:00:00,2017-01-02T10:00:00,Encerrado-TERMINO DE LEGISLATURA (ART. 275 REG. INT.)
PL 98/2016,PL,2016,2016-03-15T00:00:00,2016-07-05T17:48:12,Encerrado-PROMULGADO
PL 98/2017,PL,2017,2017-02-17T00:00:00,2018-06-11T11:42:00,Encerrado-PROMULGADO
PL 98/2019,PL,2019,2019-02-26T00:00:00,2020-06-02T11:10:00,Encerrado-PROMULGADO
PL 98/2020,PL,2020,2020-02-28T00:00:00,2020-03-11T14:48:00,Encerrado-RETIRADO PELO AUTOR
PL 98/2023,PL,2023,2023-03-09T00:00:00,2023-04-20T18:54:00,Encerrado-RETIRADO PELO AUTOR
PL 985/2025,PL,2025,2025-08-26T00:00:00,2026-09-29T11:27:00,Encerrado-PROMULGADO
PL 99/2013,PL,2013,2013-03-12T00:00:00,2017-01-23T16:10:00,Encerrado-TERMINO DE LEGISLATURA (ART. 275 REG. INT.)
PL 99/2014,PL,2014,2014-03-13T00:00:00,2015-06-02T14:06:30,Encerrado-PROMULGADO
PL 99/2015,PL,2015,2015-03-18T00:00:00,2016-05-04T00:00:00,Encerrado-PROMULGADO
PL 99/2017,PL,2017,2017-02-20T00:00:00,2017-05-24T15:38:00,Encerrado-PROMULGADO
PL 99/2018,PL,2018,2018-03-13T00:00:00,2019-06-26T11:11:00,Encerrado-PROMULGADO
PL 99/2019,PL,2019,2019-02-26T00:00:00,2020-02-06T11:39:00,Encerrado-PROMULGADO
PL 99/2020,PL,2020,2020-02-28T00:00:00,2022-01-14T17:37:00,Encerrado-ILEGALIDADE (ART. 79 REG. INT.)
PL 99/2021,PL,2021,2021-02-22T00:00:00,2021-03-18T12:58:00,Encerrado-RETIRADO PELO AUTOR
PL 99/2023,PL,2023,2023-03-10T00:00:00,2024-05-14T14:22:21,Encerrado-RETIRADO PELO AUTOR
PL 99/2024,PL,2024,2024-02-16T00:00:00,2025-01-23T02:00:41,Encerrado-TERMINO DE LEGISLATURA (ART. 275 REG. INT.)
PLO 1/2017,PLO,2017,2017-03-29T00:00:00,2021-01-07T16:51:00,Encerrado-TERMINO DE LEGISLATURA (ART. 275 REG. INT.)
PLO 1/2018,PLO,2018,2018-02-06T00:00:00,2021-01-07T16:51:00,Encerrado-TERMINO DE LEGISLATURA (ART. 275 REG. INT.)
PLO 1/2019,PLO,2019,2019-04-24T00:00:00,2025-01-13T14:10:41,Encerrado-TERMINO DE LEGISLATURA (ART. 275 REG. INT.)
PLO 1/2022,PLO,2022,2022-02-23T00:00:00,2023-07-25T18:34:00,Encerrado-ILEGALIDADE (ART. 79 REG. INT.)
PLO 1/2024,PLO,2024,2024-03-05T00:00:00,2025-01-21T22:23:18,Encerrado-TERMINO DE LEGISLATURA (ART. 275 REG. INT.)
PLO 10/2018,PLO,2018,2018-11-13T00:00:00,2025-01-10T17:49:49,Encerrado-TERMINO DE LEGISLATURA (ART. 275 REG. INT.)
PLO 11/2018,PLO,2018,2018-11-13T00:00:00,2025-01-08T19:03:00,Encerrado-TERMINO DE LEGISLATURA (ART. 275 REG. INT.)
PLO 11/2021,PLO,2021,2021-12-14T00:00:00,2025-01-21T17:31:31,Encerrado-TERMINO DE LEGISLATURA (ART. 275 REG. INT.)
PLO 2/2014,PLO,2014,2014-06-04T00:00:00,2017-01-02T17:33:00,Encerrado-TERMINO DE LEGISLATURA (ART. 275 REG. INT.)
PLO 2/2016,PLO,2016,2016-12-14T00:00:00,2017-01-02T17:33:00,Encerrado-TERMINO DE LEGISLATURA (ART. 275 REG. INT.)
PLO 2/2017,PLO,2017,2017-05-16T00:00:00,2025-01-08T19:03:00,Encerrado-TERMINO DE LEGISLATURA (ART. 275 REG. INT.)
PLO 2/2022,PLO,2022,2022-04-06T00:00:00,2024-05-02T17:06:04,Encerrado-RETIRADO PELO AUTOR
PLO 2/2023,PLO,2023,2023-07-26T00:00:00,2025-01-21T13:31:21,Encerrado-TERMINO DE LEGISLATURA (ART. 275 REG. INT.)
PLO 3/2013,PLO,2013,2013-04-09T00:00:00,2017-01-06T12:54:00,Encerrado-TERMINO DE LEGISLATURA (ART. 275 REG. INT.)
PLO 3/2015,PLO,2015,2015-05-21T00:00:00,2018-09-19T00:00:00,Encerrado-PROMULGADO
PLO 3/2017,PLO,2017,2017-05-16T00:00:00,2025-01-08T19:03:00,Encerrado-TERMINO DE LEGISLATURA (ART. 275 REG. INT.)
PLO 3/2021,PLO,2021,2021-04-08T00:00:00,2025-01-28T18:01:15,Encerrado-TERMINO DE LEGISLATURA (ART. 275 REG. INT.)
PLO 3/2022,PLO,2022,2022-04-11T00:00:00,2024-04-04T11:55:00,Encerrado-ILEGALIDADE (ART. 79 REG. INT.)
PLO 4/2014,PLO,2014,2014-07-18T00:00:00,2018-09-19T00:00:00,Encerrado-PROMULGADO
PLO 4/2015,PLO,2015,2015-08-19T00:00:00,2017-08-17T13:22:00,Encerrado-CONTRARIO NO MERITO (ART. 80 REG. INT.)
PLO 4/2017,PLO,2017,2017-08-23T00:00:00,2019-09-12T14:20:00,Encerrado-ILEGALIDADE (ART. 79 REG. INT.)
PLO 4/2018,PLO,2018,2018-04-11T00:00:00,2021-01-08T19:48:21,Encerrado-TERMINO DE LEGISLATURA (ART. 275 REG. INT.)
PLO 4/2019,PLO,2019,2019-08-01T00:00:00,2020-02-17T18:02:00,Encerrado-ILEGALIDADE (ART. 79 REG. INT.)
PLO 4/2022,PLO,2022,2022-11-22T00:00:00,2025-01-13T14:10:43,Encerrado-TERMINO DE LEGISLATURA (ART. 275 REG. INT.)
PLO 5/2013,PLO,2013,2013-06-18T00:00:00,2021-01-07T16:51:00,Encerrado-TERMINO DE LEGISLATURA (ART. 275 REG. INT.)
PLO 5/2015,PLO,2015,2015-09-16T00:00:00,2021-01-07T16:51:00,Encerrado-TERMINO DE LEGISLATURA (ART. 275 REG. INT.)
PLO 5/2017,PLO,2017,2017-09-13T00:00:00,2018-04-13T15:44:00,Encerrado-RETIRADO PELO AUTOR
PLO 5/2018,PLO,2018,2018-04-11T00:00:00,2021-01-07T16:51:00,Encerrado-TERMINO DE LEGISLATURA (ART. 275 REG. INT.)
PLO 5/2019,PLO,2019,2019-09-04T00:00:00,2025-01-08T19:03:00,Encerrado-TERMINO DE LEGISLATURA (ART. 275 REG. INT.)
PLO 5/2021,PLO,2021,2021-06-23T00:00:00,2024-02-28T13:37:48,APENSADO
PLO 6/2015,PLO,2015,2015-11-03T00:00:00,2021-01-18T15:25:00,Devolução de Regularização
PLO 6/2017,PLO,2017,2017-12-07T00:00:00,2025-01-08T19:03:00,Encerrado-TERMINO DE LEGISLATURA (ART. 275 REG. INT.)
PLO 6/2018,PLO,2018,2018-04-11T00:00:00,2019-04-17T19:16:00,Encerrado-RETIRADO PELO AUTOR
PLO 6/2021,PLO,2021,2021-09-16T00:00:00,2023-11-24T19:06:23,Encerrado-RETIRADO PELO AUTOR
PLO 7/2013,PLO,2013,2013-08-20T00:00:00,2025-01-08T19:03:00,Encerrado-TERMINO DE LEGISLATURA (ART. 275 REG. INT.)
PLO 7/2017,PLO,2017,2017-12-12T00:00:00,2025-01-08T19:03:00,Encerrado-TERMINO DE LEGISLATURA (ART. 275 REG. INT.)
PLO 7/2018,PLO,2018,2018-05-16T00:00:00,2021-01-07T16:51:00,Encerrado-TERMINO DE LEGISLATURA (ART. 275 REG. INT.)
PLO 7/2021,PLO,2021,2021-09-23T00:00:00,2022-02-09T19:36:00,Encerrado-PROMULGADO
PLO 8/2017,PLO,2017,2017-12-14T00:00:00,2025-07-10T17:24:00,Encerrado-PROMULGADO
PLO 9/2018,PLO,2018,2018-10-05T00:00:00,2019-03-25T17:17:00,Encerrado-ILEGALIDADE (ART. 79 REG. INT.)
PLO 9/2021,PLO,2021,2021-11-17T00:00:00,2025-01-08T19:03:00,Encerrado-TERMINO DE LEGISLATURA (ART. 275 REG. INT.)
PR 1/2015,PR,2015,2015-01-08T00:00:00,2017-01-05T13:48:00,Encerrado-TERMINO DE LEGISLATURA (ART. 275 REG. INT.)
PR 1/2016,PR,2016,2016-02-26T00:00:00,2017-01-02T10:00:00,Encerrado-TERMINO DE LEGISLATURA (ART. 275 REG. INT.)
PR 1/2017,PR,2017,2017-01-02T00:00:00,2018-09-19T00:00:00,Encerrado-PROMULGADO
PR 1/2018,PR,2018,2018-02-21T00:00:00,2021-01-11T17:00:00,Encerrado-TERMINO DE LEGISLATURA (ART. 275 REG. INT.)
PR 1/2019,PR,2019,2019-02-15T00:00:00,2021-01-13T16:46:18,Encerrado-TERMINO DE LEGISLATURA (ART. 275 REG. INT.)
PR 1/2022,PR,2022,2022-01-31T00:00:00,2022-07-21T14:44:00,Encerrado-PROMULGADO
PR 1/2024,PR,2024,2024-01-09T00:00:00,2025-05-27T15:52:00,Encerrado-PROMULGADO
PR 1/2025,PR,2025,2025-01-07T00:00:00,2025-11-26T20:06:00,Encerrado-PROMULGADO
PR 10/2014,PR,2014,2014-08-12T00:00:00,2017-01-05T13:48:00,Encerrado-TERMINO DE LEGISLATURA (ART. 275 REG. INT.)
PR 10/2016,PR,2016,2016-12-07T00:00:00,2017-01-02T17:33:00,Encerrado-TERMINO DE LEGISLATURA (ART. 275 REG. INT.)
PR 10/2018,PR,2018,2018-05-04T00:00:00,2018-07-05T17:21:00,Encerrado-PROMULGADO
PR 10/2020,PR,2020,2020-05-29T00:00:00,2022-06-07T16:11:00,Encerrado-PROMULGADO
PR 10/2021,PR,2021,2021-02-11T00:00:00,2025-01-14T20:03:11,Encerrado-TERMINO DE LEGISLATURA (ART. 275 REG. INT.)
PR 10/2022,PR,2022,2022-05-04T00:00:00,2022-07-08T19:02:15,APENSADO
PR 10/2023,PR,2023,2023-03-15T00:00:00,2025-01-14T14:20:00,Encerrado-TERMINO DE LEGISLATURA (ART. 275 REG. INT.)
PR 10/2025,PR,2025,2025-01-23T00:00:00,2025-09-16T11:10:00,Encerrado-ARQUIVADO
PR 11/2016,PR,2016,2016-12-07T00:00:00,2017-01-16T17:15:00,Encerrado-TERMINO DE LEGISLATURA (ART. 275 REG. INT.)
PR 11/2017,PR,2017,2017-02-01T00:00:00,2018-01-19T13:29:00,Encerrado-PROMULGADO
PR 11/2018,PR,2018,2018-05-10T00:00:00,2019-08-29T18:41:00,Encerrado-ILEGALIDADE (ART. 79 REG. INT.)
PR 11/2020,PR,2020,2020-06-08T00:00:00,2022-03-16T21:02:24,Encerrado-RETIRADO PELO AUTOR
PR 11/2022,PR,2022,2022-05-10T00:00:00,2025-01-14T14:20:00,Encerrado-TERMINO DE LEGISLATURA (ART. 275 REG. INT.)
PR 12/2014,PR,2014,2014-09-03T00:00:00,2020-02-28T08:44:00,Encerrado-PROMULGADO
PR 12/2015,PR,2015,2015-08-06T00:00:00,2021-01-08T19:48:12,Encerrado-TERMINO DE LEGISLATURA (ART. 275 REG. INT.)
PR 12/2016,PR,2016,2016-12-14T00:00:00,2018-09-19T00:00:00,Encerrado-PROMULGADO
PR 12/2017,PR,2017,2017-02-06T00:00:00,2017-03-17T00:00:00,Encerrado-RETIRADO PELO AUTOR
PR 12/2018,PR,2018,2018-05-15T00:00:00,2021-01-11T17:00:00,Encerrado-TERMINO DE LEGISLATURA (ART. 275 REG. INT.)
PR 12/2022,PR,2022,2022-05-13T00:00:00,2022-10-14T10:21:00,Encerrado-RETIRADO PELO AUTOR
PR 12/2024,PR,2024,2024-04-17T00:00:00,2025-10-14T14:18:00,Encerrado-PROMULGADO
PR 12/2025,PR,2025,2025-01-28T00:00:00,2025-07-04T12:35:00,Encerrado-PROMULGADO
PR 13/2015,PR,2015,2015-08-11T00:00:00,2017-06-21T13:52:00,Encerrado-PROMULGADO
PR 13/2017,PR,2017,2017-02-07T00:00:00,2018-09-19T00:00:00,Encerrado-PROMULGADO
PR 13/2018,PR,2018,2018-06-07T00:00:00,2019-04-26T08:40:00,Encerrado-PROMULGADO
PR 13/2021,PR,2021,2021-03-10T00:00:00,2023-09-04T16:50:00,Encerrado-PROMULGADO
PR 13/2022,PR,2022,2022-05-26T00:00:00,2022-09-09T16:53:00,Encerrado-PROMULGADO
PR 13/2023,PR,2023,2023-03-29T00:00:00,2025-01-13T14:10:33,Encerrado-TERMINO DE LEGISLATURA (ART. 275 REG. INT.)
PR 13/2025,PR,2025,2025-01-31T00:00:00,2025-09-16T11:12:00,Encerrado-ARQUIVADO
PR 14/2014,PR,2014,2014-10-01T00:00:00,2018-09-19T00:00:00,Encerrado-PROMULGADO
PR 14/2015,PR,2015,2015-08-11T00:00:00,2025-01-14T15:12:00,Encerrado-TERMINO DE LEGISLATURA (ART. 275 REG. INT.)
PR 14/2017,PR,2017,2017-02-09T00:00:00,2017-06-27T18:31:00,Encerrado-PROMULGADO
PR 14/2018,PR,2018,2018-06-13T00:00:00,2021-01-08T19:48:14,Encerrado-TERMINO DE LEGISLATURA (ART. 275 REG. INT.)
PR 14/2019,PR,2019,2019-04-30T00:00:00,2020-02-06T11:44:00,Encerrado-PROMULGADO
PR 14/2022,PR,2022,2022-06-01T00:00:00,2023-03-17T17:33:00,Encerrado-PROMULGADO
PR 14/2024,PR,2024,2024-05-07T00:00:00,2025-07-04T12:21:00,Encerrado-PROMULGADO
PR 15/2015,PR,2015,2015-08-20T00:00:00,2017-01-06T00:00:00,Encerrado-TERMINO DE LEGISLATURA (ART. 275 REG. INT.)
PR 15/2017,PR,2017,2017-02-09T00:00:00,2018-09-19T00:00:00,Encerrado-PROMULGADO
PR 15/2018,PR,2018,2018-07-26T00:00:00,2025-01-14T15:00:00,Encerrado-TERMINO DE LEGISLATURA (ART. 275 REG. INT.)
PR 15/2019,PR,2019,2019-05-02T00:00:00,2019-12-16T11:44:00,Encerrado-PROMULGADO
PR 15/2020,PR,2020,2020-07-24T00:00:00,2025-01-14T14:20:00,Encerrado-TERMINO DE LEGISLATURA (ART. 275 REG. INT.)
PR 15/2021,PR,2021,2021-03-12T00:00:00,2025-05-22T12:46:06,Encerrado-RETIRADO PELO AUTOR
PR 15/2022,PR,2022,2022-06-06T00:00:00,2025-01-14T14:20:00,Encerrado-TERMINO DE LEGISLATURA (ART. 275 REG. INT.)
PR 15/2023,PR,2023,2023-04-06T00:00:00,2024-07-16T19:52:00,Encerrado-PROMULGADO
PR 15/2024,PR,2024,2024-05-09T00:00:00,2024-09-11T18:00:00,Encerrado-PROMULGADO
PR 16/2013,PR,2013,2013-03-27T00:00:00,2017-01-05T15:49:00,Encerrado-TERMINO DE LEGISLATURA (ART. 275 REG. INT.)
PR 16/2017,PR,2017,2017-02-09T00:00:00,2025-01-14T15:00:00,Encerrado-TERMINO DE LEGISLATURA (ART. 275 REG. INT.)
PR 16/2019,PR,2019,2019-05-02T00:00:00,2021-10-21T15:13:00,Encerrado-PROMULGADO
PR 16/2020,PR,2020,2020-07-30T00:00:00,2021-09-09T15:32:00,Encerrado-PROMULGADO
PR 16/2021,PR,2021,2021-03-16T00:00:00,2023-05-29T13:59:00,Encerrado-PROMULGADO
PR 16/2022,PR,2022,2022-06-14T00:00:00,2024-12-12T14:12:00,Encerrado-PROMULGADO
PR 16/2023,PR,2023,2023-04-13T00:00:00,2025-01-20T21:47:40,Encerrado-TERMINO DE LEGISLATURA (ART. 275 REG. INT.)
PR 16/2024,PR,2024,2024-05-15T00:00:00,2025-01-17T16:01:45,Encerrado-TERMINO DE LEGISLATURA (ART. 275 REG. INT.)
PR 16/2025,PR,2025,2025-02-05T00:00:00,2025-09-05T19:32:00,Encerrado-PROMULGADO
PR 17/2015,PR,2015,2015-09-29T00:00:00,2017-01-02T17:33:00,Encerrado-TERMINO DE LEGISLATURA (ART. 275 REG. INT.)
PR 17/2017,PR,2017,2017-02-13T00:00:00,2018-09-19T00:00:00,Encerrado-PROMULGADO
PR 17/2019,PR,2019,2019-05-03T00:00:00,2021-01-08T19:48:18,Encerrado-TERMINO DE LEGISLATURA (ART. 275 REG. INT.)
PR 17/2020,PR,2020,2020-08-07T00:00:00,2021-01-13T16:46:31,Encerrado-TERMINO DE LEGISLATURA (ART. 275 REG. INT.)
PR 17/2023,PR,2023,2023-04-14T00:00:00,2024-07-16T19:52:00,Encerrado-PROMULGADO
PR 17/2024,PR,2024,2024-05-20T00:00:00,2024-12-12T14:12:00,Encerrado-PROMULGADO
PR 17/2025,PR,2025,2025-02-05T00:00:00,2025-09-16T11:13:00,Encerrado-ARQUIVADO
PR 18/2013,PR,2013,2013-04-16T00:00:00,2025-01-07T16:27:00,Encerrado-TERMINO DE LEGISLATURA (ART. 275 REG. INT.)
PR 18/2017,PR,2017,2017-02-21T00:00:00,2018-01-31T10:02:00,Encerrado-PROMULGADO
PR 18/2018,PR,2018,2018-09-19T00:00:00,2025-01-14T15:00:00,Encerrado-TERMINO DE LEGISLATURA (ART. 275 REG. INT.)
PR 18/2019,PR,2019,2019-05-07T00:00:00,2026-03-24T18:36:00,Encerrado-PROMULGADO
PR 18/2020,PR,2020,2020-08-10T00:00:00,2021-01-13T16:46:26,Encerrado-TERMINO DE LEGISLATURA (ART. 275 REG. INT.)
PR 18/2021,PR,2021,2021-03-22T00:00:00,2021-04-09T18:04:00,Encerrado-RETIRADO PELO AUTOR
PR 18/2022,PR,2022,2022-08-29T00:00:00,2025-01-16T22:44:34,Encerrado-TERMINO DE LEGISLATURA (ART. 275 REG. INT.)
PR 19/2013,PR,2013,2013-04-16T00:00:00,2021-01-11T17:00:00,Encerrado-TERMINO DE LEGISLATURA (ART. 275 REG. INT.)
PR 19/2017,PR,2017,2017-02-22T00:00:00,2025-01-14T15:00:00,Encerrado-TERMINO DE LEGISLATURA (ART. 275 REG. INT.)
PR 19/2018,PR,2018,2018-11-27T00:00:00,2021-01-11T17:00:00,Encerrado-TERMINO DE LEGISLATURA (ART. 275 REG. INT.)
PR 19/2019,PR,2019,2019-05-14T00:00:00,2021-01-11T17:00:00,Encerrado-TERMINO DE LEGISLATURA (ART. 275 REG. INT.)
PR 19/2020,PR,2020,2020-08-24T00:00:00,2021-04-07T15:54:00,Encerrado-RETIRADO PELO AUTOR
PR 19/2021,PR,2021,2021-03-23T00:00:00,2025-01-14T14:20:00,Encerrado-TERMINO DE LEGISLATURA (ART. 275 REG. INT.)
PR 19/2024,PR,2024,2024-06-11T00:00:00,2024-07-02T20:21:36,Encerrado-RETIRADO PELO AUTOR
PR 2/2014,PR,2014,2014-02-05T00:00:00,2021-01-11T17:00:00,Encerrado-TERMINO DE LEGISLATURA (ART. 275 REG. INT.)
PR 2/2015,PR,2015,2015-02-24T00:00:00,2025-01-14T15:12:00,Encerrado-TERMINO DE LEGISLATURA (ART. 275 REG. INT.)
PR 2/2016,PR,2016,2016-03-01T00:00:00,2025-01-14T15:00:00,Encerrado-TERMINO DE LEGISLATURA (ART. 275 REG. INT.)
PR 2/2017,PR,2017,2017-01-02T00:00:00,2017-03-10T15:18:00,Encerrado-RETIRADO PELO AUTOR
PR 2/2019,PR,2019,2019-02-15T00:00:00,2019-08-08T19:11:00,Encerrado-ILEGALIDADE (ART. 79 REG. INT.)
PR 2/2021,PR,2021,2021-01-20T00:00:00,2025-01-21T13:29:07,Encerrado-TERMINO DE LEGISLATURA (ART. 275 REG. INT.)
PR 2/2022,PR,2022,2022-02-09T00:00:00,2025-01-16T22:44:33,Encerrado-TERMINO DE LEGISLATURA (ART. 275 REG. INT.)
PR 2/2025,PR,2025,2025-01-07T00:00:00,2025-07-04T12:35:00,Encerrado-PROMULGADO
PR 20/2013,PR,2013,2013-04-24T00:00:00,2021-01-11T17:00:00,Encerrado-TERMINO DE LEGISLATURA (ART. 275 REG. INT.)
PR 20/2017,PR,2017,2017-02-23T00:00:00,2018-09-19T00:00:00,Encerrado-PROMULGADO
PR 20/2018,PR,2018,2018-12-18T00:00:00,2019-05-17T14:26:00,Encerrado-RETIRADO PELO AUTOR
PR 20/2019,PR,2019,2019-06-04T00:00:00,2019-10-15T10:30:00,Encerrado-PROMULGADO
PR 20/2020,PR,2020,2020-09-08T00:00:00,2021-01-13T16:46:25,Encerrado-TERMINO DE LEGISLATURA (ART. 275 REG. INT.)
PR 20/2021,PR,2021,2021-04-05T00:00:00,2025-01-14T20:03:10,Encerrado-TERMINO DE LEGISLATURA (ART. 275 REG. INT.)
PR 20/2022,PR,2022,2022-10-26T00:00:00,2024-07-16T19:52:00,Encerrado-PROMULGADO
PR 20/2024,PR,2024,2024-06-14T00:00:00,2025-01-15T11:08:16,Encerrado-TERMINO DE LEGISLATURA (ART. 275 REG. INT.)
PR 21/2017,PR,2017,2017-03-10T00:00:00,2020-02-06T11:44:00,Encerrado-PROMULGADO
PR 21/2021,PR,2021,2021-04-05T00:00:00,2023-09-04T16:50:00,Encerrado-PROMULGADO
PR 21/2022,PR,2022,2022-10-27T00:00:00,2023-03-17T17:33:00,Encerrado-PROMULGADO
PR 21/2023,PR,2023,2023-05-11T00:00:00,2023-09-04T16:50:00,Encerrado-PROMULGADO
PR 21/2025,PR,2025,2025-02-06T00:00:00,2026-09-18T11:14:00,Encerrado-PROMULGADO
PR 22/2013,PR,2013,2013-05-21T00:00:00,2017-01-05T15:49:00,Encerrado-TERMINO DE LEGISLATURA (ART. 275 REG. INT.)
PR 22/2017,PR,2017,2017-03-21T00:00:00,2017-09-28T18:32:00,Encerrado-PROMULGADO
PR 22/2019,PR,2019,2019-06-05T00:00:00,2025-02-26T14:36:00,Encerrado-RETIRADO PELO AUTOR
PR 22/2020,PR,2020,2020-09-18T00:00:00,2025-01-15T11:08:13,Encerrado-TERMINO DE LEGISLATURA (ART. 275 REG. INT.)
PR 22/2021,PR,2021,2021-04-07T00:00:00,2025-01-21T13:29:09,Encerrado-TERMINO DE LEGISLATURA (ART. 275 REG. INT.)
PR 22/2023,PR,2023,2023-05-15T00:00:00,2025-01-13T14:10:44,Encerrado-TERMINO DE LEGISLATURA (ART. 275 REG. INT.)
PR 22/2024,PR,2024,2024-07-02T00:00:00,2025-03-12T17:35:09,Encerrado-RETIRADO PELO AUTOR
PR 22/2025,PR,2025,2025-02-06T00:00:00,2025-11-26T20:07:00,Encerrado-PROMULGADO
PR 23/2017,PR,2017,2017-04-04T00:00:00,2021-01-08T19:48:33,Encerrado-TERMINO DE LEGISLATURA (ART. 275 REG. INT.)
PR 23/2019,PR,2019,2019-06-05T00:00:00,2021-01-11T17:00:00,Encerrado-TERMINO DE LEGISLATURA (ART. 275 REG. INT.)
PR 23/2021,PR,2021,2021-04-09T00:00:00,2022-06-07T16:11:00,Encerrado-PROMULGADO
PR 23/2024,PR,2024,2024-07-03T00:00:00,2024-11-27T17:22:00,Encerrado-PROMULGADO
PR 24/2013,PR,2013,2013-06-12T00:00:00,2017-01-05T15:49:00,Encerrado-TERMINO DE LEGISLATURA (ART. 275 REG. INT.)
PR 24/2017,PR,2017,2017-04-04T00:00:00,2018-09-19T00:00:00,Encerrado-PROMULGADO
PR 24/2019,PR,2019,2019-06-05T00:00:00,2021-01-11T17:00:00,Encerrado-TERMINO DE LEGISLATURA (ART. 275 REG. INT.)
PR 24/2020,PR,2020,2020-12-15T00:00:00,2024-07-16T19:52:00,Encerrado-PROMULGADO
PR 24/2023,PR,2023,2023-05-18T00:00:00,2023-09-04T16:50:00,Encerrado-PROMULGADO
PR 24/2024,PR,2024,2024-08-07T00:00:00,2025-01-21T22:54:18,Encerrado-TERMINO DE LEGISLATURA (ART. 275 REG. INT.)
PR 25/2013,PR,2013,2013-06-21T00:00:00,2017-01-05T15:49:00,Encerrado-TERMINO DE LEGISLATURA (ART. 275 REG. INT.)
PR 25/2017,PR,2017,2017-04-25T00:00:00,2021-01-11T17:00:00,Encerrado-TERMINO DE LEGISLATURA (ART. 275 REG. INT.)
PR 25/2020,PR,2020,2020-12-15T00:00:00,2025-01-13T22:40:25,Encerrado-TERMINO DE LEGISLATURA (ART. 275 REG. INT.)
PR 25/2021,PR,2021,2021-04-15T00:00:00,2022-06-07T16:11:00,Encerrado-PROMULGADO
PR 25/2024,PR,2024,2024-08-28T00:00:00,2025-01-21T22:54:25,Encerrado-TERMINO DE LEGISLATURA (ART. 275 REG. INT.)
PR 26/2017,PR,2017,2017-05-03T00:00:00,2021-01-11T17:00:00,Encerrado-TERMINO DE LEGISLATURA (ART. 275 REG. INT.)
PR 26/2019,PR,2019,2019-06-28T00:00:00,2021-01-11T17:00:00,Encerrado-TERMINO DE LEGISLATURA (ART. 275 REG. INT.)
PR 26/2020,PR,2020,2020-12-15T00:00:00,2025-01-13T22:40:24,Encerrado-TERMINO DE LEGISLATURA (ART. 275 REG. INT.)
PR 26/2021,PR,2021,2021-04-15T00:00:00,2022-06-07T16:11:00,Encerrado-PROMULGADO
PR 26/2023,PR,2023,2023-05-31T00:00:00,2024-07-16T19:52:00,Encerrado-PROMULGADO
PR 26/2025,PR,2025,2025-02-17T00:00:00,2025-10-23T10:20:10,Encerrado-RETIRADO PELO AUTOR
PR 27/2017,PR,2017,2017-05-04T00:00:00,2018-04-18T17:41:00,Encerrado-RETIRADO PELO AUTOR
PR 27/2021,PR,2021,2021-04-19T00:00:00,2026-05-06T18:34:00,Encerrado-PROMULGADO
PR 27/2024,PR,2024,2024-09-03T00:00:00,2025-01-21T22:54:19,Encerrado-TERMINO DE LEGISLATURA (ART. 275 REG. INT.)
PR 27/2025,PR,2025,2025-02-18T00:00:00,2025-10-14T14:18:00,Encerrado-PROMULGADO
PR 28/2013,PR,2013,2013-06-27T00:00:00,2016-11-17T14:33:20,Encerrado-RETIRADO PELO AUTOR
PR 28/2019,PR,2019,2019-08-15T00:00:00,2021-01-11T17:00:00,Encerrado-TERMINO DE LEGISLATURA (ART. 275 REG. INT.)
PR 28/2021,PR,2021,2021-04-29T00:00:00,2025-01-14T20:03:05,Encerrado-TERMINO DE LEGISLATURA (ART. 275 REG. INT.)
PR 29/2017,PR,2017,2017-05-16T00:00:00,2018-09-19T00:00:00,Encerrado-PROMULGADO
PR 29/2025,PR,2025,2025-02-20T00:00:00,2025-07-04T12:35:00,Encerrado-PROMULGADO
PR 3/2014,PR,2014,2014-03-11T00:00:00,2025-01-10T17:49:51,Encerrado-TERMINO DE LEGISLATURA (ART. 275 REG. INT.)
PR 3/2015,PR,2015,2015-02-27T00:00:00,2017-10-03T18:11:00,Encerrado-PROMULGADO
PR 3/2017,PR,2017,2017-01-02T00:00:00,2017-06-27T18:31:00,Encerrado-PROMULGADO
PR 3/2018,PR,2018,2018-03-06T00:00:00,2021-01-11T17:00:00,Encerrado-TERMINO DE LEGISLATURA (ART. 275 REG. INT.)
PR 3/2020,PR,2020,2020-02-26T00:00:00,2025-01-14T14:20:00,Encerrado-TERMINO DE LEGISLATURA (ART. 275 REG. INT.)
PR 3/2022,PR,2022,2022-02-15T00:00:00,2025-01-21T13:27:29,Encerrado-TERMINO DE LEGISLATURA (ART. 275 REG. INT.)
PR 3/2023,PR,2023,2023-02-03T00:00:00,2023-04-20T14:19:00,Encerrado-PROMULGADO
PR 3/2025,PR,2025,2025-01-07T00:00:00,2025-04-07T20:17:00,Encerrado-RETIRADO PELO AUTOR
PR 30/2017,PR,2017,2017-05-24T00:00:00,2025-01-14T15:00:00,Encerrado-TERMINO DE LEGISLATURA (ART. 275 REG. INT.)
PR 30/2019,PR,2019,2019-09-11T00:00:00,2021-01-13T16:46:35,Encerrado-TERMINO DE LEGISLATURA (ART. 275 REG. INT.)
PR 30/2023,PR,2023,2023-08-07T00:00:00,2025-01-13T14:10:36,Encerrado-TERMINO DE LEGISLATURA (ART. 275 REG. INT.)
PR 30/2024,PR,2024,2024-10-15T00:00:00,2025-07-04T12:35:00,Encerrado-PROMULGADO
PR 31/2017,PR,2017,2017-06-14T00:00:00,2018-08-02T00:00:00,Encerrado-ILEGALIDADE (ART. 79 REG. INT.)
PR 31/2021,PR,2021,2021-06-01T00:00:00,2025-01-14T20:03:09,Encerrado-TERMINO DE LEGISLATURA (ART. 275 REG. INT.)
PR 31/2023,PR,2023,2023-08-08T00:00:00,2023-09-12T17:15:00,Encerrado-PROMULGADO
PR 32/2013,PR,2013,2013-10-01T00:00:00,2019-02-19T14:24:00,Encerrado-PROMULGADO
PR 32/2019,PR,2019,2019-10-22T00:00:00,2021-11-03T17:13:00,Encerrado-PROMULGADO
PR 32/2021,PR,2021,2021-06-01T00:00:00,2021-10-14T14:43:00,Encerrado-PROMULGADO
PR 32/2025,PR,2025,2025-03-07T00:00:00,2026-03-31T18:47:00,Encerrado-PROMULGADO
PR 33/2021,PR,2021,2021-06-01T00:00:00,2023-09-04T16:50:00,Encerrado-PROMULGADO
PR 33/2023,PR,2023,2023-08-14T00:00:00,2023-12-04T16:20:00,Encerrado-PROMULGADO
PR 33/2024,PR,2024,2024-11-06T00:00:00,2024-12-12T14:12:00,Encerrado-PROMULGADO
PR 34/2017,PR,2017,2017-06-29T00:00:00,2025-01-14T15:00:00,Encerrado-TERMINO DE LEGISLATURA (ART. 275 REG. INT.)
PR 34/2019,PR,2019,2019-12-17T00:00:00,2021-01-04T13:20:20,Encerrado-TERMINO DE LEGISLATURA (ART. 275 REG. INT.)
PR 34/2021,PR,2021,2021-06-15T00:00:00,2024-08-08T17:32:00,Encerrado-PROMULGADO
PR 34/2023,PR,2023,2023-08-17T00:00:00,2023-12-04T16:20:00,Encerrado-PROMULGADO
PR 34/2025,PR,2025,2025-03-10T00:00:00,2025-08-07T13:46:31,APENSADO
PR 35/2013,PR,2013,2013-10-31T00:00:00,2017-01-05T15:49:00,Encerrado-TERMINO DE LEGISLATURA (ART. 275 REG. INT.)
PR 35/2017,PR,2017,2017-07-03T00:00:00,2025-01-14T15:00:00,Encerrado-TERMINO DE LEGISLATURA (ART. 275 REG. INT.)
PR 35/2024,PR,2024,2024-11-19T00:00:00,2025-09-08T17:37:00,Encerrado-PROMULGADO
PR 36/2013,PR,2013,2013-11-06T00:00:00,2017-01-05T15:49:00,Encerrado-TERMINO DE LEGISLATURA (ART. 275 REG. INT.)
PR 36/2017,PR,2017,2017-08-15T00:00:00,2021-01-11T17:00:00,Encerrado-TERMINO DE LEGISLATURA (ART. 275 REG. INT.)
PR 36/2021,PR,2021,2021-06-25T00:00:00,2026-05-06T18:34:00,Encerrado-PROMULGADO
PR 36/2023,PR,2023,2023-08-25T00:00:00,2024-05-23T11:42:59,APENSADO
PR 37/2017,PR,2017,2017-08-21T00:00:00,2025-01-14T15:00:00,Encerrado-TERMINO DE LEGISLATURA (ART. 275 REG. INT.)
PR 37/2021,PR,2021,2021-06-29T00:00:00,2023-09-04T16:50:00,Encerrado-PROMULGADO
PR 37/2024,PR,2024,2024-12-18T00:00:00,2026-05-12T11:07:00,Encerrado-PROMULGADO
PR 38/2013,PR,2013,2013-11-25T00:00:00,2021-01-11T17:00:00,Encerrado-TERMINO DE LEGISLATURA (ART. 275 REG. INT.)
PR 39/2013,PR,2013,2013-12-03T00:00:00,2021-01-11T17:00:00,Encerrado-TERMINO DE LEGISLATURA (ART. 275 REG. INT.)
PR 39/2025,PR,2025,2025-03-18T00:00:00,2025-06-11T10:41:07,Encerrado-RETIRADO PELO AUTOR
PR 4/2014,PR,2014,2014-05-14T00:00:00,2017-01-05T13:48:00,Encerrado-TERMINO DE LEGISLATURA (ART. 275 REG. INT.)
PR 4/2016,PR,2016,2016-05-13T00:00:00,2017-04-07T13:13:00,Encerrado-PROMULGADO
PR 4/2017,PR,2017,2017-01-02T00:00:00,2017-03-27T18:39:00,Encerrado-RETIRADO PELO AUTOR
PR 4/2018,PR,2018,2018-03-21T00:00:00,2020-02-28T08:44:00,Encerrado-PROMULGADO
PR 4/2019,PR,2019,2019-02-20T00:00:00,2025-01-14T15:00:00,Encerrado-TERMINO DE LEGISLATURA (ART. 275 REG. INT.)
PR 4/2022,PR,2022,2022-03-24T00:00:00,2023-05-09T14:52:00,Encerrado-PROMULGADO
PR 4/2024,PR,2024,2024-02-21T00:00:00,2024-07-16T19:52:00,Encerrado-PROMULGADO
PR 40/2017,PR,2017,2017-09-01T00:00:00,2025-01-14T15:00:00,Encerrado-TERMINO DE LEGISLATURA (ART. 275 REG. INT.)
PR 40/2025,PR,2025,2025-03-19T00:00:00,2025-10-01T13:32:00,Encerrado-ARQUIVADO
PR 41/2013,PR,2013,2013-12-12T00:00:00,2016-01-18T00:00:00,Encerrado-PROMULGADO
PR 41/2017,PR,2017,2017-09-04T00:00:00,2019-05-30T12:15:00,Encerrado-ILEGALIDADE (ART. 79 REG. INT.)
PR 41/2025,PR,2025,2025-03-21T00:00:00,2025-07-04T12:41:00,Encerrado-PROMULGADO
PR 42/2021,PR,2021,2021-08-24T00:00:00,2021-10-14T14:43:00,Encerrado-PROMULGADO
PR 42/2023,PR,2023,2023-10-19T00:00:00,2025-01-21T13:27:29,Encerrado-TERMINO DE LEGISLATURA (ART. 275 REG. INT.)
PR 43/2017,PR,2017,2017-09-05T00:00:00,2021-01-08T19:48:31,Encerrado-TERMINO DE LEGISLATURA (ART. 275 REG. INT.)
PR 43/2021,PR,2021,2021-08-25T00:00:00,2023-04-10T11:52:00,Encerrado-PROMULGADO
PR 43/2025,PR,2025,2025-04-01T00:00:00,2026-04-08T18:36:00,Encerrado-PROMULGADO
PR 44/2017,PR,2017,2017-09-06T00:00:00,2021-01-08T19:48:29,Encerrado-TERMINO DE LEGISLATURA (ART. 275 REG. INT.)
PR 44/2021,PR,2021,2021-08-25T00:00:00,2025-01-14T14:20:00,Encerrado-TERMINO DE LEGISLATURA (ART. 275 REG. INT.)
PR 44/2023,PR,2023,2023-10-25T00:00:00,2025-01-20T21:47:32,Encerrado-TERMINO DE LEGISLATURA (ART. 275 REG. INT.)
PR 45/2017,PR,2017,2017-09-11T00:00:00,2018-06-15T18:30:00,Encerrado-RETIRADO PELO AUTOR
PR 45/2021,PR,2021,2021-08-27T00:00:00,2022-06-07T16:11:00,Encerrado-PROMULGADO
PR 45/2023,PR,2023,2023-10-26T00:00:00,2023-12-05T14:05:00,Encerrado-PROMULGADO
PR 46/2023,PR,2023,2023-10-30T00:00:00,2024-08-08T16:18:00,Encerrado-PROMULGADO
PR 47/2017,PR,2017,2017-09-29T00:00:00,2021-01-13T16:31:16,Encerrado-TERMINO DE LEGISLATURA (ART. 275 REG. INT.)
PR 47/2023,PR,2023,2023-11-07T00:00:00,2025-10-16T12:11:00,Encerrado-RETIRADO PELO AUTOR
PR 47/2025,PR,2025,2025-04-09T00:00:00,2026-08-25T21:02:00,Encerrado-PROMULGADO
PR 48/2017,PR,2017,2017-10-05T00:00:00,2021-01-27T16:15:59,Encerrado-TERMINO DE LEGISLATURA (ART. 275 REG. INT.)
PR 49/2017,PR,2017,2017-10-18T00:00:00,2021-01-11T17:00:00,Encerrado-TERMINO DE LEGISLATURA (ART. 275 REG. INT.)
PR 49/2021,PR,2021,2021-09-21T00:00:00,2025-01-14T14:20:00,Encerrado-TERMINO DE LEGISLATURA (ART. 275 REG. INT.)
PR 49/2025,PR,2025,2025-04-14T00:00:00,2025-11-26T20:07:00,Encerrado-PROMULGADO
PR 5/2014,PR,2014,2014-06-04T00:00:00,2015-05-18T17:41:32,Encerrado-PROMULGADO
PR 5/2015,PR,2015,2015-04-23T00:00:00,2017-01-02T17:33:00,Encerrado-TERMINO DE LEGISLATURA (ART. 275 REG. INT.)
PR 5/2016,PR,2016,2016-05-31T00:00:00,2017-04-07T13:13:00,Encerrado-PROMULGADO
PR 5/2017,PR,2017,2017-01-02T00:00:00,2017-02-13T11:28:00,Encerrado-RETIRADO PELO AUTOR
PR 5/2018,PR,2018,2018-04-10T00:00:00,2021-01-15T14:42:56,Encerrado-TERMINO DE LEGISLATURA (ART. 275 REG. INT.)
PR 5/2021,PR,2021,2021-02-11T00:00:00,2025-01-14T14:20:00,Encerrado-TERMINO DE LEGISLATURA (ART. 275 REG. INT.)
PR 5/2023,PR,2023,2023-02-06T00:00:00,2025-01-20T21:47:41,Encerrado-TERMINO DE LEGISLATURA (ART. 275 REG. INT.)
PR 5/2024,PR,2024,2024-02-29T00:00:00,2025-01-21T22:54:20,Encerrado-TERMINO DE LEGISLATURA (ART. 275 REG. INT.)
PR 50/2021,PR,2021,2021-09-24T00:00:00,2022-05-12T14:32:00,Encerrado-ILEGALIDADE (ART. 79 REG. INT.)
PR 50/2023,PR,2023,2023-11-21T00:00:00,2025-11-26T20:05:00,Encerrado-PROMULGADO
PR 50/2025,PR,2025,2025-04-22T00:00:00,2026-04-15T18:40:00,Encerrado-PROMULGADO
PR 51/2021,PR,2021,2021-11-09T00:00:00,2022-03-30T13:13:00,Encerrado-PROMULGADO
PR 51/2023,PR,2023,2023-11-22T00:00:00,2024-09-11T18:00:00,Encerrado-PROMULGADO
PR 52/2017,PR,2017,2017-11-16T00:00:00,2018-09-19T00:00:00,Encerrado-PROMULGADO
PR 52/2023,PR,2023,2023-11-22T00:00:00,2024-07-16T19:52:00,Encerrado-PROMULGADO
PR 52/2025,PR,2025,2025-04-28T00:00:00,2025-09-11T18:11:00,Encerrado-PROMULGADO
PR 53/2021,PR,2021,2021-12-01T00:00:00,2022-04-11T13:26:00,Devolução de Regularização
PR 54/2017,PR,2017,2017-12-11T00:00:00,2018-04-19T12:15:00,Encerrado-PROMULGADO
PR 54/2021,PR,2021,2021-12-08T00:00:00,2025-01-14T20:03:08,Encerrado-TERMINO DE LEGISLATURA (ART. 275 REG. INT.)
PR 54/2023,PR,2023,2023-12-12T00:00:00,2024-07-16T19:52:00,Encerrado-PROMULGADO
PR 55/2017,PR,2017,2017-12-11T00:00:00,2018-05-23T15:53:00,Encerrado-PROMULGADO
PR 55/2021,PR,2021,2021-12-15T00:00:00,2024-09-02T16:15:00,Encerrado-PROMULGADO
PR 56/2017,PR,2017,2017-12-18T00:00:00,2018-10-04T00:00:00,Encerrado-ILEGALIDADE (ART. 79 REG. INT.)
PR 56/2023,PR,2023,2023-12-21T00:00:00,2024-04-01T14:31:00,Encerrado-PROMULGADO
PR 57/2023,PR,2023,2023-12-21T00:00:00,2025-01-20T21:47:35,Encerrado-TERMINO DE LEGISLATURA (ART. 275 REG. INT.)
PR 57/2025,PR,2025,2025-05-26T00:00:00,2025-11-26T20:08:00,Encerrado-PROMULGADO
PR 59/2025,PR,2025,2025-05-27T00:00:00,2025-09-10T20:14:00,Devolução de Regularização
PR 6/2014,PR,2014,2014-06-16T00:00:00,2018-01-31T10:02:00,Encerrado-PROMULGADO
PR 6/2015,PR,2015,2015-04-15T00:00:00,2025-01-14T15:12:00,Encerrado-TERMINO DE LEGISLATURA (ART. 275 REG. INT.)
PR 6/2016,PR,2016,2016-08-19T00:00:00,2025-01-14T15:00:00,Encerrado-TERMINO DE LEGISLATURA (ART. 275 REG. INT.)
PR 6/2017,PR,2017,2017-01-26T00:00:00,2017-02-06T13:37:00,Encerrado-RETIRADO PELO AUTOR
PR 6/2018,PR,2018,2018-04-11T00:00:00,2019-04-22T11:12:00,Encerrado-PROMULGADO
PR 6/2019,PR,2019,2019-03-12T00:00:00,2020-01-13T07:38:00,Encerrado-PROMULGADO
PR 6/2021,PR,2021,2021-02-11T00:00:00,2021-10-14T14:43:00,Encerrado-PROMULGADO
PR 6/2023,PR,2023,2023-02-14T00:00:00,2023-09-04T16:50:00,Encerrado-PROMULGADO
PR 6/2024,PR,2024,2024-03-12T00:00:00,2025-07-04T12:41:00,Encerrado-PROMULGADO
PR 61/2025,PR,2025,2025-06-05T00:00:00,2025-11-07T10:07:00,Encerrado-PROMULGADO
PR 64/2025,PR,2025,2025-06-12T00:00:00,2025-11-26T20:09:00,Encerrado-PROMULGADO
PR 7/2014,PR,2014,2014-06-24T00:00:00,2021-01-11T17:00:00,Encerrado-TERMINO DE LEGISLATURA (ART. 275 REG. INT.)
PR 7/2015,PR,2015,2015-04-22T00:00:00,2017-01-10T12:41:00,Encerrado-TERMINO DE LEGISLATURA (ART. 275 REG. INT.)
PR 7/2017,PR,2017,2017-01-26T00:00:00,2017-04-07T13:13:00,Encerrado-PROMULGADO
PR 7/2018,PR,2018,2018-04-12T00:00:00,2019-05-30T12:15:00,Encerrado-ILEGALIDADE (ART. 79 REG. INT.)
PR 7/2019,PR,2019,2019-03-20T00:00:00,2021-01-11T17:00:00,Encerrado-TERMINO DE LEGISLATURA (ART. 275 REG. INT.)
PR 7/2020,PR,2020,2020-04-06T00:00:00,2023-09-19T16:10:51,Encerrado-RETIRADO PELO AUTOR
PR 7/2022,PR,2022,2022-04-25T00:00:00,2025-11-07T10:07:00,Encerrado-PROMULGADO
PR 7/2023,PR,2023,2023-02-16T00:00:00,2023-08-21T13:50:00,Encerrado-RETIRADO PELO AUTOR
PR 7/2025,PR,2025,2025-01-21T00:00:00,2025-09-10T20:14:00,Devolução de Regularização
PR 72/2025,PR,2025,2025-08-12T00:00:00,2026-10-01T10:04:00,Encerrado-TERMINO DE LEGISLATURA (ART. 275 REG. INT.)
PR 79/2025,PR,2025,2025-09-04T00:00:00,2026-01-07T14:15:00,Encerrado-PROMULGADO
PR 8/2015,PR,2015,2015-04-24T00:00:00,2018-09-19T00:00:00,Encerrado-PROMULGADO
PR 8/2016,PR,2016,2016-11-22T00:00:00,2025-01-14T15:00:00,Encerrado-TERMINO DE LEGISLATURA (ART. 275 REG. INT.)
PR 8/2017,PR,2017,2017-01-26T00:00:00,2017-02-21T17:23:00,Encerrado-RETIRADO PELO AUTOR
PR 8/2018,PR,2018,2018-04-18T00:00:00,2023-03-17T17:33:00,Encerrado-PROMULGADO
PR 8/2019,PR,2019,2019-03-28T00:00:00,2021-01-11T17:00:00,Encerrado-TERMINO DE LEGISLATURA (ART. 275 REG. INT.)
PR 8/2020,PR,2020,2020-04-22T00:00:00,2021-09-09T15:32:00,Encerrado-PROMULGADO
PR 8/2021,PR,2021,2021-02-11T00:00:00,2023-09-12T17:15:00,Encerrado-PROMULGADO
PR 8/2022,PR,2022,2022-04-27T00:00:00,2025-01-16T22:44:31,Encerrado-TERMINO DE LEGISLATURA (ART. 275 REG. INT.)
PR 8/2023,PR,2023,2023-03-06T00:00:00,2025-01-20T21:47:39,Encerrado-TERMINO DE LEGISLATURA (ART. 275 REG. INT.)
PR 81/2025,PR,2025,2025-09-17T00:00:00,2026-04-08T18:36:00,Encerrado-PROMULGADO
PR 82/2025,PR,2025,2025-10-17T00:00:00,2026-03-31T18:47:00,Encerrado-PROMULGADO
PR 84/2025,PR,2025,2025-10-21T00:00:00,2025-11-07T10:07:00,Encerrado-PROMULGADO
PR 9/2015,PR,2015,2015-04-29T00:00:00,2018-09-19T00:00:00,Encerrado-PROMULGADO
PR 9/2017,PR,2017,2017-02-01T00:00:00,2018-09-19T00:00:00,Encerrado-PROMULGADO
PR 9/2021,PR,2021,2021-02-11T00:00:00,2021-09-13T17:51:00,Encerrado-PROMULGADO
PR 9/2022,PR,2022,2022-05-02T00:00:00,2025-01-14T14:20:00,Encerrado-TERMINO DE LEGISLATURA (ART. 275 REG. INT.)
PR 9/2023,PR,2023,2023-03-14T00:00:00,2023-09-04T16:50:00,Encerrado-PROMULGADO
PR 90/2025,PR,2025,2025-11-04T00:00:00,2026-05-12T11:07:00,Encerrado-PROMULGADO
PR 94/2025,PR,2025,2025-11-13T00:00:00,2026-05-12T11:07:00,Encerrado-PROMULGADO
PR 96/2025,PR,2025,2025-11-25T00:00:00,2026-03-31T18:47:00,Encerrado-PROMULGADO
