comissao,materia_id,desde,ate,rotulo,relator_codigo,relator,enviado_por,enviado_em,recebido_em,interna_data,interna_area,interna_tipo,interna_comentario,ultima_interna
URB,69010,2026-10-02,,PL 519/2003,,,SGP22,2025-02-21T13:16:00,2025-03-18T19:16:00,2025-03-18T19:16:00,Presidente da Comissão,Designar Relator,,
FIN,83348,2026-10-02,2026-10-06,PL 87/2004,2000,Ver. ALESSANDRO GUEDES (PT),SGP22,2025-02-12T17:42:00,2025-03-14T09:46:00,2026-09-16T17:47:12,Relator(a),Assinar Relatório,,
FIN,83348,2026-10-07,,PL 87/2004,2000,Ver. ALESSANDRO GUEDES (PT),SGP22,2025-02-12T17:42:00,2025-03-14T09:46:00,2026-10-07T11:13:00,Secretaria (SGP12),Em Condição de Pauta,,
FIN,85877,2026-10-02,,PL 678/2006,2219,Ver. MARCELO MESSIAS (MDB),SGP22,2025-02-20T14:00:00,2025-03-14T09:46:00,2026-08-20T16:49:08,Relator(a),Estudo para manifestação do relator,,
URB,108124,2026-10-02,,PL 26/2008,,,SGP22,2025-12-01T12:49:00,2025-12-02T13:47:00,2025-12-02T13:47:00,Presidente da Comissão,Designar Relator,,
FIN,108192,2026-10-02,,PL 92/2008,2278,Ver. KEIT LIMA (PSOL),SGP22,2025-09-04T18:34:00,2025-09-05T14:52:00,2026-08-20T16:35:21,Relator(a),Estudo para manifestação do relator,,
CCJ,116406,2026-10-02,,PL 540/2008,1636,Ver. DR. MILTON FERREIRA (PODE),SGP22,2025-02-12T14:46:00,2025-04-02T10:18:00,2025-10-14T17:43:57,Relator(a),Estudo para manifestação do relator,,
FIN,126298,2026-10-02,,PL 605/2011,2278,Ver. KEIT LIMA (PSOL),SGP22,2025-02-20T10:36:00,2025-03-14T09:46:00,2026-04-09T16:52:57,Relator(a),Estudo para manifestação do relator,,
FIN,126328,2026-10-02,,PL 609/2011,2271,Ver. ANA CAROLINA OLIVEIRA (PODE),SAUDE,2025-10-31T11:27:41,2025-11-03T10:32:00,2026-05-14T15:51:44,Relator(a),Estudo para manifestação do relator,,
URB,134759,2026-10-02,,PL 399/2012,2147,Ver. ISAC FÉLIX (PL),SGP22,2025-12-01T13:54:00,2025-12-02T13:46:00,2026-04-10T14:53:38,Relator(a),Estudo para manifestação do relator,,
EDUC,138485,2026-10-02,,PL 11/2012,2222,Ver. CRIS MONTEIRO (NOVO),SGP22,2025-02-11T18:53:00,2025-03-13T16:47:00,2026-01-06T17:21:24,Relator(a),Estudo para manifestação do relator,,
FIN,141060,2026-10-02,,PL 134/2012,2219,Ver. MARCELO MESSIAS (MDB),SGP22,2025-12-01T13:31:00,2025-12-02T12:58:00,2026-03-12T15:24:55,Relator(a),Estudo para manifestação do relator,,
EDUC,146827,2026-10-02,,PL 809/2013,1989,Ver. GEORGE HATO (MDB),ADM,2025-10-10T13:17:27,2025-10-13T17:29:00,2026-06-17T12:22:28,Relator(a),Estudo para manifestação do relator,,
FIN,148072,2026-10-02,,PL 628/2013,2279,Ver. SILVINHO LEITE (UNIÃO),SAUDE,2025-05-15T13:46:55,2025-05-16T10:20:00,2026-08-10T15:11:47,Consultoria,Para análise,,
ECON,149353,2026-10-02,,PL 308/2014,2228,Ver. RENATA FALZONI (PSB),SGP22,2025-02-18T17:56:00,2025-03-14T12:21:00,2025-03-20T12:43:18,Relator(a),Estudo para manifestação do relator,,
FIN,149624,2026-10-02,,PL 669/2013,2150,Ver. ANDRÉ SANTOS (REPUBLICANOS),SGP22,2025-02-18T14:11:00,2025-03-14T09:57:00,2026-09-16T17:50:53,Relator(a),Assinar Relatório,,
CCJ,150561,2026-10-02,,PL 892/2013,2276,Ver. SILVÃO LEITE (UNIÃO),SGP22,2025-12-01T13:55:00,2025-12-02T11:48:00,2026-07-14T20:11:19,Relator(a),Estudo para manifestação do relator,,
EDUC,156689,2026-10-02,,RDP 23/1999,,,ADM,1999-05-26T16:30:00,1999-07-02T11:21:36,,,,,
CCJ,165279,2026-10-02,,PL 406/2004,2218,Ver. THAMMY MIRANDA (PSD),SGP22,2025-02-12T16:13:00,2025-04-02T10:18:00,2025-11-13T14:57:01,Secretaria (SGP12),Em Condição de Pauta,,
FIN,174961,2026-10-02,,PL 760/2009,2246,Ver. MAJOR PALUMBO (PP),SGP22,2025-12-01T13:15:00,2025-12-02T12:58:00,2026-04-22T15:24:28,Relator(a),Estudo para manifestação do relator,,
FIN,177702,2026-10-02,,PL 6/2013,2279,Ver. SILVINHO LEITE (UNIÃO),ADM,2025-08-29T11:42:29,2025-08-29T16:30:00,2026-05-21T16:37:12,Secretaria (SGP12),Retirado de pauta,,
FIN,182828,2026-10-02,,PL 337/2015,2278,Ver. KEIT LIMA (PSOL),SGP22,2025-02-18T17:32:00,2025-03-14T10:05:00,2026-04-08T18:32:08,Relator(a),Estudo para manifestação do relator,,
CCJ,312669,2026-10-02,,REC 64/1992,,,ATM,1992-09-21T17:26:00,1992-09-21T18:56:00,,,,,
FIN,314923,2026-10-02,,REC 65/2012,,,SGP22,2012-05-30T16:34:26,2019-09-05T10:13:00,,,,,
FIN,316027,2026-10-02,,DOCREC 105/1992,,,ATM,1992-04-15T18:05:00,1992-04-16T15:37:00,,,,,
CCJ,316206,2026-10-02,,DOCREC 288/1992,,,ATM,1992-08-18T14:42:00,1992-08-18T16:31:00,,,,,
ADM,316279,2026-10-02,,DOCREC 361/1992,,,ATM,1992-09-17T12:18:00,1992-09-18T15:00:00,,,,,
ADM,316283,2026-10-02,,DOCREC 365/1992,,,ATM,1992-09-18T13:30:00,1992-11-18T17:37:00,,,,,
ADM,316415,2026-10-02,,DOCREC 498/1992,,,ATM,1992-11-23T15:56:00,2021-02-18T17:58:00,,,,,
CCJ,316427,2026-10-02,,DOCREC 510/1992,,,ATM,1992-12-03T14:39:00,1992-12-03T15:47:00,,,,,
CCJ,326467,2026-10-02,,DOCREC 44/1995,,,ATM,1997-08-25T16:36:49,1997-08-25T20:58:00,,,,,
SAUDE,326707,2026-10-02,,DOCREC 285/1995,,,ATM,1995-11-24T16:10:00,1996-11-24T17:44:00,,,,,
SAUDE,327393,2026-10-02,,DOCREC 171/1996,,,ATM,1996-05-29T14:00:00,2021-02-18T17:58:00,,,,,
FIN,328715,2026-10-02,,DOCREC 204/1998,,,ARQUIVO,2005-01-10T11:28:30,2005-01-11T18:48:53,2005-02-25T00:00:00,Relator(a),,Carlos SGP 15 - URGENTE - para resolver juntada de Proc. ORIGINAL TCM,
SAUDE,328806,2026-10-02,,DOCREC 295/1998,,,ADM,1999-02-11T12:48:46,2022-02-22T18:36:00,,,,,
SAUDE,328807,2026-10-02,,DOCREC 296/1998,,,ADM,1999-02-11T12:48:18,2022-02-22T18:36:00,,,,,
SAUDE,329149,2026-10-02,,DOCREC 10/1999,,,ATM,1999-02-11T17:48:00,2022-02-22T18:36:00,,,,,
SAUDE,329209,2026-10-02,,DOCREC 70/1999,,,ATM,1999-05-10T14:30:00,2022-02-22T18:36:00,,,,,
SAUDE,329211,2026-10-02,,DOCREC 72/1999,,,ATM,1999-05-07T17:41:00,2022-02-22T18:36:00,,,,,
ADM,329883,2026-10-02,,DOCREC 120/2000,,,ATM,2000-06-14T13:59:00,2000-06-14T14:30:00,,,,,
FIN,329920,2026-10-02,,DOCREC 158/2000,,,ARQUIVO,2005-01-10T11:27:09,2005-01-11T18:49:58,2005-02-25T00:00:00,Relator(a),,Carlos SGP-15 - URGENTE - para resolver juntada de Proc. ORIGINAL TCM,
FIN,330041,2026-10-02,,DOCREC 279/2000,,,ARQUIVO,2005-01-10T11:29:44,2005-01-11T18:49:28,2005-02-25T00:00:00,Relator(a),,Carlos SGP-15 URGENTE - para resolver juntada de Proc. ORIGINAL TCM,
FIN,330607,2026-10-02,,DOCREC 171/2001,,,LEG3,2003-04-15T14:57:00,2003-05-14T08:00:00,2005-02-25T00:00:00,Relator(a),,Carlos SGP15 - urgente - para resolver juntada de Proc. ORIGINAL TCM,
FIN,330673,2026-10-02,,DOCREC 239/2001,,,ATM,2001-10-05T16:02:00,2005-03-10T19:00:00,,,,,
CCJ,330803,2026-10-02,,DOCREC 370/2001,,,ATM,2001-11-29T11:54:22,2019-07-26T14:46:00,,,,,
FIN,331855,2026-10-02,,DOCREC 174/2002,,,ATM,2002-03-22T15:00:00,2002-04-01T12:06:18,,,,,
CCJ,331964,2026-10-02,,DOCREC 284/2002,,,ATM,2002-05-07T17:25:00,2002-05-07T17:30:00,,,,,
FIN,331986,2026-10-02,,DOCREC 306/2002,,,ATM,2002-05-15T13:36:00,2002-05-23T08:53:54,,,,,
FIN,332106,2026-10-02,,DOCREC 430/2002,,,ATM,2002-06-27T16:55:00,2002-07-12T09:22:59,,,,,
FIN,332198,2026-10-02,,DOCREC 523/2002,,,ATM,2002-08-08T15:04:00,2002-08-12T13:12:46,,,,,
FIN,332210,2026-10-02,,DOCREC 535/2002,,,ATM,2002-08-13T16:42:00,2002-08-20T14:22:16,,,,,
SAUDE,336257,2026-10-02,,DOCREC 1530/2004,,,ATM,2005-01-17T12:02:20,2005-08-04T15:50:29,,,,,
SAUDE,337078,2026-10-02,,DOCREC 832/2005,,,EDUC,2005-11-18T14:34:09,2009-06-16T14:19:12,,,,,
CCJ,337670,2026-10-02,,DOCREC 1462/2005,1312,Ver. JORGE BORGES (PP),SGP22,2005-11-30T00:00:00,2005-11-30T17:00:00,,,,,
FIN,338544,2026-10-02,,DOCREC 710/2006,,,EDUC,2006-12-13T15:44:50,2006-12-13T17:01:37,,,,,
FIN,338820,2026-10-02,,DOCREC 988/2006,,,SAUDE,2006-12-08T12:00:00,2006-12-08T15:00:00,,,,,
FIN,338824,2026-10-02,,DOCREC 992/2006,,,SAUDE,2006-12-08T12:00:00,2006-12-18T15:00:00,,,,,
SAUDE,340514,2026-10-02,,DOCREC 618/2007,,,SGP22,2007-04-23T10:06:13,2007-04-23T15:17:33,,,,,
FIN,341998,2026-10-02,,DOCREC 2143/2007,,,SGP21,2007-10-30T18:50:44,2007-10-30T19:00:00,2011-03-23T00:00:00,Consultoria,Aguardando Manifestação,Assessoria analise,
FIN,342411,2026-10-02,,DOCREC 2579/2007,,,SAUDE,2007-12-10T14:00:00,2007-12-10T15:00:00,,,,,
FIN,342412,2026-10-02,,DOCREC 2580/2007,,,SAUDE,2007-12-10T14:00:00,2007-12-10T15:00:00,,,,,
FIN,343402,2026-10-02,,DOCREC 3594/2007,,,SAUDE,2008-04-01T18:01:33,2008-04-01T18:21:44,,,,,
FIN,347786,2026-10-02,,DOCREC 3738/2008,,,SGP22,2008-09-12T18:39:13,2008-09-15T14:00:00,,,,,
FIN,348084,2026-10-02,,DOCREC 4040/2008,,,EDUC,2008-10-24T13:57:44,2008-10-24T13:59:28,,,,,
FIN,348506,2026-10-02,,DOCREC 4474/2008,,,SGP22,2008-10-30T13:54:50,2008-10-30T14:23:25,,,,,
SAUDE,349176,2026-10-02,,DOCREC 5155/2008,,,ADM,2009-03-24T16:50:52,2009-03-24T17:00:00,,,,,"24/03/2009 05:00 - Secretaria (SGP12) (Com Saúde / Com Saúde, Promoção Social e Trabalho)"
SAUDE,349330,2026-10-02,,DOCREC 140/2009,,,SGP22,2009-03-16T15:43:33,2009-03-16T16:59:24,,,,,
SAUDE,349371,2026-10-02,,DOCREC 181/2009,,,SGP22,2009-03-09T14:30:44,2009-03-09T14:52:35,,,,,
SAUDE,349378,2026-10-02,,DOCREC 188/2009,,,SGP22,2009-03-16T15:43:33,2009-03-16T16:59:24,,,,,
SAUDE,349379,2026-10-02,,DOCREC 189/2009,,,SGP22,2009-03-16T15:43:33,2009-03-16T16:59:24,,,,,
SAUDE,349380,2026-10-02,,DOCREC 190/2009,,,SGP22,2009-03-16T15:43:33,2009-03-16T16:59:24,,,,,
SAUDE,349381,2026-10-02,,DOCREC 191/2009,,,SGP22,2009-03-16T15:43:33,2009-03-16T16:59:24,,,,,
SAUDE,349382,2026-10-02,,DOCREC 192/2009,,,SGP22,2009-03-16T15:43:33,2009-03-16T16:59:24,,,,,
SAUDE,349383,2026-10-02,,DOCREC 193/2009,,,SGP22,2009-03-16T15:43:33,2009-03-16T16:59:24,,,,,
SAUDE,349384,2026-10-02,,DOCREC 194/2009,,,SGP22,2009-03-16T15:43:33,2009-03-16T16:59:24,,,,,
SAUDE,349423,2026-10-02,,DOCREC 233/2009,,,SGP22,2009-03-03T13:26:37,2009-03-03T14:42:53,,,,,
SAUDE,349424,2026-10-02,,DOCREC 234/2009,,,SGP22,2009-03-03T13:27:09,2009-03-03T14:42:53,,,,,
SAUDE,349627,2026-10-02,,DOCREC 451/2009,,,SGP22,2009-03-16T15:46:14,2009-03-16T16:59:24,,,,,
SAUDE,349628,2026-10-02,,DOCREC 452/2009,,,SGP22,2009-03-16T15:46:14,2009-03-16T16:59:24,,,,,
SAUDE,349629,2026-10-02,,DOCREC 453/2009,,,SGP22,2009-03-16T15:46:14,2009-03-16T16:59:24,,,,,
SAUDE,349630,2026-10-02,,DOCREC 454/2009,,,SGP22,2009-03-16T15:46:14,2009-03-16T16:59:24,,,,,
SAUDE,349631,2026-10-02,,DOCREC 455/2009,,,SGP22,2009-03-16T15:46:14,2009-03-16T16:59:24,,,,,
SAUDE,349632,2026-10-02,,DOCREC 456/2009,,,SGP22,2009-03-16T15:46:14,2009-03-16T16:59:24,,,,,
SAUDE,349633,2026-10-02,,DOCREC 457/2009,,,SGP22,2009-03-16T15:43:33,2009-03-16T16:59:24,,,,,
SAUDE,349634,2026-10-02,,DOCREC 458/2009,,,SGP22,2009-03-16T15:43:33,2009-03-16T16:59:24,,,,,
SAUDE,349635,2026-10-02,,DOCREC 459/2009,,,SGP22,2009-03-16T15:43:33,2009-03-16T16:59:24,,,,,
SAUDE,349636,2026-10-02,,DOCREC 460/2009,,,SGP22,2009-03-16T15:43:33,2009-03-16T16:59:24,,,,,
SAUDE,349642,2026-10-02,,DOCREC 466/2009,,,SGP22,2009-03-16T15:43:33,2009-03-16T16:59:24,,,,,
SAUDE,349643,2026-10-02,,DOCREC 467/2009,,,SGP22,2009-03-16T15:43:33,2009-03-16T16:59:24,,,,,
SAUDE,349644,2026-10-02,,DOCREC 468/2009,,,SGP22,2009-03-16T15:43:33,2009-03-16T16:59:24,,,,,
SAUDE,349645,2026-10-02,,DOCREC 469/2009,,,SGP22,2009-03-16T15:43:33,2009-03-16T16:59:24,,,,,
SAUDE,349646,2026-10-02,,DOCREC 470/2009,,,SGP22,2009-03-16T15:43:33,2009-03-16T16:59:24,,,,,
SAUDE,349647,2026-10-02,,DOCREC 471/2009,,,SGP22,2009-03-16T15:43:33,2009-03-16T16:59:24,,,,,
SAUDE,349648,2026-10-02,,DOCREC 472/2009,,,SGP22,2009-03-16T15:43:33,2009-03-16T16:59:24,,,,,
SAUDE,349649,2026-10-02,,DOCREC 473/2009,,,SGP22,2009-03-16T15:43:33,2009-03-16T16:59:24,,,,,
SAUDE,349650,2026-10-02,,DOCREC 474/2009,,,SGP22,2009-03-16T15:43:33,2009-03-16T16:59:24,,,,,
SAUDE,349651,2026-10-02,,DOCREC 475/2009,,,SGP22,2009-03-16T15:46:14,2009-03-16T16:59:24,,,,,
SAUDE,349655,2026-10-02,,DOCREC 479/2009,,,SGP22,2009-03-16T15:46:14,2009-03-16T16:59:24,,,,,
SAUDE,349664,2026-10-02,,DOCREC 488/2009,,,SGP2,2009-03-30T16:36:20,2009-03-30T16:54:50,,,,,
SAUDE,349665,2026-10-02,,DOCREC 489/2009,,,SGP2,2009-03-17T18:50:46,2009-03-19T15:39:03,,,,,
SAUDE,349668,2026-10-02,,DOCREC 492/2009,,,SGP22,2009-03-16T15:43:33,2009-03-16T16:59:24,,,,,
SAUDE,349669,2026-10-02,,DOCREC 493/2009,,,SGP22,2009-03-16T15:43:33,2009-03-16T16:59:24,,,,,
ECON,349845,2026-10-02,,DOCREC 676/2009,,,SGP2,2009-04-08T16:20:58,2009-04-08T17:00:00,2009-04-24T00:00:00,Secretaria (SGP12),,SGP 33/Arquivo / SGP 33/Arquivo,
FIN,349911,2026-10-02,,DOCREC 744/2009,,,SGP2,2009-04-16T14:48:10,2009-04-16T18:13:58,,,,,
FIN,349962,2026-10-02,,DOCREC 797/2009,,,ADM,2009-05-25T17:12:53,2009-06-03T17:56:57,,,,,25/05/2009 05:00 - Secretaria (SGP12) (Com Fin / Com Finanças e Orçamento)
FIN,349965,2026-10-02,,DOCREC 800/2009,,,ADM,2009-05-25T17:12:53,2009-06-03T17:56:57,,,,,25/05/2009 05:00 - Secretaria (SGP12) (Com Fin / Com Finanças e Orçamento)
FIN,349966,2026-10-02,,DOCREC 801/2009,,,ADM,2009-05-25T17:12:53,2009-06-03T17:56:57,,,,,25/05/2009 05:00 - Secretaria (SGP12) (Com Fin / Com Finanças e Orçamento)
FIN,349967,2026-10-02,,DOCREC 802/2009,,,ADM,2009-05-25T17:12:53,2009-06-03T17:56:57,,,,,17/05/2009 05:00 - Secretaria (SGP12) (Com Fin / Com Finanças e Orçamento)
FIN,349968,2026-10-02,,DOCREC 803/2009,,,ADM,2009-05-25T17:12:53,2009-06-03T17:56:57,,,,,25/05/2009 05:00 - Secretaria (SGP12) (Com Fin / Com Finanças e Orçamento)
FIN,349969,2026-10-02,,DOCREC 804/2009,,,ADM,2009-05-25T17:12:53,2009-06-03T17:56:57,,,,,25/05/2009 05:00 - Secretaria (SGP12) (Com Fin / Com Finanças e Orçamento)
FIN,349970,2026-10-02,,DOCREC 805/2009,,,ADM,2009-05-25T17:12:53,2009-06-03T17:56:57,,,,,25/05/2009 05:00 - Secretaria (SGP12) (Com Fin / Com Finanças e Orçamento)
FIN,349971,2026-10-02,,DOCREC 806/2009,,,ADM,2009-05-25T17:12:53,2009-06-03T17:56:57,,,,,25/05/2009 05:00 - Secretaria (SGP12) (Com Fin / Com Finanças e Orçamento)
FIN,349972,2026-10-02,,DOCREC 807/2009,,,ADM,2009-05-25T17:12:53,2009-06-03T17:56:57,,,,,25/05/2009 05:00 - Secretaria (SGP12) (Com Fin / Com Finanças e Orçamento)
FIN,349973,2026-10-02,,DOCREC 808/2009,,,ADM,2009-05-25T17:12:53,2009-06-03T17:56:57,,,,,25/05/2009 05:00 - Secretaria (SGP12) (Com Fin / Com Finanças e Orçamento)
FIN,349974,2026-10-02,,DOCREC 809/2009,,,ADM,2009-05-25T17:12:53,2009-06-03T17:56:57,,,,,25/05/2009 05:00 - Secretaria (SGP12) (Com Fin / Com Finanças e Orçamento)
FIN,349975,2026-10-02,,DOCREC 810/2009,,,ADM,2009-05-25T17:12:53,2009-06-03T17:56:57,,,,,25/05/2009 05:00 - Secretaria (SGP12) (Com Fin / Com Finanças e Orçamento)
FIN,349976,2026-10-02,,DOCREC 811/2009,,,ADM,2009-05-25T17:12:53,2009-06-03T17:56:57,,,,,25/05/2009 05:00 - Secretaria (SGP12) (Com Fin / Com Finanças e Orçamento)
FIN,349977,2026-10-02,,DOCREC 812/2009,,,ADM,2009-05-25T17:12:53,2009-06-03T17:56:57,,,,,25/05/2009 05:00 - Secretaria (SGP12) (Com Fin / Com Finanças e Orçamento)
FIN,349978,2026-10-02,,DOCREC 813/2009,,,ADM,2009-05-25T17:12:53,2009-06-03T17:56:57,,,,,25/05/2009 05:00 - Secretaria (SGP12) (Com Fin / Com Finanças e Orçamento)
FIN,349979,2026-10-02,,DOCREC 814/2009,,,ADM,2009-05-25T17:12:53,2009-06-03T17:56:57,,,,,25/05/2009 05:00 - Secretaria (SGP12) (Com Fin / Com Finanças e Orçamento)
FIN,349980,2026-10-02,,DOCREC 815/2009,,,ADM,2009-05-25T17:12:53,2009-06-03T17:56:57,,,,,25/05/2009 05:00 - Secretaria (SGP12) (Com Fin / Com Finanças e Orçamento)
SAUDE,350026,2026-10-02,,DOCREC 861/2009,,,SGP2,2009-04-22T14:19:39,2009-04-23T17:37:40,,,,,
FIN,350030,2026-10-02,,DOCREC 865/2009,,,EDUC,2009-05-26T14:30:00,2009-05-26T15:00:00,,,,,
FIN,350031,2026-10-02,,DOCREC 866/2009,,,EDUC,2009-05-26T14:30:00,2009-05-26T15:00:00,,,,,
SAUDE,350033,2026-10-02,,DOCREC 868/2009,,,SGP2,2009-04-22T14:19:39,2009-04-23T17:37:40,,,,,
FIN,350255,2026-10-02,,DOCREC 1097/2009,,,URB,2009-05-29T12:56:39,2009-06-03T17:56:57,,,,,
FIN,350261,2026-10-02,,DOCREC 1103/2009,,,ADM,2009-06-18T15:24:49,2009-06-19T15:47:07,,,,,18/06/2009 02:00 - Secretaria (SGP12) (Com Fin / Com Finanças e Orçamento)
SAUDE,350394,2026-10-02,,DOCREC 1238/2009,,,SGP12,2009-05-11T17:07:32,2009-05-11T18:00:00,,,,,
FIN,350418,2026-10-02,,DOCREC 1262/2009,,,SGP2,2009-05-22T14:35:51,2009-06-03T17:56:57,,,,,
FIN,350419,2026-10-02,,DOCREC 1263/2009,,,ADM,2009-06-18T15:26:15,2009-06-19T15:47:07,,,,,18/06/2009 02:00 - Secretaria (SGP12) (Com Fin / Com Finanças e Orçamento)
FIN,350420,2026-10-02,,DOCREC 1264/2009,,,ADM,2009-06-18T15:26:33,2009-06-19T15:47:07,,,,,18/06/2009 02:00 - Secretaria (SGP12) (Com Fin / Com Finanças e Orçamento)
FIN,350424,2026-10-02,,DOCREC 1268/2009,,,ADM,2009-06-18T15:27:13,2009-06-19T15:47:07,,,,,18/06/2009 02:00 - Secretaria (SGP12) (Com Fin / Com Finanças e Orçamento)
FIN,350496,2026-10-02,,DOCREC 1343/2009,,,ADM,2009-06-18T15:27:42,2009-06-19T15:47:07,,,,,18/06/2009 02:00 - Secretaria (SGP12) (Com Fin / Com Finanças e Orçamento)
FIN,352357,2026-10-02,,DOCREC 3257/2009,,,SGP2,2009-10-20T18:18:04,2009-10-20T18:30:00,,,,,
SAUDE,352658,2026-10-02,,DOCREC 3565/2009,,,SGP2,2009-11-17T18:44:02,2009-11-17T19:00:00,,,,,
FIN,352767,2026-10-02,,DOCREC 3676/2009,,,SAUDE,2010-10-18T18:39:21,2010-10-22T15:54:31,,,,,
FIN,356742,2026-10-02,,DOCREC 3976/2010,,,ADM,2011-03-04T19:24:29,2011-05-27T15:51:14,,,,,04/03/2011 12:00 - Secretaria (SGP12) (Fin / para ciência / Comissão - Fin)
FIN,356810,2026-10-02,,DOCREC 4045/2010,,,SAUDE,2011-05-04T16:09:55,2011-05-04T18:00:00,,,,,
ADM,359931,2026-10-02,,DOCREC 1516/2011,,,SGP12,2011-03-28T16:55:54,2011-03-31T17:18:31,,,,,
EDUC,359938,2026-10-02,,DOCREC 1523/2011,,,SGP22,2011-03-23T16:20:03,2021-02-16T12:04:00,,,,,
CCJ,360008,2026-10-02,,DOCREC 1593/2011,,,SGP22,2011-03-29T16:24:47,2019-07-26T14:46:00,,,,,
CCJ,360009,2026-10-02,,DOCREC 1594/2011,,,SGP22,2011-03-29T16:23:54,2019-07-26T14:46:00,,,,,
CCJ,360053,2026-10-02,,DOCREC 1641/2011,,,SGP22,2011-04-01T17:56:46,2019-07-26T14:46:00,,,,,
CCJ,360054,2026-10-02,,DOCREC 1642/2011,,,SGP22,2011-04-01T17:57:20,2019-07-26T14:46:00,,,,,
CCJ,360055,2026-10-02,,DOCREC 1643/2011,,,SGP22,2011-04-01T17:57:45,2019-07-26T14:46:00,,,,,
CCJ,360056,2026-10-02,,DOCREC 1644/2011,,,SGP22,2011-04-01T17:58:30,2019-07-26T14:46:00,,,,,
CCJ,360061,2026-10-02,,DOCREC 1649/2011,,,SGP22,2011-04-01T17:59:06,2019-07-26T14:46:00,,,,,
CCJ,360065,2026-10-02,,DOCREC 1653/2011,,,SGP22,2011-04-07T14:11:34,2019-07-26T14:46:00,,,,,
CCJ,360104,2026-10-02,,DOCREC 1692/2011,,,SGP22,2011-05-02T15:34:06,2019-07-26T14:46:00,,,,,
CCJ,360105,2026-10-02,,DOCREC 1693/2011,,,SGP22,2011-05-02T15:35:59,2019-07-26T14:46:00,,,,,
SAUDE,360121,2026-10-02,,DOCREC 1709/2011,,,SGP22,2011-05-18T00:00:00,2021-02-18T17:58:00,,,,,
SAUDE,360123,2026-10-02,,DOCREC 1711/2011,,,SGP22,2011-05-18T00:00:00,2021-02-18T17:58:00,,,,,
CCJ,360146,2026-10-02,,DOCREC 1734/2011,,,SGP22,2011-05-24T14:03:06,2019-07-26T14:46:00,,,,,
ADM,360150,2026-10-02,,DOCREC 1738/2011,,,SGP22,2011-05-24T14:00:41,2021-02-18T17:58:00,,,,,
ADM,360151,2026-10-02,,DOCREC 1739/2011,,,SGP22,2011-05-24T13:59:02,2021-02-18T17:58:00,,,,,
ECON,360152,2026-10-02,,DOCREC 1740/2011,,,SGP22,2011-05-24T13:54:20,2021-02-17T00:52:00,,,,,
ECON,360153,2026-10-02,,DOCREC 1741/2011,,,SGP22,2011-05-24T13:57:47,2021-02-17T00:52:00,,,,,
CCJ,360166,2026-10-02,,DOCREC 1754/2011,,,SGP22,2011-05-27T13:16:46,2019-07-26T14:46:00,,,,,
CCJ,360167,2026-10-02,,DOCREC 1755/2011,,,SGP22,2011-05-27T13:19:21,2019-07-26T14:46:00,,,,,
CCJ,360170,2026-10-02,,DOCREC 1758/2011,,,SGP22,2011-05-27T13:24:50,2019-07-26T14:46:00,,,,,
ECON,360177,2026-10-02,,DOCREC 1765/2011,,,SGP22,2011-05-30T12:00:15,2021-02-17T00:52:00,,,,,
CCJ,360179,2026-10-02,,DOCREC 1767/2011,,,SGP22,2011-06-03T15:08:22,2019-07-26T14:46:00,,,,,
CCJ,360180,2026-10-02,,DOCREC 1768/2011,,,SGP22,2011-06-03T15:10:54,2019-07-26T14:46:00,,,,,
ADM,360185,2026-10-02,,DOCREC 1773/2011,,,SGP22,2011-06-03T12:57:27,2021-02-18T17:58:00,,,,,
ADM,360186,2026-10-02,,DOCREC 1774/2011,,,SGP22,2011-06-03T12:57:27,2021-02-18T17:58:00,,,,,
ADM,360187,2026-10-02,,DOCREC 1775/2011,,,SGP22,2011-06-03T12:57:27,2021-02-18T17:58:00,,,,,
CCJ,360188,2026-10-02,,DOCREC 1776/2011,,,SGP22,2011-06-06T15:11:14,2019-07-26T14:46:00,,,,,
ECON,360193,2026-10-02,,DOCREC 1781/2011,,,SGP22,2011-06-07T14:11:28,2021-02-17T00:52:00,,,,,
ADM,360201,2026-10-02,,DOCREC 1789/2011,,,SGP22,2011-06-09T12:48:15,2021-02-18T17:58:00,,,,,
ECON,360205,2026-10-02,,DOCREC 1793/2011,,,SGP22,2011-06-13T13:42:08,2021-02-17T00:52:00,,,,,
CCJ,360209,2026-10-02,,DOCREC 1797/2011,,,SGP22,2011-06-14T14:57:40,2019-07-26T14:46:00,,,,,
CCJ,360210,2026-10-02,,DOCREC 1798/2011,,,SGP22,2011-06-14T14:57:40,2019-07-26T14:46:00,,,,,
ECON,360211,2026-10-02,,DOCREC 1799/2011,,,SGP12,2011-06-14T18:30:00,2012-02-18T11:15:00,,,,,
CCJ,360233,2026-10-02,,DOCREC 1821/2011,,,SGP22,2011-06-20T13:36:48,2019-07-26T14:46:00,,,,,
CCJ,360245,2026-10-02,,DOCREC 1833/2011,,,SGP22,2011-06-27T12:47:35,2019-07-26T14:46:00,,,,,
ECON,360280,2026-10-02,,DOCREC 1869/2011,,,SGP22,2011-06-29T15:21:11,2021-02-17T00:52:00,,,,,
SAUDE,360281,2026-10-02,,DOCREC 1870/2011,,,SGP22,2011-06-29T15:21:11,2021-02-18T17:58:00,,,,,
ECON,360282,2026-10-02,,DOCREC 1871/2011,,,SGP22,2011-06-30T13:02:00,2021-02-17T00:52:00,,,,,
ECON,360285,2026-10-02,,DOCREC 1874/2011,,,SGP22,2011-07-01T14:07:37,2021-02-17T00:52:00,,,,,
CCJ,360288,2026-10-02,,DOCREC 1877/2011,,,SGP22,2011-07-05T13:12:00,2019-07-26T14:46:00,,,,,
CCJ,360293,2026-10-02,,DOCREC 1882/2011,,,SGP22,2011-07-06T13:04:47,2019-07-26T14:46:00,,,,,
CCJ,360300,2026-10-02,,DOCREC 1889/2011,,,SGP22,2011-07-12T13:11:30,2019-07-26T14:46:00,,,,,
CCJ,360301,2026-10-02,,DOCREC 1890/2011,,,SGP22,2011-07-12T13:12:02,2019-07-26T14:46:00,,,,,
ADM,360311,2026-10-02,,DOCREC 1900/2011,,,SGP22,2011-07-14T12:41:22,2021-02-18T17:58:00,,,,,
CCJ,360312,2026-10-02,,DOCREC 1901/2011,,,SGP22,2011-07-15T12:15:18,2019-07-26T14:46:00,,,,,
ADM,360317,2026-10-02,,DOCREC 1906/2011,,,SGP22,2011-07-20T17:25:32,2021-02-18T17:58:00,,,,,
CCJ,360318,2026-10-02,,DOCREC 1907/2011,,,SGP22,2011-07-20T17:26:13,2019-07-26T14:46:00,,,,,
ECON,360329,2026-10-02,,DOCREC 1918/2011,,,SGP22,2011-07-21T16:23:59,2021-02-17T00:52:00,,,,,
ECON,360330,2026-10-02,,DOCREC 1919/2011,,,SGP22,2011-07-21T16:23:28,2021-02-17T00:52:00,,,,,
CCJ,360342,2026-10-02,,DOCREC 1931/2011,,,SGP22,2011-08-01T12:36:46,2019-07-26T14:46:00,,,,,
CCJ,360343,2026-10-02,,DOCREC 1932/2011,,,SGP22,2011-08-01T12:36:46,2019-07-26T14:46:00,,,,,
ECON,360344,2026-10-02,,DOCREC 1933/2011,,,SGP22,2011-08-01T12:36:46,2021-02-17T00:52:00,,,,,
ADM,360346,2026-10-02,,DOCREC 1935/2011,,,SGP22,2011-08-01T12:36:46,2021-02-18T17:58:00,,,,,
CCJ,360348,2026-10-02,,DOCREC 1937/2011,,,SGP22,2011-08-05T15:33:21,2019-07-26T14:46:00,,,,,
ADM,360349,2026-10-02,,DOCREC 1938/2011,,,SGP22,2011-08-05T16:28:31,2020-11-19T13:58:00,,,,,
CCJ,360353,2026-10-02,,DOCREC 1942/2011,,,SGP22,2011-08-05T11:16:10,2019-07-26T14:46:00,,,,,
CCJ,360354,2026-10-02,,DOCREC 1943/2011,,,SGP22,2011-08-05T11:16:10,2019-07-26T14:46:00,,,,,
FIN,360355,2026-10-02,,DOCREC 1944/2011,,,SGP22,2011-08-05T14:39:10,2019-09-05T10:13:00,,,,,
CCJ,360356,2026-10-02,,DOCREC 1945/2011,,,SGP22,2011-08-09T12:47:16,2019-07-26T14:46:00,,,,,
ADM,360357,2026-10-02,,DOCREC 1946/2011,,,SGP22,2011-08-09T12:48:00,2021-02-18T17:58:00,,,,,
CCJ,360358,2026-10-02,,DOCREC 1947/2011,,,SGP22,2011-08-11T12:48:10,2019-07-26T14:46:00,,,,,
ADM,360359,2026-10-02,,DOCREC 1948/2011,,,SGP22,2011-08-11T12:48:39,2021-02-18T17:58:00,,,,,
CCJ,360362,2026-10-02,,DOCREC 1951/2011,,,SGP22,2011-08-12T13:06:00,2019-07-26T14:46:00,,,,,
ECON,360415,2026-10-02,,DOCREC 2004/2011,,,SGP22,2011-09-12T18:14:41,2021-02-17T00:52:00,,,,,
CCJ,360416,2026-10-02,,DOCREC 2005/2011,,,SGP22,2011-09-12T18:16:45,2019-07-26T14:46:00,,,,,
ECON,360417,2026-10-02,,DOCREC 2006/2011,,,SGP22,2011-09-12T18:18:15,2021-02-17T00:52:00,,,,,
EDUC,360436,2026-10-02,,DOCREC 2025/2011,,,SGP22,2011-09-20T13:40:04,2021-02-16T12:04:00,,,,,
ECON,360454,2026-10-02,,DOCREC 2044/2011,,,SGP22,2011-10-05T13:55:59,2021-02-17T00:52:00,,,,,
CCJ,360467,2026-10-02,,DOCREC 2057/2011,,,SGP22,2011-10-10T14:45:47,2019-07-26T14:46:00,,,,,
CCJ,360468,2026-10-02,,DOCREC 2058/2011,,,SGP12,2011-11-07T18:16:26,2011-11-07T18:20:00,2012-08-06T12:26:11,Presidente da Comissão,Assinar Pedido de Informações,,
ADM,360479,2026-10-02,,DOCREC 2069/2011,,,SGP22,2011-10-21T15:55:07,2021-02-18T17:58:00,,,,,
ECON,360485,2026-10-02,,DOCREC 2075/2011,,,SGP22,2011-10-25T14:59:39,2021-02-17T00:52:00,,,,,
ECON,360486,2026-10-02,,DOCREC 2076/2011,,,SGP22,2011-10-25T14:59:39,2021-02-17T00:52:00,,,,,
ECON,360492,2026-10-02,,DOCREC 2082/2011,,,SGP22,2011-11-01T13:19:38,2021-02-17T00:52:00,,,,,
CCJ,360494,2026-10-02,,DOCREC 2084/2011,,,SGP22,2011-11-03T18:25:35,2019-07-26T14:46:00,,,,,
ECON,360498,2026-10-02,,DOCREC 2088/2011,,,SGP22,2011-11-03T18:25:35,2021-02-17T00:52:00,,,,,
ADM,360499,2026-10-02,,DOCREC 2089/2011,,,SGP22,2011-11-04T13:07:12,2021-02-18T17:58:00,,,,,
ADM,360508,2026-10-02,,DOCREC 2098/2011,,,SGP22,2011-11-08T14:50:14,2021-02-18T17:58:00,,,,,
CCJ,360509,2026-10-02,,DOCREC 2099/2011,,,SGP22,2011-11-09T14:57:24,2019-07-26T14:46:00,,,,,
CCJ,360510,2026-10-02,,DOCREC 2100/2011,,,SGP22,2011-11-09T14:57:24,2019-07-26T14:46:00,,,,,
ADM,360512,2026-10-02,,DOCREC 2102/2011,,,SGP22,2011-11-09T16:23:39,2021-02-18T17:58:00,,,,,
ECON,360513,2026-10-02,,DOCREC 2103/2011,,,SGP22,2011-11-09T16:09:07,2021-02-17T00:52:00,,,,,
ECON,360515,2026-10-02,,DOCREC 2105/2011,,,SGP22,2011-11-09T16:29:20,2021-02-17T00:52:00,,,,,
CCJ,360516,2026-10-02,,DOCREC 2106/2011,,,SGP22,2011-11-09T16:09:07,2019-07-26T14:46:00,,,,,
ECON,360525,2026-10-02,,DOCREC 2115/2011,,,SGP22,2011-11-11T16:10:26,2021-02-17T00:52:00,,,,,
CCJ,360535,2026-10-02,,DOCREC 2125/2011,,,SGP22,2011-11-21T16:42:39,2019-07-26T14:46:00,,,,,
CCJ,360538,2026-10-02,,DOCREC 2128/2011,,,SGP22,2011-11-21T16:44:36,2019-07-26T14:46:00,,,,,
CCJ,360539,2026-10-02,,DOCREC 2129/2011,,,SGP22,2011-11-21T16:45:44,2019-07-26T14:46:00,,,,,
CCJ,360541,2026-10-02,,DOCREC 2131/2011,,,SGP22,2011-11-21T16:51:12,2019-07-26T14:46:00,,,,,
ECON,360543,2026-10-02,,DOCREC 2133/2011,,,SGP22,2011-11-21T16:53:04,2021-02-17T00:52:00,,,,,
ADM,360544,2026-10-02,,DOCREC 2134/2011,,,SGP22,2011-11-21T16:54:53,2021-02-18T17:58:00,,,,,
CCJ,360545,2026-10-02,,DOCREC 2135/2011,,,SGP22,2011-11-22T11:22:41,2019-07-26T14:46:00,,,,,
CCJ,360546,2026-10-02,,DOCREC 2136/2011,,,SGP22,2011-11-22T11:28:34,2019-07-26T14:46:00,,,,,
CCJ,360547,2026-10-02,,DOCREC 2137/2011,,,SGP22,2011-11-22T11:34:49,2019-07-26T14:46:00,,,,,
ECON,360548,2026-10-02,,DOCREC 2138/2011,,,SGP22,2011-11-22T11:41:07,2021-02-17T00:52:00,,,,,
CCJ,360549,2026-10-02,,DOCREC 2139/2011,,,SGP22,2011-11-22T11:55:23,2019-07-26T14:46:00,,,,,
CCJ,360550,2026-10-02,,DOCREC 2140/2011,,,SGP22,2011-11-23T16:16:37,2019-07-26T14:46:00,,,,,
ECON,360553,2026-10-02,,DOCREC 2143/2011,,,SGP22,2011-11-24T13:29:02,2021-02-17T00:52:00,,,,,
CCJ,360554,2026-10-02,,DOCREC 2144/2011,,,SGP22,2011-11-24T13:30:53,2019-07-26T14:46:00,,,,,
CCJ,360555,2026-10-02,,DOCREC 2145/2011,,,SGP22,2011-11-24T13:30:27,2019-07-26T14:46:00,,,,,
CCJ,360556,2026-10-02,,DOCREC 2146/2011,,,SGP22,2011-11-24T13:29:50,2019-07-26T14:46:00,,,,,
CCJ,360558,2026-10-02,,DOCREC 2148/2011,,,SGP22,2011-11-25T12:41:19,2019-07-26T14:46:00,,,,,
CCJ,360559,2026-10-02,,DOCREC 2149/2011,,,SGP22,2011-11-25T12:42:08,2019-07-26T14:46:00,,,,,
ECON,360571,2026-10-02,,DOCREC 2161/2011,,,SGP22,2011-12-01T16:01:59,2021-02-17T00:52:00,,,,,
ADM,360572,2026-10-02,,DOCREC 2162/2011,,,SGP22,2011-12-01T15:56:31,2021-02-18T17:58:00,,,,,
CCJ,360578,2026-10-02,,DOCREC 2168/2011,,,SGP22,2011-12-01T15:54:10,2019-07-26T14:46:00,,,,,
CCJ,360596,2026-10-02,,DOCREC 2186/2011,,,SGP22,2011-12-06T13:16:49,2019-07-26T14:46:00,,,,,
ECON,360602,2026-10-02,,DOCREC 2192/2011,,,SGP22,2011-12-13T15:50:45,2021-02-17T00:52:00,,,,,
ECON,360603,2026-10-02,,DOCREC 2193/2011,,,SGP22,2011-12-13T18:17:13,2021-02-17T00:52:00,,,,,
CCJ,360606,2026-10-02,,DOCREC 2196/2011,,,SGP22,2011-12-13T18:20:16,2019-07-26T14:46:00,,,,,
CCJ,360607,2026-10-02,,DOCREC 2197/2011,,,SGP22,2011-12-13T18:23:49,2019-07-26T14:46:00,,,,,
CCJ,360608,2026-10-02,,DOCREC 2198/2011,,,SGP22,2011-12-13T18:24:52,2019-07-26T14:46:00,,,,,
ECON,360610,2026-10-02,,DOCREC 2200/2011,,,SGP22,2011-12-14T17:00:15,2021-02-17T00:52:00,,,,,
CCJ,360630,2026-10-02,,DOCREC 7/2012,,,SGP22,2012-01-05T15:54:27,2019-07-26T14:46:00,,,,,
CCJ,360633,2026-10-02,,DOCREC 10/2012,,,SGP22,2012-01-05T15:54:27,2019-07-26T14:46:00,,,,,
CCJ,360634,2026-10-02,,DOCREC 11/2012,,,SGP22,2012-01-05T15:54:27,2019-07-26T14:46:00,,,,,
ECON,360635,2026-10-02,,DOCREC 12/2012,,,SGP22,2012-01-05T16:05:38,2021-02-17T00:52:00,,,,,
ECON,360636,2026-10-02,,DOCREC 13/2012,,,SGP22,2012-01-05T16:05:38,2021-02-17T00:52:00,,,,,
ECON,360639,2026-10-02,,DOCREC 16/2012,,,SGP22,2012-01-05T16:05:38,2021-02-17T00:52:00,,,,,
CCJ,360648,2026-10-02,,DOCREC 25/2012,,,SGP22,2012-01-10T12:15:17,2014-09-08T18:28:00,,,,,
CCJ,360649,2026-10-02,,DOCREC 26/2012,,,SGP22,2012-01-10T12:15:17,2019-07-26T14:46:00,,,,,
CCJ,360652,2026-10-02,,DOCREC 29/2012,,,SGP22,2012-01-11T16:08:57,2019-07-26T14:46:00,,,,,
CCJ,360654,2026-10-02,,DOCREC 31/2012,,,SGP22,2012-01-13T18:42:51,2019-07-26T14:46:00,,,,,
CCJ,360656,2026-10-02,,DOCREC 33/2012,,,SGP22,2012-01-17T14:34:30,2019-07-26T14:46:00,,,,,
EDUC,360657,2026-10-02,,DOCREC 34/2012,,,SGP22,2012-01-17T14:33:52,2021-02-16T12:04:00,,,,,
FIN,360658,2026-10-02,,DOCREC 35/2012,,,SGP22,2012-01-17T14:33:14,2019-09-05T10:13:00,,,,,
ADM,360660,2026-10-02,,DOCREC 37/2012,,,SGP22,2012-01-17T14:32:41,2021-02-18T17:58:00,,,,,
CCJ,360661,2026-10-02,,DOCREC 38/2012,,,SGP22,2012-01-17T14:31:01,2019-07-26T14:46:00,,,,,
ECON,360662,2026-10-02,,DOCREC 39/2012,,,SGP22,2012-01-18T14:38:44,2021-02-17T00:52:00,,,,,
ECON,360664,2026-10-02,,DOCREC 41/2012,,,SGP22,2012-01-18T14:38:17,2021-02-17T00:52:00,,,,,
CCJ,360667,2026-10-02,,DOCREC 44/2012,,,SGP22,2012-01-24T16:26:53,2019-07-26T14:46:00,,,,,
CCJ,360668,2026-10-02,,DOCREC 45/2012,,,SGP22,2012-01-24T16:26:23,2019-07-26T14:46:00,,,,,
CCJ,360669,2026-10-02,,DOCREC 46/2012,,,SGP22,2012-01-24T16:27:18,2019-07-26T14:46:00,,,,,
CCJ,360670,2026-10-02,,DOCREC 47/2012,,,SGP22,2012-01-24T16:27:42,2019-07-26T14:46:00,,,,,
CCJ,360671,2026-10-02,,DOCREC 48/2012,,,SGP22,2012-01-24T16:28:05,2019-07-26T14:46:00,,,,,
ECON,360673,2026-10-02,,DOCREC 50/2012,,,SGP22,2012-01-24T16:28:50,2021-02-17T00:52:00,,,,,
ECON,360682,2026-10-02,,DOCREC 59/2012,,,SGP22,2012-01-30T17:01:22,2021-02-17T00:52:00,,,,,
ECON,360686,2026-10-02,,DOCREC 63/2012,,,SGP22,2012-01-31T14:05:26,2021-02-17T00:52:00,,,,,
ECON,360705,2026-10-02,,DOCREC 82/2012,,,SGP22,2012-02-10T12:34:50,2021-02-17T00:52:00,,,,,
ECON,360724,2026-10-02,,DOCREC 101/2012,,,SGP22,2012-02-23T18:29:03,2021-02-17T00:52:00,,,,,
CCJ,360728,2026-10-02,,DOCREC 105/2012,,,SGP22,2012-02-23T18:26:29,2019-07-26T14:46:00,,,,,
CCJ,360729,2026-10-02,,DOCREC 106/2012,,,SGP22,2012-02-23T18:32:13,2019-07-26T14:46:00,,,,,
CCJ,360730,2026-10-02,,DOCREC 107/2012,,,SGP22,2012-02-23T18:25:52,2019-07-26T14:46:00,,,,,
CCJ,360731,2026-10-02,,DOCREC 108/2012,,,SGP22,2012-02-23T18:29:31,2019-07-26T14:46:00,,,,,
CCJ,360734,2026-10-02,,DOCREC 111/2012,,,SGP22,2012-02-28T14:11:07,2019-07-26T14:46:00,,,,,
CCJ,360735,2026-10-02,,DOCREC 112/2012,,,SGP22,2012-02-28T14:11:28,2019-07-26T14:46:00,,,,,
CCJ,360744,2026-10-02,,DOCREC 121/2012,,,SGP22,2012-03-12T16:36:02,2019-07-26T14:46:00,,,,,
CCJ,360745,2026-10-02,,DOCREC 122/2012,,,SGP22,2012-03-12T16:35:22,2019-07-26T14:46:00,,,,,
CCJ,360746,2026-10-02,,DOCREC 123/2012,,,SGP22,2012-03-12T16:36:41,2019-07-26T14:46:00,,,,,
CCJ,360750,2026-10-02,,DOCREC 127/2012,,,SGP22,2012-03-12T16:35:46,2019-07-26T14:46:00,,,,,
CCJ,360751,2026-10-02,,DOCREC 128/2012,,,SGP22,2012-03-12T16:36:18,2019-07-26T14:46:00,,,,,
CCJ,360752,2026-10-02,,DOCREC 129/2012,,,SGP22,2012-03-14T13:45:22,2012-03-15T16:35:11,,,,,
ECON,360777,2026-10-02,,DOCREC 154/2012,,,SGP22,2012-03-30T15:42:58,2021-02-17T00:52:00,,,,,
ECON,360817,2026-10-02,,DOCREC 194/2012,,,SGP22,2012-04-24T14:33:43,2021-02-17T00:52:00,,,,,
CCJ,360830,2026-10-02,,DOCREC 207/2012,,,SGP22,2012-05-03T17:27:48,2019-07-26T14:46:00,,,,,
ECON,360831,2026-10-02,,DOCREC 208/2012,,,SGP22,2012-05-03T17:26:53,2021-02-17T00:52:00,,,,,
EDUC,360840,2026-10-02,,DOCREC 217/2012,,,SGP22,2012-05-08T16:42:39,2021-02-16T12:04:00,,,,,
CCJ,360841,2026-10-02,,DOCREC 218/2012,,,SGP22,2012-05-08T16:41:48,2019-07-26T14:46:00,,,,,
CCJ,360846,2026-10-02,,DOCREC 223/2012,,,SGP22,2012-05-10T13:38:38,2019-07-26T14:46:00,,,,,
FIN,360860,2026-10-02,,DOCREC 237/2012,,,SGP22,2012-05-16T16:53:18,2019-09-05T10:13:00,,,,,
SAUDE,360862,2026-10-02,,DOCREC 239/2012,,,SGP22,2012-05-16T16:54:15,2021-02-18T17:58:00,,,,,
ADM,360869,2026-10-02,,DOCREC 246/2012,,,SGP22,2012-05-18T14:47:39,2021-02-18T17:58:00,,,,,
EDUC,360881,2026-10-02,,DOCREC 258/2012,,,SGP22,2012-05-21T16:51:43,2021-02-16T12:04:00,,,,,
FIN,360883,2026-10-02,,DOCREC 260/2012,,,SGP22,2012-05-28T10:11:19,2019-09-05T10:13:00,,,,,
ECON,360890,2026-10-02,,DOCREC 267/2012,,,SGP22,2012-05-28T18:26:23,2021-02-17T00:52:00,,,,,
ECON,360891,2026-10-02,,DOCREC 268/2012,,,SGP22,2012-05-28T18:26:39,2021-02-17T00:52:00,,,,,
FIN,360897,2026-10-02,,DOCREC 274/2012,,,SGP22,2012-05-28T18:25:38,2019-09-05T10:13:00,,,,,
CCJ,360901,2026-10-02,,DOCREC 278/2012,,,SGP22,2012-06-04T16:52:56,2019-07-26T14:46:00,,,,,
ECON,360908,2026-10-02,,DOCREC 285/2012,,,SGP22,2012-06-11T12:07:11,2021-02-17T00:52:00,,,,,
FIN,360909,2026-10-02,,DOCREC 286/2012,,,SGP22,2012-06-11T12:07:37,2019-09-05T10:13:00,,,,,
SAUDE,360913,2026-10-02,,DOCREC 290/2012,,,SGP22,2012-06-13T14:18:14,2021-02-18T17:58:00,,,,,
EDUC,360916,2026-10-02,,DOCREC 293/2012,,,SGP22,2012-06-15T10:47:58,2021-02-16T12:04:00,,,,,
SAUDE,360929,2026-10-02,,DOCREC 306/2012,,,SGP22,2012-06-18T17:38:39,2021-02-18T17:58:00,,,,,
ADM,360937,2026-10-02,,DOCREC 314/2012,,,SGP22,2012-06-19T16:13:23,2021-02-18T17:58:00,,,,,
SAUDE,360939,2026-10-02,,DOCREC 316/2012,,,SGP22,2012-06-20T14:52:42,2021-02-18T17:58:00,,,,,
ECON,360952,2026-10-02,,DOCREC 329/2012,,,SGP22,2012-06-25T14:09:46,2021-02-17T00:52:00,,,,,
ECON,360955,2026-10-02,,DOCREC 332/2012,,,SGP22,2012-06-27T15:32:20,2021-02-17T00:52:00,,,,,
FIN,360956,2026-10-02,,DOCREC 333/2012,,,SGP22,2012-06-27T15:32:45,2019-09-05T10:13:00,,,,,
EDUC,360980,2026-10-02,,DOCREC 357/2012,,,SGP22,2012-07-23T12:42:24,2021-02-16T12:04:00,,,,,
SAUDE,360981,2026-10-02,,DOCREC 358/2012,,,SGP22,2012-07-23T12:41:47,2021-02-18T17:58:00,,,,,
FIN,361000,2026-10-02,,DOCREC 377/2012,,,SGP22,2012-07-24T16:22:15,2019-09-05T10:13:00,,,,,
CCJ,361002,2026-10-02,,DOCREC 379/2012,,,SGP22,2012-07-26T11:14:02,2019-07-26T14:46:00,,,,,
CCJ,361003,2026-10-02,,DOCREC 380/2012,,,SGP22,2012-07-26T11:14:02,2019-07-26T14:46:00,,,,,
CCJ,361004,2026-10-02,,DOCREC 381/2012,,,SGP22,2012-07-26T11:14:02,2019-07-26T14:46:00,,,,,
ADM,361005,2026-10-02,,DOCREC 382/2012,,,SGP22,2012-07-26T11:06:49,2021-02-18T17:58:00,,,,,
EDUC,361010,2026-10-02,,DOCREC 387/2012,,,SGP22,2012-08-02T15:35:14,2021-02-16T12:04:00,,,,,
ADM,361011,2026-10-02,,DOCREC 388/2012,,,SGP22,2012-08-02T15:35:44,2021-02-18T17:58:00,,,,,
ECON,361012,2026-10-02,,DOCREC 389/2012,,,SGP22,2012-08-02T15:36:12,2021-02-17T00:52:00,,,,,
FIN,361014,2026-10-02,,DOCREC 391/2012,,,SGP22,2012-08-02T15:36:38,2019-09-05T10:13:00,,,,,
FIN,361030,2026-10-02,,DOCREC 407/2012,,,SGP22,2012-08-09T14:08:50,2019-09-05T10:13:00,,,,,
ECON,361031,2026-10-02,,DOCREC 408/2012,,,SGP22,2012-08-09T14:09:24,2021-02-17T00:52:00,,,,,
FIN,361045,2026-10-02,,DOCREC 422/2012,,,SGP22,2012-08-20T14:32:39,2019-09-05T10:13:00,,,,,
ECON,361048,2026-10-02,,DOCREC 425/2012,,,SGP22,2012-08-20T14:32:10,2021-02-17T00:52:00,,,,,
CCJ,361061,2026-10-02,,DOCREC 438/2012,,,SGP22,2012-08-31T16:41:20,2019-07-26T14:46:00,,,,,
FIN,361066,2026-10-02,,DOCREC 443/2012,,,SGP22,2012-08-31T16:40:59,2019-09-05T10:13:00,,,,,
CCJ,361075,2026-10-02,,DOCREC 452/2012,,,SGP22,2012-09-11T14:16:59,2019-07-26T14:46:00,,,,,
CCJ,361076,2026-10-02,,DOCREC 453/2012,,,SGP22,2012-09-11T14:18:16,2019-07-26T14:46:00,,,,,
CCJ,361077,2026-10-02,,DOCREC 454/2012,,,SGP22,2012-09-11T14:19:54,2014-09-08T18:28:00,,,,,
CCJ,361078,2026-10-02,,DOCREC 455/2012,,,SGP22,2012-09-11T14:21:40,2014-09-08T18:28:00,,,,,
CCJ,361079,2026-10-02,,DOCREC 456/2012,,,SGP22,2012-09-11T14:21:02,2014-09-08T18:28:00,,,,,
CCJ,361108,2026-10-02,,DOCREC 485/2012,,,SGP22,2012-09-24T14:41:54,2014-09-08T18:28:00,,,,,
CCJ,361110,2026-10-02,,DOCREC 487/2012,,,SGP22,2012-09-24T14:43:08,2014-09-08T18:28:00,,,,,
CCJ,361111,2026-10-02,,DOCREC 488/2012,,,SGP22,2012-09-24T14:44:15,2014-09-08T18:28:00,,,,,
CCJ,361112,2026-10-02,,DOCREC 489/2012,,,SGP22,2012-09-25T12:55:45,2014-09-08T18:28:00,,,,,
CCJ,361113,2026-10-02,,DOCREC 490/2012,,,SGP22,2012-09-25T13:09:10,2014-09-08T18:28:00,,,,,
CCJ,361124,2026-10-02,,DOCREC 501/2012,,,SGP22,2012-10-08T16:24:43,2014-09-08T18:28:00,,,,,
CCJ,361129,2026-10-02,,DOCREC 506/2012,,,SGP22,2012-10-09T15:54:00,2019-07-26T14:46:00,,,,,
ECON,361130,2026-10-02,,DOCREC 507/2012,,,SGP22,2012-10-11T15:03:33,2021-02-17T00:52:00,,,,,
ECON,361139,2026-10-02,,DOCREC 517/2012,,,SGP22,2012-10-16T13:25:14,2021-02-17T00:52:00,,,,,
ECON,361152,2026-10-02,,DOCREC 530/2012,,,SGP22,2012-10-29T13:33:21,2021-02-17T00:52:00,,,,,
ECON,361157,2026-10-02,,DOCREC 535/2012,,,SGP22,2012-11-01T15:43:59,2021-02-17T00:52:00,,,,,
ECON,361165,2026-10-02,,DOCREC 543/2012,,,SGP22,2012-11-09T14:05:17,2021-02-17T00:52:00,,,,,
SAUDE,361166,2026-10-02,,DOCREC 544/2012,,,SGP22,2012-11-09T14:04:20,2021-02-18T17:58:00,,,,,
FIN,361178,2026-10-02,,DOCREC 556/2012,,,SGP22,2012-11-23T12:20:05,2019-09-05T10:13:00,,,,,
EDUC,361183,2026-10-02,,DOCREC 561/2012,,,SGP22,2012-11-23T12:12:23,2021-02-16T12:04:00,,,,,
CCJ,361187,2026-10-02,,DOCREC 565/2012,,,SGP22,2012-11-26T13:45:36,2019-07-26T14:46:00,,,,,
ECON,361193,2026-10-02,,DOCREC 571/2012,,,SGP22,2012-11-28T13:39:41,2021-02-17T00:52:00,,,,,
ECON,361199,2026-10-02,,DOCREC 577/2012,,,SGP22,2012-12-06T12:09:34,2021-02-17T00:52:00,,,,,
ECON,361207,2026-10-02,,DOCREC 585/2012,,,SGP22,2012-12-12T15:13:52,2021-02-17T00:52:00,,,,,
ECON,361208,2026-10-02,,DOCREC 586/2012,,,SGP22,2012-12-12T15:15:47,2021-02-17T00:52:00,,,,,
ECON,361209,2026-10-02,,DOCREC 587/2012,,,SGP22,2012-12-12T15:14:59,2021-02-17T00:52:00,,,,,
ECON,361220,2026-10-02,,DOCREC 598/2012,,,SGP22,2012-12-17T13:01:29,2021-02-17T00:52:00,,,,,
ECON,361276,2026-10-02,,DOCREC 6/2013,,,SGP22,2013-01-07T14:46:06,2021-02-17T00:52:00,,,,,
ADM,361288,2026-10-02,,DOCREC 18/2013,,,SGP22,2013-01-28T14:30:59,2021-02-18T17:58:00,,,,,
ECON,361297,2026-10-02,,DOCREC 27/2013,,,GV22,2013-02-19T10:45:27,2013-02-19T15:00:00,,,,,
ADM,361325,2026-10-02,,DOCREC 55/2013,,,SGP22,2013-02-21T15:14:34,2021-02-18T17:58:00,,,,,
FIN,361367,2026-10-02,,DOCREC 97/2013,,,SGP22,2013-04-09T19:36:10,2019-09-05T10:13:00,,,,,
FIN,361368,2026-10-02,,DOCREC 98/2013,,,SGP22,2013-04-09T19:35:40,2019-09-05T10:13:00,,,,,
EDUC,361378,2026-10-02,,DOCREC 108/2013,,,SGP22,2013-04-17T14:43:29,2021-02-16T12:04:00,,,,,
ADM,361381,2026-10-02,,DOCREC 112/2013,,,SGP22,2013-04-17T11:10:25,2021-02-18T17:58:00,,,,,
ECON,361382,2026-10-02,,DOCREC 113/2013,,,SGP22,2013-04-18T19:41:05,2021-02-17T00:52:00,,,,,
ECON,361422,2026-10-02,,DOCREC 153/2013,,,SGP22,2013-04-26T17:43:31,2021-02-17T00:52:00,,,,,
ADM,361424,2026-10-02,,DOCREC 155/2013,,,SGP22,2013-04-26T17:42:31,2021-02-18T17:58:00,,,,,
ADM,361425,2026-10-02,,DOCREC 156/2013,,,SGP22,2013-04-26T17:42:49,2021-02-18T17:58:00,,,,,
ECON,361426,2026-10-02,,DOCREC 157/2013,,,SGP22,2013-04-26T17:43:09,2021-02-17T00:52:00,,,,,
EDUC,361433,2026-10-02,,DOCREC 164/2013,,,SGP22,2013-05-02T14:33:46,2021-02-16T12:04:00,,,,,
ECON,361436,2026-10-02,,DOCREC 167/2013,,,SGP22,2013-05-02T14:35:20,2021-02-17T00:52:00,,,,,
FIN,361437,2026-10-02,,DOCREC 168/2013,,,SGP22,2013-05-02T14:34:39,2019-09-05T10:13:00,,,,,
FIN,361463,2026-10-02,,DOCREC 194/2013,,,SGP22,2013-05-10T15:43:27,2019-09-05T10:13:00,,,,,
FIN,361464,2026-10-02,,DOCREC 195/2013,,,SGP22,2013-05-10T15:40:01,2019-09-05T10:13:00,,,,,
FIN,361466,2026-10-02,,DOCREC 197/2013,,,SGP22,2013-05-10T15:39:27,2019-09-05T10:13:00,,,,,
EDUC,361479,2026-10-02,,DOCREC 210/2013,,,SGP22,2013-05-15T16:57:18,2021-02-16T12:04:00,,,,,
EDUC,361481,2026-10-02,,DOCREC 212/2013,,,SGP22,2013-05-15T16:56:51,2021-02-16T12:04:00,,,,,
FIN,361483,2026-10-02,,DOCREC 214/2013,,,SGP22,2013-05-15T16:56:00,2019-09-05T10:13:00,,,,,
ECON,361484,2026-10-02,,DOCREC 215/2013,,,SGP22,2013-05-15T16:56:23,2021-02-17T00:52:00,,,,,
FIN,361485,2026-10-02,,DOCREC 216/2013,,,SGP22,2013-05-16T16:31:25,2019-09-05T10:13:00,,,,,
FIN,361486,2026-10-02,,DOCREC 217/2013,,,SGP22,2013-05-16T16:32:13,2019-09-05T10:13:00,,,,,
FIN,361502,2026-10-02,,DOCREC 233/2013,,,SGP22,2013-05-20T16:57:09,2019-09-05T10:13:00,,,,,
FIN,361503,2026-10-02,,DOCREC 234/2013,,,SGP22,2013-05-20T16:56:50,2019-09-05T10:13:00,,,,,
ECON,361514,2026-10-02,,DOCREC 245/2013,,,SGP22,2013-05-24T12:47:35,2021-02-17T00:52:00,,,,,
ECON,361517,2026-10-02,,DOCREC 248/2013,,,SGP22,2013-05-27T17:28:49,2021-02-17T00:52:00,,,,,
EDUC,361529,2026-10-02,,DOCREC 260/2013,,,SGP22,2013-05-28T16:40:46,2021-02-16T12:04:00,,,,,
EDUC,361531,2026-10-02,,DOCREC 262/2013,,,SGP22,2013-06-03T16:10:06,2021-02-16T12:04:00,,,,,
EDUC,361556,2026-10-02,,DOCREC 287/2013,,,SGP22,2013-06-05T14:58:05,2021-02-16T12:04:00,,,,,
EDUC,361558,2026-10-02,,DOCREC 289/2013,,,SGP22,2013-06-05T14:56:57,2021-02-16T12:04:00,,,,,
ECON,361559,2026-10-02,,DOCREC 290/2013,,,SGP22,2013-06-05T14:55:51,2021-02-17T00:52:00,,,,,
ADM,361562,2026-10-02,,DOCREC 293/2013,,,SGP22,2013-06-06T18:04:25,2021-02-18T17:58:00,,,,,
EDUC,361564,2026-10-02,,DOCREC 295/2013,,,SGP22,2013-06-06T18:04:45,2021-02-16T12:04:00,,,,,
EDUC,361573,2026-10-02,,DOCREC 304/2013,,,SGP22,2013-06-12T17:27:26,2021-02-16T12:04:00,,,,,
FIN,361587,2026-10-02,,DOCREC 318/2013,,,SGP22,2013-06-17T18:19:02,2019-09-05T10:13:00,,,,,
ADM,361609,2026-10-02,,DOCREC 340/2013,,,SGP22,2013-06-21T12:59:54,2021-02-18T17:58:00,,,,,
ADM,361610,2026-10-02,,DOCREC 341/2013,,,SGP22,2013-06-21T12:59:35,2021-02-18T17:58:00,,,,,
ECON,361624,2026-10-02,,DOCREC 355/2013,,,SGP22,2013-06-27T18:02:15,2021-02-17T00:52:00,,,,,
CCJ,361628,2026-10-02,,DOCREC 359/2013,,,SGP22,2013-06-27T18:00:34,2014-09-08T18:10:00,,,,,
CCJ,361629,2026-10-02,,DOCREC 360/2013,,,SGP22,2013-06-27T18:00:34,2014-09-08T18:10:00,,,,,
EDUC,361641,2026-10-02,,DOCREC 372/2013,,,SGP22,2013-07-02T16:56:58,2013-07-05T17:46:41,,,,,
EDUC,361642,2026-10-02,,DOCREC 373/2013,,,SGP22,2013-07-02T16:56:58,2013-07-05T17:46:11,,,,,
ADM,361644,2026-10-02,,DOCREC 375/2013,,,SGP22,2013-07-02T16:55:40,2021-02-18T17:58:00,,,,,
EDUC,361645,2026-10-02,,DOCREC 376/2013,,,SGP22,2013-07-02T16:56:58,2013-07-05T17:45:09,,,,,
ADM,361648,2026-10-02,,DOCREC 379/2013,,,SGP22,2013-07-05T16:30:13,2013-07-11T15:05:15,,,,,
ADM,361649,2026-10-02,,DOCREC 380/2013,,,SGP22,2013-07-05T16:30:13,2013-07-11T15:04:40,,,,,
ECON,361662,2026-10-02,,DOCREC 394/2013,,,SGP22,2013-07-11T14:31:42,2021-02-17T00:52:00,,,,,
ADM,361663,2026-10-02,,DOCREC 395/2013,,,SGP22,2013-07-11T14:31:42,2013-07-11T15:03:32,,,,,
ECON,361664,2026-10-02,,DOCREC 396/2013,,,SGP22,2013-07-11T14:31:42,2021-02-17T00:52:00,,,,,
ADM,361665,2026-10-02,,DOCREC 397/2013,,,SGP22,2013-07-11T14:31:42,2013-07-11T15:02:48,,,,,
SAUDE,361666,2026-10-02,,DOCREC 398/2013,,,SGP22,2013-07-11T14:31:42,2021-02-18T17:58:00,,,,,
SAUDE,361670,2026-10-02,,DOCREC 402/2013,,,SGP22,2013-07-11T14:31:42,2021-02-18T17:58:00,,,,,
ECON,361671,2026-10-02,,DOCREC 403/2013,,,SGP22,2013-07-11T14:31:42,2021-02-17T00:52:00,,,,,
ADM,361674,2026-10-02,,DOCREC 407/2013,,,SGP22,2013-07-15T15:31:52,2015-05-13T10:56:00,,,,,
EDUC,361685,2026-10-02,,DOCREC 418/2013,,,SGP22,2013-07-17T16:18:47,2021-02-16T12:04:00,,,,,
ECON,361686,2026-10-02,,DOCREC 419/2013,,,SGP22,2013-07-17T16:17:29,2021-02-17T00:52:00,,,,,
CCJ,361687,2026-10-02,,DOCREC 420/2013,,,SGP22,2013-07-17T16:16:01,2019-07-26T14:46:00,,,,,
ADM,361690,2026-10-02,,DOCREC 423/2013,,,SGP22,2013-07-17T16:09:05,2021-02-18T17:58:00,,,,,
ECON,361712,2026-10-02,,DOCREC 445/2013,,,SGP22,2013-08-06T13:42:22,2021-02-17T00:52:00,,,,,
ECON,361724,2026-10-02,,DOCREC 457/2013,,,SGP22,2013-08-05T15:24:46,2021-02-17T00:52:00,,,,,
CCJ,361729,2026-10-02,,DOCREC 462/2013,,,SGP22,2013-08-05T15:13:00,2019-07-26T14:46:00,,,,,
EDUC,361730,2026-10-02,,DOCREC 463/2013,,,SGP22,2013-08-05T15:20:02,2021-02-16T12:04:00,,,,,
CCJ,361732,2026-10-02,,DOCREC 465/2013,,,SGP22,2013-08-05T15:12:16,2019-07-26T14:46:00,,,,,
ECON,361733,2026-10-02,,DOCREC 466/2013,,,SGP22,2013-08-05T15:26:32,2021-02-17T00:52:00,,,,,
CCJ,361736,2026-10-02,,DOCREC 469/2013,,,SGP22,2013-08-05T15:11:16,2019-07-26T14:46:00,,,,,
ECON,361739,2026-10-02,,DOCREC 472/2013,,,SGP22,2013-08-05T15:27:40,2021-02-17T00:52:00,,,,,
ECON,361740,2026-10-02,,DOCREC 473/2013,,,SGP22,2013-08-05T15:26:00,2021-02-17T00:52:00,,,,,
ECON,361742,2026-10-02,,DOCREC 475/2013,,,SGP22,2013-08-05T15:28:13,2021-02-17T00:52:00,,,,,
ECON,361743,2026-10-02,,DOCREC 476/2013,,,SGP22,2013-08-05T15:28:50,2021-02-17T00:52:00,,,,,
ADM,361763,2026-10-02,,DOCREC 496/2013,,,SGP22,2013-08-08T17:16:07,2021-02-18T17:58:00,,,,,
EDUC,361765,2026-10-02,,DOCREC 498/2013,,,SGP22,2013-08-08T17:16:47,2021-02-16T12:04:00,,,,,
ECON,361773,2026-10-02,,DOCREC 506/2013,,,SGP22,2013-08-12T16:24:23,2021-02-17T00:52:00,,,,,
ECON,361774,2026-10-02,,DOCREC 507/2013,,,SGP22,2013-08-12T16:25:44,2021-02-17T00:52:00,,,,,
ADM,361775,2026-10-02,,DOCREC 508/2013,,,SGP22,2013-08-12T16:26:42,2021-02-18T17:58:00,,,,,
ADM,361792,2026-10-02,,DOCREC 525/2013,,,SGP22,2013-08-21T17:57:54,2021-02-18T17:58:00,,,,,
EDUC,361801,2026-10-02,,DOCREC 534/2013,,,SGP2,2013-08-27T12:12:55,2021-02-16T12:04:00,,,,,
ECON,361803,2026-10-02,,DOCREC 536/2013,,,SGP2,2013-08-28T11:35:16,2021-02-17T00:52:00,,,,,
FIN,361844,2026-10-02,,DOCREC 577/2013,,,SGP22,2013-09-10T12:57:43,2013-09-10T16:57:14,,,,,
ADM,361854,2026-10-02,,DOCREC 587/2013,,,SGP22,2013-09-16T14:00:47,2021-02-18T17:58:00,,,,,
ADM,361855,2026-10-02,,DOCREC 588/2013,,,SGP22,2013-09-16T13:59:59,2021-02-18T17:58:00,,,,,
EDUC,361856,2026-10-02,,DOCREC 589/2013,,,SGP22,2013-09-16T14:04:33,2021-02-16T12:04:00,,,,,
ECON,361877,2026-10-02,,DOCREC 610/2013,,,SGP22,2013-09-23T11:03:10,2021-02-17T00:52:00,,,,,
ADM,361896,2026-10-02,,DOCREC 629/2013,,,SGP22,2013-10-10T14:38:45,2013-10-11T16:43:56,,,,,
EDUC,361905,2026-10-02,,DOCREC 638/2013,,,SGP22,2013-10-03T18:03:29,2021-02-16T12:04:00,,,,,
ADM,361906,2026-10-02,,DOCREC 639/2013,,,SGP22,2013-10-03T18:03:55,2021-02-18T17:58:00,,,,,
ECON,361909,2026-10-02,,DOCREC 642/2013,,,SGP22,2013-10-03T18:34:50,2021-02-17T00:52:00,,,,,
ECON,361911,2026-10-02,,DOCREC 644/2013,,,SGP22,2013-10-03T18:23:55,2021-02-17T00:52:00,,,,,
ADM,361913,2026-10-02,,DOCREC 646/2013,,,SGP22,2013-10-03T18:36:31,2021-02-18T17:58:00,,,,,
ADM,361915,2026-10-02,,DOCREC 648/2013,,,SGP22,2013-10-03T18:36:59,2021-02-18T17:58:00,,,,,
EDUC,361921,2026-10-02,,DOCREC 654/2013,,,SGP22,2013-10-08T15:14:37,2021-02-16T12:04:00,,,,,
ADM,361927,2026-10-02,,DOCREC 660/2013,,,SGP22,2013-10-08T15:20:46,2021-02-18T17:58:00,,,,,
ADM,361940,2026-10-02,,DOCREC 673/2013,,,SGP22,2013-10-11T18:31:27,2013-10-14T12:33:09,,,,,
ADM,361941,2026-10-02,,DOCREC 674/2013,,,SGP22,2013-10-11T18:30:51,2013-10-14T12:33:36,,,,,
FIN,361944,2026-10-02,,DOCREC 677/2013,,,SGP22,2013-10-14T17:22:05,2013-10-14T17:47:55,,,,,
ADM,361955,2026-10-02,,DOCREC 688/2013,,,SGP22,2013-10-17T15:50:27,2021-02-18T17:58:00,,,,,
ADM,361998,2026-10-02,,DOCREC 731/2013,,,SGP22,2013-10-30T14:17:02,2013-10-30T17:36:48,,,,,
ADM,361999,2026-10-02,,DOCREC 732/2013,,,SGP22,2013-10-31T16:11:34,2021-02-18T17:58:00,,,,,
ECON,362001,2026-10-02,,DOCREC 734/2013,,,SGP22,2013-10-31T16:12:32,2021-02-17T00:52:00,,,,,
ADM,362007,2026-10-02,,DOCREC 740/2013,,,SGP22,2013-10-31T16:08:34,2021-02-18T17:58:00,,,,,
SAUDE,362020,2026-10-02,,DOCREC 753/2013,,,SGP22,2013-11-04T16:10:21,2021-02-18T17:58:00,,,,,
SAUDE,362028,2026-10-02,,DOCREC 761/2013,,,SGP22,2013-11-06T16:27:04,2021-02-18T17:58:00,,,,,
ECON,362047,2026-10-02,,DOCREC 780/2013,,,SGP22,2013-11-12T15:55:47,2021-02-17T00:52:00,,,,,
ADM,362092,2026-10-02,,DOCREC 825/2013,,,SGP22,2013-11-25T15:07:26,2013-11-27T16:46:37,,,,,
ECON,362094,2026-10-02,,DOCREC 827/2013,,,SGP22,2013-11-25T15:07:26,2021-02-17T00:52:00,,,,,
SAUDE,362095,2026-10-02,,DOCREC 828/2013,,,SGP22,2013-11-25T15:07:26,2021-02-18T17:58:00,,,,,
ADM,362114,2026-10-02,,DOCREC 847/2013,,,SGP22,2013-11-27T14:32:32,2013-11-27T16:42:38,,,,,
ADM,362115,2026-10-02,,DOCREC 848/2013,,,SGP22,2013-11-27T14:33:10,2013-11-27T16:47:06,,,,,
CCJ,362117,2026-10-02,,DOCREC 850/2013,,,SGP22,2013-11-27T14:35:06,2019-07-26T14:46:00,,,,,
SAUDE,362121,2026-10-02,,DOCREC 854/2013,,,SGP22,2013-11-28T14:11:05,2022-02-22T18:36:00,,,,,
ADM,362125,2026-10-02,,DOCREC 858/2013,,,SGP22,2013-11-28T14:45:09,2013-11-28T15:40:27,,,,,
ADM,362130,2026-10-02,,DOCREC 863/2013,,,SGP22,2013-11-29T14:07:37,2013-12-03T18:19:50,,,,,
ADM,362141,2026-10-02,,DOCREC 874/2013,,,SGP22,2013-12-03T14:09:52,2013-12-03T18:20:25,,,,,
ADM,362150,2026-10-02,,DOCREC 883/2013,,,SGP22,2013-12-06T14:30:42,2021-02-18T17:58:00,,,,,
ADM,362151,2026-10-02,,DOCREC 884/2013,,,SGP22,2013-12-06T14:30:42,2021-02-18T17:58:00,,,,,
EDUC,362154,2026-10-02,,DOCREC 887/2013,,,SGP22,2013-12-11T18:14:05,2021-02-16T12:04:00,,,,,
ADM,362155,2026-10-02,,DOCREC 888/2013,,,SGP22,2013-12-11T17:34:32,2021-02-18T17:58:00,,,,,
EDUC,362156,2026-10-02,,DOCREC 889/2013,,,SGP22,2013-12-11T18:18:44,2021-02-16T12:04:00,,,,,
ADM,362158,2026-10-02,,DOCREC 891/2013,,,SGP22,2013-12-11T17:33:56,2021-02-18T17:58:00,,,,,
CCJ,362160,2026-10-02,,DOCREC 893/2013,,,SGP22,2013-12-11T17:02:48,2014-09-08T18:10:00,,,,,
ADM,362171,2026-10-02,,DOCREC 904/2013,,,SGP22,2013-12-16T14:31:17,2021-02-18T17:58:00,,,,,
EDUC,362172,2026-10-02,,DOCREC 905/2013,,,SGP22,2013-12-16T14:29:40,2021-02-16T12:04:00,,,,,
ADM,362173,2026-10-02,,DOCREC 906/2013,,,SGP22,2013-12-16T14:30:29,2021-02-18T17:58:00,,,,,
SAUDE,362174,2026-10-02,,DOCREC 908/2013,,,SGP22,2013-12-16T15:05:28,2021-02-18T17:58:00,,,,,
SAUDE,362175,2026-10-02,,DOCREC 909/2013,,,SGP22,2013-12-16T15:04:31,2021-02-18T17:58:00,,,,,
CCJ,362215,2026-10-02,,DOCREC 1/2014,,,SGP22,2014-01-07T15:32:04,2014-09-08T18:10:00,,,,,
ADM,362217,2026-10-02,,DOCREC 3/2014,,,SGP22,2014-01-07T15:36:04,2021-02-18T17:58:00,,,,,
ADM,362223,2026-10-02,,DOCREC 9/2014,,,SGP22,2014-01-07T15:44:09,2021-02-18T17:58:00,,,,,
EDUC,362240,2026-10-02,,DOCREC 26/2014,,,SGP22,2014-01-07T15:51:20,2021-02-16T12:04:00,,,,,
EDUC,362241,2026-10-02,,DOCREC 27/2014,,,SGP22,2014-01-07T15:51:56,2021-02-16T12:04:00,,,,,
SAUDE,362255,2026-10-02,,DOCREC 41/2014,,,SGP22,2014-01-09T14:29:09,2021-02-18T17:58:00,,,,,
SAUDE,362256,2026-10-02,,DOCREC 42/2014,,,SGP22,2014-01-09T14:25:56,2021-02-18T17:58:00,,,,,
ADM,362257,2026-10-02,,DOCREC 43/2014,,,SGP22,2014-01-09T14:24:47,2021-02-18T17:58:00,,,,,
EDUC,362258,2026-10-02,,DOCREC 44/2014,,,SGP22,2014-01-09T14:32:52,2021-02-16T12:04:00,,,,,
CCJ,362281,2026-10-02,,DOCREC 67/2014,,,SGP22,2014-01-15T15:18:32,2019-07-26T14:46:00,,,,,
ADM,362282,2026-10-02,,DOCREC 68/2014,,,SGP22,2014-01-15T15:19:42,2021-02-18T17:58:00,,,,,
EDUC,362284,2026-10-02,,DOCREC 70/2014,,,SGP22,2014-01-16T13:40:54,2021-02-16T12:04:00,,,,,
SAUDE,362285,2026-10-02,,DOCREC 71/2014,,,SGP22,2014-01-16T13:41:25,2021-02-18T17:58:00,,,,,
EDUC,362287,2026-10-02,,DOCREC 73/2014,,,SGP22,2014-01-16T13:40:21,2021-02-16T12:04:00,,,,,
ADM,362288,2026-10-02,,DOCREC 74/2014,,,SGP22,2014-01-16T13:41:42,2021-02-18T17:58:00,,,,,
ADM,362289,2026-10-02,,DOCREC 75/2014,,,SGP22,2014-01-16T13:41:42,2021-02-18T17:58:00,,,,,
ADM,362327,2026-10-02,,DOCREC 114/2014,,,SGP22,2014-01-29T15:09:09,2021-02-18T17:58:00,,,,,
EDUC,362332,2026-10-02,,DOCREC 119/2014,,,SGP22,2014-01-29T15:04:28,2021-02-16T12:04:00,,,,,
ADM,362333,2026-10-02,,DOCREC 120/2014,,,SGP22,2014-01-29T15:05:27,2021-02-18T17:58:00,,,,,
ADM,362348,2026-10-02,,DOCREC 135/2014,,,SGP22,2014-02-17T17:32:21,2021-02-18T17:58:00,,,,,
ECON,362349,2026-10-02,,DOCREC 136/2014,,,SGP22,2014-02-17T17:32:50,2021-02-17T00:52:00,,,,,
ADM,362351,2026-10-02,,DOCREC 138/2014,,,SGP22,2014-02-18T15:33:52,2021-02-18T17:58:00,,,,,
CCJ,362364,2026-10-02,,DOCREC 151/2014,,,SGP22,2014-03-06T15:00:30,2014-09-08T18:10:00,,,,,
CCJ,362365,2026-10-02,,DOCREC 152/2014,,,SGP22,2014-03-06T15:00:30,2014-09-08T18:10:00,,,,,
ADM,362383,2026-10-02,,DOCREC 170/2014,,,SGP22,2014-03-07T16:42:59,2021-02-18T17:58:00,,,,,
ADM,362385,2026-10-02,,DOCREC 172/2014,,,SGP22,2014-03-11T14:52:31,2021-02-18T17:58:00,,,,,
ADM,362386,2026-10-02,,DOCREC 173/2014,,,SGP22,2014-03-11T14:52:31,2021-02-18T17:58:00,,,,,
CCJ,362396,2026-10-02,,DOCREC 183/2014,,,SGP22,2014-03-13T17:56:51,2019-07-26T14:46:00,,,,,
EDUC,362437,2026-10-02,,DOCREC 224/2014,,,SGP22,2014-03-26T17:17:56,2021-02-16T12:04:00,,,,,
ADM,362438,2026-10-02,,DOCREC 225/2014,,,SGP22,2014-03-26T17:15:33,2021-02-18T17:58:00,,,,,
ADM,362476,2026-10-02,,DOCREC 263/2014,,,SGP22,2014-04-08T17:37:10,2021-02-18T17:58:00,,,,,
CCJ,362482,2026-10-02,,DOCREC 269/2014,,,SGP22,2014-04-09T15:53:00,2015-08-03T15:26:00,,,,,
ECON,362488,2026-10-02,,DOCREC 276/2014,,,SGP22,2014-04-22T15:46:50,2015-08-05T16:49:00,,,,,
ADM,362498,2026-10-02,,DOCREC 286/2014,,,SGP22,2014-04-23T16:49:32,2021-02-18T17:58:00,,,,,
ADM,362504,2026-10-02,,DOCREC 292/2014,,,SGP22,2014-04-28T15:15:01,2015-04-22T15:03:00,,,,,
ADM,362531,2026-10-02,,DOCREC 319/2014,,,SGP22,2014-05-15T17:13:06,2021-02-18T17:58:00,,,,,
ECON,362533,2026-10-02,,DOCREC 321/2014,,,SGP22,2014-05-15T17:11:13,2021-02-17T00:52:00,,,,,
ADM,362535,2026-10-02,,DOCREC 323/2014,,,SGP22,2014-05-15T17:20:57,2021-02-18T17:58:00,,,,,
ADM,362537,2026-10-02,,DOCREC 325/2014,,,SGP22,2014-05-16T14:20:14,2021-02-18T17:58:00,,,,,
SAUDE,362544,2026-10-02,,DOCREC 335/2014,,,SGP22,2014-05-20T17:36:54,2021-02-18T17:58:00,,,,,
ADM,362545,2026-10-02,,DOCREC 336/2014,,,SGP22,2014-05-20T17:36:00,2021-02-18T17:58:00,,,,,
ADM,362564,2026-10-02,,DOCREC 356/2014,,,SGP22,2014-05-22T15:54:42,2021-02-18T17:58:00,,,,,
SAUDE,362565,2026-10-02,,DOCREC 357/2014,,,SGP22,2014-05-22T15:55:56,2021-02-18T17:58:00,,,,,
ADM,362567,2026-10-02,,DOCREC 359/2014,,,SGP22,2014-05-22T16:00:59,2021-02-18T17:58:00,,,,,
ADM,362594,2026-10-02,,DOCREC 386/2014,,,SGP22,2014-06-02T17:51:44,2015-05-13T10:56:00,,,,,
EDUC,362595,2026-10-02,,DOCREC 387/2014,,,SGP22,2014-06-02T17:51:44,2021-02-16T12:04:00,,,,,
ADM,362596,2026-10-02,,DOCREC 388/2014,,,SGP22,2014-06-02T17:51:44,2021-02-18T17:58:00,,,,,
ADM,362597,2026-10-02,,DOCREC 389/2014,,,SGP22,2014-06-02T17:51:44,2015-05-13T10:56:00,,,,,
ECON,362599,2026-10-02,,DOCREC 391/2014,,,SGP22,2014-06-02T17:51:44,2021-02-17T00:52:00,,,,,
ECON,362600,2026-10-02,,DOCREC 392/2014,,,SGP22,2014-06-02T17:51:44,2021-02-17T00:52:00,,,,,
ADM,362607,2026-10-02,,DOCREC 399/2014,,,SGP22,2014-06-04T18:24:15,2021-02-18T17:58:00,,,,,
ADM,362635,2026-10-02,,DOCREC 429/2014,,,SGP22,2014-06-30T14:18:21,2021-02-18T17:58:00,,,,,
ADM,362638,2026-10-02,,DOCREC 432/2014,,,SGP22,2014-06-30T14:18:40,2021-02-18T17:58:00,,,,,
ADM,362640,2026-10-02,,DOCREC 434/2014,,,SGP22,2014-06-30T14:19:01,2021-02-18T17:58:00,,,,,
ECON,362671,2026-10-02,,DOCREC 930/2014,,,SGP22,2014-11-28T16:58:00,2021-02-17T00:52:00,,,,,
FIN,362672,2026-10-02,,DOCREC 931/2014,,,SGP22,2014-11-28T17:02:00,2014-12-01T17:22:00,,,,,
CCJ,362703,2026-10-02,,DOCREC 962/2014,,,SGP22,2014-12-03T17:50:00,2015-08-03T15:26:00,,,,,
CCJ,362704,2026-10-02,,DOCREC 963/2014,,,SGP22,2014-12-03T17:50:00,2015-08-03T18:19:00,,,,,
SAUDE,362706,2026-10-02,,DOCREC 965/2014,,,SGP22,2014-12-03T17:51:00,2021-02-18T17:58:00,,,,,
FIN,362710,2026-10-02,,DOCREC 969/2014,,,SGP22,2014-12-04T15:02:00,2014-12-04T15:35:00,,,,,
EDUC,362713,2026-10-02,,DOCREC 972/2014,,,SGP22,2014-12-09T16:06:00,2021-02-16T12:04:00,,,,,
ADM,362714,2026-10-02,,DOCREC 973/2014,,,SGP22,2014-12-09T16:05:00,2021-02-18T17:58:00,,,,,
ECON,362718,2026-10-02,,DOCREC 977/2014,,,SGP22,2014-12-12T14:02:00,2015-02-04T20:06:00,,,,,
ECON,362720,2026-10-02,,DOCREC 979/2014,,,SGP22,2014-12-12T14:02:00,2015-02-04T20:06:00,,,,,
ADM,362721,2026-10-02,,DOCREC 980/2014,,,SGP22,2014-12-12T14:03:00,2021-02-18T17:58:00,,,,,
ADM,362722,2026-10-02,,DOCREC 981/2014,,,SGP22,2014-12-12T14:03:00,2021-02-18T17:58:00,,,,,
ADM,362723,2026-10-02,,DOCREC 982/2014,,,SGP22,2014-12-12T14:03:00,2021-02-18T17:58:00,,,,,
ADM,362736,2026-10-02,,DOCREC 995/2014,,,SGP22,2014-12-16T14:02:00,2021-02-18T17:58:00,,,,,
CCJ,362748,2026-10-02,,DOCREC 1/2015,,,SGP22,2015-01-07T17:29:00,2015-08-03T15:26:00,,,,,
EDUC,362749,2026-10-02,,DOCREC 2/2015,,,SGP22,2015-01-07T17:29:00,2021-02-16T12:04:00,,,,,
ADM,362750,2026-10-02,,DOCREC 3/2015,,,SGP22,2015-01-07T17:37:00,2015-02-02T17:23:00,,,,,
ADM,362751,2026-10-02,,DOCREC 4/2015,,,SGP22,2015-01-07T17:20:00,2015-02-02T17:23:00,,,,,
ADM,362752,2026-10-02,,DOCREC 5/2015,,,SGP22,2015-01-07T17:21:00,2015-02-02T17:23:00,,,,,
ADM,362755,2026-10-02,,DOCREC 8/2015,,,SGP22,2015-01-07T17:22:00,2015-02-02T17:23:00,,,,,
SAUDE,362756,2026-10-02,,DOCREC 9/2015,,,SGP22,2015-01-07T17:22:00,2015-01-07T18:00:00,,,,,
CCJ,362760,2026-10-02,,DOCREC 13/2015,,,SGP22,2015-01-07T17:30:00,2015-08-03T15:26:00,,,,,
CCJ,362762,2026-10-02,,DOCREC 15/2015,,,SGP22,2015-01-07T17:32:00,2015-08-03T15:26:00,,,,,
CCJ,362763,2026-10-02,,DOCREC 16/2015,,,SGP22,2015-01-07T17:31:00,2015-08-03T15:26:00,,,,,
ADM,362767,2026-10-02,,DOCREC 20/2015,,,SGP22,2015-01-07T17:34:00,2015-02-02T17:42:00,,,,,
ADM,362768,2026-10-02,,DOCREC 21/2015,,,SGP22,2015-01-07T17:33:00,2015-02-02T17:23:00,,,,,
CCJ,362769,2026-10-02,,DOCREC 22/2015,,,SGP22,2015-01-07T17:31:00,2015-08-03T15:26:00,,,,,
EDUC,362771,2026-10-02,,DOCREC 24/2015,,,SGP22,2015-01-07T17:26:00,2021-02-16T12:04:00,,,,,
CCJ,362772,2026-10-02,,DOCREC 25/2015,,,SGP22,2015-01-07T17:32:00,2015-08-03T15:26:00,,,,,
CCJ,362777,2026-10-02,,DOCREC 30/2015,,,SGP22,2015-01-08T16:54:00,2015-08-03T15:26:00,,,,,
CCJ,362778,2026-10-02,,DOCREC 31/2015,,,SGP22,2015-01-08T16:54:00,2015-08-03T15:26:00,,,,,
ADM,362779,2026-10-02,,DOCREC 32/2015,,,SGP22,2015-01-08T16:53:00,2015-02-02T17:23:00,,,,,
ADM,362780,2026-10-02,,DOCREC 33/2015,,,SGP22,2015-01-08T16:53:00,2015-02-02T17:23:00,,,,,
ADM,362781,2026-10-02,,DOCREC 34/2015,,,SGP22,2015-01-08T16:53:00,2015-02-02T17:23:00,,,,,
ADM,362782,2026-10-02,,DOCREC 35/2015,,,SGP22,2015-01-08T16:53:00,2015-02-02T17:23:00,,,,,
ADM,362797,2026-10-02,,DOCREC 50/2015,,,SGP22,2015-01-20T15:53:00,2015-02-02T17:23:00,,,,,
ADM,362804,2026-10-02,,DOCREC 57/2015,,,SGP22,2015-01-20T15:53:00,2015-02-02T17:23:00,,,,,
ADM,362805,2026-10-02,,DOCREC 58/2015,,,SGP22,2015-01-20T15:53:00,2015-02-02T17:23:00,,,,,
ADM,362817,2026-10-02,,DOCREC 70/2015,,,SGP22,2015-01-20T15:53:00,2015-02-02T17:23:00,,,,,
ECON,362818,2026-10-02,,DOCREC 71/2015,,,SGP22,2015-01-20T15:56:00,2015-02-06T13:45:00,,,,,
ADM,362819,2026-10-02,,DOCREC 72/2015,,,SGP22,2015-01-20T15:53:00,2015-02-02T17:23:00,,,,,
ADM,362820,2026-10-02,,DOCREC 73/2015,,,SGP22,2015-01-20T15:53:00,2015-02-02T17:23:00,,,,,
ECON,362821,2026-10-02,,DOCREC 74/2015,,,SGP22,2015-01-20T15:56:00,2015-02-06T13:45:00,,,,,
ADM,362822,2026-10-02,,DOCREC 75/2015,,,SGP22,2015-01-20T15:53:00,2015-02-02T17:23:00,,,,,
ADM,362823,2026-10-02,,DOCREC 76/2015,,,SGP22,2015-01-20T15:53:00,2015-02-02T17:23:00,,,,,
ADM,362826,2026-10-02,,DOCREC 79/2015,,,SGP22,2015-01-20T15:53:00,2015-02-02T17:23:00,,,,,
ADM,362827,2026-10-02,,DOCREC 80/2015,,,SGP22,2015-01-20T15:53:00,2015-02-02T17:23:00,,,,,
ADM,362837,2026-10-02,,DOCREC 90/2015,,,SGP22,2015-01-19T16:57:00,2015-02-02T17:23:00,,,,,
ECON,362838,2026-10-02,,DOCREC 91/2015,,,SGP22,2015-01-19T16:55:00,2015-02-06T13:45:00,,,,,
ADM,362839,2026-10-02,,DOCREC 92/2015,,,SGP22,2015-01-19T16:57:00,2015-02-02T17:26:00,,,,,
ADM,362840,2026-10-02,,DOCREC 93/2015,,,SGP22,2015-01-19T16:57:00,2021-02-18T17:58:00,,,,,
ADM,362841,2026-10-02,,DOCREC 94/2015,,,SGP22,2015-01-19T16:57:00,2015-02-02T17:23:00,,,,,
ADM,362842,2026-10-02,,DOCREC 95/2015,,,SGP22,2015-01-19T16:57:00,2015-02-02T17:23:00,,,,,
EDUC,362844,2026-10-02,,DOCREC 97/2015,,,SGP22,2015-01-19T16:54:00,2021-02-16T12:04:00,,,,,
ADM,362845,2026-10-02,,DOCREC 98/2015,,,SGP22,2015-01-19T16:57:00,2015-01-29T14:21:00,,,,,
ADM,362846,2026-10-02,,DOCREC 99/2015,,,SGP22,2015-01-19T16:57:00,2015-02-02T17:23:00,,,,,
ADM,362849,2026-10-02,,DOCREC 102/2015,,,SGP22,2015-01-19T16:56:00,2015-02-02T17:23:00,,,,,
ADM,362850,2026-10-02,,DOCREC 103/2015,,,SGP22,2015-01-19T16:56:00,2015-02-02T17:23:00,,,,,
EDUC,362851,2026-10-02,,DOCREC 104/2015,,,SGP22,2015-01-20T13:55:00,2021-02-16T12:04:00,,,,,
ADM,362852,2026-10-02,,DOCREC 105/2015,,,SGP22,2015-01-20T13:54:00,2015-02-02T17:23:00,,,,,
ECON,362854,2026-10-02,,DOCREC 107/2015,,,SGP22,2015-01-20T13:53:00,2015-02-06T13:45:00,,,,,
ADM,362865,2026-10-02,,DOCREC 118/2015,,,SGP22,2015-01-23T11:22:00,2015-02-02T17:23:00,,,,,
ADM,362866,2026-10-02,,DOCREC 119/2015,,,SGP22,2015-01-23T11:22:00,2015-02-02T17:23:00,,,,,
ADM,362868,2026-10-02,,DOCREC 121/2015,,,SGP22,2015-01-23T13:06:00,2015-02-02T18:22:00,,,,,
ADM,362874,2026-10-02,,DOCREC 127/2015,,,SGP22,2015-01-26T12:33:00,2015-02-02T17:23:00,,,,,
ADM,362879,2026-10-02,,DOCREC 132/2015,,,SGP22,2015-01-28T15:11:00,2015-02-02T17:23:00,,,,,
ADM,362882,2026-10-02,,DOCREC 135/2015,,,SGP22,2015-01-28T15:11:00,2015-02-02T17:23:00,,,,,
ADM,362883,2026-10-02,,DOCREC 136/2015,,,SGP22,2015-01-28T15:11:00,2015-02-02T17:23:00,,,,,
EDUC,362884,2026-10-02,,DOCREC 137/2015,,,SGP22,2015-01-28T15:11:00,2021-02-16T12:04:00,,,,,
ADM,362885,2026-10-02,,DOCREC 138/2015,,,SGP22,2015-01-28T15:11:00,2015-02-02T17:26:00,,,,,
ADM,362887,2026-10-02,,DOCREC 140/2015,,,SGP22,2015-02-03T14:18:00,2021-02-18T17:58:00,,,,,
ADM,362888,2026-10-02,,DOCREC 141/2015,,,SGP22,2015-02-03T14:18:00,2021-02-18T17:58:00,,,,,
ADM,362894,2026-10-02,,DOCREC 147/2015,,,SGP22,2015-02-04T14:27:00,2021-02-18T17:58:00,,,,,
CCJ,362960,2026-10-02,,DOCREC 532/2014,,,SGP22,2014-07-21T18:32:44,2014-09-08T17:20:00,,,,,
ADM,362971,2026-10-02,,DOCREC 543/2014,,,SGP22,2014-07-22T15:05:08,2021-02-18T17:58:00,,,,,
ADM,362973,2026-10-02,,DOCREC 545/2014,,,SGP22,2014-07-24T14:21:54,2021-02-18T17:58:00,,,,,
ADM,362979,2026-10-02,,DOCREC 551/2014,,,SGP22,2014-07-29T15:33:15,2021-02-18T17:58:00,,,,,
ADM,362980,2026-10-02,,DOCREC 552/2014,,,SGP22,2014-07-29T15:33:15,2021-02-18T17:58:00,,,,,
CCJ,363002,2026-10-02,,DOCREC 574/2014,,,SGP22,2014-08-06T14:44:39,2014-09-08T18:10:00,,,,,
CCJ,363006,2026-10-02,,DOCREC 578/2014,,,SGP22,2014-08-06T14:44:39,2014-09-08T18:10:00,,,,,
CCJ,363007,2026-10-02,,DOCREC 579/2014,,,SGP22,2014-08-06T14:44:39,2014-09-08T18:10:00,,,,,
CCJ,363008,2026-10-02,,DOCREC 580/2014,,,SGP22,2014-08-06T14:44:39,2014-09-08T18:10:00,,,,,
CCJ,363020,2026-10-02,,DOCREC 592/2014,,,SGP22,2014-08-07T18:05:52,2014-09-08T13:01:00,,,,,
CCJ,363052,2026-10-02,,DOCREC 625/2014,,,SGP22,2014-08-19T18:39:40,2014-09-08T13:01:00,,,,,
CCJ,363059,2026-10-02,,DOCREC 632/2014,,,SGP22,2014-08-27T15:35:00,2014-09-08T13:01:00,,,,,
CCJ,363062,2026-10-02,,DOCREC 635/2014,,,SGP22,2014-09-01T17:35:00,2014-09-09T12:10:00,,,,,
SAUDE,363065,2026-10-02,,DOCREC 638/2014,,,SGP22,2014-09-01T17:58:00,2021-02-18T17:58:00,,,,,
SAUDE,363066,2026-10-02,,DOCREC 639/2014,,,SGP22,2014-09-01T17:58:00,2021-02-18T17:58:00,,,,,
CCJ,363071,2026-10-02,,DOCREC 644/2014,,,SGP22,2014-09-01T17:57:00,2014-09-08T13:01:00,,,,,
CCJ,363072,2026-10-02,,DOCREC 645/2014,,,SGP22,2014-09-01T17:57:00,2014-09-08T13:01:00,,,,,
CCJ,363073,2026-10-02,,DOCREC 646/2014,,,SGP22,2014-09-01T17:57:00,2014-09-08T13:01:00,,,,,
CCJ,363079,2026-10-02,,DOCREC 652/2014,,,SGP22,2014-09-02T16:29:00,2014-09-08T13:01:00,,,,,
SAUDE,363080,2026-10-02,,DOCREC 653/2014,,,SGP22,2014-09-02T16:29:00,2021-02-18T17:58:00,,,,,
CCJ,363081,2026-10-02,,DOCREC 654/2014,,,SGP22,2014-09-02T16:29:00,2014-09-08T13:01:00,,,,,
CCJ,363098,2026-10-02,,DOCREC 675/2014,,,SGP22,2014-09-11T17:35:00,2015-08-03T15:26:00,,,,,
CCJ,363103,2026-10-02,,DOCREC 680/2014,,,SGP22,2014-09-11T17:35:00,2015-08-03T15:26:00,,,,,
ADM,363125,2026-10-02,,DOCREC 155/2015,,,SGP22,2015-02-06T15:11:00,2021-02-18T17:58:00,,,,,
ADM,363126,2026-10-02,,DOCREC 156/2015,,,SGP22,2015-02-06T15:11:00,2021-02-18T17:58:00,,,,,
ADM,363142,2026-10-02,,DOCREC 172/2015,,,SGP22,2015-02-13T15:10:00,2021-02-18T17:58:00,,,,,
ADM,363143,2026-10-02,,DOCREC 173/2015,,,SGP22,2015-02-13T15:10:00,2021-02-18T17:58:00,,,,,
ADM,363146,2026-10-02,,DOCREC 176/2015,,,SGP22,2015-02-19T14:06:00,2021-02-18T17:58:00,,,,,
ADM,363148,2026-10-02,,DOCREC 178/2015,,,SGP22,2015-02-19T14:06:00,2021-02-18T17:58:00,,,,,
ADM,363155,2026-10-02,,DOCREC 185/2015,,,SGP22,2015-02-20T17:00:00,2021-02-18T17:58:00,,,,,
ADM,363158,2026-10-02,,DOCREC 188/2015,,,SGP22,2015-02-20T17:00:00,2021-02-18T17:58:00,,,,,
ADM,363160,2026-10-02,,DOCREC 190/2015,,,SGP22,2015-03-23T18:46:00,2021-02-18T17:58:00,,,,,
ADM,363165,2026-10-02,,DOCREC 195/2015,,,SGP22,2015-02-26T16:33:00,2021-02-18T17:58:00,,,,,
ADM,363210,2026-10-02,,DOCREC 240/2015,,,SGP22,2015-03-16T14:23:00,2021-02-18T17:58:00,,,,,
SAUDE,363211,2026-10-02,,DOCREC 241/2015,,,SGP22,2015-03-17T14:06:00,2015-03-18T18:09:00,,,,,
SAUDE,363240,2026-10-02,,DOCREC 270/2015,,,SGP22,2015-03-30T17:36:00,2021-02-18T17:58:00,,,,,
CCJ,363242,2026-10-02,,DOCREC 272/2015,,,SGP22,2015-03-30T17:34:00,2015-08-03T15:26:00,,,,,
ADM,363243,2026-10-02,,DOCREC 273/2015,,,SGP22,2015-03-30T17:33:00,2021-02-18T17:58:00,,,,,
ADM,363244,2026-10-02,,DOCREC 274/2015,,,SGP22,2015-04-06T14:13:00,2021-02-18T17:58:00,,,,,
ADM,363245,2026-10-02,,DOCREC 275/2015,,,SGP22,2015-04-06T14:13:00,2021-02-18T17:58:00,,,,,
ADM,363247,2026-10-02,,DOCREC 277/2015,,,SGP22,2015-04-06T14:13:00,2021-02-18T17:58:00,,,,,
ADM,363254,2026-10-02,,DOCREC 284/2015,,,SGP22,2015-04-07T15:52:00,2021-02-18T17:58:00,,,,,
EDUC,363257,2026-10-02,,DOCREC 287/2015,,,SGP22,2015-04-08T14:23:00,2021-02-16T12:04:00,,,,,
ADM,363259,2026-10-02,,DOCREC 289/2015,,,SGP22,2015-04-09T16:21:00,2021-02-18T17:58:00,,,,,
ADM,363268,2026-10-02,,DOCREC 298/2015,,,SGP22,2015-04-13T14:13:00,2021-02-18T17:58:00,,,,,
ADM,363269,2026-10-02,,DOCREC 299/2015,,,SGP22,2015-04-13T14:13:00,2021-02-18T17:58:00,,,,,
CCJ,363277,2026-10-02,,DOCREC 307/2015,,,SGP22,2015-04-14T17:24:00,2015-08-03T15:26:00,,,,,
CCJ,363278,2026-10-02,,DOCREC 308/2015,,,SGP22,2015-04-14T17:26:00,2015-08-03T15:26:00,,,,,
CCJ,363280,2026-10-02,,DOCREC 310/2015,,,SGP22,2015-04-14T17:27:00,2015-08-03T15:26:00,,,,,
EDUC,363281,2026-10-02,,DOCREC 311/2015,,,SGP22,2015-04-14T17:27:00,2021-02-16T12:04:00,,,,,
EDUC,363303,2026-10-02,,DOCREC 333/2015,,,SGP22,2015-04-22T16:50:00,2021-02-16T12:04:00,,,,,
EDUC,363333,2026-10-02,,DOCREC 363/2015,,,SGP22,2015-04-28T17:02:00,2021-02-16T12:04:00,,,,,
ADM,363334,2026-10-02,,DOCREC 364/2015,,,SGP22,2015-04-28T17:03:00,2021-02-18T17:58:00,,,,,
ADM,363344,2026-10-02,,DOCREC 374/2015,,,SGP22,2015-05-04T15:44:00,2021-02-18T17:58:00,,,,,
ADM,363384,2026-10-02,,DOCREC 734/2014,,,URB,2015-06-25T18:27:00,2015-06-30T11:29:00,2015-08-04T13:11:31,Secretaria (SGP12),Para Ciência,,
CCJ,363386,2026-10-02,,DOCREC 736/2014,,,SGP22,2014-09-29T15:25:00,2014-09-29T16:02:00,,,,,
SAUDE,363445,2026-10-02,,DOCREC 795/2014,,,SGP22,2014-10-20T16:43:00,2021-02-18T17:58:00,,,,,
CCJ,363493,2026-10-02,,DOCREC 843/2014,,,SGP22,2014-11-03T13:29:00,2015-08-03T18:19:00,,,,,
CCJ,363494,2026-10-02,,DOCREC 844/2014,,,SGP22,2014-11-03T13:29:00,2015-08-03T18:19:00,,,,,
CCJ,363495,2026-10-02,,DOCREC 845/2014,,,SGP22,2014-11-03T13:29:00,2015-08-03T18:19:00,,,,,
SAUDE,363508,2026-10-02,,DOCREC 858/2014,,,SGP22,2014-11-12T13:52:00,2021-02-18T17:58:00,,,,,
CCJ,363514,2026-10-02,,DOCREC 864/2014,,,SGP22,2014-11-12T13:55:00,2015-08-03T18:19:00,,,,,
CCJ,363522,2026-10-02,,DOCREC 872/2014,,,SGP22,2014-11-17T13:43:00,2015-08-03T18:19:00,,,,,
CCJ,363525,2026-10-02,,DOCREC 875/2014,,,SGP22,2014-11-17T18:11:00,2019-07-26T14:46:00,,,,,
ADM,363532,2026-10-02,,DOCREC 882/2014,,,SGP22,2014-11-24T14:41:00,2021-02-18T17:58:00,,,,,
CCJ,363557,2026-10-02,,DOCREC 907/2014,,,SGP22,2014-11-27T16:37:00,2019-07-26T14:46:00,,,,,
ADM,363560,2026-10-02,,DOCREC 910/2014,,,SGP22,2014-11-27T16:33:00,2021-02-18T17:58:00,,,,,
ADM,363562,2026-10-02,,DOCREC 912/2014,,,SGP22,2014-11-27T16:33:00,2021-02-18T17:58:00,,,,,
ADM,363568,2026-10-02,,DOCREC 918/2014,,,SGP22,2014-11-28T17:56:00,2021-02-18T17:58:00,,,,,
ADM,363569,2026-10-02,,DOCREC 919/2014,,,SGP22,2014-11-28T17:56:00,2021-02-18T17:58:00,,,,,
ADM,363588,2026-10-02,,DOCREC 391/2015,,,SGP22,2015-05-06T17:41:00,2021-02-18T17:58:00,,,,,
ADM,363592,2026-10-02,,DOCREC 395/2015,,,SGP22,2015-05-06T17:41:00,2021-02-18T17:58:00,,,,,
CCJ,363594,2026-10-02,,DOCREC 397/2015,,,SGP22,2015-05-06T17:40:00,2015-08-03T15:26:00,,,,,
CCJ,363598,2026-10-02,,DOCREC 401/2015,,,SGP22,2015-05-06T17:40:00,2015-08-03T15:26:00,,,,,
CCJ,363599,2026-10-02,,DOCREC 402/2015,,,SGP22,2015-05-06T17:40:00,2015-08-03T15:26:00,,,,,
SAUDE,363600,2026-10-02,,DOCREC 403/2015,,,SGP22,2015-05-06T17:46:00,2021-02-18T17:58:00,,,,,
CCJ,363602,2026-10-02,,DOCREC 405/2015,,,SGP22,2015-05-06T17:40:00,2015-08-03T15:26:00,,,,,
CCJ,363608,2026-10-02,,DOCREC 411/2015,,,SGP22,2015-05-08T12:00:00,2015-08-03T15:26:00,,,,,
CCJ,363609,2026-10-02,,DOCREC 412/2015,,,SGP22,2015-05-08T12:00:00,2015-08-03T15:26:00,,,,,
CCJ,363610,2026-10-02,,DOCREC 413/2015,,,SGP22,2015-05-08T12:00:00,2015-08-03T15:26:00,,,,,
CCJ,363612,2026-10-02,,DOCREC 415/2015,,,SGP22,2015-05-08T12:00:00,2015-08-03T15:26:00,,,,,
CCJ,363623,2026-10-02,,DOCREC 426/2015,,,SGP22,2015-05-12T17:18:00,2019-07-26T14:46:00,,,,,
CCJ,363624,2026-10-02,,DOCREC 427/2015,,,SGP22,2015-05-12T17:18:00,2015-08-04T14:16:00,,,,,
CCJ,363625,2026-10-02,,DOCREC 428/2015,,,SGP22,2015-05-12T17:18:00,2019-07-26T14:46:00,,,,,
CCJ,363626,2026-10-02,,DOCREC 429/2015,,,SGP22,2015-05-12T17:18:00,2019-07-26T14:46:00,,,,,
CCJ,363627,2026-10-02,,DOCREC 430/2015,,,SGP22,2015-05-12T17:18:00,2015-08-04T14:16:00,,,,,
CCJ,363640,2026-10-02,,DOCREC 443/2015,,,SGP22,2015-05-20T11:55:00,2019-07-26T14:46:00,,,,,
CCJ,363654,2026-10-02,,DOCREC 457/2015,,,SGP22,2015-05-27T14:55:00,2015-08-04T14:16:00,,,,,
EDUC,363658,2026-10-02,,DOCREC 461/2015,,,SGP22,2015-05-27T14:57:00,2021-02-16T12:04:00,,,,,
SAUDE,363660,2026-10-02,,DOCREC 463/2015,,,SGP22,2015-05-27T14:57:00,2021-02-18T17:58:00,,,,,
ADM,363661,2026-10-02,,DOCREC 464/2015,,,SGP22,2015-05-27T14:56:00,2021-02-18T17:58:00,,,,,
EDUC,363672,2026-10-02,,DOCREC 475/2015,,,SGP22,2015-06-02T14:11:00,2021-02-16T12:04:00,,,,,
CCJ,363676,2026-10-02,,DOCREC 479/2015,,,SGP22,2015-06-02T14:13:00,2015-08-03T15:26:00,,,,,
EDUC,363677,2026-10-02,,DOCREC 480/2015,,,SGP22,2015-06-02T15:09:00,2021-02-16T12:04:00,,,,,
EDUC,363678,2026-10-02,,DOCREC 481/2015,,,SGP22,2015-06-02T15:09:00,2021-02-16T12:04:00,,,,,
ADM,363691,2026-10-02,,DOCREC 494/2015,,,SGP22,2015-06-09T18:33:00,2021-02-18T17:58:00,,,,,
ADM,363692,2026-10-02,,DOCREC 495/2015,,,SGP22,2015-06-09T18:31:00,2021-02-18T17:58:00,,,,,
ADM,363717,2026-10-02,,DOCREC 520/2015,,,SGP22,2015-06-16T13:11:00,2021-02-18T17:58:00,,,,,
EDUC,363745,2026-10-02,,DOCREC 548/2015,,,SGP22,2015-06-25T18:13:00,2021-02-16T12:04:00,,,,,
EDUC,363746,2026-10-02,,DOCREC 549/2015,,,SGP22,2015-06-25T18:13:00,2021-02-16T12:04:00,,,,,
SAUDE,363753,2026-10-02,,DOCREC 556/2015,,,SGP22,2015-06-26T16:24:00,2021-02-18T17:58:00,,,,,
ECON,363754,2026-10-02,,DOCREC 557/2015,,,SGP22,2015-06-29T18:02:00,2021-02-17T00:52:00,,,,,
ECON,363770,2026-10-02,,DOCREC 573/2015,,,SGP22,2015-07-02T17:13:00,2015-07-06T16:41:00,,,,,
SAUDE,363785,2026-10-02,,DOCREC 588/2015,,,SGP22,2015-07-03T16:17:00,2021-02-18T17:58:00,,,,,
ECON,363786,2026-10-02,,DOCREC 589/2015,,,SGP22,2015-07-06T14:58:00,2015-07-06T16:41:00,,,,,
SAUDE,363790,2026-10-02,,DOCREC 593/2015,,,SGP22,2015-07-07T14:23:00,2021-02-18T17:58:00,,,,,
ADM,363796,2026-10-02,,DOCREC 599/2015,,,SGP22,2015-07-08T17:04:00,2021-02-18T17:58:00,,,,,
EDUC,363816,2026-10-02,,DOCREC 619/2015,,,SGP22,2015-07-27T15:39:00,2021-02-16T12:04:00,,,,,
SAUDE,363818,2026-10-02,,DOCREC 621/2015,,,SGP22,2015-07-27T15:41:00,2021-02-18T17:58:00,,,,,
SAUDE,363819,2026-10-02,,DOCREC 622/2015,,,SGP22,2015-07-27T15:43:00,2021-02-18T17:58:00,,,,,
SAUDE,363821,2026-10-02,,DOCREC 624/2015,,,SGP22,2015-07-30T17:52:00,2021-02-18T17:58:00,,,,,
CCJ,363822,2026-10-02,,DOCREC 625/2015,,,SGP22,2015-07-30T17:53:00,2015-08-03T15:26:00,,,,,
CCJ,363823,2026-10-02,,DOCREC 626/2015,,,SGP22,2015-07-30T17:56:00,2015-08-03T15:26:00,,,,,
CCJ,363825,2026-10-02,,DOCREC 628/2015,,,SGP22,2015-07-30T18:03:00,2015-08-03T15:26:00,,,,,
SAUDE,363826,2026-10-02,,DOCREC 629/2015,,,SGP22,2015-07-30T18:05:00,2021-02-18T17:58:00,,,,,
CCJ,363843,2026-10-02,,DOCREC 646/2015,,,SGP22,2015-07-31T14:20:00,2015-08-03T15:26:00,,,,,
CCJ,363844,2026-10-02,,DOCREC 647/2015,,,SGP22,2015-07-31T14:21:00,2015-08-03T15:26:00,,,,,
ECON,363852,2026-10-02,,DOCREC 655/2015,,,SGP22,2015-08-04T13:19:00,2021-02-17T00:52:00,,,,,
ADM,363899,2026-10-02,,DOCREC 703/2015,,,SGP22,2015-08-19T16:17:00,2021-02-18T17:58:00,,,,,
SAUDE,363920,2026-10-02,,DOCREC 724/2015,,,SGP22,2016-01-08T14:54:00,2021-02-18T17:58:00,,,,,
ADM,363943,2026-10-02,,DOCREC 747/2015,,,SGP22,2015-09-16T17:27:00,2021-02-18T17:58:00,,,,,
SAUDE,363959,2026-10-02,,DOCREC 763/2015,,,SGP22,2015-09-21T15:18:00,2021-02-18T17:58:00,,,,,
ADM,363967,2026-10-02,,DOCREC 771/2015,,,SGP22,2015-09-25T13:49:00,2021-02-18T17:58:00,,,,,
SAUDE,363968,2026-10-02,,DOCREC 772/2015,,,SGP22,2015-09-25T13:50:00,2021-02-18T17:58:00,,,,,
EDUC,454041,2026-10-02,,DOCREC 782/2015,,,SGP22,2015-09-30T16:44:00,2021-02-16T12:04:00,,,,,
SAUDE,454042,2026-10-02,,DOCREC 783/2015,,,SGP22,2015-09-30T16:45:00,2021-02-18T17:58:00,,,,,
EDUC,454045,2026-10-02,,DOCREC 786/2015,,,SGP22,2015-09-30T16:44:00,2021-02-16T12:04:00,,,,,
ADM,454160,2026-10-02,,DOCREC 793/2015,,,SGP22,2015-10-01T14:49:00,2021-02-18T17:58:00,,,,,
SAUDE,454624,2026-10-02,,DOCREC 820/2015,,,SGP22,2015-10-14T14:32:00,2021-02-18T17:58:00,,,,,
ADM,454706,2026-10-02,,DOCREC 841/2015,,,SGP22,2015-10-19T16:58:00,2021-02-18T17:58:00,,,,,
FIN,455087,2026-10-02,,PL 594/2015,2271,Ver. ANA CAROLINA OLIVEIRA (PODE),SGP22,2025-02-18T17:32:00,2025-03-14T10:05:00,2026-04-08T18:19:45,Relator(a),Estudo para manifestação do relator,,
URB,455141,2026-10-02,,PL 568/2015,,,SGP12,2019-07-05T14:37:00,2019-07-05T14:41:00,2021-02-15T19:39:07,Presidente da Comissão,Designar Relator,,
FIN,455156,2026-10-02,,PL 561/2015,2279,Ver. SILVINHO LEITE (UNIÃO),SGP22,2025-12-01T14:02:00,2025-12-02T12:58:00,2026-06-17T14:43:41,Consultoria (CTEO.1),Elaborar Minuta de Relatório,,
ADM,455302,2026-10-02,,DOCREC 870/2015,,,SGP22,2015-10-29T19:27:00,2021-02-18T17:58:00,,,,,
CCJ,455307,2026-10-02,,DOCREC 876/2015,,,SGP22,2015-10-29T19:34:00,2019-07-26T14:46:00,,,,,
EDUC,455310,2026-10-02,,DOCREC 878/2015,,,SGP22,2015-10-29T19:36:00,2021-02-16T12:04:00,,,,,
EDUC,455312,2026-10-02,,DOCREC 880/2015,,,SGP22,2015-10-29T19:37:00,2021-02-16T12:04:00,,,,,
CCJ,455420,2026-10-02,,DOCREC 881/2015,,,SGP22,2015-11-04T17:21:00,2019-07-26T14:46:00,,,,,
ADM,455424,2026-10-02,,DOCREC 895/2015,,,SGP22,2015-11-04T16:56:00,2021-02-18T17:58:00,,,,,
EDUC,455430,2026-10-02,,DOCREC 886/2015,,,SGP22,2015-11-04T17:14:00,2021-02-16T12:04:00,,,,,
ECON,455431,2026-10-02,,DOCREC 887/2015,,,SGP22,2015-11-04T17:12:00,2021-02-17T00:52:00,,,,,
ADM,455433,2026-10-02,,DOCREC 889/2015,,,SGP22,2015-11-04T17:08:00,2021-02-18T17:58:00,,,,,
SAUDE,455529,2026-10-02,,DOCREC 917/2015,,,SGP22,2015-11-10T15:37:00,2021-02-18T17:58:00,,,,,
SAUDE,455697,2026-10-02,,DOCREC 935/2015,,,SGP22,2015-11-16T17:20:00,2021-02-18T17:58:00,,,,,
SAUDE,455707,2026-10-02,,DOCREC 938/2015,,,SGP22,2015-11-17T15:18:00,2021-02-18T17:58:00,,,,,
SAUDE,456008,2026-10-02,,DOCREC 951/2015,,,SGP22,2015-11-19T17:13:00,2021-02-18T17:58:00,,,,,
ADM,456012,2026-10-02,,DOCREC 955/2015,,,SGP22,2015-11-19T17:16:00,2021-02-18T17:58:00,,,,,
ADM,456018,2026-10-02,,DOCREC 957/2015,,,SGP22,2015-11-19T17:19:00,2021-02-18T17:58:00,,,,,
ADM,456687,2026-10-02,,DOCREC 981/2015,,,SGP22,2015-11-30T15:58:00,2021-02-18T17:58:00,,,,,
ADM,457046,2026-10-02,,DOCREC 998/2015,,,SGP22,2015-12-03T17:18:00,2021-02-18T17:58:00,,,,,
FIN,457194,2026-10-02,,PL 698/2015,2278,Ver. KEIT LIMA (PSOL),SAUDE,2025-06-26T19:27:12,2025-06-27T11:48:00,2026-04-22T15:14:37,Relator(a),Estudo para manifestação do relator,,
SAUDE,457619,2026-10-02,,DOCREC 1023/2015,,,SGP22,2015-12-16T16:55:00,2021-02-18T17:58:00,,,,,
EDUC,457629,2026-10-02,,DOCREC 1033/2015,,,SGP22,2015-12-16T17:06:00,2021-02-16T12:04:00,,,,,
ADM,457630,2026-10-02,,DOCREC 1034/2015,,,SGP22,2015-12-16T17:08:00,2021-02-18T17:58:00,,,,,
ADM,457637,2026-10-02,,DOCREC 1037/2015,,,SGP22,2015-12-16T17:09:00,2021-02-18T17:58:00,,,,,
FIN,457923,2026-10-02,,DOCREC 1052/2015,,,SGP22,2015-12-21T14:51:00,2016-01-04T11:07:00,,,,,
SAUDE,457991,2026-10-02,,DOCREC 8/2016,,,SGP22,2016-01-04T14:29:00,2021-02-18T17:58:00,,,,,
ECON,457996,2026-10-02,,DOCREC 3/2016,,,SGP22,2016-01-04T14:28:00,2016-01-27T16:52:00,,,,,
ECON,458272,2026-10-02,,DOCREC 54/2016,,,SGP22,2016-01-13T16:28:00,2016-01-27T16:52:00,,,,,
ADM,458277,2026-10-02,,DOCREC 59/2016,,,SGP22,2016-01-13T16:29:00,2021-02-18T17:58:00,,,,,
CCJ,458439,2026-10-02,,DOCREC 71/2016,,,SGP12,2016-08-03T17:11:00,2016-08-03T17:11:00,,,,,
ADM,458508,2026-10-02,,DOCREC 82/2016,,,SGP22,2016-01-21T18:10:00,2021-02-18T17:58:00,,,,,
SAUDE,458569,2026-10-02,,DOCREC 95/2016,,,SGP22,2016-02-01T17:10:00,2021-02-18T17:58:00,,,,,
SAUDE,458571,2026-10-02,,DOCREC 97/2016,,,SGP22,2016-02-01T17:09:00,2021-02-18T17:58:00,,,,,
CCJ,458740,2026-10-02,,DOCREC 134/2016,,,SGP22,2016-02-16T15:59:00,2016-02-16T19:32:00,,,,,
ADM,458867,2026-10-02,,DOCREC 145/2016,,,SGP22,2016-02-18T12:42:00,2021-02-18T17:58:00,,,,,
ADM,458870,2026-10-02,,DOCREC 143/2016,,,SGP22,2016-02-17T17:28:00,2021-02-18T17:58:00,,,,,
CCJ,459020,2026-10-02,,DOCREC 154/2016,,,SGP22,2016-02-18T15:40:00,2016-02-18T17:05:00,,,,,
CCJ,459538,2026-10-02,,PL 52/2016,1636,Ver. DR. MILTON FERREIRA (PODE),SGP22,2025-02-14T18:55:00,2025-04-02T10:18:00,2025-11-04T16:34:04,Secretaria (SGP12),Aguardando Informações do(a) Autor(a),,
ADM,459841,2026-10-02,,DOCREC 175/2016,,,SGP22,2016-03-04T13:45:00,2021-02-18T17:58:00,,,,,
FIN,460086,2026-10-02,,PL 84/2016,2000,Ver. ALESSANDRO GUEDES (PT),SAUDE,2025-12-04T14:49:38,2025-12-09T10:59:00,2026-09-02T16:32:58,Relator(a),Estudo para manifestação do relator,,
URB,460357,2026-10-02,,PL 96/2016,,,SGP12,2018-06-14T17:43:00,2018-06-14T18:07:00,2021-02-15T19:38:27,Presidente da Comissão,Designar Relator,,
ECON,461321,2026-10-02,,DOCREC 216/2016,,,SGP22,2016-03-31T14:15:00,2021-02-17T00:52:00,,,,,
ECON,461323,2026-10-02,,DOCREC 217/2016,,,SGP22,2016-03-31T14:15:00,2021-02-17T00:52:00,,,,,
ADM,461750,2026-10-02,,DOCREC 247/2016,,,SGP22,2016-04-08T13:56:00,2021-02-18T17:58:00,,,,,
ADM,461756,2026-10-02,,DOCREC 241/2016,,,SGP22,2016-04-08T13:56:00,2021-02-18T17:58:00,,,,,
SAUDE,461765,2026-10-02,,DOCREC 236/2016,,,SGP22,2016-04-08T15:23:00,2016-04-12T13:26:00,,,,,
EDUC,461768,2026-10-02,,DOCREC 239/2016,,,SGP22,2016-04-08T15:30:00,2021-02-16T12:04:00,,,,,
FIN,461961,2026-10-02,,PL 139/2016,2146,Ver. GILBERTO NASCIMENTO (PL),SGP22,2025-02-19T12:00:00,2025-03-14T10:05:00,2026-09-16T17:53:07,Relator(a),Assinar Relatório,,
ECON,462130,2026-10-02,,DOCREC 281/2016,,,SGP22,2016-04-27T14:12:00,2021-02-17T00:52:00,,,,,
EDUC,462133,2026-10-02,,DOCREC 282/2016,,,SGP22,2016-04-27T14:19:00,2021-02-16T12:04:00,,,,,
ECON,462134,2026-10-02,,DOCREC 283/2016,,,SGP22,2016-04-27T14:20:00,2021-02-17T00:52:00,,,,,
CCJ,462748,2026-10-02,,DOCREC 300/2016,,,SGP22,2016-05-06T15:18:00,2019-07-26T14:46:00,,,,,
FIN,462750,2026-10-02,,DOCREC 302/2016,,,SGP22,2016-05-06T15:20:00,2019-09-05T10:13:00,,,,,
CCJ,462751,2026-10-02,,DOCREC 303/2016,,,SGP22,2016-05-06T15:20:00,2019-07-26T14:46:00,,,,,
CCJ,462752,2026-10-02,,DOCREC 304/2016,,,SGP22,2016-05-06T15:21:00,2019-07-26T14:46:00,,,,,
CCJ,462753,2026-10-02,,DOCREC 305/2016,,,SGP22,2016-05-06T15:22:00,2019-07-26T14:46:00,,,,,
CCJ,462754,2026-10-02,,DOCREC 306/2016,,,SGP22,2016-05-06T15:22:00,2019-07-26T14:46:00,,,,,
CCJ,462755,2026-10-02,,DOCREC 307/2016,,,SGP22,2016-05-06T15:23:00,2019-07-26T14:46:00,,,,,
CCJ,462756,2026-10-02,,DOCREC 308/2016,,,SGP22,2016-05-06T15:24:00,2019-07-26T14:46:00,,,,,
CCJ,462757,2026-10-02,,DOCREC 309/2016,,,SGP22,2016-05-06T15:24:00,2019-07-26T14:46:00,,,,,
ADM,462761,2026-10-02,,DOCREC 313/2016,,,SGP22,2016-05-06T15:49:00,2021-02-18T17:58:00,,,,,
EDUC,462764,2026-10-02,,DOCREC 316/2016,,,SGP22,2016-05-06T15:52:00,2021-02-16T12:04:00,,,,,
EDUC,462984,2026-10-02,,DOCREC 328/2016,,,SGP22,2016-05-12T14:43:00,2021-02-16T12:04:00,,,,,
CCJ,463206,2026-10-02,,PL 205/2016,2217,Ver. SANSÃO PEREIRA (REPUBLICANOS),SGP22,2025-02-19T12:30:00,2025-04-02T10:18:00,2025-09-29T14:48:01,Secretaria (SGP12),Adiado,,
SAUDE,463396,2026-10-02,,DOCREC 357/2016,,,SGP22,2016-05-30T14:55:00,2021-02-18T17:58:00,,,,,
EDUC,463402,2026-10-02,,DOCREC 358/2016,,,SGP22,2016-05-30T14:56:00,2021-02-16T12:04:00,,,,,
ADM,463631,2026-10-02,,DOCREC 389/2016,,,SGP22,2016-06-02T14:17:00,2021-02-18T17:58:00,,,,,
ECON,463781,2026-10-02,,DOCREC 392/2016,,,SGP22,2016-06-07T17:08:00,2021-02-17T00:52:00,,,,,
ECON,464458,2026-10-02,,DOCREC 420/2016,,,SGP22,2016-06-16T13:21:00,2021-02-17T00:52:00,,,,,
ECON,464466,2026-10-02,,DOCREC 421/2016,,,SGP22,2016-06-16T13:54:00,2021-02-17T00:52:00,,,,,
CCJ,464677,2026-10-02,,PL 279/2016,2218,Ver. THAMMY MIRANDA (PSD),SGP12,2017-02-09T18:42:00,2017-02-10T13:56:00,2025-09-01T16:45:31,Secretaria (SGP12),Em Condição de Pauta,,
FIN,464713,2026-10-02,,PL 314/2016,2219,Ver. MARCELO MESSIAS (MDB),SGP22,2025-02-14T13:48:00,2025-03-14T10:05:00,2025-05-15T17:19:01,Relator(a),Estudo para manifestação do relator,,
EDUC,465190,2026-10-02,,DOCREC 449/2016,,,SGP22,2016-06-28T16:37:00,2021-02-16T12:04:00,,,,,
EDUC,465279,2026-10-02,,DOCREC 483/2016,,,SGP22,2016-06-29T15:15:00,2021-02-16T12:04:00,,,,,
EDUC,465355,2026-10-02,,DOCREC 489/2016,,,SGP22,2016-06-30T15:57:00,2021-02-16T12:04:00,,,,,
EDUC,465356,2026-10-02,,DOCREC 490/2016,,,SGP22,2016-06-30T15:57:00,2021-02-16T12:04:00,,,,,
ADM,465357,2026-10-02,,DOCREC 491/2016,,,SGP22,2016-06-30T15:56:00,2021-02-18T17:58:00,,,,,
CCJ,465358,2026-10-02,,DOCREC 493/2016,,,SGP22,2016-06-30T15:58:00,2019-07-26T14:46:00,,,,,
CCJ,465359,2026-10-02,,DOCREC 494/2016,,,SGP22,2016-06-30T15:58:00,2019-07-26T14:46:00,,,,,
ADM,465360,2026-10-02,,DOCREC 492/2016,,,SGP22,2016-06-30T15:55:00,2021-02-18T17:58:00,,,,,
CCJ,465361,2026-10-02,,DOCREC 495/2016,,,SGP22,2016-06-30T15:58:00,2019-07-26T14:46:00,,,,,
CCJ,465363,2026-10-02,,DOCREC 496/2016,,,SGP22,2016-06-30T15:58:00,2019-07-26T14:46:00,,,,,
CCJ,465365,2026-10-02,,DOCREC 497/2016,,,SGP22,2016-06-30T15:58:00,2019-07-26T14:46:00,,,,,
ADM,465696,2026-10-02,,DOCREC 527/2016,,,SGP22,2016-07-12T18:35:00,2021-02-18T17:58:00,,,,,
ECON,465698,2026-10-02,,DOCREC 525/2016,,,SGP22,2016-07-12T18:35:00,2021-02-17T00:52:00,,,,,
ADM,465881,2026-10-02,,DOCREC 622/2016,,,SGP22,2016-07-28T13:16:00,2021-02-18T17:58:00,,,,,
URB,465990,2026-10-02,,PL 393/2016,,,FIN,2017-03-16T19:01:00,2017-03-16T19:11:00,2021-02-15T19:37:37,Presidente da Comissão,Designar Relator,,
ADM,466163,2026-10-02,,DOCREC 638/2016,,,SGP22,2016-08-09T15:26:00,2021-02-18T17:58:00,,,,,
CCJ,466713,2026-10-02,,PL 458/2016,2282,Ver. LUCAS PAVANATO (PL),SGP22,2025-02-17T13:15:00,2025-04-02T10:18:00,2025-04-30T11:21:32,Relator(a),Assinar Pedido de Informação ao(à) Autor(a),,
CCJ,466717,2026-10-02,,PR 7/2016,2217,Ver. SANSÃO PEREIRA (REPUBLICANOS),SGP22,2025-02-11T16:20:00,2025-04-02T10:18:00,2026-04-10T14:48:43,Secretaria (SGP12),Em Condição de Pauta,,
ADM,467226,2026-10-02,,DOCREC 796/2016,,,SGP22,2016-10-10T17:05:00,2021-02-18T17:58:00,,,,,
EDUC,467841,2026-10-02,,DOCREC 837/2016,,,SGP22,2016-11-04T17:13:00,2021-02-16T12:04:00,,,,,
FIN,467989,2026-10-02,,DOCREC 852/2016,,,SGP22,2016-11-17T14:51:00,2016-11-17T16:00:00,,,,,
CCJ,468231,2026-10-02,,DOCREC 882/2016,,,SGP22,2016-12-02T14:19:00,2019-07-26T14:46:00,,,,,
FIN,468511,2026-10-02,,PL 551/2016,676,Ver. ATÍLIO FRANCISCO (REPUBLICANOS),EDUC,2018-11-09T12:58:00,2018-11-09T15:57:00,2025-08-12T12:39:24,Presidente da Comissão,Designar Relator,,
CCJ,468516,2026-10-02,,PL 556/2016,2277,Ver. JANAINA PASCHOAL (PP),SGP22,2025-02-17T13:15:00,2025-04-02T10:18:00,2025-11-04T16:34:05,Secretaria (SGP12),Aguardando Informações do(a) Autor(a),,
URB,469007,2026-10-02,,PL 588/2016,2144,Ver. FABIO RIVA (MDB),SGP22,2025-02-12T18:59:00,2025-03-18T19:16:00,2025-04-09T11:20:21,Relator(a),Estudo para manifestação do relator,,
FIN,470214,2026-10-02,,PL 112/2017,2278,Ver. KEIT LIMA (PSOL),SGP22,2025-02-13T10:19:00,2025-03-14T13:31:00,2026-06-25T18:23:57,Relator(a),Estudo para manifestação do relator,,
URB,471184,2026-10-02,,PL 174/2017,2147,Ver. ISAC FÉLIX (PL),SGP22,2025-02-18T16:51:00,2025-03-18T19:16:00,2026-03-18T15:01:16,Relator(a),Estudo para manifestação do relator,,
ADM,471302,2026-10-02,,DOCREC 76/2017,,,SGP22,2017-04-03T14:15:00,2021-02-18T17:58:00,,,,,
ADM,471305,2026-10-02,,DOCREC 79/2017,,,SGP22,2017-04-03T14:20:00,2021-02-18T17:58:00,,,,,
SAUDE,471313,2026-10-02,,DOCREC 83/2017,,,SGP22,2017-04-03T14:24:00,2021-02-18T17:58:00,,,,,
CCJ,471630,2026-10-02,,DOCREC 139/2017,,,SGP22,2017-04-10T15:12:00,2019-07-26T14:46:00,,,,,
ADM,471643,2026-10-02,,DOCREC 138/2017,,,SGP12,2018-10-03T15:00:00,2021-02-18T17:58:00,,,,,
EDUC,471712,2026-10-02,,DOCREC 147/2017,,,SGP22,2017-04-11T15:25:00,2021-02-16T12:04:00,,,,,
URB,471738,2026-10-02,,PL 232/2017,2147,Ver. ISAC FÉLIX (PL),SGP22,2025-02-20T14:15:00,2025-03-18T19:16:00,2025-04-03T15:06:48,Relator(a),Estudo para manifestação do relator,,
ADM,478785,2026-10-02,,DOCREC 181/2017,,,SGP22,2017-05-08T17:26:00,2021-02-18T17:58:00,,,,,
CCJ,478787,2026-10-02,,DOCREC 182/2017,,,SGP22,2017-05-08T17:26:00,2019-07-26T14:46:00,,,,,
CCJ,478789,2026-10-02,,DOCREC 183/2017,,,SGP22,2017-05-08T17:26:00,2019-07-26T14:46:00,,,,,
CCJ,478791,2026-10-02,,DOCREC 184/2017,,,SGP22,2017-05-08T17:26:00,2019-07-26T14:46:00,,,,,
CCJ,478793,2026-10-02,,DOCREC 185/2017,,,SGP22,2017-05-08T17:26:00,2019-07-26T14:46:00,,,,,
CCJ,478795,2026-10-02,,DOCREC 186/2017,,,SGP22,2017-05-08T17:26:00,2019-07-26T14:46:00,,,,,
CCJ,478796,2026-10-02,,DOCREC 187/2017,,,SGP22,2017-05-08T17:26:00,2019-07-26T14:46:00,,,,,
ECON,479029,2026-10-02,,DOCREC 220/2017,,,SGP22,2017-05-11T17:57:00,2021-02-17T00:52:00,,,,,
ADM,479176,2026-10-02,,DOCREC 254/2017,,,SGP22,2017-05-17T16:35:00,2021-02-18T17:58:00,,,,,
SAUDE,479706,2026-10-02,,DOCREC 315/2017,,,SGP22,2017-05-30T16:10:00,2021-02-18T17:58:00,,,,,
ADM,479710,2026-10-02,,DOCREC 317/2017,,,SGP22,2017-05-30T16:11:00,2021-02-18T17:58:00,,,,,
ADM,479715,2026-10-02,,DOCREC 318/2017,,,SGP22,2017-05-30T16:12:00,2021-02-18T17:58:00,,,,,
ADM,479729,2026-10-02,,DOCREC 308/2017,,,SGP22,2017-05-30T16:26:00,2021-02-18T17:58:00,,,,,
ADM,479737,2026-10-02,,DOCREC 313/2017,,,SGP22,2017-05-31T12:57:00,2021-02-18T17:58:00,,,,,
ADM,481348,2026-10-02,,DOCREC 347/2017,,,SGP22,2017-06-09T15:53:00,2021-02-18T17:58:00,,,,,
ADM,481764,2026-10-02,,DOCREC 375/2017,,,SGP22,2017-06-26T17:30:00,2021-02-18T17:58:00,,,,,
SAUDE,481769,2026-10-02,,DOCREC 377/2017,,,SGP22,2017-06-26T17:33:00,2021-02-18T17:58:00,,,,,
ADM,481772,2026-10-02,,DOCREC 379/2017,,,SGP22,2017-06-26T17:34:00,2021-02-18T17:58:00,,,,,
ADM,481837,2026-10-02,,DOCREC 404/2017,,,SGP22,2017-06-28T17:19:00,2021-02-18T17:58:00,,,,,
ADM,481838,2026-10-02,,DOCREC 405/2017,,,SGP22,2017-06-28T17:20:00,2021-02-18T17:58:00,,,,,
ADM,481840,2026-10-02,,DOCREC 406/2017,,,SGP22,2017-06-28T17:21:00,2021-02-18T17:58:00,,,,,
EDUC,481851,2026-10-02,,DOCREC 403/2017,,,SGP22,2017-06-28T17:46:00,2021-02-16T12:04:00,,,,,
ECON,482139,2026-10-02,,DOCREC 410/2017,,,SGP22,2017-07-03T17:27:00,2017-07-03T18:06:00,,,,,
FIN,482140,2026-10-02,,DOCREC 411/2017,,,CCJ,2018-02-26T17:49:00,2019-09-05T10:13:00,,,,,
CCJ,482178,2026-10-02,,DOCREC 419/2017,,,SGP22,2017-07-06T16:30:00,2019-07-26T14:46:00,,,,,
ADM,482181,2026-10-02,,DOCREC 422/2017,,,SGP22,2017-07-06T16:33:00,2021-02-18T17:58:00,,,,,
ECON,482185,2026-10-02,,DOCREC 426/2017,,,SGP22,2017-07-06T16:43:00,2018-03-19T15:00:00,,,,,
CCJ,482246,2026-10-02,,DOCREC 461/2017,,,SGP22,2017-07-19T18:09:00,2019-07-26T14:46:00,,,,,
ECON,482262,2026-10-02,,DOCREC 473/2017,,,SGP22,2017-07-26T09:20:00,2017-07-26T09:21:00,,,,,
EDUC,482297,2026-10-02,,DOCREC 496/2017,,,SGP22,2017-07-31T14:03:00,2021-02-16T12:04:00,,,,,
EDUC,482298,2026-10-02,,DOCREC 497/2017,,,SGP22,2017-07-31T14:04:00,2021-02-16T12:04:00,,,,,
EDUC,482299,2026-10-02,,DOCREC 498/2017,,,SGP22,2017-07-31T14:04:00,2021-02-16T12:04:00,,,,,
CCJ,482339,2026-10-02,,DOCREC 503/2017,,,SGP22,2017-08-02T17:21:00,2019-07-26T14:46:00,,,,,
SAUDE,482340,2026-10-02,,DOCREC 504/2017,,,SGP22,2017-08-02T17:22:00,2021-02-18T17:58:00,,,,,
ADM,482492,2026-10-02,,DOCREC 528/2017,,,SGP22,2017-08-07T16:36:00,2021-02-18T17:58:00,,,,,
SAUDE,482497,2026-10-02,,DOCREC 531/2017,,,SGP22,2017-08-07T16:38:00,2021-02-18T17:58:00,,,,,
CCJ,482499,2026-10-02,,DOCREC 532/2017,,,SGP22,2017-08-07T16:38:00,2017-08-07T19:00:00,,,,,
SAUDE,482501,2026-10-02,,DOCREC 533/2017,,,SGP22,2017-08-07T16:39:00,2021-02-18T17:58:00,,,,,
FIN,482557,2026-10-02,,PL 511/2017,2146,Ver. GILBERTO NASCIMENTO (PL),SGP22,2025-02-12T14:10:00,2025-03-14T13:31:00,2026-09-16T17:56:59,Relator(a),Assinar Relatório,,
CCJ,482654,2026-10-02,,PL 453/2017,2276,Ver. SILVÃO LEITE (UNIÃO),SGP22,2025-02-25T10:49:00,2025-04-02T10:18:00,2026-03-16T15:57:06,Relator(a),Estudo para manifestação do relator,,
SAUDE,482660,2026-10-02,,PL 465/2017,2281,Ver. SIMONE GANEM (PODE),SGP22,2025-02-25T10:49:00,2025-03-13T17:36:00,2025-08-29T15:51:58,Relator(a),Assinar Relatório,,
CCJ,482666,2026-10-02,,PL 471/2017,2276,Ver. SILVÃO LEITE (UNIÃO),SGP22,2025-02-25T10:49:00,2025-04-02T10:18:00,2026-03-16T15:57:02,Relator(a),Estudo para manifestação do relator,,
CCJ,482675,2026-10-02,,PL 479/2017,2276,Ver. SILVÃO LEITE (UNIÃO),SGP22,2025-02-25T18:20:00,2025-04-02T10:18:00,2026-03-16T15:56:59,Relator(a),Estudo para manifestação do relator,,
FIN,494833,2026-10-02,,PL 593/2017,2278,Ver. KEIT LIMA (PSOL),SGP22,2025-02-13T11:39:00,2025-03-14T13:31:00,2026-04-09T16:52:57,Relator(a),Estudo para manifestação do relator,,
SAUDE,494935,2026-10-02,,DOCREC 608/2017,,,SGP22,2017-09-04T14:44:00,2021-02-18T17:58:00,,,,,
EDUC,494938,2026-10-02,,DOCREC 613/2017,,,SGP22,2017-09-04T14:25:00,2021-02-16T12:04:00,,,,,
EDUC,495339,2026-10-02,,DOCREC 634/2017,,,SGP22,2017-09-14T17:59:00,2021-02-16T12:04:00,,,,,
ADM,495518,2026-10-02,,DOCREC 637/2017,,,SGP22,2017-09-19T15:46:00,2021-02-18T17:58:00,,,,,
ADM,495521,2026-10-02,,DOCREC 638/2017,,,SGP22,2017-09-19T15:04:00,2021-02-18T17:58:00,,,,,
EDUC,495525,2026-10-02,,DOCREC 640/2017,,,SGP22,2017-09-19T15:05:00,2021-02-16T12:04:00,,,,,
ADM,495945,2026-10-02,,DOCREC 668/2017,,,SGP22,2017-09-28T15:15:00,2021-02-18T17:58:00,,,,,
EDUC,496320,2026-10-02,,DOCREC 680/2017,,,SGP22,2017-10-06T17:45:00,2021-02-16T12:04:00,,,,,
EDUC,496660,2026-10-02,,DOCREC 710/2017,,,SGP22,2017-10-20T15:19:00,2021-02-16T12:04:00,,,,,
ECON,496756,2026-10-02,,DOCREC 712/2017,,,SGP22,2017-10-24T14:49:00,2021-02-17T00:52:00,,,,,
ADM,496758,2026-10-02,,DOCREC 714/2017,,,SGP22,2017-10-24T15:41:00,2021-02-18T17:58:00,,,,,
EDUC,496760,2026-10-02,,DOCREC 716/2017,,,SGP22,2017-10-24T15:43:00,2021-02-16T12:04:00,,,,,
EDUC,496762,2026-10-02,,DOCREC 718/2017,,,SGP22,2017-10-24T15:43:00,2021-02-16T12:04:00,,,,,
ADM,496764,2026-10-02,,DOCREC 720/2017,,,SGP22,2017-10-24T15:41:00,2021-02-18T17:58:00,,,,,
ADM,496765,2026-10-02,,DOCREC 722/2017,,,SGP22,2017-10-24T15:41:00,2021-02-18T17:58:00,,,,,
ECON,496775,2026-10-02,,DOCREC 721/2017,,,SGP22,2017-10-24T15:45:00,2018-03-19T15:00:00,,,,,
CCJ,496790,2026-10-02,,PDL 65/2017,2206,Ver. SILVIA DA BANCADA FEMINISTA (PSOL),SGP22,2025-02-13T15:50:00,2025-04-02T10:18:00,2025-04-16T18:32:58,Relator(a),Estudo para manifestação do relator,,
ADM,496803,2026-10-02,,PL 601/2017,2283,Ver. ZOE MARTÍNEZ (PL),URB,2026-04-17T11:13:40,2026-04-23T15:15:00,2026-09-08T16:05:44,Consultoria (SGP.53),Elaborar Minuta de Relatório,,
FIN,496909,2026-10-02,,PL 671/2017,2150,Ver. ANDRÉ SANTOS (REPUBLICANOS),SGP22,2025-02-18T11:34:00,2025-03-14T13:31:00,2026-08-24T12:29:37,Consultoria,Para análise,,
FIN,496935,2026-10-02,2026-10-07,PL 731/2017,2150,Ver. ANDRÉ SANTOS (REPUBLICANOS),SGP22,2025-02-12T14:10:00,2025-03-14T13:31:00,2026-06-24T13:22:28,Secretaria (SGP12),Aguardando Informações do Executivo,,
FIN,496935,2026-10-08,,PL 731/2017,2150,Ver. ANDRÉ SANTOS (REPUBLICANOS),SGP22,2025-02-12T14:10:00,2025-03-14T13:31:00,2026-10-08T11:22:22,Consultoria,Para análise,,
FIN,497412,2026-10-02,,PL 755/2017,2150,Ver. ANDRÉ SANTOS (REPUBLICANOS),SGP22,2025-02-12T14:10:00,2025-03-14T13:31:00,2026-07-27T12:28:46,Consultoria,Para análise,,
EDUC,497705,2026-10-02,,DOCREC 801/2017,,,SGP22,2017-11-13T17:53:00,2021-02-16T12:04:00,,,,,
SAUDE,497708,2026-10-02,,DOCREC 802/2017,,,SGP22,2017-11-13T17:55:00,2021-02-18T17:58:00,,,,,
EDUC,497712,2026-10-02,,DOCREC 805/2017,,,SGP22,2017-11-13T17:53:00,2021-02-16T12:04:00,,,,,
SAUDE,498143,2026-10-02,,DOCREC 826/2017,,,SGP22,2017-11-28T18:46:00,2021-02-18T17:58:00,,,,,
EDUC,498145,2026-10-02,,DOCREC 827/2017,,,SGP22,2017-11-28T18:47:00,2021-02-16T12:04:00,,,,,
EDUC,498146,2026-10-02,,DOCREC 828/2017,,,SGP22,2017-11-28T18:48:00,2021-02-16T12:04:00,,,,,
ADM,498154,2026-10-02,,DOCREC 829/2017,,,SGP22,2017-12-01T18:38:00,2021-02-18T17:58:00,,,,,
EDUC,498586,2026-10-02,,DOCREC 857/2017,,,SGP22,2017-12-07T14:41:00,2021-02-16T12:04:00,,,,,
ECON,498594,2026-10-02,,DOCREC 858/2017,,,SGP22,2017-12-07T15:45:00,2017-12-11T15:41:00,,,,,
FIN,499018,2026-10-02,,PL 816/2017,2271,Ver. ANA CAROLINA OLIVEIRA (PODE),SGP22,2025-02-14T13:48:00,2025-03-14T13:32:00,2026-09-16T17:58:58,Relator(a),Assinar Relatório,,
CCJ,499243,2026-10-02,,PL 863/2017,2217,Ver. SANSÃO PEREIRA (REPUBLICANOS),SGP22,2025-02-14T14:44:00,2025-04-02T10:18:00,2025-08-25T14:11:26,Secretaria (SGP12),Em Condição de Pauta,,
ADM,499711,2026-10-02,,DOCREC 6/2018,,,SGP22,2018-01-09T15:05:00,2021-02-18T17:58:00,,,,,
EDUC,499712,2026-10-02,,DOCREC 7/2018,,,SGP22,2018-01-10T16:02:00,2021-02-16T12:04:00,,,,,
ADM,499716,2026-10-02,,DOCREC 10/2018,,,SGP22,2018-01-09T14:59:00,2021-02-18T17:58:00,,,,,
SAUDE,499719,2026-10-02,,DOCREC 16/2018,,,SGP22,2018-01-10T16:01:00,2021-02-18T17:58:00,,,,,
ECON,499783,2026-10-02,,DOCREC 34/2018,,,SGP22,2018-01-11T15:47:00,2018-03-19T15:00:00,,,,,
CCJ,499785,2026-10-02,,DOCREC 32/2018,,,SGP22,2018-01-11T15:45:00,2018-01-15T20:13:00,,,,,
ADM,499786,2026-10-02,,DOCREC 31/2018,,,SGP22,2018-01-11T15:43:00,2021-02-18T17:58:00,,,,,
ADM,499787,2026-10-02,,DOCREC 30/2018,,,SGP22,2018-01-11T15:43:00,2021-02-18T17:58:00,,,,,
EDUC,499793,2026-10-02,,DOCREC 25/2018,,,SGP22,2018-01-11T15:42:00,2021-02-16T12:04:00,,,,,
EDUC,500094,2026-10-02,,DOCREC 122/2018,,,SGP22,2018-02-08T14:57:00,2021-02-16T12:04:00,,,,,
ADM,500105,2026-10-02,,DOCREC 134/2018,,,SGP22,2018-02-08T17:20:00,2021-02-18T17:58:00,,,,,
ECON,500109,2026-10-02,,DOCREC 132/2018,,,SGP22,2018-02-08T18:00:00,2018-02-09T18:11:00,,,,,
ECON,500166,2026-10-02,,DOCREC 164/2018,,,SGP22,2018-07-23T14:28:00,2021-02-17T00:52:00,,,,,
SAUDE,500372,2026-10-02,,DOCREC 194/2018,,,SGP22,2018-02-26T16:11:00,2021-02-18T17:58:00,,,,,
ADM,500373,2026-10-02,,DOCREC 195/2018,,,SGP22,2018-02-26T16:14:00,2021-02-18T17:58:00,,,,,
ECON,500531,2026-10-02,,DOCREC 198/2018,,,SGP22,2018-03-01T14:04:00,2018-04-05T17:24:00,,,,,
EDUC,500576,2026-10-02,,DOCREC 216/2018,,,SGP22,2018-03-02T13:18:00,2018-03-08T14:49:00,,,,,
CCJ,500812,2026-10-02,,PL 9/2018,2276,Ver. SILVÃO LEITE (UNIÃO),SGP22,2025-02-11T18:26:00,2025-04-02T10:18:00,2025-11-11T16:56:48,Relator(a),Estudo para manifestação do relator,,
FIN,500869,2026-10-02,,PL 44/2018,2279,Ver. SILVINHO LEITE (UNIÃO),SGP22,2025-02-18T11:34:00,2025-03-14T13:52:00,2026-07-01T13:45:36,Consultoria (CTEO.1),Elaborar Minuta de Relatório,,
ADM,501247,2026-10-02,,DOCREC 232/2018,,,SGP22,2018-03-20T12:32:00,2018-03-20T15:54:00,,,,,
CCJ,501369,2026-10-02,,DOCREC 235/2018,,,SGP22,2018-03-21T14:07:00,2018-03-21T14:39:00,,,,,
ADM,501740,2026-10-02,,DOCREC 238/2018,,,SGP22,2018-03-23T16:55:00,2018-03-26T15:07:00,,,,,
ADM,501742,2026-10-02,,DOCREC 237/2018,,,SGP22,2018-03-23T16:55:00,2018-03-26T15:11:00,,,,,
ADM,501846,2026-10-02,,DOCREC 247/2018,,,SGP12,2018-04-02T17:22:00,2021-02-18T17:58:00,,,,,
ADM,501850,2026-10-02,,DOCREC 251/2018,,,SGP22,2018-04-02T16:09:00,2018-04-03T19:13:00,,,,,
ADM,501854,2026-10-02,,DOCREC 252/2018,,,SGP22,2018-04-02T16:10:00,2018-04-03T19:21:00,,,,,
ECON,501856,2026-10-02,,DOCREC 253/2018,,,SGP22,2018-04-02T16:07:00,2018-04-05T17:24:00,,,,,
ECON,502062,2026-10-02,,DOCREC 263/2018,,,SGP22,2018-04-05T15:38:00,2021-02-17T00:52:00,,,,,
ECON,502075,2026-10-02,,DOCREC 262/2018,,,SGP22,2018-04-05T15:38:00,2021-02-17T00:52:00,,,,,
ECON,502184,2026-10-02,,DOCREC 281/2018,,,SGP12,2018-10-25T16:00:00,2021-02-17T00:52:00,,,,,
ECON,502198,2026-10-02,,DOCREC 282/2018,,,SGP22,2018-04-11T14:18:00,2021-02-17T00:52:00,,,,,
CCJ,503443,2026-10-02,,PL 144/2018,2218,Ver. THAMMY MIRANDA (PSD),SGP22,2025-02-11T15:21:00,2025-04-02T10:18:00,2025-09-15T16:43:11,Secretaria (SGP12),Em Condição de Pauta,,
ECON,503793,2026-10-02,,DOCREC 380/2018,,,SGP22,2018-05-11T12:54:00,2018-05-14T13:23:00,,,,,
ECON,503794,2026-10-02,,DOCREC 381/2018,,,SGP22,2018-05-11T12:54:00,2018-05-14T13:23:00,,,,,
ADM,503796,2026-10-02,,DOCREC 383/2018,,,SGP22,2018-05-11T12:54:00,2021-02-18T17:58:00,,,,,
EDUC,504122,2026-10-02,,DOCREC 391/2018,,,SGP22,2018-05-17T17:42:00,2021-02-16T12:04:00,,,,,
EDUC,504415,2026-10-02,,DOCREC 398/2018,,,SGP22,2018-05-24T18:23:00,2021-02-16T12:04:00,,,,,
FIN,504481,2026-10-02,,DOCREC 406/2018,,,SGP22,2018-05-28T15:08:00,2018-05-29T15:21:00,,,,,
FIN,504860,2026-10-02,,PL 235/2018,2279,Ver. SILVINHO LEITE (UNIÃO),SGP22,2025-02-11T15:22:00,2025-03-14T13:53:00,2025-11-24T16:09:32,Consultoria (CTEO.1),Elaborar Minuta de Relatório,,
FIN,504863,2026-10-02,,PL 238/2018,2271,Ver. ANA CAROLINA OLIVEIRA (PODE),SGP22,2025-02-11T15:22:00,2025-03-14T13:53:00,2026-09-23T15:08:32,Relator(a),Assinar Relatório,,
EDUC,505087,2026-10-02,,DOCREC 457/2018,,,SGP22,2018-06-11T12:45:00,2021-02-16T12:04:00,,,,,
ECON,505116,2026-10-02,,DOCREC 471/2018,,,SGP22,2018-06-13T13:52:00,2021-02-17T00:52:00,,,,,
ECON,505118,2026-10-02,,DOCREC 474/2018,,,SGP22,2018-06-13T13:52:00,2021-02-17T00:52:00,,,,,
SAUDE,505126,2026-10-02,,DOCREC 477/2018,,,SGP12,2018-06-14T18:01:00,2021-02-18T17:58:00,,,,,
EDUC,505362,2026-10-02,,DOCREC 489/2018,,,SGP22,2018-06-14T17:46:00,2021-02-16T12:04:00,,,,,
CCJ,505399,2026-10-02,,DOCREC 492/2018,,,SGP22,2018-06-19T19:27:00,2018-06-20T15:00:00,,,,,
EDUC,505545,2026-10-02,,PL 293/2018,2292,Ver. GUILHERME CORRÊA (UNIÃO),ECON,2025-12-05T16:00:25,2025-12-09T11:13:00,2026-09-11T13:50:03,Relator(a),Estudo para manifestação do relator,,
CCJ,505631,2026-10-02,,PL 305/2018,2276,Ver. SILVÃO LEITE (UNIÃO),SGP22,2025-02-12T16:53:00,2025-04-02T10:18:00,2025-04-16T18:33:01,Relator(a),Estudo para manifestação do relator,,
CCJ,505642,2026-10-02,,PL 315/2018,2277,Ver. JANAINA PASCHOAL (PP),SGP22,2025-03-20T13:51:00,2025-04-02T10:18:00,2025-07-04T17:11:19,Secretaria (SGP12),Em Condição de Pauta,,
EDUC,505823,2026-10-02,,DOCREC 509/2018,,,SGP22,2018-06-25T18:06:00,2021-02-16T12:04:00,,,,,
ECON,505826,2026-10-02,,DOCREC 510/2018,,,SGP22,2018-06-25T18:01:00,2021-02-17T00:52:00,,,,,
ECON,505827,2026-10-02,,DOCREC 511/2018,,,SGP22,2018-06-25T18:01:00,2021-02-17T00:52:00,,,,,
ECON,505969,2026-10-02,,DOCREC 526/2018,,,SGP22,2018-06-28T10:28:00,2021-02-17T00:52:00,,,,,
EDUC,505970,2026-10-02,,DOCREC 527/2018,,,SGP22,2018-06-28T10:29:00,2021-02-16T12:04:00,,,,,
ECON,505971,2026-10-02,,DOCREC 528/2018,,,SGP22,2018-06-28T10:28:00,2021-02-17T00:52:00,,,,,
EDUC,506078,2026-10-02,,DOCREC 540/2018,,,SGP22,2018-07-05T14:40:00,2021-02-16T12:04:00,,,,,
ECON,507113,2026-10-02,,DOCREC 564/2018,,,SGP12,2018-07-11T13:47:00,2021-02-17T00:52:00,,,,,
SAUDE,507114,2026-10-02,,DOCREC 565/2018,,,SGP12,2018-07-11T13:50:00,2018-07-11T15:24:00,,,,,
SAUDE,507185,2026-10-02,,DOCREC 580/2018,,,SGP22,2018-07-17T16:34:00,2018-07-30T13:29:00,,,,,
ADM,507221,2026-10-02,,DOCREC 599/2018,,,SGP22,2018-07-20T16:32:00,2021-02-18T17:58:00,,,,,
EDUC,507222,2026-10-02,,DOCREC 600/2018,,,SGP22,2018-07-20T16:33:00,2021-02-16T12:04:00,,,,,
SAUDE,507223,2026-10-02,,DOCREC 601/2018,,,SGP22,2018-07-20T16:34:00,2018-07-30T13:29:00,,,,,
SAUDE,507224,2026-10-02,,DOCREC 602/2018,,,SGP22,2018-07-20T16:34:00,2018-07-30T13:29:00,,,,,
ECON,507245,2026-10-02,,DOCREC 614/2018,,,SGP22,2018-07-23T14:53:00,2021-02-17T00:52:00,,,,,
EDUC,507272,2026-10-02,,DOCREC 628/2018,,,SGP22,2018-07-26T14:04:00,2021-02-16T12:04:00,,,,,
ADM,507277,2026-10-02,,DOCREC 632/2018,,,SGP22,2018-07-26T15:11:00,2021-02-18T17:58:00,,,,,
CCJ,507411,2026-10-02,,PL 342/2018,2206,Ver. SILVIA DA BANCADA FEMINISTA (PSOL),SGP22,2025-02-11T16:00:00,2025-04-02T10:18:00,2025-09-01T14:03:38,Relator(a),Estudo para manifestação do relator,,
FIN,507424,2026-10-02,,PL 347/2018,2150,Ver. ANDRÉ SANTOS (REPUBLICANOS),SGP22,2025-02-11T16:02:00,2025-03-14T13:53:00,2026-05-07T16:44:06,Relator(a),Estudo para manifestação do relator,,
EDUC,507883,2026-10-02,,DOCREC 662/2018,,,SGP22,2018-08-10T15:17:00,2021-02-16T12:04:00,,,,,
FIN,507962,2026-10-02,2026-10-06,PL 418/2018,2000,Ver. ALESSANDRO GUEDES (PT),SGP22,2025-02-12T16:52:00,2025-03-14T13:53:00,2026-09-23T15:15:15,Relator(a),Assinar Relatório,,
FIN,507962,2026-10-07,,PL 418/2018,2000,Ver. ALESSANDRO GUEDES (PT),SGP22,2025-02-12T16:52:00,2025-03-14T13:53:00,2026-10-07T11:13:08,Secretaria (SGP12),Em Condição de Pauta,,
FIN,508421,2026-10-02,,PL 432/2018,2219,Ver. MARCELO MESSIAS (MDB),SGP22,2025-02-11T16:02:00,2025-03-14T14:08:00,2026-02-12T13:50:47,Consultoria,Para análise,,
CCJ,508423,2026-10-02,,PL 434/2018,1636,Ver. DR. MILTON FERREIRA (PODE),SGP22,2025-02-11T16:52:00,2025-04-02T10:18:00,2025-05-09T16:47:55,Relator(a),Estudo para manifestação do relator,,
CCJ,508426,2026-10-02,,PL 437/2018,2217,Ver. SANSÃO PEREIRA (REPUBLICANOS),SGP22,2025-02-18T13:21:00,2025-04-02T10:18:00,2025-08-27T21:30:33,Secretaria (SGP12),Em Condição de Pauta,,
FIN,508597,2026-10-02,,DOCREC 697/2018,,,SGP22,2018-08-30T17:00:00,2018-08-30T17:53:00,,,,,
CCJ,508599,2026-10-02,,DOCREC 695/2018,,,SGP22,2018-08-30T16:57:00,2018-09-12T18:02:00,,,,,
ADM,508600,2026-10-02,,DOCREC 696/2018,,,SGP22,2018-08-30T16:58:00,2021-02-18T17:58:00,,,,,
ADM,508605,2026-10-02,,DOCREC 699/2018,,,SGP22,2018-09-03T13:05:00,2021-02-18T17:58:00,,,,,
CCJ,509175,2026-10-02,,DOCREC 727/2018,,,SGP22,2018-09-18T15:14:00,2019-07-26T14:46:00,,,,,
SAUDE,509395,2026-10-02,,DOCREC 733/2018,,,SGP22,2018-09-26T14:08:00,2021-02-18T17:58:00,,,,,
CCJ,509396,2026-10-02,,DOCREC 735/2018,,,SGP22,2018-09-26T13:16:00,2019-07-26T14:46:00,,,,,
SAUDE,509500,2026-10-02,,DOCREC 756/2018,,,SGP12,2018-10-04T17:59:00,2021-02-18T17:58:00,,,,,
FIN,509531,2026-10-02,,DOCREC 761/2018,,,SGP22,2018-10-04T13:42:00,2019-09-05T10:13:00,,,,,
CCJ,509540,2026-10-02,,DOCREC 766/2018,,,SGP22,2018-10-08T17:40:00,2018-10-08T18:00:00,,,,,
URB,509669,2026-10-02,,PL 525/2018,2269,Ver. MARINA BRAGANTE (PSB),SGP22,2025-02-11T16:52:00,2025-03-18T19:16:00,2026-08-06T18:06:35,Secretaria (SGP12),Aguardando Informações do Executivo,,
CCJ,509679,2026-10-02,,PL 560/2018,2206,Ver. SILVIA DA BANCADA FEMINISTA (PSOL),SGP22,2025-02-12T16:53:00,2025-04-02T10:18:00,2025-08-18T15:23:29,Secretaria (SGP12),Em Condição de Pauta,,
ADM,509687,2026-10-02,,PL 528/2018,1930,Ver. OTA (PSB),SGP12,2026-08-17T18:33:00,2026-09-01T18:20:00,,,,,20/02/2019 03:51 - SGP.21
FIN,509706,2026-10-02,,PL 532/2018,2146,Ver. GILBERTO NASCIMENTO (PL),SAUDE,2025-05-12T13:15:13,2025-05-13T13:39:00,2026-09-23T15:18:04,Relator(a),Assinar Relatório,,
CCJ,509715,2026-10-02,,PLO 8/2018,,,PROC-CMSP,2018-10-15T16:59:00,2018-10-15T17:00:00,2022-03-02T15:24:38,Presidente da Comissão,Redesignar Relator,,
EDUC,510041,2026-10-02,,DOCREC 777/2018,,,SGP22,2018-10-19T15:38:00,2021-02-16T12:04:00,,,,,
EDUC,510042,2026-10-02,,DOCREC 778/2018,,,SGP22,2018-10-19T15:44:00,2021-02-16T12:04:00,,,,,
FIN,510901,2026-10-02,,PL 597/2018,2271,Ver. ANA CAROLINA OLIVEIRA (PODE),SGP22,2025-02-11T16:53:00,2025-03-14T14:08:00,2026-09-23T15:20:56,Relator(a),Assinar Relatório,,
FIN,510953,2026-10-02,,DOCREC 837/2018,,,SGP22,2018-11-22T17:20:00,2018-11-22T18:43:00,2018-11-22T18:44:40,Presidente da Comissão,,PARA CIÊNCIA E ENCAMINHAMENTO AO RELATOR DO ORÇAMENTO,
FIN,511087,2026-10-02,,PL 621/2018,2246,Ver. MAJOR PALUMBO (PP),SGP22,2025-02-12T16:52:00,2025-03-14T14:08:00,2026-08-13T12:52:23,Secretaria (SGP12),Retirado de pauta,,
ECON,511398,2026-10-02,,DOCREC 875/2018,,,SGP22,2018-11-30T16:48:00,2021-02-17T00:52:00,,,,,
ADM,511400,2026-10-02,,DOCREC 877/2018,,,SGP22,2018-11-30T16:53:00,2021-02-18T17:58:00,,,,,
ECON,511645,2026-10-02,,DOCREC 899/2018,,,SGP22,2018-12-07T14:54:00,2018-12-10T09:15:00,,,,,
ECON,511646,2026-10-02,,DOCREC 900/2018,,,SGP22,2018-12-07T14:54:00,2018-12-10T09:15:00,,,,,
ECON,511647,2026-10-02,,DOCREC 901/2018,,,SGP22,2018-12-07T14:54:00,2018-12-10T09:15:00,,,,,
ECON,511648,2026-10-02,,DOCREC 902/2018,,,SGP22,2018-12-07T14:54:00,2018-12-10T09:15:00,,,,,
ECON,511649,2026-10-02,,DOCREC 903/2018,,,SGP22,2018-12-07T14:54:00,2018-12-10T09:15:00,,,,,
ECON,511650,2026-10-02,,DOCREC 904/2018,,,SGP22,2018-12-07T14:54:00,2018-12-10T09:15:00,,,,,
URB,511906,2026-10-02,,PL 640/2018,2269,Ver. MARINA BRAGANTE (PSB),CCJ,2025-09-22T11:29:46,2025-09-25T10:20:00,2026-04-30T16:08:59,Secretaria (SGP12),Aguardando Audiência Pública,,
CCJ,511908,2026-10-02,,PL 638/2018,,,PROC-CMSP,2018-12-17T16:00:00,2018-12-17T16:20:00,2022-03-02T14:40:20,Presidente da Comissão,Redesignar Relator,,
EDUC,512222,2026-10-02,,DOCREC 928/2018,,,SGP22,2018-12-20T11:41:00,2021-02-16T12:04:00,,,,,
EDUC,512431,2026-10-02,,DOCREC 39/2019,,,SGP22,2019-01-14T18:58:00,2021-02-16T12:04:00,,,,,
ADM,512691,2026-10-02,,DOCREC 52/2019,,,SGP22,2019-01-30T19:08:00,2021-02-18T17:58:00,,,,,
SAUDE,513105,2026-10-02,,DOCREC 81/2019,,,SGP22,2019-02-14T18:38:00,2021-02-18T17:58:00,,,,,
SAUDE,513387,2026-10-02,,RDP 14/2019,,,SGP12,2020-10-31T21:03:00,2025-08-11T18:18:00,,,,,
SAUDE,513540,2026-10-02,,DOCREC 86/2019,,,SGP22,2019-02-27T16:03:00,2019-02-28T12:58:00,,,,,
CCJ,514024,2026-10-02,,PL 32/2019,2276,Ver. SILVÃO LEITE (UNIÃO),SGP22,2025-12-01T14:06:00,2025-12-02T11:10:00,2026-04-23T13:20:01,Relator(a),Estudo para manifestação do relator,,
CCJ,514028,2026-10-02,,PL 34/2019,2282,Ver. LUCAS PAVANATO (PL),SGP22,2025-02-11T16:52:00,2025-04-02T10:18:00,2025-09-16T17:53:34,Secretaria (SGP12),Em Condição de Pauta,,
CCJ,514126,2026-10-02,,PL 677/2018,2254,Ver. LUNA ZARATTINI (PT),SGP22,2025-02-25T18:18:00,2025-04-02T10:18:00,2026-03-16T15:56:44,Relator(a),Estudo para manifestação do relator,,
ECON,514131,2026-10-02,,PL 44/2019,,,URB,2025-05-27T18:43:59,2025-06-03T14:56:00,2026-08-26T15:21:34,Presidente da Comissão,Redesignar Relator,,
CCJ,514132,2026-10-02,,PL 45/2019,2218,Ver. THAMMY MIRANDA (PSD),SGP22,2025-02-18T15:09:00,2025-04-02T10:18:00,2025-05-20T15:02:56,Secretaria (SGP12),Em Condição de Pauta,,
CCJ,514211,2026-10-02,,PL 115/2019,2276,Ver. SILVÃO LEITE (UNIÃO),SGP22,2025-02-11T16:52:00,2025-04-02T10:18:00,2025-04-15T16:09:13,Relator(a),Estudo para manifestação do relator,,
CCJ,514228,2026-10-02,,PDL 14/2019,2277,Ver. JANAINA PASCHOAL (PP),SGP22,2025-02-10T18:34:00,2025-04-02T10:18:00,2025-09-29T14:27:46,Secretaria (SGP12),Adiado,,
CCJ,514514,2026-10-02,,PL 170/2019,2217,Ver. SANSÃO PEREIRA (REPUBLICANOS),SGP22,2025-02-11T18:32:00,2025-04-02T10:18:00,2025-08-25T14:14:52,Secretaria (SGP12),Em Condição de Pauta,,
FIN,514532,2026-10-02,,PL 180/2019,2000,Ver. ALESSANDRO GUEDES (PT),ECON,2025-12-10T18:11:55,2025-12-11T10:49:00,2026-06-25T15:35:18,Relator(a),Estudo para manifestação do relator,,
FIN,514674,2026-10-02,2026-10-07,PL 195/2019,2150,Ver. ANDRÉ SANTOS (REPUBLICANOS),SGP22,2025-03-11T15:52:00,2025-03-15T06:40:00,2026-02-12T13:43:06,Consultoria,Para análise,,
FIN,514674,2026-10-08,,PL 195/2019,2150,Ver. ANDRÉ SANTOS (REPUBLICANOS),SGP22,2025-03-11T15:52:00,2025-03-15T06:40:00,2026-10-08T14:44:45,Relator(a),Estudo para manifestação do relator,,
URB,514677,2026-10-02,,PL 198/2019,,,SGP22,2025-02-18T16:09:00,2025-03-18T19:16:00,2026-03-09T15:07:13,Presidente da Comissão,Redesignar Relator,,
CCJ,514739,2026-10-02,,PL 207/2019,2282,Ver. LUCAS PAVANATO (PL),SGP22,2025-02-11T18:34:00,2025-04-02T10:18:00,2025-09-16T17:47:48,Secretaria (SGP12),Em Condição de Pauta,,
CCJ,516117,2026-10-02,,PL 289/2019,2277,Ver. JANAINA PASCHOAL (PP),SGP22,2025-02-11T18:43:00,2025-04-02T10:18:00,2025-09-29T13:31:07,Secretaria (SGP12),Adiado,,
FIN,516123,2026-10-02,,PL 242/2019,2271,Ver. ANA CAROLINA OLIVEIRA (PODE),SAUDE,2025-06-26T19:25:39,2025-06-27T11:46:00,2026-09-23T15:23:03,Relator(a),Assinar Relatório,,
URB,516146,2026-10-02,,PL 277/2019,2273,Ver. DR. MURILLO LIMA (PP),CCJ,2019-08-19T16:00:00,2019-08-19T17:11:00,2026-08-03T18:31:43,Relator(a),Estudo para manifestação do relator,,
FIN,516176,2026-10-02,2026-10-07,PL 292/2019,2150,Ver. ANDRÉ SANTOS (REPUBLICANOS),SGP22,2025-03-11T15:02:00,2025-03-15T06:40:00,2026-05-20T21:24:19,Consultoria,Para análise,,
FIN,516176,2026-10-08,,PL 292/2019,2150,Ver. ANDRÉ SANTOS (REPUBLICANOS),SGP22,2025-03-11T15:02:00,2025-03-15T06:40:00,2026-10-08T14:47:35,Relator(a),Estudo para manifestação do relator,,
SAUDE,516393,2026-10-02,,DOCREC 177/2019,,,SGP22,2019-04-25T15:46:00,2021-02-18T17:58:00,,,,,
ADM,516397,2026-10-02,,DOCREC 182/2019,,,SGP22,2019-04-25T15:47:00,2021-02-18T17:58:00,,,,,
SAUDE,516398,2026-10-02,,DOCREC 183/2019,,,SGP22,2019-04-25T15:47:00,2021-02-18T17:58:00,,,,,
CCJ,516459,2026-10-02,,PL 297/2019,2217,Ver. SANSÃO PEREIRA (REPUBLICANOS),SGP22,2025-02-11T18:46:00,2025-04-02T10:18:00,2025-09-18T19:09:37,Secretaria (SGP12),Em Condição de Pauta,,
FIN,517753,2026-10-02,,PL 305/2019,2150,Ver. ANDRÉ SANTOS (REPUBLICANOS),EDUC,2025-08-21T13:01:38,2025-08-22T11:24:00,2026-09-30T15:33:37,Secretaria (SGP12),Aguardando Elaboração do Ofício SGP-12,,
CCJ,517767,2026-10-02,,PL 315/2019,2217,Ver. SANSÃO PEREIRA (REPUBLICANOS),SGP22,2025-02-11T18:48:00,2025-04-02T10:18:00,2025-08-28T11:44:31,Secretaria (SGP12),Em Condição de Pauta,,
CCJ,517778,2026-10-02,,PLO 2/2019,2276,Ver. SILVÃO LEITE (UNIÃO),SGP22,2025-02-11T17:05:00,2025-04-02T10:18:00,2025-06-05T17:12:56,Relator(a),Estudo para manifestação do relator,,
FIN,518218,2026-10-02,,PL 373/2019,2150,Ver. ANDRÉ SANTOS (REPUBLICANOS),SGP22,2025-02-19T13:21:00,2025-03-15T06:54:00,2026-05-07T16:40:39,Relator(a),Estudo para manifestação do relator,,
CCJ,518497,2026-10-02,,PL 393/2019,1636,Ver. DR. MILTON FERREIRA (PODE),SGP22,2025-02-12T15:05:00,2025-04-02T10:18:00,2025-06-09T16:22:08,Relator(a),Estudo para manifestação do relator,,
URB,519457,2026-10-02,,PL 423/2019,,,SGP22,2025-02-19T13:21:00,2025-03-18T19:16:00,2026-03-09T15:07:14,Presidente da Comissão,Redesignar Relator,,
FIN,522295,2026-10-02,,PL 527/2019,2279,Ver. SILVINHO LEITE (UNIÃO),SAUDE,2025-08-14T15:53:24,2025-08-15T11:34:00,2026-07-01T13:42:19,Consultoria (CTEO.1),Elaborar Minuta de Relatório,,
CCJ,522401,2026-10-02,,PL 534/2019,2276,Ver. SILVÃO LEITE (UNIÃO),SGP22,2025-02-19T15:58:00,2025-04-02T10:18:00,2025-08-14T15:42:22,Relator(a),Estudo para manifestação do relator,,
FIN,522814,2026-10-02,,PLO 6/2019,2278,Ver. KEIT LIMA (PSOL),SGP22,2025-02-18T18:57:00,2025-03-14T14:08:00,2026-04-08T18:19:45,Relator(a),Estudo para manifestação do relator,,
FIN,522830,2026-10-02,,PL 569/2019,2278,Ver. KEIT LIMA (PSOL),SGP22,2025-03-27T18:19:00,2025-03-28T08:52:00,2026-04-08T18:19:45,Consultoria (CTEO.1),Para análise,,
CCJ,522832,2026-10-02,,PL 570/2019,2276,Ver. SILVÃO LEITE (UNIÃO),SGP22,2025-02-19T16:03:00,2025-04-02T10:18:00,2025-12-04T10:53:30,Secretaria (SGP12),Adiado,,
CCJ,523358,2026-10-02,,PL 586/2019,2282,Ver. LUCAS PAVANATO (PL),SGP22,2025-02-10T17:43:00,2025-04-02T10:18:00,2025-09-16T17:16:18,Secretaria (SGP12),Em Condição de Pauta,,
FIN,523506,2026-10-02,,PL 596/2019,2279,Ver. SILVINHO LEITE (UNIÃO),SAUDE,2025-04-25T13:47:34,2025-04-26T08:17:00,2026-03-04T12:27:01,Consultoria,Para análise,,
CCJ,523696,2026-10-02,,PL 611/2019,2217,Ver. SANSÃO PEREIRA (REPUBLICANOS),SGP22,2025-02-17T13:40:00,2025-04-02T10:18:00,2025-06-05T17:12:55,Relator(a),Estudo para manifestação do relator,,
URB,523753,2026-10-02,,PL 612/2019,2144,Ver. FABIO RIVA (MDB),SGP22,2025-02-19T16:31:00,2025-03-18T19:16:00,2026-06-24T12:39:47,Relator(a),Estudo para manifestação do relator,,
FIN,523864,2026-10-02,2026-10-04,PL 626/2019,2271,Ver. ANA CAROLINA OLIVEIRA (PODE),SAUDE,2025-04-25T13:47:37,2025-04-26T08:17:00,2026-10-01T12:26:58,Secretaria (SGP12),Em Condição de Pauta,,
FIN,523864,2026-10-05,,PL 626/2019,2271,Ver. ANA CAROLINA OLIVEIRA (PODE),SAUDE,2025-04-25T13:47:37,2025-04-26T08:17:00,2026-10-05T19:08:34,Secretaria (SGP12),Em Condição de Pauta,,
FIN,523971,2026-10-02,,PL 630/2019,2278,Ver. KEIT LIMA (PSOL),SAUDE,2025-05-12T13:15:16,2025-05-13T13:39:00,2026-04-08T18:19:45,Relator(a),Estudo para manifestação do relator,,
CCJ,524151,2026-10-02,,PL 643/2019,2276,Ver. SILVÃO LEITE (UNIÃO),SGP22,2025-02-12T15:05:00,2025-04-02T10:18:00,2025-06-09T16:22:14,Relator(a),Estudo para manifestação do relator,,
CCJ,524191,2026-10-02,,PL 650/2019,1636,Ver. DR. MILTON FERREIRA (PODE),SGP22,2025-02-19T17:24:00,2025-04-02T10:18:00,2025-06-06T15:58:05,Relator(a),Estudo para manifestação do relator,,
FIN,524223,2026-10-02,,PL 654/2019,,,SAUDE,2026-05-14T23:38:51,2026-05-21T14:46:00,2026-05-21T14:46:00,Presidente da Comissão,Designar Relator,,
CCJ,524584,2026-10-02,,PL 664/2019,2206,Ver. SILVIA DA BANCADA FEMINISTA (PSOL),SGP22,2025-03-11T14:49:00,2025-04-02T10:18:00,2025-06-09T16:22:16,Relator(a),Estudo para manifestação do relator,,
EDUC,524638,2026-10-02,,PL 672/2019,1989,Ver. GEORGE HATO (MDB),SGP22,2025-02-19T17:28:00,2025-03-27T10:25:00,2025-03-31T15:57:13,Relator(a),Estudo para manifestação do relator,,
CCJ,524806,2026-10-02,,PL 674/2019,2277,Ver. JANAINA PASCHOAL (PP),SGP22,2025-02-19T17:34:00,2025-04-02T10:18:00,2025-09-29T13:32:00,Secretaria (SGP12),Adiado,,
CCJ,524975,2026-10-02,,PL 683/2019,2282,Ver. LUCAS PAVANATO (PL),SGP22,2025-02-19T18:09:00,2025-04-02T10:18:00,2025-09-16T17:13:05,Secretaria (SGP12),Em Condição de Pauta,,
ECON,525160,2026-10-02,,PL 691/2019,2228,Ver. RENATA FALZONI (PSB),ADM,2026-04-17T16:50:53,2026-04-24T11:07:00,2026-10-01T14:17:54,Relator(a),Estudo para manifestação do relator,,
URB,525257,2026-10-02,,PL 694/2019,2147,Ver. ISAC FÉLIX (PL),CCJ,2025-10-10T16:30:51,2025-10-13T15:22:00,2026-04-10T16:12:02,Relator(a),Estudo para manifestação do relator,,
ADM,525552,2026-10-02,,DOCREC 710/2019,,,SGP22,2019-10-24T14:48:00,2021-02-18T17:58:00,,,,,
EDUC,525641,2026-10-02,,PL 721/2019,2292,Ver. GUILHERME CORRÊA (UNIÃO),ADM,2025-08-29T11:49:33,2025-09-01T09:42:00,2026-09-11T13:48:01,Relator(a),Estudo para manifestação do relator,,
URB,525950,2026-10-02,,PL 740/2019,2147,Ver. ISAC FÉLIX (PL),SGP22,2025-02-19T18:25:00,2025-03-18T19:16:00,2025-04-01T16:14:38,Relator(a),Estudo para manifestação do relator,,
FIN,526130,2026-10-02,,PL 748/2019,2142,Ver. ADRIANA RAMALHO (PSDB),SGP12,2026-08-20T18:35:00,2026-08-24T15:53:00,2026-09-23T12:25:25,Secretaria (SGP12),Aguardando Notas Taquigráficas,Audiência realizada,
CCJ,526220,2026-10-02,,PR 33/2019,2206,Ver. SILVIA DA BANCADA FEMINISTA (PSOL),SGP22,2025-03-11T16:31:00,2025-04-02T10:18:00,2025-06-16T18:11:07,Relator(a),Estudo para manifestação do relator,,
CCJ,526243,2026-10-02,,PL 753/2019,2282,Ver. LUCAS PAVANATO (PL),SGP22,2025-02-12T15:40:00,2025-04-02T10:18:00,2026-04-08T16:11:42,Secretaria (SGP12),Em Condição de Pauta,,
CCJ,526365,2026-10-02,,PL 761/2019,2276,Ver. SILVÃO LEITE (UNIÃO),SGP22,2025-02-10T17:43:00,2025-04-02T10:18:00,2025-06-02T16:59:55,Relator(a),Estudo para manifestação do relator,,
SAUDE,526608,2026-10-02,,PL 773/2019,2281,Ver. SIMONE GANEM (PODE),ECON,2025-12-19T15:32:37,2026-02-03T11:40:00,2026-03-11T16:04:05,Relator(a),Estudo para manifestação do relator,,
CCJ,526658,2026-10-02,,PL 783/2019,2277,Ver. JANAINA PASCHOAL (PP),SGP22,2025-02-12T15:40:00,2025-04-02T10:18:00,2025-09-29T13:33:37,Secretaria (SGP12),Adiado,,
CCJ,526770,2026-10-02,,PL 788/2019,,,PROC-CMSP,2019-11-27T13:28:00,2019-11-27T13:30:00,2022-03-02T15:24:35,Presidente da Comissão,Redesignar Relator,,
CCJ,526802,2026-10-02,,PL 794/2019,1636,Ver. DR. MILTON FERREIRA (PODE),SGP22,2025-02-25T10:49:00,2025-04-02T10:18:00,2025-09-03T17:40:21,Relator(a),Estudo para manifestação do relator,,
CCJ,526907,2026-10-02,,PL 808/2019,2206,Ver. SILVIA DA BANCADA FEMINISTA (PSOL),SGP22,2025-02-19T18:33:00,2025-04-02T10:18:00,2025-06-11T16:25:29,Relator(a),Estudo para manifestação do relator,,
CCJ,526915,2026-10-02,,PL 811/2019,1636,Ver. DR. MILTON FERREIRA (PODE),SGP22,2025-02-19T18:40:00,2025-04-02T10:18:00,2025-06-03T18:38:42,Relator(a),Estudo para manifestação do relator,,
CCJ,527508,2026-10-02,,PL 835/2019,2276,Ver. SILVÃO LEITE (UNIÃO),SGP22,2025-12-01T14:06:00,2025-12-02T11:10:00,2026-06-12T17:29:12,Relator(a),Estudo para manifestação do relator,,
CCJ,527513,2026-10-02,,PL 837/2019,2276,Ver. SILVÃO LEITE (UNIÃO),SGP22,2025-02-10T17:43:00,2025-04-02T10:18:00,2025-04-14T12:05:06,Relator(a),Estudo para manifestação do relator,,
CCJ,527522,2026-10-02,,PL 838/2019,2276,Ver. SILVÃO LEITE (UNIÃO),SGP22,2025-02-12T15:40:00,2025-04-02T10:18:00,2025-05-27T09:52:55,Relator(a),Estudo para manifestação do relator,,
CCJ,527783,2026-10-02,,PL 845/2019,2254,Ver. LUNA ZARATTINI (PT),SGP22,2025-02-12T15:40:00,2025-04-02T10:18:00,2026-03-16T15:52:42,Relator(a),Estudo para manifestação do relator,,
CCJ,528206,2026-10-02,,PL 854/2019,2277,Ver. JANAINA PASCHOAL (PP),SGP22,2025-02-17T13:40:00,2025-04-02T10:18:00,2025-09-29T13:34:26,Secretaria (SGP12),Adiado,,
CCJ,528217,2026-10-02,,PL 858/2019,2276,Ver. SILVÃO LEITE (UNIÃO),SGP22,2025-02-17T13:40:00,2025-04-02T10:18:00,2025-04-14T12:03:53,Relator(a),Estudo para manifestação do relator,,
CCJ,528296,2026-10-02,,PL 862/2019,2277,Ver. JANAINA PASCHOAL (PP),SGP22,2025-02-19T18:42:00,2025-04-02T10:18:00,2025-09-29T12:22:36,Secretaria (SGP12),Adiado,,
URB,528405,2026-10-02,,PL 1/2020,2144,Ver. FABIO RIVA (MDB),SGP22,2025-02-19T15:57:00,2025-03-18T19:16:00,2025-04-01T12:47:58,Relator(a),Estudo para manifestação do relator,,
ECON,528481,2026-10-02,,PR 1/2020,2228,Ver. RENATA FALZONI (PSB),CCJ,2025-10-10T15:59:18,2025-10-17T11:45:00,2026-09-03T14:35:46,Relator(a),Estudo para manifestação do relator,,
CCJ,528536,2026-10-02,,PL 4/2020,2282,Ver. LUCAS PAVANATO (PL),SGP22,2025-02-10T17:43:00,2025-04-02T10:18:00,2025-09-26T11:00:26,Relator(a),Assinar Relatório,,
CCJ,528695,2026-10-02,,PL 10/2020,2217,Ver. SANSÃO PEREIRA (REPUBLICANOS),SGP22,2025-02-17T13:40:00,2025-04-02T10:18:00,2025-05-22T16:06:31,Secretaria (SGP12),Adiado,,
CCJ,528727,2026-10-02,,PL 13/2020,2276,Ver. SILVÃO LEITE (UNIÃO),SGP22,2025-02-11T17:41:00,2025-04-02T10:18:00,2025-06-06T17:26:52,Relator(a),Estudo para manifestação do relator,,
EDUC,528735,2026-10-02,,PL 14/2020,776,Ver. ELISEU GABRIEL (PSB),SGP22,2025-02-10T17:56:00,2025-03-13T16:47:00,2026-09-30T18:32:02,Relator(a),Assinar Relatório,,
URB,528978,2026-10-02,,PL 29/2020,2147,Ver. ISAC FÉLIX (PL),SGP22,2025-02-11T17:43:00,2025-03-18T19:16:00,2026-06-24T13:09:02,Relator(a),Estudo para manifestação do relator,,
CCJ,529041,2026-10-02,,PL 46/2020,2282,Ver. LUCAS PAVANATO (PL),SGP22,2025-02-10T17:43:00,2025-04-02T10:18:00,2025-08-18T14:51:41,Secretaria (SGP12),Em Condição de Pauta,,
ADM,529153,2026-10-02,,PLO 2/2020,2268,Ver. AMANDA VETTORAZZO (UNIÃO),CCJ,2026-03-19T18:18:04,2026-03-24T17:08:00,2026-05-27T19:03:04,Relator(a),Estudo para manifestação do relator,,
SAUDE,529154,2026-10-02,,PR 2/2020,2281,Ver. SIMONE GANEM (PODE),SGP22,2025-02-10T18:47:00,2025-03-13T17:30:00,2026-08-06T12:29:21,Relator(a),Estudo para manifestação do relator,,
FIN,529159,2026-10-02,,PL 58/2020,2150,Ver. ANDRÉ SANTOS (REPUBLICANOS),SGP22,2025-02-19T15:58:00,2025-03-15T07:25:00,2025-11-29T13:55:56,Relator(a),Estudo para manifestação do relator,,
CCJ,529211,2026-10-02,,PL 60/2020,2254,Ver. LUNA ZARATTINI (PT),SGP22,2025-02-19T15:44:00,2025-04-02T10:18:00,2026-03-11T13:05:40,Relator(a),Estudo para manifestação do relator,,
CCJ,529212,2026-10-02,,PL 61/2020,2254,Ver. LUNA ZARATTINI (PT),SGP22,2025-02-19T15:44:00,2025-04-02T10:18:00,2026-03-11T13:05:43,Relator(a),Estudo para manifestação do relator,,
SAUDE,529264,2026-10-02,2026-10-06,PL 66/2020,1296,Ver. ADILSON AMADEU (UNIÃO),ADM,2026-04-02T17:51:42,2026-04-06T12:18:00,2026-08-18T17:24:10,Consultoria (SGP.52),Elaborar Minuta de Relatório,,
SAUDE,529264,2026-10-07,,PL 66/2020,1296,Ver. ADILSON AMADEU (UNIÃO),ADM,2026-04-02T17:51:42,2026-04-06T12:18:00,2026-10-07T11:54:09,Relator(a),Assinar Relatório,,
CCJ,529270,2026-10-02,,PL 67/2020,2277,Ver. JANAINA PASCHOAL (PP),SGP22,2025-02-10T17:43:00,2025-04-02T10:18:00,2025-05-22T16:07:20,Secretaria (SGP12),Adiado,,
SAUDE,529322,2026-10-02,,PL 74/2020,2281,Ver. SIMONE GANEM (PODE),SGP22,2025-03-10T18:17:00,2025-03-13T17:30:00,2025-04-09T18:12:59,Relator(a),Estudo para manifestação do relator,,
CCJ,529338,2026-10-02,,PL 77/2020,2218,Ver. THAMMY MIRANDA (PSD),SGP22,2025-02-11T17:41:00,2025-04-02T10:18:00,2025-05-22T16:24:46,Secretaria (SGP12),Adiado,,
CCJ,529346,2026-10-02,,PL 79/2020,2277,Ver. JANAINA PASCHOAL (PP),SGP22,2025-02-19T15:44:00,2025-04-02T10:18:00,2025-09-29T14:34:43,Secretaria (SGP12),Adiado,,
FIN,529347,2026-10-02,,PL 80/2020,2219,Ver. MARCELO MESSIAS (MDB),SGP22,2025-02-19T16:37:00,2025-03-15T07:25:00,2026-09-24T15:41:32,Secretaria (SGP12),Em Condição de Pauta,,
FIN,529351,2026-10-02,2026-10-07,PL 84/2020,2246,Ver. MAJOR PALUMBO (PP),SAUDE,2025-06-26T19:25:40,2025-06-27T11:45:00,2026-06-11T16:46:24,Consultoria,Para análise,,
FIN,529351,2026-10-08,,PL 84/2020,2246,Ver. MAJOR PALUMBO (PP),SAUDE,2025-06-26T19:25:40,2025-06-27T11:45:00,2026-10-08T15:09:03,Relator(a),Estudo para manifestação do relator,,
URB,529415,2026-10-02,,PL 95/2020,,,CCJ,2026-08-06T15:12:14,2026-08-07T18:45:00,2026-08-07T18:45:00,Presidente da Comissão,Designar Relator,,
ADM,529586,2026-10-02,,DOCREC 191/2020,,,SGP22,2020-03-04T16:56:00,2021-02-18T17:58:00,,,,,
CCJ,529721,2026-10-02,,PL 109/2020,2276,Ver. SILVÃO LEITE (UNIÃO),SGP22,2025-02-11T17:41:00,2025-04-02T10:18:00,2025-05-28T16:04:23,Relator(a),Estudo para manifestação do relator,,
FIN,529756,2026-10-02,,PL 112/2020,2271,Ver. ANA CAROLINA OLIVEIRA (PODE),SGP22,2025-02-11T17:39:00,2025-03-15T07:25:00,2026-09-02T17:56:58,Relator(a),Estudo para manifestação do relator,,
CCJ,529757,2026-10-02,,PL 113/2020,2206,Ver. SILVIA DA BANCADA FEMINISTA (PSOL),SGP22,2025-03-10T16:44:00,2025-04-02T10:18:00,2025-06-09T18:42:11,Relator(a),Estudo para manifestação do relator,,
FIN,529782,2026-10-02,,PL 116/2020,2278,Ver. KEIT LIMA (PSOL),SGP22,2025-02-11T17:39:00,2025-03-15T07:25:00,2026-04-08T18:24:45,Relator(a),Estudo para manifestação do relator,,
CCJ,529805,2026-10-02,,PR 5/2020,2217,Ver. SANSÃO PEREIRA (REPUBLICANOS),SGP22,2025-02-17T14:49:00,2025-04-02T10:18:00,2025-09-29T11:20:50,Secretaria (SGP12),Adiado,,
CCJ,530076,2026-10-02,,PL 137/2020,2282,Ver. LUCAS PAVANATO (PL),SGP22,2025-02-10T17:43:00,2025-04-02T10:18:00,2025-05-07T17:15:27,Relator(a),Assinar Relatório,,
FIN,530356,2026-10-02,,PL 163/2020,2279,Ver. SILVINHO LEITE (UNIÃO),SGP22,2025-02-19T16:37:00,2025-03-15T07:25:00,2026-06-15T16:35:01,Consultoria,Para análise,,
FIN,530422,2026-10-02,,PL 176/2020,2279,Ver. SILVINHO LEITE (UNIÃO),SGP22,2025-02-17T13:40:00,2025-03-15T07:25:00,2026-06-15T16:36:16,Consultoria,Para análise,,
FIN,530463,2026-10-02,,PL 194/2020,2219,Ver. MARCELO MESSIAS (MDB),SGP22,2025-02-19T17:25:00,2025-03-15T07:35:00,2026-04-08T18:24:45,Relator(a),Estudo para manifestação do relator,,
CCJ,530467,2026-10-02,,PL 198/2020,2206,Ver. SILVIA DA BANCADA FEMINISTA (PSOL),SGP22,2025-02-19T17:27:00,2025-04-02T10:18:00,2025-05-08T17:21:42,Secretaria (SGP12),Adiado,,
CCJ,530514,2026-10-02,,PL 203/2020,,,PROC-CMSP,2020-05-05T16:55:00,2020-05-06T15:36:00,2024-03-28T13:50:07,Presidente da Comissão,Redesignar Relator,REDISTRIBUÍDO DEVIDO À MUDANÇA DE COMPOSIÇÃO DA COMISSÃO,
CCJ,530532,2026-10-02,,PL 208/2020,2276,Ver. SILVÃO LEITE (UNIÃO),SGP22,2025-02-17T13:40:00,2025-04-02T10:18:00,2025-04-14T13:51:02,Relator(a),Estudo para manifestação do relator,,
CCJ,530533,2026-10-02,,PL 209/2020,1636,Ver. DR. MILTON FERREIRA (PODE),SGP22,2025-02-17T14:59:00,2025-04-02T10:18:00,2025-04-11T18:45:47,Relator(a),Estudo para manifestação do relator,,
SAUDE,530534,2026-10-02,,PL 210/2020,2256,Ver. HÉLIO RODRIGUES (PT),SGP22,2025-02-17T15:05:00,2025-03-13T17:30:00,2026-04-09T18:56:58,Relator(a),Assinar Relatório,,
CCJ,530535,2026-10-02,,PL 211/2020,2282,Ver. LUCAS PAVANATO (PL),SGP22,2025-02-17T15:12:00,2025-04-02T10:18:00,2025-08-18T14:49:53,Secretaria (SGP12),Em Condição de Pauta,,
CCJ,530650,2026-10-02,,PL 234/2020,2217,Ver. SANSÃO PEREIRA (REPUBLICANOS),SGP22,2025-02-25T12:00:00,2025-04-02T10:18:00,2025-08-27T22:05:16,Secretaria (SGP12),Em Condição de Pauta,,
CCJ,530755,2026-10-02,,PL 242/2020,2206,Ver. SILVIA DA BANCADA FEMINISTA (PSOL),SGP22,2025-02-19T17:27:00,2025-04-02T10:18:00,2025-05-27T18:17:31,Relator(a),Estudo para manifestação do relator,,
CCJ,530757,2026-10-02,,PL 243/2020,2206,Ver. SILVIA DA BANCADA FEMINISTA (PSOL),SGP22,2025-02-19T17:27:00,2025-04-02T10:18:00,2026-02-09T16:29:29,Secretaria (SGP12),Em Condição de Pauta,,
CCJ,530788,2026-10-02,,PL 250/2020,2217,Ver. SANSÃO PEREIRA (REPUBLICANOS),SGP22,2025-02-19T17:27:00,2025-04-02T10:18:00,2025-09-29T14:49:07,Secretaria (SGP12),Adiado,,
ADM,530853,2026-10-02,,DOCREC 244/2020,,,SGP12,2020-07-20T15:00:00,2021-02-18T17:58:00,,,,,
CCJ,531175,2026-10-02,,PL 279/2020,1636,Ver. DR. MILTON FERREIRA (PODE),SGP22,2025-02-10T17:43:00,2025-04-02T10:18:00,2025-04-29T12:05:42,Relator(a),Estudo para manifestação do relator,,
CCJ,531204,2026-10-02,,PL 282/2020,2276,Ver. SILVÃO LEITE (UNIÃO),SGP22,2025-02-17T15:26:00,2025-04-02T10:18:00,2025-06-05T17:13:03,Relator(a),Estudo para manifestação do relator,,
CCJ,531305,2026-10-02,,PL 288/2020,2276,Ver. SILVÃO LEITE (UNIÃO),SGP22,2025-02-10T17:43:00,2025-04-02T10:18:00,2025-08-28T17:06:09,Secretaria (SGP12),Em Condição de Pauta,,
EDUC,531740,2026-10-02,,PL 316/2020,2222,Ver. CRIS MONTEIRO (NOVO),SGP22,2025-02-11T17:44:00,2025-03-13T16:47:00,2026-03-19T12:29:30,Relator(a),Estudo para manifestação do relator,,
CCJ,532351,2026-10-02,,PL 339/2020,2206,Ver. SILVIA DA BANCADA FEMINISTA (PSOL),SGP22,2025-02-19T17:27:00,2025-04-02T10:18:00,2026-02-09T16:25:26,Secretaria (SGP12),Em Condição de Pauta,,
CCJ,532352,2026-10-02,,PL 340/2020,1636,Ver. DR. MILTON FERREIRA (PODE),SGP22,2025-02-19T17:27:00,2025-04-02T10:18:00,2026-09-16T18:51:23,Secretaria (SGP12),Em Condição de Pauta,,
CCJ,532514,2026-10-02,,PL 344/2020,2276,Ver. SILVÃO LEITE (UNIÃO),SGP22,2025-02-19T17:29:00,2025-04-02T10:18:00,2025-04-25T12:44:37,Relator(a),Estudo para manifestação do relator,,
SAUDE,532743,2026-10-02,,PL 351/2020,2281,Ver. SIMONE GANEM (PODE),SGP22,2025-02-19T17:56:00,2025-03-13T17:30:00,2025-04-09T17:22:34,Relator(a),Estudo para manifestação do relator,,
FIN,532813,2026-10-02,,PL 357/2020,2279,Ver. SILVINHO LEITE (UNIÃO),SAUDE,2025-09-05T10:04:12,2025-09-05T12:11:00,2026-06-16T15:41:45,Consultoria,Para análise,,
SAUDE,533104,2026-10-02,,PL 369/2020,2281,Ver. SIMONE GANEM (PODE),ADM,2025-08-08T15:53:43,2025-08-11T10:55:00,2026-09-09T13:53:02,Relator(a),Estudo para manifestação do relator,,
CCJ,533573,2026-10-02,,PL 376/2020,1636,Ver. DR. MILTON FERREIRA (PODE),SGP22,2025-02-17T15:46:00,2025-04-02T10:18:00,2025-04-30T10:36:17,Relator(a),Estudo para manifestação do relator,,
CCJ,534341,2026-10-02,,PL 390/2020,2276,Ver. SILVÃO LEITE (UNIÃO),SGP22,2025-02-11T17:41:00,2025-04-02T10:18:00,2025-06-03T16:18:31,Relator(a),Estudo para manifestação do relator,,
URB,535097,2026-10-02,,PL 425/2020,2144,Ver. FABIO RIVA (MDB),SGP22,2025-03-10T18:23:00,2025-03-18T18:55:00,2026-04-07T13:51:13,Relator(a),Estudo para manifestação do relator,,
URB,536014,2026-10-02,,PL 435/2020,2273,Ver. DR. MURILLO LIMA (PP),CCJ,2025-06-16T16:13:35,2025-06-17T16:06:00,2026-07-23T11:29:21,Relator(a),Estudo para manifestação do relator,,
CCJ,536144,2026-10-02,,PL 436/2020,2276,Ver. SILVÃO LEITE (UNIÃO),SGP22,2025-02-17T15:59:00,2025-04-02T10:18:00,2025-04-30T10:32:59,Relator(a),Estudo para manifestação do relator,,
CCJ,536476,2026-10-02,,PL 442/2020,1636,Ver. DR. MILTON FERREIRA (PODE),SGP22,2025-02-12T15:40:00,2025-04-02T10:18:00,2025-06-05T17:12:53,Relator(a),Estudo para manifestação do relator,,
CCJ,536479,2026-10-02,,PL 443/2020,1636,Ver. DR. MILTON FERREIRA (PODE),SGP22,2025-02-12T15:40:00,2025-04-02T10:18:00,2026-09-16T18:52:41,Secretaria (SGP12),Em Condição de Pauta,,
EDUC,537255,2026-10-02,,PL 453/2020,1989,Ver. GEORGE HATO (MDB),SGP22,2025-02-19T17:57:00,2025-03-13T16:47:00,2025-03-21T11:04:48,Relator(a),Estudo para manifestação do relator,,
CCJ,537257,2026-10-02,,PDL 29/2020,2276,Ver. SILVÃO LEITE (UNIÃO),SGP22,2025-02-11T17:18:00,2025-04-02T10:18:00,2025-04-22T13:45:35,Relator(a),Estudo para manifestação do relator,,
URB,537338,2026-10-02,,PL 455/2020,2144,Ver. FABIO RIVA (MDB),SGP22,2025-02-19T17:57:00,2025-03-18T18:55:00,2026-02-26T18:08:42,Relator(a),Estudo para manifestação do relator,,
FIN,537988,2026-10-02,,PL 469/2020,2279,Ver. SILVINHO LEITE (UNIÃO),SGP22,2025-02-19T17:58:00,2025-03-15T20:43:00,2026-06-17T15:43:44,Consultoria (CTEO.1),Elaborar Minuta de Relatório,,
FIN,538453,2026-10-02,,PL 476/2020,2150,Ver. ANDRÉ SANTOS (REPUBLICANOS),SGP22,2025-02-12T15:41:00,2025-03-15T20:43:00,2026-09-30T15:33:37,Secretaria (SGP12),Aguardando Elaboração do Ofício SGP-12,,
CCJ,539189,2026-10-02,,PL 485/2020,2217,Ver. SANSÃO PEREIRA (REPUBLICANOS),SGP22,2025-02-11T17:41:00,2025-04-02T10:18:00,2025-05-22T16:08:32,Secretaria (SGP12),Adiado,,
CCJ,539550,2026-10-02,,PL 495/2020,2218,Ver. THAMMY MIRANDA (PSD),SGP22,2025-02-19T17:29:00,2025-04-02T10:18:00,2025-05-22T16:37:32,Secretaria (SGP12),Adiado,,
CCJ,539903,2026-10-02,,PL 503/2020,2277,Ver. JANAINA PASCHOAL (PP),SGP22,2025-02-19T17:29:00,2025-04-02T10:18:00,2025-09-29T13:35:41,Secretaria (SGP12),Adiado,,
URB,539937,2026-10-02,,PL 505/2020,2273,Ver. DR. MURILLO LIMA (PP),SGP22,2025-02-19T18:40:00,2025-03-18T18:55:00,2026-08-05T13:55:56,Relator(a),Estudo para manifestação do relator,,
CCJ,541215,2026-10-02,,PDL 41/2020,1636,Ver. DR. MILTON FERREIRA (PODE),SGP22,2025-02-11T17:12:00,2025-04-02T10:18:00,2025-06-05T17:18:42,Relator(a),Estudo para manifestação do relator,,
CCJ,541354,2026-10-02,,PL 525/2020,1636,Ver. DR. MILTON FERREIRA (PODE),SGP22,2025-02-19T18:40:00,2025-04-02T10:18:00,2025-04-24T18:52:55,Relator(a),Estudo para manifestação do relator,,
CCJ,541356,2026-10-02,,PL 526/2020,1636,Ver. DR. MILTON FERREIRA (PODE),SGP22,2025-02-19T18:40:00,2025-04-02T10:18:00,2025-04-28T18:04:47,Relator(a),Estudo para manifestação do relator,,
CCJ,542036,2026-10-02,,PL 538/2020,2254,Ver. LUNA ZARATTINI (PT),SGP22,2025-02-19T18:40:00,2025-04-02T10:18:00,2026-03-16T16:06:19,Relator(a),Estudo para manifestação do relator,,
CCJ,542037,2026-10-02,,PL 539/2020,2206,Ver. SILVIA DA BANCADA FEMINISTA (PSOL),SGP22,2025-02-19T18:40:00,2025-04-02T10:18:00,2026-02-09T16:07:16,Secretaria (SGP12),Em Condição de Pauta,,
CCJ,542739,2026-10-02,,PL 548/2020,1636,Ver. DR. MILTON FERREIRA (PODE),SGP22,2025-02-17T16:17:00,2025-04-02T10:18:00,2025-10-14T11:27:09,Relator(a),Estudo para manifestação do relator,,
CCJ,542850,2026-10-02,,PL 551/2020,2276,Ver. SILVÃO LEITE (UNIÃO),SGP22,2025-02-17T16:19:00,2025-04-02T10:18:00,2025-05-27T18:17:29,Relator(a),Estudo para manifestação do relator,,
CCJ,543065,2026-10-02,,PL 553/2020,2277,Ver. JANAINA PASCHOAL (PP),SGP22,2025-12-01T14:06:00,2025-12-02T11:10:00,2026-07-07T11:38:56,Secretaria (SGP12),Em Condição de Pauta,,
CCJ,543178,2026-10-02,,PL 557/2020,2254,Ver. LUNA ZARATTINI (PT),SGP22,2025-12-01T14:06:00,2025-12-02T11:10:00,2026-06-30T22:36:16,Relator(a),Estudo para manifestação do relator,,
FIN,543404,2026-10-02,,PL 566/2020,2279,Ver. SILVINHO LEITE (UNIÃO),URB,2025-09-11T14:38:45,2025-09-12T16:37:00,2026-05-20T21:23:37,Consultoria,Para análise,,
ECON,543526,2026-10-02,2026-10-05,PL 570/2020,2249,Ver. NUNES PEIXEIRO (MDB),ADM,2025-06-13T14:51:00,2025-06-16T10:32:00,2026-09-03T14:35:46,Relator(a),Estudo para manifestação do relator,,
ECON,543526,2026-10-06,,PL 570/2020,2249,Ver. NUNES PEIXEIRO (MDB),ADM,2025-06-13T14:51:00,2025-06-16T10:32:00,2026-10-06T17:33:08,Consultoria (SGP.53),Elaborar Minuta de Relatório,,
CCJ,543584,2026-10-02,,PL 577/2020,2282,Ver. LUCAS PAVANATO (PL),SGP22,2025-02-10T16:40:00,2025-04-02T10:18:00,2025-08-18T14:48:49,Secretaria (SGP12),Em Condição de Pauta,,
CCJ,543608,2026-10-02,,PL 580/2020,2254,Ver. LUNA ZARATTINI (PT),SGP22,2025-02-19T18:40:00,2025-04-02T10:18:00,2026-09-15T13:19:54,Secretaria (SGP12),Em Condição de Pauta,,
CCJ,543874,2026-10-02,,PL 582/2020,2206,Ver. SILVIA DA BANCADA FEMINISTA (PSOL),SGP22,2025-02-19T18:40:00,2025-04-02T10:18:00,2026-02-09T16:03:40,Secretaria (SGP12),Em Condição de Pauta,,
CCJ,544502,2026-10-02,,PDL 50/2020,1636,Ver. DR. MILTON FERREIRA (PODE),SGP22,2025-02-10T18:13:00,2025-04-02T10:18:00,2025-04-22T13:49:28,Relator(a),Estudo para manifestação do relator,,
CCJ,544637,2026-10-02,,PDL 52/2020,2277,Ver. JANAINA PASCHOAL (PP),SGP22,2025-02-10T18:10:00,2025-04-02T10:18:00,2025-09-29T14:28:48,Secretaria (SGP12),Adiado,,
CCJ,544702,2026-10-02,,PL 598/2020,2282,Ver. LUCAS PAVANATO (PL),SGP22,2025-02-11T17:41:00,2025-04-02T10:18:00,2025-08-18T14:47:25,Secretaria (SGP12),Em Condição de Pauta,,
CCJ,544724,2026-10-02,,PDL 54/2020,2217,Ver. SANSÃO PEREIRA (REPUBLICANOS),SGP22,2025-02-10T18:00:00,2025-04-02T10:18:00,2025-08-27T22:04:17,Secretaria (SGP12),Em Condição de Pauta,,
FIN,545521,2026-10-02,,PL 614/2020,2278,Ver. KEIT LIMA (PSOL),EDUC,2025-08-12T10:23:40,2025-08-13T17:57:00,2026-04-08T18:24:45,Relator(a),Estudo para manifestação do relator,,
EDUC,545522,2026-10-02,,PL 615/2020,2292,Ver. GUILHERME CORRÊA (UNIÃO),URB,2025-04-24T16:32:29,2025-04-28T11:52:00,2026-09-11T13:45:07,Relator(a),Estudo para manifestação do relator,,
CCJ,546785,2026-10-02,,PL 646/2020,1636,Ver. DR. MILTON FERREIRA (PODE),SGP22,2025-02-10T15:11:00,2025-04-02T10:18:00,2025-04-16T18:33:03,Relator(a),Estudo para manifestação do relator,,
FIN,546975,2026-10-02,2026-10-04,PL 654/2020,2219,Ver. MARCELO MESSIAS (MDB),SGP22,2025-12-01T14:11:00,2025-12-02T12:58:00,2026-09-24T15:45:39,Secretaria (SGP12),Em Condição de Pauta,,
FIN,546975,2026-10-05,,PL 654/2020,2219,Ver. MARCELO MESSIAS (MDB),SGP22,2025-12-01T14:11:00,2025-12-02T12:58:00,2026-10-05T19:10:52,Secretaria (SGP12),Em Condição de Pauta,,
ECON,547451,2026-10-02,,PL 662/2020,2205,Ver. LUANA ALVES (PSOL),ADM,2026-04-02T17:54:59,2026-04-06T13:51:00,2026-08-25T15:09:30,Relator(a),Assinar Relatório,,
CCJ,547453,2026-10-02,,PL 664/2020,2254,Ver. LUNA ZARATTINI (PT),SGP22,2025-02-19T18:55:00,2025-04-02T10:18:00,2026-03-16T15:56:30,Relator(a),Estudo para manifestação do relator,,
ECON,547624,2026-10-02,,PL 667/2020,696,Ver. CARLOS BEZERRA JR. (PSD),SGP22,2025-02-19T18:58:00,2025-03-14T12:04:00,2025-03-20T12:37:42,Relator(a),Estudo para manifestação do relator,,
CCJ,547626,2026-10-02,,PL 669/2020,2282,Ver. LUCAS PAVANATO (PL),SGP22,2025-02-21T12:17:00,2025-04-02T10:18:00,2025-04-24T15:36:59,Relator(a),Assinar Pedido de Informação ao Executivo,,
FIN,547829,2026-10-02,,PL 678/2020,2150,Ver. ANDRÉ SANTOS (REPUBLICANOS),SGP22,2025-02-21T12:28:00,2025-03-15T20:54:00,2026-07-01T14:37:26,Consultoria,Para análise,,
FIN,547919,2026-10-02,,PL 683/2020,2279,Ver. SILVINHO LEITE (UNIÃO),ECON,2025-05-08T17:52:42,2025-05-13T13:39:00,2026-05-20T23:15:23,Consultoria,Para análise,,
CCJ,549686,2026-10-02,,PL 707/2020,2206,Ver. SILVIA DA BANCADA FEMINISTA (PSOL),SGP22,2025-12-01T14:06:00,2025-12-02T11:10:00,2026-08-24T16:57:18,Relator(a),Estudo para manifestação do relator,,
CCJ,549922,2026-10-02,,PL 717/2020,2277,Ver. JANAINA PASCHOAL (PP),SGP22,2025-02-11T18:19:00,2025-04-02T10:18:00,2025-09-29T13:53:07,Secretaria (SGP12),Adiado,,
CCJ,549924,2026-10-02,,PL 718/2020,2277,Ver. JANAINA PASCHOAL (PP),SGP22,2025-02-17T16:33:00,2025-04-02T10:18:00,2025-05-23T13:58:47,Secretaria (SGP12),Em Condição de Pauta,,
CCJ,551176,2026-10-02,,PL 733/2020,2254,Ver. LUNA ZARATTINI (PT),SGP22,2025-02-25T15:03:00,2025-04-02T10:18:00,2026-03-16T15:51:57,Relator(a),Estudo para manifestação do relator,,
FIN,552105,2026-10-02,,PL 742/2020,2271,Ver. ANA CAROLINA OLIVEIRA (PODE),SGP22,2025-02-11T18:21:00,2025-03-15T20:54:00,2026-09-23T15:38:20,Relator(a),Assinar Relatório,,
CCJ,552864,2026-10-02,,PL 747/2020,2206,Ver. SILVIA DA BANCADA FEMINISTA (PSOL),SGP22,2025-03-10T17:13:00,2025-04-02T10:18:00,2025-04-14T13:53:26,Relator(a),Estudo para manifestação do relator,,
CCJ,552871,2026-10-02,,PL 748/2020,2217,Ver. SANSÃO PEREIRA (REPUBLICANOS),SGP22,2025-02-11T18:19:00,2025-04-02T10:18:00,2025-09-29T14:50:13,Secretaria (SGP12),Adiado,,
CCJ,553551,2026-10-02,,PL 764/2020,2217,Ver. SANSÃO PEREIRA (REPUBLICANOS),SGP22,2025-02-21T12:45:00,2025-04-02T10:18:00,2025-06-16T18:54:05,Secretaria (SGP12),Em Condição de Pauta,,
CCJ,554038,2026-10-02,,PL 767/2020,2217,Ver. SANSÃO PEREIRA (REPUBLICANOS),SGP22,2025-02-21T12:46:00,2025-04-02T10:18:00,2025-08-05T14:08:43,Secretaria (SGP12),Em Condição de Pauta,,
CCJ,556589,2026-10-02,,PL 12/2021,2218,Ver. THAMMY MIRANDA (PSD),SGP22,2025-02-17T15:02:00,2025-03-25T13:57:00,2025-09-01T16:49:40,Secretaria (SGP12),Em Condição de Pauta,,
CCJ,558393,2026-10-02,,PL 15/2021,2217,Ver. SANSÃO PEREIRA (REPUBLICANOS),SGP22,2025-02-11T18:19:00,2025-03-25T13:57:00,2025-09-29T14:51:47,Secretaria (SGP12),Adiado,,
CCJ,558428,2026-10-02,,PL 16/2021,2276,Ver. SILVÃO LEITE (UNIÃO),SGP22,2025-02-10T15:11:00,2025-03-25T13:57:00,2025-04-24T16:10:10,Relator(a),Estudo para manifestação do relator,,
CCJ,558429,2026-10-02,,PL 17/2021,2276,Ver. SILVÃO LEITE (UNIÃO),SGP22,2025-02-10T15:11:00,2025-03-25T13:57:00,2025-04-14T13:57:45,Relator(a),Estudo para manifestação do relator,,
FIN,559747,2026-10-02,,PL 19/2021,2219,Ver. MARCELO MESSIAS (MDB),SAUDE,2025-08-25T11:41:48,2025-08-25T18:57:00,2026-09-02T17:54:11,Relator(a),Estudo para manifestação do relator,,
URB,559748,2026-10-02,,PL 20/2021,2269,Ver. MARINA BRAGANTE (PSB),SGP22,2025-03-10T14:54:00,2025-03-18T18:55:00,2026-03-12T16:40:22,Relator(a),Estudo para manifestação do relator,,
CCJ,560604,2026-10-02,,PL 31/2021,1636,Ver. DR. MILTON FERREIRA (PODE),SGP22,2025-02-12T17:26:00,2025-03-25T13:57:00,2025-05-27T18:17:32,Relator(a),Estudo para manifestação do relator,,
CCJ,560606,2026-10-02,,PL 33/2021,2277,Ver. JANAINA PASCHOAL (PP),SGP22,2025-02-11T18:19:00,2025-03-25T13:57:00,2025-09-29T14:54:06,Secretaria (SGP12),Adiado,,
CCJ,560901,2026-10-02,,PL 34/2021,2254,Ver. LUNA ZARATTINI (PT),SGP22,2025-02-17T15:02:00,2025-03-25T13:57:00,2026-03-11T13:05:28,Relator(a),Estudo para manifestação do relator,,
CCJ,563344,2026-10-02,,PL 48/2021,2282,Ver. LUCAS PAVANATO (PL),SGP22,2025-02-12T17:26:00,2025-03-25T13:57:00,2025-08-18T14:38:52,Secretaria (SGP12),Em Condição de Pauta,,
EDUC,563759,2026-10-02,,PL 57/2021,,,ADM,2025-12-01T11:40:08,2025-12-02T12:15:00,2026-07-02T11:20:18,Presidente da Comissão,Designar Relator,,
CCJ,563760,2026-10-02,,PL 58/2021,2217,Ver. SANSÃO PEREIRA (REPUBLICANOS),SGP22,2025-02-17T17:24:00,2025-03-25T13:57:00,2025-07-16T16:44:42,Secretaria (SGP12),Em Condição de Pauta,,
CCJ,563811,2026-10-02,2026-10-06,PLO 1/2021,1636,Ver. DR. MILTON FERREIRA (PODE),SGP22,2025-02-10T18:00:00,2025-03-25T13:57:00,2026-09-16T18:53:52,Secretaria (SGP12),Em Condição de Pauta,,
CCJ,563811,2026-10-07,,PLO 1/2021,1636,Ver. DR. MILTON FERREIRA (PODE),SGP22,2025-02-10T18:00:00,2025-03-25T13:57:00,2026-10-07T14:50:12,Secretaria (SGP12),Em Condição de Pauta,,
FIN,564421,2026-10-02,,PL 71/2021,2279,Ver. SILVINHO LEITE (UNIÃO),SAUDE,2025-08-25T11:41:47,2025-08-25T18:57:00,2026-06-17T14:44:56,Consultoria (CTEO.1),Elaborar Minuta de Relatório,,
FIN,564675,2026-10-02,,PL 78/2021,2271,Ver. ANA CAROLINA OLIVEIRA (PODE),SAUDE,2026-03-31T14:19:50,2026-04-07T18:47:00,2026-06-25T19:17:05,Consultoria,Elaborar relatório,,
CCJ,565280,2026-10-02,,PL 84/2021,1636,Ver. DR. MILTON FERREIRA (PODE),SGP22,2025-02-12T17:26:00,2025-03-25T13:57:00,2025-05-08T17:54:18,Relator(a),Estudo para manifestação do relator,,
FIN,565297,2026-10-02,,PL 85/2021,2271,Ver. ANA CAROLINA OLIVEIRA (PODE),SAUDE,2025-08-14T15:53:25,2025-08-15T11:34:00,2026-09-23T15:41:54,Relator(a),Assinar Relatório,,
CCJ,565317,2026-10-02,,PL 86/2021,2282,Ver. LUCAS PAVANATO (PL),SGP22,2025-02-12T17:26:00,2025-03-25T13:57:00,2025-08-18T14:37:23,Secretaria (SGP12),Em Condição de Pauta,,
ADM,565404,2026-10-02,,RDP 10/2021,,,SGP12,2021-02-23T09:49:00,2021-02-26T16:34:00,,,,,
FIN,566337,2026-10-02,2026-10-07,PL 95/2021,2271,Ver. ANA CAROLINA OLIVEIRA (PODE),SAUDE,2025-08-14T15:53:27,2025-08-15T11:34:00,2026-06-11T16:47:40,Consultoria,Para análise,,
FIN,566337,2026-10-08,,PL 95/2021,2271,Ver. ANA CAROLINA OLIVEIRA (PODE),SAUDE,2025-08-14T15:53:27,2025-08-15T11:34:00,2026-10-08T15:06:39,Relator(a),Estudo para manifestação do relator,,
CCJ,566351,2026-10-02,,PL 96/2021,2277,Ver. JANAINA PASCHOAL (PP),SGP22,2025-03-18T12:53:00,2025-03-25T13:57:00,2025-09-29T15:13:57,Secretaria (SGP12),Adiado,,
SAUDE,567349,2026-10-02,,PLO 2/2021,2256,Ver. HÉLIO RODRIGUES (PT),SGP22,2025-02-10T17:58:00,2025-03-13T17:30:00,2026-04-09T18:14:52,Relator(a),Assinar Relatório,,
CCJ,568244,2026-10-02,,RDP 17/2021,,,SGP22,2021-02-24T19:08:00,2021-04-12T14:49:00,2021-08-18T17:59:41,Procuradoria,Para análise e envio ao(à) relator(a),,
EDUC,568246,2026-10-02,,RDP 18/2021,,,SGP22,2021-02-24T19:10:00,,,,,,
SAUDE,568247,2026-10-02,,RDP 19/2021,,,SGP22,2021-02-24T19:11:00,,,,,,
ECON,568249,2026-10-02,,RDP 20/2021,,,SGP22,2021-02-24T19:13:00,,,,,,
CCJ,568957,2026-10-02,,PR 12/2021,2282,Ver. LUCAS PAVANATO (PL),SGP22,2025-02-10T15:46:00,2025-03-25T13:57:00,2025-08-18T14:44:16,Secretaria (SGP12),Em Condição de Pauta,,
CCJ,570052,2026-10-02,,PDL 6/2021,2206,Ver. SILVIA DA BANCADA FEMINISTA (PSOL),SGP22,2025-02-10T16:27:00,2025-03-25T13:57:00,2025-05-22T16:39:09,Secretaria (SGP12),Adiado,,
CCJ,570079,2026-10-02,,PL 124/2021,2218,Ver. THAMMY MIRANDA (PSD),SGP22,2025-05-08T16:48:00,2025-05-09T11:25:00,2025-08-05T14:16:01,Secretaria (SGP12),Em Condição de Pauta,,
CCJ,570080,2026-10-02,,PL 125/2021,2254,Ver. LUNA ZARATTINI (PT),SGP22,2025-05-08T16:48:00,2025-05-09T11:25:00,2026-03-11T13:02:47,Relator(a),Estudo para manifestação do relator,,
CCJ,570459,2026-10-02,,PL 140/2021,2217,Ver. SANSÃO PEREIRA (REPUBLICANOS),SGP22,2025-02-12T17:26:00,2025-03-25T13:57:00,2025-05-22T16:09:21,Secretaria (SGP12),Adiado,,
CCJ,570644,2026-10-02,,PL 147/2021,2277,Ver. JANAINA PASCHOAL (PP),SGP22,2025-02-12T17:26:00,2025-03-25T13:57:00,2025-09-29T13:58:26,Secretaria (SGP12),Adiado,,
CCJ,570833,2026-10-02,,PL 148/2021,2276,Ver. SILVÃO LEITE (UNIÃO),SGP22,2025-02-11T18:19:00,2025-03-25T13:57:00,2025-04-29T16:10:16,Relator(a),Estudo para manifestação do relator,,
CCJ,570857,2026-10-02,,PL 149/2021,2276,Ver. SILVÃO LEITE (UNIÃO),SGP22,2025-02-11T18:19:00,2025-03-26T12:55:00,2025-04-29T12:07:38,Relator(a),Estudo para manifestação do relator,,
CCJ,570930,2026-10-02,,PL 151/2021,2254,Ver. LUNA ZARATTINI (PT),SGP22,2025-02-21T10:19:00,2025-03-26T12:55:00,2026-04-07T12:03:34,Relator(a),Estudo para manifestação do relator,,
CCJ,571227,2026-10-02,,PL 167/2021,1636,Ver. DR. MILTON FERREIRA (PODE),SGP22,2025-02-11T18:19:00,2025-03-25T13:57:00,2025-04-25T16:23:33,Relator(a),Estudo para manifestação do relator,,
CCJ,571229,2026-10-02,,PL 168/2021,1636,Ver. DR. MILTON FERREIRA (PODE),SGP22,2025-02-12T17:26:00,2025-03-25T13:57:00,2025-06-27T17:34:00,Relator(a),Estudo para manifestação do relator,,
CCJ,572933,2026-10-02,,PL 187/2021,1636,Ver. DR. MILTON FERREIRA (PODE),SGP22,2025-04-03T17:18:00,2025-04-03T20:45:00,2025-10-14T17:44:00,Relator(a),Estudo para manifestação do relator,,
ECON,572997,2026-10-02,,PL 194/2021,2228,Ver. RENATA FALZONI (PSB),URB,2025-09-11T14:40:03,2025-09-15T11:04:00,2025-10-14T10:48:24,Secretaria (SGP12),Em Condição de Pauta,,
CCJ,573254,2026-10-02,,PL 201/2021,1636,Ver. DR. MILTON FERREIRA (PODE),SGP22,2025-02-12T17:26:00,2025-03-25T13:57:00,2026-03-23T16:39:31,Relator(a),Estudo para manifestação do relator,,
CCJ,573338,2026-10-02,,PL 204/2021,2218,Ver. THAMMY MIRANDA (PSD),SGP22,2025-02-17T16:09:00,2025-03-25T13:57:00,2025-09-29T10:55:15,Secretaria (SGP12),Adiado,,
SAUDE,573535,2026-10-02,,PL 209/2021,2256,Ver. HÉLIO RODRIGUES (PT),EDUC,2026-08-18T14:54:49,2026-08-24T15:43:00,2026-08-31T11:25:20,Consultoria (SGP.52),Para análise,,
CCJ,573617,2026-10-02,,PR 24/2021,2277,Ver. JANAINA PASCHOAL (PP),SGP22,2025-02-11T18:49:00,2025-03-26T12:55:00,2025-05-21T14:00:00,Secretaria (SGP12),Adiado,ADIADO POR TÉRMINO DE REUNIÃO,
SAUDE,573839,2026-10-02,,PL 218/2021,2281,Ver. SIMONE GANEM (PODE),SGP22,2025-02-17T16:11:00,2025-03-13T17:26:00,2026-03-17T15:32:22,Relator(a),Estudo para manifestação do relator,,
ECON,573840,2026-10-02,,PL 219/2021,2228,Ver. RENATA FALZONI (PSB),ADM,2025-05-13T15:55:06,2025-05-19T11:55:00,2026-06-16T14:06:09,Consultoria,Para análise,,
CCJ,573850,2026-10-02,,PL 223/2021,2277,Ver. JANAINA PASCHOAL (PP),SGP22,2025-02-17T18:44:00,2025-03-25T13:57:00,2026-03-18T13:30:10,Secretaria (SGP12),Em Condição de Pauta,,
CCJ,574625,2026-10-02,,PL 239/2021,1636,Ver. DR. MILTON FERREIRA (PODE),SGP22,2025-02-12T17:26:00,2025-03-25T13:57:00,2025-04-11T14:00:41,Relator(a),Estudo para manifestação do relator,,
CCJ,574626,2026-10-02,,REC 2/2021,2217,Ver. SANSÃO PEREIRA (REPUBLICANOS),SGP22,2021-04-20T16:18:00,2021-04-22T15:51:00,2021-10-27T13:05:23,Procuradoria,Para análise e envio ao(à) relator(a),,
FIN,574847,2026-10-02,,PL 243/2021,2271,Ver. ANA CAROLINA OLIVEIRA (PODE),ADM,2025-04-04T13:34:09,2025-04-05T06:47:00,2026-09-23T15:44:22,Relator(a),Assinar Relatório,,
URB,575607,2026-10-02,,PL 259/2021,2147,Ver. ISAC FÉLIX (PL),SGP22,2025-02-17T16:12:00,2025-03-18T18:55:00,2026-08-10T15:13:38,Relator(a),Estudo para manifestação do relator,,
CCJ,575705,2026-10-02,,PL 266/2021,2282,Ver. LUCAS PAVANATO (PL),SGP22,2025-03-10T16:35:00,2025-03-25T13:57:00,2025-09-24T15:40:02,Relator(a),Assinar Relatório,,
FIN,575933,2026-10-02,2026-10-07,PL 269/2021,2000,Ver. ALESSANDRO GUEDES (PT),ADM,2026-08-14T15:57:08,2026-08-20T10:39:00,2026-09-02T11:48:04,Consultoria (CTEO.1),Para análise,,
FIN,575933,2026-10-08,,PL 269/2021,2000,Ver. ALESSANDRO GUEDES (PT),ADM,2026-08-14T15:57:08,2026-08-20T10:39:00,2026-10-08T15:11:08,Relator(a),Estudo para manifestação do relator,,
CCJ,575964,2026-10-02,,PL 273/2021,2206,Ver. SILVIA DA BANCADA FEMINISTA (PSOL),SGP21,2026-08-19T18:41:00,2026-08-20T10:39:00,2026-08-28T16:14:11,Relator(a),Estudo para manifestação do relator,,
CCJ,576202,2026-10-02,,PL 280/2021,2276,Ver. SILVÃO LEITE (UNIÃO),SGP22,2025-02-17T16:09:00,2025-03-25T13:57:00,2025-08-13T09:51:29,Secretaria (SGP12),Em Condição de Pauta,,
ADM,576529,2026-10-02,,PL 283/2021,,,URB,2026-05-15T12:55:09,2026-05-19T14:26:00,2026-05-28T18:10:25,Relator(a),Estudo para manifestação do relator,,
CCJ,576530,2026-10-02,,PL 284/2021,1636,Ver. DR. MILTON FERREIRA (PODE),SGP22,2025-03-10T16:35:00,2025-03-26T12:55:00,2025-06-09T18:42:16,Relator(a),Estudo para manifestação do relator,,
CCJ,576662,2026-10-02,,REC 6/2021,2160,Ver. JOÃO JORGE (MDB),SGP22,2021-05-07T18:30:00,2021-05-07T19:05:00,2021-10-27T13:05:20,Procuradoria,Para análise e envio ao(à) relator(a),,
CCJ,576679,2026-10-02,,PL 287/2021,2277,Ver. JANAINA PASCHOAL (PP),SGP22,2025-02-17T16:09:00,2025-03-26T12:55:00,2025-09-29T14:00:24,Secretaria (SGP12),Adiado,,
FIN,576792,2026-10-02,,PL 289/2021,2221,Ver. ELI CORRÊA (UNIÃO),SAUDE,2026-08-25T14:38:35,2026-08-26T16:47:00,2026-09-02T11:48:04,Consultoria (CTEO.1),Para análise,,
CCJ,577333,2026-10-02,,PL 295/2021,1636,Ver. DR. MILTON FERREIRA (PODE),SGP22,2025-02-17T16:13:00,2025-03-25T13:57:00,2025-04-16T11:45:40,Relator(a),Estudo para manifestação do relator,,
EDUC,577366,2026-10-02,,PL 296/2021,2222,Ver. CRIS MONTEIRO (NOVO),ADM,2025-05-07T17:16:16,2025-05-09T10:51:00,2026-02-25T16:00:19,Relator(a),Estudo para manifestação do relator,,
CCJ,577771,2026-10-02,,PL 301/2021,2217,Ver. SANSÃO PEREIRA (REPUBLICANOS),SGP22,2025-02-17T16:13:00,2025-03-25T13:57:00,2026-03-11T16:49:54,Relator(a),Estudo para manifestação do relator,,
CCJ,577786,2026-10-02,,PL 302/2021,1636,Ver. DR. MILTON FERREIRA (PODE),SGP22,2025-02-17T16:13:00,2025-03-25T13:57:00,2025-04-24T16:07:30,Relator(a),Estudo para manifestação do relator,,
URB,578506,2026-10-02,,PL 319/2021,2269,Ver. MARINA BRAGANTE (PSB),SGP22,2025-02-17T16:45:00,2025-03-18T18:55:00,2026-06-24T13:12:00,Relator(a),Estudo para manifestação do relator,,
CCJ,578581,2026-10-02,,PL 322/2021,2206,Ver. SILVIA DA BANCADA FEMINISTA (PSOL),SGP22,2025-02-17T18:44:00,2025-03-25T13:57:00,2026-02-09T16:28:23,Secretaria (SGP12),Em Condição de Pauta,,
FIN,578672,2026-10-02,,PL 327/2021,2146,Ver. GILBERTO NASCIMENTO (PL),SGP22,2025-02-17T16:45:00,2025-03-17T16:16:00,2026-09-23T15:46:36,Relator(a),Assinar Relatório,,
EDUC,578750,2026-10-02,2026-10-06,PL 330/2021,2185,Ver. CELSO GIANNAZI (PSOL),ADM,2025-05-23T12:52:06,2025-06-02T12:26:00,2026-09-30T07:35:27,Secretaria (SGP12),Em Condição de Pauta,,
EDUC,578750,2026-10-07,,PL 330/2021,2185,Ver. CELSO GIANNAZI (PSOL),ADM,2025-05-23T12:52:06,2025-06-02T12:26:00,2026-10-07T18:04:03,Presidente da Comissão,Assinar Certidão de Votação,,
CCJ,579382,2026-10-02,,PL 342/2021,2218,Ver. THAMMY MIRANDA (PSD),SGP22,2025-02-17T16:13:00,2025-03-25T13:57:00,2025-09-29T10:56:13,Secretaria (SGP12),Adiado,,
CCJ,579642,2026-10-02,,PL 352/2021,2276,Ver. SILVÃO LEITE (UNIÃO),SGP22,2025-02-17T16:13:00,2025-03-25T13:57:00,2025-06-24T17:45:24,Relator(a),Estudo para manifestação do relator,,
CCJ,579827,2026-10-02,,PL 355/2021,2206,Ver. SILVIA DA BANCADA FEMINISTA (PSOL),SGP21,2026-03-26T14:08:00,2026-03-26T15:49:00,2026-04-01T21:05:00,Relator(a),Estudo para manifestação do relator,,
CCJ,579829,2026-10-02,,PL 356/2021,2206,Ver. SILVIA DA BANCADA FEMINISTA (PSOL),SGP22,2025-03-20T14:42:00,2025-03-25T13:57:00,2025-04-16T12:06:01,Relator(a),Estudo para manifestação do relator,,
CCJ,579893,2026-10-02,,PL 358/2021,1636,Ver. DR. MILTON FERREIRA (PODE),SGP22,2025-03-20T13:51:00,2025-03-25T13:57:00,2025-04-07T15:29:54,Relator(a),Estudo para manifestação do relator,,
FIN,579943,2026-10-02,,PL 359/2021,2279,Ver. SILVINHO LEITE (UNIÃO),URB,2025-04-24T16:39:01,2025-04-25T08:53:00,2026-06-17T14:46:23,Consultoria (CTEO.1),Elaborar Minuta de Relatório,,
FIN,580458,2026-10-02,,PL 369/2021,2279,Ver. SILVINHO LEITE (UNIÃO),SAUDE,2025-08-07T17:47:42,2025-08-08T10:44:00,2026-05-20T21:23:35,Consultoria,Para análise,,
FIN,580566,2026-10-02,,PL 371/2021,2278,Ver. KEIT LIMA (PSOL),SAUDE,2025-08-25T11:41:50,2025-08-25T18:57:00,2026-03-19T14:49:27,Relator(a),Estudo para manifestação do relator,,
CCJ,580575,2026-10-02,,PL 372/2021,2217,Ver. SANSÃO PEREIRA (REPUBLICANOS),PROC-CMSP,2025-10-24T12:09:00,2025-10-28T13:54:00,2026-08-04T13:50:43,Secretaria (SGP12),Em Condição de Pauta,,
CCJ,580576,2026-10-02,,PL 373/2021,2277,Ver. JANAINA PASCHOAL (PP),SGP22,2025-02-17T16:13:00,2025-03-25T13:57:00,2025-05-22T16:10:09,Secretaria (SGP12),Adiado,,
CCJ,580579,2026-10-02,,PL 375/2021,2276,Ver. SILVÃO LEITE (UNIÃO),SGP22,2025-02-17T17:21:00,2025-03-25T13:57:00,2025-04-16T12:04:17,Relator(a),Estudo para manifestação do relator,,
CCJ,580786,2026-10-02,,PL 379/2021,1636,Ver. DR. MILTON FERREIRA (PODE),SGP22,2025-02-17T17:21:00,2025-03-25T13:57:00,2025-04-22T16:34:28,Relator(a),Estudo para manifestação do relator,,
CCJ,580927,2026-10-02,,PL 383/2021,2206,Ver. SILVIA DA BANCADA FEMINISTA (PSOL),SGP22,2025-02-17T17:21:00,2025-03-25T13:57:00,2025-06-03T16:18:29,Relator(a),Estudo para manifestação do relator,,
ADM,580943,2026-10-02,,PL 384/2021,,,SGP22,2025-02-17T17:24:00,2025-03-14T20:10:00,2026-07-13T18:38:47,Presidente da Comissão,Redesignar Relator,,
SAUDE,580968,2026-10-02,,PL 385/2021,176,Ver. ROBERTO TRÍPOLI (PV),ADM,2026-04-02T17:56:35,2026-04-06T12:18:00,2026-08-05T18:31:28,Consultoria (SGP.52),Para análise,,
SAUDE,581453,2026-10-02,,REC 17/2021,,,SGP22,2021-06-17T20:24:00,2021-06-17T21:18:00,2021-07-16T00:15:55,,,PREJUDICADO,
CCJ,581624,2026-10-02,,PR 35/2021,,,SGP22,2025-02-19T15:52:00,2025-03-25T13:57:00,2025-04-16T18:15:55,Relator(a),Estudo para manifestação do relator,,
CCJ,581783,2026-10-02,,PDL 23/2021,2218,Ver. THAMMY MIRANDA (PSD),SGP22,2025-02-10T17:40:00,2025-03-25T13:57:00,2025-09-01T16:48:53,Secretaria (SGP12),Em Condição de Pauta,,
CCJ,581791,2026-10-02,,PL 405/2021,1636,Ver. DR. MILTON FERREIRA (PODE),SGP22,2025-02-17T17:21:00,2025-03-25T13:57:00,2025-06-06T17:26:47,Relator(a),Estudo para manifestação do relator,,
FIN,582355,2026-10-02,,PL 415/2021,2279,Ver. SILVINHO LEITE (UNIÃO),ADM,2025-09-26T14:05:16,2025-09-29T16:12:00,2026-06-11T16:29:43,Consultoria,Para análise,,
CCJ,582585,2026-10-02,,PL 421/2021,2276,Ver. SILVÃO LEITE (UNIÃO),SGP22,2025-02-17T17:21:00,2025-03-25T13:57:00,2025-04-24T16:07:32,Relator(a),Estudo para manifestação do relator,,
CCJ,582660,2026-10-02,,PL 424/2021,2217,Ver. SANSÃO PEREIRA (REPUBLICANOS),SGP22,2025-02-17T17:21:00,2025-03-25T13:57:00,2025-05-08T17:05:19,Secretaria (SGP12),Adiado,,
CCJ,582906,2026-10-02,,PL 430/2021,2277,Ver. JANAINA PASCHOAL (PP),SGP22,2025-02-17T17:21:00,2025-03-25T13:57:00,2025-09-29T15:14:53,Secretaria (SGP12),Adiado,,
CCJ,582941,2026-10-02,,PL 433/2021,1636,Ver. DR. MILTON FERREIRA (PODE),SGP22,2025-02-17T17:24:00,2025-03-25T13:57:00,2025-06-13T11:19:24,Relator(a),Estudo para manifestação do relator,,
CCJ,582978,2026-10-02,,PR 38/2021,2282,Ver. LUCAS PAVANATO (PL),SGP22,2025-02-13T14:58:00,2025-03-25T13:57:00,2025-08-18T14:41:51,Secretaria (SGP12),Em Condição de Pauta,,
CCJ,583070,2026-10-02,,PL 436/2021,,,PROC-CMSP,2021-07-07T13:43:00,2021-07-07T14:23:00,2022-03-02T15:23:44,Presidente da Comissão,Redesignar Relator,,
CCJ,583077,2026-10-02,,PL 438/2021,2277,Ver. JANAINA PASCHOAL (PP),SGP22,2025-02-17T17:24:00,2025-03-25T13:57:00,2025-09-29T10:58:08,Secretaria (SGP12),Adiado,,
CCJ,583971,2026-10-02,,PL 453/2021,2282,Ver. LUCAS PAVANATO (PL),SGP22,2025-03-20T14:42:00,2025-03-25T13:57:00,2025-08-18T14:34:51,Secretaria (SGP12),Em Condição de Pauta,,
URB,584112,2026-10-02,,PL 454/2021,2145,Ver. FERNANDO HOLIDAY (PL),SGP22,2025-05-12T18:22:00,2025-05-22T18:22:00,2025-09-10T12:41:36,Secretaria (SGP12),Aguardando Notas Taquigráficas,Audiência realizada,
CCJ,585801,2026-10-02,,PL 468/2021,2276,Ver. SILVÃO LEITE (UNIÃO),SGP22,2025-02-17T17:24:00,2025-03-15T00:24:00,2025-06-13T17:09:52,Relator(a),Estudo para manifestação do relator,,
ADM,585802,2026-10-02,,PL 469/2021,,,URB,2026-08-14T17:55:47,2026-08-19T13:13:00,2026-08-19T13:13:00,Presidente da Comissão,Designar Relator,,
URB,586146,2026-10-02,,PL 475/2021,,,SGP22,2025-03-20T13:55:00,2025-03-20T14:23:00,2026-03-09T14:37:39,Presidente da Comissão,Redesignar Relator,,
CCJ,587051,2026-10-02,,PL 493/2021,2276,Ver. SILVÃO LEITE (UNIÃO),SGP22,2025-02-17T18:01:00,2025-03-25T13:57:00,2026-04-13T19:46:09,Secretaria (SGP12),Em Condição de Pauta,,
EDUC,587073,2026-10-02,,PL 494/2021,2292,Ver. GUILHERME CORRÊA (UNIÃO),ADM,2026-08-14T15:47:28,2026-08-25T11:15:00,2026-09-17T14:19:10,Relator(a),Estudo para manifestação do relator,,
CCJ,587088,2026-10-02,,PL 495/2021,2217,Ver. SANSÃO PEREIRA (REPUBLICANOS),SGP22,2025-02-17T18:44:00,2025-03-25T13:57:00,2025-09-29T14:55:12,Secretaria (SGP12),Adiado,,
CCJ,587209,2026-10-02,,PDL 37/2021,2206,Ver. SILVIA DA BANCADA FEMINISTA (PSOL),SGP22,2025-02-10T16:23:00,2025-03-25T13:57:00,2025-05-22T16:39:53,Secretaria (SGP12),Adiado,,
CCJ,587674,2026-10-02,,PL 518/2021,2277,Ver. JANAINA PASCHOAL (PP),SGP22,2025-02-24T15:25:00,2025-03-25T13:57:00,2026-04-29T14:00:00,Secretaria (SGP12),Adiado,ADIADO POR TÉRMINO DE REUNIÃO,
FIN,587688,2026-10-02,,PL 529/2021,2150,Ver. ANDRÉ SANTOS (REPUBLICANOS),SGP22,2025-02-24T15:30:00,2025-03-17T16:16:00,2026-03-16T17:48:42,Secretaria (SGP12),Retirado de pauta,,
CCJ,587721,2026-10-02,,PL 530/2021,1636,Ver. DR. MILTON FERREIRA (PODE),SGP22,2025-02-17T18:44:00,2025-03-25T13:57:00,2025-04-01T14:39:03,Relator(a),Estudo para manifestação do relator,,
CCJ,588481,2026-10-02,,PL 545/2021,2282,Ver. LUCAS PAVANATO (PL),SGP22,2025-02-17T18:44:00,2025-03-25T13:57:00,2025-06-11T12:07:37,Relator(a),Assinar Relatório,,
URB,588627,2026-10-02,,PL 557/2021,2269,Ver. MARINA BRAGANTE (PSB),SGP22,2025-02-21T13:04:00,2025-03-18T18:55:00,2026-05-20T16:42:42,Relator(a),Estudo para manifestação do relator,,
FIN,588635,2026-10-02,,PL 558/2021,2146,Ver. GILBERTO NASCIMENTO (PL),SGP22,2025-02-21T13:07:00,2025-03-17T19:46:00,2026-06-09T19:46:07,Consultoria (CTEO.1),Elaborar Minuta de Relatório,,
FIN,589129,2026-10-02,,PL 569/2021,2278,Ver. KEIT LIMA (PSOL),SAUDE,2025-08-07T17:47:43,2025-08-08T10:44:00,2026-03-12T16:16:31,Relator(a),Assinar Relatório,,
FIN,589138,2026-10-02,,PL 571/2021,2278,Ver. KEIT LIMA (PSOL),SAUDE,2025-10-13T11:15:40,2025-10-13T14:56:00,2026-04-30T16:15:24,Relator(a),Estudo para manifestação do relator,,
FIN,589220,2026-10-02,,PL 573/2021,2219,Ver. MARCELO MESSIAS (MDB),SGP22,2025-02-17T18:58:00,2025-03-17T19:46:00,2026-03-12T16:13:44,Relator(a),Assinar Relatório,,
CCJ,589385,2026-10-02,,PL 575/2021,2218,Ver. THAMMY MIRANDA (PSD),SGP22,2025-02-18T14:37:00,2025-03-25T13:57:00,2025-09-01T16:51:32,Secretaria (SGP12),Em Condição de Pauta,,
CCJ,589580,2026-10-02,,PDL 44/2021,2206,Ver. SILVIA DA BANCADA FEMINISTA (PSOL),SGP22,2025-02-10T16:17:00,2025-03-25T13:57:00,2025-08-12T13:40:35,Secretaria (SGP12),Em Condição de Pauta,,
CCJ,589777,2026-10-02,,PL 579/2021,2217,Ver. SANSÃO PEREIRA (REPUBLICANOS),SGP22,2025-02-21T13:24:00,2025-03-25T13:57:00,2025-06-12T12:53:02,Secretaria (SGP12),Em Condição de Pauta,,
CCJ,589788,2026-10-02,,PL 582/2021,2206,Ver. SILVIA DA BANCADA FEMINISTA (PSOL),SGP22,2025-02-25T12:00:00,2025-03-25T13:57:00,2026-07-01T14:35:44,Secretaria (SGP12),Em Condição de Pauta,,
URB,589789,2026-10-02,,PL 583/2021,2144,Ver. FABIO RIVA (MDB),CCJ,2025-09-22T11:40:13,2025-09-22T16:04:00,2026-04-22T19:11:18,Relator(a),Estudo para manifestação do relator,,
FIN,589794,2026-10-02,,PL 584/2021,2219,Ver. MARCELO MESSIAS (MDB),ECON,2025-08-08T13:25:53,2025-08-11T11:15:00,2026-03-19T14:47:14,Relator(a),Estudo para manifestação do relator,,
EDUC,589847,2026-10-02,,PL 585/2021,2292,Ver. GUILHERME CORRÊA (UNIÃO),URB,2026-06-02T13:02:13,2026-06-02T16:00:00,2026-09-15T10:54:08,Relator(a),Estudo para manifestação do relator,,
CCJ,589902,2026-10-02,,PL 590/2021,2276,Ver. SILVÃO LEITE (UNIÃO),SGP22,2025-03-20T13:51:00,2025-03-25T13:57:00,2025-04-01T18:19:05,Relator(a),Estudo para manifestação do relator,,
FIN,589903,2026-10-02,2026-10-07,PL 591/2021,2000,Ver. ALESSANDRO GUEDES (PT),SAUDE,2026-05-14T23:38:50,2026-05-21T14:46:00,2026-06-10T14:08:27,Consultoria (CTEO.1),Para análise,,
FIN,589903,2026-10-08,,PL 591/2021,2000,Ver. ALESSANDRO GUEDES (PT),SAUDE,2026-05-14T23:38:50,2026-05-21T14:46:00,2026-10-08T14:54:37,Relator(a),Estudo para manifestação do relator,,
CCJ,589941,2026-10-02,,PL 592/2021,1636,Ver. DR. MILTON FERREIRA (PODE),SGP22,2025-02-21T13:28:00,2025-03-25T13:57:00,2025-04-16T18:16:08,Relator(a),Estudo para manifestação do relator,,
URB,590033,2026-10-02,,PL 595/2021,2273,Ver. DR. MURILLO LIMA (PP),SGP22,2025-02-21T13:30:00,2025-03-18T18:36:00,2026-10-02T14:21:54,Secretaria (SGP12),Aguardando Informações do Executivo,,
FIN,590730,2026-10-02,,PL 605/2021,2246,Ver. MAJOR PALUMBO (PP),SAUDE,2026-04-23T11:39:18,2026-04-23T16:39:00,2026-06-25T15:41:32,Relator(a),Estudo para manifestação do relator,,
CCJ,590905,2026-10-02,,PL 609/2021,2254,Ver. LUNA ZARATTINI (PT),SGP22,2025-02-21T13:37:00,2025-03-25T13:57:00,2026-03-16T16:06:54,Relator(a),Estudo para manifestação do relator,,
CCJ,591065,2026-10-02,,PL 612/2021,2254,Ver. LUNA ZARATTINI (PT),SGP22,2025-05-08T16:48:00,2025-05-09T11:25:00,2026-03-16T16:06:58,Relator(a),Estudo para manifestação do relator,,
CCJ,591066,2026-10-02,,PL 613/2021,2254,Ver. LUNA ZARATTINI (PT),SGP22,2025-05-08T16:48:00,2025-05-09T11:25:00,2026-03-16T15:56:00,Relator(a),Estudo para manifestação do relator,,
CCJ,591149,2026-10-02,,PL 617/2021,1636,Ver. DR. MILTON FERREIRA (PODE),SGP22,2025-02-21T13:39:00,2025-03-25T13:57:00,2025-04-07T15:26:32,Relator(a),Estudo para manifestação do relator,,
CCJ,591170,2026-10-02,,PL 618/2021,2206,Ver. SILVIA DA BANCADA FEMINISTA (PSOL),SGP22,2025-02-10T15:11:00,2025-03-25T13:57:00,2025-04-01T13:01:06,Relator(a),Estudo para manifestação do relator,,
CCJ,591171,2026-10-02,,PL 619/2021,2206,Ver. SILVIA DA BANCADA FEMINISTA (PSOL),SGP22,2025-02-25T13:01:00,2025-03-25T13:57:00,2025-04-01T14:02:50,Relator(a),Estudo para manifestação do relator,,
EDUC,591213,2026-10-02,2026-10-06,PR 48/2021,1989,Ver. GEORGE HATO (MDB),CCJ,2025-06-06T18:29:27,2025-06-09T14:17:00,2026-06-17T16:34:19,Secretaria (SGP12),Adiado,,
EDUC,591213,2026-10-07,,PR 48/2021,1989,Ver. GEORGE HATO (MDB),CCJ,2025-06-06T18:29:27,2025-06-09T14:17:00,2026-10-07T18:56:16,Secretaria (SGP12),Adiado,,
CCJ,591420,2026-10-02,,PL 628/2021,,,PROC-CMSP,2021-10-04T22:59:00,2021-10-05T11:34:00,2024-03-25T15:21:00,Presidente da Comissão,Redesignar Relator,Redesignação devido à mudança de composição da Comissão.,
CCJ,591771,2026-10-02,,PL 632/2021,2254,Ver. LUNA ZARATTINI (PT),SGP22,2025-02-21T13:51:00,2025-03-25T13:57:00,2026-03-16T15:56:10,Relator(a),Estudo para manifestação do relator,,
FIN,591772,2026-10-02,2026-10-04,PL 633/2021,2219,Ver. MARCELO MESSIAS (MDB),SAUDE,2025-10-13T11:15:41,2025-10-13T14:56:00,2026-09-24T17:34:19,Secretaria (SGP12),Em Condição de Pauta,,
FIN,591772,2026-10-05,,PL 633/2021,2219,Ver. MARCELO MESSIAS (MDB),SAUDE,2025-10-13T11:15:41,2025-10-13T14:56:00,2026-10-05T19:11:00,Secretaria (SGP12),Em Condição de Pauta,,
SAUDE,591774,2026-10-02,,PL 634/2021,176,Ver. ROBERTO TRÍPOLI (PV),ADM,2026-05-07T15:43:45,2026-05-08T14:09:00,2026-08-06T12:16:54,Relator(a),Estudo para manifestação do relator,,
CCJ,591844,2026-10-02,,PL 635/2021,2218,Ver. THAMMY MIRANDA (PSD),SGP22,2025-02-21T13:59:00,2025-03-25T13:57:00,2025-09-01T16:52:18,Secretaria (SGP12),Em Condição de Pauta,,
CCJ,592180,2026-10-02,,PL 636/2021,2277,Ver. JANAINA PASCHOAL (PP),SGP22,2025-02-21T14:02:00,2025-03-25T13:57:00,2025-09-29T14:56:11,Secretaria (SGP12),Adiado,,
CCJ,592899,2026-10-02,,PL 655/2021,2276,Ver. SILVÃO LEITE (UNIÃO),SGP22,2025-03-18T13:07:00,2025-03-25T13:57:00,2025-04-16T18:33:04,Relator(a),Estudo para manifestação do relator,,
FIN,593396,2026-10-02,,PL 661/2021,2219,Ver. MARCELO MESSIAS (MDB),SGP22,2025-02-21T14:03:00,2025-03-17T19:46:00,2026-09-23T15:51:28,Relator(a),Assinar Relatório,,
FIN,593511,2026-10-02,,PL 662/2021,2278,Ver. KEIT LIMA (PSOL),SAUDE,2025-08-14T15:53:28,2025-08-15T11:34:00,2026-03-19T14:43:42,Relator(a),Estudo para manifestação do relator,,
CCJ,594502,2026-10-02,,PL 681/2021,2254,Ver. LUNA ZARATTINI (PT),SGP22,2025-02-21T14:08:00,2025-03-25T13:57:00,2026-03-16T15:56:48,Relator(a),Estudo para manifestação do relator,,
CCJ,595227,2026-10-02,,PL 692/2021,1636,Ver. DR. MILTON FERREIRA (PODE),SGP22,2025-02-24T15:32:00,2025-03-25T13:57:00,2025-05-27T18:17:25,Relator(a),Estudo para manifestação do relator,,
CCJ,595398,2026-10-02,,PL 694/2021,1636,Ver. DR. MILTON FERREIRA (PODE),SGP22,2025-02-24T15:33:00,2025-03-25T13:57:00,2026-03-11T16:45:16,Relator(a),Estudo para manifestação do relator,,
CCJ,595431,2026-10-02,,PL 696/2021,2206,Ver. SILVIA DA BANCADA FEMINISTA (PSOL),SGP22,2025-02-24T15:50:00,2025-03-25T13:57:00,2025-04-15T16:09:21,Relator(a),Estudo para manifestação do relator,,
CCJ,595885,2026-10-02,,PL 701/2021,2254,Ver. LUNA ZARATTINI (PT),SGP22,2025-02-24T15:51:00,2025-03-25T13:57:00,2026-03-16T15:51:40,Relator(a),Estudo para manifestação do relator,,
FIN,595890,2026-10-02,,PL 702/2021,2146,Ver. GILBERTO NASCIMENTO (PL),EDUC,2025-12-18T11:31:17,2025-12-19T13:17:00,2026-08-20T16:42:46,Relator(a),Estudo para manifestação do relator,,
CCJ,596373,2026-10-02,,REC 26/2021,2000,Ver. ALESSANDRO GUEDES (PT),SGP22,2021-10-20T15:25:00,2021-10-21T22:35:00,2022-07-27T00:10:43,Relator(a),Estudo para manifestação do relator,,
CCJ,596561,2026-10-02,,PL 717/2021,,,PROC-CMSP,2021-11-05T07:33:00,2021-11-08T18:36:00,2022-03-02T14:39:51,Presidente da Comissão,Redesignar Relator,,
CCJ,597020,2026-10-02,,PL 723/2021,2282,Ver. LUCAS PAVANATO (PL),SGP22,2025-02-24T15:54:00,2025-03-25T13:57:00,2025-06-12T17:24:27,Relator(a),Assinar Relatório,,
URB,597254,2026-10-02,,PL 726/2021,,,SGP22,2025-02-24T15:57:00,2025-03-18T18:36:00,2026-03-09T14:37:41,Presidente da Comissão,Redesignar Relator,,
CCJ,597436,2026-10-02,,PL 728/2021,2282,Ver. LUCAS PAVANATO (PL),SGP22,2025-02-27T13:40:00,2025-03-25T13:57:00,2025-05-27T16:38:56,Relator(a),Assinar Pedido de Informação ao(à) Autor(a),,
CCJ,597644,2026-10-02,,PL 732/2021,2276,Ver. SILVÃO LEITE (UNIÃO),SGP22,2025-02-25T13:01:00,2025-03-25T13:57:00,2025-05-27T18:17:24,Relator(a),Estudo para manifestação do relator,,
CCJ,597656,2026-10-02,,PL 733/2021,,,PROC-CMSP,2025-10-24T12:23:00,2025-10-28T13:54:00,2026-09-21T19:25:47,Presidente da Comissão,Designar Relator,,
CCJ,597946,2026-10-02,,PL 739/2021,2206,Ver. SILVIA DA BANCADA FEMINISTA (PSOL),SGP21,2026-08-19T18:41:00,2026-08-20T10:39:00,2026-09-10T21:36:21,Relator(a),Estudo para manifestação do relator,,
CCJ,598512,2026-10-02,,PL 753/2021,2276,Ver. SILVÃO LEITE (UNIÃO),SGP22,2025-02-24T16:08:00,2025-03-25T13:57:00,2025-05-05T18:33:43,Relator(a),Estudo para manifestação do relator,,
CCJ,598557,2026-10-02,,PR 52/2021,2276,Ver. SILVÃO LEITE (UNIÃO),SGP22,2025-02-11T18:47:00,2025-03-25T13:57:00,2025-05-27T18:17:21,Relator(a),Estudo para manifestação do relator,,
CCJ,598559,2026-10-02,,PL 754/2021,2217,Ver. SANSÃO PEREIRA (REPUBLICANOS),SGP22,2025-02-24T16:10:00,2025-03-25T13:57:00,2025-09-29T14:13:01,Secretaria (SGP12),Adiado,,
CCJ,598563,2026-10-02,,PL 755/2021,2282,Ver. LUCAS PAVANATO (PL),SGP22,2025-02-24T16:12:00,2025-03-25T13:57:00,2025-09-29T12:29:08,Secretaria (SGP12),Adiado,,
SAUDE,598615,2026-10-02,2026-10-05,PL 758/2021,2267,Ver. AMANDA PASCHOAL (PSOL),SGP22,2025-02-24T16:15:00,2025-03-13T17:22:00,2026-08-06T12:07:11,Relator(a),Estudo para manifestação do relator,,
SAUDE,598615,2026-10-06,,PL 758/2021,2267,Ver. AMANDA PASCHOAL (PSOL),SGP22,2025-02-24T16:15:00,2025-03-13T17:22:00,2026-10-06T18:20:02,Consultoria (SGP.52),Elaborar Minuta de Relatório,,
CCJ,598902,2026-10-02,,PL 765/2021,2276,Ver. SILVÃO LEITE (UNIÃO),SGP22,2025-03-20T13:51:00,2025-03-25T13:57:00,2025-04-15T16:09:23,Relator(a),Estudo para manifestação do relator,,
CCJ,598903,2026-10-02,,PL 766/2021,2218,Ver. THAMMY MIRANDA (PSD),SGP22,2025-03-20T13:51:00,2025-03-25T13:57:00,2025-05-22T16:11:49,Secretaria (SGP12),Adiado,,
CCJ,598904,2026-10-02,,PL 767/2021,1636,Ver. DR. MILTON FERREIRA (PODE),SGP22,2025-03-20T13:51:00,2025-03-25T13:57:00,2025-04-09T17:25:57,Relator(a),Estudo para manifestação do relator,,
CCJ,598905,2026-10-02,,PL 768/2021,1636,Ver. DR. MILTON FERREIRA (PODE),SGP22,2025-03-20T13:51:00,2025-03-25T13:57:00,2025-04-09T17:25:34,Relator(a),Estudo para manifestação do relator,,
CCJ,598910,2026-10-02,,PL 772/2021,2218,Ver. THAMMY MIRANDA (PSD),SGP22,2025-03-20T14:23:00,2025-03-25T13:57:00,2025-12-16T14:34:06,Secretaria (SGP12),Em Condição de Pauta,,
FIN,599381,2026-10-02,,PL 780/2021,2278,Ver. KEIT LIMA (PSOL),SAUDE,2025-08-25T11:41:51,2025-08-25T18:57:00,2026-03-19T14:39:33,Relator(a),Estudo para manifestação do relator,,
CCJ,600356,2026-10-02,,PL 810/2021,2276,Ver. SILVÃO LEITE (UNIÃO),SGP22,2025-02-24T16:29:00,2025-03-25T13:57:00,2025-04-11T14:20:21,Relator(a),Estudo para manifestação do relator,,
CCJ,601267,2026-10-02,,PL 821/2021,2277,Ver. JANAINA PASCHOAL (PP),SGP22,2025-02-24T16:31:00,2025-03-25T13:57:00,2025-09-29T14:35:46,Secretaria (SGP12),Adiado,,
URB,601269,2026-10-02,,PL 822/2021,2144,Ver. FABIO RIVA (MDB),SGP22,2025-02-24T16:49:00,2025-03-18T18:36:00,2026-03-11T15:31:56,Relator(a),Estudo para manifestação do relator,,
CCJ,601482,2026-10-02,,PL 827/2021,2276,Ver. SILVÃO LEITE (UNIÃO),SGP22,2025-03-20T14:23:00,2025-03-25T13:57:00,2025-08-13T09:34:28,Secretaria (SGP12),Em Condição de Pauta,,
FIN,601803,2026-10-02,,PL 832/2021,2278,Ver. KEIT LIMA (PSOL),SAUDE,2025-08-14T15:53:29,2025-08-15T11:34:00,2026-04-08T17:43:42,Relator(a),Estudo para manifestação do relator,,
CCJ,602060,2026-10-02,,PL 836/2021,2277,Ver. JANAINA PASCHOAL (PP),SGP22,2025-02-24T16:52:00,2025-03-25T13:57:00,2025-05-22T16:25:35,Secretaria (SGP12),Adiado,,
CCJ,602202,2026-10-02,,PL 841/2021,2282,Ver. LUCAS PAVANATO (PL),SGP22,2025-02-24T16:56:00,2025-03-25T13:57:00,2025-08-18T14:33:51,Secretaria (SGP12),Em Condição de Pauta,,
ECON,602976,2026-10-02,,PL 854/2021,2228,Ver. RENATA FALZONI (PSB),URB,2025-05-27T19:18:40,2025-06-03T14:50:00,2026-09-17T17:12:39,Secretaria (SGP12),Em Condição de Pauta,,
CCJ,603469,2026-10-02,,PL 860/2021,2276,Ver. SILVÃO LEITE (UNIÃO),SGP22,2025-02-24T17:02:00,2025-03-25T13:57:00,2025-04-29T12:10:54,Relator(a),Estudo para manifestação do relator,,
CCJ,603599,2026-10-02,,PLO 10/2021,2218,Ver. THAMMY MIRANDA (PSD),SGP22,2025-05-06T17:36:00,2025-05-07T11:28:00,2025-09-15T16:41:15,Secretaria (SGP12),Em Condição de Pauta,,
CCJ,603798,2026-10-02,,PL 865/2021,2217,Ver. SANSÃO PEREIRA (REPUBLICANOS),SGP22,2025-02-24T17:03:00,2025-03-25T13:57:00,2026-03-30T19:04:51,Secretaria (SGP12),Em Condição de Pauta,,
CCJ,604020,2026-10-02,,PL 867/2021,,,PROC-CMSP,2022-02-18T11:11:00,2022-02-22T15:49:00,2024-03-25T15:21:06,Presidente da Comissão,Redesignar Relator,Redesignação devido à mudança de composição da Comissão.,
URB,604224,2026-10-02,,PL 870/2021,,,SGP22,2025-02-24T17:08:00,2025-03-18T18:36:00,2026-03-09T15:07:10,Presidente da Comissão,Redesignar Relator,,
CCJ,604459,2026-10-02,,PL 874/2021,1636,Ver. DR. MILTON FERREIRA (PODE),SGP22,2025-02-24T17:11:00,2025-03-25T13:57:00,2025-06-13T11:10:43,Relator(a),Estudo para manifestação do relator,,
CCJ,605103,2026-10-02,,PDL 3/2022,2277,Ver. JANAINA PASCHOAL (PP),SGP22,2025-02-10T18:48:00,2025-03-25T11:59:00,2025-05-22T16:20:56,Secretaria (SGP12),Adiado,,
URB,605104,2026-10-02,,PL 4/2022,2269,Ver. MARINA BRAGANTE (PSB),SGP22,2025-02-21T13:45:00,2025-03-18T18:36:00,2026-08-04T20:21:39,Relator(a),Estudo para manifestação do relator,,
CCJ,605687,2026-10-02,,PL 12/2022,2217,Ver. SANSÃO PEREIRA (REPUBLICANOS),SGP22,2025-02-21T14:10:00,2025-03-25T11:59:00,2025-09-29T13:18:22,Secretaria (SGP12),Adiado,,
ECON,605772,2026-10-02,,PL 20/2022,2228,Ver. RENATA FALZONI (PSB),ADM,2026-04-17T16:50:55,2026-04-24T11:05:00,2026-09-17T18:47:03,Relator(a),Estudo para manifestação do relator,,
CCJ,605773,2026-10-02,,PL 21/2022,1636,Ver. DR. MILTON FERREIRA (PODE),SGP22,2025-02-21T14:10:00,2025-03-25T11:59:00,2025-06-05T17:12:59,Relator(a),Estudo para manifestação do relator,,
CCJ,606047,2026-10-02,,PL 29/2022,2206,Ver. SILVIA DA BANCADA FEMINISTA (PSOL),SGP22,2025-02-21T14:10:00,2025-03-25T11:59:00,2025-04-14T17:46:47,Relator(a),Estudo para manifestação do relator,,
FIN,606724,2026-10-02,,PL 37/2022,2271,Ver. ANA CAROLINA OLIVEIRA (PODE),SAUDE,2025-10-13T11:15:42,2025-10-13T14:56:00,2026-09-29T10:59:33,Secretaria (SGP12),Em Condição de Pauta,,
FIN,606877,2026-10-02,,PL 41/2022,2271,Ver. ANA CAROLINA OLIVEIRA (PODE),SAUDE,2026-03-31T14:19:48,2026-04-07T18:47:00,2026-06-25T19:15:48,Consultoria,Elaborar relatório,,
EDUC,607012,2026-10-02,,RDP 1/2022,,,SGP22,2022-02-11T14:18:00,,,,,,
CCJ,607267,2026-10-02,,PL 50/2022,2276,Ver. SILVÃO LEITE (UNIÃO),SGP22,2025-02-21T13:47:00,2025-03-25T11:59:00,2025-04-16T18:13:03,Relator(a),Estudo para manifestação do relator,,
CCJ,607429,2026-10-02,,PL 58/2022,2218,Ver. THAMMY MIRANDA (PSD),SGP22,2025-02-24T16:12:00,2025-03-25T11:59:00,2025-05-22T16:42:43,Secretaria (SGP12),Adiado,,
CCJ,607446,2026-10-02,,PL 60/2022,2217,Ver. SANSÃO PEREIRA (REPUBLICANOS),SGP22,2025-03-20T14:23:00,2025-03-25T11:59:00,2025-08-27T20:56:07,Secretaria (SGP12),Em Condição de Pauta,,
CCJ,607496,2026-10-02,,PL 62/2022,1636,Ver. DR. MILTON FERREIRA (PODE),SGP22,2025-02-21T13:47:00,2025-03-25T11:59:00,2025-05-19T17:47:00,Relator(a),Estudo para manifestação do relator,,
CCJ,607497,2026-10-02,,PL 63/2022,2277,Ver. JANAINA PASCHOAL (PP),SGP22,2025-02-21T13:47:00,2025-03-25T11:59:00,2025-05-22T16:33:45,Secretaria (SGP12),Adiado,,
CCJ,607500,2026-10-02,,PL 65/2022,2254,Ver. LUNA ZARATTINI (PT),SGP22,2025-02-21T13:47:00,2025-03-25T11:59:00,2026-03-11T13:05:47,Relator(a),Estudo para manifestação do relator,,
ECON,607608,2026-10-02,,RDP 4/2022,,,SGP22,2022-02-16T18:33:00,,,,,,
ADM,607610,2026-10-02,,RDP 5/2022,,,SGP22,2022-02-16T18:33:00,2022-02-18T17:59:00,,,,,
CCJ,607616,2026-10-02,,PL 70/2022,1636,Ver. DR. MILTON FERREIRA (PODE),SGP22,2025-02-24T16:12:00,2025-03-25T11:59:00,2025-04-11T14:11:10,Relator(a),Estudo para manifestação do relator,,
CCJ,607618,2026-10-02,,PL 71/2022,2206,Ver. SILVIA DA BANCADA FEMINISTA (PSOL),SGP22,2025-02-21T13:47:00,2025-03-25T11:59:00,2025-06-05T17:13:00,Relator(a),Estudo para manifestação do relator,,
CCJ,607671,2026-10-02,,PL 75/2022,2282,Ver. LUCAS PAVANATO (PL),SGP22,2025-02-21T14:10:00,2025-03-25T11:59:00,2025-10-14T17:02:47,Relator(a),Estudo para manifestação do relator,,
CCJ,608181,2026-10-02,,PL 82/2022,1636,Ver. DR. MILTON FERREIRA (PODE),SGP22,2025-02-21T14:26:00,2025-03-25T11:59:00,2025-05-22T17:28:26,Relator(a),Estudo para manifestação do relator,,
FIN,608205,2026-10-02,2026-10-04,PL 84/2022,2271,Ver. ANA CAROLINA OLIVEIRA (PODE),ECON,2025-10-07T15:12:54,2025-10-15T14:53:00,2026-10-01T12:26:37,Secretaria (SGP12),Em Condição de Pauta,,
FIN,608205,2026-10-05,,PL 84/2022,2271,Ver. ANA CAROLINA OLIVEIRA (PODE),ECON,2025-10-07T15:12:54,2025-10-15T14:53:00,2026-10-05T19:11:57,Secretaria (SGP12),Em Condição de Pauta,,
EDUC,608699,2026-10-02,,PL 98/2022,776,Ver. ELISEU GABRIEL (PSB),ADM,2025-10-10T13:23:06,2025-10-13T17:29:00,2026-09-23T18:44:39,Relator(a),Estudo para manifestação do relator,,
URB,608703,2026-10-02,,PL 99/2022,2144,Ver. FABIO RIVA (MDB),SGP22,2025-02-21T14:27:00,2025-03-18T18:36:00,2026-06-24T13:29:42,Relator(a),Estudo para manifestação do relator,,
CCJ,608705,2026-10-02,,PL 101/2022,2254,Ver. LUNA ZARATTINI (PT),SGP22,2025-02-21T14:29:00,2025-03-25T11:59:00,2026-03-11T13:02:29,Relator(a),Estudo para manifestação do relator,,
CCJ,609042,2026-10-02,,PL 107/2022,2206,Ver. SILVIA DA BANCADA FEMINISTA (PSOL),SGP22,2025-02-24T16:12:00,2025-03-25T11:59:00,2025-05-05T12:25:18,Relator(a),Estudo para manifestação do relator,,
ECON,609043,2026-10-02,,PL 108/2022,2159,Ver. RUTE COSTA (PL),SGP22,2025-02-24T16:47:00,2025-03-14T11:56:00,2026-09-03T14:35:46,Relator(a),Estudo para manifestação do relator,,
CCJ,609626,2026-10-02,,PL 122/2022,2254,Ver. LUNA ZARATTINI (PT),SGP22,2025-02-24T14:56:00,2025-03-25T11:59:00,2026-03-11T13:02:41,Relator(a),Estudo para manifestação do relator,,
CCJ,609739,2026-10-02,,PL 126/2022,2254,Ver. LUNA ZARATTINI (PT),SGP22,2025-02-24T16:12:00,2025-03-25T11:59:00,2026-03-11T13:02:50,Relator(a),Estudo para manifestação do relator,,
CCJ,610003,2026-10-02,,PL 127/2022,2217,Ver. SANSÃO PEREIRA (REPUBLICANOS),SGP22,2025-02-24T14:56:00,2025-03-25T11:59:00,2025-05-22T16:12:57,Secretaria (SGP12),Adiado,,
CCJ,610004,2026-10-02,,PL 128/2022,2277,Ver. JANAINA PASCHOAL (PP),SGP22,2025-02-24T14:56:00,2025-03-25T11:59:00,2025-09-29T14:36:47,Secretaria (SGP12),Adiado,,
CCJ,610005,2026-10-02,,PL 129/2022,2276,Ver. SILVÃO LEITE (UNIÃO),SGP22,2025-02-24T14:56:00,2025-03-25T11:59:00,2025-04-30T10:33:08,Relator(a),Estudo para manifestação do relator,,
CCJ,610058,2026-10-02,,PL 130/2022,1636,Ver. DR. MILTON FERREIRA (PODE),SGP22,2025-02-24T14:58:00,2025-03-25T11:59:00,2025-08-07T19:53:40,Secretaria (SGP12),Em Condição de Pauta,,
CCJ,610583,2026-10-02,,PL 135/2022,2217,Ver. SANSÃO PEREIRA (REPUBLICANOS),SGP22,2025-02-24T14:58:00,2025-03-25T11:59:00,2026-04-29T17:04:24,Secretaria (SGP12),Adiado,,
CCJ,610586,2026-10-02,,PL 137/2022,2277,Ver. JANAINA PASCHOAL (PP),SGP22,2025-02-24T14:58:00,2025-03-25T11:59:00,2025-09-29T14:37:38,Secretaria (SGP12),Adiado,,
FIN,611110,2026-10-02,,PL 151/2022,2219,Ver. MARCELO MESSIAS (MDB),SGP22,2025-02-24T15:33:00,2025-03-17T19:36:00,2026-09-24T15:49:16,Secretaria (SGP12),Em Condição de Pauta,,
CCJ,611346,2026-10-02,,PL 155/2022,1636,Ver. DR. MILTON FERREIRA (PODE),SGP22,2025-02-24T14:58:00,2025-03-25T11:59:00,2025-04-28T18:04:43,Relator(a),Estudo para manifestação do relator,,
FIN,611380,2026-10-02,2026-10-07,PL 156/2022,2279,Ver. SILVINHO LEITE (UNIÃO),SGP22,2025-02-10T17:02:00,2025-03-17T19:14:00,2026-07-23T13:44:58,Consultoria,Para análise,,
FIN,611380,2026-10-08,,PL 156/2022,2279,Ver. SILVINHO LEITE (UNIÃO),SGP22,2025-02-10T17:02:00,2025-03-17T19:14:00,2026-10-08T15:04:13,Relator(a),Estudo para manifestação do relator,,
CCJ,611490,2026-10-02,,PL 160/2022,2282,Ver. LUCAS PAVANATO (PL),ADM,2026-05-07T18:02:00,2026-05-07T19:09:00,2026-07-13T13:43:51,Secretaria (SGP12),,,
CCJ,612343,2026-10-02,,PL 173/2022,2276,Ver. SILVÃO LEITE (UNIÃO),SGP22,2025-02-24T18:31:00,2025-03-25T11:59:00,2025-06-16T18:57:01,Relator(a),Estudo para manifestação do relator,,
ECON,612649,2026-10-02,2026-10-05,PL 179/2022,2249,Ver. NUNES PEIXEIRO (MDB),CCJ,2025-06-23T15:26:14,2025-06-24T11:10:00,2026-09-03T14:35:46,Relator(a),Estudo para manifestação do relator,,
ECON,612649,2026-10-06,2026-10-06,PL 179/2022,2249,Ver. NUNES PEIXEIRO (MDB),CCJ,2025-06-23T15:26:14,2025-06-24T11:10:00,2026-10-06T17:30:59,Consultoria (SGP.53),Elaborar Minuta de Relatório,,
ECON,612649,2026-10-07,,PL 179/2022,2249,Ver. NUNES PEIXEIRO (MDB),CCJ,2025-06-23T15:26:14,2025-06-24T11:10:00,2026-10-07T11:02:20,Relator(a),Assinar Relatório,,
CCJ,612723,2026-10-02,,PL 180/2022,2282,Ver. LUCAS PAVANATO (PL),SGP22,2025-02-24T14:58:00,2025-03-25T11:59:00,2025-08-15T17:50:03,Relator(a),Assinar Relatório,,
CCJ,612957,2026-10-02,,PL 187/2022,2277,Ver. JANAINA PASCHOAL (PP),SGP22,2025-02-24T15:34:00,2025-03-25T11:59:00,2025-09-29T14:38:28,Secretaria (SGP12),Adiado,,
CCJ,613057,2026-10-02,,PL 190/2022,2276,Ver. SILVÃO LEITE (UNIÃO),SGP22,2025-02-24T15:34:00,2025-03-25T11:59:00,2025-04-29T13:24:02,Relator(a),Estudo para manifestação do relator,,
CCJ,613065,2026-10-02,,PL 192/2022,2276,Ver. SILVÃO LEITE (UNIÃO),SGP22,2025-02-24T15:34:00,2025-03-25T11:59:00,2025-06-05T17:12:51,Relator(a),Estudo para manifestação do relator,,
CCJ,613066,2026-10-02,,PL 193/2022,2277,Ver. JANAINA PASCHOAL (PP),SGP22,2025-02-24T15:34:00,2025-03-25T11:59:00,2025-10-02T14:49:16,Secretaria (SGP12),Em Condição de Pauta,,
CCJ,613761,2026-10-02,,PL 208/2022,2282,Ver. LUCAS PAVANATO (PL),SGP22,2025-02-24T15:34:00,2025-03-25T11:59:00,2025-05-05T15:27:38,Relator(a),Estudo para manifestação do relator,,
CCJ,613780,2026-10-02,,PL 209/2022,2254,Ver. LUNA ZARATTINI (PT),SGP22,2025-02-24T15:34:00,2025-03-25T11:59:00,2026-03-11T13:03:03,Relator(a),Estudo para manifestação do relator,,
FIN,613787,2026-10-02,,PL 211/2022,2278,Ver. KEIT LIMA (PSOL),SGP22,2025-02-24T16:12:00,2025-03-17T19:14:00,2026-03-12T16:03:06,Relator(a),Assinar Relatório,,
CCJ,613883,2026-10-02,,PL 213/2022,2282,Ver. LUCAS PAVANATO (PL),SGP22,2025-02-24T18:31:00,2025-03-25T11:59:00,2025-08-15T15:23:51,Secretaria (SGP12),Em Condição de Pauta,,
CCJ,613894,2026-10-02,,PL 216/2022,2217,Ver. SANSÃO PEREIRA (REPUBLICANOS),SGP22,2025-02-24T18:53:00,2025-03-25T11:59:00,2026-06-09T14:40:10,Secretaria (SGP12),Em Condição de Pauta,,
CCJ,613937,2026-10-02,,PL 217/2022,2277,Ver. JANAINA PASCHOAL (PP),SGP22,2025-02-24T15:34:00,2025-03-25T11:59:00,2025-05-22T16:34:26,Secretaria (SGP12),Adiado,,
ADM,614246,2026-10-02,,PL 223/2022,2275,Ver. GABRIEL ABREU (PODE),SGP22,2025-02-24T16:12:00,2025-03-14T19:39:00,2026-08-12T15:26:42,Consultoria,Com informações do Executivo,,
CCJ,614315,2026-10-02,,PL 224/2022,1636,Ver. DR. MILTON FERREIRA (PODE),SGP22,2025-02-24T15:34:00,2025-03-25T11:59:00,2026-09-15T14:39:53,Relator(a),Estudo para manifestação do relator,,
FIN,614385,2026-10-02,,PL 228/2022,2146,Ver. GILBERTO NASCIMENTO (PL),SAUDE,2026-08-25T14:38:33,2026-08-26T16:47:00,2026-09-02T11:48:04,Consultoria (CTEO.1),Para análise,,
URB,614405,2026-10-02,,PL 238/2022,2273,Ver. DR. MURILLO LIMA (PP),SGP22,2025-02-24T16:47:00,2025-03-18T18:36:00,2026-08-13T14:24:10,Relator(a),Estudo para manifestação do relator,,
CCJ,614793,2026-10-02,,PL 241/2022,2217,Ver. SANSÃO PEREIRA (REPUBLICANOS),SGP22,2025-02-12T16:29:00,2025-03-25T11:59:00,2025-08-27T22:06:34,Secretaria (SGP12),Em Condição de Pauta,,
CCJ,614933,2026-10-02,,PL 245/2022,2218,Ver. THAMMY MIRANDA (PSD),SGP22,2025-08-05T10:34:00,2025-08-05T12:42:00,2026-04-27T17:54:25,Secretaria (SGP12),Em Condição de Pauta,,
SAUDE,614938,2026-10-02,,PL 246/2022,2281,Ver. SIMONE GANEM (PODE),ADM,2026-08-14T16:58:14,2026-08-17T22:25:00,2026-08-21T15:30:18,Relator(a),Estudo para manifestação do relator,,
CCJ,614941,2026-10-02,,PL 247/2022,2276,Ver. SILVÃO LEITE (UNIÃO),SGP22,2025-02-24T16:12:00,2025-03-25T11:59:00,2025-05-05T12:27:13,Relator(a),Estudo para manifestação do relator,,
SAUDE,614984,2026-10-02,,PL 248/2022,2281,Ver. SIMONE GANEM (PODE),ADM,2025-08-29T11:47:09,2025-09-01T12:58:00,2025-09-04T16:26:29,Relator(a),Estudo para manifestação do relator,,
EDUC,615266,2026-10-02,,PL 256/2022,,,ADM,2025-12-01T11:32:22,2025-12-02T12:15:00,2025-12-02T12:15:00,Presidente da Comissão,Designar Relator,,
FIN,615937,2026-10-02,,PL 264/2022,2278,Ver. KEIT LIMA (PSOL),SAUDE,2025-11-07T11:01:41,2025-11-10T11:44:00,2026-04-16T15:24:41,Relator(a),Estudo para manifestação do relator,,
CCJ,616408,2026-10-02,,PL 278/2022,2217,Ver. SANSÃO PEREIRA (REPUBLICANOS),SGP22,2025-02-10T16:40:00,2025-03-25T11:59:00,2025-05-22T16:13:45,Secretaria (SGP12),Adiado,,
CCJ,616478,2026-10-02,,PL 282/2022,2282,Ver. LUCAS PAVANATO (PL),SGP22,2025-02-24T16:12:00,2025-03-25T11:59:00,2025-08-15T15:22:02,Secretaria (SGP12),Em Condição de Pauta,,
CCJ,616595,2026-10-02,,PL 283/2022,2276,Ver. SILVÃO LEITE (UNIÃO),SGP22,2025-03-20T17:01:00,2025-03-25T11:59:00,2025-06-09T18:42:14,Relator(a),Estudo para manifestação do relator,,
CCJ,616983,2026-10-02,,PL 291/2022,2282,Ver. LUCAS PAVANATO (PL),SGP22,2025-02-24T17:14:00,2025-03-25T11:59:00,2025-08-18T13:22:06,Relator(a),Assinar Relatório,,
CCJ,617105,2026-10-02,,PL 294/2022,2282,Ver. LUCAS PAVANATO (PL),SGP22,2025-02-10T16:40:00,2025-03-25T11:59:00,2025-09-23T12:14:29,Secretaria (SGP12),Em Condição de Pauta,,
EDUC,617449,2026-10-02,,PL 299/2022,2222,Ver. CRIS MONTEIRO (NOVO),SGP22,2025-02-12T17:01:00,2025-03-13T16:47:00,2025-08-07T17:25:31,Relator(a),Estudo para manifestação do relator,,
CCJ,617468,2026-10-02,,PL 304/2022,2276,Ver. SILVÃO LEITE (UNIÃO),SGP22,2025-02-10T16:40:00,2025-03-25T11:59:00,2025-08-14T15:56:46,Relator(a),Estudo para manifestação do relator,,
ADM,617615,2026-10-02,,PL 307/2022,2268,Ver. AMANDA VETTORAZZO (UNIÃO),URB,2026-04-17T11:52:07,2026-04-23T15:15:00,2026-05-06T16:45:54,Relator(a),Estudo para manifestação do relator,,
CCJ,617760,2026-10-02,,PL 311/2022,2218,Ver. THAMMY MIRANDA (PSD),SGP22,2025-02-24T17:14:00,2025-03-25T11:59:00,2025-09-15T16:48:16,Secretaria (SGP12),Em Condição de Pauta,,
CCJ,618205,2026-10-02,,PL 315/2022,2217,Ver. SANSÃO PEREIRA (REPUBLICANOS),SGP22,2025-02-10T16:40:00,2025-03-25T11:59:00,2025-08-27T21:26:20,Secretaria (SGP12),Em Condição de Pauta,,
URB,618418,2026-10-02,,PL 323/2022,2147,Ver. ISAC FÉLIX (PL),SGP22,2025-02-12T17:10:00,2025-03-18T18:36:00,2026-08-03T16:42:42,Relator(a),Estudo para manifestação do relator,,
FIN,619111,2026-10-02,,PL 333/2022,2278,Ver. KEIT LIMA (PSOL),SAUDE,2025-08-07T17:47:46,2025-08-08T10:44:00,2026-03-19T14:34:33,Relator(a),Estudo para manifestação do relator,,
CCJ,619426,2026-10-02,,PL 338/2022,2206,Ver. SILVIA DA BANCADA FEMINISTA (PSOL),SGP22,2025-02-10T16:40:00,2025-03-25T11:59:00,2025-05-05T15:30:48,Relator(a),Estudo para manifestação do relator,,
CCJ,620406,2026-10-02,,PL 346/2022,2276,Ver. SILVÃO LEITE (UNIÃO),SGP21,2025-12-09T14:26:00,2025-12-10T11:13:00,2026-03-12T15:31:45,Relator(a),Estudo para manifestação do relator,,
CCJ,620538,2026-10-02,,PL 348/2022,2276,Ver. SILVÃO LEITE (UNIÃO),SGP22,2025-02-12T15:33:00,2025-03-25T11:59:00,2025-05-19T17:46:52,Relator(a),Estudo para manifestação do relator,,
CCJ,620607,2026-10-02,,PL 350/2022,2277,Ver. JANAINA PASCHOAL (PP),SGP22,2025-02-24T17:14:00,2025-03-25T11:59:00,2026-03-13T12:32:20,Secretaria (SGP12),Em Condição de Pauta,,
ADM,620608,2026-10-02,,PL 351/2022,2283,Ver. ZOE MARTÍNEZ (PL),CCJ,2026-06-22T13:42:05,2026-07-08T17:03:00,2026-08-14T13:06:55,Relator(a),Estudo para manifestação do relator,,
CCJ,621286,2026-10-02,,PL 363/2022,2217,Ver. SANSÃO PEREIRA (REPUBLICANOS),SGP22,2025-02-12T15:37:00,2025-03-25T11:59:00,2025-08-27T22:14:46,Secretaria (SGP12),Em Condição de Pauta,,
CCJ,621541,2026-10-02,,PL 367/2022,2206,Ver. SILVIA DA BANCADA FEMINISTA (PSOL),SGP22,2025-02-24T17:14:00,2025-03-25T11:59:00,2026-07-01T12:36:06,Secretaria (SGP12),Aguardando Informações do(a) Autor(a),,
FIN,621847,2026-10-02,,PL 369/2022,2271,Ver. ANA CAROLINA OLIVEIRA (PODE),SAUDE,2025-08-07T17:47:47,2025-08-08T10:44:00,2026-03-19T14:28:37,Relator(a),Estudo para manifestação do relator,,
CCJ,622129,2026-10-02,,PL 373/2022,1636,Ver. DR. MILTON FERREIRA (PODE),SGP22,2025-02-10T16:40:00,2025-03-25T11:59:00,2025-06-09T16:22:07,Relator(a),Estudo para manifestação do relator,,
EDUC,622231,2026-10-02,,PL 378/2022,2222,Ver. CRIS MONTEIRO (NOVO),ADM,2025-10-10T13:16:05,2025-10-13T17:29:00,2026-09-11T13:40:27,Relator(a),Estudo para manifestação do relator,,
CCJ,622232,2026-10-02,,PL 379/2022,2282,Ver. LUCAS PAVANATO (PL),SGP22,2025-02-24T17:14:00,2025-03-25T11:59:00,2025-09-29T14:41:21,Secretaria (SGP12),Adiado,,
CCJ,622805,2026-10-02,,PL 390/2022,1636,Ver. DR. MILTON FERREIRA (PODE),SGP22,2025-02-12T15:40:00,2025-03-25T11:59:00,2025-04-28T14:39:31,Relator(a),Estudo para manifestação do relator,,
CCJ,623495,2026-10-02,,PL 397/2022,2277,Ver. JANAINA PASCHOAL (PP),SGP22,2025-02-24T17:14:00,2025-03-25T11:59:00,2026-03-16T13:28:30,Secretaria (SGP12),Em Condição de Pauta,,
CCJ,624044,2026-10-02,,PL 402/2022,2276,Ver. SILVÃO LEITE (UNIÃO),SGP22,2025-03-20T17:01:00,2025-03-25T11:59:00,2025-08-13T09:29:33,Secretaria (SGP12),Em Condição de Pauta,,
CCJ,624293,2026-10-02,,PL 406/2022,2217,Ver. SANSÃO PEREIRA (REPUBLICANOS),SGP22,2025-02-12T15:46:00,2025-03-25T11:59:00,2025-09-29T14:14:06,Secretaria (SGP12),Adiado,,
EDUC,624466,2026-10-02,2026-10-06,PL 412/2022,776,Ver. ELISEU GABRIEL (PSB),CCJ,2026-04-10T15:44:31,2026-04-13T12:38:00,2026-09-25T10:44:16,Secretaria (SGP12),Em Condição de Pauta,,
EDUC,624466,2026-10-07,,PL 412/2022,776,Ver. ELISEU GABRIEL (PSB),CCJ,2026-04-10T15:44:31,2026-04-13T12:38:00,2026-10-07T19:00:17,Secretaria (SGP12),Adiado,,
CCJ,624721,2026-10-02,,PL 415/2022,2254,Ver. LUNA ZARATTINI (PT),SGP22,2025-02-24T18:57:00,2025-03-25T11:59:00,2026-03-12T15:31:30,Relator(a),Estudo para manifestação do relator,,
CCJ,624723,2026-10-02,,PL 416/2022,2206,Ver. SILVIA DA BANCADA FEMINISTA (PSOL),SGP22,2025-02-24T18:59:00,2025-03-25T11:59:00,2025-12-10T18:20:05,Secretaria (SGP12),Adiado,,
FIN,624742,2026-10-02,2026-10-04,PL 418/2022,2219,Ver. MARCELO MESSIAS (MDB),SAUDE,2025-12-11T11:08:18,2025-12-15T14:24:00,2026-09-24T17:59:09,Secretaria (SGP12),Em Condição de Pauta,,
FIN,624742,2026-10-05,,PL 418/2022,2219,Ver. MARCELO MESSIAS (MDB),SAUDE,2025-12-11T11:08:18,2025-12-15T14:24:00,2026-10-05T19:12:06,Secretaria (SGP12),Em Condição de Pauta,,
CCJ,624765,2026-10-02,,PL 419/2022,2218,Ver. THAMMY MIRANDA (PSD),SGP22,2025-02-12T15:49:00,2025-03-25T11:59:00,2025-09-15T16:49:36,Secretaria (SGP12),Em Condição de Pauta,,
CCJ,624867,2026-10-02,,PL 420/2022,2277,Ver. JANAINA PASCHOAL (PP),SGP22,2025-05-08T18:23:00,2025-05-09T11:25:00,2026-03-16T13:32:43,Secretaria (SGP12),Em Condição de Pauta,,
CCJ,624898,2026-10-02,,PL 422/2022,2282,Ver. LUCAS PAVANATO (PL),SGP22,2025-02-12T15:54:00,2025-03-25T11:59:00,2026-04-27T15:35:24,Secretaria (SGP12),Em Condição de Pauta,,
CCJ,624953,2026-10-02,,PDL 66/2022,2282,Ver. LUCAS PAVANATO (PL),SGP22,2025-02-10T18:28:00,2025-03-25T11:59:00,2025-08-18T14:28:22,Secretaria (SGP12),Em Condição de Pauta,,
CCJ,625866,2026-10-02,,PL 439/2022,2254,Ver. LUNA ZARATTINI (PT),SGP22,2025-02-12T15:55:00,2025-03-25T11:59:00,2026-03-12T15:31:21,Relator(a),Estudo para manifestação do relator,,
CCJ,625867,2026-10-02,,PL 440/2022,2206,Ver. SILVIA DA BANCADA FEMINISTA (PSOL),SGP22,2025-02-12T16:02:00,2025-03-25T11:59:00,2025-04-14T17:33:52,Relator(a),Estudo para manifestação do relator,,
CCJ,626484,2026-10-02,,PL 448/2022,2282,Ver. LUCAS PAVANATO (PL),SGP22,2025-02-20T16:29:00,2025-03-25T11:59:00,2025-04-14T14:21:20,Relator(a),Estudo para manifestação do relator,,
CCJ,626515,2026-10-02,2026-10-07,PL 450/2022,2282,Ver. LUCAS PAVANATO (PL),SGP22,2025-02-20T16:25:00,2025-03-25T11:59:00,2026-05-22T15:59:51,Relator(a),Estudo para manifestação do relator,,
CCJ,626515,2026-10-08,,PL 450/2022,2282,Ver. LUCAS PAVANATO (PL),SGP22,2025-02-20T16:25:00,2025-03-25T11:59:00,2026-10-08T14:59:20,Procuradoria,Para análise e envio ao(à) relator(a),,
FIN,626523,2026-10-02,,PL 453/2022,2278,Ver. KEIT LIMA (PSOL),SGP22,2025-02-12T16:07:00,2025-03-17T17:58:00,2026-06-25T17:29:33,Consultoria,Elaborar relatório,,
CCJ,626619,2026-10-02,,PDL 72/2022,2218,Ver. THAMMY MIRANDA (PSD),SGP22,2025-02-10T18:20:00,2025-03-25T11:59:00,2025-09-29T14:29:54,Secretaria (SGP12),Adiado,,
CCJ,626833,2026-10-02,,PL 457/2022,2206,Ver. SILVIA DA BANCADA FEMINISTA (PSOL),SGP22,2025-03-06T16:46:00,2025-03-25T11:59:00,2025-04-10T18:26:58,Relator(a),Estudo para manifestação do relator,,
ECON,626834,2026-10-02,,PL 458/2022,2228,Ver. RENATA FALZONI (PSB),URB,2025-06-26T13:11:46,2025-06-27T10:34:00,2025-07-21T14:35:56,Relator(a),Estudo para manifestação do relator,,
ECON,626835,2026-10-02,,PL 459/2022,2228,Ver. RENATA FALZONI (PSB),URB,2025-06-26T13:14:17,2025-06-27T10:30:00,2025-07-21T14:35:56,Relator(a),Estudo para manifestação do relator,,
ADM,626899,2026-10-02,,PL 463/2022,1999,Ver. PROFESSOR TONINHO VESPOLI (PSOL),SGP22,2025-05-08T18:23:00,2025-05-09T10:56:00,2026-09-24T18:00:48,Autor(a),A Pedido,ENCAMINHADO EM 24/9/26 (COM PEDIDO DE INFORMAÇÕES AO AUTOR),
CCJ,627007,2026-10-02,,PL 465/2022,2277,Ver. JANAINA PASCHOAL (PP),SGP22,2025-02-12T16:09:00,2025-03-25T11:59:00,2025-09-29T14:39:22,Secretaria (SGP12),Adiado,,
CCJ,627088,2026-10-02,,PL 468/2022,2276,Ver. SILVÃO LEITE (UNIÃO),SGP22,2025-02-20T16:21:00,2025-03-25T11:59:00,2026-03-12T15:31:12,Relator(a),Estudo para manifestação do relator,,
URB,627089,2026-10-02,,PL 469/2022,,,CCJ,2026-08-13T18:05:31,2026-08-19T18:24:00,2026-08-19T18:24:00,Presidente da Comissão,Designar Relator,,
ECON,627253,2026-10-02,,PL 474/2022,696,Ver. CARLOS BEZERRA JR. (PSD),SGP22,2025-02-12T16:19:00,2025-03-14T11:54:00,2025-03-20T12:43:19,Relator(a),Estudo para manifestação do relator,,
EDUC,627256,2026-10-02,,PL 475/2022,,,CCJ,2026-07-02T16:06:55,,,,,,05/11/2025 04:26 - Presidente da Comissão / Assinar Certidão de Votação
CCJ,627312,2026-10-02,,PL 477/2022,2277,Ver. JANAINA PASCHOAL (PP),SGP22,2025-03-06T17:03:00,2025-03-25T11:06:00,2026-03-16T13:57:55,Secretaria (SGP12),Em Condição de Pauta,,
EDUC,627364,2026-10-02,,PL 479/2022,2185,Ver. CELSO GIANNAZI (PSOL),SGP22,2025-02-12T12:47:00,2025-03-13T16:47:00,2025-04-15T14:15:10,Secretaria (SGP12),Em Condição de Pauta,Observação Removida,
CCJ,627648,2026-10-02,,PL 484/2022,1636,Ver. DR. MILTON FERREIRA (PODE),SGP22,2025-02-20T16:07:00,2025-03-25T11:06:00,2025-08-20T12:15:04,Relator(a),Estudo para manifestação do relator,,
CCJ,627820,2026-10-02,,PL 485/2022,2217,Ver. SANSÃO PEREIRA (REPUBLICANOS),SGP22,2025-02-20T16:06:00,2025-03-25T11:06:00,2026-04-28T16:11:40,Secretaria (SGP12),Em Condição de Pauta,,
CCJ,627821,2026-10-02,,PL 486/2022,2218,Ver. THAMMY MIRANDA (PSD),SGP22,2025-02-20T15:59:00,2025-03-25T11:06:00,2025-09-26T13:48:01,Relator(a),Estudo para manifestação do relator,,
CCJ,628164,2026-10-02,,PL 493/2022,2282,Ver. LUCAS PAVANATO (PL),SGP22,2025-02-20T15:48:00,2025-03-25T11:06:00,2025-04-30T11:17:45,Relator(a),Assinar Pedido de Informação ao Executivo,,
CCJ,628247,2026-10-02,,PL 495/2022,2276,Ver. SILVÃO LEITE (UNIÃO),SGP22,2025-02-12T12:46:00,2025-03-25T11:06:00,2025-09-29T16:13:39,Relator(a),Estudo para manifestação do relator,,
CCJ,628358,2026-10-02,,PL 499/2022,2206,Ver. SILVIA DA BANCADA FEMINISTA (PSOL),SGP22,2025-10-22T14:52:00,2025-10-23T10:00:00,2025-10-28T15:30:06,Relator(a),Estudo para manifestação do relator,,
FIN,628713,2026-10-02,,PL 502/2022,2271,Ver. ANA CAROLINA OLIVEIRA (PODE),SAUDE,2025-08-07T17:47:48,2025-08-08T10:44:00,2026-06-25T15:33:07,Relator(a),Estudo para manifestação do relator,,
CCJ,628716,2026-10-02,,PL 503/2022,2282,Ver. LUCAS PAVANATO (PL),SGP22,2025-02-12T12:46:00,2025-03-25T11:06:00,2025-04-30T11:26:40,Relator(a),Assinar Pedido de Informação ao(à) Autor(a),,
CCJ,629342,2026-10-02,,PL 511/2022,2217,Ver. SANSÃO PEREIRA (REPUBLICANOS),SGP22,2025-02-12T12:46:00,2025-03-25T11:06:00,2025-09-29T14:15:45,Secretaria (SGP12),Adiado,,
FIN,629889,2026-10-02,,PL 517/2022,2150,Ver. ANDRÉ SANTOS (REPUBLICANOS),SAUDE,2025-05-12T13:15:20,2025-05-13T13:39:00,2026-09-30T15:33:37,Secretaria (SGP12),Aguardando Elaboração do Ofício SGP-12,,
EDUC,630536,2026-10-02,,PL 526/2022,776,Ver. ELISEU GABRIEL (PSB),URB,2026-04-17T11:54:20,2026-04-23T09:34:00,2026-10-01T16:39:13,Relator(a),Estudo para manifestação do relator,,
CCJ,630585,2026-10-02,,PL 528/2022,2254,Ver. LUNA ZARATTINI (PT),SGP22,2025-02-20T15:06:00,2025-03-25T11:06:00,2026-03-16T16:06:11,Relator(a),Estudo para manifestação do relator,,
URB,630631,2026-10-02,2026-10-06,PL 531/2022,2273,Ver. DR. MURILLO LIMA (PP),CCJ,2025-12-02T11:48:40,2025-12-03T12:24:00,2026-09-30T16:54:31,Consultoria (SGP.51),Para análise,Resposta Executivo DOCREC 1202/2026.,
URB,630631,2026-10-07,,PL 531/2022,2273,Ver. DR. MURILLO LIMA (PP),CCJ,2025-12-02T11:48:40,2025-12-03T12:24:00,2026-10-07T14:15:48,Relator(a),Estudo para manifestação do relator,,
FIN,630741,2026-10-02,,PL 534/2022,2000,Ver. ALESSANDRO GUEDES (PT),SAUDE,2026-04-23T11:39:16,2026-04-23T16:39:00,2026-08-20T16:55:37,Relator(a),Estudo para manifestação do relator,,
CCJ,631047,2026-10-02,,PL 537/2022,2218,Ver. THAMMY MIRANDA (PSD),SGP22,2025-12-01T14:12:00,2025-12-02T11:10:00,2026-03-16T17:46:00,Secretaria (SGP12),Em Condição de Pauta,,
CCJ,631318,2026-10-02,,PDL 83/2022,2217,Ver. SANSÃO PEREIRA (REPUBLICANOS),SGP22,2025-02-18T14:45:00,2025-03-25T11:59:00,2025-05-16T14:31:15,Relator(a),Estudo para manifestação do relator,,
CCJ,631396,2026-10-02,,PL 541/2022,2218,Ver. THAMMY MIRANDA (PSD),SGP22,2025-02-20T14:13:00,2025-03-25T11:06:00,2025-11-13T14:58:08,Secretaria (SGP12),Em Condição de Pauta,,
CCJ,631421,2026-10-02,,PL 542/2022,2277,Ver. JANAINA PASCHOAL (PP),SGP22,2025-12-01T14:12:00,2025-12-02T11:10:00,2025-12-18T14:15:48,Secretaria (SGP12),Em Condição de Pauta,,
FIN,631425,2026-10-02,2026-10-07,PL 545/2022,2279,Ver. SILVINHO LEITE (UNIÃO),ADM,2025-05-07T17:27:54,2025-05-08T09:53:00,2026-05-20T21:23:31,Consultoria,Para análise,,
FIN,631425,2026-10-08,,PL 545/2022,2279,Ver. SILVINHO LEITE (UNIÃO),ADM,2025-05-07T17:27:54,2025-05-08T09:53:00,2026-10-08T14:50:29,Relator(a),Estudo para manifestação do relator,,
CCJ,631727,2026-10-02,,PL 548/2022,2254,Ver. LUNA ZARATTINI (PT),SGP22,2025-02-20T14:08:00,2025-03-25T11:06:00,2026-03-16T16:06:23,Relator(a),Estudo para manifestação do relator,,
CCJ,631770,2026-10-02,,PL 549/2022,1636,Ver. DR. MILTON FERREIRA (PODE),SGP22,2025-02-20T14:06:00,2025-03-25T11:06:00,2025-04-08T16:50:30,Relator(a),Estudo para manifestação do relator,,
FIN,632297,2026-10-02,,PL 558/2022,2271,Ver. ANA CAROLINA OLIVEIRA (PODE),SGP22,2025-02-12T12:47:00,2025-03-17T17:43:00,2026-06-15T17:59:40,Consultoria,Elaborar relatório,,
CCJ,632406,2026-10-02,,PL 560/2022,1636,Ver. DR. MILTON FERREIRA (PODE),SGP22,2025-02-20T13:51:00,2025-03-25T11:06:00,2026-05-13T18:32:51,Secretaria (SGP12),Em Condição de Pauta,,
CCJ,632610,2026-10-02,,PL 563/2022,2254,Ver. LUNA ZARATTINI (PT),SGP22,2025-03-20T14:42:00,2025-03-25T11:06:00,2026-03-16T16:06:27,Relator(a),Estudo para manifestação do relator,,
CCJ,633362,2026-10-02,,PL 574/2022,2282,Ver. LUCAS PAVANATO (PL),SGP22,2025-02-25T13:01:00,2025-03-25T11:06:00,2025-04-29T16:04:36,Relator(a),Estudo para manifestação do relator,,
CCJ,634111,2026-10-02,,PL 586/2022,2276,Ver. SILVÃO LEITE (UNIÃO),SGP22,2025-02-12T12:46:00,2025-03-25T11:06:00,2025-09-26T13:48:02,Relator(a),Estudo para manifestação do relator,,
FIN,634128,2026-10-02,,PL 588/2022,2279,Ver. SILVINHO LEITE (UNIÃO),SGP22,2025-03-27T18:19:00,2025-03-28T08:50:00,2026-08-10T14:49:53,Consultoria,Para análise,,
CCJ,634395,2026-10-02,,PL 593/2022,2282,Ver. LUCAS PAVANATO (PL),SGP22,2025-02-20T12:41:00,2025-03-25T11:06:00,2025-09-29T14:16:48,Secretaria (SGP12),Adiado,,
CCJ,634396,2026-10-02,,PL 594/2022,2277,Ver. JANAINA PASCHOAL (PP),SGP22,2025-02-18T19:00:00,2025-03-25T11:06:00,2025-09-29T14:17:40,Secretaria (SGP12),Adiado,,
CCJ,634397,2026-10-02,,PL 595/2022,2276,Ver. SILVÃO LEITE (UNIÃO),SGP22,2025-02-18T18:48:00,2025-03-25T11:06:00,2025-09-29T16:13:34,Relator(a),Estudo para manifestação do relator,,
CCJ,634399,2026-10-02,,PL 597/2022,1636,Ver. DR. MILTON FERREIRA (PODE),SGP22,2025-02-18T18:39:00,2025-03-25T11:06:00,2025-08-19T15:38:06,Relator(a),Estudo para manifestação do relator,,
CCJ,634575,2026-10-02,,PL 600/2022,2277,Ver. JANAINA PASCHOAL (PP),SGP22,2025-02-18T18:05:00,2025-03-25T11:06:00,2025-09-29T12:31:32,Secretaria (SGP12),Adiado,,
CCJ,634707,2026-10-02,,PL 602/2022,2282,Ver. LUCAS PAVANATO (PL),SGP22,2025-02-18T15:55:00,2025-03-25T11:06:00,2025-06-06T15:57:52,Relator(a),Estudo para manifestação do relator,,
CCJ,634746,2026-10-02,,PDL 92/2022,2217,Ver. SANSÃO PEREIRA (REPUBLICANOS),SGP22,2025-02-10T17:37:00,2025-03-25T11:59:00,2025-09-29T14:30:47,Secretaria (SGP12),Adiado,,
CCJ,634917,2026-10-02,,PL 605/2022,2217,Ver. SANSÃO PEREIRA (REPUBLICANOS),SGP22,2025-02-20T12:38:00,2025-03-25T11:06:00,2025-05-30T16:33:16,Relator(a),Estudo para manifestação do relator,,
CCJ,635264,2026-10-02,,PL 609/2022,1636,Ver. DR. MILTON FERREIRA (PODE),SGP22,2025-03-20T17:01:00,2025-03-25T11:06:00,2025-04-07T15:53:27,Relator(a),Estudo para manifestação do relator,,
CCJ,635693,2026-10-02,,PL 615/2022,1636,Ver. DR. MILTON FERREIRA (PODE),SGP22,2025-03-20T17:01:00,2025-03-25T11:06:00,2025-06-09T18:42:24,Relator(a),Estudo para manifestação do relator,,
CCJ,636325,2026-10-02,,PL 620/2022,2217,Ver. SANSÃO PEREIRA (REPUBLICANOS),SGP22,2025-03-20T17:01:00,2025-03-25T11:06:00,2025-05-22T15:01:44,Secretaria (SGP12),Adiado,,
FIN,636366,2026-10-02,,PL 621/2022,2279,Ver. SILVINHO LEITE (UNIÃO),ADM,2025-10-03T16:01:18,2025-10-06T11:28:00,2026-07-01T13:40:07,Consultoria (CTEO.1),Elaborar Minuta de Relatório,,
URB,636492,2026-10-02,,PL 624/2022,2144,Ver. FABIO RIVA (MDB),SGP22,2025-02-18T15:38:00,2025-03-18T18:36:00,2026-03-13T11:58:14,Relator(a),Estudo para manifestação do relator,,
CCJ,636515,2026-10-02,,PL 628/2022,2206,Ver. SILVIA DA BANCADA FEMINISTA (PSOL),SGP22,2025-03-20T14:42:00,2025-03-25T11:06:00,2025-06-11T16:25:26,Relator(a),Estudo para manifestação do relator,,
CCJ,636625,2026-10-02,,PL 631/2022,2206,Ver. SILVIA DA BANCADA FEMINISTA (PSOL),SGP22,2025-02-18T18:19:00,2025-03-25T11:06:00,2025-05-08T17:54:28,Relator(a),Estudo para manifestação do relator,,
ECON,637161,2026-10-02,,PL 646/2022,2205,Ver. LUANA ALVES (PSOL),ADM,2025-08-29T11:45:04,2025-08-29T16:01:00,2026-08-20T18:56:51,Relator(a),Estudo para manifestação do relator,,
CCJ,637517,2026-10-02,,PL 653/2022,2282,Ver. LUCAS PAVANATO (PL),SGP22,2025-02-18T15:33:00,2025-03-25T11:06:00,2025-09-29T14:18:51,Secretaria (SGP12),Adiado,,
ECON,637554,2026-10-02,,PL 655/2022,696,Ver. CARLOS BEZERRA JR. (PSD),ADM,2025-11-07T14:16:23,2025-11-10T17:23:00,2026-03-13T11:17:28,Relator(a),Estudo para manifestação do relator,,
CCJ,637624,2026-10-02,,PL 657/2022,1636,Ver. DR. MILTON FERREIRA (PODE),SGP22,2025-02-18T15:17:00,2025-03-25T11:06:00,2025-04-10T14:13:51,Relator(a),Estudo para manifestação do relator,,
CCJ,637803,2026-10-02,,PL 659/2022,2206,Ver. SILVIA DA BANCADA FEMINISTA (PSOL),SGP22,2025-03-06T17:17:00,2025-03-25T11:06:00,2025-04-10T14:13:53,Relator(a),Estudo para manifestação do relator,,
CCJ,637805,2026-10-02,,PL 660/2022,2254,Ver. LUNA ZARATTINI (PT),SGP22,2025-03-06T17:32:00,2025-03-25T11:06:00,2026-03-16T15:56:24,Relator(a),Estudo para manifestação do relator,,
CCJ,637870,2026-10-02,,PL 661/2022,2277,Ver. JANAINA PASCHOAL (PP),SGP22,2025-03-20T17:06:00,2025-03-25T11:06:00,2026-06-30T16:01:21,Secretaria (SGP12),Aguardando Informações do(a) Autor(a),,
CCJ,637871,2026-10-02,,PL 662/2022,2277,Ver. JANAINA PASCHOAL (PP),SGP22,2025-03-20T17:06:00,2025-03-25T11:06:00,2026-06-30T16:01:22,Secretaria (SGP12),Aguardando Informações do(a) Autor(a),,
CCJ,637872,2026-10-02,,PL 663/2022,2276,Ver. SILVÃO LEITE (UNIÃO),SGP22,2025-03-20T17:06:00,2025-03-25T11:06:00,2025-06-17T12:40:16,Secretaria (SGP12),Aguardando Informações do(a) Autor(a),,
CCJ,637873,2026-10-02,,PL 664/2022,2276,Ver. SILVÃO LEITE (UNIÃO),SGP22,2025-03-20T17:06:00,2025-03-25T11:06:00,2025-06-17T12:40:17,Secretaria (SGP12),Aguardando Informações do(a) Autor(a),,
CCJ,637875,2026-10-02,,PL 665/2022,2254,Ver. LUNA ZARATTINI (PT),SGP22,2025-03-20T17:06:00,2025-03-25T11:06:00,2026-09-30T16:05:53,Secretaria (SGP12),Aguardando Informações do(a) Autor(a),,
CCJ,637876,2026-10-02,,PL 666/2022,2277,Ver. JANAINA PASCHOAL (PP),SGP22,2025-03-20T17:06:00,2025-03-25T11:06:00,2025-06-17T12:40:19,Secretaria (SGP12),Aguardando Informações do(a) Autor(a),,
CCJ,637877,2026-10-02,,PL 667/2022,2217,Ver. SANSÃO PEREIRA (REPUBLICANOS),SGP22,2025-03-20T17:06:00,2025-03-25T11:06:00,2025-06-17T12:40:19,Secretaria (SGP12),Aguardando Informações do(a) Autor(a),,
CCJ,637878,2026-10-02,,PL 668/2022,2282,Ver. LUCAS PAVANATO (PL),SGP22,2025-03-20T17:06:00,2025-03-25T11:06:00,2025-09-29T12:33:29,Secretaria (SGP12),Adiado,,
SAUDE,637953,2026-10-02,,PL 671/2022,2281,Ver. SIMONE GANEM (PODE),EDUC,2026-04-02T10:00:20,2026-04-06T12:18:00,2026-09-30T13:17:21,Relator(a),Assinar Relatório,,
CCJ,638140,2026-10-02,,PL 674/2022,2277,Ver. JANAINA PASCHOAL (PP),SGP22,2025-02-12T12:46:00,2025-03-25T11:06:00,2025-05-22T16:14:30,Secretaria (SGP12),Adiado,,
EDUC,638264,2026-10-02,,PL 675/2022,,,ADM,2025-09-26T14:03:55,2025-09-29T11:01:00,2026-07-02T10:36:42,Presidente da Comissão,Designar Relator,,
CCJ,638290,2026-10-02,,PL 676/2022,1636,Ver. DR. MILTON FERREIRA (PODE),SGP22,2025-05-22T18:10:00,2025-05-22T21:36:00,2025-07-04T16:02:51,Relator(a),Estudo para manifestação do relator,,
CCJ,638442,2026-10-02,,PL 680/2022,2282,Ver. LUCAS PAVANATO (PL),SGP22,2025-02-18T15:15:00,2025-03-25T11:06:00,2025-04-16T11:47:50,Relator(a),Estudo para manifestação do relator,,
CCJ,638861,2026-10-02,,PL 685/2022,2276,Ver. SILVÃO LEITE (UNIÃO),SGP22,2025-02-18T18:16:00,2025-03-25T11:06:00,2025-06-09T18:42:24,Relator(a),Estudo para manifestação do relator,,
CCJ,638968,2026-10-02,,PL 686/2022,2277,Ver. JANAINA PASCHOAL (PP),SGP22,2025-02-12T12:32:00,2025-03-25T11:06:00,2025-09-29T14:19:40,Secretaria (SGP12),Adiado,,
FIN,638982,2026-10-02,,PL 687/2022,267,Ver. PAULO FRANGE (MDB),SAUDE,2024-03-27T10:55:05,2024-04-01T10:43:00,2025-08-12T12:14:08,Presidente da Comissão,Designar Relator,,
CCJ,639356,2026-10-02,,PL 689/2022,2282,Ver. LUCAS PAVANATO (PL),SGP22,2025-03-20T14:42:00,2025-03-25T11:06:00,2025-04-09T16:34:04,Relator(a),Assinar Relatório,,
FIN,639730,2026-10-02,,PL 693/2022,2219,Ver. MARCELO MESSIAS (MDB),SGP22,2025-02-18T15:13:00,2025-03-17T17:41:00,2026-09-24T17:18:49,Secretaria (SGP12),Em Condição de Pauta,,
CCJ,639747,2026-10-02,,PL 694/2022,1636,Ver. DR. MILTON FERREIRA (PODE),SGP22,2025-02-12T12:32:00,2025-03-25T11:06:00,2025-04-30T10:33:15,Relator(a),Estudo para manifestação do relator,,
CCJ,639791,2026-10-02,,PL 695/2022,2282,Ver. LUCAS PAVANATO (PL),SGP22,2025-02-18T15:10:00,2025-03-25T11:06:00,2025-10-30T07:47:11,Relator(a),Assinar Relatório,,
CCJ,639808,2026-10-02,,PL 697/2022,2218,Ver. THAMMY MIRANDA (PSD),SGP22,2025-02-12T18:24:00,2025-03-25T11:06:00,2025-04-07T15:14:23,Relator(a),Estudo para manifestação do relator,,
CCJ,639839,2026-10-02,,PL 699/2022,1636,Ver. DR. MILTON FERREIRA (PODE),SGP22,2025-02-12T12:32:00,2025-03-25T11:06:00,2025-04-03T18:35:10,Relator(a),Estudo para manifestação do relator,,
CCJ,639904,2026-10-02,,PL 700/2022,2276,Ver. SILVÃO LEITE (UNIÃO),SGP22,2025-02-12T18:27:00,2025-03-25T11:06:00,2025-06-09T16:21:57,Relator(a),Estudo para manifestação do relator,,
CCJ,639955,2026-10-02,,PL 701/2022,2276,Ver. SILVÃO LEITE (UNIÃO),SGP22,2025-02-12T18:30:00,2025-03-25T11:06:00,2025-05-29T14:28:08,Relator(a),Estudo para manifestação do relator,,
CCJ,640226,2026-10-02,,PL 706/2022,2254,Ver. LUNA ZARATTINI (PT),SGP22,2025-02-12T18:34:00,2025-03-25T11:06:00,2026-03-16T15:51:47,Relator(a),Estudo para manifestação do relator,,
CCJ,640430,2026-10-02,,PL 711/2022,2206,Ver. SILVIA DA BANCADA FEMINISTA (PSOL),SGP22,2025-02-12T18:36:00,2025-03-25T11:06:00,2025-09-29T15:15:59,Secretaria (SGP12),Adiado,,
FIN,640622,2026-10-02,,PL 1/2023,2146,Ver. GILBERTO NASCIMENTO (PL),EDUC,2025-06-06T11:37:11,2025-06-10T09:58:00,2026-09-30T16:01:17,Relator(a),Estudo para manifestação do relator,,
CCJ,640656,2026-10-02,,PL 3/2023,2218,Ver. THAMMY MIRANDA (PSD),SGP22,2025-12-01T14:12:00,2025-12-02T11:10:00,2025-12-11T14:33:16,Secretaria (SGP12),Em Condição de Pauta,,
CCJ,641229,2026-10-02,,PL 13/2023,2282,Ver. LUCAS PAVANATO (PL),SGP22,2025-02-12T12:32:00,2025-03-17T21:21:00,2025-04-16T11:25:55,Relator(a),Estudo para manifestação do relator,,
ADM,641379,2026-10-02,,PL 16/2023,2275,Ver. GABRIEL ABREU (PODE),URB,2026-03-27T13:38:52,2026-03-31T13:26:00,2026-09-02T16:17:09,Secretaria (SGP12),Em Condição de Pauta,,
CCJ,641477,2026-10-02,,PL 20/2023,2276,Ver. SILVÃO LEITE (UNIÃO),SGP22,2025-02-20T14:12:00,2025-03-17T21:21:00,2025-08-28T17:11:15,Secretaria (SGP12),Em Condição de Pauta,,
CCJ,641486,2026-10-02,,PR 1/2023,2276,Ver. SILVÃO LEITE (UNIÃO),SGP22,2025-02-10T13:52:00,2025-03-17T21:21:00,2025-08-13T09:48:37,Secretaria (SGP12),Em Condição de Pauta,,
CCJ,641630,2026-10-02,,PL 26/2023,1636,Ver. DR. MILTON FERREIRA (PODE),SGP22,2025-02-20T14:12:00,2025-03-17T21:21:00,2025-10-30T19:16:35,Secretaria (SGP12),Em Condição de Pauta,,
CCJ,641635,2026-10-02,,PR 4/2023,2282,Ver. LUCAS PAVANATO (PL),SGP22,2025-02-13T16:51:00,2025-03-17T21:21:00,2025-04-08T19:00:00,Relator(a),Assinar Pedido de Informação ao(à) Autor(a),,
CCJ,641684,2026-10-02,,PL 33/2023,2276,Ver. SILVÃO LEITE (UNIÃO),SGP22,2025-02-20T14:12:00,2025-03-17T21:21:00,2025-04-16T11:18:17,Relator(a),Estudo para manifestação do relator,,
URB,642030,2026-10-02,,PL 36/2023,2269,Ver. MARINA BRAGANTE (PSB),SGP22,2025-05-08T18:24:00,2025-05-08T19:48:00,2026-04-07T15:38:50,Relator(a),Estudo para manifestação do relator,,
URB,642326,2026-10-02,,PL 39/2023,,,SGP22,2025-02-12T12:43:00,2025-03-18T18:16:00,2026-03-09T13:42:16,Presidente da Comissão,Redesignar Relator,,
FIN,642798,2026-10-02,2026-10-04,PL 41/2023,2271,Ver. ANA CAROLINA OLIVEIRA (PODE),SAUDE,2025-08-07T17:47:50,2025-08-08T10:37:00,2026-09-29T11:43:47,Secretaria (SGP12),Em Condição de Pauta,,
FIN,642798,2026-10-05,,PL 41/2023,2271,Ver. ANA CAROLINA OLIVEIRA (PODE),SAUDE,2025-08-07T17:47:50,2025-08-08T10:37:00,2026-10-05T19:13:06,Secretaria (SGP12),Em Condição de Pauta,,
FIN,642799,2026-10-02,,PL 42/2023,2279,Ver. SILVINHO LEITE (UNIÃO),SAUDE,2026-03-31T14:19:46,2026-04-07T18:47:00,2026-06-25T18:59:28,Consultoria,Elaborar relatório,,
SAUDE,642840,2026-10-02,,PL 43/2023,2256,Ver. HÉLIO RODRIGUES (PT),ADM,2026-04-17T16:42:06,2026-04-23T00:53:00,2026-07-03T17:33:13,Relator(a),Assinar Relatório,,
CCJ,642919,2026-10-02,,PL 45/2023,1636,Ver. DR. MILTON FERREIRA (PODE),SGP22,2025-05-08T18:23:00,2025-05-09T11:25:00,2025-05-22T17:28:26,Relator(a),Estudo para manifestação do relator,,
CCJ,643031,2026-10-02,,PL 48/2023,2218,Ver. THAMMY MIRANDA (PSD),SGP22,2025-02-12T12:32:00,2025-03-17T21:21:00,2025-05-22T16:15:11,Secretaria (SGP12),Adiado,,
FIN,643214,2026-10-02,,PL 57/2023,2146,Ver. GILBERTO NASCIMENTO (PL),URB,2026-04-17T12:02:16,2026-04-17T17:50:00,2026-04-29T17:58:27,Consultoria (CTEO.1),Para análise,,
FIN,643218,2026-10-02,,PLO 1/2023,2000,Ver. ALESSANDRO GUEDES (PT),SAUDE,2026-08-25T14:38:12,2026-08-26T16:47:00,2026-09-02T11:48:04,Consultoria (CTEO.1),Para análise,,
CCJ,643760,2026-10-02,,PL 63/2023,2282,Ver. LUCAS PAVANATO (PL),SGP22,2025-02-12T11:08:00,2025-03-17T21:21:00,2025-05-22T15:58:41,Secretaria (SGP12),Adiado,,
FIN,643960,2026-10-02,,PL 67/2023,2150,Ver. ANDRÉ SANTOS (REPUBLICANOS),SGP22,2025-02-20T15:07:00,2025-03-13T15:39:00,2026-06-11T15:01:57,Relator(a),Estudo para manifestação do relator,,
CCJ,643990,2026-10-02,,PL 68/2023,2282,Ver. LUCAS PAVANATO (PL),SGP22,2025-02-12T11:08:00,2025-03-17T21:21:00,2025-03-27T15:31:23,Relator(a),Estudo para manifestação do relator,,
FIN,644314,2026-10-02,,PL 73/2023,2278,Ver. KEIT LIMA (PSOL),ADM,2026-05-29T18:52:00,2026-06-02T11:06:00,2026-09-02T16:04:04,Relator(a),Estudo para manifestação do relator,,
CCJ,644695,2026-10-02,,PL 78/2023,1636,Ver. DR. MILTON FERREIRA (PODE),SGP22,2025-02-20T15:08:00,2025-03-17T21:21:00,2025-08-19T15:38:03,Relator(a),Estudo para manifestação do relator,,
CCJ,645347,2026-10-02,,PL 88/2023,2277,Ver. JANAINA PASCHOAL (PP),SGP22,2025-02-20T15:08:00,2025-03-17T21:21:00,2025-09-29T14:57:01,Secretaria (SGP12),Adiado,,
CCJ,645416,2026-10-02,,PL 89/2023,2206,Ver. SILVIA DA BANCADA FEMINISTA (PSOL),SGP22,2025-02-20T15:08:00,2025-03-17T21:21:00,2025-03-27T16:35:27,Relator(a),Estudo para manifestação do relator,,
CCJ,646450,2026-10-02,,PL 102/2023,2276,Ver. SILVÃO LEITE (UNIÃO),SGP22,2025-02-24T17:22:00,2025-03-17T21:21:00,2026-03-11T16:45:09,Relator(a),Estudo para manifestação do relator,,
CCJ,646577,2026-10-02,,PDL 11/2023,2276,Ver. SILVÃO LEITE (UNIÃO),SGP22,2025-02-07T18:00:00,2025-03-17T21:21:00,2025-04-16T18:15:57,Relator(a),Estudo para manifestação do relator,,
CCJ,646713,2026-10-02,,PL 109/2023,1636,Ver. DR. MILTON FERREIRA (PODE),SGP22,2025-02-07T17:18:00,2025-03-17T21:21:00,2025-03-31T16:17:21,Relator(a),Estudo para manifestação do relator,,
SAUDE,646929,2026-10-02,,PL 110/2023,2267,Ver. AMANDA PASCHOAL (PSOL),SGP22,2025-02-24T17:24:00,2025-03-13T17:16:00,2025-04-07T17:21:37,Relator(a),Assinar Relatório,,
URB,646952,2026-10-02,,PL 111/2023,2144,Ver. FABIO RIVA (MDB),SGP22,2025-02-24T18:19:00,2025-03-18T18:16:00,2026-07-08T13:04:34,Relator(a),Estudo para manifestação do relator,,
FIN,646956,2026-10-02,,PL 112/2023,2278,Ver. KEIT LIMA (PSOL),SAUDE,2026-05-14T23:38:49,2026-05-21T14:46:00,2026-09-02T16:06:38,Relator(a),Estudo para manifestação do relator,,
EDUC,646958,2026-10-02,2026-10-05,PL 113/2023,776,Ver. ELISEU GABRIEL (PSB),SGP22,2025-02-24T18:21:00,2025-03-13T16:39:00,2026-09-29T15:39:23,Relator(a),Assinar Pedido de Informação ao Executivo,,
EDUC,646958,2026-10-06,2026-10-07,PL 113/2023,776,Ver. ELISEU GABRIEL (PSB),SGP22,2025-02-24T18:21:00,2025-03-13T16:39:00,2026-10-06T18:31:35,Presidente da Comissão,Assinar Pedido de Informação ao Executivo,,
EDUC,646958,2026-10-08,,PL 113/2023,776,Ver. ELISEU GABRIEL (PSB),SGP22,2025-02-24T18:21:00,2025-03-13T16:39:00,2026-10-08T15:15:10,Secretaria (SGP12),Aguardando Elaboração do Ofício SGP-12,,
ECON,646959,2026-10-02,2026-10-06,PL 114/2023,2280,Ver. KENJI ITO (PODE),SGP22,2025-02-24T18:21:00,2025-03-14T11:50:00,2026-09-30T17:15:03,Consultoria (SGP.53),Elaborar Minuta de Relatório,,
ECON,646959,2026-10-07,,PL 114/2023,2280,Ver. KENJI ITO (PODE),SGP22,2025-02-24T18:21:00,2025-03-14T11:50:00,2026-10-07T16:11:21,Relator(a),Assinar Relatório,,
CCJ,647069,2026-10-02,,PL 120/2023,2206,Ver. SILVIA DA BANCADA FEMINISTA (PSOL),SGP21,2026-08-21T16:20:00,2026-08-31T01:21:00,2026-08-31T12:32:16,Procuradoria,Para análise e envio ao(à) relator(a),,
FIN,647528,2026-10-02,,PL 125/2023,2000,Ver. ALESSANDRO GUEDES (PT),ECON,2026-04-14T15:39:45,2026-04-15T15:35:00,2026-06-11T15:04:43,Relator(a),Estudo para manifestação do relator,,
CCJ,647633,2026-10-02,,PL 126/2023,2277,Ver. JANAINA PASCHOAL (PP),SGP22,2025-02-24T18:20:00,2025-03-17T21:21:00,2026-03-16T13:34:11,Secretaria (SGP12),Em Condição de Pauta,,
CCJ,647866,2026-10-02,,PR 11/2023,2217,Ver. SANSÃO PEREIRA (REPUBLICANOS),SGP22,2025-02-13T16:49:00,2025-03-17T21:21:00,2025-04-16T18:13:00,Relator(a),Estudo para manifestação do relator,,
FIN,648048,2026-10-02,2026-10-07,PL 130/2023,2000,Ver. ALESSANDRO GUEDES (PT),SAUDE,2026-08-25T14:38:32,2026-08-26T16:47:00,2026-09-02T11:48:04,Consultoria (CTEO.1),Para análise,,
FIN,648048,2026-10-08,,PL 130/2023,2000,Ver. ALESSANDRO GUEDES (PT),SAUDE,2026-08-25T14:38:32,2026-08-26T16:47:00,2026-10-08T15:13:28,Relator(a),Estudo para manifestação do relator,,
CCJ,648081,2026-10-02,,PL 134/2023,2206,Ver. SILVIA DA BANCADA FEMINISTA (PSOL),SGP22,2025-02-24T18:20:00,2025-03-17T21:21:00,2025-05-06T18:26:43,Relator(a),Estudo para manifestação do relator,,
EDUC,648222,2026-10-02,,PL 135/2023,2222,Ver. CRIS MONTEIRO (NOVO),ADM,2025-09-05T16:13:17,2025-09-08T12:19:00,2026-08-07T12:17:29,Relator(a),Estudo para manifestação do relator,,
CCJ,648356,2026-10-02,,PL 136/2023,2282,Ver. LUCAS PAVANATO (PL),SGP22,2025-02-24T18:23:00,2025-03-17T21:21:00,2025-04-10T18:01:42,Relator(a),Assinar Relatório,,
SAUDE,648385,2026-10-02,,PL 137/2023,2256,Ver. HÉLIO RODRIGUES (PT),ADM,2025-11-07T14:21:59,2025-11-10T12:05:00,2026-01-09T17:34:41,Relator(a),Assinar Relatório,,
CCJ,648589,2026-10-02,,PL 141/2023,1636,Ver. DR. MILTON FERREIRA (PODE),SGP22,2025-02-21T14:04:00,2025-03-17T21:21:00,2025-05-19T17:46:59,Relator(a),Estudo para manifestação do relator,,
CCJ,648680,2026-10-02,,PL 142/2023,1636,Ver. DR. MILTON FERREIRA (PODE),SGP22,2025-02-07T17:24:00,2025-03-17T21:21:00,2025-04-22T16:37:39,Relator(a),Estudo para manifestação do relator,,
FIN,648820,2026-10-02,,PL 144/2023,,,ADM,2026-04-17T15:39:52,2026-04-17T17:50:00,2026-04-17T17:50:00,Presidente da Comissão,Designar Relator,,
CCJ,649426,2026-10-02,,PL 153/2023,2217,Ver. SANSÃO PEREIRA (REPUBLICANOS),SGP22,2026-08-27T14:03:00,2026-08-31T01:21:00,2026-09-08T21:25:04,Relator(a),Estudo para manifestação do relator,,
FIN,649841,2026-10-02,,PL 156/2023,2000,Ver. ALESSANDRO GUEDES (PT),SGP22,2025-10-30T15:58:00,2025-11-03T10:32:00,2026-04-30T16:09:35,Relator(a),Estudo para manifestação do relator,,
SAUDE,649852,2026-10-02,,PL 157/2023,2281,Ver. SIMONE GANEM (PODE),ADM,2026-04-17T16:50:54,2026-04-23T00:53:00,2026-04-28T15:01:00,Relator(a),Estudo para manifestação do relator,,
EDUC,649958,2026-10-02,2026-10-05,PL 158/2023,776,Ver. ELISEU GABRIEL (PSB),ADM,2026-05-15T17:46:18,2026-05-21T14:35:00,2026-09-30T15:30:34,Relator(a),Assinar Pedido de Informação ao Executivo,,
EDUC,649958,2026-10-06,,PL 158/2023,776,Ver. ELISEU GABRIEL (PSB),ADM,2026-05-15T17:46:18,2026-05-21T14:35:00,2026-10-06T18:31:35,Presidente da Comissão,Assinar Pedido de Informação ao Executivo,,
CCJ,649966,2026-10-02,,PL 160/2023,2217,Ver. SANSÃO PEREIRA (REPUBLICANOS),SGP22,2025-02-21T13:50:00,2025-03-17T21:21:00,2025-09-29T15:22:32,Secretaria (SGP12),Adiado,,
CCJ,649968,2026-10-02,,PL 161/2023,2217,Ver. SANSÃO PEREIRA (REPUBLICANOS),SGP22,2025-03-20T17:06:00,2025-03-26T12:34:00,2025-09-29T12:42:48,Secretaria (SGP12),Adiado,,
URB,650345,2026-10-02,,PL 168/2023,,,SGP22,2025-02-21T13:47:00,2025-03-18T18:16:00,2026-03-09T14:37:36,Presidente da Comissão,Redesignar Relator,,
URB,650346,2026-10-02,,PL 169/2023,2269,Ver. MARINA BRAGANTE (PSB),SGP22,2025-02-07T17:26:00,2025-03-18T18:16:00,2026-06-24T13:10:35,Relator(a),Estudo para manifestação do relator,,
CCJ,650699,2026-10-02,,PL 173/2023,2282,Ver. LUCAS PAVANATO (PL),SGP22,2025-02-21T13:42:00,2025-03-17T21:21:00,2025-04-15T16:31:53,Relator(a),Estudo para manifestação do relator,,
CCJ,650999,2026-10-02,,PL 178/2023,1636,Ver. DR. MILTON FERREIRA (PODE),SGP22,2025-02-12T11:08:00,2025-03-17T21:21:00,2025-03-28T09:50:09,Relator(a),Estudo para manifestação do relator,,
CCJ,651025,2026-10-02,,PL 179/2023,2277,Ver. JANAINA PASCHOAL (PP),SGP22,2025-02-12T11:08:00,2025-03-17T21:21:00,2025-09-29T14:58:12,Secretaria (SGP12),Adiado,,
FIN,651433,2026-10-02,,PL 190/2023,2279,Ver. SILVINHO LEITE (UNIÃO),SGP22,2025-02-21T13:16:00,2025-03-13T15:30:00,2026-06-16T18:25:54,Consultoria,Para análise,,
CCJ,651687,2026-10-02,,PL 194/2023,2206,Ver. SILVIA DA BANCADA FEMINISTA (PSOL),SGP12,2024-07-01T01:07:00,2024-07-01T11:59:00,2025-03-17T14:40:40,Relator(a),Estudo para manifestação do relator,,
CCJ,651767,2026-10-02,,PL 195/2023,2282,Ver. LUCAS PAVANATO (PL),SGP22,2025-02-21T13:10:00,2025-03-17T21:21:00,2025-03-31T16:17:23,Relator(a),Estudo para manifestação do relator,,
CCJ,651770,2026-10-02,,PL 196/2023,2276,Ver. SILVÃO LEITE (UNIÃO),SGP22,2025-02-21T13:06:00,2025-03-17T21:21:00,2025-05-19T15:15:39,Secretaria (SGP12),Em Condição de Pauta,,
ADM,651785,2026-10-02,,PL 197/2023,,,SGP22,2025-02-21T13:00:00,2025-03-14T17:02:00,2026-05-15T10:00:00,Secretaria (SGP12),Aguardando Informações do Executivo,,
CCJ,651874,2026-10-02,,PL 199/2023,2217,Ver. SANSÃO PEREIRA (REPUBLICANOS),SGP22,2025-12-01T14:12:00,2025-12-02T11:10:00,2026-03-30T19:06:04,Secretaria (SGP12),Em Condição de Pauta,,
FIN,652102,2026-10-02,,PL 202/2023,2246,Ver. MAJOR PALUMBO (PP),EDUC,2025-05-08T15:52:44,2025-05-08T18:23:00,2026-05-14T16:07:02,Relator(a),Estudo para manifestação do relator,,
EDUC,652211,2026-10-02,,PL 203/2023,,,SGP22,2025-02-12T10:54:00,2025-03-13T16:39:00,2026-08-06T14:58:08,Presidente da Comissão,Redesignar Relator,,
CCJ,652383,2026-10-02,,PL 204/2023,1636,Ver. DR. MILTON FERREIRA (PODE),SGP22,2025-02-12T11:08:00,2025-03-17T21:21:00,2025-04-10T14:13:32,Relator(a),Estudo para manifestação do relator,,
EDUC,653415,2026-10-02,,PL 209/2023,2185,Ver. CELSO GIANNAZI (PSOL),SGP22,2025-02-21T12:45:00,2025-03-13T16:39:00,2026-02-12T15:05:19,Relator(a),Estudo para manifestação do relator,,
ADM,653520,2026-10-02,,PL 210/2023,,,SGP22,2026-08-27T14:05:00,2026-08-27T14:51:00,2026-08-27T14:51:00,Presidente da Comissão,Designar Relator,,
CCJ,653524,2026-10-02,,PL 211/2023,2217,Ver. SANSÃO PEREIRA (REPUBLICANOS),SGP22,2026-08-27T14:03:00,2026-08-31T01:21:00,2026-09-04T13:53:16,Relator(a),Assinar Pedido de Informação ao(à) Autor(a),,
CCJ,653841,2026-10-02,,PL 213/2023,2282,Ver. LUCAS PAVANATO (PL),SGP22,2025-02-12T10:53:00,2025-03-17T21:21:00,2026-05-12T10:39:50,Relator(a),Assinar Relatório,,
CCJ,653866,2026-10-02,,PL 214/2023,2282,Ver. LUCAS PAVANATO (PL),SGP22,2025-02-25T12:08:00,2025-03-17T21:21:00,2025-05-13T18:20:50,Relator(a),Assinar Relatório,,
CCJ,653925,2026-10-02,,PL 215/2023,2206,Ver. SILVIA DA BANCADA FEMINISTA (PSOL),SGP22,2025-02-21T12:42:00,2025-03-17T21:21:00,2025-03-31T16:17:26,Relator(a),Estudo para manifestação do relator,,
CCJ,654259,2026-10-02,,PL 219/2023,2276,Ver. SILVÃO LEITE (UNIÃO),SGP22,2025-02-21T12:35:00,2025-03-17T21:21:00,2025-04-22T17:54:28,Relator(a),Estudo para manifestação do relator,,
EDUC,654667,2026-10-02,,PL 227/2023,776,Ver. ELISEU GABRIEL (PSB),SGP22,2026-08-27T14:09:00,2026-09-04T16:43:00,2026-09-15T13:26:22,Relator(a),Estudo para manifestação do relator,,
CCJ,654817,2026-10-02,,PR 19/2023,2276,Ver. SILVÃO LEITE (UNIÃO),SGP22,2025-03-20T17:06:00,2025-03-26T12:34:00,2025-05-24T22:19:48,Secretaria (SGP12),Em Condição de Pauta,,
CCJ,655394,2026-10-02,,PL 244/2023,2206,Ver. SILVIA DA BANCADA FEMINISTA (PSOL),SGP22,2025-03-20T14:42:00,2025-03-26T12:34:00,2025-04-30T10:33:10,Relator(a),Estudo para manifestação do relator,,
FIN,655669,2026-10-02,,PL 247/2023,,,SAUDE,2026-05-22T14:59:11,2026-06-02T11:09:00,2026-06-02T11:09:00,Presidente da Comissão,Designar Relator,,
CCJ,655721,2026-10-02,,PL 250/2023,2277,Ver. JANAINA PASCHOAL (PP),SGP22,2025-02-12T10:53:00,2025-03-17T21:21:00,2026-03-16T13:35:26,Secretaria (SGP12),Em Condição de Pauta,,
URB,655744,2026-10-02,,PL 251/2023,2144,Ver. FABIO RIVA (MDB),SGP22,2025-02-21T12:19:00,2025-03-18T18:16:00,2026-02-27T15:05:28,Relator(a),Estudo para manifestação do relator,,
SAUDE,655748,2026-10-02,,PL 252/2023,2281,Ver. SIMONE GANEM (PODE),EDUC,2025-05-29T14:40:06,2025-05-30T13:08:00,2025-09-02T13:59:41,Relator(a),Assinar Relatório,,
CCJ,656082,2026-10-02,,PL 256/2023,2282,Ver. LUCAS PAVANATO (PL),SGP22,2025-02-25T15:10:00,2025-03-17T21:21:00,2026-02-06T12:23:15,Relator(a),Assinar Pedido de Informação ao Executivo,,
CCJ,656203,2026-10-02,,PL 258/2023,2206,Ver. SILVIA DA BANCADA FEMINISTA (PSOL),SGP22,2025-03-06T16:08:00,2025-03-17T21:21:00,2026-05-11T18:26:18,Secretaria (SGP12),Aguardando Informações do(a) Autor(a),,
ADM,656206,2026-10-02,,PL 261/2023,,,URB,2026-08-14T17:52:04,2026-08-19T13:11:00,2026-08-19T13:11:00,Presidente da Comissão,Designar Relator,,
ECON,656207,2026-10-02,,PL 262/2023,2205,Ver. LUANA ALVES (PSOL),URB,2025-08-14T17:18:45,2025-08-15T10:51:00,2026-09-03T14:35:46,Relator(a),Estudo para manifestação do relator,,
ADM,656229,2026-10-02,,PL 264/2023,,,URB,2026-08-14T17:46:08,2026-08-19T13:09:00,2026-08-19T13:09:00,Presidente da Comissão,Designar Relator,,
ADM,656421,2026-10-02,,PL 268/2023,1999,Ver. PROFESSOR TONINHO VESPOLI (PSOL),URB,2026-04-17T11:56:14,2026-04-23T15:15:00,2026-08-26T14:46:09,Secretaria (SGP12),Em Condição de Pauta,,
CCJ,656550,2026-10-02,,PL 269/2023,2206,Ver. SILVIA DA BANCADA FEMINISTA (PSOL),SGP22,2025-02-21T12:06:00,2025-03-17T21:21:00,2025-03-31T16:42:43,Relator(a),Estudo para manifestação do relator,,
CCJ,657353,2026-10-02,,PL 282/2023,2218,Ver. THAMMY MIRANDA (PSD),SGP22,2025-02-12T10:53:00,2025-03-17T21:21:00,2025-05-22T16:15:57,Secretaria (SGP12),Adiado,,
CCJ,657365,2026-10-02,,PL 285/2023,2282,Ver. LUCAS PAVANATO (PL),SGP22,2025-02-21T12:03:00,2025-03-17T21:21:00,2026-05-05T17:26:57,Secretaria (SGP12),Em Condição de Pauta,,
CCJ,657682,2026-10-02,,PL 290/2023,2282,Ver. LUCAS PAVANATO (PL),SGP22,2025-02-12T10:53:00,2025-03-17T21:21:00,2026-05-12T10:41:34,Relator(a),Assinar Relatório,,
EDUC,658006,2026-10-02,,PL 298/2023,2292,Ver. GUILHERME CORRÊA (UNIÃO),URB,2026-08-14T17:42:44,2026-08-25T11:15:00,2026-09-23T19:47:19,Relator(a),Estudo para manifestação do relator,,
ADM,658154,2026-10-02,,PL 301/2023,2268,Ver. AMANDA VETTORAZZO (UNIÃO),URB,2026-06-02T13:14:21,2026-07-08T17:38:00,2026-08-14T14:19:37,Relator(a),Estudo para manifestação do relator,,
URB,658339,2026-10-02,,PL 303/2023,2144,Ver. FABIO RIVA (MDB),SGP22,2025-02-21T11:28:00,2025-03-19T12:52:00,2026-06-24T13:06:35,Relator(a),Estudo para manifestação do relator,,
CCJ,658664,2026-10-02,,PL 306/2023,2206,Ver. SILVIA DA BANCADA FEMINISTA (PSOL),SGP22,2025-03-06T17:35:00,2025-03-17T21:21:00,2025-04-01T18:18:55,Relator(a),Estudo para manifestação do relator,,
CCJ,658668,2026-10-02,,PDL 37/2023,2206,Ver. SILVIA DA BANCADA FEMINISTA (PSOL),SGP22,2025-02-07T18:02:00,2025-03-17T21:21:00,2025-06-17T12:40:13,Secretaria (SGP12),Aguardando Informações do(a) Autor(a),,
EDUC,658691,2026-10-02,,PL 309/2023,1989,Ver. GEORGE HATO (MDB),URB,2026-08-14T17:36:05,2026-08-25T11:15:00,2026-10-01T16:35:57,Relator(a),Estudo para manifestação do relator,,
FIN,658960,2026-10-02,,PL 314/2023,2000,Ver. ALESSANDRO GUEDES (PT),ADM,2026-04-17T16:50:52,2026-04-17T17:51:00,2026-06-11T15:07:14,Relator(a),Estudo para manifestação do relator,,
FIN,658963,2026-10-02,,PL 316/2023,2221,Ver. ELI CORRÊA (UNIÃO),SAUDE,2026-08-25T14:38:31,2026-08-26T16:47:00,2026-09-30T13:12:48,Secretaria (SGP12),Aguardando 2ª Audiência Pública,,
CCJ,658964,2026-10-02,,PL 317/2023,2206,Ver. SILVIA DA BANCADA FEMINISTA (PSOL),SGP22,2025-03-06T17:47:00,2025-03-17T21:21:00,2025-04-15T16:04:15,Relator(a),Estudo para manifestação do relator,,
CCJ,659858,2026-10-02,,PL 329/2023,2277,Ver. JANAINA PASCHOAL (PP),SGP22,2025-02-21T10:44:00,2025-03-17T21:21:00,2026-03-16T14:28:13,Secretaria (SGP12),Em Condição de Pauta,,
CCJ,660386,2026-10-02,,PL 338/2023,2218,Ver. THAMMY MIRANDA (PSD),SGP22,2025-02-07T17:34:00,2025-03-17T21:21:00,2025-09-29T14:59:17,Secretaria (SGP12),Adiado,,
FIN,660424,2026-10-02,,PL 339/2023,2246,Ver. MAJOR PALUMBO (PP),ADM,2026-05-29T18:51:59,2026-06-02T11:13:00,2026-09-02T11:48:04,Consultoria (CTEO.1),Para análise,,
FIN,660948,2026-10-02,,PL 351/2023,2271,Ver. ANA CAROLINA OLIVEIRA (PODE),SAUDE,2025-08-07T17:47:51,2025-08-08T10:37:00,2026-09-16T17:34:39,Relator(a),Assinar Relatório,,
CCJ,661144,2026-10-02,,PL 354/2023,2276,Ver. SILVÃO LEITE (UNIÃO),SGP22,2025-02-21T10:29:00,2025-03-17T21:21:00,2025-04-16T11:31:45,Relator(a),Estudo para manifestação do relator,,
ADM,662459,2026-10-02,,PL 378/2023,,,CCJ,2026-06-22T13:41:59,2026-07-08T17:38:00,2026-07-08T17:38:00,Presidente da Comissão,Designar Relator,,
CCJ,662705,2026-10-02,,PL 383/2023,2217,Ver. SANSÃO PEREIRA (REPUBLICANOS),SGP22,2025-02-20T18:42:00,2025-03-17T21:21:00,2025-04-10T14:13:37,Relator(a),Estudo para manifestação do relator,,
FIN,662732,2026-10-02,,PL 389/2023,2279,Ver. SILVINHO LEITE (UNIÃO),ADM,2025-05-13T16:14:09,2025-05-16T10:12:00,2026-06-17T14:48:33,Consultoria (CTEO.1),Elaborar Minuta de Relatório,,
URB,662741,2026-10-02,,PL 390/2023,936,Ver. NABIL BONDUKI (PT),SGP22,2025-02-20T18:39:00,2025-03-19T12:52:00,2026-03-09T14:30:46,Presidente da Comissão,Redesignar Relator,,
CCJ,662817,2026-10-02,,PL 392/2023,2277,Ver. JANAINA PASCHOAL (PP),SGP22,2025-02-20T18:35:00,2025-03-17T21:21:00,2025-09-29T12:45:37,Secretaria (SGP12),Adiado,,
CCJ,662937,2026-10-02,,PL 400/2023,2276,Ver. SILVÃO LEITE (UNIÃO),SGP22,2025-02-12T10:53:00,2025-03-17T21:21:00,2025-09-22T16:17:04,Relator(a),Estudo para manifestação do relator,A PEDIDO DO RELATOR.,
FIN,662948,2026-10-02,,PL 402/2023,2000,Ver. ALESSANDRO GUEDES (PT),SAUDE,2026-05-14T23:38:48,2026-05-21T14:46:00,2026-09-30T16:01:17,Consultoria (CTEO.1),Para análise,,
CCJ,663026,2026-10-02,,PL 404/2023,2282,Ver. LUCAS PAVANATO (PL),SGP22,2025-02-12T10:53:00,2025-03-17T21:21:00,2025-09-29T11:00:04,Secretaria (SGP12),Adiado,,
ECON,663083,2026-10-02,2026-10-05,PL 406/2023,2249,Ver. NUNES PEIXEIRO (MDB),URB,2026-04-17T12:13:00,2026-04-24T11:03:00,2026-09-03T14:35:46,Relator(a),Estudo para manifestação do relator,,
ECON,663083,2026-10-06,,PL 406/2023,2249,Ver. NUNES PEIXEIRO (MDB),URB,2026-04-17T12:13:00,2026-04-24T11:03:00,2026-10-06T17:28:06,Consultoria (SGP.53),Elaborar Minuta de Relatório,,
CCJ,663084,2026-10-02,,PL 407/2023,2282,Ver. LUCAS PAVANATO (PL),PROC-CMSP,2025-10-24T12:09:00,2025-10-28T14:42:00,2025-11-07T15:12:19,Relator(a),Estudo para manifestação do relator,,
ECON,663085,2026-10-02,2026-10-05,PL 408/2023,2249,Ver. NUNES PEIXEIRO (MDB),URB,2026-08-14T17:24:17,2026-08-25T11:44:00,2026-09-24T14:07:02,Relator(a),Estudo para manifestação do relator,,
ECON,663085,2026-10-06,,PL 408/2023,2249,Ver. NUNES PEIXEIRO (MDB),URB,2026-08-14T17:24:17,2026-08-25T11:44:00,2026-10-06T17:25:02,Consultoria (SGP.53),Elaborar Minuta de Relatório,,
CCJ,663544,2026-10-02,,PL 416/2023,2206,Ver. SILVIA DA BANCADA FEMINISTA (PSOL),SGP22,2025-02-20T18:17:00,2025-03-17T21:21:00,2025-04-01T18:19:02,Relator(a),Estudo para manifestação do relator,,
FIN,663807,2026-10-02,,PL 423/2023,2271,Ver. ANA CAROLINA OLIVEIRA (PODE),SGP22,2025-05-19T17:48:00,2025-05-20T10:39:00,2025-08-21T14:44:36,Relator(a),Estudo para manifestação do relator,,
FIN,664132,2026-10-02,,PL 425/2023,2219,Ver. MARCELO MESSIAS (MDB),SAUDE,2025-10-13T11:15:44,2025-10-13T14:56:00,2026-09-23T12:21:13,Secretaria (SGP12),Retirado de pauta,,
CCJ,664156,2026-10-02,,PL 426/2023,2206,Ver. SILVIA DA BANCADA FEMINISTA (PSOL),SGP22,2025-02-20T17:53:00,2025-03-17T21:21:00,2025-12-17T17:15:29,Presidente da Comissão,Assinar Pedido de Informação ao(à) Autor(a),,
FIN,664331,2026-10-02,2026-10-04,PL 431/2023,2271,Ver. ANA CAROLINA OLIVEIRA (PODE),ADM,2025-08-08T16:03:07,2025-08-11T11:15:00,2026-10-01T12:26:48,Secretaria (SGP12),Em Condição de Pauta,,
FIN,664331,2026-10-05,,PL 431/2023,2271,Ver. ANA CAROLINA OLIVEIRA (PODE),ADM,2025-08-08T16:03:07,2025-08-11T11:15:00,2026-10-05T19:13:14,Secretaria (SGP12),Em Condição de Pauta,,
CCJ,664463,2026-10-02,,PL 432/2023,2277,Ver. JANAINA PASCHOAL (PP),SGP22,2025-02-12T10:04:00,2025-03-17T21:21:00,2025-05-22T16:27:00,Secretaria (SGP12),Adiado,,
CCJ,664665,2026-10-02,,PL 434/2023,1636,Ver. DR. MILTON FERREIRA (PODE),SGP22,2025-02-20T17:45:00,2025-03-17T21:21:00,2026-05-14T20:32:32,Secretaria (SGP12),Em Condição de Pauta,,
FIN,664950,2026-10-02,,PL 439/2023,2278,Ver. KEIT LIMA (PSOL),SAUDE,2026-03-31T14:19:44,2026-04-07T18:47:00,2026-06-25T18:58:08,Consultoria,Elaborar relatório,,
CCJ,665072,2026-10-02,,PL 440/2023,2276,Ver. SILVÃO LEITE (UNIÃO),SGP22,2025-02-25T12:15:00,2025-03-17T21:21:00,2026-03-12T15:30:39,Relator(a),Estudo para manifestação do relator,,
EDUC,665101,2026-10-02,,PL 441/2023,1989,Ver. GEORGE HATO (MDB),ADM,2025-09-11T13:03:28,2025-09-15T10:52:00,2026-08-06T14:57:58,Relator(a),Estudo para manifestação do relator,,
FIN,665130,2026-10-02,,PL 443/2023,2279,Ver. SILVINHO LEITE (UNIÃO),ADM,2025-12-01T12:04:35,2025-12-03T15:02:00,2026-06-17T15:01:13,Consultoria (CTEO.1),Elaborar Minuta de Relatório,,
EDUC,665238,2026-10-02,,PL 446/2023,1349,Ver. SENIVAL MOURA (PT),SGP22,2025-02-20T17:24:00,2025-03-13T16:39:00,2026-09-25T22:09:16,Secretaria (SGP12),Em Condição de Pauta,,
CCJ,665724,2026-10-02,,PL 456/2023,2217,Ver. SANSÃO PEREIRA (REPUBLICANOS),SGP22,2025-02-12T10:04:00,2025-03-17T21:21:00,2026-04-10T14:45:27,Secretaria (SGP12),Em Condição de Pauta,,
CCJ,665819,2026-10-02,,PDL 66/2023,1636,Ver. DR. MILTON FERREIRA (PODE),SGP22,2025-02-07T18:04:00,2025-03-17T21:21:00,2025-06-13T11:10:36,Relator(a),Estudo para manifestação do relator,,
CCJ,665840,2026-10-02,,PL 458/2023,2218,Ver. THAMMY MIRANDA (PSD),SGP22,2025-02-20T17:12:00,2025-03-17T21:21:00,2025-09-29T13:21:29,Secretaria (SGP12),Adiado,,
CCJ,666466,2026-10-02,,PL 467/2023,2276,Ver. SILVÃO LEITE (UNIÃO),SGP22,2025-03-20T14:23:00,2025-03-26T12:34:00,2025-04-07T15:13:28,Relator(a),Estudo para manifestação do relator,,
CCJ,666633,2026-10-02,,PL 469/2023,2206,Ver. SILVIA DA BANCADA FEMINISTA (PSOL),SGP22,2025-02-20T17:07:00,2025-03-17T21:21:00,2025-04-02T16:06:37,Relator(a),Estudo para manifestação do relator,,
ECON,666655,2026-10-02,,PL 470/2023,2228,Ver. RENATA FALZONI (PSB),ADM,2025-09-26T14:00:34,2025-10-07T13:42:00,2026-02-13T19:04:59,Secretaria (SGP12),Aguardando Informações do Executivo,,
CCJ,666902,2026-10-02,,PL 476/2023,2276,Ver. SILVÃO LEITE (UNIÃO),SGP22,2025-02-20T16:39:00,2025-03-17T21:21:00,2025-04-10T18:26:59,Relator(a),Estudo para manifestação do relator,,
EDUC,666909,2026-10-02,,PL 477/2023,1349,Ver. SENIVAL MOURA (PT),URB,2025-11-04T14:51:53,2025-11-07T11:57:00,2026-09-25T22:09:24,Secretaria (SGP12),Em Condição de Pauta,,
CCJ,666987,2026-10-02,,PL 478/2023,2277,Ver. JANAINA PASCHOAL (PP),SGP22,2025-03-20T14:23:00,2025-03-26T12:34:00,2025-09-29T14:20:39,Secretaria (SGP12),Adiado,,
FIN,667095,2026-10-02,,PL 482/2023,2279,Ver. SILVINHO LEITE (UNIÃO),SAUDE,2025-12-11T11:08:20,2025-12-15T14:23:00,2026-06-11T16:32:14,Consultoria,Para análise,,
URB,667634,2026-10-02,,PL 486/2023,2144,Ver. FABIO RIVA (MDB),CCJ,2026-03-12T18:17:21,2026-03-13T11:13:00,2026-06-01T17:27:45,Relator(a),Estudo para manifestação do relator,,
CCJ,667780,2026-10-02,,PL 488/2023,2282,Ver. LUCAS PAVANATO (PL),SGP22,2025-02-20T13:27:00,2025-03-17T21:21:00,2026-04-07T12:03:34,Relator(a),Estudo para manifestação do relator,,
URB,667865,2026-10-02,,PL 489/2023,2269,Ver. MARINA BRAGANTE (PSB),CCJ,2026-04-10T15:44:30,2026-04-13T12:13:00,2026-06-01T18:53:35,Relator(a),Estudo para manifestação do relator,,
FIN,667899,2026-10-02,,PL 490/2023,2271,Ver. ANA CAROLINA OLIVEIRA (PODE),SAUDE,2025-08-07T17:47:52,2025-08-08T10:37:00,2026-09-16T17:29:26,Relator(a),Assinar Relatório,,
FIN,667903,2026-10-02,,PL 491/2023,,,SGP22,2026-08-27T14:11:00,2026-08-27T17:21:00,2026-08-27T17:21:00,Presidente da Comissão,Designar Relator,,
FIN,667943,2026-10-02,,PL 493/2023,2271,Ver. ANA CAROLINA OLIVEIRA (PODE),ADM,2025-04-04T13:48:41,2025-04-05T06:47:00,2026-09-16T17:27:09,Relator(a),Assinar Relatório,,
CCJ,667947,2026-10-02,,PL 494/2023,2277,Ver. JANAINA PASCHOAL (PP),SGP22,2025-03-20T14:23:00,2025-03-26T12:34:00,2025-09-29T14:21:31,Secretaria (SGP12),Adiado,,
EDUC,667957,2026-10-02,,PR 37/2023,,,SGP22,2025-03-20T17:46:00,2025-03-25T10:53:00,2026-08-06T16:47:24,Presidente da Comissão,Redesignar Relator,,
URB,668016,2026-10-02,,PL 496/2023,,,SGP22,2026-08-27T14:12:00,2026-08-27T17:18:00,2026-08-27T17:18:00,Presidente da Comissão,Designar Relator,,
CCJ,668286,2026-10-02,,PL 500/2023,2206,Ver. SILVIA DA BANCADA FEMINISTA (PSOL),SGP22,2025-02-20T14:08:00,2025-03-17T21:21:00,2026-09-17T12:38:56,Secretaria (SGP12),Em Condição de Pauta,,
FIN,668534,2026-10-02,,PL 503/2023,2278,Ver. KEIT LIMA (PSOL),SAUDE,2026-08-25T14:38:30,2026-08-26T16:44:00,2026-09-23T15:06:57,Consultoria (CTEO.1),Para análise,,
CCJ,668976,2026-10-02,,PL 512/2023,1636,Ver. DR. MILTON FERREIRA (PODE),SGP22,2025-02-20T14:11:00,2025-03-15T00:24:00,2025-05-08T17:54:25,Relator(a),Estudo para manifestação do relator,,
FIN,669023,2026-10-02,,PL 513/2023,2271,Ver. ANA CAROLINA OLIVEIRA (PODE),SAUDE,2025-08-07T17:47:53,2025-08-08T10:37:00,2026-09-16T17:24:44,Relator(a),Assinar Relatório,,
EDUC,669024,2026-10-02,,PL 514/2023,2222,Ver. CRIS MONTEIRO (NOVO),ADM,2025-09-05T16:02:38,2025-09-08T12:19:00,2026-08-07T13:04:56,Relator(a),Estudo para manifestação do relator,,
FIN,669025,2026-10-02,,PL 515/2023,2271,Ver. ANA CAROLINA OLIVEIRA (PODE),SAUDE,2025-09-11T12:56:59,2025-09-15T11:18:00,2026-09-02T15:28:46,Relator(a),Assinar Relatório,,
CCJ,669026,2026-10-02,,PL 516/2023,1636,Ver. DR. MILTON FERREIRA (PODE),SGP22,2025-02-24T18:52:00,2025-03-17T21:21:00,2025-04-10T14:26:58,Relator(a),Estudo para manifestação do relator,,
CCJ,669027,2026-10-02,,PL 517/2023,2282,Ver. LUCAS PAVANATO (PL),SGP21,2026-02-12T17:40:00,2026-02-19T15:03:00,2026-03-13T13:41:59,Relator(a),Estudo para manifestação do relator,,
FIN,669148,2026-10-02,,PL 519/2023,2150,Ver. ANDRÉ SANTOS (REPUBLICANOS),SAUDE,2025-09-18T15:14:40,2025-09-19T15:23:00,2026-06-11T15:23:42,Relator(a),Estudo para manifestação do relator,,
CCJ,669257,2026-10-02,,PL 524/2023,2282,Ver. LUCAS PAVANATO (PL),SGP22,2025-02-12T10:04:00,2025-03-17T21:21:00,2025-06-16T18:12:46,Relator(a),Assinar Pedido de Informação ao(à) Autor(a),,
CCJ,669497,2026-10-02,,PL 528/2023,1636,Ver. DR. MILTON FERREIRA (PODE),SGP22,2025-02-24T18:50:00,2025-03-17T21:21:00,2025-11-06T18:07:23,Relator(a),Estudo para manifestação do relator,,
CCJ,669888,2026-10-02,,PDL 75/2023,2218,Ver. THAMMY MIRANDA (PSD),SGP22,2025-02-10T17:29:00,2025-03-17T21:21:00,2025-05-22T16:21:58,Secretaria (SGP12),Adiado,,
URB,670005,2026-10-02,,PL 531/2023,,,CCJ,2026-08-06T15:12:12,2026-08-07T18:43:00,2026-08-07T18:43:00,Presidente da Comissão,Designar Relator,,
FIN,670033,2026-10-02,,PL 533/2023,2246,Ver. MAJOR PALUMBO (PP),SAUDE,2025-11-07T11:07:42,2025-11-10T11:44:00,2026-05-19T15:18:57,Secretaria (SGP12),Retirado de pauta,,
CCJ,670219,2026-10-02,,PL 540/2023,1636,Ver. DR. MILTON FERREIRA (PODE),SGP22,2025-02-18T17:40:00,2025-03-17T21:21:00,2025-04-22T16:34:31,Relator(a),Estudo para manifestação do relator,,
CCJ,670401,2026-10-02,,PL 545/2023,2282,Ver. LUCAS PAVANATO (PL),SGP22,2025-02-18T17:24:00,2025-03-17T21:21:00,2026-09-22T17:14:39,Secretaria (SGP12),Aguardando Informações do(a) Autor(a),,
CCJ,670409,2026-10-02,,PL 546/2023,2276,Ver. SILVÃO LEITE (UNIÃO),SGP22,2025-02-18T17:20:00,2025-03-17T21:21:00,2025-04-10T14:26:59,Relator(a),Estudo para manifestação do relator,,
SAUDE,670614,2026-10-02,,PL 549/2023,2256,Ver. HÉLIO RODRIGUES (PT),ADM,2026-05-29T18:52:06,2026-06-02T13:01:00,2026-06-15T15:15:19,Relator(a),Estudo para manifestação do relator,,
CCJ,670636,2026-10-02,,PR 39/2023,2206,Ver. SILVIA DA BANCADA FEMINISTA (PSOL),SGP22,2025-02-10T13:52:00,2025-03-17T21:21:00,2025-06-17T12:40:15,Secretaria (SGP12),Aguardando Informações do(a) Autor(a),,
FIN,670637,2026-10-02,,PL 552/2023,2278,Ver. KEIT LIMA (PSOL),SAUDE,2025-08-07T17:47:55,2025-08-08T10:37:00,2026-03-12T15:45:01,Relator(a),Assinar Relatório,,
URB,670815,2026-10-02,,PL 556/2023,,,CCJ,2025-10-07T15:50:31,2026-06-15T19:30:00,2026-06-15T19:30:00,Presidente da Comissão,Designar Relator,,
EDUC,670817,2026-10-02,,PL 557/2023,,,CCJ,2025-06-05T11:18:38,2025-06-06T10:58:00,2025-10-13T18:04:35,Presidente da Comissão,Designar Relator,,
CCJ,670993,2026-10-02,,PL 561/2023,2217,Ver. SANSÃO PEREIRA (REPUBLICANOS),SGP22,2025-02-11T18:54:00,2025-03-17T21:21:00,2025-09-29T14:22:25,Secretaria (SGP12),Adiado,,
FIN,671006,2026-10-02,,PDL 81/2023,2219,Ver. MARCELO MESSIAS (MDB),SGP22,2025-12-16T19:14:00,2025-12-19T13:17:00,2026-05-07T17:21:53,Relator(a),Estudo para manifestação do relator,,
CCJ,671041,2026-10-02,,PL 562/2023,2217,Ver. SANSÃO PEREIRA (REPUBLICANOS),SGP22,2026-08-27T14:03:00,2026-08-31T01:21:00,2026-09-17T18:40:16,Secretaria (SGP12),Em Condição de Pauta,,
SAUDE,671192,2026-10-02,,PL 563/2023,2256,Ver. HÉLIO RODRIGUES (PT),ADM,2025-12-01T12:01:00,2025-12-02T12:21:00,2026-04-14T13:14:31,Relator(a),Assinar Relatório,,
CCJ,671193,2026-10-02,,PL 564/2023,2206,Ver. SILVIA DA BANCADA FEMINISTA (PSOL),SGP22,2025-02-24T18:30:00,2025-03-17T21:21:00,2025-04-16T18:13:12,Relator(a),Estudo para manifestação do relator,,
CCJ,671195,2026-10-02,,PL 566/2023,2276,Ver. SILVÃO LEITE (UNIÃO),SGP22,2025-02-11T18:51:00,2025-03-17T21:21:00,2025-04-10T14:27:01,Relator(a),Estudo para manifestação do relator,,
ECON,671517,2026-10-02,,PL 572/2023,696,Ver. CARLOS BEZERRA JR. (PSD),ADM,2025-11-07T13:49:41,2025-11-10T17:21:00,2026-03-23T12:14:05,Relator(a),Estudo para manifestação do relator,,
CCJ,671847,2026-10-02,,PL 582/2023,2276,Ver. SILVÃO LEITE (UNIÃO),SGP22,2025-02-11T18:41:00,2025-03-17T21:21:00,2025-05-08T17:54:27,Relator(a),Estudo para manifestação do relator,,
CCJ,671856,2026-10-02,,PL 584/2023,2254,Ver. LUNA ZARATTINI (PT),SGP22,2025-03-06T16:46:00,2025-03-17T21:21:00,2026-03-16T16:06:42,Relator(a),Estudo para manifestação do relator,,
CCJ,672447,2026-10-02,,PDL 85/2023,2254,Ver. LUNA ZARATTINI (PT),SGP22,2025-02-17T15:36:00,2025-03-17T21:21:00,2026-03-18T22:58:50,Relator(a),Assinar Pedido de Informação ao(à) Autor(a),,
CCJ,672871,2026-10-02,,PL 592/2023,1636,Ver. DR. MILTON FERREIRA (PODE),SGP22,2025-02-11T18:36:00,2025-03-17T21:21:00,2025-11-27T18:46:30,Secretaria (SGP12),Em Condição de Pauta,,
FIN,672957,2026-10-02,,PL 595/2023,2271,Ver. ANA CAROLINA OLIVEIRA (PODE),EDUC,2025-08-15T11:05:51,2025-08-18T10:56:00,2026-09-02T15:26:39,Relator(a),Assinar Relatório,,
EDUC,673065,2026-10-02,,PL 600/2023,1989,Ver. GEORGE HATO (MDB),ADM,2025-10-03T16:21:49,2025-10-06T13:33:00,2026-08-07T14:44:00,Relator(a),Estudo para manifestação do relator,,
FIN,673186,2026-10-02,,PL 602/2023,2271,Ver. ANA CAROLINA OLIVEIRA (PODE),SAUDE,2025-12-11T11:08:21,2025-12-15T14:21:00,2026-09-02T15:23:10,Relator(a),Assinar Relatório,,
CCJ,673197,2026-10-02,,DOCREC 671/2023,,,SGP22,2023-10-18T10:11:00,2023-10-18T18:32:00,,,,,
CCJ,673311,2026-10-02,,PL 605/2023,1636,Ver. DR. MILTON FERREIRA (PODE),SGP22,2025-03-20T14:42:00,2025-03-26T12:34:00,2026-08-14T20:16:53,Relator(a),Assinar Relatório,,
CCJ,673317,2026-10-02,,PR 41/2023,2217,Ver. SANSÃO PEREIRA (REPUBLICANOS),SGP22,2025-03-20T17:06:00,2025-03-26T12:34:00,2025-05-22T14:59:23,Secretaria (SGP12),Adiado,,
CCJ,673438,2026-10-02,,PL 608/2023,2282,Ver. LUCAS PAVANATO (PL),SGP22,2025-02-18T16:40:00,2025-03-17T21:21:00,2025-05-13T13:20:19,Relator(a),Assinar Relatório,,
URB,674126,2026-10-02,,PL 615/2023,2269,Ver. MARINA BRAGANTE (PSB),SGP12,2026-03-29T18:13:00,2026-03-31T11:50:00,2026-06-01T14:42:47,Relator(a),Estudo para manifestação do relator,,
URB,674144,2026-10-02,,PL 616/2023,2144,Ver. FABIO RIVA (MDB),SGP22,2025-02-11T18:33:00,2025-03-18T17:22:00,2026-04-07T16:25:46,Relator(a),Estudo para manifestação do relator,,
CCJ,674173,2026-10-02,,PL 618/2023,1636,Ver. DR. MILTON FERREIRA (PODE),SGP22,2025-02-18T14:15:00,2025-03-17T21:21:00,2026-06-01T17:48:18,Relator(a),Estudo para manifestação do relator,,
CCJ,674207,2026-10-02,,PL 622/2023,2217,Ver. SANSÃO PEREIRA (REPUBLICANOS),SGP22,2026-08-27T14:03:00,2026-08-31T01:21:00,2026-09-17T18:41:57,Secretaria (SGP12),Em Condição de Pauta,,
CCJ,674435,2026-10-02,,PL 629/2023,2206,Ver. SILVIA DA BANCADA FEMINISTA (PSOL),SGP22,2025-02-18T13:19:00,2025-03-17T21:21:00,2025-04-01T15:45:00,Relator(a),Estudo para manifestação do relator,,
CCJ,674436,2026-10-02,,PL 630/2023,2254,Ver. LUNA ZARATTINI (PT),SGP22,2025-02-18T13:18:00,2025-03-17T21:21:00,2026-03-16T15:56:07,Relator(a),Estudo para manifestação do relator,,
CCJ,674437,2026-10-02,,PL 631/2023,2277,Ver. JANAINA PASCHOAL (PP),SGP22,2025-02-18T13:16:00,2025-03-17T21:21:00,2026-06-30T16:01:21,Secretaria (SGP12),Aguardando Informações do(a) Autor(a),,
ADM,674443,2026-10-02,,PL 632/2023,2283,Ver. ZOE MARTÍNEZ (PL),CCJ,2025-10-07T15:47:25,2025-10-08T16:48:00,2026-09-02T16:26:18,Secretaria (SGP12),Aguardando Informações do Executivo,,
CCJ,674533,2026-10-02,,PL 636/2023,2254,Ver. LUNA ZARATTINI (PT),SGP22,2025-03-06T16:46:00,2025-03-17T21:21:00,2026-03-16T15:56:14,Relator(a),Estudo para manifestação do relator,,
CCJ,674643,2026-10-02,,PL 645/2023,2277,Ver. JANAINA PASCHOAL (PP),SGP22,2025-02-18T12:57:00,2025-03-17T21:21:00,2025-09-17T17:56:57,Secretaria (SGP12),Em Condição de Pauta,,
CCJ,674713,2026-10-02,,PL 646/2023,2254,Ver. LUNA ZARATTINI (PT),SGP22,2025-02-20T15:58:00,2025-03-17T21:21:00,2026-03-18T22:55:05,Relator(a),Assinar Pedido de Informação ao(à) Autor(a),,
CCJ,674768,2026-10-02,,PL 650/2023,1636,Ver. DR. MILTON FERREIRA (PODE),SGP22,2025-02-18T12:49:00,2025-03-17T21:21:00,2025-08-14T15:56:40,Relator(a),Estudo para manifestação do relator,,
ADM,674977,2026-10-02,,PL 652/2023,,,CCJ,2026-06-01T16:09:10,2026-07-08T17:38:00,2026-07-08T17:38:00,Presidente da Comissão,Designar Relator,,
SAUDE,675233,2026-10-02,2026-10-05,PL 655/2023,2267,Ver. AMANDA PASCHOAL (PSOL),ECON,2026-08-21T18:03:43,2026-08-25T11:55:00,2026-09-14T15:39:37,Relator(a),Estudo para manifestação do relator,,
SAUDE,675233,2026-10-06,,PL 655/2023,2267,Ver. AMANDA PASCHOAL (PSOL),ECON,2026-08-21T18:03:43,2026-08-25T11:55:00,2026-10-06T18:14:21,Consultoria (SGP.52),Elaborar Minuta de Relatório,,
FIN,675804,2026-10-02,,PL 660/2023,2150,Ver. ANDRÉ SANTOS (REPUBLICANOS),EDUC,2026-04-22T12:39:00,2026-04-23T16:39:00,2026-06-11T15:09:58,Relator(a),Estudo para manifestação do relator,,
CCJ,675824,2026-10-02,,PL 661/2023,1636,Ver. DR. MILTON FERREIRA (PODE),SGP22,2025-02-24T18:23:00,2025-03-17T21:21:00,2026-06-01T17:48:18,Relator(a),Estudo para manifestação do relator,,
CCJ,675899,2026-10-02,,PL 663/2023,2218,Ver. THAMMY MIRANDA (PSD),SGP22,2025-02-07T16:49:00,2025-03-17T21:21:00,2025-11-04T16:34:03,Secretaria (SGP12),Aguardando Informações do(a) Autor(a),,
URB,676025,2026-10-02,,PL 664/2023,,,SGP22,2026-08-27T14:12:00,2026-08-27T17:15:00,2026-08-27T17:15:00,Presidente da Comissão,Designar Relator,,
URB,676140,2026-10-02,,PL 667/2023,,,SGP22,2026-08-27T14:12:00,2026-08-27T15:56:00,2026-08-27T15:56:00,Presidente da Comissão,Designar Relator,,
CCJ,676150,2026-10-02,,PL 668/2023,2282,Ver. LUCAS PAVANATO (PL),SGP22,2025-02-18T12:32:00,2025-03-17T21:21:00,2025-04-07T15:24:57,Relator(a),Estudo para manifestação do relator,,
CCJ,676524,2026-10-02,,PL 677/2023,2217,Ver. SANSÃO PEREIRA (REPUBLICANOS),SGP22,2025-02-07T16:54:00,2025-03-17T21:21:00,2026-03-26T12:45:16,Relator(a),Assinar Relatório,,
URB,676536,2026-10-02,,PL 679/2023,2144,Ver. FABIO RIVA (MDB),SGP22,2025-02-07T16:56:00,2025-03-18T17:22:00,2026-08-10T15:38:02,Relator(a),Estudo para manifestação do relator,,
ADM,677128,2026-10-02,,PL 690/2023,,,URB,2026-04-17T12:07:04,2026-04-23T15:15:00,2026-05-11T12:23:49,Presidente da Comissão,Designar Relator,,
URB,677475,2026-10-02,,PL 692/2023,2144,Ver. FABIO RIVA (MDB),SGP22,2025-02-18T11:54:00,2025-03-18T17:22:00,2026-02-27T17:02:45,Relator(a),Estudo para manifestação do relator,,
FIN,677486,2026-10-02,,PL 693/2023,2279,Ver. SILVINHO LEITE (UNIÃO),ECON,2025-08-08T13:26:28,2025-08-11T11:15:00,2026-06-08T18:46:21,Consultoria (CTEO.1),Para análise,,
FIN,677487,2026-10-02,,PL 694/2023,2221,Ver. ELI CORRÊA (UNIÃO),ECON,2026-08-13T11:36:58,2026-08-14T12:14:00,2026-09-30T15:54:06,Consultoria (CTEO.1),Para análise,,
FIN,677609,2026-10-02,,PL 699/2023,2271,Ver. ANA CAROLINA OLIVEIRA (PODE),SAUDE,2025-05-15T13:47:03,2025-05-16T10:12:00,2026-09-02T15:20:35,Relator(a),Assinar Relatório,,
URB,677718,2026-10-02,,PL 702/2023,2144,Ver. FABIO RIVA (MDB),SGP22,2025-02-07T17:01:00,2025-03-18T17:22:00,2026-09-30T15:21:30,Consultoria,Para análise,Resposta do Executivo DOCREC 1196/2026.,
CCJ,677797,2026-10-02,,PL 703/2023,2276,Ver. SILVÃO LEITE (UNIÃO),SGP22,2025-02-11T18:17:00,2025-03-17T21:21:00,2025-06-13T11:10:28,Relator(a),Estudo para manifestação do relator,,
EDUC,678091,2026-10-02,,PL 707/2023,776,Ver. ELISEU GABRIEL (PSB),SGP22,2025-03-20T14:54:00,2025-03-25T10:52:00,2026-09-30T14:21:33,Relator(a),Assinar Relatório,,
CCJ,678332,2026-10-02,2026-10-06,PL 713/2023,1636,Ver. DR. MILTON FERREIRA (PODE),SGP21,2026-08-19T18:41:00,2026-08-20T10:39:00,2026-09-14T20:12:55,Secretaria (SGP12),Em Condição de Pauta,,
CCJ,678332,2026-10-07,,PL 713/2023,1636,Ver. DR. MILTON FERREIRA (PODE),SGP21,2026-08-19T18:41:00,2026-08-20T10:39:00,2026-10-07T14:35:58,Secretaria (SGP12),Em Condição de Pauta,,
EDUC,678451,2026-10-02,,PL 717/2023,2222,Ver. CRIS MONTEIRO (NOVO),ADM,2025-12-01T11:29:25,2025-12-02T12:15:00,2026-04-06T12:10:56,Relator(a),Estudo para manifestação do relator,,
FIN,678542,2026-10-02,,PL 718/2023,2278,Ver. KEIT LIMA (PSOL),SAUDE,2025-08-07T17:47:57,2025-08-08T10:37:00,2026-04-08T16:42:42,Relator(a),Estudo para manifestação do relator,,
URB,678546,2026-10-02,,PL 720/2023,2147,Ver. ISAC FÉLIX (PL),SGP22,2025-02-18T11:34:00,2025-03-18T17:22:00,2025-05-28T16:45:34,Relator(a),Estudo para manifestação do relator,,
URB,678547,2026-10-02,,PL 721/2023,2144,Ver. FABIO RIVA (MDB),SGP22,2025-02-18T11:31:00,2025-03-18T17:22:00,2026-06-01T17:17:27,Relator(a),Estudo para manifestação do relator,,
FIN,678640,2026-10-02,,PL 723/2023,2146,Ver. GILBERTO NASCIMENTO (PL),URB,2026-04-17T12:08:16,2026-04-17T17:50:00,2026-08-20T17:01:33,Relator(a),Estudo para manifestação do relator,,
SAUDE,678680,2026-10-02,2026-10-06,PL 726/2023,176,Ver. ROBERTO TRÍPOLI (PV),ADM,2025-08-29T11:53:57,2025-09-01T12:58:00,2026-07-13T14:07:07,Consultoria (SGP.52),Para análise,,
SAUDE,678680,2026-10-07,,PL 726/2023,176,Ver. ROBERTO TRÍPOLI (PV),ADM,2025-08-29T11:53:57,2025-09-01T12:58:00,2026-10-07T10:44:16,Relator(a),Estudo para manifestação do relator,,
SAUDE,678799,2026-10-02,,PL 728/2023,2256,Ver. HÉLIO RODRIGUES (PT),EDUC,2026-06-19T14:02:09,2026-06-23T11:51:00,2026-06-26T17:17:54,Relator(a),Estudo para manifestação do relator,,
FIN,678839,2026-10-02,,PL 730/2023,2279,Ver. SILVINHO LEITE (UNIÃO),ADM,2025-12-11T16:45:22,2025-12-15T14:18:00,2026-04-08T16:42:42,Consultoria (CTEO.1),Para análise,,
FIN,678902,2026-10-02,2026-10-07,PL 737/2023,2278,Ver. KEIT LIMA (PSOL),ADM,2026-08-14T15:45:49,2026-08-20T10:41:00,2026-09-02T11:48:04,Consultoria (CTEO.1),Para análise,,
FIN,678902,2026-10-08,,PL 737/2023,2278,Ver. KEIT LIMA (PSOL),ADM,2026-08-14T15:45:49,2026-08-20T10:41:00,2026-10-08T15:15:41,Relator(a),Estudo para manifestação do relator,,
FIN,678903,2026-10-02,,PL 738/2023,2278,Ver. KEIT LIMA (PSOL),ADM,2025-06-13T14:49:20,2025-06-16T16:52:00,2026-04-16T14:21:36,Relator(a),Estudo para manifestação do relator,,
CCJ,678919,2026-10-02,,PL 741/2023,2206,Ver. SILVIA DA BANCADA FEMINISTA (PSOL),SGP22,2025-02-25T15:15:00,2025-03-17T21:21:00,2025-04-16T18:12:56,Relator(a),Estudo para manifestação do relator,,
CCJ,678963,2026-10-02,,PR 53/2023,1636,Ver. DR. MILTON FERREIRA (PODE),SGP22,2025-02-10T13:52:00,2025-03-17T21:21:00,2026-05-11T19:01:18,Secretaria (SGP12),Aguardando Informações do(a) Autor(a),,
URB,678974,2026-10-02,,PL 744/2023,2147,Ver. ISAC FÉLIX (PL),SGP22,2025-02-20T14:18:00,2025-03-18T17:22:00,2025-08-28T16:44:51,Relator(a),Estudo para manifestação do relator,,
CCJ,679082,2026-10-02,,PL 748/2023,2282,Ver. LUCAS PAVANATO (PL),SGP22,2025-03-06T16:46:00,2025-03-17T21:21:00,2025-04-15T14:46:38,Relator(a),Assinar Pedido de Informação ao(à) Autor(a),,
FIN,679122,2026-10-02,,PL 756/2023,2150,Ver. ANDRÉ SANTOS (REPUBLICANOS),SAUDE,2025-09-05T10:04:17,2025-09-05T12:11:00,2026-06-11T16:45:11,Consultoria,Para análise,,
FIN,679124,2026-10-02,,PL 758/2023,2000,Ver. ALESSANDRO GUEDES (PT),EDUC,2026-06-01T15:52:01,2026-06-03T16:31:00,2026-09-02T16:35:25,Relator(a),Estudo para manifestação do relator,,
FIN,679421,2026-10-02,,PL 765/2023,,,SGP22,2026-08-27T14:11:00,2026-08-27T17:18:00,2026-08-27T17:18:00,Presidente da Comissão,Designar Relator,,
URB,679566,2026-10-02,,PL 772/2023,,,SGP22,2026-08-27T14:12:00,2026-08-27T15:54:00,2026-08-27T15:54:00,Presidente da Comissão,Designar Relator,,
CCJ,679698,2026-10-02,,PL 774/2023,1636,Ver. DR. MILTON FERREIRA (PODE),SGP22,2025-09-02T22:49:00,2025-09-04T17:42:00,2025-12-04T16:29:04,Secretaria (SGP12),Em Condição de Pauta,,
CCJ,679918,2026-10-02,,PL 776/2023,2206,Ver. SILVIA DA BANCADA FEMINISTA (PSOL),SGP22,2025-03-06T16:46:00,2025-03-17T21:21:00,2025-03-31T16:17:34,Relator(a),Estudo para manifestação do relator,,
CCJ,680064,2026-10-02,,PL 781/2023,2254,Ver. LUNA ZARATTINI (PT),SGP22,2025-04-03T17:18:00,2025-04-03T20:45:00,2026-03-16T15:52:14,Relator(a),Estudo para manifestação do relator,,
CCJ,680206,2026-10-02,,PL 782/2023,2218,Ver. THAMMY MIRANDA (PSD),SGP22,2025-02-24T18:17:00,2025-03-17T21:21:00,2025-05-22T16:48:01,Secretaria (SGP12),Adiado,,
CCJ,680230,2026-10-02,,PL 784/2023,2254,Ver. LUNA ZARATTINI (PT),SGP22,2025-02-17T18:49:00,2025-03-17T21:21:00,2026-04-07T18:29:08,Relator(a),Assinar Pedido de Informação ao(à) Autor(a),,
CCJ,680275,2026-10-02,,PL 785/2023,2282,Ver. LUCAS PAVANATO (PL),SGP22,2025-03-20T14:23:00,2025-03-26T12:34:00,2025-09-23T12:10:30,Secretaria (SGP12),Em Condição de Pauta,,
FIN,680277,2026-10-02,,PL 786/2023,,,EDUC,2026-06-23T12:32:41,2026-06-24T11:47:00,2026-06-24T11:47:00,Presidente da Comissão,Designar Relator,,
FIN,680280,2026-10-02,2026-10-04,PR 55/2023,2271,Ver. ANA CAROLINA OLIVEIRA (PODE),SAUDE,2025-10-13T11:15:49,2025-10-13T14:56:00,2026-10-01T11:34:41,Secretaria (SGP12),Em Condição de Pauta,,
FIN,680280,2026-10-05,,PR 55/2023,2271,Ver. ANA CAROLINA OLIVEIRA (PODE),SAUDE,2025-10-13T11:15:49,2025-10-13T14:56:00,2026-10-05T19:15:34,Secretaria (SGP12),Em Condição de Pauta,,
URB,680474,2026-10-02,,PL 787/2023,2269,Ver. MARINA BRAGANTE (PSB),SGP22,2025-02-17T18:46:00,2025-03-18T17:22:00,2026-04-15T15:00:13,Relator(a),Estudo para manifestação do relator,,
FIN,680477,2026-10-02,,PL 788/2023,2150,Ver. ANDRÉ SANTOS (REPUBLICANOS),SAUDE,2025-09-11T12:57:03,2025-09-12T16:37:00,2026-09-21T11:06:31,Secretaria (SGP12),Em Condição de Pauta,,
CCJ,680637,2026-10-02,,PDL 1/2024,2217,Ver. SANSÃO PEREIRA (REPUBLICANOS),SGP22,2025-02-10T17:14:00,2025-03-16T19:29:00,2025-05-22T16:22:44,Secretaria (SGP12),Adiado,,
CCJ,680716,2026-10-02,,PL 3/2024,2276,Ver. SILVÃO LEITE (UNIÃO),SGP22,2025-02-18T16:22:00,2025-03-14T15:27:00,2025-06-06T17:26:50,Relator(a),Estudo para manifestação do relator,,
ADM,681133,2026-10-02,,PL 15/2024,,,SGP22,2025-12-01T14:19:00,2025-12-02T13:06:00,2026-05-14T14:24:31,Presidente da Comissão,Designar Relator,,
ADM,681135,2026-10-02,,PL 17/2024,2283,Ver. ZOE MARTÍNEZ (PL),SGP22,2025-03-06T15:33:00,2025-03-14T16:42:00,2026-09-10T17:55:54,Relator(a),Assinar Relatório,,
FIN,681143,2026-10-02,,PL 21/2024,2271,Ver. ANA CAROLINA OLIVEIRA (PODE),SAUDE,2025-09-11T12:57:05,2025-09-12T16:37:00,2026-08-20T16:31:30,Relator(a),Estudo para manifestação do relator,,
CCJ,681228,2026-10-02,,PL 31/2024,2206,Ver. SILVIA DA BANCADA FEMINISTA (PSOL),SGP22,2025-05-08T18:23:00,2025-05-09T11:25:00,2025-11-04T16:33:59,Secretaria (SGP12),Aguardando Informações do(a) Autor(a),,
EDUC,681310,2026-10-02,,PL 45/2024,2185,Ver. CELSO GIANNAZI (PSOL),SGP22,2025-05-08T18:26:00,2025-05-09T10:51:00,2026-09-11T13:28:53,Relator(a),Estudo para manifestação do relator,,
CCJ,681320,2026-10-02,,PL 48/2024,2282,Ver. LUCAS PAVANATO (PL),SGP22,2025-02-18T16:00:00,2025-03-14T15:27:00,2026-05-05T17:25:06,Secretaria (SGP12),Em Condição de Pauta,,
CCJ,681345,2026-10-02,,PL 51/2024,1636,Ver. DR. MILTON FERREIRA (PODE),SGP22,2025-03-20T14:23:00,2025-03-26T12:34:00,2025-04-24T16:10:12,Relator(a),Estudo para manifestação do relator,,
EDUC,681352,2026-10-02,,PL 52/2024,,,URB,2026-06-02T13:03:31,2026-06-02T15:59:00,2026-06-02T15:59:00,Presidente da Comissão,Designar Relator,,
CCJ,681354,2026-10-02,,PL 54/2024,2282,Ver. LUCAS PAVANATO (PL),SGP22,2025-02-18T15:56:00,2025-03-14T15:27:00,2026-09-22T17:14:35,Secretaria (SGP12),Aguardando Informações do(a) Autor(a),,
FIN,681360,2026-10-02,,PL 57/2024,2150,Ver. ANDRÉ SANTOS (REPUBLICANOS),SAUDE,2025-03-27T14:48:21,2025-03-27T16:48:00,2026-05-14T16:10:50,Relator(a),Estudo para manifestação do relator,,
CCJ,681378,2026-10-02,,PL 61/2024,2282,Ver. LUCAS PAVANATO (PL),SGP22,2025-03-20T14:42:00,2025-03-26T12:34:00,2025-05-08T17:44:32,Relator(a),Assinar Pedido de Informação ao(à) Autor(a),,
CCJ,681528,2026-10-02,,PL 64/2024,2206,Ver. SILVIA DA BANCADA FEMINISTA (PSOL),SGP22,2025-03-06T16:46:00,2025-03-14T15:27:00,2025-04-01T18:27:48,Relator(a),Estudo para manifestação do relator,,
CCJ,681549,2026-10-02,,PL 68/2024,2276,Ver. SILVÃO LEITE (UNIÃO),SGP22,2025-02-25T15:18:00,2025-03-14T15:27:00,2025-04-09T14:00:00,Secretaria (SGP12),Adiado,ADIADO POR TÉRMINO DE REUNIÃO,
CCJ,681571,2026-10-02,,PR 3/2024,2218,Ver. THAMMY MIRANDA (PSD),SGP22,2025-02-06T16:54:00,2025-03-14T15:27:00,2025-06-17T12:40:08,Secretaria (SGP12),Aguardando Informações do(a) Autor(a),,
CCJ,681868,2026-10-02,,PL 75/2024,2217,Ver. SANSÃO PEREIRA (REPUBLICANOS),SGP22,2025-02-20T10:59:00,2025-03-14T15:27:00,2025-09-29T16:13:37,Relator(a),Estudo para manifestação do relator,,
CCJ,681870,2026-10-02,,PL 76/2024,2217,Ver. SANSÃO PEREIRA (REPUBLICANOS),PROC-CMSP,2025-10-24T12:09:00,2025-10-28T13:54:00,2026-03-27T18:03:20,Relator(a),Estudo para manifestação do relator,,
ADM,681968,2026-10-02,,PL 80/2024,2268,Ver. AMANDA VETTORAZZO (UNIÃO),URB,2026-04-17T11:58:44,2026-04-23T15:15:00,2026-05-07T12:23:06,Relator(a),Estudo para manifestação do relator,,
CCJ,682130,2026-10-02,,PL 85/2024,2277,Ver. JANAINA PASCHOAL (PP),SGP22,2025-03-06T16:46:00,2025-03-14T15:27:00,2026-05-28T12:54:16,Secretaria (SGP12),Em Condição de Pauta,,
ECON,682132,2026-10-02,,PL 87/2024,2159,Ver. RUTE COSTA (PL),SGP22,2025-02-14T16:11:00,2025-03-14T11:16:00,2026-09-03T14:35:46,Relator(a),Estudo para manifestação do relator,,
EDUC,682219,2026-10-02,,PL 94/2024,2185,Ver. CELSO GIANNAZI (PSOL),SGP22,2025-06-25T15:35:00,2025-06-27T15:43:00,2025-09-18T14:16:31,Secretaria (SGP12),Em Condição de Pauta,,
URB,682224,2026-10-02,,PL 98/2024,,,CCJ,2026-06-01T16:09:09,2026-06-01T19:07:00,2026-06-24T13:35:52,Presidente da Comissão,Designar Relator,,
CCJ,682250,2026-10-02,,PL 102/2024,2206,Ver. SILVIA DA BANCADA FEMINISTA (PSOL),SGP22,2025-02-14T15:52:00,2025-03-14T15:27:00,2025-04-07T14:46:25,Relator(a),Estudo para manifestação do relator,,
FIN,682444,2026-10-02,2026-10-07,PL 108/2024,2146,Ver. GILBERTO NASCIMENTO (PL),EDUC,2026-08-18T14:54:46,2026-08-20T10:45:00,2026-09-02T11:48:04,Consultoria (CTEO.1),Para análise,,
FIN,682444,2026-10-08,,PL 108/2024,2146,Ver. GILBERTO NASCIMENTO (PL),EDUC,2026-08-18T14:54:46,2026-08-20T10:45:00,2026-10-08T15:17:39,Relator(a),Estudo para manifestação do relator,,
FIN,682543,2026-10-02,,PL 110/2024,2279,Ver. SILVINHO LEITE (UNIÃO),ADM,2025-12-11T16:31:21,2025-12-15T14:14:00,2026-06-17T14:59:46,Consultoria (CTEO.1),Elaborar Minuta de Relatório,,
CCJ,682633,2026-10-02,,PL 112/2024,2206,Ver. SILVIA DA BANCADA FEMINISTA (PSOL),SGP22,2025-03-06T16:46:00,2025-03-14T15:27:00,2025-10-06T15:31:42,Relator(a),Estudo para manifestação do relator,,
FIN,682655,2026-10-02,,PL 113/2024,2150,Ver. ANDRÉ SANTOS (REPUBLICANOS),ADM,2025-10-23T13:19:31,2025-10-28T12:06:00,2026-08-11T18:58:31,Secretaria (SGP12),Aguardando Informações do Executivo,,
CCJ,682811,2026-10-02,,PDL 6/2024,2218,Ver. THAMMY MIRANDA (PSD),SGP22,2025-02-17T15:32:00,2025-03-14T15:27:00,2025-11-04T16:34:01,Secretaria (SGP12),Aguardando Informações do(a) Autor(a),,
CCJ,683153,2026-10-02,,PL 117/2024,2218,Ver. THAMMY MIRANDA (PSD),SGP22,2025-03-20T14:23:00,2025-03-26T12:34:00,2025-07-02T18:15:38,Relator(a),Estudo para manifestação do relator,,
URB,683249,2026-10-02,,PL 119/2024,2272,Ver. DHEISON SILVA (PT),CCJ,2025-09-22T11:33:14,2025-09-22T16:01:00,2026-04-15T17:15:14,Relator(a),Estudo para manifestação do relator,,
CCJ,683661,2026-10-02,,PL 121/2024,2218,Ver. THAMMY MIRANDA (PSD),SGP22,2025-02-18T17:32:00,2025-03-14T15:27:00,2026-05-12T14:12:32,Secretaria (SGP12),Em Condição de Pauta,,
CCJ,683698,2026-10-02,,PDL 12/2024,2218,Ver. THAMMY MIRANDA (PSD),SGP22,2025-02-10T17:05:00,2025-03-14T15:27:00,2025-09-15T17:00:58,Secretaria (SGP12),Em Condição de Pauta,,
ECON,683725,2026-10-02,,PL 122/2024,2228,Ver. RENATA FALZONI (PSB),ADM,2025-11-28T07:49:07,2025-12-01T13:13:00,2026-10-01T11:58:35,Relator(a),Assinar Relatório,,
CCJ,683836,2026-10-02,,PL 124/2024,2254,Ver. LUNA ZARATTINI (PT),SGP22,2025-03-06T16:46:00,2025-03-14T15:27:00,2026-08-10T14:59:56,Relator(a),Estudo para manifestação do relator,,
CCJ,684073,2026-10-02,,PL 126/2024,2206,Ver. SILVIA DA BANCADA FEMINISTA (PSOL),SGP22,2025-03-06T16:28:00,2025-03-14T15:27:00,2025-03-17T13:15:13,Relator(a),Estudo para manifestação do relator,,
CCJ,684429,2026-10-02,,PL 133/2024,2217,Ver. SANSÃO PEREIRA (REPUBLICANOS),SGP22,2025-02-07T15:21:00,2025-03-15T00:24:00,2025-11-10T13:38:52,Secretaria (SGP12),Adiado,,
ADM,684634,2026-10-02,,PL 136/2024,2283,Ver. ZOE MARTÍNEZ (PL),SGP22,2025-04-03T17:17:00,2025-04-04T14:35:00,2026-07-14T15:55:55,Relator(a),Estudo para manifestação do relator,,
CCJ,684969,2026-10-02,,PL 140/2024,2282,Ver. LUCAS PAVANATO (PL),SGP22,2025-02-07T15:24:00,2025-03-16T19:29:00,2025-04-07T18:21:16,Relator(a),Estudo para manifestação do relator,,
CCJ,685100,2026-10-02,,PL 141/2024,2254,Ver. LUNA ZARATTINI (PT),SGP22,2025-02-07T15:25:00,2025-03-16T19:29:00,2026-03-30T18:22:40,Secretaria (SGP12),Em Condição de Pauta,,
CCJ,685400,2026-10-02,,PL 152/2024,2206,Ver. SILVIA DA BANCADA FEMINISTA (PSOL),SGP22,2025-02-18T10:47:00,2025-03-16T19:29:00,2025-03-26T18:43:54,Relator(a),Estudo para manifestação do relator,,
FIN,685401,2026-10-02,,PL 153/2024,2278,Ver. KEIT LIMA (PSOL),EDUC,2026-04-10T14:58:35,2026-04-13T14:58:00,2026-06-11T15:13:43,Relator(a),Estudo para manifestação do relator,,
CCJ,685468,2026-10-02,,PL 154/2024,2217,Ver. SANSÃO PEREIRA (REPUBLICANOS),SGP22,2026-08-27T14:03:00,2026-08-31T01:21:00,2026-08-31T16:27:23,Procuradoria,Para análise e envio ao(à) relator(a),,
SAUDE,685476,2026-10-02,,PL 156/2024,2256,Ver. HÉLIO RODRIGUES (PT),SGP22,2026-08-27T14:08:00,2026-08-27T18:44:00,2026-09-15T14:58:39,Relator(a),Estudo para manifestação do relator,,
ADM,685993,2026-10-02,,PL 167/2024,,,SGP22,2026-08-27T14:05:00,2026-08-27T14:41:00,2026-08-27T14:41:00,Presidente da Comissão,Designar Relator,,
CCJ,686068,2026-10-02,,PL 173/2024,1636,Ver. DR. MILTON FERREIRA (PODE),SGP22,2025-02-13T18:47:00,2025-03-16T19:29:00,2025-04-10T14:13:28,Relator(a),Estudo para manifestação do relator,,
URB,686099,2026-10-02,,PL 174/2024,2269,Ver. MARINA BRAGANTE (PSB),SGP22,2025-02-13T18:44:00,2025-03-18T16:54:00,2026-04-15T15:00:13,Relator(a),Estudo para manifestação do relator,,
CCJ,686102,2026-10-02,,PL 175/2024,2276,Ver. SILVÃO LEITE (UNIÃO),SGP22,2025-02-11T10:39:00,2025-03-16T19:29:00,2025-06-09T16:22:01,Relator(a),Estudo para manifestação do relator,,
CCJ,686103,2026-10-02,,PL 176/2024,2206,Ver. SILVIA DA BANCADA FEMINISTA (PSOL),SGP22,2025-02-18T11:18:00,2025-03-15T00:24:00,2025-03-21T16:02:48,Relator(a),Estudo para manifestação do relator,,
CCJ,686216,2026-10-02,,PL 177/2024,2277,Ver. JANAINA PASCHOAL (PP),SGP22,2025-02-11T10:43:00,2025-03-16T19:29:00,2025-09-29T15:02:40,Secretaria (SGP12),Adiado,,
CCJ,686257,2026-10-02,,PL 179/2024,2217,Ver. SANSÃO PEREIRA (REPUBLICANOS),SGP22,2025-03-20T14:23:00,2025-03-26T12:34:00,2025-09-29T12:47:02,Secretaria (SGP12),Adiado,,
CCJ,686270,2026-10-02,,PL 180/2024,2218,Ver. THAMMY MIRANDA (PSD),SGP22,2025-03-20T14:23:00,2025-03-26T12:34:00,2025-09-11T17:17:59,Secretaria (SGP12),Em Condição de Pauta,,
CCJ,686292,2026-10-02,,PL 181/2024,2217,Ver. SANSÃO PEREIRA (REPUBLICANOS),SGP22,2025-03-20T14:23:00,2025-03-26T12:34:00,2025-09-29T15:04:51,Secretaria (SGP12),Adiado,,
CCJ,686648,2026-10-02,,PL 184/2024,2282,Ver. LUCAS PAVANATO (PL),SGP22,2025-04-03T17:18:00,2025-04-03T20:45:00,2025-09-23T12:08:41,Secretaria (SGP12),Em Condição de Pauta,,
FIN,686661,2026-10-02,,PL 186/2024,2278,Ver. KEIT LIMA (PSOL),SAUDE,2025-11-07T11:07:43,2025-11-14T11:11:00,2025-11-29T14:39:03,Consultoria (CTEO.1),Para análise,,
CCJ,686682,2026-10-02,,PL 187/2024,2217,Ver. SANSÃO PEREIRA (REPUBLICANOS),SGP22,2025-02-07T15:34:00,2025-03-16T19:29:00,2025-09-29T15:05:52,Secretaria (SGP12),Adiado,,
CCJ,686722,2026-10-02,,PL 189/2024,2206,Ver. SILVIA DA BANCADA FEMINISTA (PSOL),SGP22,2025-02-13T18:40:00,2025-03-16T19:29:00,2025-04-02T17:18:33,Relator(a),Estudo para manifestação do relator,,
ADM,686817,2026-10-02,,PL 192/2024,,,URB,2026-05-15T12:53:48,2026-05-19T14:26:00,2026-05-19T14:26:00,Presidente da Comissão,Designar Relator,,
FIN,686940,2026-10-02,,PL 193/2024,2146,Ver. GILBERTO NASCIMENTO (PL),SAUDE,2026-05-22T14:59:10,2026-06-02T14:40:00,2026-09-02T16:37:14,Relator(a),Estudo para manifestação do relator,,
CCJ,687342,2026-10-02,,PL 202/2024,2276,Ver. SILVÃO LEITE (UNIÃO),SGP22,2025-02-11T10:51:00,2025-03-16T19:29:00,2025-06-05T17:13:01,Relator(a),Estudo para manifestação do relator,,
SAUDE,687702,2026-10-02,,PL 207/2024,2256,Ver. HÉLIO RODRIGUES (PT),ADM,2025-10-23T13:18:12,2025-10-28T15:03:00,2026-04-15T16:11:48,Relator(a),Assinar Relatório,,
FIN,687784,2026-10-02,,PL 209/2024,,,SAUDE,2026-08-25T14:38:29,2026-08-26T16:44:00,2026-09-30T13:17:00,Secretaria (SGP12),Aguardando 2ª Audiência Pública,,
EDUC,687788,2026-10-02,,PL 210/2024,1989,Ver. GEORGE HATO (MDB),SGP22,2025-02-13T18:38:00,2025-03-13T16:34:00,2026-08-05T17:09:24,Relator(a),Estudo para manifestação do relator,,
CCJ,688296,2026-10-02,,PL 216/2024,1636,Ver. DR. MILTON FERREIRA (PODE),SGP22,2025-02-11T10:53:00,2025-03-16T19:29:00,2025-12-03T18:58:39,Secretaria (SGP12),Em Condição de Pauta,,
CCJ,688326,2026-10-02,,PL 217/2024,2276,Ver. SILVÃO LEITE (UNIÃO),SGP22,2025-10-30T15:59:00,2025-10-31T14:58:00,2025-11-07T16:19:17,Relator(a),Estudo para manifestação do relator,,
CCJ,688589,2026-10-02,,PL 224/2024,1636,Ver. DR. MILTON FERREIRA (PODE),SGP22,2025-02-13T18:32:00,2025-03-16T19:29:00,2026-03-12T15:56:45,Relator(a),Estudo para manifestação do relator,,
CCJ,688631,2026-10-02,,PL 226/2024,2217,Ver. SANSÃO PEREIRA (REPUBLICANOS),SGP22,2025-03-20T14:54:00,2025-03-26T12:34:00,2026-03-12T15:56:42,Relator(a),Estudo para manifestação do relator,,
CCJ,688634,2026-10-02,2026-10-04,PL 227/2024,2218,Ver. THAMMY MIRANDA (PSD),SGP22,2026-08-27T14:03:00,2026-08-31T01:21:00,2026-08-31T16:27:23,Procuradoria,Para análise e envio ao(à) relator(a),,
CCJ,688634,2026-10-05,,PL 227/2024,2218,Ver. THAMMY MIRANDA (PSD),SGP22,2026-08-27T14:03:00,2026-08-31T01:21:00,2026-10-05T17:11:41,Relator(a),Estudo para manifestação do relator,,
CCJ,688664,2026-10-02,,PL 229/2024,2206,Ver. SILVIA DA BANCADA FEMINISTA (PSOL),SGP22,2025-03-06T16:28:00,2025-03-16T19:29:00,2025-03-21T17:11:01,Relator(a),Estudo para manifestação do relator,,
CCJ,689048,2026-10-02,,PL 235/2024,2276,Ver. SILVÃO LEITE (UNIÃO),SGP22,2025-02-20T11:04:00,2025-03-16T19:29:00,2026-06-01T17:45:03,Secretaria (SGP12),Adiado,,
CCJ,689087,2026-10-02,,PL 238/2024,2276,Ver. SILVÃO LEITE (UNIÃO),SGP22,2025-02-13T18:29:00,2025-03-16T19:29:00,2025-10-01T16:06:19,Relator(a),Estudo para manifestação do relator,,
CCJ,689124,2026-10-02,,PL 239/2024,1636,Ver. DR. MILTON FERREIRA (PODE),SGP22,2025-02-13T18:27:00,2025-03-16T19:29:00,2026-05-13T18:31:18,Secretaria (SGP12),Em Condição de Pauta,,
SAUDE,689148,2026-10-02,,PL 241/2024,2281,Ver. SIMONE GANEM (PODE),ADM,2025-06-26T16:40:51,2025-07-07T12:57:00,2026-03-30T10:49:02,Relator(a),Assinar Relatório,,
CCJ,689576,2026-10-02,,PL 243/2024,2206,Ver. SILVIA DA BANCADA FEMINISTA (PSOL),SGP22,2025-03-20T14:54:00,2025-03-26T12:34:00,2025-04-22T16:34:27,Relator(a),Estudo para manifestação do relator,,
ADM,689615,2026-10-02,,PL 244/2024,,,CCJ,2026-08-20T15:24:01,2026-08-20T18:53:00,2026-08-20T18:53:00,Presidente da Comissão,Designar Relator,,
CCJ,689693,2026-10-02,,PL 248/2024,2218,Ver. THAMMY MIRANDA (PSD),SGP22,2025-02-07T15:43:00,2025-03-16T19:29:00,2025-10-23T14:32:13,Secretaria (SGP12),Em Condição de Pauta,,
URB,689694,2026-10-02,,PL 249/2024,2144,Ver. FABIO RIVA (MDB),SGP22,2025-02-07T15:45:00,2025-03-18T16:54:00,2026-04-15T15:00:13,Relator(a),Estudo para manifestação do relator,,
URB,689695,2026-10-02,,PL 250/2024,2144,Ver. FABIO RIVA (MDB),SGP22,2025-02-07T15:47:00,2025-03-18T15:23:00,2026-04-15T15:00:13,Relator(a),Estudo para manifestação do relator,,
CCJ,689740,2026-10-02,,PL 251/2024,2282,Ver. LUCAS PAVANATO (PL),SGP22,2025-02-18T11:28:00,2025-03-16T19:29:00,2025-03-26T18:43:58,Relator(a),Estudo para manifestação do relator,,
CCJ,689971,2026-10-02,,PR 11/2024,2218,Ver. THAMMY MIRANDA (PSD),SGP22,2025-02-10T13:52:00,2025-03-14T15:27:00,2026-04-06T17:55:58,Relator(a),Assinar Relatório,,
FIN,690234,2026-10-02,,PL 259/2024,2150,Ver. ANDRÉ SANTOS (REPUBLICANOS),SAUDE,2025-10-13T11:15:45,2025-10-13T14:45:00,2026-09-02T14:24:05,Consultoria,Para análise,,
URB,690512,2026-10-02,,PL 266/2024,2147,Ver. ISAC FÉLIX (PL),CCJ,2026-03-27T14:07:00,2026-03-31T11:49:00,2026-08-13T15:06:37,Secretaria (SGP12),Em Condição de Pauta,,
CCJ,690617,2026-10-02,,PL 268/2024,1636,Ver. DR. MILTON FERREIRA (PODE),SGP22,2025-02-13T18:21:00,2025-03-14T15:27:00,2025-03-17T13:15:16,Relator(a),Estudo para manifestação do relator,,
CCJ,690673,2026-10-02,,PL 272/2024,2276,Ver. SILVÃO LEITE (UNIÃO),SGP22,2025-02-14T18:14:00,2025-03-14T15:27:00,2025-05-27T17:19:58,Relator(a),Estudo para manifestação do relator,,
CCJ,690760,2026-10-02,,PDL 51/2024,2217,Ver. SANSÃO PEREIRA (REPUBLICANOS),SGP22,2025-03-20T15:56:00,2025-03-26T12:34:00,2025-09-29T13:14:09,Secretaria (SGP12),Adiado,,
CCJ,690765,2026-10-02,,PL 275/2024,2217,Ver. SANSÃO PEREIRA (REPUBLICANOS),SGP22,2025-02-13T18:18:00,2025-03-14T15:27:00,2025-03-17T13:12:59,Relator(a),Estudo para manifestação do relator,,
CCJ,690780,2026-10-02,,PL 276/2024,2277,Ver. JANAINA PASCHOAL (PP),SGP22,2025-02-13T18:13:00,2025-03-14T15:27:00,2025-09-29T13:23:47,Secretaria (SGP12),Adiado,,
CCJ,690781,2026-10-02,,PL 277/2024,1636,Ver. DR. MILTON FERREIRA (PODE),SGP21,2026-08-19T18:41:00,2026-08-20T10:39:00,2026-09-14T20:13:42,Secretaria (SGP12),Em Condição de Pauta,,
FIN,690805,2026-10-02,,PL 279/2024,2278,Ver. KEIT LIMA (PSOL),EDUC,2025-10-17T11:21:15,2025-11-03T10:32:00,2026-03-26T16:29:41,Relator(a),Estudo para manifestação do relator,,
CCJ,690806,2026-10-02,,PL 280/2024,2217,Ver. SANSÃO PEREIRA (REPUBLICANOS),SGP22,2025-02-20T11:17:00,2025-03-14T15:27:00,2025-09-29T15:25:40,Secretaria (SGP12),Adiado,,
CCJ,690978,2026-10-02,,PL 283/2024,2206,Ver. SILVIA DA BANCADA FEMINISTA (PSOL),SGP22,2025-02-13T18:05:00,2025-03-14T15:27:00,2025-03-17T13:13:03,Relator(a),Estudo para manifestação do relator,,
FIN,691105,2026-10-02,,PL 285/2024,2219,Ver. MARCELO MESSIAS (MDB),EDUC,2026-05-21T14:28:49,2026-05-21T17:59:00,2026-06-15T11:18:35,Consultoria (CTEO.1),Para análise,,
CCJ,691291,2026-10-02,,PL 288/2024,2206,Ver. SILVIA DA BANCADA FEMINISTA (PSOL),SGP22,2025-02-20T11:19:00,2025-03-14T15:27:00,2025-03-17T13:13:04,Relator(a),Estudo para manifestação do relator,,
CCJ,691292,2026-10-02,,PL 289/2024,2217,Ver. SANSÃO PEREIRA (REPUBLICANOS),SGP22,2025-02-18T12:05:00,2025-03-14T15:27:00,2026-08-17T16:53:02,Secretaria (SGP12),Aguardando Informações do Executivo,,
FIN,691293,2026-10-02,,PL 290/2024,2278,Ver. KEIT LIMA (PSOL),SAUDE,2025-10-13T11:15:46,2025-10-13T14:45:00,2026-04-16T15:14:49,Relator(a),Estudo para manifestação do relator,,
FIN,691299,2026-10-02,,PL 296/2024,2278,Ver. KEIT LIMA (PSOL),SAUDE,2025-09-11T12:57:07,2025-09-12T16:37:00,2026-04-08T16:59:45,Relator(a),Estudo para manifestação do relator,,
CCJ,691322,2026-10-02,,PL 298/2024,2206,Ver. SILVIA DA BANCADA FEMINISTA (PSOL),SGP21,2025-09-01T15:43:00,2025-09-02T16:19:00,2025-09-04T15:48:41,Relator(a),Estudo para manifestação do relator,,
CCJ,691386,2026-10-02,,PL 302/2024,2276,Ver. SILVÃO LEITE (UNIÃO),SGP22,2025-02-13T17:40:00,2025-03-14T15:27:00,2025-08-28T17:14:05,Secretaria (SGP12),Em Condição de Pauta,,
CCJ,691659,2026-10-02,,PL 304/2024,2282,Ver. LUCAS PAVANATO (PL),SGP22,2025-03-06T16:07:00,2025-03-14T15:27:00,2025-03-24T14:24:11,Relator(a),Assinar Relatório,,
CCJ,691805,2026-10-02,,PL 306/2024,2276,Ver. SILVÃO LEITE (UNIÃO),SGP22,2025-02-13T17:36:00,2025-03-14T15:27:00,2025-08-13T09:38:04,Secretaria (SGP12),Em Condição de Pauta,,
FIN,691845,2026-10-02,,PL 307/2024,2279,Ver. SILVINHO LEITE (UNIÃO),SAUDE,2026-03-31T14:19:42,2026-04-07T18:47:00,2026-06-25T18:57:00,Consultoria,Elaborar relatório,,
URB,691957,2026-10-02,,PL 309/2024,2273,Ver. DR. MURILLO LIMA (PP),SGP22,2025-02-18T12:54:00,2025-03-18T15:23:00,2025-04-23T18:16:55,Presidente da Comissão,Assinar Pedido de Informação ao Executivo,,
CCJ,692187,2026-10-02,,PL 310/2024,2218,Ver. THAMMY MIRANDA (PSD),SGP22,2025-02-11T10:58:00,2025-03-14T15:27:00,2025-05-22T16:17:33,Secretaria (SGP12),Adiado,,
CCJ,692257,2026-10-02,,PL 311/2024,2277,Ver. JANAINA PASCHOAL (PP),SGP22,2025-02-24T17:32:00,2025-03-14T15:27:00,2025-05-08T18:37:09,Secretaria (SGP12),Adiado,,
CCJ,692481,2026-10-02,,PL 313/2024,2217,Ver. SANSÃO PEREIRA (REPUBLICANOS),SGP22,2025-02-11T11:16:00,2025-03-14T15:27:00,2025-09-29T12:48:30,Secretaria (SGP12),Adiado,,
CCJ,692850,2026-10-02,,PL 315/2024,2282,Ver. LUCAS PAVANATO (PL),SGP22,2025-03-06T16:07:00,2025-03-14T15:27:00,2026-09-22T17:14:36,Secretaria (SGP12),Aguardando Informações do(a) Autor(a),,
CCJ,692851,2026-10-02,,PL 316/2024,2282,Ver. LUCAS PAVANATO (PL),SGP22,2025-03-06T16:07:00,2025-03-14T15:27:00,2026-09-22T17:14:37,Secretaria (SGP12),Aguardando Informações do(a) Autor(a),,
CCJ,692852,2026-10-02,,PL 317/2024,2277,Ver. JANAINA PASCHOAL (PP),SGP22,2025-03-06T16:07:00,2025-03-14T15:27:00,2026-06-30T16:01:19,Secretaria (SGP12),Aguardando Informações do(a) Autor(a),,
CCJ,692853,2026-10-02,,PL 318/2024,2282,Ver. LUCAS PAVANATO (PL),SGP22,2025-03-06T16:07:00,2025-03-14T15:27:00,2026-09-22T17:14:37,Secretaria (SGP12),Aguardando Informações do(a) Autor(a),,
FIN,692869,2026-10-02,,PL 319/2024,2246,Ver. MAJOR PALUMBO (PP),EDUC,2026-09-08T16:31:31,2026-09-09T12:02:00,2026-09-23T15:06:57,Consultoria (CTEO.1),Para análise,,
CCJ,693157,2026-10-02,,PL 322/2024,1636,Ver. DR. MILTON FERREIRA (PODE),SGP22,2025-02-14T18:12:00,2025-03-14T15:27:00,2025-05-27T09:52:36,Relator(a),Estudo para manifestação do relator,,
FIN,693370,2026-10-02,,PL 324/2024,2278,Ver. KEIT LIMA (PSOL),EDUC,2026-04-22T10:36:00,2026-04-23T16:28:00,2026-06-11T15:15:50,Relator(a),Estudo para manifestação do relator,,
CCJ,693514,2026-10-02,,PL 327/2024,2277,Ver. JANAINA PASCHOAL (PP),SGP22,2025-02-11T11:17:00,2025-03-14T15:27:00,2025-05-08T18:38:17,Secretaria (SGP12),Adiado,,
CCJ,693612,2026-10-02,,PL 330/2024,2218,Ver. THAMMY MIRANDA (PSD),SGP22,2025-02-13T17:17:00,2025-03-14T15:27:00,2026-09-14T17:37:33,Secretaria (SGP12),Em Condição de Pauta,,
CCJ,693614,2026-10-02,,PL 331/2024,2206,Ver. SILVIA DA BANCADA FEMINISTA (PSOL),SGP22,2026-08-27T14:03:00,2026-08-31T01:21:00,2026-09-22T17:14:38,Secretaria (SGP12),Aguardando Informações do(a) Autor(a),,
FIN,693699,2026-10-02,,PL 333/2024,2271,Ver. ANA CAROLINA OLIVEIRA (PODE),SGP22,2025-02-18T12:57:00,2025-03-13T13:34:00,2025-04-09T15:05:34,Relator(a),Estudo para manifestação do relator,,
EDUC,693857,2026-10-02,2026-10-06,PL 338/2024,1349,Ver. SENIVAL MOURA (PT),URB,2026-05-15T12:44:11,2026-05-21T14:34:00,2026-09-25T22:09:07,Secretaria (SGP12),Em Condição de Pauta,,
EDUC,693857,2026-10-07,,PL 338/2024,1349,Ver. SENIVAL MOURA (PT),URB,2026-05-15T12:44:11,2026-05-21T14:34:00,2026-10-07T18:03:47,Presidente da Comissão,Assinar Certidão de Votação,,
CCJ,694196,2026-10-02,,PL 340/2024,2206,Ver. SILVIA DA BANCADA FEMINISTA (PSOL),SGP22,2025-02-20T11:23:00,2025-03-14T15:27:00,2025-03-17T13:13:14,Relator(a),Estudo para manifestação do relator,,
CCJ,694212,2026-10-02,,PL 342/2024,2276,Ver. SILVÃO LEITE (UNIÃO),SGP22,2025-02-14T15:45:00,2025-03-14T15:27:00,2025-05-19T16:40:02,Secretaria (SGP12),Em Condição de Pauta,,
FIN,694389,2026-10-02,,PL 345/2024,2278,Ver. KEIT LIMA (PSOL),SAUDE,2026-04-23T11:39:14,2026-04-23T16:28:00,2026-09-30T13:35:30,Secretaria (SGP12),Aguardando 2ª Audiência Pública,,
CCJ,694517,2026-10-02,,PL 347/2024,1636,Ver. DR. MILTON FERREIRA (PODE),SGP22,2025-02-13T17:11:00,2025-03-14T15:27:00,2025-03-17T13:13:18,Relator(a),Estudo para manifestação do relator,,
URB,694519,2026-10-02,2026-10-07,PL 348/2024,2144,Ver. FABIO RIVA (MDB),CCJ,2025-05-12T21:42:14,2025-05-22T16:42:00,2026-08-13T15:27:10,Secretaria (SGP12),Aguardando Informações do Executivo,,
URB,694519,2026-10-08,,PL 348/2024,2144,Ver. FABIO RIVA (MDB),CCJ,2025-05-12T21:42:14,2025-05-22T16:42:00,2026-10-08T16:10:38,Consultoria,Para análise,Resposta Executivo Docrec 1230/2026,
CCJ,694913,2026-10-02,,PL 360/2024,2206,Ver. SILVIA DA BANCADA FEMINISTA (PSOL),SGP21,2026-08-19T18:41:00,2026-08-20T10:39:00,2026-08-27T14:46:30,Relator(a),Estudo para manifestação do relator,,
URB,694937,2026-10-02,,PL 361/2024,,,SGP22,2025-02-11T11:23:00,2025-03-18T15:23:00,2026-03-09T14:37:34,Presidente da Comissão,Redesignar Relator,,
ADM,695060,2026-10-02,,PL 363/2024,2275,Ver. GABRIEL ABREU (PODE),CCJ,2025-06-06T16:29:35,2025-06-06T16:57:00,2026-05-06T18:47:42,Relator(a),Estudo para manifestação do relator,,
CCJ,695163,2026-10-02,,PL 366/2024,2282,Ver. LUCAS PAVANATO (PL),SGP22,2025-02-18T13:16:00,2025-03-14T15:27:00,2025-06-11T12:08:34,Relator(a),Assinar Relatório,,
CCJ,695259,2026-10-02,,PL 367/2024,2282,Ver. LUCAS PAVANATO (PL),SGP22,2025-02-14T15:38:00,2025-03-14T15:27:00,2026-05-20T17:51:49,Secretaria (SGP12),Em Condição de Pauta,,
CCJ,695467,2026-10-02,,PL 370/2024,2277,Ver. JANAINA PASCHOAL (PP),SGP22,2025-04-03T17:18:00,2025-04-03T20:45:00,2025-09-29T15:07:07,Secretaria (SGP12),Adiado,,
CCJ,695505,2026-10-02,,PL 372/2024,1636,Ver. DR. MILTON FERREIRA (PODE),SGP22,2025-02-11T11:24:00,2025-03-14T15:27:00,2025-04-23T13:47:28,Relator(a),Estudo para manifestação do relator,,
CCJ,695510,2026-10-02,,PL 373/2024,1636,Ver. DR. MILTON FERREIRA (PODE),SGP22,2025-02-13T16:46:00,2025-03-14T15:27:00,2025-10-14T17:26:52,Secretaria (SGP12),Em Condição de Pauta,,
CCJ,695525,2026-10-02,,PL 375/2024,2282,Ver. LUCAS PAVANATO (PL),SGP22,2025-03-20T17:53:00,2025-03-26T12:34:00,2025-09-23T12:06:55,Secretaria (SGP12),Em Condição de Pauta,,
CCJ,695579,2026-10-02,,PL 376/2024,2206,Ver. SILVIA DA BANCADA FEMINISTA (PSOL),SGP22,2025-03-06T16:01:00,2025-03-14T15:27:00,2025-06-06T17:27:04,Relator(a),Estudo para manifestação do relator,,
CCJ,695613,2026-10-02,,PL 377/2024,2277,Ver. JANAINA PASCHOAL (PP),SGP22,2025-02-13T16:43:00,2025-03-14T15:27:00,2025-09-29T15:16:48,Secretaria (SGP12),Adiado,,
CCJ,695721,2026-10-02,,PL 378/2024,1636,Ver. DR. MILTON FERREIRA (PODE),SGP22,2025-02-18T13:20:00,2025-03-14T15:27:00,2026-05-14T15:43:02,Relator(a),Estudo para manifestação do relator,,
CCJ,695724,2026-10-02,,PL 379/2024,2217,Ver. SANSÃO PEREIRA (REPUBLICANOS),SGP22,2025-02-25T17:27:00,2025-03-14T15:27:00,2026-08-04T13:00:41,Secretaria (SGP12),Em Condição de Pauta,,
EDUC,695725,2026-10-02,,PR 18/2024,,,ADM,2025-09-05T15:15:57,2025-09-08T12:19:00,2025-09-08T12:19:00,Presidente da Comissão,Designar Relator,,
ADM,695726,2026-10-02,,PL 380/2024,1999,Ver. PROFESSOR TONINHO VESPOLI (PSOL),SGP22,2025-09-29T15:32:00,2025-09-30T11:50:00,2026-06-15T10:00:00,Secretaria (SGP12),Aguardando Informações do Executivo,,
EDUC,695996,2026-10-02,2026-10-07,PL 386/2024,2185,Ver. CELSO GIANNAZI (PSOL),URB,2026-08-14T17:12:23,2026-08-25T11:15:00,2026-10-01T15:54:43,Consultoria (SGP.52),Elaborar Minuta de Relatório,,
EDUC,695996,2026-10-08,,PL 386/2024,2185,Ver. CELSO GIANNAZI (PSOL),URB,2026-08-14T17:12:23,2026-08-25T11:15:00,2026-10-08T10:17:46,Relator(a),Assinar Relatório,,
CCJ,696099,2026-10-02,,PL 393/2024,2282,Ver. LUCAS PAVANATO (PL),SGP22,2025-03-20T14:54:00,2025-03-26T12:34:00,2026-05-20T17:49:53,Secretaria (SGP12),Em Condição de Pauta,,
CCJ,696100,2026-10-02,,PL 394/2024,2276,Ver. SILVÃO LEITE (UNIÃO),SGP22,2025-02-13T16:40:00,2025-03-14T15:27:00,2025-04-01T18:18:59,Relator(a),Estudo para manifestação do relator,,
CCJ,696135,2026-10-02,,PL 396/2024,2277,Ver. JANAINA PASCHOAL (PP),SGP22,2025-02-18T13:28:00,2025-03-14T15:27:00,2025-09-29T15:29:03,Secretaria (SGP12),Adiado,,
FIN,696207,2026-10-02,,PL 398/2024,,,SAUDE,2026-09-08T09:25:23,2026-09-09T11:58:00,2026-09-09T11:58:00,Presidente da Comissão,Designar Relator,,
FIN,696613,2026-10-02,,PL 401/2024,2219,Ver. MARCELO MESSIAS (MDB),EDUC,2026-03-19T14:22:55,2026-03-20T11:52:00,2026-09-10T18:19:11,Relator(a),Estudo para manifestação do relator,,
CCJ,696828,2026-10-02,,PL 409/2024,2217,Ver. SANSÃO PEREIRA (REPUBLICANOS),SGP22,2025-11-13T15:18:00,2025-11-13T18:03:00,2025-11-24T15:13:35,Relator(a),Estudo para manifestação do relator,,
CCJ,696951,2026-10-02,,PL 412/2024,2217,Ver. SANSÃO PEREIRA (REPUBLICANOS),SGP22,2025-04-03T17:18:00,2025-04-03T20:45:00,2025-09-29T14:23:18,Secretaria (SGP12),Adiado,,
CCJ,697150,2026-10-02,,PL 415/2024,2218,Ver. THAMMY MIRANDA (PSD),SGP22,2025-02-11T12:16:00,2025-03-14T15:27:00,2026-09-16T14:00:00,Secretaria (SGP12),Deliberado,APROVADO,
CCJ,697151,2026-10-02,,PL 416/2024,2276,Ver. SILVÃO LEITE (UNIÃO),SGP22,2025-02-24T16:52:00,2025-03-14T15:27:00,2025-06-09T16:22:10,Relator(a),Estudo para manifestação do relator,,
CCJ,697297,2026-10-02,,PL 418/2024,2217,Ver. SANSÃO PEREIRA (REPUBLICANOS),SGP22,2025-12-01T14:22:00,2025-12-02T11:10:00,2025-12-08T15:02:53,Relator(a),Estudo para manifestação do relator,,
CCJ,697440,2026-10-02,,PL 428/2024,2277,Ver. JANAINA PASCHOAL (PP),SGP22,2025-02-07T15:56:00,2025-03-14T15:27:00,2025-09-29T12:57:27,Secretaria (SGP12),Adiado,,
CCJ,697455,2026-10-02,,PL 429/2024,2276,Ver. SILVÃO LEITE (UNIÃO),SGP22,2025-12-01T14:22:00,2025-12-02T11:10:00,2025-12-10T13:13:52,Relator(a),Estudo para manifestação do relator,,
CCJ,697550,2026-10-02,,PL 430/2024,2218,Ver. THAMMY MIRANDA (PSD),SGP22,2025-02-14T18:10:00,2025-03-14T15:27:00,2025-05-05T15:43:10,Presidente da Comissão,Assinar Pedido de Informação ao Executivo,,
CCJ,697579,2026-10-02,,PL 432/2024,2282,Ver. LUCAS PAVANATO (PL),SGP22,2025-02-24T16:39:00,2025-03-14T15:27:00,2025-05-22T16:01:14,Relator(a),Assinar Relatório,,
CCJ,697790,2026-10-02,,PL 435/2024,2206,Ver. SILVIA DA BANCADA FEMINISTA (PSOL),SGP22,2025-02-13T12:28:00,2025-03-16T19:29:00,2025-06-09T16:22:11,Relator(a),Estudo para manifestação do relator,,
CCJ,697951,2026-10-02,,PL 442/2024,2282,Ver. LUCAS PAVANATO (PL),SGP22,2025-03-11T12:02:00,2025-03-16T19:29:00,2026-05-25T19:10:58,Relator(a),Assinar Relatório,,
CCJ,697987,2026-10-02,,PL 443/2024,2276,Ver. SILVÃO LEITE (UNIÃO),SGP22,2025-02-06T15:37:00,2025-03-16T19:29:00,2025-06-06T17:26:43,Relator(a),Estudo para manifestação do relator,,
CCJ,698599,2026-10-02,,PL 450/2024,2282,Ver. LUCAS PAVANATO (PL),SGP22,2025-02-18T13:31:00,2025-03-16T19:29:00,2026-05-25T10:34:27,Relator(a),Assinar Relatório,,
FIN,698661,2026-10-02,,PL 452/2024,2271,Ver. ANA CAROLINA OLIVEIRA (PODE),SAUDE,2026-03-31T14:19:39,2026-04-07T18:47:00,2026-06-25T18:54:35,Consultoria,Elaborar relatório,,
CCJ,698662,2026-10-02,,PL 453/2024,2206,Ver. SILVIA DA BANCADA FEMINISTA (PSOL),SGP22,2025-02-20T11:37:00,2025-03-16T19:29:00,2025-04-10T18:26:57,Relator(a),Estudo para manifestação do relator,,
ADM,698856,2026-10-02,,PL 458/2024,2283,Ver. ZOE MARTÍNEZ (PL),CCJ,2026-05-04T16:32:44,2026-05-05T16:19:00,2026-05-18T18:18:33,Relator(a),Estudo para manifestação do relator,,
ADM,698926,2026-10-02,,PL 461/2024,,,URB,2026-08-14T17:04:12,2026-08-14T18:49:00,2026-08-14T18:49:00,Presidente da Comissão,Designar Relator,,
ECON,699239,2026-10-02,,PL 465/2024,696,Ver. CARLOS BEZERRA JR. (PSD),ADM,2025-10-10T13:20:20,2025-10-13T16:35:00,2026-09-03T14:35:46,Relator(a),Estudo para manifestação do relator,,
CCJ,699396,2026-10-02,,PL 471/2024,2276,Ver. SILVÃO LEITE (UNIÃO),SGP22,2025-05-08T19:50:00,2025-05-09T11:25:00,2025-07-02T18:15:43,Relator(a),Estudo para manifestação do relator,,
CCJ,699397,2026-10-02,,PL 472/2024,2277,Ver. JANAINA PASCHOAL (PP),SGP22,2025-02-13T12:51:00,2025-03-16T19:29:00,2025-06-17T12:40:06,Secretaria (SGP12),Aguardando Informações do(a) Autor(a),,
URB,699846,2026-10-02,,PL 476/2024,2272,Ver. DHEISON SILVA (PT),CCJ,2026-06-22T13:42:08,2026-07-01T17:28:00,2026-08-03T14:34:41,Relator(a),Estudo para manifestação do relator,,
CCJ,699848,2026-10-02,,PL 477/2024,2282,Ver. LUCAS PAVANATO (PL),SGP22,2025-02-07T16:01:00,2025-03-16T19:29:00,2025-03-26T18:44:04,Relator(a),Estudo para manifestação do relator,,
URB,700320,2026-10-02,,PL 484/2024,,,SGP22,2025-02-06T15:44:00,2025-03-18T15:23:00,2025-03-18T15:23:00,Presidente da Comissão,Designar Relator,,
CCJ,700343,2026-10-02,,PL 485/2024,2218,Ver. THAMMY MIRANDA (PSD),SGP22,2025-02-14T16:19:00,2025-03-16T19:29:00,2026-05-12T14:03:07,Secretaria (SGP12),Em Condição de Pauta,,
CCJ,700506,2026-10-02,,PL 488/2024,2217,Ver. SANSÃO PEREIRA (REPUBLICANOS),SGP22,2025-02-13T16:37:00,2025-03-16T19:29:00,2026-04-10T12:46:27,Secretaria (SGP12),Em Condição de Pauta,,
CCJ,700604,2026-10-02,,PL 489/2024,2277,Ver. JANAINA PASCHOAL (PP),SGP22,2025-02-06T14:53:00,2025-03-16T21:27:00,2025-09-29T15:08:20,Secretaria (SGP12),Adiado,,
CCJ,700631,2026-10-02,,PDL 110/2024,2254,Ver. LUNA ZARATTINI (PT),PROC-CMSP,2025-04-14T17:41:00,2025-04-15T09:40:00,2026-03-11T13:02:33,Relator(a),Estudo para manifestação do relator,,
FIN,700645,2026-10-02,,PL 493/2024,2000,Ver. ALESSANDRO GUEDES (PT),SAUDE,2026-03-31T14:19:40,2026-04-01T14:34:00,2026-05-07T17:17:55,Relator(a),Estudo para manifestação do relator,,
SAUDE,700646,2026-10-02,,PL 494/2024,2256,Ver. HÉLIO RODRIGUES (PT),ADM,2025-08-29T12:01:47,2025-09-01T12:58:00,2026-04-23T19:36:40,Relator(a),Assinar Relatório,,
ECON,700687,2026-10-02,,PL 496/2024,696,Ver. CARLOS BEZERRA JR. (PSD),ADM,2025-06-27T12:39:17,2025-06-30T15:51:00,2026-09-03T14:35:46,Relator(a),Estudo para manifestação do relator,,
CCJ,700720,2026-10-02,,PL 498/2024,2217,Ver. SANSÃO PEREIRA (REPUBLICANOS),SGP22,2025-02-11T12:19:00,2025-03-16T19:29:00,2025-09-29T13:09:30,Secretaria (SGP12),Adiado,,
CCJ,700839,2026-10-02,,PL 503/2024,2282,Ver. LUCAS PAVANATO (PL),SGP22,2025-03-20T14:54:00,2025-03-26T12:34:00,2026-03-17T19:18:39,Relator(a),Estudo para manifestação do relator,,
FIN,700903,2026-10-02,,PL 505/2024,2279,Ver. SILVINHO LEITE (UNIÃO),SAUDE,2025-09-11T12:57:08,2025-09-12T16:37:00,2026-08-10T15:16:40,Consultoria,Para análise,,
URB,700936,2026-10-02,,PL 506/2024,2269,Ver. MARINA BRAGANTE (PSB),CCJ,2025-05-12T21:42:07,2025-05-22T16:31:00,2026-06-24T13:12:58,Relator(a),Estudo para manifestação do relator,,
EDUC,700937,2026-10-02,,PL 507/2024,2292,Ver. GUILHERME CORRÊA (UNIÃO),URB,2026-06-02T13:04:53,2026-06-02T15:59:00,2026-09-18T17:52:56,Relator(a),Estudo para manifestação do relator,,
CCJ,700941,2026-10-02,,PL 508/2024,2277,Ver. JANAINA PASCHOAL (PP),SGP22,2025-02-18T13:58:00,2025-03-16T19:29:00,2025-05-22T16:44:41,Secretaria (SGP12),Adiado,,
CCJ,700982,2026-10-02,,PL 509/2024,2282,Ver. LUCAS PAVANATO (PL),SGP22,2025-02-20T11:58:00,2025-03-16T19:29:00,2026-05-25T16:39:04,Relator(a),Assinar Relatório,,
SAUDE,701212,2026-10-02,,PL 513/2024,2281,Ver. SIMONE GANEM (PODE),ADM,2025-08-29T12:17:01,2025-09-01T12:58:00,2025-09-05T17:57:23,Relator(a),Estudo para manifestação do relator,,
CCJ,701257,2026-10-02,,PL 516/2024,1636,Ver. DR. MILTON FERREIRA (PODE),SGP22,2025-02-06T14:56:00,2025-03-16T19:29:00,2025-03-24T16:50:30,Relator(a),Estudo para manifestação do relator,,
CCJ,701740,2026-10-02,,PL 522/2024,2276,Ver. SILVÃO LEITE (UNIÃO),SGP22,2025-02-13T13:15:00,2025-03-16T19:29:00,2025-04-16T18:13:11,Relator(a),Estudo para manifestação do relator,,
CCJ,701784,2026-10-02,,PL 524/2024,2217,Ver. SANSÃO PEREIRA (REPUBLICANOS),SGP22,2025-02-18T15:02:00,2025-03-16T19:29:00,2025-09-29T14:24:16,Secretaria (SGP12),Adiado,,
CCJ,701828,2026-10-02,,PL 526/2024,2282,Ver. LUCAS PAVANATO (PL),SGP22,2025-03-06T16:01:00,2025-03-16T19:29:00,2025-03-19T14:38:02,Relator(a),Assinar Pedido de Informação ao Executivo,,
CCJ,701829,2026-10-02,,PL 527/2024,2206,Ver. SILVIA DA BANCADA FEMINISTA (PSOL),SGP22,2025-03-11T11:56:00,2025-03-16T19:29:00,2025-05-06T18:26:45,Relator(a),Estudo para manifestação do relator,,
CCJ,701973,2026-10-02,,PL 529/2024,2254,Ver. LUNA ZARATTINI (PT),SGP22,2025-03-06T16:01:00,2025-03-16T19:29:00,2026-03-16T16:06:15,Relator(a),Estudo para manifestação do relator,,
ADM,702038,2026-10-02,,PL 532/2024,2268,Ver. AMANDA VETTORAZZO (UNIÃO),CCJ,2025-12-15T18:43:25,2025-12-16T15:17:00,2026-05-06T16:43:28,Relator(a),Estudo para manifestação do relator,,
CCJ,702155,2026-10-02,,PL 535/2024,2276,Ver. SILVÃO LEITE (UNIÃO),SGP22,2025-02-13T14:05:00,2025-03-16T19:29:00,2025-09-22T16:17:01,Relator(a),Estudo para manifestação do relator,A PEDIDO DO RELATOR.,
CCJ,702180,2026-10-02,,PL 536/2024,2217,Ver. SANSÃO PEREIRA (REPUBLICANOS),SGP22,2025-02-11T12:58:00,2025-03-16T19:29:00,2025-09-29T15:09:36,Secretaria (SGP12),Adiado,,
FIN,702200,2026-10-02,,PL 537/2024,2150,Ver. ANDRÉ SANTOS (REPUBLICANOS),SAUDE,2026-03-31T14:19:37,2026-04-01T12:49:00,2026-06-11T14:50:37,Relator(a),Estudo para manifestação do relator,,
CCJ,702304,2026-10-02,,PL 540/2024,2206,Ver. SILVIA DA BANCADA FEMINISTA (PSOL),SGP22,2025-02-13T14:17:00,2025-03-16T19:29:00,2025-03-21T16:00:43,Relator(a),Estudo para manifestação do relator,,
CCJ,702306,2026-10-02,,PL 542/2024,2218,Ver. THAMMY MIRANDA (PSD),SGP22,2025-02-13T16:31:00,2025-03-16T19:29:00,2025-05-22T16:35:51,Secretaria (SGP12),Adiado,,
SAUDE,702307,2026-10-02,,PL 543/2024,176,Ver. ROBERTO TRÍPOLI (PV),ADM,2026-08-14T15:53:09,2026-08-17T22:25:00,2026-08-20T16:52:04,Relator(a),Estudo para manifestação do relator,,
CCJ,702308,2026-10-02,,PL 544/2024,2206,Ver. SILVIA DA BANCADA FEMINISTA (PSOL),SGP22,2025-02-13T16:26:00,2025-03-16T19:29:00,2025-04-01T18:19:03,Relator(a),Estudo para manifestação do relator,,
ADM,702312,2026-10-02,,PL 545/2024,,,CCJ,2026-03-12T18:17:26,2026-03-13T15:44:00,2026-06-15T10:00:00,Secretaria (SGP12),Aguardando Informações do Executivo,,
CCJ,702334,2026-10-02,,PL 548/2024,2217,Ver. SANSÃO PEREIRA (REPUBLICANOS),SGP22,2025-02-13T16:17:00,2025-03-16T19:29:00,2025-08-27T20:54:41,Secretaria (SGP12),Em Condição de Pauta,,
CCJ,702372,2026-10-02,,PL 552/2024,2282,Ver. LUCAS PAVANATO (PL),SGP22,2025-04-03T17:18:00,2025-04-03T20:45:00,2025-07-08T14:23:59,Secretaria (SGP12),Em Condição de Pauta,,
FIN,702379,2026-10-02,,PL 556/2024,2278,Ver. KEIT LIMA (PSOL),SAUDE,2026-03-31T14:19:35,2026-04-01T12:49:00,2026-05-07T17:08:41,Relator(a),Estudo para manifestação do relator,,
CCJ,702465,2026-10-02,,PL 565/2024,2218,Ver. THAMMY MIRANDA (PSD),SGP22,2025-02-11T13:00:00,2025-03-16T19:29:00,2026-03-10T15:43:18,Relator(a),Assinar Relatório,,
CCJ,702469,2026-10-02,,PL 566/2024,2282,Ver. LUCAS PAVANATO (PL),SGP22,2025-02-14T18:04:00,2025-03-16T19:29:00,2026-05-12T18:42:50,Relator(a),Assinar Relatório,,
CCJ,702558,2026-10-02,,PL 569/2024,2254,Ver. LUNA ZARATTINI (PT),SGP22,2025-02-13T16:09:00,2025-03-16T19:29:00,2026-03-16T16:06:31,Relator(a),Estudo para manifestação do relator,,
EDUC,703050,2026-10-02,,PL 573/2024,,,ADM,2026-05-15T17:46:20,2026-05-21T14:34:00,2026-05-21T14:34:00,Presidente da Comissão,Designar Relator,,
CCJ,703227,2026-10-02,,PL 576/2024,2218,Ver. THAMMY MIRANDA (PSD),SGP22,2025-02-11T13:37:00,2025-03-16T19:29:00,2025-05-22T15:59:46,Secretaria (SGP12),Adiado,,
CCJ,703306,2026-10-02,,PL 578/2024,1636,Ver. DR. MILTON FERREIRA (PODE),SGP22,2026-08-27T14:03:00,2026-08-31T01:21:00,2026-08-31T12:45:59,Procuradoria,Para análise e envio ao(à) relator(a),,
SAUDE,703336,2026-10-02,,PL 579/2024,2281,Ver. SIMONE GANEM (PODE),ADM,2025-11-07T14:12:14,2025-11-10T12:05:00,2025-11-17T10:18:07,Relator(a),Estudo para manifestação do relator,,
CCJ,703417,2026-10-02,,PL 581/2024,2276,Ver. SILVÃO LEITE (UNIÃO),SGP22,2025-02-11T13:39:00,2025-03-16T19:29:00,2025-09-22T16:17:02,Relator(a),Estudo para manifestação do relator,A PEDIDO DO RELATOR.,
CCJ,703433,2026-10-02,,PL 583/2024,2276,Ver. SILVÃO LEITE (UNIÃO),SGP22,2025-05-16T14:09:00,2025-05-19T19:12:00,2025-06-13T17:09:54,Relator(a),Estudo para manifestação do relator,,
CCJ,703476,2026-10-02,,PL 585/2024,2254,Ver. LUNA ZARATTINI (PT),SGP22,2025-03-06T16:01:00,2025-03-16T19:29:00,2026-03-16T16:06:46,Relator(a),Estudo para manifestação do relator,,
CCJ,703495,2026-10-02,,PL 586/2024,2206,Ver. SILVIA DA BANCADA FEMINISTA (PSOL),SGP22,2025-02-13T16:02:00,2025-03-16T19:29:00,2025-03-31T16:17:31,Relator(a),Estudo para manifestação do relator,,
CCJ,703539,2026-10-02,,PL 588/2024,2277,Ver. JANAINA PASCHOAL (PP),SGP22,2025-02-13T14:56:00,2025-03-16T19:29:00,2025-09-29T15:19:33,Secretaria (SGP12),Adiado,,
EDUC,703627,2026-10-02,2026-10-07,PDL 115/2024,2292,Ver. GUILHERME CORRÊA (UNIÃO),SGP22,2026-08-27T14:09:00,2026-09-04T16:43:00,2026-09-11T13:27:30,Consultoria (SGP.52),Para análise,,
EDUC,703627,2026-10-08,,PDL 115/2024,2292,Ver. GUILHERME CORRÊA (UNIÃO),SGP22,2026-08-27T14:09:00,2026-09-04T16:43:00,2026-10-08T09:24:10,Relator(a),Estudo para manifestação do relator,,
CCJ,703664,2026-10-02,,PL 591/2024,2276,Ver. SILVÃO LEITE (UNIÃO),SGP22,2025-02-11T13:44:00,2025-03-16T19:29:00,2025-04-28T16:17:12,Relator(a),Estudo para manifestação do relator,Devolvidos ao relator a pedido.,
CCJ,704013,2026-10-02,,PL 592/2024,2282,Ver. LUCAS PAVANATO (PL),SGP22,2025-02-18T14:01:00,2025-03-16T19:29:00,2025-04-16T11:37:29,Relator(a),Estudo para manifestação do relator,,
CCJ,704182,2026-10-02,,PL 595/2024,1636,Ver. DR. MILTON FERREIRA (PODE),SGP22,2025-02-06T15:01:00,2025-03-16T19:29:00,2025-11-25T18:28:59,Secretaria (SGP12),Em Condição de Pauta,,
CCJ,704264,2026-10-02,,PL 596/2024,2218,Ver. THAMMY MIRANDA (PSD),SGP22,2025-02-17T18:59:00,2025-03-16T19:29:00,2026-04-27T14:52:13,Secretaria (SGP12),Em Condição de Pauta,,
URB,704306,2026-10-02,,PL 597/2024,2144,Ver. FABIO RIVA (MDB),CCJ,2025-10-07T15:50:32,2026-06-15T19:25:00,2026-08-03T14:01:32,Relator(a),Estudo para manifestação do relator,,
CCJ,704716,2026-10-02,,PL 600/2024,2282,Ver. LUCAS PAVANATO (PL),SGP22,2025-04-10T17:47:00,2025-04-10T20:53:00,2025-06-09T18:43:48,Relator(a),Assinar Pedido de Informação ao Executivo,,
FIN,704717,2026-10-02,,PL 601/2024,,,EDUC,2026-08-18T14:54:52,2026-08-20T10:47:00,2026-08-20T10:47:00,Presidente da Comissão,Designar Relator,,
CCJ,704774,2026-10-02,,PL 602/2024,2282,Ver. LUCAS PAVANATO (PL),SGP22,2025-02-14T17:52:00,2025-03-16T19:29:00,2025-04-25T11:36:53,Relator(a),Assinar Pedido de Informação ao Executivo,,
CCJ,704972,2026-10-02,,PL 606/2024,2254,Ver. LUNA ZARATTINI (PT),SGP22,2025-02-17T18:52:00,2025-03-16T19:29:00,2026-05-12T17:09:23,Relator(a),Estudo para manifestação do relator,,
URB,704973,2026-10-02,,PL 607/2024,2273,Ver. DR. MURILLO LIMA (PP),CCJ,2025-05-12T21:42:17,2025-05-22T16:26:00,2026-06-02T15:56:09,Secretaria (SGP12),Aguardando Informações do Executivo,,
SAUDE,704976,2026-10-02,,PL 608/2024,2256,Ver. HÉLIO RODRIGUES (PT),URB,2025-05-27T18:58:43,2025-05-30T13:08:00,2025-08-20T13:03:05,Relator(a),Assinar Relatório,,
CCJ,704977,2026-10-02,,PL 609/2024,2276,Ver. SILVÃO LEITE (UNIÃO),SGP22,2025-02-13T16:15:00,2025-03-16T19:29:00,2025-09-22T16:17:03,Relator(a),Estudo para manifestação do relator,A PEDIDO DO RELATOR.,
CCJ,705060,2026-10-02,,PL 613/2024,2277,Ver. JANAINA PASCHOAL (PP),SGP22,2025-03-20T14:54:00,2025-03-26T12:34:00,2025-09-29T15:10:37,Secretaria (SGP12),Adiado,,
FIN,705268,2026-10-02,,PL 621/2024,2000,Ver. ALESSANDRO GUEDES (PT),EDUC,2025-11-28T17:54:18,2025-12-03T15:02:00,2026-09-02T11:48:04,Relator(a),Estudo para manifestação do relator,,
FIN,705363,2026-10-02,,PL 623/2024,2271,Ver. ANA CAROLINA OLIVEIRA (PODE),SAUDE,2026-04-23T11:39:13,2026-04-23T16:28:00,2026-09-02T17:30:50,Relator(a),Estudo para manifestação do relator,,
CCJ,705501,2026-10-02,,PL 627/2024,2217,Ver. SANSÃO PEREIRA (REPUBLICANOS),SGP22,2025-03-20T15:57:00,2025-03-26T12:34:00,2025-07-16T16:44:42,Secretaria (SGP12),Em Condição de Pauta,,
FIN,705583,2026-10-02,,PL 628/2024,2221,Ver. ELI CORRÊA (UNIÃO),ECON,2026-08-13T11:38:35,2026-08-14T12:12:00,2026-09-10T18:19:11,Consultoria (CTEO.1),Para análise,,
CCJ,705585,2026-10-02,,PL 630/2024,2254,Ver. LUNA ZARATTINI (PT),SGP22,2026-02-06T12:25:00,2026-02-10T15:18:00,2026-06-12T17:29:12,Relator(a),Estudo para manifestação do relator,,
URB,705587,2026-10-02,,PL 631/2024,2144,Ver. FABIO RIVA (MDB),CCJ,2025-10-10T16:30:46,2025-10-13T15:19:00,2026-08-13T15:23:47,Secretaria (SGP12),Aguardando Informações do Executivo,,
CCJ,705608,2026-10-02,,PL 632/2024,2282,Ver. LUCAS PAVANATO (PL),SGP22,2025-02-06T15:22:00,2025-03-16T19:29:00,2025-05-13T18:23:16,Relator(a),Assinar Relatório,,
EDUC,705657,2026-10-02,,PL 633/2024,2292,Ver. GUILHERME CORRÊA (UNIÃO),URB,2026-08-14T16:49:48,2026-08-25T11:15:00,2026-09-14T15:06:45,Relator(a),Estudo para manifestação do relator,,
URB,705687,2026-10-02,,PL 637/2024,2273,Ver. DR. MURILLO LIMA (PP),CCJ,2025-09-22T11:29:48,2025-09-22T16:00:00,2026-07-07T18:51:34,Relator(a),Estudo para manifestação do relator,,
CCJ,705745,2026-10-02,,PL 647/2024,2218,Ver. THAMMY MIRANDA (PSD),SGP22,2025-02-24T16:34:00,2025-03-16T19:29:00,2025-03-28T09:48:12,Relator(a),Estudo para manifestação do relator,,
CCJ,705746,2026-10-02,,PL 648/2024,2277,Ver. JANAINA PASCHOAL (PP),SGP22,2025-02-24T16:31:00,2025-03-16T19:29:00,2025-09-29T14:43:04,Secretaria (SGP12),Adiado,,
FIN,705773,2026-10-02,2026-10-07,PR 26/2024,2150,Ver. ANDRÉ SANTOS (REPUBLICANOS),ADM,2026-05-29T18:52:01,2026-06-02T14:42:00,2026-06-15T11:18:35,Consultoria (CTEO.1),Para análise,,
FIN,705773,2026-10-08,,PR 26/2024,2150,Ver. ANDRÉ SANTOS (REPUBLICANOS),ADM,2026-05-29T18:52:01,2026-06-02T14:42:00,2026-10-08T14:57:07,Relator(a),Estudo para manifestação do relator,,
CCJ,705782,2026-10-02,,PL 651/2024,2282,Ver. LUCAS PAVANATO (PL),SGP22,2025-02-06T15:29:00,2025-03-16T19:29:00,2025-05-16T18:37:48,Relator(a),Assinar Pedido de Informação ao Executivo,,
CCJ,705826,2026-10-02,,PL 656/2024,2254,Ver. LUNA ZARATTINI (PT),SGP22,2025-02-17T18:10:00,2025-03-16T19:29:00,2026-03-16T15:56:20,Relator(a),Estudo para manifestação do relator,,
ADM,705906,2026-10-02,,PL 665/2024,2268,Ver. AMANDA VETTORAZZO (UNIÃO),CCJ,2025-11-14T18:08:25,2025-11-19T15:31:00,2026-05-18T17:01:43,Relator(a),Estudo para manifestação do relator,,
CCJ,706336,2026-10-02,2026-10-06,PL 679/2024,2218,Ver. THAMMY MIRANDA (PSD),SGP21,2026-08-19T18:41:00,2026-08-20T10:39:00,2026-09-22T17:09:44,Secretaria (SGP12),Em Condição de Pauta,,
CCJ,706336,2026-10-07,,PL 679/2024,2218,Ver. THAMMY MIRANDA (PSD),SGP21,2026-08-19T18:41:00,2026-08-20T10:39:00,2026-10-07T14:31:19,Secretaria (SGP12),Em Condição de Pauta,,
EDUC,706496,2026-10-02,,PR 28/2024,1989,Ver. GEORGE HATO (MDB),CCJ,2025-08-18T12:37:26,2025-08-19T18:24:00,2025-11-05T14:39:22,Relator(a),Estudo para manifestação do relator,,
ADM,706498,2026-10-02,,PL 682/2024,1999,Ver. PROFESSOR TONINHO VESPOLI (PSOL),SGP22,2025-02-19T18:27:00,2025-03-14T15:52:00,2026-06-15T10:00:00,Secretaria (SGP12),Aguardando Informações do Executivo,,
SAUDE,706572,2026-10-02,,PL 686/2024,2281,Ver. SIMONE GANEM (PODE),ADM,2025-10-23T13:14:41,2025-10-28T15:03:00,2025-11-07T10:43:44,Relator(a),Estudo para manifestação do relator,,
CCJ,706579,2026-10-02,,PL 689/2024,2218,Ver. THAMMY MIRANDA (PSD),SGP22,2025-02-11T14:17:00,2025-03-13T21:05:00,2025-05-22T16:18:23,Secretaria (SGP12),Adiado,,
CCJ,706648,2026-10-02,,PL 691/2024,2276,Ver. SILVÃO LEITE (UNIÃO),SGP22,2025-02-11T14:20:00,2025-03-13T21:05:00,2025-06-02T14:53:42,Secretaria (SGP12),Em Condição de Pauta,,
CCJ,706814,2026-10-02,,PL 698/2024,2217,Ver. SANSÃO PEREIRA (REPUBLICANOS),SGP22,2025-02-06T14:17:00,2025-03-13T21:05:00,2025-06-11T16:55:02,Secretaria (SGP12),Adiado,,
FIN,706920,2026-10-02,,PL 700/2024,2271,Ver. ANA CAROLINA OLIVEIRA (PODE),ECON,2025-10-07T15:13:21,2025-10-15T14:53:00,2026-09-02T17:52:08,Relator(a),Estudo para manifestação do relator,,
ECON,707011,2026-10-02,,PL 706/2024,2146,Ver. GILBERTO NASCIMENTO (PL),SGP12,2026-08-11T20:20:00,2026-08-14T16:55:00,,,,,01/04/2026 03:38 - Presidente da Comissão / Assinar Certidão de Votação
CCJ,707012,2026-10-02,,PL 707/2024,2276,Ver. SILVÃO LEITE (UNIÃO),SGP22,2025-02-24T16:02:00,2025-03-13T21:05:00,2025-10-23T15:30:40,Relator(a),Estudo para manifestação do relator,,
CCJ,707121,2026-10-02,,PR 29/2024,1636,Ver. DR. MILTON FERREIRA (PODE),SGP22,2025-02-25T14:58:00,2025-03-14T15:27:00,2025-03-18T16:50:47,Relator(a),Estudo para manifestação do relator,,
CCJ,707164,2026-10-02,,PL 710/2024,2276,Ver. SILVÃO LEITE (UNIÃO),SGP22,2025-02-11T14:27:00,2025-03-13T21:05:00,2025-04-28T16:17:13,Relator(a),Estudo para manifestação do relator,Devolvidos ao relator a pedido.,
CCJ,707206,2026-10-02,,PL 714/2024,2218,Ver. THAMMY MIRANDA (PSD),SGP22,2025-04-03T17:18:00,2025-04-03T20:45:00,2025-05-20T15:23:08,Secretaria (SGP12),Em Condição de Pauta,,
CCJ,707268,2026-10-02,,PL 718/2024,2282,Ver. LUCAS PAVANATO (PL),SGP22,2025-04-03T17:18:00,2025-04-03T20:45:00,2025-09-24T15:35:23,Relator(a),Assinar Relatório,,
FIN,707358,2026-10-02,2026-10-04,PL 722/2024,2278,Ver. KEIT LIMA (PSOL),EDUC,2025-06-06T11:37:17,2025-06-10T09:58:00,2026-09-25T15:47:45,Secretaria (SGP12),Em Condição de Pauta,,
FIN,707358,2026-10-05,,PL 722/2024,2278,Ver. KEIT LIMA (PSOL),EDUC,2025-06-06T11:37:17,2025-06-10T09:58:00,2026-10-05T19:18:13,Secretaria (SGP12),Em Condição de Pauta,,
CCJ,707484,2026-10-02,,PL 724/2024,2218,Ver. THAMMY MIRANDA (PSD),SGP22,2025-02-11T14:29:00,2025-03-13T21:05:00,2026-06-08T17:33:16,Secretaria (SGP12),Em Condição de Pauta,,
CCJ,707487,2026-10-02,,PL 726/2024,2217,Ver. SANSÃO PEREIRA (REPUBLICANOS),SGP22,2025-02-06T14:40:00,2025-03-13T21:05:00,2025-08-27T21:20:25,Secretaria (SGP12),Em Condição de Pauta,,
CCJ,707547,2026-10-02,,PL 730/2024,2254,Ver. LUNA ZARATTINI (PT),SGP22,2025-02-06T14:43:00,2025-03-13T21:35:00,2026-03-16T15:51:54,Relator(a),Estudo para manifestação do relator,,
CCJ,707548,2026-10-02,,PL 731/2024,2282,Ver. LUCAS PAVANATO (PL),SGP22,2025-02-06T14:48:00,2025-03-13T21:05:00,2025-03-21T16:00:51,Relator(a),Estudo para manifestação do relator,,
CCJ,707593,2026-10-02,,PL 735/2024,2282,Ver. LUCAS PAVANATO (PL),SGP22,2025-02-06T13:44:00,2025-03-13T21:05:00,2025-03-19T10:38:25,Relator(a),Assinar Pedido de Informação ao Executivo,,
CCJ,707596,2026-10-02,,PL 737/2024,2206,Ver. SILVIA DA BANCADA FEMINISTA (PSOL),SGP22,2025-02-19T18:13:00,2025-03-13T21:05:00,2025-03-17T13:02:48,Relator(a),Estudo para manifestação do relator,,
ADM,707671,2026-10-02,,PL 740/2024,2001,Ver. JAIR TATTO (PT),CCJ,2025-06-06T18:24:32,2025-06-09T14:23:00,2026-05-21T16:31:31,Relator(a),Estudo para manifestação do relator,,
CCJ,707698,2026-10-02,,PL 742/2024,2206,Ver. SILVIA DA BANCADA FEMINISTA (PSOL),SGP22,2025-03-06T16:01:00,2025-03-13T21:05:00,2025-09-01T14:00:18,Relator(a),Estudo para manifestação do relator,,
EDUC,707737,2026-10-02,,PL 743/2024,1989,Ver. GEORGE HATO (MDB),ADM,2025-09-05T15:48:33,2025-09-08T12:19:00,2025-09-15T17:22:38,Relator(a),Estudo para manifestação do relator,,
EDUC,707839,2026-10-02,,PL 745/2024,2222,Ver. CRIS MONTEIRO (NOVO),ADM,2026-05-29T18:52:12,2026-06-02T16:00:00,2026-09-16T15:59:58,Relator(a),Estudo para manifestação do relator,,
FIN,708016,2026-10-02,,PL 748/2024,2146,Ver. GILBERTO NASCIMENTO (PL),SAUDE,2025-09-11T12:57:11,2025-09-12T16:37:00,2026-09-16T17:11:06,Relator(a),Assinar Relatório,,
CCJ,708246,2026-10-02,,PL 750/2024,2254,Ver. LUNA ZARATTINI (PT),SGP22,2025-03-06T16:01:00,2025-03-13T21:05:00,2026-03-16T15:52:07,Relator(a),Estudo para manifestação do relator,,
CCJ,708247,2026-10-02,,PL 751/2024,2254,Ver. LUNA ZARATTINI (PT),SGP21,2026-01-06T15:26:00,2026-01-07T11:43:00,2026-04-21T21:18:37,Relator(a),Estudo para manifestação do relator,,
CCJ,708251,2026-10-02,,PL 752/2024,1636,Ver. DR. MILTON FERREIRA (PODE),SGP22,2025-02-17T17:27:00,2025-03-13T21:05:00,2025-10-20T19:05:29,Secretaria (SGP12),Em Condição de Pauta,,
CCJ,708255,2026-10-02,,PL 756/2024,2276,Ver. SILVÃO LEITE (UNIÃO),SGP22,2025-02-17T16:54:00,2025-03-13T21:05:00,2025-06-06T17:27:06,Relator(a),Estudo para manifestação do relator,,
CCJ,708256,2026-10-02,,PL 757/2024,2218,Ver. THAMMY MIRANDA (PSD),SGP22,2025-02-17T16:52:00,2025-03-13T21:05:00,2026-08-31T13:39:21,Secretaria (SGP12),Em Condição de Pauta,,
CCJ,708309,2026-10-02,,PL 760/2024,2206,Ver. SILVIA DA BANCADA FEMINISTA (PSOL),SGP22,2025-02-17T16:47:00,2025-03-13T21:05:00,2025-03-18T16:50:42,Relator(a),Estudo para manifestação do relator,,
CCJ,708338,2026-10-02,,PL 761/2024,2282,Ver. LUCAS PAVANATO (PL),SGP22,2025-02-24T15:57:00,2025-03-13T21:05:00,2025-04-10T18:04:09,Relator(a),Assinar Relatório,,
CCJ,708340,2026-10-02,,PL 763/2024,1636,Ver. DR. MILTON FERREIRA (PODE),SGP22,2025-02-24T15:52:00,2025-03-13T21:05:00,2025-11-11T16:56:42,Relator(a),Estudo para manifestação do relator,,
ADM,708341,2026-10-02,,PL 764/2024,2275,Ver. GABRIEL ABREU (PODE),CCJ,2025-11-14T18:08:28,2025-11-19T15:31:00,2026-08-17T20:20:49,Secretaria (SGP12),Em Condição de Pauta,,
SAUDE,708342,2026-10-02,,PL 765/2024,2256,Ver. HÉLIO RODRIGUES (PT),ADM,2026-04-17T16:50:51,2026-04-23T00:53:00,2026-06-26T12:11:24,Relator(a),Assinar Relatório,,
FIN,708343,2026-10-02,,PL 766/2024,2150,Ver. ANDRÉ SANTOS (REPUBLICANOS),SAUDE,2026-04-23T11:39:12,2026-04-23T16:28:00,2026-09-23T15:06:57,Consultoria (CTEO.1),Para análise,,
CCJ,708344,2026-10-02,2026-10-06,PL 767/2024,2277,Ver. JANAINA PASCHOAL (PP),SGP21,2026-09-24T16:41:00,2026-09-24T19:43:00,2026-10-02T18:36:55,Relator(a),Estudo para manifestação do relator,,
CCJ,708344,2026-10-07,,PL 767/2024,2277,Ver. JANAINA PASCHOAL (PP),SGP21,2026-09-24T16:41:00,2026-09-24T19:43:00,2026-10-07T17:30:58,Secretaria (SGP12),Em Condição de Pauta,,
CCJ,708345,2026-10-02,,PL 768/2024,2282,Ver. LUCAS PAVANATO (PL),SGP22,2025-02-24T15:25:00,2025-03-13T21:05:00,2025-03-26T18:13:25,Relator(a),Assinar Relatório,,
CCJ,708489,2026-10-02,,PL 772/2024,2254,Ver. LUNA ZARATTINI (PT),SGP22,2025-02-24T15:23:00,2025-03-13T21:05:00,2026-03-16T15:52:11,Relator(a),Estudo para manifestação do relator,,
CCJ,708490,2026-10-02,,PL 773/2024,2277,Ver. JANAINA PASCHOAL (PP),SGP22,2025-02-24T15:40:00,2025-03-13T21:05:00,2025-09-29T11:18:58,Secretaria (SGP12),Adiado,,
CCJ,708533,2026-10-02,,PL 774/2024,2206,Ver. SILVIA DA BANCADA FEMINISTA (PSOL),SGP22,2025-02-19T18:04:00,2025-03-13T21:35:00,2025-08-14T15:42:37,Relator(a),Estudo para manifestação do relator,,
EDUC,708563,2026-10-02,,PL 775/2024,2222,Ver. CRIS MONTEIRO (NOVO),ADM,2025-10-10T13:10:24,2025-10-13T17:29:00,2026-04-29T14:14:41,Relator(a),Assinar Relatório,,
FIN,708574,2026-10-02,,PR 31/2024,2279,Ver. SILVINHO LEITE (UNIÃO),ADM,2025-09-05T15:30:09,2025-09-08T18:29:00,2026-04-17T10:14:43,Consultoria (CTEO.1),Elaborar Minuta de Relatório,,
FIN,708604,2026-10-02,,PL 777/2024,2278,Ver. KEIT LIMA (PSOL),SAUDE,2026-03-31T14:19:33,2026-04-01T12:49:00,2026-04-16T15:34:21,Relator(a),Estudo para manifestação do relator,,
CCJ,708949,2026-10-02,,PL 779/2024,1636,Ver. DR. MILTON FERREIRA (PODE),SGP22,2025-03-20T15:56:00,2025-03-26T12:34:00,2025-06-17T12:40:07,Secretaria (SGP12),Aguardando Informações do(a) Autor(a),,
CCJ,708952,2026-10-02,,PR 32/2024,2276,Ver. SILVÃO LEITE (UNIÃO),SGP22,2025-02-10T12:22:00,2025-03-14T15:27:00,2025-04-10T14:14:00,Relator(a),Estudo para manifestação do relator,,
CCJ,708954,2026-10-02,2026-10-06,PLO 2/2024,2218,Ver. THAMMY MIRANDA (PSD),SGP22,2025-02-07T16:37:00,2025-03-14T15:27:00,2026-04-29T18:33:17,Secretaria (SGP12),Em Condição de Pauta,,
CCJ,708954,2026-10-07,,PLO 2/2024,2218,Ver. THAMMY MIRANDA (PSD),SGP22,2025-02-07T16:37:00,2025-03-14T15:27:00,2026-10-07T14:50:44,Secretaria (SGP12),Em Condição de Pauta,,
ECON,708986,2026-10-02,,PL 782/2024,2280,Ver. KENJI ITO (PODE),ADM,2026-08-14T16:00:00,2026-08-14T16:37:00,2026-10-01T11:03:04,Relator(a),Assinar Relatório,,
CCJ,709008,2026-10-02,,PL 783/2024,2254,Ver. LUNA ZARATTINI (PT),SGP22,2025-02-17T16:35:00,2025-03-13T21:05:00,2026-03-16T15:52:18,Relator(a),Estudo para manifestação do relator,,
CCJ,709010,2026-10-02,,PL 785/2024,2218,Ver. THAMMY MIRANDA (PSD),SGP22,2025-02-17T16:28:00,2025-03-13T21:05:00,2025-09-12T13:42:00,Secretaria (SGP12),Em Condição de Pauta,,
URB,709173,2026-10-02,,PL 788/2024,2272,Ver. DHEISON SILVA (PT),SGP22,2025-05-22T18:09:00,2025-05-22T18:31:00,2026-06-01T17:43:19,Relator(a),Estudo para manifestação do relator,,
CCJ,709252,2026-10-02,,PL 789/2024,2217,Ver. SANSÃO PEREIRA (REPUBLICANOS),SGP22,2025-09-02T22:51:00,2025-09-04T17:42:00,2026-06-30T16:01:20,Secretaria (SGP12),Aguardando Informações do(a) Autor(a),,
CCJ,709378,2026-10-02,,PL 790/2024,2282,Ver. LUCAS PAVANATO (PL),SGP22,2025-02-14T15:12:00,2025-03-13T21:05:00,2025-03-19T14:39:06,Relator(a),Assinar Pedido de Informação ao Executivo,,
CCJ,709549,2026-10-02,,PL 791/2024,2206,Ver. SILVIA DA BANCADA FEMINISTA (PSOL),SGP21,2026-08-19T18:41:00,2026-08-20T10:39:00,2026-08-20T13:23:00,Procuradoria,Para análise e envio ao(à) relator(a),,
FIN,709843,2026-10-02,,PL 792/2024,2146,Ver. GILBERTO NASCIMENTO (PL),EDUC,2026-06-19T14:02:05,2026-06-22T16:01:00,2026-09-23T15:06:57,Consultoria (CTEO.1),Para análise,,
CCJ,709982,2026-10-02,,PL 793/2024,2254,Ver. LUNA ZARATTINI (PT),SGP22,2025-03-20T15:56:00,2025-03-26T12:34:00,2026-04-28T17:29:52,Relator(a),Assinar Pedido de Informação ao(à) Autor(a),,
CCJ,710063,2026-10-02,,PL 795/2024,2218,Ver. THAMMY MIRANDA (PSD),SGP22,2025-02-06T13:44:00,2025-03-13T21:05:00,2025-09-12T13:44:25,Secretaria (SGP12),Em Condição de Pauta,,
CCJ,710405,2026-10-02,,PL 798/2024,2254,Ver. LUNA ZARATTINI (PT),SGP22,2025-02-17T16:26:00,2025-03-13T21:05:00,2026-03-12T14:13:31,Relator(a),Estudo para manifestação do relator,,
URB,710408,2026-10-02,,PL 799/2024,2215,Ver. MARLON LUZ (MDB),SGP21,2025-01-08T17:33:00,2025-01-08T21:04:00,,,,,13/11/2024 04:24 - Presidente da Comissão / Assinar Certidão de Votação
CCJ,710807,2026-10-02,,PR 34/2024,1636,Ver. DR. MILTON FERREIRA (PODE),SGP22,2025-02-10T18:06:00,2025-03-14T15:27:00,2025-12-04T16:26:45,Secretaria (SGP12),Em Condição de Pauta,,
CCJ,710824,2026-10-02,,PL 806/2024,2217,Ver. SANSÃO PEREIRA (REPUBLICANOS),SGP22,2025-03-20T15:56:00,2025-03-26T12:34:00,2025-09-29T14:25:08,Secretaria (SGP12),Adiado,,
CCJ,710932,2026-10-02,,PL 807/2024,2276,Ver. SILVÃO LEITE (UNIÃO),SGP22,2025-02-11T15:11:00,2025-03-13T21:05:00,2025-04-10T18:27:04,Relator(a),Estudo para manifestação do relator,,
CCJ,710934,2026-10-02,,PL 808/2024,2277,Ver. JANAINA PASCHOAL (PP),SGP22,2025-03-20T15:56:00,2025-03-26T12:34:00,2025-08-18T16:07:44,Secretaria (SGP12),Em Condição de Pauta,,
URB,711328,2026-10-02,,PL 813/2024,2144,Ver. FABIO RIVA (MDB),CCJ,2025-06-06T16:29:38,2025-06-10T17:02:00,2026-09-21T13:50:10,Relator(a),Estudo para manifestação do relator,,
CCJ,711329,2026-10-02,,PDL 127/2024,1636,Ver. DR. MILTON FERREIRA (PODE),SGP22,2025-02-10T16:58:00,2025-03-16T19:29:00,2025-06-16T18:10:53,Relator(a),Estudo para manifestação do relator,,
ECON,711482,2026-10-02,,PL 815/2024,2205,Ver. LUANA ALVES (PSOL),ADM,2026-05-29T18:52:07,2026-06-03T12:34:00,2026-08-21T14:55:26,Relator(a),Assinar Relatório,,
CCJ,711549,2026-10-02,,PL 816/2024,2217,Ver. SANSÃO PEREIRA (REPUBLICANOS),SGP22,2025-02-17T16:21:00,2025-03-13T21:05:00,2026-04-07T12:03:34,Relator(a),Estudo para manifestação do relator,,
CCJ,711792,2026-10-02,,PL 817/2024,2282,Ver. LUCAS PAVANATO (PL),SGP22,2025-02-17T16:01:00,2025-03-13T21:05:00,2026-09-23T18:21:08,Secretaria (SGP12),Aguardando Informações do Executivo,,
CCJ,712350,2026-10-02,,PL 822/2024,2218,Ver. THAMMY MIRANDA (PSD),SGP22,2025-02-11T16:16:00,2025-03-13T21:05:00,2025-06-24T12:20:52,Secretaria (SGP12),Em Condição de Pauta,,
CCJ,712386,2026-10-02,,PL 824/2024,2276,Ver. SILVÃO LEITE (UNIÃO),SGP22,2026-04-06T17:48:00,2026-04-09T15:08:00,2026-08-20T15:59:56,Relator(a),Estudo para manifestação do relator,,
EDUC,712948,2026-10-02,,PL 830/2024,2292,Ver. GUILHERME CORRÊA (UNIÃO),ADM,2026-05-29T18:52:11,2026-06-02T15:59:00,2026-09-15T13:23:46,Relator(a),Estudo para manifestação do relator,,
FIN,713235,2026-10-02,,PL 831/2024,2000,Ver. ALESSANDRO GUEDES (PT),SAUDE,2026-08-25T14:38:28,2026-08-26T16:44:00,2026-09-10T18:19:11,Consultoria (CTEO.1),Para análise,,
CCJ,713236,2026-10-02,,PL 832/2024,1636,Ver. DR. MILTON FERREIRA (PODE),SGP22,2025-02-17T15:53:00,2025-03-13T21:05:00,2025-10-20T19:05:30,Secretaria (SGP12),Em Condição de Pauta,,
CCJ,713237,2026-10-02,,PL 833/2024,2218,Ver. THAMMY MIRANDA (PSD),SGP22,2025-02-17T15:51:00,2025-03-13T21:05:00,2025-09-12T15:29:45,Secretaria (SGP12),Em Condição de Pauta,,
CCJ,713304,2026-10-02,,PL 839/2024,1636,Ver. DR. MILTON FERREIRA (PODE),SGP22,2026-08-27T14:03:00,2026-08-31T01:20:00,2026-08-31T13:01:08,Procuradoria,Para análise e envio ao(à) relator(a),,
CCJ,713564,2026-10-02,,PL 846/2024,2217,Ver. SANSÃO PEREIRA (REPUBLICANOS),PROC-CMSP,2025-04-14T17:41:00,2025-04-15T09:40:00,2025-09-29T14:26:00,Secretaria (SGP12),Adiado,,
CCJ,713565,2026-10-02,,PL 847/2024,2277,Ver. JANAINA PASCHOAL (PP),PROC-CMSP,2025-04-14T17:41:00,2025-04-15T09:40:00,2025-09-29T14:26:51,Secretaria (SGP12),Adiado,,
CCJ,713972,2026-10-02,,PDL 133/2024,2217,Ver. SANSÃO PEREIRA (REPUBLICANOS),PROC-CMSP,2025-04-24T11:17:00,2025-04-24T12:23:00,2025-08-28T11:33:52,Secretaria (SGP12),Em Condição de Pauta,,
CCJ,714051,2026-10-02,,PL 857/2024,2218,Ver. THAMMY MIRANDA (PSD),PROC-CMSP,2025-04-14T17:41:00,2025-04-15T09:40:00,2025-09-12T13:46:09,Secretaria (SGP12),Em Condição de Pauta,,
CCJ,714270,2026-10-02,,PDL 134/2024,2276,Ver. SILVÃO LEITE (UNIÃO),PROC-CMSP,2025-04-09T18:17:00,2025-04-10T20:53:00,2026-03-25T17:59:13,Secretaria (SGP12),Adiado,,
CCJ,714304,2026-10-02,,PL 892/2024,2282,Ver. LUCAS PAVANATO (PL),PROC-CMSP,2025-04-09T18:17:00,2025-04-10T20:53:00,2026-04-07T16:16:20,Secretaria (SGP12),Em Condição de Pauta,,
FIN,714400,2026-10-02,,PL 893/2024,2278,Ver. KEIT LIMA (PSOL),SAUDE,2026-09-08T09:25:21,2026-09-09T12:02:00,2026-09-23T15:06:57,Consultoria (CTEO.1),Para análise,,
CCJ,714431,2026-10-02,,PL 894/2024,2217,Ver. SANSÃO PEREIRA (REPUBLICANOS),PROC-CMSP,2025-04-30T17:09:00,2025-05-05T10:51:00,2025-10-09T15:42:19,Secretaria (SGP12),Em Condição de Pauta,,
EDUC,714465,2026-10-02,,PL 895/2024,,,URB,2026-06-02T13:00:21,2026-06-02T15:59:00,2026-06-02T15:59:00,Presidente da Comissão,Designar Relator,,
CCJ,714466,2026-10-02,,PL 896/2024,2276,Ver. SILVÃO LEITE (UNIÃO),PROC-CMSP,2025-04-30T17:09:00,2025-05-05T10:51:00,2025-12-08T14:21:20,Secretaria (SGP12),Em Condição de Pauta,,
SAUDE,714472,2026-10-02,,PL 898/2024,2281,Ver. SIMONE GANEM (PODE),ADM,2025-11-07T14:19:16,2025-11-10T12:05:00,2025-11-24T10:51:25,Relator(a),Estudo para manifestação do relator,,
CCJ,714524,2026-10-02,,PL 900/2024,2206,Ver. SILVIA DA BANCADA FEMINISTA (PSOL),SGP12,2026-05-21T19:28:00,2026-05-21T19:35:00,2026-06-02T15:59:04,Relator(a),Estudo para manifestação do relator,,
CCJ,714533,2026-10-02,,PL 901/2024,2276,Ver. SILVÃO LEITE (UNIÃO),PROC-CMSP,2025-06-05T16:04:00,2025-06-06T17:42:00,2026-06-15T14:56:46,Secretaria (SGP12),Em Condição de Pauta,,
CCJ,714601,2026-10-02,,PDL 142/2024,2206,Ver. SILVIA DA BANCADA FEMINISTA (PSOL),PROC-CMSP,2025-04-09T18:17:00,2025-04-10T20:53:00,2025-05-28T16:02:49,Relator(a),Estudo para manifestação do relator,,
CCJ,714631,2026-10-02,,PL 902/2024,,,PROC-CMSP,2026-09-25T14:05:00,2026-09-28T11:54:00,2026-09-28T11:54:00,Presidente da Comissão,Designar Relator,,
FIN,714826,2026-10-02,,PDL 143/2024,2000,Ver. ALESSANDRO GUEDES (PT),EDUC,2026-06-01T15:52:03,2026-06-03T16:28:00,2026-06-25T16:25:39,Relator(a),Estudo para manifestação do relator,,
CCJ,714967,2026-10-02,,PL 1/2025,2277,Ver. JANAINA PASCHOAL (PP),PROC-CMSP,2025-04-09T18:17:00,2025-04-10T20:53:00,2025-09-16T16:39:12,Secretaria (SGP12),Em Condição de Pauta,,
EDUC,715227,2026-10-02,,PL 5/2025,2222,Ver. CRIS MONTEIRO (NOVO),CCJ,2025-10-20T15:59:38,2025-10-22T16:40:00,2025-11-06T12:33:19,Relator(a),Estudo para manifestação do relator,,
CCJ,715228,2026-10-02,,PL 6/2025,2218,Ver. THAMMY MIRANDA (PSD),PROC-CMSP,2025-04-09T18:17:00,2025-04-10T20:53:00,2025-11-05T18:23:58,Secretaria (SGP12),Em Condição de Pauta,,
CCJ,715632,2026-10-02,,PL 7/2025,1636,Ver. DR. MILTON FERREIRA (PODE),PROC-CMSP,2025-04-09T18:17:00,2025-04-10T20:53:00,2025-06-11T17:54:33,Secretaria (SGP12),Em Condição de Pauta,,
CCJ,715651,2026-10-02,,PDL 1/2025,2277,Ver. JANAINA PASCHOAL (PP),PROC-CMSP,2025-04-07T18:07:00,2025-04-10T20:53:00,2026-03-16T12:33:36,Secretaria (SGP12),Em Condição de Pauta,,
CCJ,715950,2026-10-02,,PL 8/2025,2277,Ver. JANAINA PASCHOAL (PP),PROC-CMSP,2025-04-09T18:17:00,2025-04-10T20:53:00,2026-03-18T16:57:36,Secretaria (SGP12),Adiado,,
SAUDE,716300,2026-10-02,,PL 9/2025,2281,Ver. SIMONE GANEM (PODE),ADM,2025-10-23T12:57:30,2025-10-28T15:03:00,2026-08-06T12:18:28,Relator(a),Estudo para manifestação do relator,,
CCJ,716375,2026-10-02,,PL 10/2025,2276,Ver. SILVÃO LEITE (UNIÃO),PROC-CMSP,2025-04-09T18:17:00,2025-04-10T20:53:00,2025-05-19T15:21:38,Secretaria (SGP12),Em Condição de Pauta,,
CCJ,716547,2026-10-02,,PDL 2/2025,2277,Ver. JANAINA PASCHOAL (PP),PROC-CMSP,2025-04-07T18:07:00,2025-04-10T20:53:00,2026-03-17T13:45:43,Secretaria (SGP12),Em Condição de Pauta,,
CCJ,717145,2026-10-02,,PL 11/2025,2218,Ver. THAMMY MIRANDA (PSD),PROC-CMSP,2025-04-09T18:17:00,2025-04-10T20:53:00,2026-04-27T17:21:49,Secretaria (SGP12),Em Condição de Pauta,,
FIN,717146,2026-10-02,,PR 4/2025,,,ADM,2026-08-14T16:01:42,2026-08-17T16:25:00,2026-08-17T16:25:00,Presidente da Comissão,Designar Relator,,
CCJ,717147,2026-10-02,,PR 5/2025,2254,Ver. LUNA ZARATTINI (PT),PROC-CMSP,2025-04-11T15:57:00,2025-04-14T10:32:00,2026-03-18T23:00:21,Relator(a),Assinar Pedido de Informação ao(à) Autor(a),,
FIN,718422,2026-10-02,,PL 15/2025,2278,Ver. KEIT LIMA (PSOL),EDUC,2026-05-21T14:28:48,2026-05-21T17:59:00,2026-08-13T16:07:59,Relator(a),Estudo para manifestação do relator,,
CCJ,718959,2026-10-02,,PL 17/2025,2276,Ver. SILVÃO LEITE (UNIÃO),PROC-CMSP,2025-04-11T15:57:00,2025-04-14T10:32:00,2025-10-20T10:16:15,Secretaria (SGP12),Adiado,,
CCJ,719155,2026-10-02,,PL 18/2025,2217,Ver. SANSÃO PEREIRA (REPUBLICANOS),PROC-CMSP,2025-04-11T15:57:00,2025-04-14T10:32:00,2026-04-10T12:42:28,Secretaria (SGP12),Em Condição de Pauta,,
ADM,719309,2026-10-02,,PL 19/2025,2274,Ver. SARGENTO NANTES (PP),CCJ,2025-08-25T12:04:24,2025-08-26T15:48:00,2026-04-29T12:47:14,Relator(a),Estudo para manifestação do relator,,
CCJ,720000,2026-10-02,,PL 21/2025,2276,Ver. SILVÃO LEITE (UNIÃO),PROC-CMSP,2025-04-14T17:41:00,2025-04-15T09:40:00,2026-05-20T14:00:00,Secretaria (SGP12),Adiado,ADIADO POR TÉRMINO DE REUNIÃO,
CCJ,720001,2026-10-02,,PL 22/2025,1636,Ver. DR. MILTON FERREIRA (PODE),PROC-CMSP,2025-04-14T17:41:00,2025-04-15T09:40:00,2025-10-20T19:05:31,Secretaria (SGP12),Em Condição de Pauta,,
CCJ,720320,2026-10-02,,PR 6/2025,1636,Ver. DR. MILTON FERREIRA (PODE),PROC-CMSP,2025-04-09T18:17:00,2025-04-10T20:53:00,2025-05-22T20:45:05,Secretaria (SGP12),Em Condição de Pauta,,
CCJ,721426,2026-10-02,,PDL 3/2025,2277,Ver. JANAINA PASCHOAL (PP),PROC-CMSP,2025-04-07T18:07:00,2025-04-10T20:53:00,2025-10-22T09:59:48,Secretaria (SGP12),Em Condição de Pauta,,
EDUC,721552,2026-10-02,,PR 8/2025,1989,Ver. GEORGE HATO (MDB),ADM,2026-08-14T16:58:19,2026-08-25T11:15:00,2026-09-16T17:37:38,Relator(a),Estudo para manifestação do relator,,
CCJ,721553,2026-10-02,,PR 9/2025,2206,Ver. SILVIA DA BANCADA FEMINISTA (PSOL),PROC-CMSP,2025-04-09T18:17:00,2025-04-10T20:53:00,2025-04-22T16:34:36,Relator(a),Estudo para manifestação do relator,,
CCJ,721937,2026-10-02,,PL 31/2025,2217,Ver. SANSÃO PEREIRA (REPUBLICANOS),PROC-CMSP,2025-04-14T17:41:00,2025-04-15T09:40:00,2025-10-20T10:16:47,Secretaria (SGP12),Adiado,,
CCJ,723870,2026-10-02,,PL 34/2025,2206,Ver. SILVIA DA BANCADA FEMINISTA (PSOL),PROC-CMSP,2025-04-14T17:41:00,2025-04-15T09:40:00,2025-05-13T15:08:19,Relator(a),Estudo para manifestação do relator,,
CCJ,724300,2026-10-02,,PL 38/2025,2217,Ver. SANSÃO PEREIRA (REPUBLICANOS),PROC-CMSP,2025-04-14T17:41:00,2025-04-15T09:40:00,2025-09-03T19:05:19,Secretaria (SGP12),Em Condição de Pauta,,
CCJ,724355,2026-10-02,,PL 39/2025,2217,Ver. SANSÃO PEREIRA (REPUBLICANOS),PROC-CMSP,2025-04-14T17:41:00,2025-04-15T09:40:00,2025-08-27T20:49:38,Secretaria (SGP12),Em Condição de Pauta,,
CCJ,724483,2026-10-02,,PL 40/2025,2282,Ver. LUCAS PAVANATO (PL),PROC-CMSP,2025-04-14T17:41:00,2025-04-15T09:40:00,2025-09-16T17:37:57,Relator(a),Estudo para manifestação do relator,,
CCJ,724571,2026-10-02,,PL 44/2025,2218,Ver. THAMMY MIRANDA (PSD),PROC-CMSP,2025-04-14T17:41:00,2025-04-15T09:40:00,2025-10-09T15:25:39,Secretaria (SGP12),Em Condição de Pauta,,
CCJ,724572,2026-10-02,,PL 45/2025,2254,Ver. LUNA ZARATTINI (PT),PROC-CMSP,2025-04-14T17:41:00,2025-04-15T09:40:00,2026-03-11T13:05:32,Relator(a),Estudo para manifestação do relator,,
CCJ,724575,2026-10-02,,PL 48/2025,2254,Ver. LUNA ZARATTINI (PT),PROC-CMSP,2025-04-14T17:41:00,2025-04-15T09:40:00,2026-05-25T18:48:08,Relator(a),Assinar Relatório,,
EDUC,724580,2026-10-02,,PL 50/2025,2222,Ver. CRIS MONTEIRO (NOVO),SGP12,2026-08-11T20:20:00,2026-08-12T17:42:00,,,,,13/05/2026 02:00 - Secretaria (SGP12) / Adiado (ADIADO POR TÉRMINO DE REUNIÃO)
SAUDE,724581,2026-10-02,,PL 51/2025,1635,Ver. DRA. SANDRA TADEU (PL),ADM,2026-08-14T16:03:21,2026-08-17T22:25:00,2026-08-20T19:05:01,Relator(a),Estudo para manifestação do relator,,
SAUDE,724594,2026-10-02,,PL 52/2025,2281,Ver. SIMONE GANEM (PODE),CCJ,2025-08-25T12:02:38,2025-08-26T10:40:00,2026-08-21T16:45:26,Relator(a),Assinar Relatório,,
ADM,724606,2026-10-02,,PL 53/2025,2268,Ver. AMANDA VETTORAZZO (UNIÃO),CCJ,2025-11-14T18:15:04,2025-11-19T15:18:00,2026-08-13T15:51:54,Secretaria (SGP12),Relatado,"Retirado da Pré-Pauta, pela Presidente da Comissão, dia 10/08/2026.",
CCJ,724618,2026-10-02,,PL 55/2025,2218,Ver. THAMMY MIRANDA (PSD),PROC-CMSP,2025-04-16T16:37:00,2025-04-22T11:00:00,2025-10-09T15:19:57,Secretaria (SGP12),Em Condição de Pauta,,
CCJ,724621,2026-10-02,,PL 57/2025,2277,Ver. JANAINA PASCHOAL (PP),PROC-CMSP,2025-04-16T16:37:00,2025-04-22T11:00:00,2025-09-29T11:31:14,Secretaria (SGP12),Adiado,,
CCJ,724623,2026-10-02,,PL 58/2025,2276,Ver. SILVÃO LEITE (UNIÃO),PROC-CMSP,2025-04-16T16:37:00,2025-04-22T11:00:00,2025-05-19T15:09:26,Secretaria (SGP12),Em Condição de Pauta,,
CCJ,724624,2026-10-02,,PL 59/2025,2217,Ver. SANSÃO PEREIRA (REPUBLICANOS),PROC-CMSP,2025-04-16T16:37:00,2025-04-22T11:00:00,2025-06-11T16:56:22,Secretaria (SGP12),Adiado,,
CCJ,724672,2026-10-02,,PR 14/2025,2206,Ver. SILVIA DA BANCADA FEMINISTA (PSOL),PROC-CMSP,2025-04-11T15:57:00,2025-04-14T10:32:00,2025-06-03T11:05:44,Secretaria (SGP12),Em Condição de Pauta,,
CCJ,724674,2026-10-02,,PL 61/2025,2277,Ver. JANAINA PASCHOAL (PP),PROC-CMSP,2025-04-16T16:37:00,2025-04-22T11:00:00,2025-09-29T11:38:53,Secretaria (SGP12),Adiado,,
CCJ,724675,2026-10-02,,PL 62/2025,2277,Ver. JANAINA PASCHOAL (PP),PROC-CMSP,2025-04-16T16:37:00,2025-04-22T11:00:00,2025-09-29T11:39:31,Secretaria (SGP12),Adiado,,
CCJ,724676,2026-10-02,,PL 63/2025,2276,Ver. SILVÃO LEITE (UNIÃO),PROC-CMSP,2025-04-16T16:37:00,2025-04-22T11:00:00,2025-05-27T14:28:24,Relator(a),Estudo para manifestação do relator,,
EDUC,724679,2026-10-02,,PL 65/2025,,,CCJ,2025-10-10T15:31:16,2025-10-13T17:29:00,2025-10-13T17:29:00,Presidente da Comissão,Designar Relator,,
CCJ,724689,2026-10-02,,PL 67/2025,2218,Ver. THAMMY MIRANDA (PSD),PROC-CMSP,2025-04-16T16:37:00,2025-04-22T11:00:00,2025-09-29T11:32:12,Secretaria (SGP12),Adiado,,
CCJ,724690,2026-10-02,,PL 68/2025,2206,Ver. SILVIA DA BANCADA FEMINISTA (PSOL),PROC-CMSP,2025-04-16T16:37:00,2025-04-22T11:00:00,2025-05-16T14:31:17,Relator(a),Estudo para manifestação do relator,,
CCJ,724694,2026-10-02,,PL 70/2025,2206,Ver. SILVIA DA BANCADA FEMINISTA (PSOL),PROC-CMSP,2025-04-16T16:37:00,2025-04-22T11:00:00,2025-08-08T17:03:41,Relator(a),Estudo para manifestação do relator,,
CCJ,724695,2026-10-02,,PL 71/2025,2206,Ver. SILVIA DA BANCADA FEMINISTA (PSOL),PROC-CMSP,2025-04-16T16:37:00,2025-04-22T11:00:00,2026-09-14T11:55:20,Secretaria (SGP12),Aguardando Informações do Executivo,,
CCJ,724696,2026-10-02,,PL 72/2025,2217,Ver. SANSÃO PEREIRA (REPUBLICANOS),PROC-CMSP,2025-04-16T16:37:00,2025-04-22T11:00:00,2025-07-14T15:17:57,Relator(a),Estudo para manifestação do relator,,
FIN,724705,2026-10-02,,PL 76/2025,2278,Ver. KEIT LIMA (PSOL),ADM,2025-11-07T13:54:10,2025-11-10T11:44:00,2026-04-08T16:01:20,Relator(a),Estudo para manifestação do relator,,
CCJ,724709,2026-10-02,,PL 78/2025,2276,Ver. SILVÃO LEITE (UNIÃO),PROC-CMSP,2025-04-24T11:25:00,2025-04-24T12:23:00,2025-05-05T18:33:36,Relator(a),Estudo para manifestação do relator,,
FIN,724714,2026-10-02,,PL 79/2025,2000,Ver. ALESSANDRO GUEDES (PT),ECON,2026-04-23T15:26:18,2026-04-23T16:03:00,2026-06-25T16:28:11,Relator(a),Estudo para manifestação do relator,,
CCJ,724735,2026-10-02,,PL 86/2025,2206,Ver. SILVIA DA BANCADA FEMINISTA (PSOL),PROC-CMSP,2025-04-30T17:09:00,2025-05-05T10:51:00,2025-05-20T18:12:41,Relator(a),Estudo para manifestação do relator,,
FIN,724736,2026-10-02,,PL 87/2025,2246,Ver. MAJOR PALUMBO (PP),SAUDE,2026-08-25T14:38:27,2026-08-26T16:44:00,2026-09-30T16:01:17,Consultoria (CTEO.1),Para análise,,
CCJ,724737,2026-10-02,,PL 88/2025,2276,Ver. SILVÃO LEITE (UNIÃO),PROC-CMSP,2025-05-12T08:55:00,2025-05-12T11:45:00,2025-05-19T17:46:57,Relator(a),Estudo para manifestação do relator,,
CCJ,724738,2026-10-02,,PL 89/2025,2254,Ver. LUNA ZARATTINI (PT),PROC-CMSP,2025-04-30T17:09:00,2025-05-05T10:51:00,2026-03-11T13:02:26,Relator(a),Estudo para manifestação do relator,,
ADM,724740,2026-10-02,,PR 18/2025,2275,Ver. GABRIEL ABREU (PODE),CCJ,2026-05-04T16:32:33,2026-05-05T16:16:00,2026-05-07T17:28:19,Relator(a),Estudo para manifestação do relator,,
SAUDE,724751,2026-10-02,,PR 19/2025,2281,Ver. SIMONE GANEM (PODE),ADM,2025-09-05T15:38:17,2025-09-08T11:12:00,2025-09-10T18:51:37,Relator(a),Estudo para manifestação do relator,,
EDUC,724753,2026-10-02,,PL 90/2025,,,CCJ,2025-11-04T18:52:14,2025-11-07T10:38:00,2026-08-06T14:57:58,Presidente da Comissão,Redesignar Relator,,
CCJ,724767,2026-10-02,,PL 92/2025,2277,Ver. JANAINA PASCHOAL (PP),PROC-CMSP,2025-04-30T17:09:00,2025-05-05T10:51:00,2025-10-29T16:49:26,Secretaria (SGP12),Em Condição de Pauta,,
CCJ,724773,2026-10-02,,PL 93/2025,2276,Ver. SILVÃO LEITE (UNIÃO),PROC-CMSP,2025-04-30T17:09:00,2025-05-05T10:51:00,2025-06-11T16:25:16,Relator(a),Estudo para manifestação do relator,,
CCJ,724819,2026-10-02,,PL 96/2025,2282,Ver. LUCAS PAVANATO (PL),PROC-CMSP,2025-04-30T17:09:00,2025-05-05T10:51:00,2026-05-28T13:40:01,Relator(a),Assinar Relatório,,
FIN,724882,2026-10-02,,PR 20/2025,,,SAUDE,2026-04-23T11:39:03,2026-04-23T16:28:00,2026-04-23T16:28:00,Presidente da Comissão,Designar Relator,,
CCJ,724884,2026-10-02,,PL 98/2025,2276,Ver. SILVÃO LEITE (UNIÃO),PROC-CMSP,2025-04-30T17:09:00,2025-05-05T10:51:00,2025-06-11T16:25:17,Relator(a),Estudo para manifestação do relator,,
CCJ,724889,2026-10-02,,PL 99/2025,2218,Ver. THAMMY MIRANDA (PSD),PROC-CMSP,2025-04-30T17:09:00,2025-05-05T10:51:00,2025-09-29T11:33:01,Secretaria (SGP12),Adiado,,
CCJ,724890,2026-10-02,,PL 100/2025,2276,Ver. SILVÃO LEITE (UNIÃO),PROC-CMSP,2025-04-30T17:09:00,2025-05-05T10:51:00,2025-05-20T18:12:40,Relator(a),Estudo para manifestação do relator,,
CCJ,724891,2026-10-02,,PL 101/2025,2217,Ver. SANSÃO PEREIRA (REPUBLICANOS),PROC-CMSP,2025-04-30T17:09:00,2025-05-05T10:51:00,2025-10-23T15:30:32,Relator(a),Estudo para manifestação do relator,,
CCJ,724892,2026-10-02,,PL 102/2025,2277,Ver. JANAINA PASCHOAL (PP),PROC-CMSP,2025-04-30T17:09:00,2025-05-05T10:51:00,2026-09-14T15:29:14,Secretaria (SGP12),Em Condição de Pauta,,
CCJ,724893,2026-10-02,,PL 103/2025,2276,Ver. SILVÃO LEITE (UNIÃO),PROC-CMSP,2025-04-30T17:09:00,2025-05-05T10:51:00,2025-10-09T22:12:31,Secretaria (SGP12),Em Condição de Pauta,,
ADM,725024,2026-10-02,,PL 107/2025,2268,Ver. AMANDA VETTORAZZO (UNIÃO),CCJ,2026-03-19T18:17:34,2026-03-24T17:17:00,2026-05-06T16:08:26,Relator(a),Estudo para manifestação do relator,,
CCJ,725037,2026-10-02,,PL 110/2025,1636,Ver. DR. MILTON FERREIRA (PODE),PROC-CMSP,2025-04-30T17:09:00,2025-05-05T10:51:00,2025-05-19T17:46:56,Relator(a),Estudo para manifestação do relator,,
CCJ,725038,2026-10-02,,PL 111/2025,2254,Ver. LUNA ZARATTINI (PT),PROC-CMSP,2025-04-30T17:09:00,2025-05-05T10:51:00,2026-03-11T13:02:35,Relator(a),Estudo para manifestação do relator,,
CCJ,725043,2026-10-02,,PL 112/2025,2254,Ver. LUNA ZARATTINI (PT),PROC-CMSP,2025-04-30T17:09:00,2025-05-05T10:51:00,2026-03-11T13:02:38,Relator(a),Estudo para manifestação do relator,,
CCJ,725050,2026-10-02,,PL 113/2025,2217,Ver. SANSÃO PEREIRA (REPUBLICANOS),PROC-CMSP,2025-04-30T17:09:00,2025-05-05T10:51:00,2025-06-13T17:16:21,Relator(a),Estudo para manifestação do relator,,
CCJ,725061,2026-10-02,,PL 115/2025,2218,Ver. THAMMY MIRANDA (PSD),PROC-CMSP,2025-04-30T17:09:00,2025-05-05T10:51:00,2025-09-29T11:35:43,Secretaria (SGP12),Adiado,,
FIN,725063,2026-10-02,,PL 116/2025,2219,Ver. MARCELO MESSIAS (MDB),EDUC,2026-04-02T10:00:15,2026-04-07T18:44:00,2026-04-07T18:44:00,Presidente da Comissão,Designar Relator,,
CCJ,725064,2026-10-02,,PL 117/2025,2277,Ver. JANAINA PASCHOAL (PP),PROC-CMSP,2025-04-30T17:09:00,2025-05-05T10:51:00,2025-09-29T11:41:06,Secretaria (SGP12),Adiado,,
FIN,725090,2026-10-02,,PL 118/2025,2246,Ver. MAJOR PALUMBO (PP),EDUC,2026-05-11T15:17:53,2026-05-12T14:19:00,2026-06-25T16:30:01,Relator(a),Estudo para manifestação do relator,,
CCJ,725451,2026-10-02,,PL 120/2025,1636,Ver. DR. MILTON FERREIRA (PODE),PROC-CMSP,2025-04-30T17:09:00,2025-05-05T10:51:00,2025-10-15T14:00:00,Secretaria (SGP12),Adiado,ADIADO POR TÉRMINO DE REUNIÃO,
FIN,725455,2026-10-02,,PL 122/2025,2000,Ver. ALESSANDRO GUEDES (PT),EDUC,2026-04-10T14:58:33,2026-04-13T14:58:00,2026-09-30T15:54:06,Relator(a),Estudo para manifestação do relator,,
SAUDE,725495,2026-10-02,,PL 124/2025,2281,Ver. SIMONE GANEM (PODE),ADM,2026-05-29T18:51:57,2026-06-02T13:01:00,2026-06-11T16:15:41,Relator(a),Estudo para manifestação do relator,,
SAUDE,725596,2026-10-02,,PL 128/2025,2281,Ver. SIMONE GANEM (PODE),ADM,2026-05-15T17:46:22,2026-05-18T14:27:00,2026-08-06T12:12:01,Relator(a),Estudo para manifestação do relator,,
CCJ,725647,2026-10-02,,PL 129/2025,2277,Ver. JANAINA PASCHOAL (PP),PROC-CMSP,2025-04-30T17:09:00,2025-05-05T10:51:00,2025-06-25T17:12:36,Secretaria (SGP12),Adiado,,
CCJ,725669,2026-10-02,,PL 130/2025,2276,Ver. SILVÃO LEITE (UNIÃO),PROC-CMSP,2025-04-30T17:09:00,2025-05-05T10:51:00,2025-05-16T14:31:19,Relator(a),Estudo para manifestação do relator,,
CCJ,725670,2026-10-02,,PL 131/2025,2217,Ver. SANSÃO PEREIRA (REPUBLICANOS),PROC-CMSP,2025-05-12T08:55:00,2025-05-12T11:45:00,2025-08-25T14:12:42,Secretaria (SGP12),Em Condição de Pauta,,
CCJ,725672,2026-10-02,,PL 132/2025,2276,Ver. SILVÃO LEITE (UNIÃO),PROC-CMSP,2025-05-12T08:55:00,2025-05-12T11:45:00,2025-06-03T18:38:44,Relator(a),Estudo para manifestação do relator,,
CCJ,725713,2026-10-02,,PR 23/2025,2277,Ver. JANAINA PASCHOAL (PP),SGP12,2026-03-26T21:52:00,2026-03-27T10:12:00,2026-05-19T17:27:08,Secretaria (SGP12),Em Condição de Pauta,,
ECON,725793,2026-10-02,,PL 136/2025,2280,Ver. KENJI ITO (PODE),ADM,2026-08-14T16:58:12,2026-08-25T11:30:00,2026-10-01T10:53:03,Relator(a),Assinar Relatório,,
CCJ,725809,2026-10-02,,PL 138/2025,2206,Ver. SILVIA DA BANCADA FEMINISTA (PSOL),PROC-CMSP,2025-05-12T08:55:00,2025-05-12T11:45:00,2025-05-20T18:12:47,Relator(a),Estudo para manifestação do relator,,
ADM,725811,2026-10-02,,PL 139/2025,2268,Ver. AMANDA VETTORAZZO (UNIÃO),CCJ,2025-11-04T18:55:56,2025-11-07T14:59:00,2026-05-06T16:03:35,Relator(a),Estudo para manifestação do relator,,
CCJ,725831,2026-10-02,,PL 141/2025,2218,Ver. THAMMY MIRANDA (PSD),PROC-CMSP,2025-04-30T17:09:00,2025-05-05T10:51:00,2025-10-15T17:08:01,Secretaria (SGP12),Em Condição de Pauta,,
CCJ,725850,2026-10-02,,PL 142/2025,2218,Ver. THAMMY MIRANDA (PSD),SGP21,2026-08-19T18:41:00,2026-08-20T10:39:00,2026-08-20T13:23:00,Procuradoria,Para análise e envio ao(à) relator(a),,
CCJ,725853,2026-10-02,,PL 143/2025,2254,Ver. LUNA ZARATTINI (PT),SGP21,2026-08-21T16:17:00,2026-08-31T01:20:00,2026-09-17T16:48:30,Relator(a),Estudo para manifestação do relator,,
CCJ,725856,2026-10-02,,PL 144/2025,2218,Ver. THAMMY MIRANDA (PSD),PROC-CMSP,2025-05-12T08:55:00,2025-05-12T11:45:00,2025-09-24T16:49:08,Secretaria (SGP12),Em Condição de Pauta,,
CCJ,725858,2026-10-02,,PL 145/2025,2254,Ver. LUNA ZARATTINI (PT),PROC-CMSP,2025-05-12T08:55:00,2025-05-12T11:45:00,2026-03-11T13:02:57,Relator(a),Estudo para manifestação do relator,,
URB,725865,2026-10-02,,PL 146/2025,2147,Ver. ISAC FÉLIX (PL),CCJ,2025-09-16T10:59:55,2025-09-17T10:55:00,2026-08-10T15:25:40,Relator(a),Estudo para manifestação do relator,,
ECON,725867,2026-10-02,,PL 147/2025,696,Ver. CARLOS BEZERRA JR. (PSD),ADM,2025-08-29T12:09:12,2025-08-29T15:57:00,2026-09-03T14:35:46,Relator(a),Estudo para manifestação do relator,,
CCJ,725952,2026-10-02,,PL 150/2025,2276,Ver. SILVÃO LEITE (UNIÃO),PROC-CMSP,2025-05-12T08:55:00,2025-05-12T11:45:00,2025-05-20T16:37:45,Relator(a),Estudo para manifestação do relator,,
CCJ,725998,2026-10-02,,PL 152/2025,2218,Ver. THAMMY MIRANDA (PSD),PROC-CMSP,2025-05-12T08:55:00,2025-05-12T11:45:00,2025-09-29T11:42:10,Secretaria (SGP12),Adiado,,
EDUC,726191,2026-10-02,2026-10-06,PL 153/2025,2222,Ver. CRIS MONTEIRO (NOVO),URB,2026-03-27T13:35:22,2026-03-31T11:59:00,2026-09-28T15:42:03,Consultoria (SGP.52),Elaborar Minuta de Relatório,,
EDUC,726191,2026-10-07,2026-10-07,PL 153/2025,2222,Ver. CRIS MONTEIRO (NOVO),URB,2026-03-27T13:35:22,2026-03-31T11:59:00,2026-10-07T17:46:22,Relator(a),Assinar Relatório,,
EDUC,726191,2026-10-08,,PL 153/2025,2222,Ver. CRIS MONTEIRO (NOVO),URB,2026-03-27T13:35:22,2026-03-31T11:59:00,2026-10-08T10:18:35,Secretaria (SGP12),Em Condição de Pauta,,
CCJ,726226,2026-10-02,,PL 155/2025,2276,Ver. SILVÃO LEITE (UNIÃO),PROC-CMSP,2025-05-12T08:55:00,2025-05-12T11:45:00,2025-10-09T22:07:13,Secretaria (SGP12),Em Condição de Pauta,,
CCJ,726230,2026-10-02,,PL 157/2025,1636,Ver. DR. MILTON FERREIRA (PODE),PROC-CMSP,2025-05-12T08:55:00,2025-05-12T11:45:00,2025-05-30T16:32:56,Relator(a),Estudo para manifestação do relator,,
CCJ,726277,2026-10-02,,PL 160/2025,2254,Ver. LUNA ZARATTINI (PT),PROC-CMSP,2025-05-12T08:55:00,2025-05-12T11:45:00,2026-03-11T13:03:00,Relator(a),Estudo para manifestação do relator,,
CCJ,726278,2026-10-02,,PL 161/2025,2276,Ver. SILVÃO LEITE (UNIÃO),PROC-CMSP,2025-05-12T08:55:00,2025-05-12T11:45:00,2025-06-04T16:02:33,Relator(a),Estudo para manifestação do relator,,
CCJ,726279,2026-10-02,,PL 162/2025,2217,Ver. SANSÃO PEREIRA (REPUBLICANOS),PROC-CMSP,2025-05-12T08:55:00,2025-05-12T11:45:00,2025-09-29T11:46:34,Secretaria (SGP12),Adiado,,
CCJ,726342,2026-10-02,,PL 163/2025,2218,Ver. THAMMY MIRANDA (PSD),PROC-CMSP,2025-05-12T08:55:00,2025-05-12T11:45:00,2025-11-03T15:45:00,Secretaria (SGP12),Em Condição de Pauta,,
CCJ,726348,2026-10-02,,PL 164/2025,1636,Ver. DR. MILTON FERREIRA (PODE),SGP21,2026-08-21T16:23:00,2026-08-31T01:21:00,2026-09-14T20:15:05,Secretaria (SGP12),Em Condição de Pauta,,
SAUDE,726396,2026-10-02,,PL 165/2025,1635,Ver. DRA. SANDRA TADEU (PL),ADM,2026-08-14T16:58:13,2026-08-17T22:25:00,2026-09-23T15:44:51,Secretaria (SGP12),Em Condição de Pauta,,
EDUC,726398,2026-10-02,,PDL 4/2025,1349,Ver. SENIVAL MOURA (PT),CCJ,2025-06-04T18:58:37,2025-06-06T10:57:00,2026-09-17T21:38:18,Secretaria (SGP12),Em Condição de Pauta,,
CCJ,726406,2026-10-02,,PDL 5/2025,2276,Ver. SILVÃO LEITE (UNIÃO),PROC-CMSP,2025-04-07T18:07:00,2025-04-10T20:53:00,2025-06-11T16:25:14,Relator(a),Estudo para manifestação do relator,,
FIN,726544,2026-10-02,2026-10-04,PR 24/2025,2271,Ver. ANA CAROLINA OLIVEIRA (PODE),SAUDE,2026-05-14T23:38:45,2026-05-21T14:46:00,2026-10-01T11:34:31,Secretaria (SGP12),Em Condição de Pauta,,
FIN,726544,2026-10-05,,PR 24/2025,2271,Ver. ANA CAROLINA OLIVEIRA (PODE),SAUDE,2026-05-14T23:38:45,2026-05-21T14:46:00,2026-10-05T19:15:42,Secretaria (SGP12),Em Condição de Pauta,,
CCJ,726545,2026-10-02,,PL 166/2025,2217,Ver. SANSÃO PEREIRA (REPUBLICANOS),PROC-CMSP,2025-05-12T08:55:00,2025-05-12T11:45:00,2025-09-29T11:36:27,Secretaria (SGP12),Adiado,,
CCJ,726691,2026-10-02,,PL 167/2025,2206,Ver. SILVIA DA BANCADA FEMINISTA (PSOL),PROC-CMSP,2025-04-24T11:17:00,2025-04-24T12:23:00,2025-05-08T17:54:21,Relator(a),Estudo para manifestação do relator,,
ADM,726737,2026-10-02,,PL 168/2025,2275,Ver. GABRIEL ABREU (PODE),CCJ,2025-08-29T15:50:31,2025-09-01T15:09:00,2026-08-12T17:21:05,Secretaria (SGP12),Em Condição de Pauta,,
CCJ,726743,2026-10-02,,PL 169/2025,2276,Ver. SILVÃO LEITE (UNIÃO),PROC-CMSP,2025-05-12T08:55:00,2025-05-12T11:45:00,2025-05-16T18:29:38,Relator(a),Estudo para manifestação do relator,,
CCJ,726748,2026-10-02,,PL 170/2025,2206,Ver. SILVIA DA BANCADA FEMINISTA (PSOL),PROC-CMSP,2025-05-12T08:55:00,2025-05-12T11:45:00,2025-05-16T18:29:37,Relator(a),Estudo para manifestação do relator,,
CCJ,726750,2026-10-02,,PL 171/2025,2206,Ver. SILVIA DA BANCADA FEMINISTA (PSOL),PROC-CMSP,2025-05-12T08:55:00,2025-05-12T11:45:00,2025-06-04T16:02:34,Relator(a),Estudo para manifestação do relator,,
FIN,726751,2026-10-02,,PL 172/2025,2146,Ver. GILBERTO NASCIMENTO (PL),ADM,2026-05-29T18:51:56,2026-06-02T14:32:00,2026-09-02T16:09:49,Relator(a),Assinar Relatório,,
EDUC,726755,2026-10-02,,PL 173/2025,1989,Ver. GEORGE HATO (MDB),ADM,2025-12-01T11:27:07,2025-12-02T12:16:00,2026-03-17T16:21:38,Relator(a),Estudo para manifestação do relator,,
FIN,726763,2026-10-02,,PL 174/2025,2271,Ver. ANA CAROLINA OLIVEIRA (PODE),EDUC,2025-08-12T10:24:01,2025-08-13T17:57:00,2025-10-08T16:01:53,Relator(a),Estudo para manifestação do relator,,
CCJ,726815,2026-10-02,,PL 175/2025,2218,Ver. THAMMY MIRANDA (PSD),PROC-CMSP,2025-05-06T18:49:00,2025-05-07T11:28:00,2025-09-29T11:50:41,Secretaria (SGP12),Adiado,,
CCJ,726889,2026-10-02,,PL 176/2025,2218,Ver. THAMMY MIRANDA (PSD),PROC-CMSP,2025-05-12T08:55:00,2025-05-12T11:45:00,2025-06-09T17:32:34,Secretaria (SGP12),Em Condição de Pauta,,
CCJ,727178,2026-10-02,,PL 180/2025,2276,Ver. SILVÃO LEITE (UNIÃO),PROC-CMSP,2025-05-12T08:55:00,2025-05-12T11:45:00,2025-05-19T17:46:56,Relator(a),Estudo para manifestação do relator,,
FIN,727195,2026-10-02,,PL 181/2025,2271,Ver. ANA CAROLINA OLIVEIRA (PODE),SAUDE,2026-05-22T14:59:09,2026-06-02T14:27:00,2026-08-06T16:48:09,Relator(a),Estudo para manifestação do relator,,
FIN,727281,2026-10-02,,PL 183/2025,2150,Ver. ANDRÉ SANTOS (REPUBLICANOS),EDUC,2026-05-11T15:17:55,2026-05-12T14:17:00,2026-06-25T16:32:11,Relator(a),Estudo para manifestação do relator,,
FIN,727304,2026-10-02,,PL 184/2025,2246,Ver. MAJOR PALUMBO (PP),SAUDE,2026-04-23T11:39:10,2026-04-23T16:04:00,2026-09-02T17:36:39,Relator(a),Estudo para manifestação do relator,,
CCJ,727321,2026-10-02,,PL 185/2025,2277,Ver. JANAINA PASCHOAL (PP),PROC-CMSP,2025-04-24T11:17:00,2025-04-24T12:23:00,2025-07-21T13:01:36,Secretaria (SGP12),Em Condição de Pauta,,
FIN,727325,2026-10-02,,PR 28/2025,2278,Ver. KEIT LIMA (PSOL),SAUDE,2026-04-23T11:39:02,2026-04-23T16:28:00,2026-09-30T15:54:06,Relator(a),Estudo para manifestação do relator,,
SAUDE,727400,2026-10-02,,PL 186/2025,2281,Ver. SIMONE GANEM (PODE),ADM,2025-10-23T13:05:50,2025-10-28T15:03:00,2026-06-10T13:34:35,Relator(a),Assinar Relatório,,
FIN,727432,2026-10-02,,PL 187/2025,,,SAUDE,2026-09-21T10:32:00,2026-09-25T15:00:00,2026-09-25T15:00:00,Presidente da Comissão,Designar Relator,,
CCJ,727433,2026-10-02,,PL 188/2025,2277,Ver. JANAINA PASCHOAL (PP),PROC-CMSP,2025-05-21T21:14:00,2025-05-22T12:22:00,2025-09-29T11:51:47,Secretaria (SGP12),Adiado,,
CCJ,727441,2026-10-02,,PL 191/2025,1636,Ver. DR. MILTON FERREIRA (PODE),PROC-CMSP,2025-05-21T21:14:00,2025-05-22T12:22:00,2025-10-29T17:04:18,Secretaria (SGP12),Adiado,,
FIN,727547,2026-10-02,2026-10-07,PL 194/2025,2219,Ver. MARCELO MESSIAS (MDB),EDUC,2026-08-18T14:54:48,2026-08-20T10:49:00,2026-09-02T14:47:13,Consultoria (CTEO.1),Para análise,,
FIN,727547,2026-10-08,,PL 194/2025,2219,Ver. MARCELO MESSIAS (MDB),EDUC,2026-08-18T14:54:48,2026-08-20T10:49:00,2026-10-08T15:19:59,Relator(a),Estudo para manifestação do relator,,
CCJ,727552,2026-10-02,,PL 196/2025,2217,Ver. SANSÃO PEREIRA (REPUBLICANOS),PROC-CMSP,2025-05-21T21:14:00,2025-05-22T12:22:00,2025-06-03T16:18:25,Relator(a),Estudo para manifestação do relator,,
CCJ,727553,2026-10-02,,PL 197/2025,2217,Ver. SANSÃO PEREIRA (REPUBLICANOS),PROC-CMSP,2025-05-21T21:14:00,2025-05-22T12:22:00,2025-06-11T16:25:20,Relator(a),Estudo para manifestação do relator,,
FIN,727690,2026-10-02,,PL 203/2025,2271,Ver. ANA CAROLINA OLIVEIRA (PODE),SAUDE,2026-04-23T11:39:09,2026-04-23T16:04:00,2026-09-30T13:41:40,Secretaria (SGP12),Aguardando 2ª Audiência Pública,,
URB,727706,2026-10-02,,PL 206/2025,2273,Ver. DR. MURILLO LIMA (PP),CCJ,2025-10-10T16:06:29,2025-10-13T15:13:00,2026-08-13T14:30:25,Relator(a),Estudo para manifestação do relator,,
CCJ,727708,2026-10-02,,PL 207/2025,2282,Ver. LUCAS PAVANATO (PL),PROC-CMSP,2025-05-21T21:14:00,2025-05-22T12:22:00,2025-08-15T16:41:09,Relator(a),Assinar Relatório,,
CCJ,727709,2026-10-02,,PL 208/2025,2218,Ver. THAMMY MIRANDA (PSD),PROC-CMSP,2025-05-21T21:14:00,2025-05-22T12:22:00,2025-11-17T16:27:10,Secretaria (SGP12),Em Condição de Pauta,,
CCJ,727774,2026-10-02,,PL 210/2025,2276,Ver. SILVÃO LEITE (UNIÃO),PROC-CMSP,2025-05-12T08:55:00,2025-05-12T11:45:00,2025-05-16T18:29:36,Relator(a),Estudo para manifestação do relator,,
URB,727957,2026-10-02,,PL 211/2025,2273,Ver. DR. MURILLO LIMA (PP),CCJ,2026-05-04T16:32:42,2026-05-05T11:32:00,2026-07-14T19:58:42,Relator(a),Estudo para manifestação do relator,,
URB,727962,2026-10-02,,PL 212/2025,2273,Ver. DR. MURILLO LIMA (PP),CCJ,2025-08-29T15:50:32,2025-09-01T11:59:00,2026-09-17T17:18:10,Consultoria (SGP.51),Para análise,resposta do Executivo DOCREC 1139/2026,
CCJ,727964,2026-10-02,,PL 213/2025,2206,Ver. SILVIA DA BANCADA FEMINISTA (PSOL),PROC-CMSP,2025-05-21T21:14:00,2025-05-22T12:22:00,2025-07-02T18:15:41,Relator(a),Estudo para manifestação do relator,,
CCJ,727971,2026-10-02,,PL 216/2025,2206,Ver. SILVIA DA BANCADA FEMINISTA (PSOL),PROC-CMSP,2025-05-21T21:14:00,2025-05-22T12:22:00,2025-06-06T15:57:59,Relator(a),Estudo para manifestação do relator,,
ADM,728034,2026-10-02,,PL 219/2025,2268,Ver. AMANDA VETTORAZZO (UNIÃO),CCJ,2026-05-04T16:32:41,2026-05-05T16:13:00,2026-05-07T16:30:56,Relator(a),Estudo para manifestação do relator,,
FIN,728042,2026-10-02,,PL 220/2025,2278,Ver. KEIT LIMA (PSOL),ECON,2025-12-19T15:44:33,2026-02-02T13:55:00,2026-04-22T17:27:45,Relator(a),Estudo para manifestação do relator,,
CCJ,728043,2026-10-02,,PL 221/2025,2217,Ver. SANSÃO PEREIRA (REPUBLICANOS),PROC-CMSP,2025-05-21T21:14:00,2025-05-22T12:22:00,2025-08-25T14:05:54,Secretaria (SGP12),Em Condição de Pauta,,
CCJ,728047,2026-10-02,,PL 223/2025,2218,Ver. THAMMY MIRANDA (PSD),PROC-CMSP,2025-05-21T21:14:00,2025-05-22T12:22:00,2025-12-03T15:23:10,Secretaria (SGP12),Em Condição de Pauta,,
CCJ,728049,2026-10-02,,PL 224/2025,2276,Ver. SILVÃO LEITE (UNIÃO),PROC-CMSP,2025-05-21T21:14:00,2025-05-22T12:22:00,2025-06-27T17:33:52,Relator(a),Estudo para manifestação do relator,,
CCJ,728052,2026-10-02,,PL 225/2025,1636,Ver. DR. MILTON FERREIRA (PODE),PROC-CMSP,2025-05-21T21:14:00,2025-05-22T12:22:00,2025-09-09T14:47:36,Relator(a),Estudo para manifestação do relator,,
CCJ,728071,2026-10-02,,PR 31/2025,2276,Ver. SILVÃO LEITE (UNIÃO),PROC-CMSP,2025-04-14T17:41:00,2025-04-15T09:40:00,2025-12-15T21:37:49,Secretaria (SGP12),Em Condição de Pauta,,
EDUC,728076,2026-10-02,,PL 228/2025,2222,Ver. CRIS MONTEIRO (NOVO),ADM,2026-05-07T15:43:47,2026-05-11T11:48:00,2026-09-11T12:33:40,Relator(a),Estudo para manifestação do relator,,
CCJ,728229,2026-10-02,,PL 229/2025,2218,Ver. THAMMY MIRANDA (PSD),PROC-CMSP,2025-04-07T18:07:00,2025-04-10T20:53:00,2026-05-11T18:26:15,Secretaria (SGP12),Aguardando Informações do(a) Autor(a),,
ADM,728271,2026-10-02,,PL 230/2025,2275,Ver. GABRIEL ABREU (PODE),URB,2026-04-17T12:10:41,2026-04-23T15:15:00,2026-09-02T16:18:33,Secretaria (SGP12),Em Condição de Pauta,,
CCJ,728314,2026-10-02,,PL 235/2025,2277,Ver. JANAINA PASCHOAL (PP),PROC-CMSP,2025-04-30T17:09:00,2025-05-05T10:51:00,2025-09-29T11:47:16,Secretaria (SGP12),Adiado,,
CCJ,728315,2026-10-02,,PDL 11/2025,2217,Ver. SANSÃO PEREIRA (REPUBLICANOS),PROC-CMSP,2025-04-09T18:17:00,2025-04-10T20:53:00,2025-08-27T22:12:40,Secretaria (SGP12),Em Condição de Pauta,,
URB,728316,2026-10-02,,PL 236/2025,2273,Ver. DR. MURILLO LIMA (PP),CCJ,2025-08-29T16:33:56,2025-09-01T11:54:00,2026-06-25T15:45:23,Secretaria (SGP12),Aguardando 2ª Audiência Pública,,
URB,728318,2026-10-02,2026-10-07,PL 237/2025,2144,Ver. FABIO RIVA (MDB),CCJ,2025-10-10T15:29:57,2025-10-13T15:11:00,2026-08-13T15:15:56,Secretaria (SGP12),Aguardando Informações do Executivo,,
URB,728318,2026-10-08,,PL 237/2025,2144,Ver. FABIO RIVA (MDB),CCJ,2025-10-10T15:29:57,2025-10-13T15:11:00,2026-10-08T16:08:18,Consultoria,Para análise,Resposta Executivo Docrec 1229/2026,
CCJ,728334,2026-10-02,,PL 239/2025,2277,Ver. JANAINA PASCHOAL (PP),PROC-CMSP,2025-06-05T16:04:00,2025-06-06T17:42:00,2026-03-18T16:52:15,Secretaria (SGP12),Adiado,,
URB,728347,2026-10-02,,PL 241/2025,2273,Ver. DR. MURILLO LIMA (PP),CCJ,2025-09-08T11:55:24,2025-09-09T12:15:00,2026-07-31T15:49:07,Relator(a),Estudo para manifestação do relator,,
CCJ,728348,2026-10-02,,PL 242/2025,2206,Ver. SILVIA DA BANCADA FEMINISTA (PSOL),PROC-CMSP,2025-06-05T16:04:00,2025-06-06T17:42:00,2025-07-16T15:19:57,Relator(a),Estudo para manifestação do relator,,
CCJ,728355,2026-10-02,,PL 243/2025,2277,Ver. JANAINA PASCHOAL (PP),PROC-CMSP,2025-04-24T11:17:00,2025-04-24T12:23:00,2026-03-18T13:54:46,Secretaria (SGP12),Em Condição de Pauta,,
CCJ,728383,2026-10-02,,PL 244/2025,2282,Ver. LUCAS PAVANATO (PL),PROC-CMSP,2025-04-07T18:07:00,2025-04-10T20:53:00,2026-05-12T10:43:03,Relator(a),Assinar Relatório,,
URB,728418,2026-10-02,,PL 246/2025,2144,Ver. FABIO RIVA (MDB),CCJ,2025-09-16T10:59:57,2025-09-17T10:53:00,2026-08-03T16:57:43,Relator(a),Estudo para manifestação do relator,,
FIN,728419,2026-10-02,,PL 247/2025,2278,Ver. KEIT LIMA (PSOL),SAUDE,2026-04-23T11:39:08,2026-04-23T16:03:00,2026-06-25T15:53:43,Relator(a),Estudo para manifestação do relator,,
CCJ,728421,2026-10-02,,PL 249/2025,1636,Ver. DR. MILTON FERREIRA (PODE),PROC-CMSP,2025-06-05T16:04:00,2025-06-06T17:42:00,2025-09-29T10:35:49,Secretaria (SGP12),Adiado,,
CCJ,728423,2026-10-02,,PL 251/2025,2276,Ver. SILVÃO LEITE (UNIÃO),PROC-CMSP,2025-06-05T16:04:00,2025-06-06T17:42:00,2025-07-15T17:47:39,Relator(a),Estudo para manifestação do relator,,
CCJ,728547,2026-10-02,,PL 253/2025,2206,Ver. SILVIA DA BANCADA FEMINISTA (PSOL),PROC-CMSP,2025-06-05T16:04:00,2025-06-06T17:42:00,2025-09-04T12:04:01,Relator(a),Estudo para manifestação do relator,,
CCJ,728764,2026-10-02,,PL 255/2025,2276,Ver. SILVÃO LEITE (UNIÃO),PROC-CMSP,2025-06-05T16:04:00,2025-06-06T17:42:00,2025-06-30T17:43:10,Relator(a),Estudo para manifestação do relator,,
FIN,728765,2026-10-02,,PR 33/2025,2150,Ver. ANDRÉ SANTOS (REPUBLICANOS),ADM,2025-10-03T16:04:14,2025-10-06T11:23:00,2026-04-29T15:33:33,Consultoria (CTEO.1),Elaborar Minuta de Relatório,,
CCJ,728766,2026-10-02,,PL 256/2025,1636,Ver. DR. MILTON FERREIRA (PODE),PROC-CMSP,2025-06-05T16:04:00,2025-06-06T17:42:00,2025-08-06T16:14:18,Relator(a),Estudo para manifestação do relator,,
CCJ,728767,2026-10-02,,PL 257/2025,2276,Ver. SILVÃO LEITE (UNIÃO),PROC-CMSP,2025-06-05T16:04:00,2025-06-06T17:42:00,2026-04-28T19:28:51,Relator(a),Estudo para manifestação do relator,,
CCJ,728768,2026-10-02,,PL 258/2025,1636,Ver. DR. MILTON FERREIRA (PODE),PROC-CMSP,2025-06-05T16:04:00,2025-06-06T17:42:00,2025-06-27T17:29:16,Relator(a),Estudo para manifestação do relator,,
URB,728769,2026-10-02,,PL 259/2025,2269,Ver. MARINA BRAGANTE (PSB),CCJ,2025-11-04T18:54:35,2025-11-06T13:26:00,2026-05-20T15:53:26,Relator(a),Estudo para manifestação do relator,,
FIN,728770,2026-10-02,,PL 260/2025,2219,Ver. MARCELO MESSIAS (MDB),SAUDE,2026-04-23T11:39:08,2026-04-23T16:03:00,2026-06-25T16:09:27,Relator(a),Estudo para manifestação do relator,,
SAUDE,728771,2026-10-02,,PL 261/2025,2281,Ver. SIMONE GANEM (PODE),CCJ,2025-09-16T10:54:37,2025-09-18T12:36:00,2025-09-18T19:50:33,Relator(a),Estudo para manifestação do relator,,
EDUC,728940,2026-10-02,,PL 264/2025,2222,Ver. CRIS MONTEIRO (NOVO),URB,2026-06-02T13:06:10,2026-06-02T15:59:00,2026-09-15T13:17:42,Relator(a),Estudo para manifestação do relator,,
CCJ,728941,2026-10-02,,PL 265/2025,2206,Ver. SILVIA DA BANCADA FEMINISTA (PSOL),PROC-CMSP,2025-04-09T18:17:00,2025-04-10T20:53:00,2025-08-14T16:00:34,Relator(a),Estudo para manifestação do relator,,
CCJ,728943,2026-10-02,,PL 266/2025,2277,Ver. JANAINA PASCHOAL (PP),PROC-CMSP,2025-06-17T19:22:00,2025-06-18T13:21:00,2025-11-10T13:40:36,Secretaria (SGP12),Adiado,,
CCJ,728944,2026-10-02,,PL 267/2025,2277,Ver. JANAINA PASCHOAL (PP),PROC-CMSP,2025-06-17T19:22:00,2025-06-18T13:21:00,2025-09-08T14:16:06,Secretaria (SGP12),Em Condição de Pauta,,
CCJ,728946,2026-10-02,,PL 269/2025,2277,Ver. JANAINA PASCHOAL (PP),PROC-CMSP,2025-06-17T19:22:00,2025-06-18T13:21:00,2025-09-29T11:48:05,Secretaria (SGP12),Adiado,,
CCJ,728948,2026-10-02,,PR 35/2025,1636,Ver. DR. MILTON FERREIRA (PODE),PROC-CMSP,2025-04-14T17:41:00,2025-04-15T09:40:00,2026-03-09T12:07:11,Presidente da Comissão,Redesignar Relator,,
CCJ,729106,2026-10-02,,PL 270/2025,2217,Ver. SANSÃO PEREIRA (REPUBLICANOS),PROC-CMSP,2025-06-17T19:22:00,2025-06-18T13:21:00,2025-07-16T15:50:35,Secretaria (SGP12),Em Condição de Pauta,,
CCJ,729126,2026-10-02,,PL 271/2025,2276,Ver. SILVÃO LEITE (UNIÃO),PROC-CMSP,2025-04-09T18:17:00,2025-04-10T20:53:00,2025-06-03T16:18:28,Relator(a),Estudo para manifestação do relator,,
CCJ,729137,2026-10-02,,PL 272/2025,2218,Ver. THAMMY MIRANDA (PSD),SGP21,2026-08-19T18:41:00,2026-08-20T10:39:00,2026-08-20T13:23:00,Procuradoria,Para análise e envio ao(à) relator(a),,
URB,729138,2026-10-02,,PL 273/2025,2273,Ver. DR. MURILLO LIMA (PP),CCJ,2025-12-18T16:35:05,2025-12-19T15:32:00,2026-06-24T13:13:50,Relator(a),Estudo para manifestação do relator,,
CCJ,729152,2026-10-02,,PL 274/2025,2217,Ver. SANSÃO PEREIRA (REPUBLICANOS),PROC-CMSP,2025-06-17T19:22:00,2025-06-18T13:21:00,2025-10-08T15:58:27,Secretaria (SGP12),Adiado,,
CCJ,729157,2026-10-02,,PL 275/2025,2218,Ver. THAMMY MIRANDA (PSD),PROC-CMSP,2025-06-05T16:04:00,2025-06-06T17:42:00,2025-11-10T13:41:20,Secretaria (SGP12),Adiado,,
CCJ,729265,2026-10-02,,PL 276/2025,2276,Ver. SILVÃO LEITE (UNIÃO),PROC-CMSP,2025-06-17T19:22:00,2025-06-18T13:21:00,2025-06-27T17:29:19,Relator(a),Estudo para manifestação do relator,,
CCJ,729288,2026-10-02,,PL 278/2025,2277,Ver. JANAINA PASCHOAL (PP),PROC-CMSP,2025-04-09T18:17:00,2025-04-10T20:53:00,2025-09-29T13:12:56,Secretaria (SGP12),Adiado,,
EDUC,729354,2026-10-02,,PL 281/2025,1989,Ver. GEORGE HATO (MDB),ADM,2026-08-14T16:58:15,2026-08-25T11:15:00,2026-09-14T15:05:00,Relator(a),Estudo para manifestação do relator,,
FIN,729378,2026-10-02,,PLO 1/2025,2278,Ver. KEIT LIMA (PSOL),ADM,2025-10-03T16:05:46,2025-10-06T11:26:00,2026-04-16T15:01:33,Relator(a),Estudo para manifestação do relator,,
CCJ,729395,2026-10-02,,PL 282/2025,2218,Ver. THAMMY MIRANDA (PSD),PROC-CMSP,2025-04-09T18:17:00,2025-04-10T20:53:00,2026-03-12T14:13:09,Relator(a),Estudo para manifestação do relator,,
CCJ,729417,2026-10-02,,PR 37/2025,2218,Ver. THAMMY MIRANDA (PSD),PROC-CMSP,2025-04-14T17:41:00,2025-04-15T09:40:00,2025-11-05T18:14:19,Secretaria (SGP12),Em Condição de Pauta,,
CCJ,729419,2026-10-02,,PL 283/2025,2276,Ver. SILVÃO LEITE (UNIÃO),PROC-CMSP,2025-06-17T19:22:00,2025-06-18T13:21:00,2025-07-15T17:47:35,Relator(a),Estudo para manifestação do relator,,
CCJ,729452,2026-10-02,,PL 284/2025,2218,Ver. THAMMY MIRANDA (PSD),PROC-CMSP,2025-04-24T11:17:00,2025-04-24T12:23:00,2025-05-29T18:26:13,Secretaria (SGP12),Em Condição de Pauta,,
CCJ,729647,2026-10-02,,PL 286/2025,2277,Ver. JANAINA PASCHOAL (PP),PROC-CMSP,2025-06-17T19:22:00,2025-06-18T13:21:00,2025-07-21T18:16:02,Secretaria (SGP12),Em Condição de Pauta,,
FIN,729714,2026-10-02,,PL 288/2025,2146,Ver. GILBERTO NASCIMENTO (PL),SAUDE,2026-08-25T14:38:26,2026-08-26T16:45:00,2026-09-30T15:11:25,Consultoria (CTEO.1),Para análise,,
FIN,729740,2026-10-02,2026-10-04,PL 291/2025,2246,Ver. MAJOR PALUMBO (PP),EDUC,2026-05-21T14:28:46,2026-05-21T17:59:00,2026-09-29T12:17:08,Secretaria (SGP12),Em Condição de Pauta,,
FIN,729740,2026-10-05,,PL 291/2025,2246,Ver. MAJOR PALUMBO (PP),EDUC,2026-05-21T14:28:46,2026-05-21T17:59:00,2026-10-05T19:18:05,Secretaria (SGP12),Em Condição de Pauta,,
FIN,729797,2026-10-02,,PL 292/2025,2246,Ver. MAJOR PALUMBO (PP),EDUC,2025-10-24T11:57:53,2025-10-28T12:06:00,2026-04-27T10:51:01,Secretaria (SGP12),Retirado de pauta,,
FIN,730043,2026-10-02,,PL 296/2025,2150,Ver. ANDRÉ SANTOS (REPUBLICANOS),EDUC,2026-04-10T14:58:32,2026-04-13T14:58:00,2026-06-25T16:13:15,Relator(a),Estudo para manifestação do relator,,
FIN,730058,2026-10-02,,PL 298/2025,,,ADM,2026-05-15T17:46:23,2026-05-21T14:46:00,2026-05-21T14:46:00,Presidente da Comissão,Designar Relator,,
SAUDE,730059,2026-10-02,,PL 299/2025,2256,Ver. HÉLIO RODRIGUES (PT),ADM,2026-05-15T17:46:24,2026-05-18T14:27:00,2026-07-03T17:05:49,Relator(a),Assinar Relatório,,
FIN,730075,2026-10-02,,PL 302/2025,2279,Ver. SILVINHO LEITE (UNIÃO),EDUC,2026-06-01T15:51:59,2026-06-03T16:19:00,2026-06-10T14:08:27,Consultoria (CTEO.1),Para análise,,
CCJ,730212,2026-10-02,,PL 303/2025,1636,Ver. DR. MILTON FERREIRA (PODE),PROC-CMSP,2025-06-17T19:17:00,2025-06-18T13:21:00,2025-10-10T17:14:38,Secretaria (SGP12),Em Condição de Pauta,,
CCJ,730223,2026-10-02,,PL 304/2025,2276,Ver. SILVÃO LEITE (UNIÃO),PROC-CMSP,2025-06-17T19:17:00,2025-06-18T13:21:00,2025-08-01T14:50:21,Relator(a),Estudo para manifestação do relator,,
CCJ,730260,2026-10-02,,PL 306/2025,2276,Ver. SILVÃO LEITE (UNIÃO),PROC-CMSP,2025-06-17T19:17:00,2025-06-18T13:21:00,2025-07-04T16:02:44,Relator(a),Estudo para manifestação do relator,,
SAUDE,730807,2026-10-02,,PDL 13/2025,2281,Ver. SIMONE GANEM (PODE),ECON,2026-05-12T17:14:10,2026-05-14T18:48:00,2026-05-20T17:55:44,Relator(a),Estudo para manifestação do relator,,
CCJ,731081,2026-10-02,,PL 308/2025,2276,Ver. SILVÃO LEITE (UNIÃO),PROC-CMSP,2025-06-17T19:17:00,2025-06-18T13:21:00,2025-09-03T17:40:06,Relator(a),Estudo para manifestação do relator,,
CCJ,731157,2026-10-02,,PL 309/2025,2282,Ver. LUCAS PAVANATO (PL),PROC-CMSP,2025-06-17T19:17:00,2025-06-18T13:21:00,2026-04-07T16:05:19,Secretaria (SGP12),Em Condição de Pauta,,
FIN,731353,2026-10-02,,PL 310/2025,,,ADM,2026-05-29T18:52:08,2026-06-02T14:24:00,2026-06-02T14:24:00,Presidente da Comissão,Designar Relator,,
URB,731354,2026-10-02,2026-10-06,PL 311/2025,2273,Ver. DR. MURILLO LIMA (PP),CCJ,2025-12-15T16:42:07,2025-12-17T14:18:00,2026-09-15T16:19:13,Consultoria (SGP.51),Para análise,,
URB,731354,2026-10-07,,PL 311/2025,2273,Ver. DR. MURILLO LIMA (PP),CCJ,2025-12-15T16:42:07,2025-12-17T14:18:00,2026-10-07T14:08:19,Relator(a),Estudo para manifestação do relator,,
EDUC,731355,2026-10-02,,PL 312/2025,2185,Ver. CELSO GIANNAZI (PSOL),CCJ,2025-09-08T11:53:57,2025-09-08T12:08:00,2025-09-17T18:58:05,Relator(a),Estudo para manifestação do relator,,
CCJ,731357,2026-10-02,,PL 314/2025,2206,Ver. SILVIA DA BANCADA FEMINISTA (PSOL),PROC-CMSP,2025-06-17T19:17:00,2025-06-18T13:21:00,2025-08-14T16:00:33,Relator(a),Estudo para manifestação do relator,,
CCJ,731463,2026-10-02,,PL 315/2025,2217,Ver. SANSÃO PEREIRA (REPUBLICANOS),PROC-CMSP,2025-06-17T19:17:00,2025-06-18T13:21:00,2026-04-10T12:41:21,Secretaria (SGP12),Em Condição de Pauta,,
EDUC,731484,2026-10-02,,PR 38/2025,2222,Ver. CRIS MONTEIRO (NOVO),ADM,2025-08-29T12:21:04,2025-09-01T09:43:00,2025-09-09T14:13:12,Relator(a),Estudo para manifestação do relator,,
CCJ,731637,2026-10-02,,PL 317/2025,2282,Ver. LUCAS PAVANATO (PL),PROC-CMSP,2025-06-02T17:46:00,2025-06-02T18:26:00,2025-08-15T16:49:16,Relator(a),Assinar Relatório,,
CCJ,731746,2026-10-02,,PL 318/2025,2277,Ver. JANAINA PASCHOAL (PP),PROC-CMSP,2025-06-17T19:17:00,2025-06-18T13:21:00,2025-07-21T12:48:49,Secretaria (SGP12),Em Condição de Pauta,,
CCJ,731747,2026-10-02,,PL 319/2025,2282,Ver. LUCAS PAVANATO (PL),PROC-CMSP,2025-06-17T19:17:00,2025-06-18T13:21:00,2025-08-15T14:31:39,Secretaria (SGP12),Em Condição de Pauta,,
FIN,731814,2026-10-02,,PL 322/2025,2146,Ver. GILBERTO NASCIMENTO (PL),URB,2026-04-17T12:03:33,2026-04-17T17:51:00,2026-08-20T17:39:45,Relator(a),Estudo para manifestação do relator,,
CCJ,731815,2026-10-02,,PL 323/2025,2276,Ver. SILVÃO LEITE (UNIÃO),PROC-CMSP,2025-06-17T19:11:00,2025-06-18T13:21:00,2025-08-13T09:20:42,Relator(a),Estudo para manifestação do relator,,
ADM,732293,2026-10-02,,PL 325/2025,2283,Ver. ZOE MARTÍNEZ (PL),CCJ,2025-09-16T10:54:39,2025-09-17T12:57:00,2026-06-01T18:09:07,Relator(a),Estudo para manifestação do relator,,
CCJ,732294,2026-10-02,,PL 326/2025,2206,Ver. SILVIA DA BANCADA FEMINISTA (PSOL),PROC-CMSP,2025-06-24T00:00:00,2025-06-24T15:01:00,2025-08-15T17:20:49,Relator(a),Estudo para manifestação do relator,,
CCJ,732492,2026-10-02,,PL 327/2025,2218,Ver. THAMMY MIRANDA (PSD),PROC-CMSP,2025-06-24T00:00:00,2025-06-24T15:01:00,2025-09-01T16:40:10,Secretaria (SGP12),Em Condição de Pauta,,
CCJ,732692,2026-10-02,,PL 331/2025,1636,Ver. DR. MILTON FERREIRA (PODE),PROC-CMSP,2025-06-24T00:00:00,2025-06-24T15:01:00,2026-06-16T12:28:13,Relator(a),Estudo para manifestação do relator,,
CCJ,732693,2026-10-02,,PL 332/2025,2276,Ver. SILVÃO LEITE (UNIÃO),PROC-CMSP,2025-06-24T00:00:00,2025-06-24T15:01:00,2025-08-14T16:48:28,Relator(a),Estudo para manifestação do relator,,
CCJ,732694,2026-10-02,,PL 333/2025,1636,Ver. DR. MILTON FERREIRA (PODE),PROC-CMSP,2025-06-24T00:00:00,2025-06-24T15:01:00,2025-09-03T17:40:03,Relator(a),Estudo para manifestação do relator,,
FIN,732695,2026-10-02,2026-10-05,PL 334/2025,2278,Ver. KEIT LIMA (PSOL),EDUC,2025-09-05T10:21:15,2025-09-08T18:09:00,2026-04-08T15:34:51,Relator(a),Estudo para manifestação do relator,,
FIN,732695,2026-10-06,,PL 334/2025,2278,Ver. KEIT LIMA (PSOL),EDUC,2025-09-05T10:21:15,2025-09-08T18:09:00,2026-10-06T12:31:51,Consultoria (CTEO.1),Elaborar Minuta de Relatório,,
CCJ,732742,2026-10-02,,PL 335/2025,2276,Ver. SILVÃO LEITE (UNIÃO),PROC-CMSP,2025-06-24T00:00:00,2025-06-24T15:01:00,2025-07-10T15:31:09,Relator(a),Estudo para manifestação do relator,,
CCJ,732743,2026-10-02,,PL 336/2025,1636,Ver. DR. MILTON FERREIRA (PODE),PROC-CMSP,2025-07-22T16:48:00,2025-07-23T18:30:00,2025-08-15T17:20:51,Relator(a),Estudo para manifestação do relator,,
CCJ,732777,2026-10-02,,PL 338/2025,2217,Ver. SANSÃO PEREIRA (REPUBLICANOS),PROC-CMSP,2025-07-22T16:48:00,2025-07-23T18:30:00,2025-08-27T20:42:29,Secretaria (SGP12),Em Condição de Pauta,,
SAUDE,733040,2026-10-02,,PL 339/2025,176,Ver. ROBERTO TRÍPOLI (PV),ADM,2025-12-11T16:51:19,2025-12-15T11:38:00,2026-08-06T12:20:16,Relator(a),Estudo para manifestação do relator,,
CCJ,733611,2026-10-02,,PL 340/2025,2276,Ver. SILVÃO LEITE (UNIÃO),PROC-CMSP,2025-07-22T16:48:00,2025-07-23T18:30:00,2025-08-14T16:00:44,Relator(a),Estudo para manifestação do relator,,
CCJ,733627,2026-10-02,,PL 341/2025,2218,Ver. THAMMY MIRANDA (PSD),PROC-CMSP,2025-07-22T16:48:00,2025-07-23T18:30:00,2025-11-05T14:00:00,Secretaria (SGP12),Deliberado,APROVADO,
CCJ,733628,2026-10-02,,PL 342/2025,2276,Ver. SILVÃO LEITE (UNIÃO),PROC-CMSP,2025-07-22T16:48:00,2025-07-23T18:30:00,2025-11-18T11:55:53,Relator(a),Estudo para manifestação do relator,,
CCJ,733629,2026-10-02,,PL 343/2025,2276,Ver. SILVÃO LEITE (UNIÃO),PROC-CMSP,2025-06-17T19:17:00,2025-06-18T13:21:00,2025-07-28T17:50:52,Relator(a),Estudo para manifestação do relator,,
CCJ,733632,2026-10-02,,PL 344/2025,1636,Ver. DR. MILTON FERREIRA (PODE),PROC-CMSP,2025-07-22T16:48:00,2025-07-23T18:30:00,2025-08-22T16:50:04,Relator(a),Estudo para manifestação do relator,,
CCJ,733633,2026-10-02,,PL 345/2025,1636,Ver. DR. MILTON FERREIRA (PODE),PROC-CMSP,2025-07-22T16:48:00,2025-07-23T18:30:00,2026-02-12T20:20:46,Secretaria (SGP12),Em Condição de Pauta,,
ADM,733848,2026-10-02,,PL 347/2025,,,CCJ,2026-06-22T13:42:02,2026-07-08T17:38:00,2026-07-08T17:38:00,Presidente da Comissão,Designar Relator,,
CCJ,733877,2026-10-02,,PL 348/2025,2218,Ver. THAMMY MIRANDA (PSD),PROC-CMSP,2025-06-02T17:46:00,2025-06-02T18:26:00,2026-05-12T13:55:40,Secretaria (SGP12),Em Condição de Pauta,,
CCJ,734160,2026-10-02,,PL 349/2025,2218,Ver. THAMMY MIRANDA (PSD),PROC-CMSP,2025-07-22T16:48:00,2025-07-23T18:30:00,2025-09-02T13:40:57,Secretaria (SGP12),Em Condição de Pauta,,
FIN,734164,2026-10-02,,PL 350/2025,2219,Ver. MARCELO MESSIAS (MDB),SAUDE,2026-08-25T14:38:25,2026-08-26T16:44:00,2026-09-30T15:54:06,Consultoria (CTEO.1),Para análise,,
CCJ,734167,2026-10-02,,PL 352/2025,2218,Ver. THAMMY MIRANDA (PSD),PROC-CMSP,2025-07-22T16:48:00,2025-07-23T18:30:00,2025-12-16T14:47:52,Secretaria (SGP12),Em Condição de Pauta,,
ADM,734168,2026-10-02,,PL 353/2025,,,CCJ,2026-08-06T15:12:04,2026-08-07T18:20:00,2026-08-07T18:20:00,Presidente da Comissão,Designar Relator,,
CCJ,734230,2026-10-02,,PL 355/2025,2217,Ver. SANSÃO PEREIRA (REPUBLICANOS),PROC-CMSP,2025-08-13T19:40:00,2025-08-15T14:09:00,2025-08-27T21:36:09,Secretaria (SGP12),Em Condição de Pauta,,
ADM,734257,2026-10-02,,PL 356/2025,,,CCJ,2026-06-22T13:41:58,2026-07-08T17:38:00,2026-07-08T17:38:00,Presidente da Comissão,Designar Relator,,
CCJ,734354,2026-10-02,,PL 359/2025,2217,Ver. SANSÃO PEREIRA (REPUBLICANOS),PROC-CMSP,2025-08-13T19:40:00,2025-08-15T14:09:00,2025-09-18T19:05:21,Secretaria (SGP12),Em Condição de Pauta,,
URB,734437,2026-10-02,,PL 361/2025,,,CCJ,2026-03-26T18:49:59,2026-03-31T11:48:00,2026-03-31T11:48:00,Presidente da Comissão,Designar Relator,,
CCJ,734451,2026-10-02,,PL 362/2025,2277,Ver. JANAINA PASCHOAL (PP),PROC-CMSP,2025-08-13T19:40:00,2025-08-15T14:09:00,2025-09-17T11:25:44,Secretaria (SGP12),Em Condição de Pauta,,
CCJ,734453,2026-10-02,,PL 363/2025,2277,Ver. JANAINA PASCHOAL (PP),PROC-CMSP,2025-08-13T19:40:00,2025-08-15T14:09:00,2025-09-23T17:14:14,Secretaria (SGP12),Em Condição de Pauta,,
CCJ,734454,2026-10-02,,PL 364/2025,2282,Ver. LUCAS PAVANATO (PL),PROC-CMSP,2025-09-03T16:42:00,2025-09-04T17:42:00,2025-09-19T15:35:41,Relator(a),Estudo para manifestação do relator,,
EDUC,734455,2026-10-02,2026-10-07,PL 365/2025,2185,Ver. CELSO GIANNAZI (PSOL),ADM,2026-05-29T18:52:05,2026-06-02T15:59:00,2026-09-11T12:25:36,Consultoria (SGP.52),Para análise,,
EDUC,734455,2026-10-08,,PL 365/2025,2185,Ver. CELSO GIANNAZI (PSOL),ADM,2026-05-29T18:52:05,2026-06-02T15:59:00,2026-10-08T09:27:53,Relator(a),Estudo para manifestação do relator,,
CCJ,734472,2026-10-02,,PL 366/2025,2217,Ver. SANSÃO PEREIRA (REPUBLICANOS),PROC-CMSP,2025-06-17T19:17:00,2025-06-18T13:21:00,2025-07-16T16:44:43,Secretaria (SGP12),Em Condição de Pauta,,
CCJ,734473,2026-10-02,,PL 367/2025,2217,Ver. SANSÃO PEREIRA (REPUBLICANOS),PROC-CMSP,2025-08-13T19:40:00,2025-08-15T14:09:00,2026-04-10T12:47:34,Secretaria (SGP12),Em Condição de Pauta,,
CCJ,734474,2026-10-02,,PL 368/2025,2276,Ver. SILVÃO LEITE (UNIÃO),PROC-CMSP,2025-06-05T16:04:00,2025-06-06T17:42:00,2025-07-16T15:20:00,Relator(a),Estudo para manifestação do relator,,
CCJ,734907,2026-10-02,,PL 371/2025,2218,Ver. THAMMY MIRANDA (PSD),PROC-CMSP,2025-08-13T19:40:00,2025-08-15T14:09:00,2025-09-15T16:31:00,Secretaria (SGP12),Em Condição de Pauta,,
CCJ,734939,2026-10-02,,PL 372/2025,2217,Ver. SANSÃO PEREIRA (REPUBLICANOS),PROC-CMSP,2025-08-13T19:40:00,2025-08-15T14:09:00,2025-09-17T11:26:26,Relator(a),Estudo para manifestação do relator,,
ADM,735014,2026-10-02,,PL 375/2025,,,CCJ,2026-08-13T18:05:28,2026-08-14T18:49:00,2026-08-14T18:49:00,Presidente da Comissão,Designar Relator,,
CCJ,735036,2026-10-02,,PL 376/2025,2217,Ver. SANSÃO PEREIRA (REPUBLICANOS),PROC-CMSP,2025-08-13T19:40:00,2025-08-15T14:09:00,2025-09-01T14:03:25,Relator(a),Estudo para manifestação do relator,,
FIN,735158,2026-10-02,,PR 44/2025,2000,Ver. ALESSANDRO GUEDES (PT),EDUC,2026-06-01T15:52:01,2026-06-03T16:26:00,2026-09-02T17:39:00,Relator(a),Estudo para manifestação do relator,,
CCJ,735185,2026-10-02,,PL 377/2025,2277,Ver. JANAINA PASCHOAL (PP),PROC-CMSP,2025-04-24T11:17:00,2025-04-24T12:23:00,2025-07-21T16:49:17,Secretaria (SGP12),Em Condição de Pauta,,
URB,735286,2026-10-02,,PL 380/2025,2273,Ver. DR. MURILLO LIMA (PP),CCJ,2025-11-14T18:10:17,2025-11-18T11:29:00,2026-10-01T14:35:01,Relator(a),Estudo para manifestação do relator,,
CCJ,735498,2026-10-02,,PL 383/2025,2206,Ver. SILVIA DA BANCADA FEMINISTA (PSOL),PROC-CMSP,2025-04-24T11:17:00,2025-04-24T12:23:00,2025-09-03T16:46:03,Relator(a),Estudo para manifestação do relator,,
CCJ,735961,2026-10-02,,PL 384/2025,2218,Ver. THAMMY MIRANDA (PSD),PROC-CMSP,2025-08-13T19:40:00,2025-08-15T14:09:00,2026-05-05T17:22:10,Secretaria (SGP12),Em Condição de Pauta,,
CCJ,736212,2026-10-02,,PL 386/2025,2282,Ver. LUCAS PAVANATO (PL),PROC-CMSP,2025-08-13T19:40:00,2025-08-15T14:09:00,2026-04-07T16:03:12,Secretaria (SGP12),Em Condição de Pauta,,
FIN,736301,2026-10-02,,PL 388/2025,2271,Ver. ANA CAROLINA OLIVEIRA (PODE),EDUC,2025-08-12T10:24:05,2025-08-13T17:57:00,2025-11-27T16:33:00,Relator(a),Estudo para manifestação do relator,,
CCJ,736319,2026-10-02,,PL 389/2025,2218,Ver. THAMMY MIRANDA (PSD),PROC-CMSP,2025-06-17T19:17:00,2025-06-18T13:21:00,2025-11-10T13:42:05,Secretaria (SGP12),Adiado,,
URB,736330,2026-10-02,,PL 391/2025,,,CCJ,2025-10-28T15:58:13,2025-10-30T14:38:00,2025-10-30T14:38:00,Presidente da Comissão,Designar Relator,,
CCJ,736331,2026-10-02,,PL 392/2025,2282,Ver. LUCAS PAVANATO (PL),PROC-CMSP,2025-08-13T19:40:00,2025-08-15T14:09:00,2025-10-20T10:38:19,Relator(a),Estudo para manifestação do relator,,
CCJ,736492,2026-10-02,,PL 394/2025,2282,Ver. LUCAS PAVANATO (PL),PROC-CMSP,2025-08-13T20:00:00,2025-08-15T14:09:00,2026-04-07T16:01:40,Secretaria (SGP12),Em Condição de Pauta,,
ADM,736497,2026-10-02,,PL 395/2025,,,CCJ,2026-09-04T20:19:04,2026-09-09T17:04:00,2026-09-09T17:04:00,Presidente da Comissão,Designar Relator,,
FIN,736499,2026-10-02,,PR 45/2025,2278,Ver. KEIT LIMA (PSOL),ADM,2026-05-07T15:43:37,2026-06-03T16:25:00,2026-09-02T17:40:45,Relator(a),Estudo para manifestação do relator,,
FIN,736500,2026-10-02,,PL 396/2025,2278,Ver. KEIT LIMA (PSOL),ADM,2026-05-07T15:43:41,2026-05-11T10:54:00,2026-08-06T16:42:13,Relator(a),Estudo para manifestação do relator,,
CCJ,736507,2026-10-02,,PL 397/2025,2282,Ver. LUCAS PAVANATO (PL),PROC-CMSP,2025-08-13T19:40:00,2025-08-15T14:09:00,2025-09-04T16:12:22,Relator(a),Estudo para manifestação do relator,,
ADM,736509,2026-10-02,,PL 398/2025,2268,Ver. AMANDA VETTORAZZO (UNIÃO),CCJ,2026-05-22T16:08:48,2026-05-26T13:44:00,2026-08-14T11:49:13,Relator(a),Estudo para manifestação do relator,,
CCJ,736540,2026-10-02,2026-10-06,PL 399/2025,2217,Ver. SANSÃO PEREIRA (REPUBLICANOS),SGP21,2026-08-19T18:41:00,2026-08-20T10:39:00,2026-09-17T18:47:04,Secretaria (SGP12),Em Condição de Pauta,,
CCJ,736540,2026-10-07,,PL 399/2025,2217,Ver. SANSÃO PEREIRA (REPUBLICANOS),SGP21,2026-08-19T18:41:00,2026-08-20T10:39:00,2026-10-07T14:31:53,Secretaria (SGP12),Em Condição de Pauta,,
URB,736820,2026-10-02,,PL 401/2025,,,CCJ,2026-09-04T20:19:06,2026-09-24T16:05:00,2026-09-24T17:48:02,Presidente da Comissão,Designar Relator,,
CCJ,736956,2026-10-02,,PL 403/2025,1636,Ver. DR. MILTON FERREIRA (PODE),PROC-CMSP,2025-06-17T19:17:00,2025-06-18T13:21:00,2026-08-10T14:58:02,Secretaria (SGP12),Em Condição de Pauta,,
URB,737032,2026-10-02,2026-10-07,PL 404/2025,2144,Ver. FABIO RIVA (MDB),CCJ,2026-03-12T18:14:13,2026-03-13T11:21:00,2026-08-13T14:43:52,Secretaria (SGP12),Aguardando Informações do Executivo,,
URB,737032,2026-10-08,,PL 404/2025,2144,Ver. FABIO RIVA (MDB),CCJ,2026-03-12T18:14:13,2026-03-13T11:21:00,2026-10-08T16:12:37,Consultoria,Para análise,Resposta Executivo Docrec 1231/2026,
ADM,737462,2026-10-02,,PL 406/2025,,,URB,2026-08-14T16:06:56,2026-08-14T18:49:00,2026-08-14T18:49:00,Presidente da Comissão,Designar Relator,,
FIN,737506,2026-10-02,2026-10-07,PL 408/2025,2271,Ver. ANA CAROLINA OLIVEIRA (PODE),SAUDE,2026-05-22T14:59:08,2026-06-02T14:17:00,2026-09-30T13:43:04,Secretaria (SGP12),Aguardando 2ª Audiência Pública,,
FIN,737506,2026-10-08,,PL 408/2025,2271,Ver. ANA CAROLINA OLIVEIRA (PODE),SAUDE,2026-05-22T14:59:08,2026-06-02T14:17:00,2026-10-08T15:00:17,Relator(a),Estudo para manifestação do relator,,
CCJ,737648,2026-10-02,,PL 411/2025,2217,Ver. SANSÃO PEREIRA (REPUBLICANOS),PROC-CMSP,2025-08-13T19:40:00,2025-08-15T14:09:00,2025-10-09T15:53:51,Secretaria (SGP12),Em Condição de Pauta,,
CCJ,737721,2026-10-02,,PL 412/2025,2282,Ver. LUCAS PAVANATO (PL),PROC-CMSP,2025-08-13T19:40:00,2025-08-15T14:09:00,2025-09-16T17:34:38,Relator(a),Estudo para manifestação do relator,,
ADM,737754,2026-10-02,,PL 413/2025,,,CCJ,2026-08-13T18:05:30,2026-08-14T18:49:00,2026-08-14T18:49:00,Presidente da Comissão,Designar Relator,,
CCJ,737756,2026-10-02,,PR 46/2025,2276,Ver. SILVÃO LEITE (UNIÃO),PROC-CMSP,2025-04-10T20:59:00,2025-04-10T21:10:00,2025-11-10T18:27:39,Relator(a),Assinar Relatório,,
CCJ,737767,2026-10-02,,PL 414/2025,2206,Ver. SILVIA DA BANCADA FEMINISTA (PSOL),PROC-CMSP,2025-08-13T19:40:00,2025-08-15T14:09:00,2025-09-16T17:34:41,Relator(a),Estudo para manifestação do relator,,
CCJ,737772,2026-10-02,,PL 415/2025,2282,Ver. LUCAS PAVANATO (PL),PROC-CMSP,2025-08-13T19:40:00,2025-08-15T14:09:00,2025-09-10T15:20:21,Relator(a),Estudo para manifestação do relator,,
CCJ,738069,2026-10-02,,PL 418/2025,2276,Ver. SILVÃO LEITE (UNIÃO),PROC-CMSP,2025-08-13T19:40:00,2025-08-15T14:09:00,2025-09-01T16:58:56,Relator(a),Estudo para manifestação do relator,,
EDUC,738121,2026-10-02,,PLO 2/2025,1989,Ver. GEORGE HATO (MDB),CCJ,2026-06-18T11:30:33,2026-06-29T10:15:00,2026-09-15T18:31:23,Relator(a),Estudo para manifestação do relator,,
FIN,738122,2026-10-02,,PLO 3/2025,2278,Ver. KEIT LIMA (PSOL),ECON,2025-12-05T16:17:58,2025-12-08T17:45:00,2026-06-11T14:48:41,Relator(a),Estudo para manifestação do relator,,
CCJ,738130,2026-10-02,,PLO 4/2025,2218,Ver. THAMMY MIRANDA (PSD),PROC-CMSP,2025-05-21T21:14:00,2025-05-22T12:22:00,2025-10-09T15:39:30,Secretaria (SGP12),Em Condição de Pauta,,
CCJ,738259,2026-10-02,,PL 420/2025,2282,Ver. LUCAS PAVANATO (PL),PROC-CMSP,2025-08-13T19:40:00,2025-08-15T14:09:00,2025-09-16T17:34:42,Relator(a),Estudo para manifestação do relator,,
FIN,738262,2026-10-02,,PL 422/2025,2246,Ver. MAJOR PALUMBO (PP),ADM,2026-04-17T16:42:07,2026-04-17T17:50:00,2026-06-25T15:55:25,Relator(a),Estudo para manifestação do relator,,
CCJ,738263,2026-10-02,,PL 423/2025,2277,Ver. JANAINA PASCHOAL (PP),PROC-CMSP,2025-08-13T19:40:00,2025-08-15T14:09:00,2025-09-22T14:34:58,Secretaria (SGP12),Em Condição de Pauta,,
CCJ,738272,2026-10-02,,PL 424/2025,2277,Ver. JANAINA PASCHOAL (PP),PROC-CMSP,2025-08-13T19:40:00,2025-08-15T14:09:00,2026-03-17T12:05:54,Secretaria (SGP12),Em Condição de Pauta,,
ADM,738297,2026-10-02,,PL 425/2025,2275,Ver. GABRIEL ABREU (PODE),CCJ,2026-05-22T16:08:47,2026-05-26T13:44:00,2026-08-14T11:51:16,Relator(a),Estudo para manifestação do relator,,
CCJ,738310,2026-10-02,,PL 427/2025,1636,Ver. DR. MILTON FERREIRA (PODE),PROC-CMSP,2025-08-13T19:40:00,2025-08-15T14:09:00,2026-08-11T14:20:04,Relator(a),Assinar Relatório,,
FIN,738379,2026-10-02,,PDL 21/2025,2246,Ver. MAJOR PALUMBO (PP),EDUC,2025-10-17T11:21:14,2025-10-20T15:05:00,2026-05-19T15:20:05,Secretaria (SGP12),Retirado de pauta,,
ECON,738509,2026-10-02,,PL 430/2025,2205,Ver. LUANA ALVES (PSOL),ADM,2026-05-07T15:43:40,2026-05-12T10:55:00,2026-08-21T15:04:20,Relator(a),Estudo para manifestação do relator,,
CCJ,738510,2026-10-02,,PL 431/2025,1636,Ver. DR. MILTON FERREIRA (PODE),PROC-CMSP,2025-07-22T16:48:00,2025-07-23T18:30:00,2025-09-05T16:29:37,Relator(a),Estudo para manifestação do relator,,
CCJ,738513,2026-10-02,,PL 433/2025,2276,Ver. SILVÃO LEITE (UNIÃO),PROC-CMSP,2025-08-13T19:40:00,2025-08-15T14:09:00,2025-09-08T16:43:10,Relator(a),Estudo para manifestação do relator,,
CCJ,738514,2026-10-02,,PL 434/2025,1636,Ver. DR. MILTON FERREIRA (PODE),PROC-CMSP,2025-08-13T19:40:00,2025-08-15T14:09:00,2025-09-03T16:46:05,Relator(a),Estudo para manifestação do relator,,
CCJ,738546,2026-10-02,,PL 436/2025,2206,Ver. SILVIA DA BANCADA FEMINISTA (PSOL),PROC-CMSP,2025-08-13T19:40:00,2025-08-15T14:09:00,2026-03-12T14:12:56,Relator(a),Estudo para manifestação do relator,,
FIN,738683,2026-10-02,,PR 48/2025,2278,Ver. KEIT LIMA (PSOL),ADM,2026-05-29T18:51:53,2026-06-02T14:34:00,2026-09-02T17:42:32,Relator(a),Estudo para manifestação do relator,,
FIN,738713,2026-10-02,,PL 438/2025,2146,Ver. GILBERTO NASCIMENTO (PL),SAUDE,2026-04-23T11:39:06,2026-04-23T16:04:00,2026-09-02T15:13:38,Relator(a),Assinar Relatório,,
URB,738894,2026-10-02,,PL 440/2025,2147,Ver. ISAC FÉLIX (PL),CCJ,2025-09-08T11:53:58,2025-09-09T12:13:00,2026-08-10T14:59:20,Secretaria (SGP12),Em Condição de Pauta,,
EDUC,739143,2026-10-02,,PL 442/2025,1349,Ver. SENIVAL MOURA (PT),URB,2026-05-15T12:49:42,2026-05-21T14:34:00,2026-09-18T16:06:48,Relator(a),Estudo para manifestação do relator,,
CCJ,739157,2026-10-02,,PL 443/2025,2218,Ver. THAMMY MIRANDA (PSD),PROC-CMSP,2025-08-13T19:40:00,2025-08-15T14:09:00,2025-09-15T16:20:45,Secretaria (SGP12),Em Condição de Pauta,,
CCJ,739166,2026-10-02,,PL 444/2025,1636,Ver. DR. MILTON FERREIRA (PODE),SGP21,2026-08-21T16:23:00,2026-08-31T01:20:00,2026-09-01T23:45:09,Relator(a),Estudo para manifestação do relator,,
CCJ,739187,2026-10-02,,PL 445/2025,2277,Ver. JANAINA PASCHOAL (PP),PROC-CMSP,2025-08-13T19:40:00,2025-08-15T14:09:00,2025-09-08T14:04:42,Secretaria (SGP12),Em Condição de Pauta,,
CCJ,739290,2026-10-02,,PL 446/2025,2277,Ver. JANAINA PASCHOAL (PP),PROC-CMSP,2025-08-13T19:40:00,2025-08-15T14:09:00,2025-09-12T14:05:24,Secretaria (SGP12),Em Condição de Pauta,,
ADM,739337,2026-10-02,,PL 447/2025,2275,Ver. GABRIEL ABREU (PODE),URB,2025-11-04T14:59:25,2025-11-07T14:54:00,2026-09-02T16:20:33,Secretaria (SGP12),Em Condição de Pauta,,
ADM,739338,2026-10-02,,PL 448/2025,,,CCJ,2026-08-20T15:24:09,2026-08-20T18:52:00,2026-08-20T18:52:00,Presidente da Comissão,Designar Relator,,
CCJ,739567,2026-10-02,,PL 451/2025,2218,Ver. THAMMY MIRANDA (PSD),PROC-CMSP,2025-05-21T21:14:00,2025-05-22T12:22:00,2025-09-10T13:38:15,Secretaria (SGP12),Em Condição de Pauta,,
SAUDE,739570,2026-10-02,,PL 452/2025,2269,Ver. MARINA BRAGANTE (PSB),SGP12,2026-08-11T20:24:00,2026-08-12T18:51:00,2026-08-12T18:57:23,Secretaria (SGP12),Aguardando Audiência Pública,,
CCJ,739574,2026-10-02,,PL 453/2025,2217,Ver. SANSÃO PEREIRA (REPUBLICANOS),PROC-CMSP,2025-06-24T00:00:00,2025-06-24T15:01:00,2025-11-25T16:47:02,Relator(a),Estudo para manifestação do relator,,
CCJ,739637,2026-10-02,,PL 455/2025,2277,Ver. JANAINA PASCHOAL (PP),PROC-CMSP,2025-08-13T19:40:00,2025-08-15T14:09:00,2025-09-12T14:01:14,Secretaria (SGP12),Em Condição de Pauta,,
FIN,739785,2026-10-02,,PL 458/2025,2271,Ver. ANA CAROLINA OLIVEIRA (PODE),EDUC,2025-09-05T10:21:09,2025-09-08T18:07:00,2025-10-08T15:44:07,Relator(a),Estudo para manifestação do relator,,
FIN,739955,2026-10-02,,PL 460/2025,2278,Ver. KEIT LIMA (PSOL),ADM,2025-11-28T08:02:56,2025-11-28T18:08:00,2026-04-16T14:38:07,Relator(a),Estudo para manifestação do relator,,
ADM,740011,2026-10-02,,PL 461/2025,,,CCJ,2026-06-22T13:41:57,2026-07-08T17:38:00,2026-07-08T17:38:00,Presidente da Comissão,Designar Relator,,
ECON,740105,2026-10-02,,PL 462/2025,2205,Ver. LUANA ALVES (PSOL),ADM,2026-04-17T16:42:07,2026-04-24T11:02:00,2026-08-21T15:09:15,Relator(a),Assinar Relatório,,
CCJ,740106,2026-10-02,,PL 463/2025,2277,Ver. JANAINA PASCHOAL (PP),PROC-CMSP,2025-08-13T19:40:00,2025-08-15T14:09:00,2025-09-10T17:39:38,Secretaria (SGP12),Em Condição de Pauta,,
CCJ,740116,2026-10-02,,PL 465/2025,2277,Ver. JANAINA PASCHOAL (PP),PROC-CMSP,2025-06-24T00:00:00,2025-06-24T15:01:00,2025-09-15T12:49:02,Secretaria (SGP12),Em Condição de Pauta,,
CCJ,740200,2026-10-02,,PL 467/2025,2206,Ver. SILVIA DA BANCADA FEMINISTA (PSOL),PROC-CMSP,2025-08-13T19:40:00,2025-08-15T14:09:00,2025-08-25T15:56:47,Relator(a),Estudo para manifestação do relator,,
CCJ,740489,2026-10-02,,PL 468/2025,2218,Ver. THAMMY MIRANDA (PSD),PROC-CMSP,2025-08-13T19:40:00,2025-08-15T14:09:00,2026-03-16T17:33:56,Secretaria (SGP12),Em Condição de Pauta,,
CCJ,740495,2026-10-02,,PL 469/2025,1636,Ver. DR. MILTON FERREIRA (PODE),PROC-CMSP,2025-07-22T16:48:00,2025-07-23T18:30:00,2025-08-27T21:01:55,Relator(a),Estudo para manifestação do relator,,
CCJ,740628,2026-10-02,,PL 470/2025,2282,Ver. LUCAS PAVANATO (PL),PROC-CMSP,2025-08-13T19:40:00,2025-08-15T14:09:00,2025-09-16T18:08:20,Secretaria (SGP12),Em Condição de Pauta,,
CCJ,740683,2026-10-02,,PL 471/2025,2276,Ver. SILVÃO LEITE (UNIÃO),PROC-CMSP,2025-08-13T19:40:00,2025-08-15T14:09:00,2025-10-09T21:57:15,Secretaria (SGP12),Em Condição de Pauta,,
SAUDE,740907,2026-10-02,,PL 473/2025,1635,Ver. DRA. SANDRA TADEU (PL),ECON,2026-05-12T17:14:11,2026-05-14T18:48:00,2026-05-21T10:39:24,Relator(a),Estudo para manifestação do relator,,
CCJ,740908,2026-10-02,,PL 474/2025,2282,Ver. LUCAS PAVANATO (PL),PROC-CMSP,2025-08-13T19:40:00,2025-08-15T14:09:00,2025-10-30T07:45:48,Relator(a),Assinar Relatório,,
FIN,741035,2026-10-02,,PL 478/2025,2219,Ver. MARCELO MESSIAS (MDB),EDUC,2026-09-08T16:31:33,2026-09-09T12:02:00,2026-09-30T15:31:03,Consultoria (CTEO.1),Para análise,,
CCJ,741208,2026-10-02,,PL 479/2025,2206,Ver. SILVIA DA BANCADA FEMINISTA (PSOL),PROC-CMSP,2025-05-21T21:14:00,2025-05-22T12:22:00,2026-09-14T11:55:20,Secretaria (SGP12),Aguardando Informações do Executivo,,
CCJ,741340,2026-10-02,,PL 480/2025,2276,Ver. SILVÃO LEITE (UNIÃO),PROC-CMSP,2025-06-05T16:04:00,2025-06-06T17:42:00,2025-10-09T21:52:31,Secretaria (SGP12),Em Condição de Pauta,,
CCJ,741342,2026-10-02,,PL 481/2025,2276,Ver. SILVÃO LEITE (UNIÃO),PROC-CMSP,2025-05-21T21:14:00,2025-05-22T12:22:00,2026-08-17T16:53:05,Secretaria (SGP12),Aguardando Informações do Executivo,,
FIN,741460,2026-10-02,,PR 53/2025,2150,Ver. ANDRÉ SANTOS (REPUBLICANOS),ADM,2025-10-03T16:16:57,2025-10-06T11:08:00,2026-05-05T17:47:27,Consultoria (CTEO.1),Elaborar Minuta de Relatório,,
CCJ,741461,2026-10-02,,PL 484/2025,2277,Ver. JANAINA PASCHOAL (PP),PROC-CMSP,2025-09-03T16:42:00,2025-09-04T17:42:00,2025-09-24T15:51:35,Secretaria (SGP12),Em Condição de Pauta,,
CCJ,741462,2026-10-02,,PL 485/2025,2276,Ver. SILVÃO LEITE (UNIÃO),PROC-CMSP,2025-09-03T16:42:00,2025-09-04T17:42:00,2025-09-16T17:34:44,Relator(a),Estudo para manifestação do relator,,
CCJ,741501,2026-10-02,,PL 486/2025,1636,Ver. DR. MILTON FERREIRA (PODE),PROC-CMSP,2025-09-03T16:42:00,2025-09-04T17:42:00,2025-09-16T17:34:45,Relator(a),Estudo para manifestação do relator,,
CCJ,741614,2026-10-02,,PL 489/2025,1636,Ver. DR. MILTON FERREIRA (PODE),PROC-CMSP,2025-09-03T16:42:00,2025-09-04T17:42:00,2025-09-15T17:58:47,Relator(a),Estudo para manifestação do relator,,
CCJ,741616,2026-10-02,,PL 490/2025,2217,Ver. SANSÃO PEREIRA (REPUBLICANOS),PROC-CMSP,2025-07-22T16:48:00,2025-07-23T18:30:00,2025-08-25T14:17:07,Secretaria (SGP12),Em Condição de Pauta,,
CCJ,741637,2026-10-02,,PL 493/2025,1636,Ver. DR. MILTON FERREIRA (PODE),PROC-CMSP,2025-09-03T16:42:00,2025-09-04T17:42:00,2025-09-19T15:35:43,Relator(a),Estudo para manifestação do relator,,
CCJ,741672,2026-10-02,,PL 494/2025,2276,Ver. SILVÃO LEITE (UNIÃO),PROC-CMSP,2025-07-22T16:48:00,2025-07-23T18:30:00,2025-08-20T12:15:04,Relator(a),Estudo para manifestação do relator,,
CCJ,741673,2026-10-02,,PL 495/2025,2206,Ver. SILVIA DA BANCADA FEMINISTA (PSOL),PROC-CMSP,2025-09-03T16:42:00,2025-09-04T17:42:00,2026-03-12T14:12:50,Relator(a),Estudo para manifestação do relator,,
CCJ,741674,2026-10-02,,PL 496/2025,2254,Ver. LUNA ZARATTINI (PT),PROC-CMSP,2025-09-03T16:42:00,2025-09-04T17:42:00,2026-03-12T14:12:45,Relator(a),Estudo para manifestação do relator,,
CCJ,741675,2026-10-02,,PL 497/2025,1636,Ver. DR. MILTON FERREIRA (PODE),PROC-CMSP,2025-06-24T00:00:00,2025-06-24T15:01:00,2025-08-27T21:01:52,Relator(a),Estudo para manifestação do relator,,
CCJ,741676,2026-10-02,,PL 498/2025,2206,Ver. SILVIA DA BANCADA FEMINISTA (PSOL),PROC-CMSP,2025-07-22T16:48:00,2025-07-23T18:30:00,2025-08-18T16:43:24,Relator(a),Estudo para manifestação do relator,,
CCJ,741677,2026-10-02,,PL 499/2025,2206,Ver. SILVIA DA BANCADA FEMINISTA (PSOL),PROC-CMSP,2025-09-03T16:42:00,2025-09-04T17:42:00,2025-09-10T15:20:26,Relator(a),Estudo para manifestação do relator,,
CCJ,741771,2026-10-02,,PL 500/2025,2218,Ver. THAMMY MIRANDA (PSD),PROC-CMSP,2025-05-21T21:14:00,2025-05-22T12:22:00,2026-04-27T17:19:00,Secretaria (SGP12),Em Condição de Pauta,,
CCJ,741779,2026-10-02,,PL 501/2025,2218,Ver. THAMMY MIRANDA (PSD),PROC-CMSP,2025-09-03T16:42:00,2025-09-04T17:42:00,2025-09-24T16:38:11,Secretaria (SGP12),Em Condição de Pauta,,
EDUC,741822,2026-10-02,,PL 502/2025,1989,Ver. GEORGE HATO (MDB),CCJ,2026-06-22T13:42:07,2026-06-29T10:15:00,2026-09-16T14:18:42,Relator(a),Estudo para manifestação do relator,,
CCJ,741845,2026-10-02,,PL 503/2025,1636,Ver. DR. MILTON FERREIRA (PODE),PROC-CMSP,2025-09-03T16:42:00,2025-09-04T17:42:00,2025-09-17T11:26:34,Relator(a),Estudo para manifestação do relator,,
CCJ,742109,2026-10-02,,PL 505/2025,2218,Ver. THAMMY MIRANDA (PSD),PROC-CMSP,2025-06-02T17:46:00,2025-06-02T18:26:00,2025-08-18T16:33:28,Secretaria (SGP12),Em Condição de Pauta,,
CCJ,742295,2026-10-02,,PL 507/2025,2218,Ver. THAMMY MIRANDA (PSD),PROC-CMSP,2025-08-13T19:40:00,2025-08-15T14:09:00,2025-09-10T13:30:34,Secretaria (SGP12),Em Condição de Pauta,,
CCJ,742431,2026-10-02,,PL 508/2025,2218,Ver. THAMMY MIRANDA (PSD),PROC-CMSP,2025-09-03T16:42:00,2025-09-04T17:42:00,2025-09-15T16:19:34,Secretaria (SGP12),Em Condição de Pauta,,
FIN,742531,2026-10-02,2026-10-07,PL 511/2025,2246,Ver. MAJOR PALUMBO (PP),EDUC,2026-06-19T14:02:10,2026-06-22T15:50:00,2026-09-02T14:47:13,Consultoria (CTEO.1),Para análise,,
FIN,742531,2026-10-08,,PL 511/2025,2246,Ver. MAJOR PALUMBO (PP),EDUC,2026-06-19T14:02:10,2026-06-22T15:50:00,2026-10-08T15:22:17,Relator(a),Estudo para manifestação do relator,,
CCJ,742532,2026-10-02,,PL 512/2025,1636,Ver. DR. MILTON FERREIRA (PODE),PROC-CMSP,2025-06-17T19:17:00,2025-06-18T13:21:00,2026-09-02T15:49:11,Secretaria (SGP12),Adiado,,
ADM,742533,2026-10-02,,PL 513/2025,,,CCJ,2026-05-22T16:08:46,2026-05-26T13:44:00,2026-05-26T13:44:00,Presidente da Comissão,Designar Relator,,
EDUC,742534,2026-10-02,,PL 514/2025,1349,Ver. SENIVAL MOURA (PT),ECON,2026-05-12T17:14:09,2026-05-14T10:42:00,2026-09-16T16:05:36,Relator(a),Estudo para manifestação do relator,,
CCJ,742537,2026-10-02,,PL 517/2025,2218,Ver. THAMMY MIRANDA (PSD),PROC-CMSP,2025-07-22T16:48:00,2025-07-23T18:30:00,2025-10-20T17:48:14,Secretaria (SGP12),Em Condição de Pauta,,
ADM,742569,2026-10-02,,PL 518/2025,,,CCJ,2026-09-04T20:19:08,2026-09-09T17:02:00,2026-09-09T17:02:00,Presidente da Comissão,Designar Relator,,
FIN,742600,2026-10-02,,PL 519/2025,2278,Ver. KEIT LIMA (PSOL),ECON,2025-12-10T18:10:20,2025-12-16T11:50:00,2026-04-16T15:05:33,Relator(a),Estudo para manifestação do relator,,
URB,742623,2026-10-02,,PL 520/2025,2144,Ver. FABIO RIVA (MDB),CCJ,2025-12-18T16:35:06,2025-12-19T15:30:00,2026-06-01T17:09:18,Relator(a),Estudo para manifestação do relator,,
CCJ,742769,2026-10-02,,PL 522/2025,2218,Ver. THAMMY MIRANDA (PSD),PROC-CMSP,2025-09-03T16:42:00,2025-09-04T17:42:00,2025-09-24T16:33:31,Secretaria (SGP12),Em Condição de Pauta,,
FIN,742833,2026-10-02,,PLO 5/2025,,,ADM,2026-05-29T18:51:52,2026-06-02T14:37:00,2026-06-02T14:37:00,Presidente da Comissão,Designar Relator,,
CCJ,742858,2026-10-02,,PL 523/2025,2218,Ver. THAMMY MIRANDA (PSD),PROC-CMSP,2025-09-03T16:42:00,2025-09-04T17:42:00,2025-09-24T16:32:22,Secretaria (SGP12),Em Condição de Pauta,,
CCJ,742859,2026-10-02,,PL 524/2025,2276,Ver. SILVÃO LEITE (UNIÃO),PROC-CMSP,2025-09-17T21:12:00,2025-09-19T19:08:00,2026-03-31T18:33:59,Secretaria (SGP12),Em Condição de Pauta,,
CCJ,742918,2026-10-02,,PL 526/2025,2282,Ver. LUCAS PAVANATO (PL),PROC-CMSP,2025-06-24T00:00:00,2025-06-24T15:01:00,2025-09-16T18:07:12,Secretaria (SGP12),Em Condição de Pauta,,
CCJ,742934,2026-10-02,,PL 527/2025,2282,Ver. LUCAS PAVANATO (PL),PROC-CMSP,2025-06-24T00:00:00,2025-06-24T15:01:00,2025-08-15T16:50:18,Relator(a),Assinar Relatório,,
ADM,742957,2026-10-02,,PL 528/2025,2268,Ver. AMANDA VETTORAZZO (UNIÃO),CCJ,2025-11-10T16:14:15,2025-11-13T11:17:00,2026-07-14T15:42:08,Relator(a),Estudo para manifestação do relator,,
CCJ,743079,2026-10-02,,PL 529/2025,2282,Ver. LUCAS PAVANATO (PL),PROC-CMSP,2025-09-17T21:12:00,2025-09-19T19:08:00,2025-12-17T17:25:01,Secretaria (SGP12),Adiado,,
CCJ,743174,2026-10-02,,PL 530/2025,2218,Ver. THAMMY MIRANDA (PSD),PROC-CMSP,2025-09-17T21:12:00,2025-09-19T19:08:00,2025-10-09T13:23:39,Secretaria (SGP12),Em Condição de Pauta,,
ECON,743208,2026-10-02,2026-10-05,PL 531/2025,2249,Ver. NUNES PEIXEIRO (MDB),ADM,2025-09-26T14:11:53,2025-10-03T11:17:00,2026-08-20T18:56:51,Relator(a),Estudo para manifestação do relator,,
ECON,743208,2026-10-06,,PL 531/2025,2249,Ver. NUNES PEIXEIRO (MDB),ADM,2025-09-26T14:11:53,2025-10-03T11:17:00,2026-10-06T17:22:41,Consultoria (SGP.53),Elaborar Minuta de Relatório,,
CCJ,743277,2026-10-02,,PL 532/2025,2218,Ver. THAMMY MIRANDA (PSD),PROC-CMSP,2025-06-05T16:04:00,2025-06-06T17:42:00,2025-09-10T13:27:41,Secretaria (SGP12),Em Condição de Pauta,,
CCJ,743379,2026-10-02,,PL 534/2025,1636,Ver. DR. MILTON FERREIRA (PODE),SGP21,2026-09-24T16:41:00,2026-09-24T19:43:00,2026-09-30T16:08:19,Relator(a),Estudo para manifestação do relator,,
CCJ,743678,2026-10-02,,PL 535/2025,2218,Ver. THAMMY MIRANDA (PSD),PROC-CMSP,2025-09-17T21:12:00,2025-09-19T19:08:00,2026-05-14T17:15:25,Secretaria (SGP12),Em Condição de Pauta,,
FIN,743714,2026-10-02,,PL 536/2025,,,SAUDE,2026-08-25T14:38:24,2026-08-26T16:32:00,2026-08-26T16:32:00,Presidente da Comissão,Designar Relator,,
CCJ,743732,2026-10-02,,PR 55/2025,2218,Ver. THAMMY MIRANDA (PSD),PROC-CMSP,2025-06-05T16:04:00,2025-06-06T17:42:00,2025-06-24T12:03:54,Secretaria (SGP12),Em Condição de Pauta,,
CCJ,744036,2026-10-02,,PL 537/2025,2206,Ver. SILVIA DA BANCADA FEMINISTA (PSOL),PROC-CMSP,2025-07-22T16:48:00,2025-07-23T18:30:00,2026-06-01T13:50:49,Relator(a),Estudo para manifestação do relator,,
URB,744039,2026-10-02,,PL 538/2025,2209,Ver. DANILO DO POSTO DE SAÚDE (PODE),CCJ,2025-12-18T16:35:07,2025-12-19T15:28:00,2026-09-09T15:30:27,Secretaria (SGP12),Em Condição de Pauta,,
CCJ,744040,2026-10-02,,PDL 33/2025,2218,Ver. THAMMY MIRANDA (PSD),PROC-CMSP,2025-05-21T21:39:00,2025-05-22T12:22:00,2026-06-08T17:36:57,Secretaria (SGP12),Em Condição de Pauta,,
FIN,744165,2026-10-02,,PL 540/2025,2219,Ver. MARCELO MESSIAS (MDB),EDUC,2026-08-18T14:54:50,2026-08-20T10:51:00,2026-09-16T12:18:36,Consultoria (CTEO.1),Para análise,,
CCJ,744194,2026-10-02,,PL 541/2025,2276,Ver. SILVÃO LEITE (UNIÃO),PROC-CMSP,2025-09-17T21:12:00,2025-09-19T19:08:00,2025-10-14T17:27:40,Relator(a),Estudo para manifestação do relator,,
FIN,744213,2026-10-02,,PL 542/2025,2271,Ver. ANA CAROLINA OLIVEIRA (PODE),EDUC,2026-05-21T14:28:45,2026-05-21T17:59:00,2026-09-16T16:48:45,Relator(a),Assinar Relatório,,
CCJ,744229,2026-10-02,,PL 543/2025,2276,Ver. SILVÃO LEITE (UNIÃO),PROC-CMSP,2025-09-17T21:12:00,2025-09-19T19:08:00,2026-05-21T11:47:17,Relator(a),Estudo para manifestação do relator,,
CCJ,744328,2026-10-02,,PL 544/2025,2217,Ver. SANSÃO PEREIRA (REPUBLICANOS),PROC-CMSP,2025-09-17T21:12:00,2025-09-19T19:08:00,2026-09-15T14:39:53,Relator(a),Estudo para manifestação do relator,,
CCJ,744331,2026-10-02,,PL 545/2025,2218,Ver. THAMMY MIRANDA (PSD),PROC-CMSP,2025-06-24T00:00:00,2025-06-24T15:01:00,2025-08-26T16:29:26,Secretaria (SGP12),Em Condição de Pauta,,
CCJ,744337,2026-10-02,,PL 546/2025,2206,Ver. SILVIA DA BANCADA FEMINISTA (PSOL),PROC-CMSP,2025-07-22T16:48:00,2025-07-23T18:30:00,2025-08-14T16:48:29,Relator(a),Estudo para manifestação do relator,,
ADM,744361,2026-10-02,,PL 547/2025,,,CCJ,2026-09-17T16:24:34,2026-09-17T18:15:00,2026-09-17T18:15:00,Presidente da Comissão,Designar Relator,,
SAUDE,744368,2026-10-02,,PL 549/2025,2281,Ver. SIMONE GANEM (PODE),CCJ,2025-11-04T18:54:38,2025-11-07T11:49:00,2025-11-17T18:36:12,Relator(a),Estudo para manifestação do relator,,
EDUC,744603,2026-10-02,2026-10-06,PL 555/2025,776,Ver. ELISEU GABRIEL (PSB),URB,2026-03-09T12:37:04,2026-03-10T15:05:00,2026-09-29T13:55:10,Secretaria (SGP12),Em Condição de Pauta,,
EDUC,744603,2026-10-07,,PL 555/2025,776,Ver. ELISEU GABRIEL (PSB),URB,2026-03-09T12:37:04,2026-03-10T15:05:00,2026-10-07T18:03:49,Presidente da Comissão,Assinar Certidão de Votação,,
EDUC,744605,2026-10-02,2026-10-07,PL 556/2025,2222,Ver. CRIS MONTEIRO (NOVO),ADM,2026-08-14T16:58:16,2026-08-25T11:15:00,2026-09-11T12:02:53,Consultoria (SGP.52),Para análise,,
EDUC,744605,2026-10-08,,PL 556/2025,2222,Ver. CRIS MONTEIRO (NOVO),ADM,2026-08-14T16:58:16,2026-08-25T11:15:00,2026-10-08T09:30:43,Relator(a),Estudo para manifestação do relator,,
CCJ,744671,2026-10-02,,PL 557/2025,2282,Ver. LUCAS PAVANATO (PL),PROC-CMSP,2025-10-03T09:53:00,2025-10-08T16:47:00,2026-04-01T16:24:30,Relator(a),Assinar Relatório,,
CCJ,744685,2026-10-02,,PL 558/2025,2282,Ver. LUCAS PAVANATO (PL),PROC-CMSP,2025-06-05T16:04:00,2025-06-06T17:42:00,2025-06-13T18:07:20,Relator(a),Assinar Pedido de Informação ao Executivo,,
CCJ,744860,2026-10-02,,PL 562/2025,2277,Ver. JANAINA PASCHOAL (PP),PROC-CMSP,2025-06-24T00:00:00,2025-06-24T15:01:00,2025-10-17T13:02:40,Secretaria (SGP12),Em Condição de Pauta,,
CCJ,744900,2026-10-02,,PL 564/2025,2217,Ver. SANSÃO PEREIRA (REPUBLICANOS),TRAMITAÇÃO ENCERRADA,2026-08-14T12:46:00,2026-08-14T21:40:00,2026-09-17T16:48:31,Relator(a),Estudo para manifestação do relator,,
FIN,744956,2026-10-02,,PL 565/2025,2146,Ver. GILBERTO NASCIMENTO (PL),SAUDE,2026-05-22T14:59:07,2026-06-02T12:34:00,2026-09-02T15:10:13,Relator(a),Assinar Relatório,,
CCJ,745042,2026-10-02,,PL 566/2025,2218,Ver. THAMMY MIRANDA (PSD),PROC-CMSP,2025-10-03T09:53:00,2025-10-08T16:47:00,2025-11-13T14:54:39,Secretaria (SGP12),Em Condição de Pauta,,
CCJ,745089,2026-10-02,,PL 567/2025,2282,Ver. LUCAS PAVANATO (PL),PROC-CMSP,2025-10-03T09:53:00,2025-10-08T16:47:00,2026-03-30T19:04:30,Secretaria (SGP12),Em Condição de Pauta,,
CCJ,745116,2026-10-02,,PL 569/2025,1636,Ver. DR. MILTON FERREIRA (PODE),PROC-CMSP,2025-06-24T00:00:00,2025-06-24T15:01:00,2025-07-07T17:31:50,Relator(a),Estudo para manifestação do relator,,
SAUDE,745120,2026-10-02,,PL 570/2025,2256,Ver. HÉLIO RODRIGUES (PT),CCJ,2025-10-10T16:31:03,2025-10-15T11:10:00,2025-10-21T16:58:54,Relator(a),Estudo para manifestação do relator,,
URB,745334,2026-10-02,,PL 572/2025,,,CCJ,2026-08-06T15:11:39,2026-08-07T18:41:00,2026-08-07T18:41:00,Presidente da Comissão,Designar Relator,,
URB,745358,2026-10-02,,PL 573/2025,2144,Ver. FABIO RIVA (MDB),CCJ,2026-06-22T13:42:01,2026-07-01T17:22:00,2026-08-27T15:17:30,Relator(a),Estudo para manifestação do relator,,
FIN,745379,2026-10-02,,PR 56/2025,2271,Ver. ANA CAROLINA OLIVEIRA (PODE),EDUC,2026-04-02T10:00:22,2026-04-07T18:42:00,2026-06-25T18:50:32,Consultoria,Elaborar relatório,,
ECON,745465,2026-10-02,,PL 576/2025,696,Ver. CARLOS BEZERRA JR. (PSD),ADM,2026-04-02T18:08:29,2026-04-06T13:47:00,2026-04-16T11:40:13,Relator(a),Estudo para manifestação do relator,,
CCJ,745616,2026-10-02,,PL 581/2025,2277,Ver. JANAINA PASCHOAL (PP),PROC-CMSP,2025-06-24T00:00:00,2025-06-24T15:01:00,2025-08-05T13:03:04,Secretaria (SGP12),Em Condição de Pauta,,
URB,745619,2026-10-02,2026-10-07,PL 582/2025,2273,Ver. DR. MURILLO LIMA (PP),CCJ,2025-11-14T18:13:36,2025-11-18T11:26:00,2026-08-13T14:37:46,Secretaria (SGP12),Aguardando Informações do Executivo,,
URB,745619,2026-10-08,,PL 582/2025,2273,Ver. DR. MURILLO LIMA (PP),CCJ,2025-11-14T18:13:36,2025-11-18T11:26:00,2026-10-08T16:05:48,Consultoria,Para análise,Resposta Executivo Docrec 1228/2026.,
CCJ,745878,2026-10-02,,PL 584/2025,2282,Ver. LUCAS PAVANATO (PL),PROC-CMSP,2025-06-05T16:04:00,2025-06-06T17:42:00,2026-05-04T20:34:49,Relator(a),Estudo para manifestação do relator,,
CCJ,745879,2026-10-02,,PL 585/2025,2217,Ver. SANSÃO PEREIRA (REPUBLICANOS),PROC-CMSP,2025-10-03T09:53:00,2025-10-08T16:47:00,2025-10-20T16:26:58,Relator(a),Estudo para manifestação do relator,,
CCJ,745911,2026-10-02,,PL 586/2025,1636,Ver. DR. MILTON FERREIRA (PODE),PROC-CMSP,2025-10-03T09:53:00,2025-10-08T16:47:00,2025-11-11T16:56:27,Relator(a),Estudo para manifestação do relator,,
CCJ,745942,2026-10-02,,PL 587/2025,1636,Ver. DR. MILTON FERREIRA (PODE),PROC-CMSP,2025-08-13T19:40:00,2025-08-15T14:09:00,2025-08-22T16:50:08,Relator(a),Estudo para manifestação do relator,,
CCJ,746077,2026-10-02,,PL 589/2025,2276,Ver. SILVÃO LEITE (UNIÃO),PROC-CMSP,2025-10-03T09:53:00,2025-10-08T16:47:00,2025-12-15T21:31:06,Secretaria (SGP12),Em Condição de Pauta,,
CCJ,746079,2026-10-02,,PL 590/2025,2217,Ver. SANSÃO PEREIRA (REPUBLICANOS),PROC-CMSP,2025-06-24T00:00:00,2025-06-24T15:01:00,2025-08-27T21:34:09,Secretaria (SGP12),Em Condição de Pauta,,
CCJ,746081,2026-10-02,,PL 591/2025,2276,Ver. SILVÃO LEITE (UNIÃO),PROC-CMSP,2025-06-24T00:00:00,2025-06-24T15:01:00,2025-08-01T14:50:22,Relator(a),Estudo para manifestação do relator,,
CCJ,746117,2026-10-02,,PL 592/2025,1636,Ver. DR. MILTON FERREIRA (PODE),PROC-CMSP,2025-06-24T00:00:00,2025-06-24T15:01:00,2026-05-13T18:27:21,Secretaria (SGP12),Em Condição de Pauta,,
CCJ,746166,2026-10-02,,PL 593/2025,2218,Ver. THAMMY MIRANDA (PSD),PROC-CMSP,2025-10-03T09:53:00,2025-10-08T16:47:00,2025-10-23T15:27:52,Secretaria (SGP12),Em Condição de Pauta,,
CCJ,746392,2026-10-02,,PL 596/2025,2218,Ver. THAMMY MIRANDA (PSD),PROC-CMSP,2025-06-24T00:00:00,2025-06-24T15:01:00,2025-08-19T14:14:19,Secretaria (SGP12),Em Condição de Pauta,,
CCJ,746434,2026-10-02,,PDL 36/2025,2218,Ver. THAMMY MIRANDA (PSD),PROC-CMSP,2025-06-05T16:04:00,2025-06-06T17:42:00,2025-10-23T15:33:16,Secretaria (SGP12),Em Condição de Pauta,,
CCJ,746449,2026-10-02,,PL 597/2025,2276,Ver. SILVÃO LEITE (UNIÃO),PROC-CMSP,2025-10-03T09:53:00,2025-10-08T16:47:00,2025-10-21T18:32:03,Relator(a),Estudo para manifestação do relator,,
FIN,746473,2026-10-02,,PR 58/2025,2150,Ver. ANDRÉ SANTOS (REPUBLICANOS),ADM,2025-10-10T13:25:42,2025-10-13T14:45:00,2026-08-13T12:53:37,Secretaria (SGP12),Retirado de pauta,,
CCJ,746580,2026-10-02,,PL 600/2025,2218,Ver. THAMMY MIRANDA (PSD),PROC-CMSP,2025-06-05T16:04:00,2025-06-06T17:42:00,2025-08-19T14:12:55,Secretaria (SGP12),Em Condição de Pauta,,
CCJ,746716,2026-10-02,,PL 601/2025,1636,Ver. DR. MILTON FERREIRA (PODE),PROC-CMSP,2025-06-05T16:04:00,2025-06-06T17:42:00,2025-10-14T14:43:39,Secretaria (SGP12),Em Condição de Pauta,,
CCJ,746883,2026-10-02,,PL 602/2025,2218,Ver. THAMMY MIRANDA (PSD),PROC-CMSP,2025-06-05T16:04:00,2025-06-06T17:42:00,2026-09-01T16:35:45,Secretaria (SGP12),Em Condição de Pauta,,
CCJ,746884,2026-10-02,,PL 603/2025,1636,Ver. DR. MILTON FERREIRA (PODE),PROC-CMSP,2025-06-05T16:04:00,2025-06-06T17:42:00,2025-08-12T15:54:04,Relator(a),Estudo para manifestação do relator,,
CCJ,746899,2026-10-02,,PL 604/2025,2282,Ver. LUCAS PAVANATO (PL),PROC-CMSP,2025-06-05T16:04:00,2025-06-06T17:42:00,2025-09-16T17:59:54,Secretaria (SGP12),Em Condição de Pauta,,
FIN,746914,2026-10-02,,PL 607/2025,2219,Ver. MARCELO MESSIAS (MDB),EDUC,2026-08-18T14:54:53,2026-08-20T10:52:00,2026-09-16T12:18:36,Consultoria (CTEO.1),Para análise,,
EDUC,746939,2026-10-02,,PL 608/2025,2292,Ver. GUILHERME CORRÊA (UNIÃO),CCJ,2025-06-26T15:08:50,2025-06-26T16:18:00,2026-09-11T12:01:40,Relator(a),Estudo para manifestação do relator,,
CCJ,746940,2026-10-02,,PL 609/2025,2276,Ver. SILVÃO LEITE (UNIÃO),PROC-CMSP,2025-06-05T16:04:00,2025-06-06T17:42:00,2025-06-16T18:10:58,Relator(a),Estudo para manifestação do relator,,
CCJ,747297,2026-10-02,,PL 610/2025,2206,Ver. SILVIA DA BANCADA FEMINISTA (PSOL),PROC-CMSP,2025-07-22T16:48:00,2025-07-23T18:30:00,2025-08-14T15:42:23,Relator(a),Estudo para manifestação do relator,,
CCJ,747500,2026-10-02,,PL 611/2025,2282,Ver. LUCAS PAVANATO (PL),PROC-CMSP,2025-06-05T16:04:00,2025-06-06T17:42:00,2026-03-11T16:30:35,Relator(a),Estudo para manifestação do relator,,
CCJ,747501,2026-10-02,,PL 612/2025,2218,Ver. THAMMY MIRANDA (PSD),PROC-CMSP,2025-06-05T16:04:00,2025-06-06T17:42:00,2026-04-27T14:42:12,Secretaria (SGP12),Em Condição de Pauta,,
CCJ,747516,2026-10-02,,PL 613/2025,2276,Ver. SILVÃO LEITE (UNIÃO),PROC-CMSP,2025-10-03T09:53:00,2025-10-08T16:47:00,2025-10-17T15:38:00,Relator(a),Estudo para manifestação do relator,,
EDUC,747667,2026-10-02,,PL 614/2025,1349,Ver. SENIVAL MOURA (PT),ADM,2026-05-29T18:52:04,2026-06-02T15:59:00,2026-09-30T18:46:41,Relator(a),Estudo para manifestação do relator,,
CCJ,747695,2026-10-02,,PL 615/2025,2217,Ver. SANSÃO PEREIRA (REPUBLICANOS),PROC-CMSP,2025-10-03T09:53:00,2025-10-08T16:47:00,2026-08-04T13:04:31,Secretaria (SGP12),Em Condição de Pauta,,
CCJ,747710,2026-10-02,,PL 616/2025,2254,Ver. LUNA ZARATTINI (PT),PROC-CMSP,2025-06-05T16:04:00,2025-06-06T17:42:00,2026-03-16T15:56:03,Relator(a),Estudo para manifestação do relator,,
URB,747715,2026-10-02,,PL 617/2025,2273,Ver. DR. MURILLO LIMA (PP),CCJ,2025-08-29T16:31:12,2025-09-01T11:40:00,2026-09-30T19:10:21,Relator(a),Estudo para manifestação do relator,,
URB,747718,2026-10-02,,PL 618/2025,,,CCJ,2025-10-07T15:48:56,2025-10-09T11:16:00,,,,,01/10/2025 05:41 - Presidente da Comissão / Assinar Certidão de Votação
CCJ,747745,2026-10-02,,PL 619/2025,2276,Ver. SILVÃO LEITE (UNIÃO),PROC-CMSP,2025-07-22T16:48:00,2025-07-23T18:30:00,2025-08-14T15:42:24,Relator(a),Estudo para manifestação do relator,,
CCJ,747795,2026-10-02,,PL 620/2025,2218,Ver. THAMMY MIRANDA (PSD),PROC-CMSP,2025-06-03T19:31:00,2025-06-04T11:04:00,2025-08-26T16:04:45,Secretaria (SGP12),Em Condição de Pauta,,
CCJ,747868,2026-10-02,,PL 623/2025,2282,Ver. LUCAS PAVANATO (PL),PROC-CMSP,2025-09-17T21:12:00,2025-09-19T19:08:00,2026-05-25T10:32:33,Relator(a),Assinar Relatório,,
CCJ,747875,2026-10-02,,PL 624/2025,2218,Ver. THAMMY MIRANDA (PSD),PROC-CMSP,2025-07-22T16:48:00,2025-07-23T18:30:00,2025-08-19T13:53:40,Secretaria (SGP12),Em Condição de Pauta,,
ADM,747987,2026-10-02,,PL 625/2025,1999,Ver. PROFESSOR TONINHO VESPOLI (PSOL),CCJ,2025-11-10T16:14:18,2025-11-13T11:14:00,2026-09-24T17:36:46,Relator(a),Estudo para manifestação do relator,,
CCJ,748002,2026-10-02,,PL 627/2025,2218,Ver. THAMMY MIRANDA (PSD),PROC-CMSP,2025-06-24T00:00:00,2025-06-24T15:01:00,2025-10-09T15:15:38,Secretaria (SGP12),Em Condição de Pauta,,
CCJ,748241,2026-10-02,,PL 630/2025,2276,Ver. SILVÃO LEITE (UNIÃO),PROC-CMSP,2025-06-24T00:00:00,2025-06-24T15:20:00,2025-06-30T17:43:25,Relator(a),Estudo para manifestação do relator,,
CCJ,748243,2026-10-02,,PL 631/2025,2218,Ver. THAMMY MIRANDA (PSD),PROC-CMSP,2025-10-03T09:53:00,2025-10-08T16:47:00,2025-10-20T16:13:15,Secretaria (SGP12),Em Condição de Pauta,,
CCJ,748247,2026-10-02,,PL 632/2025,1636,Ver. DR. MILTON FERREIRA (PODE),PROC-CMSP,2025-06-24T00:00:00,2025-06-24T15:01:00,2025-12-02T20:49:39,Secretaria (SGP12),Em Condição de Pauta,,
CCJ,748286,2026-10-02,,PR 60/2025,1636,Ver. DR. MILTON FERREIRA (PODE),PROC-CMSP,2025-06-17T19:22:00,2025-06-18T13:21:00,2025-11-04T15:13:03,Relator(a),Estudo para manifestação do relator,,
CCJ,748287,2026-10-02,,PL 634/2025,2276,Ver. SILVÃO LEITE (UNIÃO),PROC-CMSP,2025-06-24T00:00:00,2025-06-24T15:01:00,2025-08-14T15:42:25,Relator(a),Estudo para manifestação do relator,,
CCJ,748379,2026-10-02,,PL 636/2025,1636,Ver. DR. MILTON FERREIRA (PODE),PROC-CMSP,2025-06-24T00:00:00,2025-06-24T15:01:00,2025-10-08T15:51:56,Secretaria (SGP12),Adiado,,
CCJ,748433,2026-10-02,,PL 638/2025,2218,Ver. THAMMY MIRANDA (PSD),PROC-CMSP,2025-06-24T00:00:00,2025-06-24T15:01:00,2026-08-12T16:32:36,Relator(a),Estudo para manifestação do relator,,
EDUC,748617,2026-10-02,2026-10-06,PLO 6/2025,776,Ver. ELISEU GABRIEL (PSB),ADM,2026-08-14T15:55:26,2026-08-25T11:15:00,2026-09-29T13:55:38,Secretaria (SGP12),Em Condição de Pauta,,
EDUC,748617,2026-10-07,,PLO 6/2025,776,Ver. ELISEU GABRIEL (PSB),ADM,2026-08-14T15:55:26,2026-08-25T11:15:00,2026-10-07T18:04:01,Presidente da Comissão,Assinar Certidão de Votação,,
CCJ,748792,2026-10-02,,PL 643/2025,2217,Ver. SANSÃO PEREIRA (REPUBLICANOS),PROC-CMSP,2025-07-22T16:48:00,2025-07-23T18:30:00,2025-08-28T11:42:36,Secretaria (SGP12),Em Condição de Pauta,,
FIN,748794,2026-10-02,2026-10-07,PL 644/2025,2219,Ver. MARCELO MESSIAS (MDB),SAUDE,2026-08-25T14:38:23,2026-08-26T16:32:00,2026-09-30T13:45:25,Secretaria (SGP12),Aguardando 2ª Audiência Pública,,
FIN,748794,2026-10-08,,PL 644/2025,2219,Ver. MARCELO MESSIAS (MDB),SAUDE,2026-08-25T14:38:23,2026-08-26T16:32:00,2026-10-08T15:24:12,Relator(a),Estudo para manifestação do relator,,
CCJ,748841,2026-10-02,,PL 645/2025,2217,Ver. SANSÃO PEREIRA (REPUBLICANOS),PROC-CMSP,2025-10-03T09:53:00,2025-10-08T16:47:00,2025-10-20T16:27:01,Relator(a),Estudo para manifestação do relator,,
URB,748855,2026-10-02,,PL 646/2025,,,CCJ,2025-08-29T15:50:41,2025-09-01T11:38:00,2025-09-01T11:38:00,Presidente da Comissão,Designar Relator,,
CCJ,748899,2026-10-02,,PL 648/2025,2206,Ver. SILVIA DA BANCADA FEMINISTA (PSOL),PROC-CMSP,2025-07-22T16:48:00,2025-07-23T18:30:00,2025-08-14T16:48:32,Relator(a),Estudo para manifestação do relator,,
CCJ,748900,2026-10-02,,PL 649/2025,2217,Ver. SANSÃO PEREIRA (REPUBLICANOS),PROC-CMSP,2025-10-03T09:53:00,2025-10-08T16:47:00,2025-11-18T18:04:00,Secretaria (SGP12),Em Condição de Pauta,,
CCJ,749073,2026-10-02,,PL 650/2025,1636,Ver. DR. MILTON FERREIRA (PODE),PROC-CMSP,2025-07-22T16:48:00,2025-07-23T18:30:00,2025-08-18T17:43:59,Relator(a),Estudo para manifestação do relator,,
CCJ,749121,2026-10-02,,PL 652/2025,2206,Ver. SILVIA DA BANCADA FEMINISTA (PSOL),PROC-CMSP,2025-07-22T16:48:00,2025-07-23T18:30:00,2025-10-24T13:33:21,Secretaria (SGP12),Em Condição de Pauta,,
CCJ,749139,2026-10-02,,PL 654/2025,2282,Ver. LUCAS PAVANATO (PL),PROC-CMSP,2025-06-17T19:17:00,2025-06-18T13:21:00,2026-08-10T11:23:30,Relator(a),Assinar Pedido de Informação ao(à) Autor(a),,
SAUDE,749240,2026-10-02,,PR 62/2025,2281,Ver. SIMONE GANEM (PODE),ADM,2025-10-23T13:08:30,2025-10-28T15:03:00,2026-03-05T15:12:15,Relator(a),Estudo para manifestação do relator,,
CCJ,749272,2026-10-02,,PL 655/2025,2218,Ver. THAMMY MIRANDA (PSD),PROC-CMSP,2025-06-24T00:00:00,2025-06-24T15:01:00,2025-09-15T16:17:51,Secretaria (SGP12),Em Condição de Pauta,,
CCJ,749289,2026-10-02,,PL 656/2025,2218,Ver. THAMMY MIRANDA (PSD),PROC-CMSP,2025-07-22T16:48:00,2025-07-23T18:30:00,2025-12-11T15:04:27,Secretaria (SGP12),Em Condição de Pauta,,
CCJ,749344,2026-10-02,,PL 657/2025,2276,Ver. SILVÃO LEITE (UNIÃO),PROC-CMSP,2025-10-15T17:44:00,2025-10-16T23:44:00,2026-04-13T17:58:13,Secretaria (SGP12),Em Condição de Pauta,,
CCJ,749549,2026-10-02,,PL 661/2025,1636,Ver. DR. MILTON FERREIRA (PODE),PROC-CMSP,2025-06-24T00:00:00,2025-06-24T15:01:00,2025-08-20T19:58:23,Secretaria (SGP12),Em Condição de Pauta,,
URB,749778,2026-10-02,,PL 662/2025,2144,Ver. FABIO RIVA (MDB),CCJ,2026-05-22T16:10:37,2026-06-01T09:50:00,2026-08-13T14:33:22,Relator(a),Estudo para manifestação do relator,,
CCJ,749832,2026-10-02,,PL 663/2025,2254,Ver. LUNA ZARATTINI (PT),PROC-CMSP,2025-07-22T16:48:00,2025-07-23T18:30:00,2026-03-16T15:56:27,Relator(a),Estudo para manifestação do relator,,
SAUDE,749842,2026-10-02,,PL 664/2025,2256,Ver. HÉLIO RODRIGUES (PT),EDUC,2026-04-22T10:33:00,2026-04-23T00:53:00,2026-07-01T17:36:34,Relator(a),Assinar Relatório,,
CCJ,749994,2026-10-02,,PL 665/2025,2217,Ver. SANSÃO PEREIRA (REPUBLICANOS),PROC-CMSP,2025-10-03T09:53:00,2025-10-08T16:47:00,2026-04-28T16:13:02,Secretaria (SGP12),Em Condição de Pauta,,
CCJ,749996,2026-10-02,,PL 666/2025,2276,Ver. SILVÃO LEITE (UNIÃO),PROC-CMSP,2025-07-22T16:48:00,2025-07-23T18:30:00,2025-09-19T15:35:48,Relator(a),Estudo para manifestação do relator,,
CCJ,750006,2026-10-02,,PL 667/2025,2254,Ver. LUNA ZARATTINI (PT),PROC-CMSP,2025-06-24T00:00:00,2025-06-24T15:01:00,2026-06-17T15:56:18,Relator(a),Assinar Pedido de Informação ao Executivo,,
ADM,750009,2026-10-02,,PL 668/2025,2275,Ver. GABRIEL ABREU (PODE),CCJ,2026-05-22T16:08:45,2026-05-26T13:44:00,2026-09-29T18:22:36,Relator(a),Assinar Relatório,,
CCJ,750039,2026-10-02,,PL 669/2025,2276,Ver. SILVÃO LEITE (UNIÃO),PROC-CMSP,2025-07-22T16:48:00,2025-07-23T18:30:00,2025-10-09T21:44:35,Secretaria (SGP12),Em Condição de Pauta,,
CCJ,750040,2026-10-02,,PL 670/2025,2254,Ver. LUNA ZARATTINI (PT),PROC-CMSP,2025-07-22T16:48:00,2025-07-23T18:30:00,2026-04-10T18:46:44,Secretaria (SGP12),Em Condição de Pauta,,
CCJ,750041,2026-10-02,,PL 671/2025,2277,Ver. JANAINA PASCHOAL (PP),PROC-CMSP,2025-07-22T16:48:00,2025-07-23T18:30:00,2025-09-16T16:39:11,Secretaria (SGP12),Em Condição de Pauta,,
CCJ,750042,2026-10-02,,PL 672/2025,2277,Ver. JANAINA PASCHOAL (PP),PROC-CMSP,2025-07-22T16:48:00,2025-07-23T18:30:00,2025-09-15T15:06:34,Secretaria (SGP12),Em Condição de Pauta,,
CCJ,750114,2026-10-02,,PL 675/2025,2206,Ver. SILVIA DA BANCADA FEMINISTA (PSOL),PROC-CMSP,2025-06-24T00:00:00,2025-06-24T15:01:00,2025-09-19T15:35:49,Relator(a),Estudo para manifestação do relator,,
CCJ,750115,2026-10-02,,PL 676/2025,1636,Ver. DR. MILTON FERREIRA (PODE),PROC-CMSP,2025-08-13T19:40:00,2025-08-15T14:09:00,2025-09-19T15:35:49,Relator(a),Estudo para manifestação do relator,,
CCJ,750189,2026-10-02,,PL 677/2025,2276,Ver. SILVÃO LEITE (UNIÃO),PROC-CMSP,2025-07-22T16:48:00,2025-07-23T18:30:00,2025-08-18T16:43:25,Relator(a),Estudo para manifestação do relator,,
CCJ,750190,2026-10-02,,PL 678/2025,2277,Ver. JANAINA PASCHOAL (PP),PROC-CMSP,2025-07-22T16:48:00,2025-07-23T18:30:00,2025-11-10T13:42:42,Secretaria (SGP12),Adiado,,
CCJ,750194,2026-10-02,,PL 679/2025,2218,Ver. THAMMY MIRANDA (PSD),PROC-CMSP,2025-10-03T09:53:00,2025-10-08T16:47:00,2025-11-03T18:03:35,Secretaria (SGP12),Em Condição de Pauta,,
CCJ,750370,2026-10-02,,PL 681/2025,2218,Ver. THAMMY MIRANDA (PSD),PROC-CMSP,2025-10-15T17:44:00,2025-10-16T23:44:00,2025-11-03T15:30:14,Secretaria (SGP12),Em Condição de Pauta,,
EDUC,750377,2026-10-02,,PR 63/2025,2222,Ver. CRIS MONTEIRO (NOVO),ADM,2025-10-03T16:15:36,2025-10-06T13:33:00,2026-09-11T12:57:43,Relator(a),Estudo para manifestação do relator,,
CCJ,750419,2026-10-02,,PL 685/2025,2217,Ver. SANSÃO PEREIRA (REPUBLICANOS),PROC-CMSP,2025-06-17T19:11:00,2025-06-18T13:21:00,2026-06-30T16:01:17,Secretaria (SGP12),Aguardando Informações do(a) Autor(a),,
CCJ,750639,2026-10-02,,PL 689/2025,1636,Ver. DR. MILTON FERREIRA (PODE),PROC-CMSP,2025-10-15T17:44:00,2025-10-16T23:44:00,2025-11-06T19:23:53,Secretaria (SGP12),Em Condição de Pauta,,
CCJ,750641,2026-10-02,,PL 690/2025,2276,Ver. SILVÃO LEITE (UNIÃO),PROC-CMSP,2025-08-13T19:40:00,2025-08-15T14:09:00,2025-11-12T16:42:10,Secretaria (SGP12),Adiado,,
CCJ,750781,2026-10-02,,PL 694/2025,2254,Ver. LUNA ZARATTINI (PT),PROC-CMSP,2025-10-15T17:44:00,2025-10-16T23:44:00,2026-03-16T15:56:52,Relator(a),Estudo para manifestação do relator,,
CCJ,750785,2026-10-02,,PL 696/2025,2254,Ver. LUNA ZARATTINI (PT),PROC-CMSP,2025-06-17T19:11:00,2025-06-18T13:21:00,2026-04-10T18:07:43,Secretaria (SGP12),Em Condição de Pauta,,
URB,750876,2026-10-02,,PL 701/2025,2269,Ver. MARINA BRAGANTE (PSB),CCJ,2025-11-10T16:12:26,2025-11-13T10:55:00,2026-05-20T15:56:34,Relator(a),Estudo para manifestação do relator,,
EDUC,750877,2026-10-02,2026-10-06,PL 702/2025,2222,Ver. CRIS MONTEIRO (NOVO),ADM,2025-12-01T11:21:03,2025-12-02T12:16:00,2026-09-23T10:16:00,Secretaria (SGP12),Em Condição de Pauta,,
EDUC,750877,2026-10-07,,PL 702/2025,2222,Ver. CRIS MONTEIRO (NOVO),ADM,2025-12-01T11:21:03,2025-12-02T12:16:00,2026-10-07T18:03:58,Presidente da Comissão,Assinar Certidão de Votação,,
CCJ,750920,2026-10-02,,PL 703/2025,2254,Ver. LUNA ZARATTINI (PT),PROC-CMSP,2025-07-22T16:48:00,2025-07-23T18:30:00,2026-03-16T15:51:44,Relator(a),Estudo para manifestação do relator,,
CCJ,751050,2026-10-02,,PL 706/2025,2282,Ver. LUCAS PAVANATO (PL),PROC-CMSP,2025-10-15T17:44:00,2025-10-16T23:44:00,2026-03-30T18:59:24,Secretaria (SGP12),Em Condição de Pauta,,
CCJ,751051,2026-10-02,,PL 707/2025,2276,Ver. SILVÃO LEITE (UNIÃO),PROC-CMSP,2025-06-24T00:00:00,2025-06-24T15:01:00,2025-11-25T16:47:00,Relator(a),Estudo para manifestação do relator,,
URB,751053,2026-10-02,,PL 708/2025,2273,Ver. DR. MURILLO LIMA (PP),CCJ,2025-08-29T15:50:42,2025-09-01T11:34:00,2026-06-02T15:40:17,Secretaria (SGP12),Aguardando Informações do Executivo,,
CCJ,751091,2026-10-02,,PL 710/2025,2277,Ver. JANAINA PASCHOAL (PP),PROC-CMSP,2025-06-24T00:00:00,2025-06-24T15:01:00,2025-10-13T14:14:08,Secretaria (SGP12),Em Condição de Pauta,,
FIN,751092,2026-10-02,2026-10-07,PL 711/2025,2278,Ver. KEIT LIMA (PSOL),SAUDE,2026-08-25T14:38:22,2026-08-26T16:32:00,2026-09-02T14:47:13,Consultoria (CTEO.1),Para análise,,
FIN,751092,2026-10-08,,PL 711/2025,2278,Ver. KEIT LIMA (PSOL),SAUDE,2026-08-25T14:38:22,2026-08-26T16:32:00,2026-10-08T15:26:06,Relator(a),Estudo para manifestação do relator,,
CCJ,751245,2026-10-02,,PL 712/2025,2206,Ver. SILVIA DA BANCADA FEMINISTA (PSOL),SGP12,2026-03-26T07:29:00,2026-03-26T15:49:00,2026-04-21T21:18:38,Relator(a),Estudo para manifestação do relator,,
FIN,751442,2026-10-02,,PL 713/2025,2246,Ver. MAJOR PALUMBO (PP),EDUC,2025-12-18T11:30:08,2025-12-19T13:17:00,2026-09-02T14:47:13,Relator(a),Estudo para manifestação do relator,,
FIN,751626,2026-10-02,,PL 714/2025,2246,Ver. MAJOR PALUMBO (PP),EDUC,2026-04-10T14:58:31,2026-04-13T14:58:00,2026-09-02T11:48:04,Relator(a),Estudo para manifestação do relator,,
FIN,751635,2026-10-02,,PL 716/2025,2150,Ver. ANDRÉ SANTOS (REPUBLICANOS),EDUC,2026-09-08T16:31:35,2026-09-09T12:02:00,2026-09-30T15:24:58,Consultoria (CTEO.1),Para análise,,
CCJ,751637,2026-10-02,,PL 717/2025,2206,Ver. SILVIA DA BANCADA FEMINISTA (PSOL),PROC-CMSP,2025-07-22T16:48:00,2025-07-23T18:30:00,2025-08-22T16:50:13,Relator(a),Estudo para manifestação do relator,,
ADM,751638,2026-10-02,,PR 65/2025,2001,Ver. JAIR TATTO (PT),CCJ,2025-12-02T11:48:37,2025-12-03T15:14:00,2026-05-25T18:51:29,Relator(a),Estudo para manifestação do relator,,
CCJ,751648,2026-10-02,,PL 719/2025,2254,Ver. LUNA ZARATTINI (PT),PROC-CMSP,2025-07-22T16:48:00,2025-07-23T18:30:00,2026-08-03T14:44:34,Relator(a),Assinar Relatório,,
CCJ,751650,2026-10-02,,PL 720/2025,2276,Ver. SILVÃO LEITE (UNIÃO),PROC-CMSP,2025-07-22T16:48:00,2025-07-23T18:30:00,2025-08-12T15:54:11,Relator(a),Estudo para manifestação do relator,,
FIN,751652,2026-10-02,,PL 721/2025,2150,Ver. ANDRÉ SANTOS (REPUBLICANOS),SAUDE,2026-08-25T14:38:20,2026-08-26T16:32:00,2026-09-30T15:24:58,Consultoria (CTEO.1),Para análise,,
CCJ,751655,2026-10-02,,PL 723/2025,2276,Ver. SILVÃO LEITE (UNIÃO),PROC-CMSP,2025-08-13T19:40:00,2025-08-15T14:09:00,2025-09-16T17:37:59,Relator(a),Estudo para manifestação do relator,,
EDUC,751699,2026-10-02,2026-10-05,PL 724/2025,776,Ver. ELISEU GABRIEL (PSB),ADM,2026-08-14T16:58:17,2026-08-25T11:14:00,2026-09-30T16:04:31,Relator(a),Assinar Pedido de Informação ao Executivo,,
EDUC,751699,2026-10-06,,PL 724/2025,776,Ver. ELISEU GABRIEL (PSB),ADM,2026-08-14T16:58:17,2026-08-25T11:14:00,2026-10-06T18:31:35,Presidente da Comissão,Assinar Pedido de Informação ao Executivo,,
CCJ,751700,2026-10-02,,PL 725/2025,2276,Ver. SILVÃO LEITE (UNIÃO),PROC-CMSP,2025-07-22T16:48:00,2025-07-23T18:30:00,2025-08-14T16:00:37,Relator(a),Estudo para manifestação do relator,,
SAUDE,751701,2026-10-02,,PL 726/2025,1296,Ver. ADILSON AMADEU (UNIÃO),ADM,2026-05-29T18:52:03,2026-06-02T13:01:00,2026-09-01T17:34:31,Presidente da Comissão,Assinar Pedido de Informação ao Executivo,,
CCJ,751887,2026-10-02,,PL 727/2025,2276,Ver. SILVÃO LEITE (UNIÃO),PROC-CMSP,2025-07-22T16:48:00,2025-07-23T18:30:00,2025-08-14T15:42:30,Relator(a),Estudo para manifestação do relator,,
CCJ,751888,2026-10-02,,PL 728/2025,1636,Ver. DR. MILTON FERREIRA (PODE),PROC-CMSP,2025-07-22T16:48:00,2025-07-24T17:22:00,2025-08-14T16:48:36,Relator(a),Estudo para manifestação do relator,,
CCJ,751901,2026-10-02,,PL 729/2025,2218,Ver. THAMMY MIRANDA (PSD),PROC-CMSP,2025-07-22T16:48:00,2025-07-23T18:30:00,2025-08-18T16:44:05,Secretaria (SGP12),Em Condição de Pauta,,
CCJ,751902,2026-10-02,,PL 730/2025,2276,Ver. SILVÃO LEITE (UNIÃO),PROC-CMSP,2025-07-22T16:48:00,2025-07-23T18:30:00,2025-11-06T18:06:46,Relator(a),Estudo para manifestação do relator,,
CCJ,751950,2026-10-02,,PL 731/2025,1636,Ver. DR. MILTON FERREIRA (PODE),PROC-CMSP,2025-07-22T16:48:00,2025-07-23T18:30:00,2025-09-10T15:20:31,Relator(a),Estudo para manifestação do relator,,
ECON,751953,2026-10-02,,PL 732/2025,2159,Ver. RUTE COSTA (PL),ADM,2026-05-15T17:46:25,2026-05-19T14:28:00,2026-09-14T11:12:13,Consultoria (SGP.53),Para análise,,
FIN,752027,2026-10-02,,PDL 46/2025,2221,Ver. ELI CORRÊA (UNIÃO),EDUC,2026-05-25T16:49:55,2026-06-02T14:03:00,2026-09-29T17:14:59,Consultoria (CTEO.1),Elaborar Minuta de Relatório,,
FIN,752031,2026-10-02,,PDL 47/2025,2279,Ver. SILVINHO LEITE (UNIÃO),EDUC,2025-12-18T11:29:59,2025-12-19T13:17:00,2026-05-19T15:21:00,Secretaria (SGP12),Retirado de pauta,,
CCJ,752606,2026-10-02,,PL 734/2025,2217,Ver. SANSÃO PEREIRA (REPUBLICANOS),PROC-CMSP,2025-07-22T16:48:00,2025-07-23T18:30:00,2025-09-04T18:27:53,Secretaria (SGP12),Em Condição de Pauta,,
CCJ,752645,2026-10-02,,PL 735/2025,2218,Ver. THAMMY MIRANDA (PSD),PROC-CMSP,2025-07-22T16:48:00,2025-07-23T18:30:00,2025-08-29T16:34:27,Secretaria (SGP12),Em Condição de Pauta,,
EDUC,752729,2026-10-02,,PL 736/2025,2292,Ver. GUILHERME CORRÊA (UNIÃO),CCJ,2025-10-07T15:53:59,2025-10-09T10:52:00,2026-09-11T11:57:53,Relator(a),Estudo para manifestação do relator,,
CCJ,752730,2026-10-02,,PL 737/2025,1636,Ver. DR. MILTON FERREIRA (PODE),PROC-CMSP,2025-07-22T16:48:00,2025-07-23T18:30:00,2025-11-06T19:22:10,Secretaria (SGP12),Em Condição de Pauta,,
CCJ,752779,2026-10-02,,PL 739/2025,2206,Ver. SILVIA DA BANCADA FEMINISTA (PSOL),PROC-CMSP,2025-07-22T16:48:00,2025-07-23T18:30:00,2025-08-26T16:46:44,Relator(a),Assinar Relatório,,
CCJ,752940,2026-10-02,,PL 741/2025,2254,Ver. LUNA ZARATTINI (PT),PROC-CMSP,2025-07-22T16:48:00,2025-07-23T18:30:00,2026-03-16T15:52:01,Relator(a),Estudo para manifestação do relator,,
CCJ,752941,2026-10-02,,PL 742/2025,1636,Ver. DR. MILTON FERREIRA (PODE),PROC-CMSP,2025-07-22T16:48:00,2025-07-23T18:30:00,2025-09-30T20:28:33,Secretaria (SGP12),Em Condição de Pauta,,
CCJ,752948,2026-10-02,,PL 743/2025,2218,Ver. THAMMY MIRANDA (PSD),PROC-CMSP,2025-07-22T16:48:00,2025-07-23T18:30:00,2026-03-16T17:31:34,Secretaria (SGP12),Em Condição de Pauta,,
ECON,752966,2026-10-02,2026-10-06,PL 744/2025,2280,Ver. KENJI ITO (PODE),URB,2026-04-17T12:04:46,2026-04-24T10:56:00,2026-09-30T17:08:48,Consultoria (SGP.53),Elaborar Minuta de Relatório,,
ECON,752966,2026-10-07,,PL 744/2025,2280,Ver. KENJI ITO (PODE),URB,2026-04-17T12:04:46,2026-04-24T10:56:00,2026-10-07T11:38:49,Secretaria (SGP12),Em Condição de Pauta,,
CCJ,752984,2026-10-02,,PL 746/2025,1636,Ver. DR. MILTON FERREIRA (PODE),PROC-CMSP,2025-07-22T16:48:00,2025-07-23T18:30:00,2025-08-14T15:42:34,Relator(a),Estudo para manifestação do relator,,
CCJ,752985,2026-10-02,,PL 747/2025,2277,Ver. JANAINA PASCHOAL (PP),PROC-CMSP,2025-07-22T16:48:00,2025-07-23T18:30:00,2025-08-15T14:07:27,Secretaria (SGP12),Em Condição de Pauta,,
CCJ,752989,2026-10-02,,PL 748/2025,2276,Ver. SILVÃO LEITE (UNIÃO),PROC-CMSP,2025-07-22T16:48:00,2025-07-23T18:30:00,2025-08-14T15:42:36,Relator(a),Estudo para manifestação do relator,,
CCJ,752990,2026-10-02,,PL 749/2025,2254,Ver. LUNA ZARATTINI (PT),PROC-CMSP,2025-07-22T16:48:00,2025-07-23T18:30:00,2026-08-19T16:13:27,Presidente da Comissão,Assinar Certidão de Votação,,
URB,753153,2026-10-02,,PL 751/2025,2144,Ver. FABIO RIVA (MDB),CCJ,2025-11-14T18:12:22,2025-11-18T11:25:00,2026-08-13T14:26:46,Secretaria (SGP12),Aguardando Informações do Executivo,,
CCJ,753172,2026-10-02,,PL 752/2025,2277,Ver. JANAINA PASCHOAL (PP),PROC-CMSP,2025-10-15T17:44:00,2025-10-16T23:44:00,2025-11-11T12:28:49,Secretaria (SGP12),Em Condição de Pauta,,
CCJ,753174,2026-10-02,,PL 753/2025,2276,Ver. SILVÃO LEITE (UNIÃO),PROC-CMSP,2025-10-15T17:44:00,2025-10-16T23:44:00,2026-04-16T17:45:55,Relator(a),Estudo para manifestação do relator,,
EDUC,753408,2026-10-02,,PL 754/2025,776,Ver. ELISEU GABRIEL (PSB),ADM,2026-05-07T15:43:45,2026-05-11T11:44:00,2026-09-29T13:44:57,Presidente da Comissão,Assinar Pedido de Informação ao Executivo,,
ADM,753409,2026-10-02,,PL 755/2025,2268,Ver. AMANDA VETTORAZZO (UNIÃO),CCJ,2026-04-17T17:40:27,2026-04-23T15:15:00,2026-05-06T16:41:01,Relator(a),Estudo para manifestação do relator,,
URB,753582,2026-10-02,,PL 756/2025,2273,Ver. DR. MURILLO LIMA (PP),CCJ,2025-11-14T18:12:23,2025-11-18T11:23:00,2026-09-29T10:53:05,Relator(a),Estudo para manifestação do relator,,
CCJ,753678,2026-10-02,,PL 758/2025,1636,Ver. DR. MILTON FERREIRA (PODE),PROC-CMSP,2025-10-24T12:09:00,2025-10-28T13:54:00,2025-11-07T16:19:20,Relator(a),Estudo para manifestação do relator,,
SAUDE,753737,2026-10-02,,PL 759/2025,2267,Ver. AMANDA PASCHOAL (PSOL),ADM,2026-04-02T17:59:42,2026-04-06T12:18:00,2026-08-05T18:52:05,Consultoria (SGP.52),Para análise,,
CCJ,753782,2026-10-02,,PDL 59/2025,2217,Ver. SANSÃO PEREIRA (REPUBLICANOS),PROC-CMSP,2025-08-13T19:40:00,2025-08-15T14:09:00,2026-03-30T19:03:30,Secretaria (SGP12),Em Condição de Pauta,,
CCJ,753798,2026-10-02,,PL 761/2025,2276,Ver. SILVÃO LEITE (UNIÃO),PROC-CMSP,2025-10-24T12:09:00,2025-10-28T13:54:00,2025-11-04T14:48:35,Relator(a),Estudo para manifestação do relator,,
URB,753824,2026-10-02,,PL 762/2025,2209,Ver. DANILO DO POSTO DE SAÚDE (PODE),CCJ,2026-05-22T16:08:44,2026-06-01T09:48:00,2026-08-03T14:37:14,Relator(a),Estudo para manifestação do relator,,
CCJ,753846,2026-10-02,,PL 764/2025,2217,Ver. SANSÃO PEREIRA (REPUBLICANOS),PROC-CMSP,2025-10-24T12:09:00,2025-10-28T13:54:00,2026-04-10T14:58:22,Secretaria (SGP12),Em Condição de Pauta,,
CCJ,753849,2026-10-02,,PL 766/2025,2218,Ver. THAMMY MIRANDA (PSD),PROC-CMSP,2025-10-24T12:09:00,2025-10-28T13:54:00,2026-03-16T17:24:31,Secretaria (SGP12),Em Condição de Pauta,,
EDUC,753868,2026-10-02,,PL 767/2025,776,Ver. ELISEU GABRIEL (PSB),URB,2026-05-15T12:51:23,2026-05-21T14:34:00,2026-10-01T11:50:09,Relator(a),Assinar Relatório,,
CCJ,753926,2026-10-02,,PL 768/2025,2282,Ver. LUCAS PAVANATO (PL),PROC-CMSP,2025-10-30T19:23:00,2025-10-31T14:58:00,2025-11-07T16:19:21,Relator(a),Estudo para manifestação do relator,,
URB,753995,2026-10-02,,PL 769/2025,,,CCJ,2026-06-22T13:41:55,2026-07-01T17:15:00,2026-07-01T17:15:00,Presidente da Comissão,Designar Relator,,
CCJ,754251,2026-10-02,,PL 771/2025,2218,Ver. THAMMY MIRANDA (PSD),PROC-CMSP,2025-10-30T19:23:00,2025-10-31T14:58:00,2025-12-03T15:26:13,Secretaria (SGP12),Em Condição de Pauta,,
CCJ,754252,2026-10-02,,PL 772/2025,2282,Ver. LUCAS PAVANATO (PL),PROC-CMSP,2025-10-24T12:23:00,2025-10-28T13:54:00,2025-11-11T18:21:49,Relator(a),Estudo para manifestação do relator,,
CCJ,754253,2026-10-02,,PL 773/2025,2206,Ver. SILVIA DA BANCADA FEMINISTA (PSOL),PROC-CMSP,2025-10-24T12:09:00,2025-10-28T14:15:00,2025-11-14T16:06:03,Relator(a),Estudo para manifestação do relator,,
CCJ,754262,2026-10-02,,PL 774/2025,2282,Ver. LUCAS PAVANATO (PL),PROC-CMSP,2025-10-24T12:09:00,2025-10-28T13:54:00,2025-11-05T12:32:46,Relator(a),Estudo para manifestação do relator,,
CCJ,754269,2026-10-02,2026-10-06,PL 775/2025,2218,Ver. THAMMY MIRANDA (PSD),SGP12,2026-05-28T18:23:00,2026-05-28T18:39:00,2026-09-18T18:42:40,SGP.21,,,
CCJ,754287,2026-10-02,,PL 776/2025,1636,Ver. DR. MILTON FERREIRA (PODE),PROC-CMSP,2025-10-30T19:23:00,2025-10-31T14:58:00,2026-08-03T18:18:47,Secretaria (SGP12),Em Condição de Pauta,,
CCJ,754300,2026-10-02,,PL 778/2025,1636,Ver. DR. MILTON FERREIRA (PODE),PROC-CMSP,2025-09-17T21:12:00,2025-09-19T19:08:00,2026-08-19T16:13:45,Presidente da Comissão,Assinar Certidão de Votação,,
ECON,754322,2026-10-02,2026-10-05,PL 779/2025,2249,Ver. NUNES PEIXEIRO (MDB),ADM,2025-10-23T12:59:25,2025-10-29T15:45:00,2026-09-14T11:12:13,Relator(a),Estudo para manifestação do relator,,
ECON,754322,2026-10-06,,PL 779/2025,2249,Ver. NUNES PEIXEIRO (MDB),ADM,2025-10-23T12:59:25,2025-10-29T15:45:00,2026-10-06T17:16:06,Consultoria (SGP.53),Elaborar Minuta de Relatório,,
CCJ,754332,2026-10-02,,PL 780/2025,2217,Ver. SANSÃO PEREIRA (REPUBLICANOS),PROC-CMSP,2025-10-17T12:27:00,2025-10-17T15:34:00,2025-10-28T15:30:10,Relator(a),Estudo para manifestação do relator,,
FIN,754396,2026-10-02,,PL 781/2025,2146,Ver. GILBERTO NASCIMENTO (PL),SAUDE,2026-08-25T14:38:19,2026-08-26T16:31:00,2026-09-30T15:24:58,Consultoria (CTEO.1),Para análise,,
CCJ,754399,2026-10-02,,PL 782/2025,2282,Ver. LUCAS PAVANATO (PL),PROC-CMSP,2025-08-13T19:40:00,2025-08-15T14:09:00,2025-10-30T07:42:20,Relator(a),Assinar Relatório,,
CCJ,754405,2026-10-02,,PL 783/2025,1636,Ver. DR. MILTON FERREIRA (PODE),PROC-CMSP,2025-11-06T18:35:00,2025-11-07T14:57:00,2025-12-04T12:47:07,Relator(a),Estudo para manifestação do relator,,
CCJ,754406,2026-10-02,,PL 784/2025,1636,Ver. DR. MILTON FERREIRA (PODE),PROC-CMSP,2025-11-06T18:35:00,2025-11-07T14:57:00,2025-11-25T16:59:36,Relator(a),Estudo para manifestação do relator,,
CCJ,754408,2026-10-02,,PL 785/2025,2276,Ver. SILVÃO LEITE (UNIÃO),PROC-CMSP,2025-11-06T18:35:00,2025-11-07T14:57:00,2025-12-05T15:55:10,Relator(a),Estudo para manifestação do relator,,
EDUC,754410,2026-10-02,,PL 786/2025,2292,Ver. GUILHERME CORRÊA (UNIÃO),ECON,2026-04-14T15:52:03,2026-04-16T12:53:00,2026-09-11T11:53:34,Relator(a),Estudo para manifestação do relator,,
CCJ,754424,2026-10-02,,PL 787/2025,2277,Ver. JANAINA PASCHOAL (PP),PROC-CMSP,2025-08-13T19:40:00,2025-08-15T14:09:00,2025-09-08T15:24:56,Secretaria (SGP12),Em Condição de Pauta,,
CCJ,754509,2026-10-02,,PL 788/2025,2254,Ver. LUNA ZARATTINI (PT),PROC-CMSP,2025-08-13T19:40:00,2025-08-15T14:09:00,2026-06-17T15:56:01,Relator(a),Assinar Pedido de Informação ao Executivo,,
CCJ,754592,2026-10-02,,PL 791/2025,2206,Ver. SILVIA DA BANCADA FEMINISTA (PSOL),PROC-CMSP,2025-08-13T19:40:00,2025-08-15T14:09:00,2025-09-16T17:34:51,Relator(a),Estudo para manifestação do relator,,
CCJ,754593,2026-10-02,,PL 792/2025,2254,Ver. LUNA ZARATTINI (PT),PROC-CMSP,2025-10-24T12:09:00,2025-10-28T13:54:00,2026-03-16T15:52:32,Relator(a),Estudo para manifestação do relator,,
CCJ,754594,2026-10-02,,PL 793/2025,2254,Ver. LUNA ZARATTINI (PT),PROC-CMSP,2025-09-17T21:12:00,2025-09-19T19:08:00,2026-03-16T15:52:36,Relator(a),Estudo para manifestação do relator,,
CCJ,754596,2026-10-02,,PL 794/2025,2276,Ver. SILVÃO LEITE (UNIÃO),PROC-CMSP,2025-11-06T18:35:00,2025-11-07T14:57:00,2025-12-04T12:47:08,Relator(a),Estudo para manifestação do relator,,
CCJ,754597,2026-10-02,,PL 795/2025,2277,Ver. JANAINA PASCHOAL (PP),PROC-CMSP,2025-10-15T17:44:00,2025-10-16T23:44:00,2025-11-10T16:25:39,Secretaria (SGP12),Em Condição de Pauta,,
CCJ,754598,2026-10-02,,PL 796/2025,2217,Ver. SANSÃO PEREIRA (REPUBLICANOS),PROC-CMSP,2025-10-30T19:23:00,2025-10-31T14:58:00,2025-12-15T15:20:13,Relator(a),Estudo para manifestação do relator,,
FIN,754599,2026-10-02,,PL 797/2025,2146,Ver. GILBERTO NASCIMENTO (PL),EDUC,2026-04-02T10:00:13,2026-04-07T18:44:00,2026-06-25T18:47:41,Consultoria,Elaborar relatório,,
URB,754601,2026-10-02,,PL 798/2025,2209,Ver. DANILO DO POSTO DE SAÚDE (PODE),CCJ,2025-12-18T16:35:09,2025-12-19T15:27:00,2026-09-09T15:32:49,Secretaria (SGP12),Em Condição de Pauta,,
URB,754604,2026-10-02,,PL 799/2025,2147,Ver. ISAC FÉLIX (PL),CCJ,2026-03-19T18:18:06,2026-03-24T13:04:00,2026-06-30T11:37:11,Relator(a),Estudo para manifestação do relator,,
CCJ,754667,2026-10-02,,PL 801/2025,2218,Ver. THAMMY MIRANDA (PSD),PROC-CMSP,2025-10-30T19:23:00,2025-10-31T14:58:00,2025-11-27T16:10:46,Relator(a),Estudo para manifestação do relator,,
CCJ,754672,2026-10-02,,PL 802/2025,2206,Ver. SILVIA DA BANCADA FEMINISTA (PSOL),PROC-CMSP,2025-09-17T21:12:00,2025-09-19T19:08:00,2026-06-02T15:59:05,Relator(a),Estudo para manifestação do relator,,
FIN,754673,2026-10-02,,PL 803/2025,2278,Ver. KEIT LIMA (PSOL),EDUC,2026-09-24T16:36:17,2026-09-29T13:48:00,2026-09-30T15:54:06,Consultoria (CTEO.1),Para análise,,
CCJ,754686,2026-10-02,,PL 805/2025,2217,Ver. SANSÃO PEREIRA (REPUBLICANOS),PROC-CMSP,2025-11-06T18:35:00,2025-11-07T14:57:00,2026-04-10T14:46:29,Secretaria (SGP12),Em Condição de Pauta,,
CCJ,754690,2026-10-02,,PL 806/2025,2254,Ver. LUNA ZARATTINI (PT),PROC-CMSP,2025-11-06T18:35:00,2025-11-07T14:57:00,2026-04-09T17:35:12,Relator(a),Estudo para manifestação do relator,,
CCJ,754691,2026-10-02,,PL 807/2025,2217,Ver. SANSÃO PEREIRA (REPUBLICANOS),PROC-CMSP,2025-09-03T16:42:00,2025-09-04T17:42:00,2025-09-11T21:28:22,Relator(a),Estudo para manifestação do relator,,
CCJ,754692,2026-10-02,,PL 808/2025,2254,Ver. LUNA ZARATTINI (PT),PROC-CMSP,2025-11-06T18:35:00,2025-11-07T14:57:00,2026-03-12T14:12:39,Relator(a),Estudo para manifestação do relator,,
CCJ,754849,2026-10-02,,PL 809/2025,1636,Ver. DR. MILTON FERREIRA (PODE),PROC-CMSP,2025-10-15T17:44:00,2025-10-16T23:44:00,2025-12-02T20:48:35,Secretaria (SGP12),Em Condição de Pauta,,
CCJ,754923,2026-10-02,,PL 815/2025,2277,Ver. JANAINA PASCHOAL (PP),PROC-CMSP,2025-11-06T18:35:00,2025-11-07T14:57:00,2026-03-20T14:13:26,Secretaria (SGP12),Em Condição de Pauta,,
CCJ,755123,2026-10-02,,PL 819/2025,2217,Ver. SANSÃO PEREIRA (REPUBLICANOS),PROC-CMSP,2025-11-06T18:35:00,2025-11-07T14:57:00,2026-09-17T18:34:01,Secretaria (SGP12),Em Condição de Pauta,,
CCJ,755169,2026-10-02,,PL 820/2025,2282,Ver. LUCAS PAVANATO (PL),PROC-CMSP,2025-11-06T18:35:00,2025-11-07T14:57:00,2025-11-26T17:43:42,Relator(a),Estudo para manifestação do relator,,
CCJ,755188,2026-10-02,,PR 66/2025,2218,Ver. THAMMY MIRANDA (PSD),PROC-CMSP,2025-08-13T19:40:00,2025-08-15T14:09:00,2025-10-09T15:37:08,Secretaria (SGP12),Em Condição de Pauta,,
FIN,755189,2026-10-02,,PL 821/2025,2000,Ver. ALESSANDRO GUEDES (PT),EDUC,2026-09-08T16:31:38,2026-09-09T12:03:00,2026-09-30T15:24:58,Consultoria (CTEO.1),Para análise,,
CCJ,755205,2026-10-02,,PR 67/2025,2276,Ver. SILVÃO LEITE (UNIÃO),PROC-CMSP,2025-08-13T19:40:00,2025-08-15T14:09:00,2026-04-13T17:21:37,Secretaria (SGP12),Em Condição de Pauta,,
ECON,755244,2026-10-02,,PL 822/2025,696,Ver. CARLOS BEZERRA JR. (PSD),CCJ,2025-11-10T16:12:28,2025-11-13T10:48:00,2026-03-12T14:07:53,Relator(a),Estudo para manifestação do relator,,
CCJ,755257,2026-10-02,,PL 825/2025,2277,Ver. JANAINA PASCHOAL (PP),PROC-CMSP,2025-09-03T16:42:00,2025-09-04T17:42:00,2026-09-14T11:55:21,Secretaria (SGP12),Aguardando Informações do Executivo,,
EDUC,755258,2026-10-02,,PL 826/2025,1349,Ver. SENIVAL MOURA (PT),CCJ,2026-05-14T17:39:02,2026-05-21T14:34:00,2026-09-16T11:58:38,Relator(a),Estudo para manifestação do relator,,
FIN,755259,2026-10-02,2026-10-04,PL 827/2025,2271,Ver. ANA CAROLINA OLIVEIRA (PODE),SAUDE,2026-04-23T11:39:04,2026-04-23T16:04:00,2026-10-01T11:34:20,Secretaria (SGP12),Em Condição de Pauta,,
FIN,755259,2026-10-05,,PL 827/2025,2271,Ver. ANA CAROLINA OLIVEIRA (PODE),SAUDE,2026-04-23T11:39:04,2026-04-23T16:04:00,2026-10-05T19:13:49,Secretaria (SGP12),Em Condição de Pauta,,
FIN,755299,2026-10-02,,PR 68/2025,2278,Ver. KEIT LIMA (PSOL),ADM,2025-11-28T07:45:47,2025-11-28T18:17:00,2026-03-18T15:03:25,Relator(a),Assinar Relatório,,
CCJ,755307,2026-10-02,,PL 830/2025,2277,Ver. JANAINA PASCHOAL (PP),PROC-CMSP,2025-11-06T18:35:00,2025-11-07T14:57:00,2025-12-03T14:00:00,Secretaria (SGP12),Deliberado,APROVADO,
CCJ,755312,2026-10-02,,PL 831/2025,2276,Ver. SILVÃO LEITE (UNIÃO),PROC-CMSP,2025-11-06T18:35:00,2025-11-07T14:57:00,2026-03-11T16:15:04,Relator(a),Estudo para manifestação do relator,,
CCJ,755319,2026-10-02,,PL 832/2025,1636,Ver. DR. MILTON FERREIRA (PODE),PROC-CMSP,2025-11-13T11:13:00,2025-11-13T18:03:00,2026-06-01T13:50:49,Relator(a),Estudo para manifestação do relator,,
CCJ,755320,2026-10-02,,PL 833/2025,1636,Ver. DR. MILTON FERREIRA (PODE),PROC-CMSP,2025-11-13T11:13:00,2025-11-13T18:03:00,2026-08-27T20:40:39,Secretaria (SGP12),Em Condição de Pauta,,
SAUDE,755322,2026-10-02,,PL 835/2025,2256,Ver. HÉLIO RODRIGUES (PT),ADM,2026-05-07T15:43:38,2026-05-08T14:09:00,2026-06-30T17:27:44,Relator(a),Assinar Relatório,,
CCJ,755331,2026-10-02,,PL 837/2025,2282,Ver. LUCAS PAVANATO (PL),PROC-CMSP,2025-10-24T12:09:00,2025-10-28T13:54:00,2026-05-12T10:38:15,Relator(a),Assinar Relatório,,
URB,755332,2026-10-02,,PL 838/2025,2273,Ver. DR. MURILLO LIMA (PP),CCJ,2026-05-04T16:32:39,2026-05-05T11:30:00,2026-05-13T13:59:11,Relator(a),Estudo para manifestação do relator,,
CCJ,755344,2026-10-02,,PL 840/2025,2282,Ver. LUCAS PAVANATO (PL),PROC-CMSP,2025-10-24T12:09:00,2025-10-28T13:54:00,2025-11-05T12:32:47,Relator(a),Estudo para manifestação do relator,,
CCJ,755345,2026-10-02,,PL 841/2025,2282,Ver. LUCAS PAVANATO (PL),PROC-CMSP,2025-10-24T12:09:00,2025-10-28T13:54:00,2025-11-05T17:17:39,Relator(a),Estudo para manifestação do relator,,
CCJ,755346,2026-10-02,,PL 842/2025,2282,Ver. LUCAS PAVANATO (PL),PROC-CMSP,2025-10-24T12:09:00,2025-10-28T13:54:00,2025-11-14T15:58:32,Relator(a),Estudo para manifestação do relator,,
EDUC,755500,2026-10-02,,PL 845/2025,2222,Ver. CRIS MONTEIRO (NOVO),CCJ,2026-06-22T13:41:54,2026-06-29T10:15:00,2026-09-16T14:20:51,Relator(a),Estudo para manifestação do relator,,
CCJ,755508,2026-10-02,,PL 846/2025,2254,Ver. LUNA ZARATTINI (PT),PROC-CMSP,2025-09-03T16:42:00,2025-09-04T17:42:00,2026-03-12T14:12:36,Relator(a),Estudo para manifestação do relator,,
CCJ,755523,2026-10-02,,PL 848/2025,2276,Ver. SILVÃO LEITE (UNIÃO),PROC-CMSP,2025-11-13T11:13:00,2025-11-13T18:03:00,2026-03-17T16:27:28,Relator(a),Estudo para manifestação do relator,,
CCJ,755526,2026-10-02,,PL 850/2025,2282,Ver. LUCAS PAVANATO (PL),PROC-CMSP,2025-09-17T21:12:00,2025-09-19T19:08:00,2025-10-13T14:17:16,Relator(a),Estudo para manifestação do relator,,
CCJ,755527,2026-10-02,,PL 851/2025,2282,Ver. LUCAS PAVANATO (PL),PROC-CMSP,2025-09-17T21:12:00,2025-09-19T19:08:00,2025-10-09T15:32:17,Relator(a),Estudo para manifestação do relator,,
CCJ,755529,2026-10-02,,PL 852/2025,2218,Ver. THAMMY MIRANDA (PSD),PROC-CMSP,2025-11-13T11:13:00,2025-11-13T18:03:00,2026-03-16T16:56:27,Secretaria (SGP12),Em Condição de Pauta,,
CCJ,755531,2026-10-02,,PL 853/2025,2277,Ver. JANAINA PASCHOAL (PP),PROC-CMSP,2025-11-13T11:13:00,2025-11-13T18:03:00,2025-11-26T18:36:04,Secretaria (SGP12),Em Condição de Pauta,,
CCJ,755536,2026-10-02,,PL 855/2025,2217,Ver. SANSÃO PEREIRA (REPUBLICANOS),PROC-CMSP,2025-09-03T16:42:00,2025-09-04T17:42:00,2025-10-09T15:54:43,Secretaria (SGP12),Em Condição de Pauta,,
CCJ,755556,2026-10-02,,PL 856/2025,2217,Ver. SANSÃO PEREIRA (REPUBLICANOS),PROC-CMSP,2025-10-15T17:44:00,2025-10-16T23:44:00,2025-11-18T18:06:33,Secretaria (SGP12),Em Condição de Pauta,,
CCJ,755566,2026-10-02,,PL 858/2025,1636,Ver. DR. MILTON FERREIRA (PODE),PROC-CMSP,2025-11-13T11:13:00,2025-11-13T18:03:00,2025-12-01T17:03:49,Relator(a),Estudo para manifestação do relator,,
FIN,755578,2026-10-02,,PL 859/2025,,,SAUDE,2026-09-21T10:32:00,2026-09-25T15:00:00,2026-09-25T15:00:00,Presidente da Comissão,Designar Relator,,
CCJ,755579,2026-10-02,,PL 860/2025,1636,Ver. DR. MILTON FERREIRA (PODE),PROC-CMSP,2025-11-27T18:45:00,2025-12-02T11:10:00,2025-12-16T11:15:54,Relator(a),Estudo para manifestação do relator,,
CCJ,755580,2026-10-02,,PL 861/2025,1636,Ver. DR. MILTON FERREIRA (PODE),PROC-CMSP,2025-10-24T12:09:00,2025-10-28T13:54:00,2025-11-24T14:19:26,Relator(a),Estudo para manifestação do relator,,
CCJ,755586,2026-10-02,,PL 862/2025,2282,Ver. LUCAS PAVANATO (PL),PROC-CMSP,2025-10-15T17:44:00,2025-10-16T23:44:00,2025-10-23T17:22:51,Relator(a),Estudo para manifestação do relator,,
FIN,755587,2026-10-02,,PL 863/2025,,,SAUDE,2026-09-08T09:25:16,2026-09-09T11:57:00,2026-09-09T11:57:00,Presidente da Comissão,Designar Relator,,
CCJ,755588,2026-10-02,,PL 864/2025,2282,Ver. LUCAS PAVANATO (PL),PROC-CMSP,2025-10-24T12:09:00,2025-10-28T13:54:00,2025-11-24T15:13:35,Relator(a),Estudo para manifestação do relator,,
FIN,755621,2026-10-02,,PL 867/2025,2278,Ver. KEIT LIMA (PSOL),ECON,2026-06-03T12:33:33,2026-06-03T16:17:00,2026-08-06T16:36:42,Relator(a),Estudo para manifestação do relator,,
URB,755622,2026-10-02,,PL 868/2025,,,CCJ,2026-08-06T15:11:57,2026-08-07T18:38:00,2026-08-07T18:38:00,Presidente da Comissão,Designar Relator,,
CCJ,755623,2026-10-02,,PL 869/2025,1636,Ver. DR. MILTON FERREIRA (PODE),PROC-CMSP,2025-11-27T18:45:00,2025-12-02T11:10:00,2026-03-11T16:30:40,Relator(a),Estudo para manifestação do relator,,
CCJ,755624,2026-10-02,,PL 870/2025,1636,Ver. DR. MILTON FERREIRA (PODE),PROC-CMSP,2025-11-27T18:45:00,2025-12-02T11:10:00,2026-03-11T16:30:42,Relator(a),Estudo para manifestação do relator,,
CCJ,755674,2026-10-02,,PL 871/2025,2206,Ver. SILVIA DA BANCADA FEMINISTA (PSOL),PROC-CMSP,2025-09-03T16:42:00,2025-09-04T17:42:00,2025-10-02T15:59:48,Relator(a),Estudo para manifestação do relator,,
SAUDE,755684,2026-10-02,,PL 873/2025,1635,Ver. DRA. SANDRA TADEU (PL),CCJ,2025-11-10T15:30:04,2025-11-18T11:31:00,2026-03-11T12:19:10,Relator(a),Estudo para manifestação do relator,,
CCJ,755696,2026-10-02,,PL 874/2025,2276,Ver. SILVÃO LEITE (UNIÃO),PROC-CMSP,2025-09-03T16:42:00,2025-09-04T17:42:00,2025-09-19T15:35:52,Relator(a),Estudo para manifestação do relator,,
FIN,755793,2026-10-02,,PR 69/2025,,,ADM,2026-08-14T16:58:19,2026-08-17T16:19:00,2026-08-17T16:19:00,Presidente da Comissão,Designar Relator,,
EDUC,755917,2026-10-02,,PL 877/2025,,,CCJ,2025-09-22T11:37:04,2025-09-22T15:58:00,2025-09-22T15:58:00,Presidente da Comissão,Designar Relator,,
SAUDE,755967,2026-10-02,,PL 876/2025,2228,Ver. RENATA FALZONI (PSB),SGP12,2026-03-23T19:29:00,2026-03-24T17:43:00,2026-08-06T12:08:11,Secretaria (SGP12),Aguardando Audiência Pública,Aprovados em Congresso de Comissões.,
CCJ,755968,2026-10-02,,PDL 60/2025,1636,Ver. DR. MILTON FERREIRA (PODE),PROC-CMSP,2025-08-13T19:40:00,2025-08-15T14:09:00,2026-04-29T17:44:49,Relator(a),Estudo para manifestação do relator,,
CCJ,755979,2026-10-02,,PL 878/2025,2217,Ver. SANSÃO PEREIRA (REPUBLICANOS),PROC-CMSP,2025-09-03T16:42:00,2025-09-04T17:42:00,2025-09-29T18:24:48,Secretaria (SGP12),Em Condição de Pauta,,
CCJ,756146,2026-10-02,,PL 879/2025,2276,Ver. SILVÃO LEITE (UNIÃO),PROC-CMSP,2025-10-03T09:53:00,2025-10-08T16:47:00,2025-10-17T15:38:05,Relator(a),Estudo para manifestação do relator,,
CCJ,756147,2026-10-02,,PL 880/2025,2282,Ver. LUCAS PAVANATO (PL),PROC-CMSP,2025-10-15T17:44:00,2025-10-16T23:44:00,2025-10-23T15:49:09,Relator(a),Estudo para manifestação do relator,,
ADM,756192,2026-10-02,,PL 882/2025,,,CCJ,2026-06-22T13:41:53,2026-07-08T17:38:00,2026-07-08T17:38:00,Presidente da Comissão,Designar Relator,,
CCJ,756205,2026-10-02,,PL 883/2025,2276,Ver. SILVÃO LEITE (UNIÃO),PROC-CMSP,2025-09-03T16:42:00,2025-09-04T17:42:00,2025-09-24T15:31:28,Relator(a),Estudo para manifestação do relator,,
CCJ,756210,2026-10-02,,PL 884/2025,2217,Ver. SANSÃO PEREIRA (REPUBLICANOS),PROC-CMSP,2025-09-02T18:37:00,2025-09-04T17:42:00,2026-04-07T12:03:34,Relator(a),Estudo para manifestação do relator,,
CCJ,756211,2026-10-02,,PL 885/2025,2282,Ver. LUCAS PAVANATO (PL),PROC-CMSP,2025-09-03T16:42:00,2025-09-04T17:42:00,2025-11-03T14:07:02,Relator(a),Assinar Relatório,,
CCJ,756212,2026-10-02,,PL 886/2025,2206,Ver. SILVIA DA BANCADA FEMINISTA (PSOL),PROC-CMSP,2025-10-03T09:53:00,2025-10-08T16:47:00,2025-10-21T18:32:05,Relator(a),Estudo para manifestação do relator,,
CCJ,756274,2026-10-02,,PL 887/2025,2206,Ver. SILVIA DA BANCADA FEMINISTA (PSOL),PROC-CMSP,2025-09-03T16:42:00,2025-09-04T17:42:00,2025-09-16T17:34:52,Relator(a),Estudo para manifestação do relator,,
CCJ,756279,2026-10-02,2026-10-06,PL 889/2025,2276,Ver. SILVÃO LEITE (UNIÃO),SGP21,2026-05-28T18:06:00,2026-05-28T18:39:00,2026-06-01T13:50:49,Procuradoria,Para análise e envio ao(à) relator(a),,
CCJ,756279,2026-10-07,,PL 889/2025,2276,Ver. SILVÃO LEITE (UNIÃO),SGP21,2026-05-28T18:06:00,2026-05-28T18:39:00,2026-10-07T16:34:42,Relator(a),Estudo para manifestação do relator,,
CCJ,756304,2026-10-02,,PL 890/2025,2218,Ver. THAMMY MIRANDA (PSD),PROC-CMSP,2025-11-27T18:45:00,2025-12-02T11:10:00,2025-12-10T13:10:28,Relator(a),Estudo para manifestação do relator,,
CCJ,756308,2026-10-02,,PL 891/2025,1636,Ver. DR. MILTON FERREIRA (PODE),PROC-CMSP,2025-09-03T16:42:00,2025-09-04T17:42:00,2025-10-01T16:02:16,Relator(a),Estudo para manifestação do relator,,
CCJ,756309,2026-10-02,,PL 892/2025,2217,Ver. SANSÃO PEREIRA (REPUBLICANOS),PROC-CMSP,2025-09-17T21:12:00,2025-09-19T19:08:00,2026-05-13T20:01:02,Relator(a),Assinar Relatório,,
FIN,756392,2026-10-02,,PL 894/2025,2146,Ver. GILBERTO NASCIMENTO (PL),EDUC,2026-04-10T14:58:34,2026-04-13T14:58:00,2026-09-02T14:52:27,Relator(a),Assinar Relatório,,
CCJ,756393,2026-10-02,,PL 895/2025,1636,Ver. DR. MILTON FERREIRA (PODE),PROC-CMSP,2025-11-27T18:45:00,2025-12-02T11:10:00,2025-12-05T15:55:12,Relator(a),Estudo para manifestação do relator,,
CCJ,756471,2026-10-02,,PL 896/2025,2282,Ver. LUCAS PAVANATO (PL),PROC-CMSP,2025-09-03T16:42:00,2025-09-04T17:42:00,2025-09-24T15:31:30,Relator(a),Estudo para manifestação do relator,,
EDUC,756535,2026-10-02,,PL 898/2025,2185,Ver. CELSO GIANNAZI (PSOL),ADM,2025-11-07T13:52:02,2025-11-10T13:01:00,2026-09-11T11:44:31,Relator(a),Estudo para manifestação do relator,,
CCJ,756536,2026-10-02,,PL 899/2025,2254,Ver. LUNA ZARATTINI (PT),PROC-CMSP,2025-11-27T18:45:00,2025-12-02T11:10:00,2026-03-13T17:03:43,Relator(a),Estudo para manifestação do relator,,
CCJ,756537,2026-10-02,,PL 900/2025,1636,Ver. DR. MILTON FERREIRA (PODE),PROC-CMSP,2025-11-27T18:45:00,2025-12-02T11:10:00,2025-12-10T13:10:29,Relator(a),Estudo para manifestação do relator,,
FIN,756538,2026-10-02,,PL 901/2025,2146,Ver. GILBERTO NASCIMENTO (PL),EDUC,2025-12-18T11:27:04,2025-12-19T13:17:00,2026-09-02T17:49:35,Relator(a),Assinar Relatório,,
CCJ,756560,2026-10-02,,PL 902/2025,2217,Ver. SANSÃO PEREIRA (REPUBLICANOS),PROC-CMSP,2025-09-03T16:42:00,2025-09-04T17:42:00,2026-09-16T14:00:00,Secretaria (SGP12),Deliberado,APROVADO,
CCJ,756562,2026-10-02,,PL 904/2025,1636,Ver. DR. MILTON FERREIRA (PODE),PROC-CMSP,2025-11-27T18:45:00,2025-12-02T11:10:00,2026-04-07T14:20:24,Secretaria (SGP12),Em Condição de Pauta,,
CCJ,756563,2026-10-02,,PL 905/2025,1636,Ver. DR. MILTON FERREIRA (PODE),PROC-CMSP,2025-09-03T16:42:00,2025-09-04T17:42:00,2025-09-24T15:31:31,Relator(a),Estudo para manifestação do relator,,
URB,756574,2026-10-02,,PL 906/2025,2273,Ver. DR. MURILLO LIMA (PP),CCJ,2025-10-20T15:59:36,2025-10-22T17:18:00,2026-09-17T15:41:27,Relator(a),Estudo para manifestação do relator,,
CCJ,756607,2026-10-02,,PL 908/2025,1636,Ver. DR. MILTON FERREIRA (PODE),PROC-CMSP,2025-11-27T18:45:00,2025-12-02T11:10:00,2025-12-17T17:53:24,Relator(a),Estudo para manifestação do relator,,
FIN,756624,2026-10-02,,PL 909/2025,2000,Ver. ALESSANDRO GUEDES (PT),SAUDE,2026-08-25T14:38:18,2026-08-26T16:31:00,2026-09-30T13:04:41,Consultoria,Para análise,,
CCJ,756652,2026-10-02,,PL 911/2025,2206,Ver. SILVIA DA BANCADA FEMINISTA (PSOL),PROC-CMSP,2025-09-17T21:12:00,2025-09-19T19:08:00,2025-10-13T14:17:18,Relator(a),Estudo para manifestação do relator,,
CCJ,756679,2026-10-02,,PL 912/2025,1636,Ver. DR. MILTON FERREIRA (PODE),PROC-CMSP,2025-09-17T21:12:00,2025-09-19T19:08:00,2025-10-08T17:20:55,Secretaria (SGP12),Em Condição de Pauta,,
CCJ,756681,2026-10-02,,PL 913/2025,1636,Ver. DR. MILTON FERREIRA (PODE),PROC-CMSP,2025-10-15T17:44:00,2025-10-16T23:44:00,2025-11-26T17:43:43,Relator(a),Estudo para manifestação do relator,,
EDUC,756692,2026-10-02,,PL 914/2025,1989,Ver. GEORGE HATO (MDB),CCJ,2025-10-20T16:01:38,2025-10-22T16:39:00,2025-12-02T18:16:19,Relator(a),Estudo para manifestação do relator,,
ADM,756701,2026-10-02,,PR 70/2025,2274,Ver. SARGENTO NANTES (PP),CCJ,2025-10-20T16:01:36,2025-11-04T15:12:00,2026-05-19T16:14:17,Relator(a),Estudo para manifestação do relator,,
CCJ,756713,2026-10-02,,PL 917/2025,2277,Ver. JANAINA PASCHOAL (PP),PROC-CMSP,2025-11-27T18:45:00,2025-12-02T11:10:00,2026-06-17T18:07:14,Secretaria (SGP12),Adiado,,
ADM,756733,2026-10-02,,PR 71/2025,2274,Ver. SARGENTO NANTES (PP),CCJ,2025-11-14T18:23:53,2025-11-19T15:18:00,2026-05-06T18:50:57,Relator(a),Estudo para manifestação do relator,,
EDUC,756765,2026-10-02,,PL 918/2025,2222,Ver. CRIS MONTEIRO (NOVO),ADM,2026-05-07T15:43:48,2026-05-11T11:43:00,2026-09-11T11:43:17,Relator(a),Estudo para manifestação do relator,,
CCJ,756766,2026-10-02,,PL 919/2025,2282,Ver. LUCAS PAVANATO (PL),PROC-CMSP,2025-09-17T21:12:00,2025-09-19T19:08:00,2025-12-04T18:52:16,Relator(a),Assinar Relatório,,
CCJ,756777,2026-10-02,,PL 922/2025,2276,Ver. SILVÃO LEITE (UNIÃO),PROC-CMSP,2025-09-17T21:12:00,2025-09-19T19:08:00,2025-10-06T15:31:53,Relator(a),Estudo para manifestação do relator,,
CCJ,756783,2026-10-02,,PL 923/2025,2218,Ver. THAMMY MIRANDA (PSD),PROC-CMSP,2025-09-17T21:12:00,2025-09-19T19:08:00,2025-11-10T13:47:00,Secretaria (SGP12),Adiado,,
CCJ,756839,2026-10-02,,PL 924/2025,2282,Ver. LUCAS PAVANATO (PL),PROC-CMSP,2025-09-17T21:12:00,2025-09-19T19:08:00,2025-10-13T14:17:19,Relator(a),Estudo para manifestação do relator,,
CCJ,756840,2026-10-02,,PL 925/2025,2282,Ver. LUCAS PAVANATO (PL),PROC-CMSP,2025-10-24T12:09:00,2025-10-28T13:54:00,2025-11-12T19:28:25,Relator(a),Estudo para manifestação do relator,,
EDUC,756890,2026-10-02,,PL 926/2025,2292,Ver. GUILHERME CORRÊA (UNIÃO),URB,2026-05-15T12:52:29,2026-05-21T14:34:00,2026-09-18T16:15:13,Relator(a),Estudo para manifestação do relator,,
CCJ,756892,2026-10-02,,PL 927/2025,2206,Ver. SILVIA DA BANCADA FEMINISTA (PSOL),PROC-CMSP,2025-12-04T16:42:00,2025-12-04T17:03:00,2025-12-15T15:20:15,Relator(a),Estudo para manifestação do relator,,
CCJ,757071,2026-10-02,,PL 929/2025,2254,Ver. LUNA ZARATTINI (PT),SGP21,2026-09-24T16:41:00,2026-09-24T19:43:00,2026-09-30T16:08:20,Relator(a),Estudo para manifestação do relator,,
URB,757072,2026-10-02,,PL 930/2025,,,CCJ,2026-08-13T18:05:37,2026-08-19T18:31:00,2026-08-19T18:31:00,Presidente da Comissão,Designar Relator,,
CCJ,757196,2026-10-02,,PL 931/2025,2276,Ver. SILVÃO LEITE (UNIÃO),PROC-CMSP,2025-12-04T16:42:00,2025-12-04T17:03:00,2026-04-01T14:50:03,Relator(a),Estudo para manifestação do relator,,
CCJ,757198,2026-10-02,,PDL 63/2025,1636,Ver. DR. MILTON FERREIRA (PODE),PROC-CMSP,2025-08-25T12:02:00,2025-08-26T10:56:00,2025-09-19T15:35:39,Relator(a),Estudo para manifestação do relator,,
EDUC,757252,2026-10-02,,PL 933/2025,2222,Ver. CRIS MONTEIRO (NOVO),ADM,2025-11-28T08:01:24,2025-12-01T11:34:00,2026-06-19T13:16:47,Relator(a),Estudo para manifestação do relator,,
CCJ,757253,2026-10-02,,PL 934/2025,1636,Ver. DR. MILTON FERREIRA (PODE),PROC-CMSP,2025-12-04T16:42:00,2025-12-04T17:03:00,2025-12-10T13:10:31,Relator(a),Estudo para manifestação do relator,,
EDUC,757263,2026-10-02,,PL 935/2025,1989,Ver. GEORGE HATO (MDB),CCJ,2025-10-20T16:01:40,2025-10-22T16:39:00,2026-09-02T14:00:00,Secretaria (SGP12),Pendente de Votação,PENDENTE DE VOTAÇÃO,
CCJ,757543,2026-10-02,,PL 936/2025,1636,Ver. DR. MILTON FERREIRA (PODE),PROC-CMSP,2025-09-17T21:12:00,2025-09-19T19:08:00,2025-10-07T14:26:49,Relator(a),Estudo para manifestação do relator,,
EDUC,757564,2026-10-02,,PL 937/2025,2292,Ver. GUILHERME CORRÊA (UNIÃO),URB,2026-08-14T15:50:09,2026-08-25T11:14:00,2026-09-17T13:40:05,Relator(a),Estudo para manifestação do relator,,
CCJ,757671,2026-10-02,,PL 938/2025,2217,Ver. SANSÃO PEREIRA (REPUBLICANOS),PROC-CMSP,2025-12-04T16:42:00,2025-12-04T17:03:00,2026-04-28T16:19:48,Secretaria (SGP12),Em Condição de Pauta,,
CCJ,757672,2026-10-02,,PL 939/2025,2217,Ver. SANSÃO PEREIRA (REPUBLICANOS),PROC-CMSP,2025-12-04T16:42:00,2025-12-04T17:03:00,2026-03-10T16:44:06,Relator(a),Estudo para manifestação do relator,,
FIN,757700,2026-10-02,2026-10-07,PL 940/2025,2221,Ver. ELI CORRÊA (UNIÃO),EDUC,2026-06-19T14:02:03,2026-06-22T15:50:00,2026-09-02T11:48:04,Consultoria (CTEO.1),Para análise,,
FIN,757700,2026-10-08,,PL 940/2025,2221,Ver. ELI CORRÊA (UNIÃO),EDUC,2026-06-19T14:02:03,2026-06-22T15:50:00,2026-10-08T15:28:51,Relator(a),Estudo para manifestação do relator,,
CCJ,757882,2026-10-02,,PL 941/2025,2218,Ver. THAMMY MIRANDA (PSD),PROC-CMSP,2025-09-17T21:12:00,2025-09-19T19:08:00,2026-06-17T18:10:18,Secretaria (SGP12),Adiado,,
EDUC,757903,2026-10-02,,PL 942/2025,2222,Ver. CRIS MONTEIRO (NOVO),CCJ,2025-10-28T15:59:53,2025-10-29T17:53:00,2025-12-03T12:14:11,Relator(a),Estudo para manifestação do relator,,
FIN,758016,2026-10-02,,PL 945/2025,2278,Ver. KEIT LIMA (PSOL),EDUC,2026-04-22T10:35:00,2026-04-23T16:04:00,2026-08-20T17:46:58,Relator(a),Estudo para manifestação do relator,,
CCJ,758039,2026-10-02,,PL 946/2025,2218,Ver. THAMMY MIRANDA (PSD),PROC-CMSP,2025-12-04T16:42:00,2025-12-04T17:03:00,2026-03-12T17:47:12,Secretaria (SGP12),Em Condição de Pauta,,
CCJ,758041,2026-10-02,,PR 73/2025,2218,Ver. THAMMY MIRANDA (PSD),PROC-CMSP,2025-09-03T16:42:00,2025-09-04T17:42:00,2025-10-09T15:34:51,Secretaria (SGP12),Em Condição de Pauta,,
CCJ,758072,2026-10-02,,PL 947/2025,2254,Ver. LUNA ZARATTINI (PT),PROC-CMSP,2025-09-17T21:12:00,2025-09-19T19:08:00,2026-09-24T18:08:42,Secretaria (SGP12),Em Condição de Pauta,,
URB,758077,2026-10-02,,PL 948/2025,2209,Ver. DANILO DO POSTO DE SAÚDE (PODE),CCJ,2026-04-17T17:40:26,2026-04-22T11:56:00,2026-09-09T15:39:04,Secretaria (SGP12),Em Condição de Pauta,,
EDUC,758102,2026-10-02,,PL 949/2025,1349,Ver. SENIVAL MOURA (PT),CCJ,2025-12-02T11:50:37,2025-12-02T12:16:00,2026-09-16T12:07:24,Relator(a),Estudo para manifestação do relator,,
CCJ,758225,2026-10-02,,PL 951/2025,1636,Ver. DR. MILTON FERREIRA (PODE),PROC-CMSP,2025-12-04T16:42:00,2025-12-04T17:03:00,2025-12-11T18:35:10,Relator(a),Estudo para manifestação do relator,,
CCJ,758235,2026-10-02,,PL 952/2025,2277,Ver. JANAINA PASCHOAL (PP),PROC-CMSP,2025-12-04T16:42:00,2025-12-04T17:03:00,2025-12-18T14:03:13,Secretaria (SGP12),Em Condição de Pauta,,
CCJ,758247,2026-10-02,,PL 953/2025,2282,Ver. LUCAS PAVANATO (PL),PROC-CMSP,2025-09-17T21:12:00,2025-09-19T19:08:00,2026-04-07T16:23:23,Secretaria (SGP12),Em Condição de Pauta,,
EDUC,758248,2026-10-02,,PL 954/2025,2222,Ver. CRIS MONTEIRO (NOVO),ADM,2025-12-01T11:49:28,2025-12-02T12:16:00,2026-06-16T17:38:24,Relator(a),Estudo para manifestação do relator,,
CCJ,758249,2026-10-02,,PL 955/2025,2217,Ver. SANSÃO PEREIRA (REPUBLICANOS),PROC-CMSP,2025-12-04T16:42:00,2025-12-04T17:03:00,2026-05-14T15:43:02,Relator(a),Estudo para manifestação do relator,,
CCJ,758251,2026-10-02,,PL 956/2025,1636,Ver. DR. MILTON FERREIRA (PODE),PROC-CMSP,2025-12-04T16:42:00,2025-12-04T17:03:00,2026-03-11T16:14:55,Relator(a),Estudo para manifestação do relator,,
ECON,758253,2026-10-02,,RSC 3/2025,267,Ver. PAULO FRANGE (MDB),SGP22,2025-08-27T17:39:00,,,,,,
CCJ,758259,2026-10-02,,PL 957/2025,2218,Ver. THAMMY MIRANDA (PSD),PROC-CMSP,2025-12-04T16:42:00,2025-12-04T17:03:00,2026-03-12T17:44:10,Secretaria (SGP12),Em Condição de Pauta,,
CCJ,758338,2026-10-02,,PL 958/2025,1636,Ver. DR. MILTON FERREIRA (PODE),PROC-CMSP,2025-09-17T21:12:00,2025-09-19T19:08:00,2026-05-13T18:37:23,Secretaria (SGP12),Em Condição de Pauta,,
CCJ,758340,2026-10-02,,PL 959/2025,1636,Ver. DR. MILTON FERREIRA (PODE),PROC-CMSP,2025-09-17T21:12:00,2025-09-19T19:08:00,2025-10-09T15:32:18,Relator(a),Estudo para manifestação do relator,,
CCJ,758386,2026-10-02,,PL 960/2025,2276,Ver. SILVÃO LEITE (UNIÃO),PROC-CMSP,2025-12-04T16:42:00,2025-12-04T17:03:00,2025-12-10T13:10:33,Relator(a),Estudo para manifestação do relator,,
CCJ,758403,2026-10-02,,PL 961/2025,2206,Ver. SILVIA DA BANCADA FEMINISTA (PSOL),PROC-CMSP,2025-09-17T21:12:00,2025-09-19T19:08:00,2026-05-12T17:09:27,Relator(a),Estudo para manifestação do relator,,
CCJ,758489,2026-10-02,,PR 74/2025,2217,Ver. SANSÃO PEREIRA (REPUBLICANOS),PROC-CMSP,2025-08-25T14:32:00,2025-08-26T10:56:00,2025-11-11T19:37:37,Secretaria (SGP12),Em Condição de Pauta,,
CCJ,758565,2026-10-02,,PDL 70/2025,2206,Ver. SILVIA DA BANCADA FEMINISTA (PSOL),PROC-CMSP,2025-08-25T12:02:00,2025-08-26T10:56:00,2025-09-01T16:58:52,Relator(a),Estudo para manifestação do relator,,
CCJ,758612,2026-10-02,,PL 964/2025,2276,Ver. SILVÃO LEITE (UNIÃO),PROC-CMSP,2025-09-17T21:12:00,2025-09-19T19:08:00,2026-04-13T18:12:18,Secretaria (SGP12),Em Condição de Pauta,,
CCJ,758646,2026-10-02,,PL 965/2025,2254,Ver. LUNA ZARATTINI (PT),PROC-CMSP,2025-12-04T16:42:00,2025-12-04T17:03:00,2026-03-11T18:16:33,Relator(a),Assinar Pedido de Informação ao Executivo,,
CCJ,758740,2026-10-02,,PL 967/2025,1636,Ver. DR. MILTON FERREIRA (PODE),PROC-CMSP,2025-09-17T21:12:00,2025-09-19T19:08:00,2026-03-18T16:56:24,Secretaria (SGP12),Adiado,,
CCJ,758743,2026-10-02,,PL 968/2025,1636,Ver. DR. MILTON FERREIRA (PODE),PROC-CMSP,2026-03-13T16:00:00,2026-03-13T16:58:00,2026-08-27T20:44:00,Secretaria (SGP12),Em Condição de Pauta,,
CCJ,758747,2026-10-02,,PDL 76/2025,2277,Ver. JANAINA PASCHOAL (PP),PROC-CMSP,2025-09-02T11:11:00,2025-09-02T11:18:00,2025-09-08T12:42:02,Secretaria (SGP12),Em Condição de Pauta,,
CCJ,758841,2026-10-02,,PL 969/2025,2206,Ver. SILVIA DA BANCADA FEMINISTA (PSOL),PROC-CMSP,2025-09-17T21:12:00,2025-09-19T19:08:00,2025-10-09T15:32:20,Relator(a),Estudo para manifestação do relator,,
CCJ,758842,2026-10-02,,PL 970/2025,2254,Ver. LUNA ZARATTINI (PT),PROC-CMSP,2026-03-06T15:10:00,2026-03-06T18:46:00,2026-07-14T13:21:39,Relator(a),Estudo para manifestação do relator,,
CCJ,758843,2026-10-02,,PL 971/2025,2206,Ver. SILVIA DA BANCADA FEMINISTA (PSOL),PROC-CMSP,2025-09-17T21:12:00,2025-09-19T19:08:00,2026-09-09T18:26:39,Secretaria (SGP12),Aguardando Informações do Executivo,,
CCJ,758844,2026-10-02,,PL 972/2025,2277,Ver. JANAINA PASCHOAL (PP),PROC-CMSP,2026-03-06T15:10:00,2026-03-06T18:46:00,2026-09-04T16:00:43,Secretaria (SGP12),Em Condição de Pauta,,
CCJ,758870,2026-10-02,,PL 973/2025,2282,Ver. LUCAS PAVANATO (PL),PROC-CMSP,2025-09-17T21:12:00,2025-09-19T19:08:00,2025-10-06T17:48:01,Relator(a),Assinar Pedido de Informação ao Executivo,,
CCJ,758883,2026-10-02,,PL 974/2025,1636,Ver. DR. MILTON FERREIRA (PODE),PROC-CMSP,2026-03-06T15:10:00,2026-03-06T18:46:00,2026-07-13T21:19:22,Relator(a),Estudo para manifestação do relator,,
CCJ,758943,2026-10-02,,PL 975/2025,2276,Ver. SILVÃO LEITE (UNIÃO),PROC-CMSP,2026-03-06T15:10:00,2026-03-06T18:46:00,2026-06-12T21:48:27,Relator(a),Estudo para manifestação do relator,,
CCJ,758944,2026-10-02,,PL 976/2025,2218,Ver. THAMMY MIRANDA (PSD),PROC-CMSP,2025-09-17T21:12:00,2025-09-19T19:08:00,2025-10-13T17:52:00,Secretaria (SGP12),Em Condição de Pauta,,
FIN,758966,2026-10-02,2026-10-04,PL 977/2025,2246,Ver. MAJOR PALUMBO (PP),EDUC,2026-05-21T14:28:44,2026-05-21T17:59:00,2026-09-29T12:18:50,Secretaria (SGP12),Em Condição de Pauta,,
FIN,758966,2026-10-05,,PL 977/2025,2246,Ver. MAJOR PALUMBO (PP),EDUC,2026-05-21T14:28:44,2026-05-21T17:59:00,2026-10-05T19:17:57,Secretaria (SGP12),Em Condição de Pauta,,
CCJ,759012,2026-10-02,,PL 981/2025,2282,Ver. LUCAS PAVANATO (PL),PROC-CMSP,2025-09-03T16:42:00,2025-09-04T17:42:00,2025-09-10T12:31:18,Relator(a),Assinar Pedido de Informação ao Executivo,,
CCJ,759014,2026-10-02,,PL 982/2025,2254,Ver. LUNA ZARATTINI (PT),PROC-CMSP,2025-09-01T15:02:00,2025-09-02T10:30:00,2026-03-11T16:14:33,Relator(a),Estudo para manifestação do relator,,
CCJ,759140,2026-10-02,,PL 983/2025,2276,Ver. SILVÃO LEITE (UNIÃO),PROC-CMSP,2025-09-17T21:12:00,2025-09-19T19:08:00,2025-12-19T14:33:29,Secretaria (SGP12),Em Condição de Pauta,,
CCJ,759147,2026-10-02,,PL 984/2025,2217,Ver. SANSÃO PEREIRA (REPUBLICANOS),PROC-CMSP,2026-03-06T15:10:00,2026-03-06T18:46:00,2026-07-13T21:19:23,Relator(a),Estudo para manifestação do relator,,
CCJ,759481,2026-10-02,,PL 986/2025,2206,Ver. SILVIA DA BANCADA FEMINISTA (PSOL),PROC-CMSP,2026-03-06T15:10:00,2026-03-09T15:00:00,2026-08-04T14:00:17,Relator(a),Estudo para manifestação do relator,,
CCJ,759482,2026-10-02,,PL 987/2025,2282,Ver. LUCAS PAVANATO (PL),PROC-CMSP,2026-03-06T15:10:00,2026-03-09T14:58:00,2026-07-15T16:32:32,Relator(a),Estudo para manifestação do relator,,
CCJ,759584,2026-10-02,,PL 988/2025,1636,Ver. DR. MILTON FERREIRA (PODE),PROC-CMSP,2026-03-06T15:10:00,2026-03-06T18:46:00,2026-07-13T21:19:24,Relator(a),Estudo para manifestação do relator,,
CCJ,759636,2026-10-02,,PL 990/2025,2277,Ver. JANAINA PASCHOAL (PP),PROC-CMSP,2026-03-13T16:00:00,2026-03-13T16:58:00,2026-08-18T14:18:27,Secretaria (SGP12),Em Condição de Pauta,,
FIN,759809,2026-10-02,2026-10-04,PDL 79/2025,2246,Ver. MAJOR PALUMBO (PP),EDUC,2026-05-11T15:17:54,2026-05-12T14:20:00,2026-09-29T12:15:51,Secretaria (SGP12),Em Condição de Pauta,,
FIN,759809,2026-10-05,,PDL 79/2025,2246,Ver. MAJOR PALUMBO (PP),EDUC,2026-05-11T15:17:54,2026-05-12T14:20:00,2026-10-05T19:14:49,Secretaria (SGP12),Em Condição de Pauta,,
CCJ,759813,2026-10-02,,PL 991/2025,2277,Ver. JANAINA PASCHOAL (PP),PROC-CMSP,2026-03-06T15:10:00,2026-03-06T18:46:00,2026-08-05T18:04:01,Secretaria (SGP12),Em Condição de Pauta,,
FIN,759824,2026-10-02,,PDL 80/2025,2219,Ver. MARCELO MESSIAS (MDB),EDUC,2025-12-18T11:30:00,2025-12-19T13:17:00,2026-09-18T13:58:10,Secretaria (SGP12),Em Condição de Pauta,,
CCJ,759832,2026-10-02,2026-10-06,PL 992/2025,1636,Ver. DR. MILTON FERREIRA (PODE),PROC-CMSP,2026-03-06T15:10:00,2026-03-06T18:46:00,2026-07-24T17:55:46,Secretaria (SGP12),Em Condição de Pauta,,
CCJ,759832,2026-10-07,,PL 992/2025,1636,Ver. DR. MILTON FERREIRA (PODE),PROC-CMSP,2026-03-06T15:10:00,2026-03-06T18:46:00,2026-10-07T14:41:43,Secretaria (SGP12),Em Condição de Pauta,,
FIN,759836,2026-10-02,,PDL 81/2025,2246,Ver. MAJOR PALUMBO (PP),EDUC,2025-12-18T11:30:01,2025-12-19T13:17:00,2026-05-19T15:23:31,Secretaria (SGP12),Retirado de pauta,,
CCJ,759953,2026-10-02,,PL 993/2025,2282,Ver. LUCAS PAVANATO (PL),PROC-CMSP,2026-03-06T15:10:00,2026-03-06T18:37:00,2026-06-01T12:18:46,Relator(a),Assinar Relatório,,
ADM,759954,2026-10-02,,PR 75/2025,,,URB,2026-08-14T16:43:51,2026-08-19T13:07:00,2026-08-19T13:07:00,Presidente da Comissão,Designar Relator,,
EDUC,759974,2026-10-02,,PL 994/2025,2222,Ver. CRIS MONTEIRO (NOVO),ADM,2026-05-07T15:43:42,2026-05-11T11:41:00,2026-05-20T17:22:15,Relator(a),Estudo para manifestação do relator,,
CCJ,759983,2026-10-02,,PL 995/2025,2282,Ver. LUCAS PAVANATO (PL),PROC-CMSP,2025-09-17T21:12:00,2025-09-19T19:08:00,2025-11-03T14:03:42,Relator(a),Assinar Relatório,,
CCJ,760070,2026-10-02,,PL 997/2025,2217,Ver. SANSÃO PEREIRA (REPUBLICANOS),PROC-CMSP,2026-03-06T15:10:00,2026-03-06T18:37:00,2026-08-04T13:57:23,Secretaria (SGP12),Em Condição de Pauta,,
CCJ,760085,2026-10-02,,PL 998/2025,2282,Ver. LUCAS PAVANATO (PL),PROC-CMSP,2025-09-17T21:12:00,2025-09-19T19:08:00,2025-10-30T07:44:29,Relator(a),Assinar Relatório,,
ADM,760091,2026-10-02,,PL 999/2025,,,CCJ,2026-09-17T16:24:38,2026-09-17T18:13:00,2026-09-17T18:13:00,Presidente da Comissão,Designar Relator,,
CCJ,760109,2026-10-02,,PL 1000/2025,1636,Ver. DR. MILTON FERREIRA (PODE),PROC-CMSP,2026-03-06T15:10:00,2026-03-06T18:37:00,2026-07-13T16:10:17,Relator(a),Estudo para manifestação do relator,,
CCJ,760111,2026-10-02,,PR 76/2025,2282,Ver. LUCAS PAVANATO (PL),PROC-CMSP,2025-09-17T21:12:00,2025-09-19T19:08:00,2025-11-03T13:53:42,Relator(a),Assinar Relatório,,
SAUDE,760174,2026-10-02,2026-10-06,PL 1001/2025,176,Ver. ROBERTO TRÍPOLI (PV),EDUC,2026-09-17T16:38:27,2026-09-18T16:22:00,2026-09-21T12:16:53,Consultoria (SGP.52),Para análise,,
SAUDE,760174,2026-10-07,,PL 1001/2025,176,Ver. ROBERTO TRÍPOLI (PV),EDUC,2026-09-17T16:38:27,2026-09-18T16:22:00,2026-10-07T11:17:32,Relator(a),Estudo para manifestação do relator,,
CCJ,760211,2026-10-02,,PL 1002/2025,2276,Ver. SILVÃO LEITE (UNIÃO),PROC-CMSP,2026-03-06T15:10:00,2026-03-06T18:37:00,2026-07-13T16:10:18,Relator(a),Estudo para manifestação do relator,,
CCJ,760307,2026-10-02,,PL 1004/2025,2276,Ver. SILVÃO LEITE (UNIÃO),PROC-CMSP,2026-03-06T15:10:00,2026-03-06T18:37:00,2026-07-08T19:05:43,Relator(a),Estudo para manifestação do relator,,
FIN,760384,2026-10-02,2026-10-04,PL 1006/2025,2246,Ver. MAJOR PALUMBO (PP),EDUC,2026-06-16T16:23:00,2026-06-16T16:46:00,2026-09-29T12:19:01,Secretaria (SGP12),Em Condição de Pauta,,
FIN,760384,2026-10-05,,PL 1006/2025,2246,Ver. MAJOR PALUMBO (PP),EDUC,2026-06-16T16:23:00,2026-06-16T16:46:00,2026-10-05T19:17:49,Secretaria (SGP12),Em Condição de Pauta,,
FIN,760390,2026-10-02,,PL 1007/2025,2146,Ver. GILBERTO NASCIMENTO (PL),EDUC,2026-06-01T15:51:56,2026-06-03T16:14:00,2026-08-20T15:04:54,Relator(a),Assinar Relatório,,
FIN,760391,2026-10-02,,PL 1008/2025,2146,Ver. GILBERTO NASCIMENTO (PL),EDUC,2026-06-01T15:51:54,2026-06-03T16:11:00,2026-08-20T15:01:00,Relator(a),Assinar Relatório,,
EDUC,760392,2026-10-02,2026-10-06,PL 1009/2025,2185,Ver. CELSO GIANNAZI (PSOL),CCJ,2025-12-15T16:37:11,2025-12-17T18:54:00,2026-09-30T07:38:04,Secretaria (SGP12),Em Condição de Pauta,,
EDUC,760392,2026-10-07,,PL 1009/2025,2185,Ver. CELSO GIANNAZI (PSOL),CCJ,2025-12-15T16:37:11,2025-12-17T18:54:00,2026-10-07T18:04:19,Presidente da Comissão,Assinar Certidão de Votação,,
CCJ,760691,2026-10-02,,PL 1010/2025,2218,Ver. THAMMY MIRANDA (PSD),PROC-CMSP,2025-09-17T21:12:00,2025-09-19T19:08:00,2025-10-20T15:48:00,Secretaria (SGP12),Em Condição de Pauta,,
ECON,760697,2026-10-02,,PL 1011/2025,2280,Ver. KENJI ITO (PODE),ADM,2026-05-15T17:46:26,2026-05-19T14:25:00,2026-10-01T11:57:01,Relator(a),Assinar Relatório,,
CCJ,760715,2026-10-02,,PL 1012/2025,2276,Ver. SILVÃO LEITE (UNIÃO),PROC-CMSP,2026-03-06T15:10:00,2026-03-06T18:37:00,2026-07-08T19:05:44,Relator(a),Estudo para manifestação do relator,,
ADM,760716,2026-10-02,,PL 1013/2025,1999,Ver. PROFESSOR TONINHO VESPOLI (PSOL),CCJ,2026-05-22T16:08:41,2026-05-26T13:44:00,2026-08-31T15:15:18,Secretaria (SGP12),Em Condição de Pauta,,
CCJ,760817,2026-10-02,,PL 1015/2025,2276,Ver. SILVÃO LEITE (UNIÃO),PROC-CMSP,2025-09-17T21:12:00,2025-09-19T19:08:00,2026-04-01T14:50:03,Relator(a),Estudo para manifestação do relator,,
CCJ,760820,2026-10-02,,PL 1016/2025,2276,Ver. SILVÃO LEITE (UNIÃO),PROC-CMSP,2025-09-17T21:12:00,2025-09-19T19:08:00,2026-04-01T14:50:03,Relator(a),Estudo para manifestação do relator,,
CCJ,760823,2026-10-02,,PL 1017/2025,1636,Ver. DR. MILTON FERREIRA (PODE),PROC-CMSP,2026-03-06T15:10:00,2026-03-06T18:37:00,2026-07-08T19:05:44,Relator(a),Estudo para manifestação do relator,,
CCJ,760964,2026-10-02,,PL 1019/2025,2217,Ver. SANSÃO PEREIRA (REPUBLICANOS),PROC-CMSP,2025-09-17T21:12:00,2025-09-19T19:08:00,2025-10-21T13:21:42,Secretaria (SGP12),Em Condição de Pauta,,
CCJ,761131,2026-10-02,,PL 1022/2025,2218,Ver. THAMMY MIRANDA (PSD),PROC-CMSP,2026-03-06T15:10:00,2026-03-06T18:37:00,2026-07-08T19:05:45,Relator(a),Estudo para manifestação do relator,,
EDUC,761315,2026-10-02,2026-10-06,PL 1023/2025,776,Ver. ELISEU GABRIEL (PSB),CCJ,2026-06-01T16:10:57,2026-06-02T15:59:00,2026-09-29T13:55:28,Secretaria (SGP12),Em Condição de Pauta,,
EDUC,761315,2026-10-07,,PL 1023/2025,776,Ver. ELISEU GABRIEL (PSB),CCJ,2026-06-01T16:10:57,2026-06-02T15:59:00,2026-10-07T18:04:16,Presidente da Comissão,Assinar Certidão de Votação,,
CCJ,761322,2026-10-02,,PL 1024/2025,1636,Ver. DR. MILTON FERREIRA (PODE),PROC-CMSP,2025-09-17T21:12:00,2025-09-19T19:08:00,2026-05-04T20:34:50,Relator(a),Estudo para manifestação do relator,,
CCJ,761533,2026-10-02,,PL 1026/2025,2277,Ver. JANAINA PASCHOAL (PP),PROC-CMSP,2025-09-17T21:12:00,2025-09-19T19:08:00,2026-03-17T12:05:53,Secretaria (SGP12),Em Condição de Pauta,,
CCJ,761589,2026-10-02,,PL 1027/2025,2276,Ver. SILVÃO LEITE (UNIÃO),PROC-CMSP,2025-09-17T21:12:00,2025-09-19T19:08:00,2025-10-02T15:39:03,Relator(a),Estudo para manifestação do relator,,
CCJ,761590,2026-10-02,,PL 1028/2025,2218,Ver. THAMMY MIRANDA (PSD),PROC-CMSP,2025-09-17T21:12:00,2025-09-19T19:08:00,2025-11-17T16:25:40,Secretaria (SGP12),Em Condição de Pauta,,
ADM,761682,2026-10-02,,PR 78/2025,2001,Ver. JAIR TATTO (PT),CCJ,2026-06-22T13:39:43,2026-07-08T18:24:00,2026-08-14T11:53:58,Relator(a),Estudo para manifestação do relator,,
CCJ,761693,2026-10-02,,PL 1031/2025,1636,Ver. DR. MILTON FERREIRA (PODE),PROC-CMSP,2025-09-17T21:12:00,2025-09-19T19:08:00,2026-09-09T18:26:40,Secretaria (SGP12),Aguardando Informações do Executivo,,
FIN,761910,2026-10-02,,PL 1032/2025,2219,Ver. MARCELO MESSIAS (MDB),SAUDE,2026-08-25T14:38:17,2026-08-26T16:30:00,2026-09-16T12:18:36,Consultoria (CTEO.1),Para análise,,
CCJ,761943,2026-10-02,,PL 1033/2025,1636,Ver. DR. MILTON FERREIRA (PODE),PROC-CMSP,2025-09-17T21:12:00,2025-09-19T19:08:00,2025-10-14T16:14:53,Relator(a),Estudo para manifestação do relator,,
CCJ,761945,2026-10-02,,PL 1034/2025,1636,Ver. DR. MILTON FERREIRA (PODE),PROC-CMSP,2025-09-17T21:12:00,2025-09-19T19:08:00,2025-10-07T17:23:30,Relator(a),Estudo para manifestação do relator,,
CCJ,761947,2026-10-02,,PL 1035/2025,1636,Ver. DR. MILTON FERREIRA (PODE),PROC-CMSP,2026-03-06T15:10:00,2026-03-06T18:37:00,2026-07-08T19:05:46,Relator(a),Estudo para manifestação do relator,,
CCJ,762085,2026-10-02,,PL 1037/2025,2206,Ver. SILVIA DA BANCADA FEMINISTA (PSOL),PROC-CMSP,2025-10-03T09:53:00,2025-10-08T16:47:00,2026-08-05T23:40:53,Relator(a),Estudo para manifestação do relator,,
EDUC,762115,2026-10-02,,PL 1038/2025,2222,Ver. CRIS MONTEIRO (NOVO),CCJ,2025-12-02T15:49:00,2025-12-03T12:10:00,2026-05-26T12:09:53,Relator(a),Estudo para manifestação do relator,,
CCJ,762131,2026-10-02,,PL 1039/2025,2276,Ver. SILVÃO LEITE (UNIÃO),PROC-CMSP,2026-03-06T14:16:00,2026-03-06T18:37:00,2026-03-17T19:18:42,Relator(a),Estudo para manifestação do relator,,
CCJ,762218,2026-10-02,,PL 1040/2025,2282,Ver. LUCAS PAVANATO (PL),PROC-CMSP,2025-10-03T09:53:00,2025-10-08T16:47:00,2025-10-15T13:16:34,Relator(a),Assinar Pedido de Informação ao Executivo,,
CCJ,762224,2026-10-02,,PL 1041/2025,2218,Ver. THAMMY MIRANDA (PSD),PROC-CMSP,2026-03-06T14:16:00,2026-03-06T18:37:00,2026-07-08T16:30:41,Relator(a),Estudo para manifestação do relator,,
URB,762439,2026-10-02,,PL 1042/2025,2273,Ver. DR. MURILLO LIMA (PP),CCJ,2025-12-02T11:48:39,2025-12-03T12:21:00,2026-10-02T14:27:23,Secretaria (SGP12),Aguardando Informações do Executivo,,
CCJ,762440,2026-10-02,,PL 1043/2025,2217,Ver. SANSÃO PEREIRA (REPUBLICANOS),PROC-CMSP,2026-03-06T14:16:00,2026-03-06T18:37:00,2026-04-28T19:25:52,Secretaria (SGP12),Em Condição de Pauta,,
CCJ,762449,2026-10-02,,PL 1045/2025,2218,Ver. THAMMY MIRANDA (PSD),PROC-CMSP,2026-03-06T14:16:00,2026-03-06T18:37:00,2026-07-08T16:30:42,Relator(a),Estudo para manifestação do relator,,
CCJ,762469,2026-10-02,,PL 1047/2025,2276,Ver. SILVÃO LEITE (UNIÃO),PROC-CMSP,2026-03-06T14:16:00,2026-03-06T18:37:00,2026-07-08T16:30:43,Relator(a),Estudo para manifestação do relator,,
FIN,762484,2026-10-02,,PL 1048/2025,2146,Ver. GILBERTO NASCIMENTO (PL),EDUC,2026-06-19T14:02:02,2026-06-22T15:50:00,2026-09-30T15:24:58,Consultoria (CTEO.1),Para análise,,
CCJ,762654,2026-10-02,,PL 1049/2025,2277,Ver. JANAINA PASCHOAL (PP),PROC-CMSP,2026-03-06T14:16:00,2026-03-06T18:37:00,2026-08-18T17:20:42,Secretaria (SGP12),Em Condição de Pauta,,
CCJ,762693,2026-10-02,,PL 1050/2025,2217,Ver. SANSÃO PEREIRA (REPUBLICANOS),PROC-CMSP,2026-03-06T14:16:00,2026-03-06T18:37:00,2026-08-04T13:10:12,Secretaria (SGP12),Em Condição de Pauta,,
CCJ,762710,2026-10-02,,PL 1051/2025,1636,Ver. DR. MILTON FERREIRA (PODE),PROC-CMSP,2026-03-06T14:16:00,2026-03-06T18:37:00,2026-07-08T16:30:45,Relator(a),Estudo para manifestação do relator,,
CCJ,762796,2026-10-02,,PL 1052/2025,2276,Ver. SILVÃO LEITE (UNIÃO),PROC-CMSP,2026-03-06T14:16:00,2026-03-06T18:37:00,2026-07-08T16:30:46,Relator(a),Estudo para manifestação do relator,,
CCJ,762798,2026-10-02,,PL 1054/2025,2254,Ver. LUNA ZARATTINI (PT),PROC-CMSP,2026-03-06T14:16:00,2026-03-06T18:37:00,2026-03-18T11:29:29,Relator(a),Estudo para manifestação do relator,,
CCJ,762801,2026-10-02,,PL 1057/2025,2218,Ver. THAMMY MIRANDA (PSD),PROC-CMSP,2026-03-06T14:16:00,2026-03-06T18:37:00,2026-07-08T16:30:47,Relator(a),Estudo para manifestação do relator,,
CCJ,762808,2026-10-02,,PL 1060/2025,2218,Ver. THAMMY MIRANDA (PSD),PROC-CMSP,2026-03-06T14:16:00,2026-03-06T18:37:00,2026-03-23T18:29:38,Secretaria (SGP12),Em Condição de Pauta,,
CCJ,762859,2026-10-02,,PL 1061/2025,2254,Ver. LUNA ZARATTINI (PT),PROC-CMSP,2026-03-06T14:16:00,2026-03-06T18:37:00,2026-07-08T16:30:48,Relator(a),Estudo para manifestação do relator,,
CCJ,762872,2026-10-02,,PL 1062/2025,2206,Ver. SILVIA DA BANCADA FEMINISTA (PSOL),PROC-CMSP,2025-10-03T09:53:00,2025-10-08T16:47:00,2026-05-12T17:09:24,Relator(a),Estudo para manifestação do relator,,
SAUDE,762968,2026-10-02,,PR 80/2025,2281,Ver. SIMONE GANEM (PODE),CCJ,2025-11-10T16:19:33,2025-11-18T11:31:00,2026-03-05T15:17:21,Relator(a),Estudo para manifestação do relator,,
CCJ,763045,2026-10-02,,PL 1064/2025,1636,Ver. DR. MILTON FERREIRA (PODE),PROC-CMSP,2026-03-06T14:16:00,2026-03-06T18:37:00,2026-09-15T13:21:46,Secretaria (SGP12),Em Condição de Pauta,,
URB,763284,2026-10-02,,PL 1067/2025,2273,Ver. DR. MURILLO LIMA (PP),CCJ,2025-12-18T16:33:48,2025-12-19T15:25:00,2026-08-12T18:51:36,Secretaria (SGP12),Aguardando Informações do Executivo,,
ADM,763320,2026-10-02,,PL 1070/2025,2283,Ver. ZOE MARTÍNEZ (PL),URB,2026-05-15T13:02:29,2026-05-19T14:26:00,2026-09-08T17:57:18,Relator(a),Assinar Relatório,,
FIN,763325,2026-10-02,,PL 1071/2025,2271,Ver. ANA CAROLINA OLIVEIRA (PODE),SAUDE,2026-08-25T14:38:16,2026-08-26T16:29:00,2026-09-30T15:24:58,Consultoria (CTEO.1),Para análise,,
CCJ,763330,2026-10-02,,PL 1072/2025,2282,Ver. LUCAS PAVANATO (PL),PROC-CMSP,2026-03-06T14:16:00,2026-03-06T18:37:00,2026-07-07T16:01:34,Relator(a),Estudo para manifestação do relator,,
CCJ,763400,2026-10-02,,PL 1074/2025,2277,Ver. JANAINA PASCHOAL (PP),PROC-CMSP,2025-10-24T12:09:00,2025-10-28T13:54:00,2026-06-22T16:40:41,Secretaria (SGP12),Em Condição de Pauta,,
CCJ,763436,2026-10-02,,PL 1075/2025,2217,Ver. SANSÃO PEREIRA (REPUBLICANOS),PROC-CMSP,2026-03-06T14:16:00,2026-03-06T18:32:00,2026-07-07T16:01:35,Relator(a),Estudo para manifestação do relator,,
EDUC,763460,2026-10-02,,PL 1076/2025,,,CCJ,2025-12-15T16:37:14,2025-12-17T18:54:00,2025-12-17T18:54:00,Presidente da Comissão,Designar Relator,,
CCJ,763511,2026-10-02,,PL 1077/2025,2206,Ver. SILVIA DA BANCADA FEMINISTA (PSOL),SGP21,2026-08-21T16:18:00,2026-08-31T01:21:00,2026-09-04T17:41:57,Relator(a),Estudo para manifestação do relator,,
CCJ,763601,2026-10-02,,PL 1078/2025,2277,Ver. JANAINA PASCHOAL (PP),PROC-CMSP,2025-10-24T12:09:00,2025-10-28T13:54:00,2025-11-10T14:53:07,Secretaria (SGP12),Em Condição de Pauta,,
URB,763651,2026-10-02,,PL 1079/2025,2209,Ver. DANILO DO POSTO DE SAÚDE (PODE),CCJ,2026-03-12T18:14:23,2026-03-13T11:06:00,2026-09-09T15:35:04,Secretaria (SGP12),Em Condição de Pauta,,
URB,763653,2026-10-02,,PL 1080/2025,2209,Ver. DANILO DO POSTO DE SAÚDE (PODE),CCJ,2026-03-19T18:17:48,2026-03-24T13:03:00,2026-09-09T15:36:55,Secretaria (SGP12),Em Condição de Pauta,,
CCJ,763686,2026-10-02,,PL 1083/2025,2277,Ver. JANAINA PASCHOAL (PP),PROC-CMSP,2025-10-24T12:09:00,2025-10-28T13:54:00,2025-11-10T14:53:06,Secretaria (SGP12),Em Condição de Pauta,,
CCJ,763692,2026-10-02,,PL 1085/2025,2282,Ver. LUCAS PAVANATO (PL),PROC-CMSP,2025-10-24T12:09:00,2025-10-28T13:54:00,2025-11-14T15:57:09,Relator(a),Estudo para manifestação do relator,,
CCJ,763695,2026-10-02,,PL 1086/2025,2217,Ver. SANSÃO PEREIRA (REPUBLICANOS),PROC-CMSP,2025-10-24T12:09:00,2025-10-28T13:54:00,2025-11-14T15:58:11,Relator(a),Estudo para manifestação do relator,,
CCJ,763757,2026-10-02,,PL 1087/2025,2217,Ver. SANSÃO PEREIRA (REPUBLICANOS),PROC-CMSP,2026-03-06T14:16:00,2026-03-06T18:32:00,2026-06-17T18:12:57,Secretaria (SGP12),Adiado,,
CCJ,763758,2026-10-02,,PL 1088/2025,1636,Ver. DR. MILTON FERREIRA (PODE),PROC-CMSP,2026-03-06T14:16:00,2026-03-06T18:32:00,2026-07-07T16:01:36,Relator(a),Estudo para manifestação do relator,,
CCJ,763759,2026-10-02,,PL 1089/2025,2254,Ver. LUNA ZARATTINI (PT),PROC-CMSP,2026-03-06T14:16:00,2026-03-06T18:32:00,2026-07-07T13:39:08,Relator(a),Estudo para manifestação do relator,,
CCJ,763855,2026-10-02,,PL 1090/2025,2277,Ver. JANAINA PASCHOAL (PP),PROC-CMSP,2026-03-06T14:16:00,2026-03-06T18:32:00,2026-05-28T13:37:39,Secretaria (SGP12),Em Condição de Pauta,,
CCJ,763858,2026-10-02,,PL 1091/2025,2276,Ver. SILVÃO LEITE (UNIÃO),PROC-CMSP,2026-03-06T14:16:00,2026-03-06T18:32:00,2026-06-30T22:36:14,Relator(a),Estudo para manifestação do relator,,
FIN,763864,2026-10-02,2026-10-07,PL 1092/2025,2000,Ver. ALESSANDRO GUEDES (PT),EDUC,2026-06-19T14:02:01,2026-06-22T15:29:00,2026-09-02T11:48:04,Consultoria (CTEO.1),Para análise,,
FIN,763864,2026-10-08,,PL 1092/2025,2000,Ver. ALESSANDRO GUEDES (PT),EDUC,2026-06-19T14:02:01,2026-06-22T15:29:00,2026-10-08T15:31:55,Relator(a),Estudo para manifestação do relator,,
URB,764055,2026-10-02,,PL 1093/2025,,,CCJ,2026-08-13T18:08:36,2026-08-19T18:33:00,2026-08-19T18:33:00,Presidente da Comissão,Designar Relator,,
ADM,764094,2026-10-02,,PL 1094/2025,,,CCJ,2026-05-22T16:08:40,2026-05-26T13:44:00,2026-05-26T13:44:00,Presidente da Comissão,Designar Relator,,
CCJ,764108,2026-10-02,,PL 1095/2025,2282,Ver. LUCAS PAVANATO (PL),PROC-CMSP,2025-10-03T09:53:00,2025-10-08T16:47:00,2025-10-23T15:50:53,Relator(a),Estudo para manifestação do relator,,
CCJ,764208,2026-10-02,,PDL 92/2025,2206,Ver. SILVIA DA BANCADA FEMINISTA (PSOL),PROC-CMSP,2025-09-26T14:50:00,2025-09-26T18:43:00,2025-10-06T15:31:41,Relator(a),Estudo para manifestação do relator,,
URB,764233,2026-10-02,,PL 1096/2025,,,CCJ,2026-09-04T20:18:51,2026-09-24T16:05:00,2026-09-24T17:47:13,Presidente da Comissão,Designar Relator,,
CCJ,764235,2026-10-02,,PL 1097/2025,2206,Ver. SILVIA DA BANCADA FEMINISTA (PSOL),PROC-CMSP,2025-10-03T09:53:00,2025-10-08T16:47:00,2026-09-09T18:26:41,Secretaria (SGP12),Aguardando Informações do Executivo,,
CCJ,764239,2026-10-02,2026-10-04,PL 1098/2025,2206,Ver. SILVIA DA BANCADA FEMINISTA (PSOL),PROC-CMSP,2025-10-03T09:53:00,2025-10-08T16:47:00,2026-10-01T12:31:45,Procuradoria,Para análise e envio ao(à) relator(a),,
CCJ,764239,2026-10-05,,PL 1098/2025,2206,Ver. SILVIA DA BANCADA FEMINISTA (PSOL),PROC-CMSP,2025-10-03T09:53:00,2025-10-08T16:47:00,2026-10-05T18:47:54,Relator(a),Estudo para manifestação do relator,,
CCJ,764241,2026-10-02,,PL 1099/2025,2217,Ver. SANSÃO PEREIRA (REPUBLICANOS),PROC-CMSP,2025-10-03T09:53:00,2025-10-08T16:47:00,2026-04-28T16:18:33,Secretaria (SGP12),Em Condição de Pauta,,
CCJ,764247,2026-10-02,,PL 1100/2025,2206,Ver. SILVIA DA BANCADA FEMINISTA (PSOL),PROC-CMSP,2025-10-03T09:53:00,2025-10-08T16:47:00,2026-08-06T15:54:40,Relator(a),Estudo para manifestação do relator,,
CCJ,764254,2026-10-02,,PL 1101/2025,2282,Ver. LUCAS PAVANATO (PL),PROC-CMSP,2025-10-03T09:53:00,2025-10-08T16:47:00,2025-10-15T18:24:54,Relator(a),Assinar Pedido de Informação ao Executivo,,
EDUC,764283,2026-10-02,2026-10-04,PL 1102/2025,2185,Ver. CELSO GIANNAZI (PSOL),CCJ,2026-06-22T13:43:58,2026-06-29T10:15:00,2026-10-01T15:53:23,Consultoria (SGP.52),Elaborar Minuta de Relatório,,
EDUC,764283,2026-10-05,,PL 1102/2025,2185,Ver. CELSO GIANNAZI (PSOL),CCJ,2026-06-22T13:43:58,2026-06-29T10:15:00,2026-10-05T15:19:08,Relator(a),Assinar Relatório,,
CCJ,764392,2026-10-02,,PL 1104/2025,2218,Ver. THAMMY MIRANDA (PSD),PROC-CMSP,2026-03-06T14:16:00,2026-03-06T18:32:00,2026-07-07T13:39:09,Relator(a),Estudo para manifestação do relator,,
CCJ,764529,2026-10-02,,PL 1106/2025,2218,Ver. THAMMY MIRANDA (PSD),PROC-CMSP,2026-03-06T14:16:00,2026-03-06T18:32:00,2026-05-19T15:38:17,Secretaria (SGP12),Em Condição de Pauta,,
CCJ,764769,2026-10-02,,PL 1107/2025,1636,Ver. DR. MILTON FERREIRA (PODE),PROC-CMSP,2025-10-15T17:44:00,2025-10-16T23:44:00,2025-11-06T17:38:06,Relator(a),Estudo para manifestação do relator,,
EDUC,764770,2026-10-02,2026-10-06,PL 1108/2025,2185,Ver. CELSO GIANNAZI (PSOL),CCJ,2025-12-15T16:37:16,2025-12-17T18:54:00,2026-09-30T07:37:01,Secretaria (SGP12),Em Condição de Pauta,,
EDUC,764770,2026-10-07,,PL 1108/2025,2185,Ver. CELSO GIANNAZI (PSOL),CCJ,2025-12-15T16:37:16,2025-12-17T18:54:00,2026-10-07T18:04:21,Presidente da Comissão,Assinar Certidão de Votação,,
URB,764811,2026-10-02,,PL 1109/2025,,,CCJ,2026-09-17T16:24:40,2026-09-24T16:05:00,2026-09-24T17:42:28,Presidente da Comissão,Designar Relator,,
CCJ,764900,2026-10-02,,PL 1110/2025,2282,Ver. LUCAS PAVANATO (PL),PROC-CMSP,2025-10-15T17:44:00,2025-10-16T23:44:00,2025-10-21T18:13:40,Relator(a),Assinar Pedido de Informação ao Executivo,,
CCJ,765123,2026-10-02,,PL 1111/2025,2218,Ver. THAMMY MIRANDA (PSD),PROC-CMSP,2025-10-15T17:44:00,2025-10-16T23:44:00,2026-03-17T16:58:47,Secretaria (SGP12),Em Condição de Pauta,,
CCJ,765126,2026-10-02,,PL 1112/2025,2217,Ver. SANSÃO PEREIRA (REPUBLICANOS),PROC-CMSP,2025-10-03T09:53:00,2025-10-08T16:47:00,2026-08-19T16:13:47,Presidente da Comissão,Assinar Certidão de Votação,,
CCJ,765128,2026-10-02,,PL 1113/2025,1636,Ver. DR. MILTON FERREIRA (PODE),PROC-CMSP,2025-10-03T09:53:00,2025-10-08T16:47:00,2025-10-20T15:45:17,Relator(a),Assinar Pedido de Informação ao Executivo,,
CCJ,765175,2026-10-02,,PL 1114/2025,2206,Ver. SILVIA DA BANCADA FEMINISTA (PSOL),PROC-CMSP,2025-10-03T09:53:00,2025-10-08T16:47:00,2025-10-20T16:27:03,Relator(a),Estudo para manifestação do relator,,
CCJ,765176,2026-10-02,,PL 1115/2025,2206,Ver. SILVIA DA BANCADA FEMINISTA (PSOL),PROC-CMSP,2026-03-06T14:16:00,2026-03-06T18:32:00,2026-06-16T16:36:35,Relator(a),Estudo para manifestação do relator,,
CCJ,765178,2026-10-02,,PL 1117/2025,2206,Ver. SILVIA DA BANCADA FEMINISTA (PSOL),PROC-CMSP,2026-03-06T14:16:00,2026-03-06T18:32:00,2026-07-07T13:39:10,Relator(a),Estudo para manifestação do relator,,
CCJ,765180,2026-10-02,,PL 1119/2025,2276,Ver. SILVÃO LEITE (UNIÃO),PROC-CMSP,2025-10-15T17:44:00,2025-10-16T23:44:00,2025-10-23T15:41:33,Relator(a),Estudo para manifestação do relator,,
CCJ,765181,2026-10-02,,PL 1120/2025,2254,Ver. LUNA ZARATTINI (PT),PROC-CMSP,2025-10-15T17:44:00,2025-10-16T23:44:00,2026-03-12T12:31:35,Relator(a),Estudo para manifestação do relator,,
CCJ,765182,2026-10-02,,PDL 97/2025,2217,Ver. SANSÃO PEREIRA (REPUBLICANOS),PROC-CMSP,2025-10-03T09:53:00,2025-10-08T16:47:00,2025-11-18T18:05:39,Secretaria (SGP12),Em Condição de Pauta,,
CCJ,765230,2026-10-02,,PL 1121/2025,2277,Ver. JANAINA PASCHOAL (PP),PROC-CMSP,2026-03-06T14:16:00,2026-03-06T18:32:00,2026-06-22T15:36:17,Secretaria (SGP12),Em Condição de Pauta,,
CCJ,765249,2026-10-02,,PL 1122/2025,2206,Ver. SILVIA DA BANCADA FEMINISTA (PSOL),PROC-CMSP,2025-10-03T09:53:00,2025-10-08T16:47:00,2026-09-04T17:42:01,Relator(a),Estudo para manifestação do relator,,
URB,765287,2026-10-02,,PL 1123/2025,,,CCJ,2026-09-04T20:18:53,2026-09-24T16:05:00,2026-09-24T17:40:08,Presidente da Comissão,Designar Relator,,
CCJ,765419,2026-10-02,,PL 1124/2025,2206,Ver. SILVIA DA BANCADA FEMINISTA (PSOL),PROC-CMSP,2025-10-03T09:53:00,2025-10-08T16:47:00,2026-09-22T15:06:54,Secretaria (SGP12),Aguardando Informações do(a) Autor(a),,
FIN,765600,2026-10-02,2026-10-07,PL 1125/2025,2146,Ver. GILBERTO NASCIMENTO (PL),EDUC,2026-06-19T14:02:00,2026-06-22T15:29:00,2026-09-02T14:47:13,Consultoria (CTEO.1),Para análise,,
FIN,765600,2026-10-08,,PL 1125/2025,2146,Ver. GILBERTO NASCIMENTO (PL),EDUC,2026-06-19T14:02:00,2026-06-22T15:29:00,2026-10-08T15:33:48,Relator(a),Estudo para manifestação do relator,,
URB,765661,2026-10-02,,PL 1126/2025,2222,Ver. CRIS MONTEIRO (NOVO),SGP12,2026-08-11T20:37:00,2026-08-12T18:09:00,2026-08-14T15:44:27,Secretaria (SGP12),Aguardando 2ª Audiência Pública,,
URB,765669,2026-10-02,,PL 1127/2025,,,CCJ,2026-09-04T20:18:55,2026-09-24T16:05:00,2026-09-24T17:39:17,Presidente da Comissão,Designar Relator,,
CCJ,765947,2026-10-02,,PL 1129/2025,1636,Ver. DR. MILTON FERREIRA (PODE),PROC-CMSP,2026-03-06T14:16:00,2026-03-06T18:32:00,2026-07-06T21:32:35,Relator(a),Estudo para manifestação do relator,,
FIN,766066,2026-10-02,,PL 1132/2025,2000,Ver. ALESSANDRO GUEDES (PT),EDUC,2026-09-08T16:31:40,2026-09-09T12:02:00,2026-09-30T15:24:58,Consultoria (CTEO.1),Para análise,,
CCJ,766069,2026-10-02,,PL 1133/2025,2276,Ver. SILVÃO LEITE (UNIÃO),PROC-CMSP,2026-03-06T14:16:00,2026-03-06T18:32:00,2026-07-06T21:32:35,Relator(a),Estudo para manifestação do relator,,
CCJ,766077,2026-10-02,,PL 1134/2025,2217,Ver. SANSÃO PEREIRA (REPUBLICANOS),PROC-CMSP,2025-10-03T09:53:00,2025-10-08T16:47:00,2026-09-10T15:35:28,Relator(a),Assinar Pedido de Informação ao(à) Autor(a),,
FIN,766078,2026-10-02,,PL 1135/2025,2278,Ver. KEIT LIMA (PSOL),ECON,2026-05-08T17:04:52,2026-05-11T10:51:00,2026-08-06T16:29:54,Relator(a),Estudo para manifestação do relator,,
CCJ,766080,2026-10-02,,PL 1137/2025,2217,Ver. SANSÃO PEREIRA (REPUBLICANOS),PROC-CMSP,2025-10-24T12:09:00,2025-10-28T13:54:00,2025-12-03T14:12:54,Secretaria (SGP12),Em Condição de Pauta,,
CCJ,766138,2026-10-02,,PL 1139/2025,2282,Ver. LUCAS PAVANATO (PL),PROC-CMSP,2025-11-06T18:35:00,2025-11-07T14:57:00,2025-11-25T16:46:46,Relator(a),Estudo para manifestação do relator,,
CCJ,766143,2026-10-02,,PL 1140/2025,2218,Ver. THAMMY MIRANDA (PSD),PROC-CMSP,2025-10-24T12:09:00,2025-10-28T13:54:00,2026-08-19T17:52:16,Secretaria (SGP12),Adiado,,
EDUC,766190,2026-10-02,2026-10-06,PL 1141/2025,2185,Ver. CELSO GIANNAZI (PSOL),CCJ,2026-05-14T17:39:23,2026-05-21T14:34:00,2026-09-30T07:42:41,Secretaria (SGP12),Em Condição de Pauta,,
EDUC,766190,2026-10-07,,PL 1141/2025,2185,Ver. CELSO GIANNAZI (PSOL),CCJ,2026-05-14T17:39:23,2026-05-21T14:34:00,2026-10-07T18:04:22,Presidente da Comissão,Assinar Certidão de Votação,,
CCJ,766222,2026-10-02,,PL 1142/2025,2276,Ver. SILVÃO LEITE (UNIÃO),PROC-CMSP,2025-10-24T12:09:00,2025-10-28T13:54:00,2025-11-14T15:55:37,Relator(a),Estudo para manifestação do relator,,
FIN,766376,2026-10-02,2026-10-07,PL 1143/2025,2000,Ver. ALESSANDRO GUEDES (PT),EDUC,2026-06-17T13:27:00,2026-06-18T11:26:00,2026-09-02T11:48:04,Consultoria (CTEO.1),Para análise,,
FIN,766376,2026-10-08,,PL 1143/2025,2000,Ver. ALESSANDRO GUEDES (PT),EDUC,2026-06-17T13:27:00,2026-06-18T11:26:00,2026-10-08T15:36:08,Relator(a),Estudo para manifestação do relator,,
CCJ,766386,2026-10-02,,PL 1145/2025,1636,Ver. DR. MILTON FERREIRA (PODE),PROC-CMSP,2026-03-06T14:16:00,2026-03-06T18:32:00,2026-06-16T12:28:12,Relator(a),Estudo para manifestação do relator,,
CCJ,766388,2026-10-02,,PL 1146/2025,2276,Ver. SILVÃO LEITE (UNIÃO),PROC-CMSP,2026-03-06T14:16:00,2026-03-06T18:32:00,2026-06-15T19:39:49,Relator(a),Estudo para manifestação do relator,,
CCJ,766389,2026-10-02,,PL 1147/2025,2217,Ver. SANSÃO PEREIRA (REPUBLICANOS),PROC-CMSP,2025-10-24T12:09:00,2025-10-28T13:54:00,2026-04-14T15:14:40,Secretaria (SGP12),Em Condição de Pauta,,
FIN,766394,2026-10-02,,PL 1148/2025,2246,Ver. MAJOR PALUMBO (PP),EDUC,2026-09-17T16:38:28,2026-09-25T15:00:00,2026-09-30T15:24:58,Consultoria (CTEO.1),Para análise,,
ADM,766430,2026-10-02,,PL 1151/2025,2268,Ver. AMANDA VETTORAZZO (UNIÃO),CCJ,2025-12-15T17:18:56,2025-12-17T15:10:00,2026-08-17T19:46:10,Secretaria (SGP12),Em Condição de Pauta,,
CCJ,766431,2026-10-02,,PL 1152/2025,2217,Ver. SANSÃO PEREIRA (REPUBLICANOS),PROC-CMSP,2025-10-24T12:09:00,2025-10-28T13:54:00,2026-03-10T16:37:59,Relator(a),Estudo para manifestação do relator,,
CCJ,766432,2026-10-02,,PL 1153/2025,2282,Ver. LUCAS PAVANATO (PL),PROC-CMSP,2025-10-24T12:09:00,2025-10-28T13:54:00,2026-08-19T16:13:49,Presidente da Comissão,Assinar Certidão de Votação,,
CCJ,766433,2026-10-02,,PL 1154/2025,2217,Ver. SANSÃO PEREIRA (REPUBLICANOS),SGP21,2026-08-21T16:19:00,2026-08-31T01:21:00,2026-08-31T12:41:09,Procuradoria,Para análise e envio ao(à) relator(a),,
CCJ,766677,2026-10-02,,PL 1155/2025,2282,Ver. LUCAS PAVANATO (PL),PROC-CMSP,2025-10-24T12:09:00,2025-10-28T13:54:00,2025-11-11T18:21:53,Relator(a),Estudo para manifestação do relator,,
CCJ,766678,2026-10-02,,PL 1156/2025,2206,Ver. SILVIA DA BANCADA FEMINISTA (PSOL),PROC-CMSP,2025-10-24T12:09:00,2025-10-28T13:54:00,2025-11-24T14:19:29,Relator(a),Estudo para manifestação do relator,,
CCJ,766852,2026-10-02,,PL 1157/2025,2277,Ver. JANAINA PASCHOAL (PP),PROC-CMSP,2025-10-15T17:44:00,2025-10-16T23:44:00,2025-11-12T15:49:14,Secretaria (SGP12),Em Condição de Pauta,,
CCJ,766885,2026-10-02,,PL 1159/2025,2282,Ver. LUCAS PAVANATO (PL),PROC-CMSP,2025-10-15T17:44:00,2025-10-16T23:44:00,2025-11-11T18:21:47,Relator(a),Estudo para manifestação do relator,,
CCJ,767254,2026-10-02,,PL 1160/2025,1636,Ver. DR. MILTON FERREIRA (PODE),PROC-CMSP,2025-10-15T17:44:00,2025-10-16T23:44:00,2026-08-27T20:45:19,Secretaria (SGP12),Em Condição de Pauta,,
CCJ,767283,2026-10-02,,PL 1161/2025,1636,Ver. DR. MILTON FERREIRA (PODE),PROC-CMSP,2025-10-15T17:44:00,2025-10-16T23:44:00,2025-11-04T16:11:04,Relator(a),Estudo para manifestação do relator,,
FIN,767284,2026-10-02,,PL 1162/2025,2271,Ver. ANA CAROLINA OLIVEIRA (PODE),EDUC,2026-09-08T16:31:42,2026-09-09T12:02:00,2026-09-30T15:24:58,Consultoria (CTEO.1),Para análise,,
ADM,767311,2026-10-02,,PL 1163/2025,2001,Ver. JAIR TATTO (PT),CCJ,2026-04-17T17:40:25,2026-04-23T15:15:00,2026-05-06T18:57:23,Relator(a),Estudo para manifestação do relator,,
CCJ,767318,2026-10-02,,PL 1164/2025,2282,Ver. LUCAS PAVANATO (PL),PROC-CMSP,2026-03-06T14:16:00,2026-03-06T18:32:00,2026-07-06T20:30:27,Relator(a),Estudo para manifestação do relator,,
CCJ,767346,2026-10-02,,PL 1165/2025,2277,Ver. JANAINA PASCHOAL (PP),PROC-CMSP,2025-10-15T17:44:00,2025-10-16T23:44:00,2026-05-14T18:07:16,Secretaria (SGP12),Em Condição de Pauta,,
CCJ,767350,2026-10-02,,PL 1166/2025,2276,Ver. SILVÃO LEITE (UNIÃO),PROC-CMSP,2025-10-15T17:44:00,2025-10-16T23:44:00,2025-11-04T12:46:22,Relator(a),Estudo para manifestação do relator,,
EDUC,767420,2026-10-02,,PL 1170/2025,1989,Ver. GEORGE HATO (MDB),URB,2026-08-14T15:23:16,2026-08-25T11:14:00,2026-09-29T18:23:28,Relator(a),Estudo para manifestação do relator,,
CCJ,767594,2026-10-02,,PL 1173/2025,2276,Ver. SILVÃO LEITE (UNIÃO),PROC-CMSP,2025-10-30T19:23:00,2025-10-31T14:58:00,2026-04-27T18:15:43,Secretaria (SGP12),Em Condição de Pauta,,
CCJ,767608,2026-10-02,,PL 1174/2025,2276,Ver. SILVÃO LEITE (UNIÃO),PROC-CMSP,2026-03-06T14:16:00,2026-03-06T18:32:00,2026-07-06T20:30:27,Relator(a),Estudo para manifestação do relator,,
FIN,767661,2026-10-02,,PDL 99/2025,2146,Ver. GILBERTO NASCIMENTO (PL),EDUC,2026-04-02T10:00:18,2026-04-07T18:47:00,2026-06-25T18:48:55,Consultoria,Elaborar relatório,,
CCJ,767668,2026-10-02,,PL 1175/2025,2276,Ver. SILVÃO LEITE (UNIÃO),PROC-CMSP,2026-03-06T14:16:00,2026-03-06T18:32:00,2026-03-22T22:39:49,Relator(a),Estudo para manifestação do relator,,
CCJ,767690,2026-10-02,,PL 1176/2025,2282,Ver. LUCAS PAVANATO (PL),PROC-CMSP,2025-10-24T12:09:00,2025-10-28T13:54:00,2025-11-24T15:13:36,Relator(a),Estudo para manifestação do relator,,
CCJ,767780,2026-10-02,,PL 1178/2025,2206,Ver. SILVIA DA BANCADA FEMINISTA (PSOL),PROC-CMSP,2025-10-17T12:27:00,2025-10-17T15:34:00,2025-10-29T13:27:26,Relator(a),Estudo para manifestação do relator,,
CCJ,767853,2026-10-02,,PL 1179/2025,2206,Ver. SILVIA DA BANCADA FEMINISTA (PSOL),PROC-CMSP,2025-10-24T12:09:00,2025-10-28T13:54:00,2025-11-05T15:45:05,Secretaria (SGP12),Em Condição de Pauta,,
CCJ,767924,2026-10-02,,PL 1181/2025,1636,Ver. DR. MILTON FERREIRA (PODE),PROC-CMSP,2026-03-06T14:16:00,2026-03-06T18:32:00,2026-06-16T12:28:14,Relator(a),Estudo para manifestação do relator,,
CCJ,767925,2026-10-02,,PL 1182/2025,2217,Ver. SANSÃO PEREIRA (REPUBLICANOS),PROC-CMSP,2026-03-06T14:16:00,2026-03-06T18:32:00,2026-06-16T12:28:14,Relator(a),Estudo para manifestação do relator,,
CCJ,767927,2026-10-02,,PL 1183/2025,2277,Ver. JANAINA PASCHOAL (PP),PROC-CMSP,2026-03-06T14:16:00,2026-03-06T18:32:00,2026-07-07T12:20:25,Secretaria (SGP12),Em Condição de Pauta,,
CCJ,767954,2026-10-02,,PL 1185/2025,2206,Ver. SILVIA DA BANCADA FEMINISTA (PSOL),PROC-CMSP,2026-03-06T14:16:00,2026-03-06T18:32:00,2026-06-16T16:36:34,Relator(a),Estudo para manifestação do relator,,
CCJ,768002,2026-10-02,,PL 1187/2025,2282,Ver. LUCAS PAVANATO (PL),PROC-CMSP,2025-10-15T17:44:00,2025-10-16T23:44:00,2025-11-13T17:00:27,Relator(a),Assinar Relatório,,
CCJ,768116,2026-10-02,,PL 1188/2025,1636,Ver. DR. MILTON FERREIRA (PODE),PROC-CMSP,2025-10-21T07:46:00,2025-10-21T14:41:00,2025-11-04T12:48:51,Relator(a),Estudo para manifestação do relator,,
CCJ,768226,2026-10-02,,PL 1191/2025,2217,Ver. SANSÃO PEREIRA (REPUBLICANOS),PROC-CMSP,2026-03-06T14:16:00,2026-03-06T18:32:00,2026-08-04T12:56:21,Secretaria (SGP12),Em Condição de Pauta,,
CCJ,768227,2026-10-02,,PL 1192/2025,2217,Ver. SANSÃO PEREIRA (REPUBLICANOS),PROC-CMSP,2026-03-06T14:16:00,2026-03-06T18:32:00,2026-08-04T12:54:54,Secretaria (SGP12),Em Condição de Pauta,,
CCJ,768260,2026-10-02,,PL 1193/2025,2277,Ver. JANAINA PASCHOAL (PP),PROC-CMSP,2026-03-06T14:16:00,2026-03-06T18:32:00,2026-08-18T14:14:53,Secretaria (SGP12),Em Condição de Pauta,,
CCJ,768274,2026-10-02,,PL 1195/2025,2277,Ver. JANAINA PASCHOAL (PP),PROC-CMSP,2026-03-06T14:16:00,2026-03-06T18:32:00,2026-07-07T12:31:30,Secretaria (SGP12),Em Condição de Pauta,,
CCJ,768286,2026-10-02,,PL 1197/2025,2277,Ver. JANAINA PASCHOAL (PP),PROC-CMSP,2025-10-24T12:09:00,2025-10-28T13:54:00,2025-11-12T15:33:47,Secretaria (SGP12),Em Condição de Pauta,,
CCJ,768288,2026-10-02,,PL 1198/2025,2206,Ver. SILVIA DA BANCADA FEMINISTA (PSOL),PROC-CMSP,2025-10-24T12:09:00,2025-10-28T13:54:00,2025-11-25T16:46:41,Relator(a),Estudo para manifestação do relator,,
CCJ,768289,2026-10-02,,PL 1199/2025,2282,Ver. LUCAS PAVANATO (PL),PROC-CMSP,2026-03-06T14:16:00,2026-03-06T18:32:00,2026-07-06T18:58:29,Relator(a),Estudo para manifestação do relator,,
CCJ,768336,2026-10-02,,PL 1201/2025,2282,Ver. LUCAS PAVANATO (PL),PROC-CMSP,2025-10-24T12:09:00,2025-10-28T13:54:00,2025-11-14T16:06:06,Relator(a),Estudo para manifestação do relator,,
CCJ,768459,2026-10-02,,PL 1203/2025,2218,Ver. THAMMY MIRANDA (PSD),PROC-CMSP,2026-03-06T14:16:00,2026-03-06T18:32:00,2026-08-12T18:18:21,Secretaria (SGP12),Em Condição de Pauta,,
CCJ,768460,2026-10-02,,PL 1204/2025,2218,Ver. THAMMY MIRANDA (PSD),PROC-CMSP,2026-03-06T14:16:00,2026-03-06T18:26:00,2026-05-12T13:50:06,Secretaria (SGP12),Em Condição de Pauta,,
CCJ,768570,2026-10-02,,PL 1205/2025,1636,Ver. DR. MILTON FERREIRA (PODE),PROC-CMSP,2026-03-06T14:16:00,2026-03-06T18:26:00,2026-08-27T20:17:51,Secretaria (SGP12),Em Condição de Pauta,,
ADM,768571,2026-10-02,,PL 1206/2025,,,CCJ,2026-06-22T13:42:04,2026-07-08T17:38:00,2026-07-08T17:38:00,Presidente da Comissão,Designar Relator,,
CCJ,768575,2026-10-02,,PL 1207/2025,2217,Ver. SANSÃO PEREIRA (REPUBLICANOS),PROC-CMSP,2026-03-06T14:16:00,2026-03-06T18:26:00,2026-08-04T13:51:27,Secretaria (SGP12),Em Condição de Pauta,,
CCJ,768576,2026-10-02,,PL 1208/2025,2276,Ver. SILVÃO LEITE (UNIÃO),PROC-CMSP,2026-03-06T14:16:00,2026-03-06T18:26:00,2026-07-03T19:13:24,Relator(a),Estudo para manifestação do relator,,
CCJ,768577,2026-10-02,,PDL 103/2025,2218,Ver. THAMMY MIRANDA (PSD),PROC-CMSP,2025-10-15T17:44:00,2025-10-16T07:53:00,2026-06-30T16:01:18,Secretaria (SGP12),Aguardando Informações do(a) Autor(a),,
CCJ,768582,2026-10-02,,PL 1209/2025,2276,Ver. SILVÃO LEITE (UNIÃO),PROC-CMSP,2026-03-06T14:16:00,2026-03-06T18:26:00,2026-06-12T21:48:28,Relator(a),Estudo para manifestação do relator,,
CCJ,768583,2026-10-02,,PL 1210/2025,1636,Ver. DR. MILTON FERREIRA (PODE),PROC-CMSP,2025-10-30T19:23:00,2025-10-31T14:58:00,2026-08-21T13:51:13,Procuradoria,Para análise e envio ao(à) relator(a),,
CCJ,768675,2026-10-02,2026-10-06,PL 1211/2025,2282,Ver. LUCAS PAVANATO (PL),SGP21,2026-09-24T16:41:00,2026-09-24T19:43:00,2026-09-28T15:22:12,Procuradoria,Para análise e envio ao(à) relator(a),,
CCJ,768675,2026-10-07,,PL 1211/2025,2282,Ver. LUCAS PAVANATO (PL),SGP21,2026-09-24T16:41:00,2026-09-24T19:43:00,2026-10-07T18:38:01,Relator(a),Estudo para manifestação do relator,,
CCJ,768762,2026-10-02,,PL 1212/2025,2217,Ver. SANSÃO PEREIRA (REPUBLICANOS),PROC-CMSP,2025-10-30T19:23:00,2025-10-31T14:58:00,2025-12-02T17:01:30,Relator(a),Estudo para manifestação do relator,,
FIN,769000,2026-10-02,2026-10-07,PL 1213/2025,2221,Ver. ELI CORRÊA (UNIÃO),EDUC,2026-06-19T14:01:59,2026-06-22T15:29:00,2026-09-02T14:47:13,Consultoria (CTEO.1),Para análise,,
FIN,769000,2026-10-08,,PL 1213/2025,2221,Ver. ELI CORRÊA (UNIÃO),EDUC,2026-06-19T14:01:59,2026-06-22T15:29:00,2026-10-08T15:38:17,Relator(a),Estudo para manifestação do relator,,
CCJ,769057,2026-10-02,,PL 1214/2025,2277,Ver. JANAINA PASCHOAL (PP),PROC-CMSP,2026-03-06T14:16:00,2026-03-06T18:26:00,2026-06-09T16:10:33,Secretaria (SGP12),Em Condição de Pauta,,
CCJ,769058,2026-10-02,,PL 1215/2025,2218,Ver. THAMMY MIRANDA (PSD),PROC-CMSP,2025-10-15T17:44:00,2025-10-16T23:44:00,2026-03-25T18:04:22,Secretaria (SGP12),Adiado,,
CCJ,769061,2026-10-02,,PL 1216/2025,2218,Ver. THAMMY MIRANDA (PSD),PROC-CMSP,2026-03-06T14:16:00,2026-03-06T18:26:00,2026-08-19T16:13:51,Presidente da Comissão,Assinar Certidão de Votação,,
CCJ,769071,2026-10-02,,PL 1218/2025,2217,Ver. SANSÃO PEREIRA (REPUBLICANOS),PROC-CMSP,2026-03-06T14:16:00,2026-03-06T18:26:00,2026-09-17T18:58:15,Secretaria (SGP12),Em Condição de Pauta,,
CCJ,769086,2026-10-02,,PL 1219/2025,2276,Ver. SILVÃO LEITE (UNIÃO),PROC-CMSP,2025-10-15T17:44:00,2025-10-16T23:44:00,2025-10-23T15:53:24,Relator(a),Estudo para manifestação do relator,,
CCJ,769087,2026-10-02,,PL 1220/2025,1636,Ver. DR. MILTON FERREIRA (PODE),PROC-CMSP,2025-10-15T17:44:00,2025-10-16T18:16:00,2025-12-02T20:43:53,Secretaria (SGP12),Em Condição de Pauta,,
FIN,769120,2026-10-02,,PL 1222/2025,2219,Ver. MARCELO MESSIAS (MDB),EDUC,2026-09-17T16:38:30,2026-09-25T15:00:00,2026-09-30T15:24:58,Consultoria (CTEO.1),Para análise,,
CCJ,769395,2026-10-02,2026-10-06,PL 1223/2025,2277,Ver. JANAINA PASCHOAL (PP),SGP21,2026-09-24T16:41:00,2026-09-24T19:43:00,2026-09-30T21:39:24,Relator(a),Estudo para manifestação do relator,,
CCJ,769395,2026-10-07,,PL 1223/2025,2277,Ver. JANAINA PASCHOAL (PP),SGP21,2026-09-24T16:41:00,2026-09-24T19:43:00,2026-10-07T17:52:49,Secretaria (SGP12),Em Condição de Pauta,,
ECON,769525,2026-10-02,2026-10-05,PL 1225/2025,2249,Ver. NUNES PEIXEIRO (MDB),ADM,2026-05-29T18:52:02,2026-06-03T12:34:00,2026-09-03T14:35:46,Relator(a),Estudo para manifestação do relator,,
ECON,769525,2026-10-06,2026-10-06,PL 1225/2025,2249,Ver. NUNES PEIXEIRO (MDB),ADM,2026-05-29T18:52:02,2026-06-03T12:34:00,2026-10-06T17:09:20,Consultoria (SGP.53),Elaborar Minuta de Relatório,,
ECON,769525,2026-10-07,,PL 1225/2025,2249,Ver. NUNES PEIXEIRO (MDB),ADM,2026-05-29T18:52:02,2026-06-03T12:34:00,2026-10-07T11:17:45,Relator(a),Assinar Relatório,,
EDUC,769621,2026-10-02,,PL 1226/2025,2292,Ver. GUILHERME CORRÊA (UNIÃO),CCJ,2025-12-08T16:13:10,2025-12-09T11:13:00,2026-09-11T11:21:46,Relator(a),Estudo para manifestação do relator,,
CCJ,769638,2026-10-02,,PL 1227/2025,2217,Ver. SANSÃO PEREIRA (REPUBLICANOS),PROC-CMSP,2025-10-30T19:23:00,2025-10-31T14:58:00,2026-09-15T14:44:37,Relator(a),Estudo para manifestação do relator,,
CCJ,769644,2026-10-02,,PL 1228/2025,1636,Ver. DR. MILTON FERREIRA (PODE),PROC-CMSP,2025-10-30T19:23:00,2025-10-31T14:58:00,2025-11-17T17:59:57,Relator(a),Estudo para manifestação do relator,,
CCJ,769650,2026-10-02,,PL 1229/2025,1636,Ver. DR. MILTON FERREIRA (PODE),PROC-CMSP,2025-10-30T19:23:00,2025-10-31T15:09:00,2026-03-10T15:41:16,Relator(a),Assinar Relatório,,
CCJ,769671,2026-10-02,,PL 1230/2025,2277,Ver. JANAINA PASCHOAL (PP),PROC-CMSP,2025-10-30T19:23:00,2025-10-31T14:58:00,2025-12-02T12:43:32,Secretaria (SGP12),Em Condição de Pauta,,
CCJ,769769,2026-10-02,,PL 1231/2025,1636,Ver. DR. MILTON FERREIRA (PODE),PROC-CMSP,2026-03-06T14:16:00,2026-03-06T18:26:00,2026-07-24T17:57:05,Secretaria (SGP12),Em Condição de Pauta,,
CCJ,769821,2026-10-02,,PL 1232/2025,1636,Ver. DR. MILTON FERREIRA (PODE),PROC-CMSP,2026-03-06T14:16:00,2026-03-06T18:26:00,2026-04-17T15:44:59,Relator(a),Estudo para manifestação do relator,,
CCJ,769872,2026-10-02,,PL 1233/2025,1636,Ver. DR. MILTON FERREIRA (PODE),PROC-CMSP,2026-03-06T14:16:00,2026-03-06T18:26:00,2026-07-03T13:28:49,Relator(a),Estudo para manifestação do relator,,
CCJ,770052,2026-10-02,,PL 1234/2025,2254,Ver. LUNA ZARATTINI (PT),PROC-CMSP,2026-03-06T14:16:00,2026-03-06T18:26:00,2026-07-03T10:27:46,Relator(a),Estudo para manifestação do relator,,
FIN,770053,2026-10-02,,PL 1235/2025,2146,Ver. GILBERTO NASCIMENTO (PL),SAUDE,2026-05-14T23:38:47,2026-05-21T14:31:00,2026-09-02T14:47:13,Relator(a),Estudo para manifestação do relator,,
CCJ,770054,2026-10-02,,PL 1236/2025,2277,Ver. JANAINA PASCHOAL (PP),PROC-CMSP,2025-10-30T19:23:00,2025-10-31T14:58:00,2026-03-10T15:24:03,Relator(a),Assinar Relatório,,
CCJ,770056,2026-10-02,,PL 1237/2025,2254,Ver. LUNA ZARATTINI (PT),PROC-CMSP,2025-10-30T19:23:00,2025-10-31T14:58:00,2026-03-13T17:03:49,Relator(a),Estudo para manifestação do relator,,
CCJ,770108,2026-10-02,,PL 1238/2025,2282,Ver. LUCAS PAVANATO (PL),PROC-CMSP,2025-10-30T19:23:00,2025-10-31T14:58:00,2026-04-28T16:41:51,Secretaria (SGP12),Em Condição de Pauta,,
CCJ,770150,2026-10-02,,PL 1239/2025,2276,Ver. SILVÃO LEITE (UNIÃO),PROC-CMSP,2026-03-06T14:16:00,2026-03-06T18:26:00,2026-06-02T19:50:33,Relator(a),Estudo para manifestação do relator,,
CCJ,770337,2026-10-02,,PL 1240/2025,2276,Ver. SILVÃO LEITE (UNIÃO),PROC-CMSP,2025-11-06T18:35:00,2025-11-07T14:57:00,2025-11-14T15:54:18,Relator(a),Estudo para manifestação do relator,,
CCJ,770347,2026-10-02,,PL 1241/2025,2217,Ver. SANSÃO PEREIRA (REPUBLICANOS),PROC-CMSP,2026-03-06T14:16:00,2026-03-06T18:26:00,2026-08-04T13:05:44,Secretaria (SGP12),Em Condição de Pauta,,
CCJ,770383,2026-10-02,,PL 1242/2025,1636,Ver. DR. MILTON FERREIRA (PODE),PROC-CMSP,2025-10-30T19:23:00,2025-10-31T14:58:00,2025-12-03T17:22:23,Relator(a),Estudo para manifestação do relator,,
CCJ,770384,2026-10-02,,PL 1243/2025,2254,Ver. LUNA ZARATTINI (PT),PROC-CMSP,2026-03-06T14:16:00,2026-03-06T18:26:00,2026-06-23T15:02:11,Relator(a),Estudo para manifestação do relator,,
CCJ,770385,2026-10-02,,PL 1244/2025,2218,Ver. THAMMY MIRANDA (PSD),PROC-CMSP,2025-10-30T19:23:00,2025-10-31T14:58:00,2025-12-04T11:12:28,Secretaria (SGP12),Adiado,,
CCJ,770386,2026-10-02,,PL 1245/2025,2254,Ver. LUNA ZARATTINI (PT),PROC-CMSP,2026-03-06T14:16:00,2026-03-06T18:26:00,2026-07-03T13:28:47,Relator(a),Estudo para manifestação do relator,,
ADM,770405,2026-10-02,,PL 1247/2025,,,URB,2026-05-15T12:59:34,2026-05-19T14:26:00,2026-05-19T14:26:00,Presidente da Comissão,Designar Relator,,
CCJ,770476,2026-10-02,,PL 1248/2025,2218,Ver. THAMMY MIRANDA (PSD),PROC-CMSP,2025-10-30T19:23:00,2025-10-31T14:58:00,2026-05-05T17:28:05,Secretaria (SGP12),Em Condição de Pauta,,
CCJ,770478,2026-10-02,,PL 1249/2025,2218,Ver. THAMMY MIRANDA (PSD),PROC-CMSP,2025-10-30T19:23:00,2025-10-31T14:58:00,2026-09-09T18:26:42,Secretaria (SGP12),Aguardando Informações do Executivo,,
CCJ,770500,2026-10-02,,PL 1250/2025,2282,Ver. LUCAS PAVANATO (PL),PROC-CMSP,2025-10-30T19:23:00,2025-10-31T14:58:00,2025-11-10T16:45:22,Relator(a),Estudo para manifestação do relator,,
CCJ,770517,2026-10-02,,PL 1251/2025,2282,Ver. LUCAS PAVANATO (PL),PROC-CMSP,2025-10-30T19:23:00,2025-10-31T14:58:00,2025-11-26T17:43:46,Relator(a),Estudo para manifestação do relator,,
EDUC,770561,2026-10-02,,PL 1252/2025,,,CCJ,2025-12-18T16:39:22,2025-12-19T12:02:00,2025-12-19T12:02:00,Presidente da Comissão,Designar Relator,,
CCJ,770624,2026-10-02,,PL 1254/2025,2282,Ver. LUCAS PAVANATO (PL),PROC-CMSP,2026-03-06T14:16:00,2026-03-06T18:26:00,2026-08-05T23:41:01,Relator(a),Estudo para manifestação do relator,,
CCJ,770726,2026-10-02,,PL 1256/2025,1636,Ver. DR. MILTON FERREIRA (PODE),PROC-CMSP,2026-03-06T14:16:00,2026-03-06T18:26:00,2026-09-22T19:30:41,Secretaria (SGP12),Em Condição de Pauta,,
CCJ,770760,2026-10-02,,PL 1257/2025,2276,Ver. SILVÃO LEITE (UNIÃO),PROC-CMSP,2026-03-06T14:16:00,2026-03-06T18:26:00,2026-06-12T17:29:13,Relator(a),Estudo para manifestação do relator,,
CCJ,770793,2026-10-02,,PL 1258/2025,2206,Ver. SILVIA DA BANCADA FEMINISTA (PSOL),PROC-CMSP,2025-10-24T12:09:00,2025-10-28T13:54:00,2025-11-04T14:48:39,Relator(a),Estudo para manifestação do relator,,
CCJ,771013,2026-10-02,,PL 1260/2025,2282,Ver. LUCAS PAVANATO (PL),PROC-CMSP,2025-10-24T12:09:00,2025-10-28T13:54:00,2025-10-30T18:58:22,Relator(a),Assinar Pedido de Informação ao Executivo,,
CCJ,771014,2026-10-02,,PL 1261/2025,2282,Ver. LUCAS PAVANATO (PL),PROC-CMSP,2025-10-24T12:09:00,2025-10-28T13:54:00,2026-03-11T18:32:11,Relator(a),Assinar Pedido de Informação ao Executivo,,
CCJ,771026,2026-10-02,,PL 1262/2025,2276,Ver. SILVÃO LEITE (UNIÃO),PROC-CMSP,2026-03-06T14:16:00,2026-03-06T18:26:00,2026-07-02T15:43:54,Relator(a),Estudo para manifestação do relator,,
CCJ,771029,2026-10-02,,PL 1263/2025,2254,Ver. LUNA ZARATTINI (PT),PROC-CMSP,2026-03-06T14:16:00,2026-03-06T18:26:00,2026-03-17T17:22:52,Relator(a),Estudo para manifestação do relator,,
CCJ,771050,2026-10-02,,PR 83/2025,1636,Ver. DR. MILTON FERREIRA (PODE),PROC-CMSP,2025-11-13T11:13:00,2025-11-13T18:03:00,2026-09-09T15:46:51,Secretaria (SGP12),Aguardando Informações do(a) Autor(a),Observação Removida,
CCJ,771130,2026-10-02,,PL 1265/2025,2217,Ver. SANSÃO PEREIRA (REPUBLICANOS),PROC-CMSP,2026-03-06T14:16:00,2026-03-06T18:26:00,2026-08-04T13:49:49,Secretaria (SGP12),Em Condição de Pauta,,
CCJ,771368,2026-10-02,,PL 1266/2025,2218,Ver. THAMMY MIRANDA (PSD),PROC-CMSP,2025-10-24T12:09:00,2025-10-28T13:54:00,2026-09-09T16:05:12,Secretaria (SGP12),Em Condição de Pauta,,
CCJ,771369,2026-10-02,,PL 1267/2025,,,PROC-CMSP,2025-10-24T12:09:00,2025-10-28T13:54:00,2026-09-28T17:11:25,Presidente da Comissão,Designar Relator,,
CCJ,771371,2026-10-02,,PL 1269/2025,2217,Ver. SANSÃO PEREIRA (REPUBLICANOS),PROC-CMSP,2025-10-24T12:09:00,2025-10-28T13:54:00,2025-11-18T18:04:51,Secretaria (SGP12),Em Condição de Pauta,,
CCJ,771372,2026-10-02,2026-10-06,PL 1270/2025,2218,Ver. THAMMY MIRANDA (PSD),PROC-CMSP,2026-03-06T14:16:00,2026-03-06T18:26:00,2026-06-08T17:47:04,Secretaria (SGP12),Em Condição de Pauta,,
CCJ,771372,2026-10-07,,PL 1270/2025,2218,Ver. THAMMY MIRANDA (PSD),PROC-CMSP,2026-03-06T14:16:00,2026-03-06T18:26:00,2026-10-07T14:42:51,Secretaria (SGP12),Em Condição de Pauta,,
CCJ,771373,2026-10-02,,PL 1271/2025,2276,Ver. SILVÃO LEITE (UNIÃO),PROC-CMSP,2025-10-24T12:09:00,2025-10-28T13:54:00,2025-12-15T21:15:41,Secretaria (SGP12),Em Condição de Pauta,,
CCJ,771374,2026-10-02,,PL 1272/2025,2217,Ver. SANSÃO PEREIRA (REPUBLICANOS),PROC-CMSP,2026-03-06T14:16:00,2026-03-06T18:26:00,2026-08-04T13:24:27,Secretaria (SGP12),Em Condição de Pauta,,
EDUC,771375,2026-10-02,2026-10-06,PL 1273/2025,1989,Ver. GEORGE HATO (MDB),CCJ,2026-04-17T17:42:48,2026-04-23T09:34:00,2026-09-28T14:01:04,Secretaria (SGP12),Em Condição de Pauta,,
EDUC,771375,2026-10-07,,PL 1273/2025,1989,Ver. GEORGE HATO (MDB),CCJ,2026-04-17T17:42:48,2026-04-23T09:34:00,2026-10-07T18:04:10,Presidente da Comissão,Assinar Certidão de Votação,,
EDUC,771381,2026-10-02,,PL 1275/2025,2222,Ver. CRIS MONTEIRO (NOVO),CCJ,2025-12-15T16:38:52,2025-12-17T18:54:00,2026-09-08T17:25:42,Secretaria (SGP12),Em Condição de Pauta,,
FIN,771504,2026-10-02,2026-10-07,PL 1279/2025,2278,Ver. KEIT LIMA (PSOL),SAUDE,2026-08-25T14:38:15,2026-08-26T16:29:00,2026-09-02T11:48:04,Consultoria (CTEO.1),Para análise,,
FIN,771504,2026-10-08,,PL 1279/2025,2278,Ver. KEIT LIMA (PSOL),SAUDE,2026-08-25T14:38:15,2026-08-26T16:29:00,2026-10-08T15:40:21,Relator(a),Estudo para manifestação do relator,,
EDUC,771581,2026-10-02,2026-10-05,PL 1280/2025,2185,Ver. CELSO GIANNAZI (PSOL),CCJ,2026-06-22T13:43:56,2026-06-29T10:15:00,2026-10-01T15:52:08,Consultoria (SGP.52),Elaborar Minuta de Relatório,,
EDUC,771581,2026-10-06,,PL 1280/2025,2185,Ver. CELSO GIANNAZI (PSOL),CCJ,2026-06-22T13:43:56,2026-06-29T10:15:00,2026-10-06T15:34:22,Relator(a),Assinar Relatório,,
CCJ,771582,2026-10-02,,PL 1281/2025,2218,Ver. THAMMY MIRANDA (PSD),PROC-CMSP,2025-10-24T12:09:00,2025-10-28T13:54:00,2026-09-28T17:14:27,Procuradoria,Elaborar Minuta de Relatório,,
EDUC,771583,2026-10-02,2026-10-04,PL 1282/2025,2185,Ver. CELSO GIANNAZI (PSOL),CCJ,2026-08-13T18:08:38,2026-08-14T12:01:00,2026-08-27T12:51:28,Consultoria (SGP.52),Para análise,,
EDUC,771583,2026-10-05,,PL 1282/2025,2185,Ver. CELSO GIANNAZI (PSOL),CCJ,2026-08-13T18:08:38,2026-08-14T12:01:00,2026-10-05T16:36:53,Relator(a),Estudo para manifestação do relator,,
CCJ,771585,2026-10-02,,PL 1283/2025,2218,Ver. THAMMY MIRANDA (PSD),PROC-CMSP,2025-11-13T11:26:00,2025-11-13T18:03:00,2026-08-18T11:49:08,Secretaria (SGP12),Em Condição de Pauta,,
URB,771642,2026-10-02,,PL 1284/2025,,,CCJ,2026-09-04T20:18:57,2026-09-24T16:05:00,2026-09-24T17:02:46,Presidente da Comissão,Designar Relator,,
CCJ,771643,2026-10-02,,PL 1285/2025,2206,Ver. SILVIA DA BANCADA FEMINISTA (PSOL),PROC-CMSP,2025-10-24T12:09:00,2025-10-28T13:54:00,2026-08-07T16:38:22,Relator(a),Estudo para manifestação do relator,,
CCJ,771648,2026-10-02,,PL 1286/2025,2282,Ver. LUCAS PAVANATO (PL),PROC-CMSP,2026-03-13T16:00:00,2026-03-13T16:58:00,2026-05-27T22:17:43,Relator(a),Estudo para manifestação do relator,,
CCJ,771651,2026-10-02,,PL 1287/2025,2254,Ver. LUNA ZARATTINI (PT),PROC-CMSP,2026-03-06T14:16:00,2026-03-06T18:26:00,2026-06-23T15:02:11,Relator(a),Estudo para manifestação do relator,,
CCJ,771806,2026-10-02,,PL 1289/2025,2254,Ver. LUNA ZARATTINI (PT),PROC-CMSP,2026-03-06T14:16:00,2026-03-06T18:26:00,2026-05-12T09:26:19,Relator(a),Estudo para manifestação do relator,,
URB,771807,2026-10-02,,PL 1290/2025,2273,Ver. DR. MURILLO LIMA (PP),CCJ,2026-05-04T16:32:37,2026-05-05T11:20:00,2026-08-31T15:04:09,Relator(a),Estudo para manifestação do relator,,
CCJ,771808,2026-10-02,,PL 1291/2025,2282,Ver. LUCAS PAVANATO (PL),PROC-CMSP,2026-03-06T14:16:00,2026-03-06T18:21:00,2026-07-02T13:21:36,Relator(a),Estudo para manifestação do relator,,
CCJ,771809,2026-10-02,,PL 1292/2025,2276,Ver. SILVÃO LEITE (UNIÃO),PROC-CMSP,2026-03-06T14:16:00,2026-03-06T18:21:00,2026-07-02T13:21:37,Relator(a),Estudo para manifestação do relator,,
CCJ,771972,2026-10-02,,PL 1295/2025,1636,Ver. DR. MILTON FERREIRA (PODE),PROC-CMSP,2026-03-06T14:16:00,2026-03-06T18:21:00,2026-04-29T18:49:01,Secretaria (SGP12),Em Condição de Pauta,,
CCJ,771994,2026-10-02,,PL 1296/2025,2218,Ver. THAMMY MIRANDA (PSD),PROC-CMSP,2026-03-06T14:16:00,2026-03-06T18:21:00,2026-08-12T18:05:42,Secretaria (SGP12),Em Condição de Pauta,,
CCJ,772100,2026-10-02,,PL 1297/2025,1636,Ver. DR. MILTON FERREIRA (PODE),PROC-CMSP,2026-03-06T14:16:00,2026-03-06T18:21:00,2026-07-01T22:08:01,Relator(a),Estudo para manifestação do relator,,
CCJ,772101,2026-10-02,,PL 1298/2025,2282,Ver. LUCAS PAVANATO (PL),PROC-CMSP,2026-03-06T14:16:00,2026-03-06T18:21:00,2026-07-01T16:55:48,Relator(a),Estudo para manifestação do relator,,
CCJ,772103,2026-10-02,,PL 1299/2025,1636,Ver. DR. MILTON FERREIRA (PODE),PROC-CMSP,2026-03-06T14:16:00,2026-03-06T18:21:00,2026-06-11T17:37:16,Relator(a),Estudo para manifestação do relator,,
CCJ,772127,2026-10-02,,PL 1300/2025,2282,Ver. LUCAS PAVANATO (PL),PROC-CMSP,2026-03-06T14:16:00,2026-03-06T18:21:00,2026-05-14T16:35:28,Relator(a),Estudo para manifestação do relator,,
CCJ,772129,2026-10-02,,PL 1301/2025,2276,Ver. SILVÃO LEITE (UNIÃO),PROC-CMSP,2026-03-06T14:16:00,2026-03-06T18:21:00,2026-08-28T18:56:57,Relator(a),Estudo para manifestação do relator,,
CCJ,772155,2026-10-02,,PL 1302/2025,2276,Ver. SILVÃO LEITE (UNIÃO),PROC-CMSP,2026-03-06T14:16:00,2026-03-06T18:21:00,2026-07-01T16:55:49,Relator(a),Estudo para manifestação do relator,,
CCJ,772257,2026-10-02,,PL 1303/2025,2282,Ver. LUCAS PAVANATO (PL),PROC-CMSP,2025-11-13T11:13:00,2025-11-13T18:03:00,2025-12-04T12:41:59,Relator(a),Assinar Pedido de Informação ao Executivo,,
CCJ,772260,2026-10-02,,PL 1304/2025,2282,Ver. LUCAS PAVANATO (PL),PROC-CMSP,2025-11-13T11:13:00,2025-11-13T18:03:00,2025-12-04T12:40:44,Relator(a),Assinar Pedido de Informação ao Executivo,,
EDUC,772263,2026-10-02,2026-10-06,PL 1305/2025,1989,Ver. GEORGE HATO (MDB),CCJ,2026-05-14T17:39:20,2026-05-21T14:35:00,2026-09-28T14:02:02,Secretaria (SGP12),Em Condição de Pauta,,
EDUC,772263,2026-10-07,,PL 1305/2025,1989,Ver. GEORGE HATO (MDB),CCJ,2026-05-14T17:39:20,2026-05-21T14:35:00,2026-10-07T18:04:12,Presidente da Comissão,Assinar Certidão de Votação,,
CCJ,772330,2026-10-02,,PL 1306/2025,2218,Ver. THAMMY MIRANDA (PSD),PROC-CMSP,2026-03-06T14:16:00,2026-03-06T18:21:00,2026-07-01T16:55:50,Relator(a),Estudo para manifestação do relator,,
CCJ,772341,2026-10-02,,PL 1307/2025,2276,Ver. SILVÃO LEITE (UNIÃO),PROC-CMSP,2026-03-06T14:16:00,2026-03-06T18:21:00,2026-07-01T16:55:51,Relator(a),Estudo para manifestação do relator,,
CCJ,772348,2026-10-02,,PL 1308/2025,1636,Ver. DR. MILTON FERREIRA (PODE),PROC-CMSP,2026-03-06T14:16:00,2026-03-06T18:21:00,2026-07-01T16:55:52,Relator(a),Estudo para manifestação do relator,,
CCJ,772375,2026-10-02,,PL 1309/2025,2282,Ver. LUCAS PAVANATO (PL),PROC-CMSP,2026-03-06T14:16:00,2026-03-06T18:21:00,2026-05-20T15:46:40,Relator(a),Estudo para manifestação do relator,,
CCJ,772530,2026-10-02,,PL 1311/2025,1636,Ver. DR. MILTON FERREIRA (PODE),PROC-CMSP,2026-03-06T14:16:00,2026-03-06T18:21:00,2026-06-30T22:36:18,Relator(a),Estudo para manifestação do relator,,
CCJ,772549,2026-10-02,,PL 1312/2025,2276,Ver. SILVÃO LEITE (UNIÃO),PROC-CMSP,2025-11-06T18:35:00,2025-11-07T14:57:00,2026-06-30T16:01:17,Secretaria (SGP12),Aguardando Informações do(a) Autor(a),,
CCJ,772552,2026-10-02,,PL 1313/2025,2217,Ver. SANSÃO PEREIRA (REPUBLICANOS),PROC-CMSP,2026-03-06T14:16:00,2026-03-06T18:21:00,2026-08-04T13:16:44,Secretaria (SGP12),Em Condição de Pauta,,
CCJ,772558,2026-10-02,,PL 1315/2025,2276,Ver. SILVÃO LEITE (UNIÃO),PROC-CMSP,2026-03-06T14:16:00,2026-03-06T18:21:00,2026-04-08T17:01:47,Relator(a),Estudo para manifestação do relator,,
CCJ,772560,2026-10-02,2026-10-06,PL 1316/2025,2218,Ver. THAMMY MIRANDA (PSD),PROC-CMSP,2026-03-06T14:16:00,2026-03-06T18:21:00,2026-08-31T13:37:40,Secretaria (SGP12),Em Condição de Pauta,,
CCJ,772560,2026-10-07,,PL 1316/2025,2218,Ver. THAMMY MIRANDA (PSD),PROC-CMSP,2026-03-06T14:16:00,2026-03-06T18:21:00,2026-10-07T14:43:23,Secretaria (SGP12),Em Condição de Pauta,,
CCJ,772563,2026-10-02,,PL 1317/2025,2217,Ver. SANSÃO PEREIRA (REPUBLICANOS),PROC-CMSP,2026-03-06T14:16:00,2026-03-06T18:21:00,2026-08-04T13:52:17,Secretaria (SGP12),Em Condição de Pauta,,
ADM,772564,2026-10-02,,PL 1318/2025,,,CCJ,2026-06-22T13:41:52,2026-07-08T17:38:00,2026-07-08T17:38:00,Presidente da Comissão,Designar Relator,,
CCJ,772567,2026-10-02,,PL 1319/2025,2276,Ver. SILVÃO LEITE (UNIÃO),PROC-CMSP,2026-03-06T14:16:00,2026-03-06T18:21:00,2026-06-10T17:20:26,Relator(a),Estudo para manifestação do relator,,
CCJ,772570,2026-10-02,,PL 1320/2025,1636,Ver. DR. MILTON FERREIRA (PODE),PROC-CMSP,2025-10-30T19:23:00,2025-10-31T14:58:00,2025-11-25T16:59:42,Relator(a),Estudo para manifestação do relator,,
CCJ,772645,2026-10-02,,PL 1321/2025,2218,Ver. THAMMY MIRANDA (PSD),PROC-CMSP,2026-03-06T14:16:00,2026-03-06T18:21:00,2026-06-17T18:18:03,Secretaria (SGP12),Adiado,,
CCJ,772752,2026-10-02,,PL 1322/2025,2276,Ver. SILVÃO LEITE (UNIÃO),PROC-CMSP,2026-03-06T14:16:00,2026-03-06T18:21:00,2026-06-17T20:53:52,Relator(a),Estudo para manifestação do relator,,
CCJ,772756,2026-10-02,,PL 1323/2025,1636,Ver. DR. MILTON FERREIRA (PODE),PROC-CMSP,2026-03-13T16:09:00,2026-03-13T16:58:00,2026-04-16T17:45:56,Relator(a),Estudo para manifestação do relator,,
CCJ,772769,2026-10-02,,PL 1325/2025,2218,Ver. THAMMY MIRANDA (PSD),PROC-CMSP,2025-11-06T18:35:00,2025-11-07T14:57:00,2026-05-26T17:11:06,Relator(a),Estudo para manifestação do relator,,
CCJ,772779,2026-10-02,,PL 1326/2025,2217,Ver. SANSÃO PEREIRA (REPUBLICANOS),PROC-CMSP,2026-03-13T16:09:00,2026-03-13T16:58:00,2026-09-17T18:54:06,Secretaria (SGP12),Em Condição de Pauta,,
CCJ,772784,2026-10-02,,PL 1327/2025,2217,Ver. SANSÃO PEREIRA (REPUBLICANOS),PROC-CMSP,2026-03-06T14:16:00,2026-03-06T18:21:00,2026-06-17T20:53:51,Relator(a),Estudo para manifestação do relator,,
ADM,772790,2026-10-02,,PL 1328/2025,,,CCJ,2026-08-13T18:08:39,2026-08-14T18:49:00,2026-08-14T18:49:00,Presidente da Comissão,Designar Relator,,
CCJ,772796,2026-10-02,,PL 1329/2025,2217,Ver. SANSÃO PEREIRA (REPUBLICANOS),PROC-CMSP,2025-11-06T18:35:00,2025-11-07T14:57:00,2026-03-31T17:52:58,Secretaria (SGP12),Em Condição de Pauta,,
CCJ,772797,2026-10-02,,PL 1330/2025,2277,Ver. JANAINA PASCHOAL (PP),PROC-CMSP,2025-10-30T19:23:00,2025-10-31T14:58:00,2025-11-10T15:18:20,Secretaria (SGP12),Em Condição de Pauta,,
CCJ,772805,2026-10-02,,PL 1331/2025,2276,Ver. SILVÃO LEITE (UNIÃO),PROC-CMSP,2026-03-13T16:00:00,2026-03-13T16:58:00,2026-06-30T22:36:15,Relator(a),Estudo para manifestação do relator,,
CCJ,772917,2026-10-02,,PR 85/2025,2277,Ver. JANAINA PASCHOAL (PP),PROC-CMSP,2025-11-06T18:35:00,2025-11-07T14:57:00,2025-12-08T18:37:43,Secretaria (SGP12),Em Condição de Pauta,,
CCJ,773012,2026-10-02,,PL 1333/2025,2217,Ver. SANSÃO PEREIRA (REPUBLICANOS),PROC-CMSP,2026-03-13T16:00:00,2026-03-13T16:58:00,2026-08-04T13:14:37,Secretaria (SGP12),Em Condição de Pauta,,
CCJ,773116,2026-10-02,,PL 1336/2025,2282,Ver. LUCAS PAVANATO (PL),PROC-CMSP,2026-03-13T16:00:00,2026-03-13T16:58:00,2026-07-16T14:57:11,Relator(a),Estudo para manifestação do relator,,
CCJ,773214,2026-10-02,,PL 1338/2025,2254,Ver. LUNA ZARATTINI (PT),PROC-CMSP,2025-10-30T19:23:00,2025-10-31T14:58:00,2026-09-09T18:26:43,Secretaria (SGP12),Aguardando Informações do Executivo,,
CCJ,773237,2026-10-02,,PL 1339/2025,1636,Ver. DR. MILTON FERREIRA (PODE),PROC-CMSP,2025-10-30T19:23:00,2025-10-31T14:58:00,2025-11-10T18:39:58,Relator(a),Estudo para manifestação do relator,,
CCJ,773238,2026-10-02,,PL 1340/2025,2276,Ver. SILVÃO LEITE (UNIÃO),PROC-CMSP,2025-10-30T19:23:00,2025-10-31T14:58:00,2025-11-10T12:47:30,Relator(a),Estudo para manifestação do relator,,
CCJ,773239,2026-10-02,,PL 1341/2025,2218,Ver. THAMMY MIRANDA (PSD),PROC-CMSP,2025-10-30T19:23:00,2025-10-31T14:58:00,2025-12-03T15:35:21,Secretaria (SGP12),Em Condição de Pauta,,
CCJ,773240,2026-10-02,,PL 1342/2025,2217,Ver. SANSÃO PEREIRA (REPUBLICANOS),PROC-CMSP,2025-10-30T19:23:00,2025-10-31T14:58:00,2025-12-03T14:14:55,Secretaria (SGP12),Em Condição de Pauta,,
CCJ,773249,2026-10-02,,PL 1343/2025,2218,Ver. THAMMY MIRANDA (PSD),PROC-CMSP,2026-03-20T15:21:00,2026-03-20T18:25:00,2026-08-12T18:04:02,Secretaria (SGP12),Em Condição de Pauta,,
CCJ,773271,2026-10-02,,PR 86/2025,2218,Ver. THAMMY MIRANDA (PSD),PROC-CMSP,2025-11-13T11:13:00,2025-11-13T18:03:00,2026-06-30T16:01:18,Secretaria (SGP12),Aguardando Informações do(a) Autor(a),,
CCJ,773336,2026-10-02,,PR 87/2025,2206,Ver. SILVIA DA BANCADA FEMINISTA (PSOL),PROC-CMSP,2025-11-13T11:13:00,2025-11-13T18:03:00,2025-12-04T15:15:40,Secretaria (SGP12),Em Condição de Pauta,,
CCJ,773423,2026-10-02,,PL 1344/2025,2217,Ver. SANSÃO PEREIRA (REPUBLICANOS),PROC-CMSP,2026-03-20T15:21:00,2026-03-20T18:25:00,2026-08-04T13:47:59,Secretaria (SGP12),Em Condição de Pauta,,
EDUC,773486,2026-10-02,,PL 1345/2025,2222,Ver. CRIS MONTEIRO (NOVO),CCJ,2026-05-14T17:39:18,2026-05-21T14:34:00,2026-08-27T12:37:24,Relator(a),Estudo para manifestação do relator,,
CCJ,773513,2026-10-02,2026-10-06,PL 1346/2025,2218,Ver. THAMMY MIRANDA (PSD),PROC-CMSP,2026-03-06T14:16:00,2026-03-06T18:21:00,2026-04-29T17:44:51,Secretaria (SGP12),Em Condição de Pauta,,
CCJ,773513,2026-10-07,,PL 1346/2025,2218,Ver. THAMMY MIRANDA (PSD),PROC-CMSP,2026-03-06T14:16:00,2026-03-06T18:21:00,2026-10-07T14:43:59,Secretaria (SGP12),Em Condição de Pauta,,
CCJ,773607,2026-10-02,,PL 1347/2025,1636,Ver. DR. MILTON FERREIRA (PODE),PROC-CMSP,2026-03-06T14:16:00,2026-03-06T18:15:00,2026-06-03T14:25:13,Relator(a),Estudo para manifestação do relator,,
URB,773608,2026-10-02,,PL 1348/2025,,,CCJ,2026-08-06T15:11:53,2026-08-07T18:36:00,2026-08-07T18:36:00,Presidente da Comissão,Designar Relator,,
CCJ,773609,2026-10-02,,PL 1349/2025,2277,Ver. JANAINA PASCHOAL (PP),PROC-CMSP,2026-03-06T14:16:00,2026-03-06T18:15:00,2026-06-22T15:06:13,Secretaria (SGP12),Em Condição de Pauta,,
CCJ,773693,2026-10-02,,PL 1350/2025,1636,Ver. DR. MILTON FERREIRA (PODE),PROC-CMSP,2026-03-06T14:16:00,2026-03-06T18:15:00,2026-08-24T12:05:43,Relator(a),Estudo para manifestação do relator,,
CCJ,773866,2026-10-02,,PL 1351/2025,1636,Ver. DR. MILTON FERREIRA (PODE),PROC-CMSP,2026-03-06T14:16:00,2026-03-06T18:15:00,2026-06-17T20:53:49,Relator(a),Estudo para manifestação do relator,,
CCJ,773867,2026-10-02,,PL 1352/2025,2218,Ver. THAMMY MIRANDA (PSD),PROC-CMSP,2026-03-13T16:00:00,2026-03-13T16:48:00,2026-08-12T18:00:29,Secretaria (SGP12),Em Condição de Pauta,,
CCJ,773873,2026-10-02,,PL 1353/2025,2276,Ver. SILVÃO LEITE (UNIÃO),PROC-CMSP,2026-03-20T15:21:00,2026-03-20T18:13:00,2026-07-17T21:57:11,Relator(a),Estudo para manifestação do relator,,
CCJ,773875,2026-10-02,,PL 1354/2025,2282,Ver. LUCAS PAVANATO (PL),PROC-CMSP,2026-03-06T14:16:00,2026-03-06T18:15:00,2026-06-17T21:07:37,Relator(a),Estudo para manifestação do relator,,
CCJ,774263,2026-10-02,,PL 1355/2025,2254,Ver. LUNA ZARATTINI (PT),PROC-CMSP,2026-03-06T14:16:00,2026-03-09T14:55:00,2026-03-27T18:03:22,Relator(a),Estudo para manifestação do relator,,
FIN,774326,2026-10-02,,PL 1358/2025,2150,Ver. ANDRÉ SANTOS (REPUBLICANOS),EDUC,2026-09-17T16:40:26,2026-09-25T15:00:00,2026-09-30T15:24:58,Consultoria (CTEO.1),Para análise,,
FIN,774330,2026-10-02,,PL 1359/2025,2271,Ver. ANA CAROLINA OLIVEIRA (PODE),EDUC,2026-05-21T14:28:41,2026-05-21T17:59:00,2026-08-06T16:22:37,Relator(a),Estudo para manifestação do relator,,
FIN,774465,2026-10-02,,PDL 116/2025,2150,Ver. ANDRÉ SANTOS (REPUBLICANOS),EDUC,2026-06-01T15:52:00,2026-06-03T16:22:00,2026-09-02T16:20:31,Relator(a),Estudo para manifestação do relator,,
CCJ,774478,2026-10-02,,PR 89/2025,1636,Ver. DR. MILTON FERREIRA (PODE),PROC-CMSP,2025-11-06T18:35:00,2025-11-07T14:57:00,2025-11-14T16:06:08,Relator(a),Estudo para manifestação do relator,,
FIN,774505,2026-10-02,,PL 1362/2025,2150,Ver. ANDRÉ SANTOS (REPUBLICANOS),EDUC,2026-05-21T14:28:38,2026-05-21T17:59:00,2026-08-06T16:20:31,Relator(a),Estudo para manifestação do relator,,
CCJ,774506,2026-10-02,,PL 1363/2025,2218,Ver. THAMMY MIRANDA (PSD),PROC-CMSP,2026-03-06T14:16:00,2026-03-06T18:15:00,2026-08-12T17:58:43,Secretaria (SGP12),Em Condição de Pauta,,
FIN,774507,2026-10-02,,PL 1364/2025,2146,Ver. GILBERTO NASCIMENTO (PL),EDUC,2026-06-01T15:51:49,2026-06-03T15:56:00,2026-09-02T14:47:36,Relator(a),Assinar Relatório,,
FIN,774575,2026-10-02,,PL 1365/2025,2146,Ver. GILBERTO NASCIMENTO (PL),EDUC,2026-05-11T15:17:52,2026-05-12T14:15:00,2026-09-02T14:45:05,Relator(a),Assinar Relatório,,
FIN,774629,2026-10-02,2026-10-07,PL 1366/2025,2271,Ver. ANA CAROLINA OLIVEIRA (PODE),SAUDE,2026-08-25T14:38:14,2026-08-26T16:29:00,2026-08-31T16:41:13,Consultoria (CTEO.1),Para análise,,
FIN,774629,2026-10-08,,PL 1366/2025,2271,Ver. ANA CAROLINA OLIVEIRA (PODE),SAUDE,2026-08-25T14:38:14,2026-08-26T16:29:00,2026-10-08T15:43:04,Relator(a),Estudo para manifestação do relator,,
CCJ,774631,2026-10-02,,PL 1367/2025,2254,Ver. LUNA ZARATTINI (PT),PROC-CMSP,2026-03-20T15:21:00,2026-03-20T18:13:00,2026-07-17T21:57:11,Relator(a),Estudo para manifestação do relator,,
CCJ,774632,2026-10-02,,PL 1368/2025,2282,Ver. LUCAS PAVANATO (PL),PROC-CMSP,2026-03-06T14:16:00,2026-03-06T18:15:00,2026-05-14T16:35:30,Relator(a),Estudo para manifestação do relator,,
CCJ,774689,2026-10-02,,PL 1369/2025,2282,Ver. LUCAS PAVANATO (PL),PROC-CMSP,2026-03-20T15:21:00,2026-03-20T18:13:00,2026-04-17T15:44:59,Relator(a),Estudo para manifestação do relator,,
CCJ,774694,2026-10-02,,PL 1370/2025,2218,Ver. THAMMY MIRANDA (PSD),PROC-CMSP,2026-03-20T15:21:00,2026-03-20T18:13:00,2026-09-15T13:26:53,Secretaria (SGP12),Em Condição de Pauta,,
CCJ,774759,2026-10-02,,PL 1371/2025,2282,Ver. LUCAS PAVANATO (PL),PROC-CMSP,2025-11-06T18:35:00,2025-11-07T14:57:00,2025-11-26T17:43:50,Relator(a),Estudo para manifestação do relator,,
CCJ,774811,2026-10-02,,PL 1372/2025,2277,Ver. JANAINA PASCHOAL (PP),PROC-CMSP,2026-03-20T15:21:00,2026-03-20T18:13:00,2026-07-16T14:10:39,Secretaria (SGP12),Em Condição de Pauta,,
CCJ,774815,2026-10-02,,PL 1373/2025,2277,Ver. JANAINA PASCHOAL (PP),PROC-CMSP,2025-12-04T16:42:00,2025-12-04T17:03:00,2026-03-20T13:46:44,Secretaria (SGP12),Em Condição de Pauta,,
CCJ,774855,2026-10-02,,PL 1374/2025,2276,Ver. SILVÃO LEITE (UNIÃO),PROC-CMSP,2026-03-06T14:16:00,2026-03-06T18:15:00,2026-06-18T14:50:59,Relator(a),Estudo para manifestação do relator,,
CCJ,774863,2026-10-02,,PL 1375/2025,2254,Ver. LUNA ZARATTINI (PT),PROC-CMSP,2026-03-06T14:16:00,2026-03-06T19:12:00,2026-05-18T20:53:56,Relator(a),Estudo para manifestação do relator,,
CCJ,774864,2026-10-02,,PL 1376/2025,2254,Ver. LUNA ZARATTINI (PT),PROC-CMSP,2026-03-06T14:16:00,2026-03-06T18:15:00,2026-06-12T21:48:26,Relator(a),Estudo para manifestação do relator,,
CCJ,774866,2026-10-02,,PL 1377/2025,2206,Ver. SILVIA DA BANCADA FEMINISTA (PSOL),PROC-CMSP,2026-03-20T15:21:00,2026-03-20T18:13:00,2026-07-17T18:37:39,Relator(a),Estudo para manifestação do relator,,
CCJ,775030,2026-10-02,,PDL 118/2025,2218,Ver. THAMMY MIRANDA (PSD),PROC-CMSP,2025-11-13T11:13:00,2025-11-13T18:03:00,2026-04-27T17:51:48,Secretaria (SGP12),Em Condição de Pauta,,
CCJ,775109,2026-10-02,,PL 1378/2025,1636,Ver. DR. MILTON FERREIRA (PODE),PROC-CMSP,2026-03-20T15:29:00,2026-03-20T18:13:00,2026-07-24T17:59:12,Secretaria (SGP12),Em Condição de Pauta,,
ADM,775279,2026-10-02,,PL 1381/2025,,,CCJ,2026-08-06T15:11:51,2026-08-07T18:17:00,2026-08-07T18:17:00,Presidente da Comissão,Designar Relator,,
CCJ,775463,2026-10-02,,PR 91/2025,1636,Ver. DR. MILTON FERREIRA (PODE),PROC-CMSP,2025-11-13T11:13:00,2025-11-13T18:03:00,2025-12-04T16:24:49,Secretaria (SGP12),Em Condição de Pauta,,
EDUC,775483,2026-10-02,,PDL 121/2025,1989,Ver. GEORGE HATO (MDB),CCJ,2026-06-22T13:44:02,2026-06-29T10:15:00,2026-09-16T14:18:38,Relator(a),Estudo para manifestação do relator,,
CCJ,775485,2026-10-02,,PL 1383/2025,2282,Ver. LUCAS PAVANATO (PL),PROC-CMSP,2025-11-13T11:13:00,2025-11-13T18:03:00,2025-11-18T19:33:12,Relator(a),Assinar Pedido de Informação ao Executivo,,
CCJ,775498,2026-10-02,,PL 1384/2025,2218,Ver. THAMMY MIRANDA (PSD),PROC-CMSP,2026-03-06T14:16:00,2026-03-06T18:15:00,2026-09-21T19:20:22,Secretaria (SGP12),Em Condição de Pauta,,
CCJ,775499,2026-10-02,,PL 1385/2025,2218,Ver. THAMMY MIRANDA (PSD),PROC-CMSP,2025-11-13T11:13:00,2025-11-13T18:03:00,2026-06-08T18:04:05,Secretaria (SGP12),Em Condição de Pauta,,
CCJ,775637,2026-10-02,,PL 1386/2025,2254,Ver. LUNA ZARATTINI (PT),PROC-CMSP,2025-11-13T11:13:00,2025-11-13T18:03:00,2026-05-12T19:59:39,Relator(a),Estudo para manifestação do relator,,
CCJ,775652,2026-10-02,,PL 1387/2025,2276,Ver. SILVÃO LEITE (UNIÃO),PROC-CMSP,2026-03-27T15:59:00,2026-03-30T16:12:00,2026-08-17T17:42:57,Relator(a),Estudo para manifestação do relator,,
CCJ,775656,2026-10-02,,PL 1388/2025,2282,Ver. LUCAS PAVANATO (PL),PROC-CMSP,2026-03-27T15:59:00,2026-03-30T16:12:00,2026-08-17T17:42:58,Relator(a),Estudo para manifestação do relator,,
CCJ,775657,2026-10-02,,PL 1389/2025,2282,Ver. LUCAS PAVANATO (PL),PROC-CMSP,2026-03-27T15:59:00,2026-03-30T16:12:00,2026-08-13T16:51:54,Relator(a),Estudo para manifestação do relator,,
SAUDE,775857,2026-10-02,,PL 1391/2025,2222,Ver. CRIS MONTEIRO (NOVO),SGP12,2026-08-11T20:38:00,2026-08-12T18:51:00,2026-08-12T18:57:24,Secretaria (SGP12),Aguardando Audiência Pública,,
CCJ,775876,2026-10-02,,PL 1392/2025,1636,Ver. DR. MILTON FERREIRA (PODE),PROC-CMSP,2026-03-06T15:10:00,2026-03-06T18:15:00,2026-08-19T16:13:53,Presidente da Comissão,Assinar Certidão de Votação,,
FIN,775877,2026-10-02,2026-10-07,PL 1393/2025,2146,Ver. GILBERTO NASCIMENTO (PL),EDUC,2026-06-19T14:01:57,2026-06-22T15:27:00,2026-08-31T16:41:13,Consultoria (CTEO.1),Para análise,,
FIN,775877,2026-10-08,,PL 1393/2025,2146,Ver. GILBERTO NASCIMENTO (PL),EDUC,2026-06-19T14:01:57,2026-06-22T15:27:00,2026-10-08T15:44:59,Relator(a),Estudo para manifestação do relator,,
CCJ,775879,2026-10-02,,PL 1394/2025,2276,Ver. SILVÃO LEITE (UNIÃO),PROC-CMSP,2026-03-06T14:16:00,2026-03-06T18:15:00,2026-03-17T17:22:55,Relator(a),Estudo para manifestação do relator,,
CCJ,775882,2026-10-02,,PL 1395/2025,2276,Ver. SILVÃO LEITE (UNIÃO),PROC-CMSP,2026-03-06T14:16:00,2026-03-06T18:15:00,2026-05-14T16:35:26,Relator(a),Estudo para manifestação do relator,,
CCJ,775884,2026-10-02,,PL 1396/2025,2217,Ver. SANSÃO PEREIRA (REPUBLICANOS),PROC-CMSP,2026-03-27T15:59:00,2026-03-30T16:12:00,2026-09-17T18:50:04,Secretaria (SGP12),Em Condição de Pauta,,
CCJ,775973,2026-10-02,,PL 1398/2025,2217,Ver. SANSÃO PEREIRA (REPUBLICANOS),SGP21,2026-09-24T16:41:00,2026-09-24T19:43:00,2026-09-25T12:50:02,Procuradoria,Para análise e envio ao(à) relator(a),,
CCJ,776014,2026-10-02,,PL 1399/2025,2276,Ver. SILVÃO LEITE (UNIÃO),PROC-CMSP,2025-11-13T11:13:00,2025-11-13T18:03:00,2026-04-22T22:21:58,Relator(a),Estudo para manifestação do relator,,
CCJ,776022,2026-10-02,,PL 1400/2025,1636,Ver. DR. MILTON FERREIRA (PODE),PROC-CMSP,2026-03-06T14:16:00,2026-03-06T18:15:00,2026-06-12T21:48:29,Relator(a),Estudo para manifestação do relator,,
CCJ,776104,2026-10-02,,PL 1401/2025,2276,Ver. SILVÃO LEITE (UNIÃO),PROC-CMSP,2026-03-06T14:16:00,2026-03-06T18:21:00,2026-06-22T12:48:51,Relator(a),Estudo para manifestação do relator,,
CCJ,776107,2026-10-02,,PR 92/2025,2276,Ver. SILVÃO LEITE (UNIÃO),PROC-CMSP,2025-11-13T11:13:00,2025-11-13T18:03:00,2025-12-15T21:34:37,Secretaria (SGP12),Em Condição de Pauta,,
CCJ,776285,2026-10-02,,PL 1403/2025,1636,Ver. DR. MILTON FERREIRA (PODE),PROC-CMSP,2025-11-13T11:13:00,2025-11-13T18:44:00,2026-04-22T22:21:57,Relator(a),Estudo para manifestação do relator,,
CCJ,776291,2026-10-02,,PL 1404/2025,1636,Ver. DR. MILTON FERREIRA (PODE),PROC-CMSP,2026-03-27T15:59:00,2026-03-30T16:12:00,2026-08-17T14:51:46,Relator(a),Estudo para manifestação do relator,,
CCJ,776292,2026-10-02,,PL 1405/2025,2206,Ver. SILVIA DA BANCADA FEMINISTA (PSOL),PROC-CMSP,2026-03-06T14:16:00,2026-03-06T18:13:00,2026-06-08T16:35:15,Relator(a),Estudo para manifestação do relator,,
CCJ,776314,2026-10-02,,PL 1406/2025,2276,Ver. SILVÃO LEITE (UNIÃO),PROC-CMSP,2026-03-06T14:16:00,2026-03-06T18:13:00,2026-06-08T16:35:17,Relator(a),Estudo para manifestação do relator,,
CCJ,776347,2026-10-02,,PL 1407/2025,2282,Ver. LUCAS PAVANATO (PL),PROC-CMSP,2026-03-06T14:16:00,2026-03-06T18:13:00,2026-06-10T16:02:20,Relator(a),Estudo para manifestação do relator,,
CCJ,776413,2026-10-02,,PL 1409/2025,1636,Ver. DR. MILTON FERREIRA (PODE),PROC-CMSP,2025-11-13T11:13:00,2025-11-13T12:50:00,2025-11-25T18:42:53,Presidente da Comissão,Assinar Pedido de Informação ao Executivo,,
CCJ,776450,2026-10-02,,PR 93/2025,2218,Ver. THAMMY MIRANDA (PSD),PROC-CMSP,2026-03-06T15:10:00,2026-03-06T18:46:00,2026-05-11T19:01:17,Secretaria (SGP12),Aguardando Informações do(a) Autor(a),,
CCJ,776598,2026-10-02,,PL 1410/2025,2217,Ver. SANSÃO PEREIRA (REPUBLICANOS),PROC-CMSP,2026-03-06T14:16:00,2026-03-06T18:13:00,2026-08-19T17:36:57,Secretaria (SGP12),Adiado,,
CCJ,776643,2026-10-02,,PL 1412/2025,2254,Ver. LUNA ZARATTINI (PT),PROC-CMSP,2026-03-27T15:59:00,2026-03-30T15:06:00,2026-08-14T14:25:15,Relator(a),Estudo para manifestação do relator,,
CCJ,776644,2026-10-02,,PL 1413/2025,2206,Ver. SILVIA DA BANCADA FEMINISTA (PSOL),PROC-CMSP,2026-03-06T14:16:00,2026-03-06T18:13:00,2026-04-29T17:44:49,Relator(a),Estudo para manifestação do relator,,
CCJ,776645,2026-10-02,,PL 1414/2025,2206,Ver. SILVIA DA BANCADA FEMINISTA (PSOL),PROC-CMSP,2026-04-02T19:04:00,2026-04-06T12:00:00,2026-04-06T12:00:00,Presidente da Comissão,Designar Relator,,
CCJ,776646,2026-10-02,2026-10-06,PL 1415/2025,2277,Ver. JANAINA PASCHOAL (PP),PROC-CMSP,2026-03-20T15:21:00,2026-03-20T18:13:00,2026-08-05T18:00:32,Secretaria (SGP12),Em Condição de Pauta,,
CCJ,776646,2026-10-07,,PL 1415/2025,2277,Ver. JANAINA PASCHOAL (PP),PROC-CMSP,2026-03-20T15:21:00,2026-03-20T18:13:00,2026-10-07T14:44:32,Secretaria (SGP12),Em Condição de Pauta,,
CCJ,776647,2026-10-02,,PL 1416/2025,2254,Ver. LUNA ZARATTINI (PT),PROC-CMSP,2026-03-06T14:16:00,2026-03-06T18:13:00,2026-04-01T13:49:26,Relator(a),Estudo para manifestação do relator,,
CCJ,776648,2026-10-02,,PL 1417/2025,2282,Ver. LUCAS PAVANATO (PL),PROC-CMSP,2026-03-06T14:16:00,2026-03-06T18:13:00,2026-04-23T15:11:53,Relator(a),Estudo para manifestação do relator,,
CCJ,776649,2026-10-02,,PL 1418/2025,2254,Ver. LUNA ZARATTINI (PT),PROC-CMSP,2026-04-02T19:04:00,2026-04-06T12:00:00,2026-04-06T12:00:00,Presidente da Comissão,Designar Relator,,
CCJ,776650,2026-10-02,,PL 1419/2025,2282,Ver. LUCAS PAVANATO (PL),PROC-CMSP,2026-04-10T18:59:00,2026-04-16T10:33:00,2026-08-28T18:56:58,Relator(a),Estudo para manifestação do relator,,
CCJ,776651,2026-10-02,,PL 1420/2025,2254,Ver. LUNA ZARATTINI (PT),PROC-CMSP,2026-04-10T18:59:00,2026-04-13T13:50:00,2026-08-20T15:59:59,Relator(a),Estudo para manifestação do relator,,
EDUC,776763,2026-10-02,,PL 1421/2025,,,CCJ,2025-12-18T16:36:57,2025-12-19T12:01:00,2025-12-19T12:01:00,Presidente da Comissão,Designar Relator,,
CCJ,776789,2026-10-02,,PL 1422/2025,1636,Ver. DR. MILTON FERREIRA (PODE),PROC-CMSP,2026-04-10T18:59:00,2026-04-13T13:50:00,2026-08-28T18:56:59,Relator(a),Estudo para manifestação do relator,,
CCJ,777013,2026-10-02,,PL 1423/2025,2276,Ver. SILVÃO LEITE (UNIÃO),PROC-CMSP,2026-04-10T18:59:00,2026-04-13T13:51:00,2026-08-20T16:00:02,Relator(a),Estudo para manifestação do relator,,
CCJ,777048,2026-10-02,,PL 1424/2025,2254,Ver. LUNA ZARATTINI (PT),PROC-CMSP,2026-04-10T18:59:00,2026-04-13T13:50:00,2026-06-02T15:59:10,Relator(a),Estudo para manifestação do relator,,
FIN,777075,2026-10-02,,PL 1425/2025,2246,Ver. MAJOR PALUMBO (PP),EDUC,2026-09-08T16:31:44,2026-09-09T12:02:00,2026-09-30T15:24:58,Consultoria (CTEO.1),Para análise,,
CCJ,777113,2026-10-02,,PL 1426/2025,2282,Ver. LUCAS PAVANATO (PL),PROC-CMSP,2026-04-02T19:04:00,2026-04-06T12:00:00,2026-09-21T15:08:51,Secretaria (SGP12),Em Condição de Pauta,,
CCJ,777349,2026-10-02,,PL 1429/2025,2217,Ver. SANSÃO PEREIRA (REPUBLICANOS),PROC-CMSP,2026-03-06T14:16:00,2026-03-06T18:13:00,2026-08-04T12:52:11,Secretaria (SGP12),Em Condição de Pauta,,
CCJ,777525,2026-10-02,,PL 1433/2025,2217,Ver. SANSÃO PEREIRA (REPUBLICANOS),PROC-CMSP,2026-04-22T14:42:00,2026-04-22T17:49:00,2026-09-17T19:02:46,Secretaria (SGP12),Em Condição de Pauta,,
CCJ,777590,2026-10-02,,PL 1435/2025,2254,Ver. LUNA ZARATTINI (PT),PROC-CMSP,2025-11-27T18:45:00,2025-12-02T11:10:00,2026-08-05T23:40:54,Relator(a),Estudo para manifestação do relator,,
CCJ,777591,2026-10-02,,PL 1436/2025,2276,Ver. SILVÃO LEITE (UNIÃO),PROC-CMSP,2026-04-10T18:59:00,2026-04-13T13:50:00,2026-08-21T16:42:57,Relator(a),Estudo para manifestação do relator,,
CCJ,777597,2026-10-02,,PL 1437/2025,2277,Ver. JANAINA PASCHOAL (PP),PROC-CMSP,2026-04-22T14:42:00,2026-04-22T17:49:00,2026-09-04T16:45:30,Secretaria (SGP12),Em Condição de Pauta,,
CCJ,777608,2026-10-02,,PL 1438/2025,2282,Ver. LUCAS PAVANATO (PL),PROC-CMSP,2026-04-22T14:42:00,2026-04-22T17:49:00,2026-08-28T13:24:13,Relator(a),Estudo para manifestação do relator,,
CCJ,777623,2026-10-02,,PL 1439/2025,1636,Ver. DR. MILTON FERREIRA (PODE),PROC-CMSP,2026-04-10T18:59:00,2026-04-13T13:50:00,2026-08-19T20:58:21,Relator(a),Estudo para manifestação do relator,,
CCJ,777625,2026-10-02,,PL 1440/2025,1636,Ver. DR. MILTON FERREIRA (PODE),PROC-CMSP,2026-03-06T14:16:00,2026-03-06T18:08:00,2026-06-18T20:08:44,Relator(a),Estudo para manifestação do relator,,
CCJ,777628,2026-10-02,,PL 1441/2025,2217,Ver. SANSÃO PEREIRA (REPUBLICANOS),PROC-CMSP,2026-04-22T14:42:00,2026-04-22T17:49:00,2026-09-17T18:30:16,Secretaria (SGP12),Em Condição de Pauta,,
CCJ,777631,2026-10-02,,PL 1442/2025,1636,Ver. DR. MILTON FERREIRA (PODE),PROC-CMSP,2026-04-22T14:42:00,2026-04-22T17:49:00,2026-08-27T16:48:45,Relator(a),Estudo para manifestação do relator,,
CCJ,777632,2026-10-02,,PL 1443/2025,2277,Ver. JANAINA PASCHOAL (PP),PROC-CMSP,2026-03-06T14:16:00,2026-03-06T18:08:00,2026-06-24T16:04:48,Secretaria (SGP12),Em Condição de Pauta,,
CCJ,777633,2026-10-02,,PL 1444/2025,2276,Ver. SILVÃO LEITE (UNIÃO),PROC-CMSP,2026-05-07T16:09:00,2026-05-07T18:50:00,2026-09-09T13:30:19,Relator(a),Estudo para manifestação do relator,,
CCJ,777684,2026-10-02,,PR 95/2025,2218,Ver. THAMMY MIRANDA (PSD),PROC-CMSP,2025-12-04T16:42:00,2025-12-04T17:03:00,2026-03-19T15:26:45,Secretaria (SGP12),Em Condição de Pauta,,
CCJ,777741,2026-10-02,,PL 1448/2025,2254,Ver. LUNA ZARATTINI (PT),PROC-CMSP,2025-11-27T18:45:00,2025-12-02T11:10:00,2026-03-12T12:51:46,Relator(a),Assinar Pedido de Informação ao Executivo,,
EDUC,777743,2026-10-02,,PDL 124/2025,,,CCJ,2026-03-12T18:19:53,2026-03-13T15:27:00,2026-03-13T15:27:00,Presidente da Comissão,Designar Relator,,
CCJ,777790,2026-10-02,,PL 1450/2025,2282,Ver. LUCAS PAVANATO (PL),PROC-CMSP,2025-11-27T18:45:00,2025-12-02T11:10:00,2026-03-10T16:38:00,Relator(a),Estudo para manifestação do relator,,
ADM,777791,2026-10-02,,PL 1451/2025,2275,Ver. GABRIEL ABREU (PODE),CCJ,2026-03-19T18:17:59,2026-03-24T17:08:00,2026-05-26T18:07:59,Relator(a),Estudo para manifestação do relator,,
ADM,777792,2026-10-02,,PL 1452/2025,2268,Ver. AMANDA VETTORAZZO (UNIÃO),CCJ,2026-06-22T13:42:03,2026-07-08T17:38:00,2026-08-19T14:45:45,Secretaria (SGP12),Em Condição de Pauta,,
CCJ,777795,2026-10-02,,PL 1453/2025,1636,Ver. DR. MILTON FERREIRA (PODE),PROC-CMSP,2026-03-06T14:16:00,2026-03-06T18:08:00,2026-09-22T19:31:32,Secretaria (SGP12),Em Condição de Pauta,,
FIN,777873,2026-10-02,,PDL 125/2025,2219,Ver. MARCELO MESSIAS (MDB),EDUC,2026-08-18T14:54:43,2026-08-20T10:48:00,2026-09-30T15:54:06,Consultoria (CTEO.1),Para análise,,
CCJ,778013,2026-10-02,,PL 1454/2025,1636,Ver. DR. MILTON FERREIRA (PODE),PROC-CMSP,2026-05-07T16:09:00,2026-05-07T18:50:00,2026-09-09T13:30:20,Relator(a),Estudo para manifestação do relator,,
CCJ,778044,2026-10-02,,PL 1455/2025,2254,Ver. LUNA ZARATTINI (PT),PROC-CMSP,2026-05-15T13:21:00,2026-05-15T17:31:00,2026-09-30T16:08:21,Relator(a),Estudo para manifestação do relator,,
CCJ,778049,2026-10-02,,PL 1456/2025,2276,Ver. SILVÃO LEITE (UNIÃO),PROC-CMSP,2026-03-06T14:16:00,2026-03-06T18:08:00,2026-03-13T18:36:33,Relator(a),Estudo para manifestação do relator,,
CCJ,778118,2026-10-02,,PL 1457/2025,2254,Ver. LUNA ZARATTINI (PT),PROC-CMSP,2025-12-04T16:42:00,2025-12-04T17:03:00,2026-03-12T12:51:40,Relator(a),Assinar Pedido de Informação ao Executivo,,
SAUDE,778227,2026-10-02,,PL 1458/2025,2281,Ver. SIMONE GANEM (PODE),ECON,2026-06-03T12:33:36,2026-06-10T11:49:00,2026-08-14T18:36:32,Relator(a),Assinar Relatório,,
FIN,778354,2026-10-02,,PDL 127/2025,2150,Ver. ANDRÉ SANTOS (REPUBLICANOS),EDUC,2026-09-17T16:38:23,2026-09-25T15:00:00,2026-09-30T15:54:06,Consultoria (CTEO.1),Para análise,,
CCJ,778356,2026-10-02,2026-10-05,PL 1459/2025,2282,Ver. LUCAS PAVANATO (PL),PROC-CMSP,2026-05-15T13:21:00,2026-05-15T17:31:00,2026-05-26T22:45:47,Procuradoria,Para análise e envio ao(à) relator(a),,
CCJ,778356,2026-10-06,,PL 1459/2025,2282,Ver. LUCAS PAVANATO (PL),PROC-CMSP,2026-05-15T13:21:00,2026-05-15T17:31:00,2026-10-06T21:22:31,Relator(a),Estudo para manifestação do relator,,
CCJ,778683,2026-10-02,,PL 1460/2025,2277,Ver. JANAINA PASCHOAL (PP),PROC-CMSP,2026-04-10T18:59:00,2026-04-13T13:50:00,2026-05-13T18:02:59,Secretaria (SGP12),Em Condição de Pauta,,
CCJ,778763,2026-10-02,,PL 1462/2025,1636,Ver. DR. MILTON FERREIRA (PODE),PROC-CMSP,2026-03-06T14:16:00,2026-03-06T18:08:00,2026-06-12T21:48:25,Relator(a),Estudo para manifestação do relator,,
EDUC,778890,2026-10-02,,PDL 128/2025,2292,Ver. GUILHERME CORRÊA (UNIÃO),CCJ,2026-09-04T20:18:36,2026-09-08T18:12:00,2026-09-23T18:36:04,Relator(a),Estudo para manifestação do relator,,
CCJ,778929,2026-10-02,,PR 97/2025,2217,Ver. SANSÃO PEREIRA (REPUBLICANOS),PROC-CMSP,2026-03-06T15:10:00,2026-03-06T18:46:00,2026-03-23T15:59:15,Relator(a),Estudo para manifestação do relator,,
URB,778931,2026-10-02,2026-10-05,PL 1463/2025,,,CCJ,2026-08-06T15:12:08,2026-08-07T18:33:00,2026-08-07T18:33:00,Presidente da Comissão,Designar Relator,,
URB,778931,2026-10-06,2026-10-06,PL 1463/2025,2272,Ver. DHEISON SILVA (PT),CCJ,2026-08-06T15:12:08,2026-08-07T18:33:00,2026-10-06T17:06:32,Consultoria (SGP.51),Para análise,,
URB,778931,2026-10-07,,PL 1463/2025,2272,Ver. DHEISON SILVA (PT),CCJ,2026-08-06T15:12:08,2026-08-07T18:33:00,2026-10-07T11:57:05,Relator(a),Estudo para manifestação do relator,,
CCJ,778936,2026-10-02,,PL 1464/2025,2282,Ver. LUCAS PAVANATO (PL),PROC-CMSP,2026-03-06T14:16:00,2026-03-06T18:08:00,2026-08-19T14:00:00,Secretaria (SGP12),Deliberado,APROVADO,
CCJ,778994,2026-10-02,2026-10-06,PL 1465/2025,2217,Ver. SANSÃO PEREIRA (REPUBLICANOS),PROC-CMSP,2026-03-06T14:16:00,2026-03-06T18:08:00,2026-03-30T19:07:31,Secretaria (SGP12),Em Condição de Pauta,,
CCJ,778994,2026-10-07,,PL 1465/2025,2217,Ver. SANSÃO PEREIRA (REPUBLICANOS),PROC-CMSP,2026-03-06T14:16:00,2026-03-06T18:08:00,2026-10-07T14:36:41,Secretaria (SGP12),Em Condição de Pauta,,
CCJ,779164,2026-10-02,,PL 1466/2025,2206,Ver. SILVIA DA BANCADA FEMINISTA (PSOL),PROC-CMSP,2026-03-06T14:16:00,2026-03-06T18:08:00,2026-08-27T16:48:46,Relator(a),Estudo para manifestação do relator,,
CCJ,779170,2026-10-02,,PL 1467/2025,1636,Ver. DR. MILTON FERREIRA (PODE),PROC-CMSP,2026-05-15T13:21:00,2026-05-15T17:31:00,2026-09-11T16:13:28,Relator(a),Estudo para manifestação do relator,,
CCJ,779217,2026-10-02,,PR 98/2025,2217,Ver. SANSÃO PEREIRA (REPUBLICANOS),PROC-CMSP,2026-03-06T15:10:00,2026-03-06T18:46:00,2026-03-23T15:59:16,Relator(a),Estudo para manifestação do relator,,
CCJ,779277,2026-10-02,,PL 1468/2025,2254,Ver. LUNA ZARATTINI (PT),PROC-CMSP,2026-03-25T16:10:00,2026-03-25T17:38:00,2026-08-14T14:25:16,Relator(a),Estudo para manifestação do relator,,
CCJ,779304,2026-10-02,,PL 1469/2025,2276,Ver. SILVÃO LEITE (UNIÃO),PROC-CMSP,2026-03-06T14:16:00,2026-03-06T18:08:00,2026-08-11T16:55:01,Relator(a),Estudo para manifestação do relator,,
CCJ,779305,2026-10-02,,PL 1470/2025,2277,Ver. JANAINA PASCHOAL (PP),PROC-CMSP,2026-03-06T14:16:00,2026-03-06T18:08:00,2026-06-22T14:27:37,Secretaria (SGP12),Em Condição de Pauta,,
FIN,779307,2026-10-02,,PL 1471/2025,2246,Ver. MAJOR PALUMBO (PP),EDUC,2026-09-08T16:31:46,2026-09-09T12:02:00,2026-09-30T15:24:58,Consultoria (CTEO.1),Para análise,,
CCJ,779309,2026-10-02,,PL 1472/2025,2206,Ver. SILVIA DA BANCADA FEMINISTA (PSOL),PROC-CMSP,2026-05-15T13:21:00,2026-05-15T17:31:00,2026-09-28T13:42:49,Relator(a),Estudo para manifestação do relator,,
CCJ,779312,2026-10-02,,PL 1473/2025,2254,Ver. LUNA ZARATTINI (PT),PROC-CMSP,2026-05-15T13:21:00,2026-05-15T17:31:00,2026-09-11T16:13:29,Relator(a),Estudo para manifestação do relator,,
FIN,779313,2026-10-02,,PL 1474/2025,2150,Ver. ANDRÉ SANTOS (REPUBLICANOS),EDUC,2026-05-21T14:28:36,2026-05-21T17:59:00,2026-06-25T16:42:18,Relator(a),Estudo para manifestação do relator,,
ADM,779326,2026-10-02,,PL 1475/2025,,,CCJ,2026-05-22T16:08:36,2026-05-26T13:44:00,2026-05-26T13:44:00,Presidente da Comissão,Designar Relator,,
CCJ,779361,2026-10-02,,PL 1476/2025,2282,Ver. LUCAS PAVANATO (PL),PROC-CMSP,2026-05-07T16:09:00,2026-05-07T18:50:00,2026-05-26T14:39:56,Relator(a),Estudo para manifestação do relator,,
CCJ,779521,2026-10-02,,PL 1478/2025,2254,Ver. LUNA ZARATTINI (PT),PROC-CMSP,2026-03-25T16:10:00,2026-03-25T17:38:00,2026-08-14T14:25:17,Relator(a),Estudo para manifestação do relator,,
CCJ,779530,2026-10-02,,PL 1479/2025,2282,Ver. LUCAS PAVANATO (PL),PROC-CMSP,2026-05-15T13:21:00,2026-05-15T17:31:00,2026-09-11T16:13:30,Relator(a),Estudo para manifestação do relator,,
FIN,779531,2026-10-02,,PL 1480/2025,2146,Ver. GILBERTO NASCIMENTO (PL),EDUC,2026-09-17T16:40:27,2026-09-25T14:55:00,2026-09-30T15:24:58,Consultoria (CTEO.1),Para análise,,
FIN,779532,2026-10-02,,PL 1481/2025,2146,Ver. GILBERTO NASCIMENTO (PL),EDUC,2026-09-24T16:36:19,2026-09-25T14:55:00,2026-09-30T15:24:58,Consultoria (CTEO.1),Para análise,,
FIN,779533,2026-10-02,,PL 1482/2025,2246,Ver. MAJOR PALUMBO (PP),EDUC,2026-09-17T16:40:28,2026-09-25T14:55:00,2026-09-30T15:31:03,Consultoria (CTEO.1),Para análise,,
CCJ,779534,2026-10-02,,PL 1483/2025,2254,Ver. LUNA ZARATTINI (PT),PROC-CMSP,2026-03-06T14:16:00,2026-03-06T18:08:00,2026-06-19T14:34:25,Relator(a),Estudo para manifestação do relator,,
CCJ,779536,2026-10-02,,PL 1484/2025,2254,Ver. LUNA ZARATTINI (PT),PROC-CMSP,2026-03-06T14:16:00,2026-03-06T18:08:00,2026-04-30T10:53:39,Relator(a),Estudo para manifestação do relator,,
CCJ,779948,2026-10-02,,PL 1488/2025,2218,Ver. THAMMY MIRANDA (PSD),PROC-CMSP,2026-03-06T14:16:00,2026-03-06T18:08:00,2026-05-11T18:26:16,Secretaria (SGP12),Aguardando Informações do(a) Autor(a),,
CCJ,780116,2026-10-02,,PL 1490/2025,2254,Ver. LUNA ZARATTINI (PT),PROC-CMSP,2026-03-06T14:16:00,2026-03-06T18:08:00,2026-10-01T12:31:46,Procuradoria,Para análise e envio ao(à) relator(a),,
CCJ,780130,2026-10-02,,PDL 134/2025,2276,Ver. SILVÃO LEITE (UNIÃO),PROC-CMSP,2025-12-16T18:46:00,2025-12-16T19:09:00,2026-03-11T16:20:25,Secretaria (SGP12),Adiado,,
CCJ,780218,2026-10-02,,PL 1491/2025,2217,Ver. SANSÃO PEREIRA (REPUBLICANOS),PROC-CMSP,2026-05-15T13:21:00,2026-05-15T17:31:00,2026-09-17T18:31:28,Secretaria (SGP12),Em Condição de Pauta,,
CCJ,780220,2026-10-02,,PL 1492/2025,1636,Ver. DR. MILTON FERREIRA (PODE),PROC-CMSP,2026-05-15T13:21:00,2026-05-15T17:31:00,2026-09-14T17:38:36,Relator(a),Estudo para manifestação do relator,,
CCJ,780266,2026-10-02,,PLO 7/2025,1636,Ver. DR. MILTON FERREIRA (PODE),PROC-CMSP,2026-03-06T15:10:00,2026-03-06T18:46:00,2026-06-02T19:09:17,Relator(a),Estudo para manifestação do relator,,
CCJ,780268,2026-10-02,,PLO 8/2025,1636,Ver. DR. MILTON FERREIRA (PODE),PROC-CMSP,2026-03-06T15:10:00,2026-03-06T18:46:00,2026-07-14T13:21:37,Relator(a),Estudo para manifestação do relator,,
CCJ,780269,2026-10-02,,PLO 9/2025,1636,Ver. DR. MILTON FERREIRA (PODE),PROC-CMSP,2026-03-06T15:10:00,2026-03-06T18:46:00,2026-06-02T19:09:15,Relator(a),Estudo para manifestação do relator,,
CCJ,780281,2026-10-02,,PL 1493/2025,1636,Ver. DR. MILTON FERREIRA (PODE),PROC-CMSP,2026-05-15T13:21:00,2026-05-15T17:31:00,2026-09-29T17:22:41,Relator(a),Estudo para manifestação do relator,,
CCJ,780472,2026-10-02,,PLO 10/2025,1636,Ver. DR. MILTON FERREIRA (PODE),PROC-CMSP,2026-03-06T15:10:00,2026-03-06T18:46:00,2026-09-14T20:14:22,Secretaria (SGP12),Em Condição de Pauta,,
CCJ,780549,2026-10-02,,PL 1494/2025,2217,Ver. SANSÃO PEREIRA (REPUBLICANOS),PROC-CMSP,2026-03-06T14:16:00,2026-03-06T18:08:00,2026-09-30T21:39:25,Relator(a),Estudo para manifestação do relator,,
CCJ,780569,2026-10-02,,PL 1495/2025,2277,Ver. JANAINA PASCHOAL (PP),PROC-CMSP,2026-05-15T13:21:00,2026-05-15T17:31:00,2026-09-15T17:29:59,Secretaria (SGP12),Em Condição de Pauta,,
ADM,780609,2026-10-02,,PL 1496/2025,,,CCJ,2026-05-22T16:08:35,2026-05-26T13:44:00,2026-05-26T13:44:00,Presidente da Comissão,Designar Relator,,
CCJ,780633,2026-10-02,,PL 1497/2025,2276,Ver. SILVÃO LEITE (UNIÃO),PROC-CMSP,2026-03-06T14:16:00,2026-03-06T18:08:00,2026-06-30T16:42:37,Relator(a),Estudo para manifestação do relator,,
EDUC,780634,2026-10-02,2026-10-04,PL 1498/2025,2185,Ver. CELSO GIANNAZI (PSOL),CCJ,2026-05-04T16:32:53,2026-05-05T15:47:00,2026-10-01T15:50:54,Consultoria (SGP.52),Elaborar Minuta de Relatório,,
EDUC,780634,2026-10-05,,PL 1498/2025,2185,Ver. CELSO GIANNAZI (PSOL),CCJ,2026-05-04T16:32:53,2026-05-05T15:47:00,2026-10-05T18:13:22,Relator(a),Assinar Relatório,,
CCJ,780635,2026-10-02,2026-10-05,PL 1499/2025,2206,Ver. SILVIA DA BANCADA FEMINISTA (PSOL),PROC-CMSP,2026-05-15T13:21:00,2026-05-15T17:31:00,2026-05-26T22:29:42,Procuradoria,Para análise e envio ao(à) relator(a),,
CCJ,780635,2026-10-06,,PL 1499/2025,2206,Ver. SILVIA DA BANCADA FEMINISTA (PSOL),PROC-CMSP,2026-05-15T13:21:00,2026-05-15T17:31:00,2026-10-06T21:22:30,Relator(a),Estudo para manifestação do relator,,
CCJ,780682,2026-10-02,,PL 1500/2025,2217,Ver. SANSÃO PEREIRA (REPUBLICANOS),PROC-CMSP,2026-05-22T13:29:00,2026-05-25T15:54:00,2026-09-17T18:39:18,Secretaria (SGP12),Em Condição de Pauta,,
CCJ,780823,2026-10-02,,PL 1501/2025,2276,Ver. SILVÃO LEITE (UNIÃO),PROC-CMSP,2026-05-22T13:29:00,2026-05-25T15:54:00,2026-09-14T17:38:37,Relator(a),Estudo para manifestação do relator,,
CCJ,780934,2026-10-02,,PL 1502/2025,2282,Ver. LUCAS PAVANATO (PL),PROC-CMSP,2026-03-06T14:16:00,2026-03-06T18:08:00,2026-08-19T14:00:00,Secretaria (SGP12),Deliberado,APROVADO,
CCJ,781017,2026-10-02,,PL 1503/2025,2206,Ver. SILVIA DA BANCADA FEMINISTA (PSOL),PROC-CMSP,2026-03-06T14:16:00,2026-03-06T18:08:00,2026-03-17T17:22:56,Relator(a),Estudo para manifestação do relator,,
CCJ,781020,2026-10-02,,PL 1504/2025,2218,Ver. THAMMY MIRANDA (PSD),PROC-CMSP,2026-05-22T13:29:00,2026-05-25T15:54:00,2026-09-14T17:40:42,Secretaria (SGP12),Em Condição de Pauta,,
CCJ,781043,2026-10-02,,PL 1505/2025,2276,Ver. SILVÃO LEITE (UNIÃO),PROC-CMSP,2026-03-06T14:16:00,2026-03-06T18:08:00,2026-06-15T15:20:51,Secretaria (SGP12),Em Condição de Pauta,,
CCJ,781048,2026-10-02,,PL 1506/2025,1636,Ver. DR. MILTON FERREIRA (PODE),PROC-CMSP,2026-03-06T14:16:00,2026-03-06T18:08:00,2026-08-13T15:35:03,Relator(a),Estudo para manifestação do relator,,
CCJ,781055,2026-10-02,2026-10-06,PL 1508/2025,2218,Ver. THAMMY MIRANDA (PSD),PROC-CMSP,2026-03-06T14:16:00,2026-03-06T18:02:00,2026-08-12T18:21:48,Secretaria (SGP12),Em Condição de Pauta,,
CCJ,781055,2026-10-07,,PL 1508/2025,2218,Ver. THAMMY MIRANDA (PSD),PROC-CMSP,2026-03-06T14:16:00,2026-03-06T18:02:00,2026-10-07T14:45:07,Secretaria (SGP12),Em Condição de Pauta,,
CCJ,781134,2026-10-02,,PL 1509/2025,2276,Ver. SILVÃO LEITE (UNIÃO),PROC-CMSP,2026-03-06T14:16:00,2026-03-06T18:02:00,2026-03-23T15:59:15,Relator(a),Estudo para manifestação do relator,,
CCJ,781135,2026-10-02,,PL 1510/2025,1636,Ver. DR. MILTON FERREIRA (PODE),PROC-CMSP,2026-03-06T14:16:00,2026-03-06T18:02:00,2026-07-14T20:11:24,Relator(a),Estudo para manifestação do relator,,
CCJ,781207,2026-10-02,,PL 1511/2025,2282,Ver. LUCAS PAVANATO (PL),PROC-CMSP,2026-03-06T14:16:00,2026-03-06T18:02:00,2026-09-23T18:21:09,Secretaria (SGP12),Aguardando Informações do Executivo,,
CCJ,781210,2026-10-02,,PDL 137/2025,2276,Ver. SILVÃO LEITE (UNIÃO),PROC-CMSP,2026-03-06T15:10:00,2026-03-06T17:29:00,2026-04-07T19:55:03,Relator(a),Estudo para manifestação do relator,,
CCJ,781309,2026-10-02,,PR 99/2025,2206,Ver. SILVIA DA BANCADA FEMINISTA (PSOL),PROC-CMSP,2026-03-06T15:10:00,2026-03-06T18:46:00,2026-06-10T16:02:18,Relator(a),Estudo para manifestação do relator,,
CCJ,781311,2026-10-02,2026-10-06,PLO 11/2025,1636,Ver. DR. MILTON FERREIRA (PODE),PROC-CMSP,2026-03-06T15:10:00,2026-03-06T18:46:00,2026-07-27T17:37:53,Secretaria (SGP12),Em Condição de Pauta,,
CCJ,781311,2026-10-07,,PLO 11/2025,1636,Ver. DR. MILTON FERREIRA (PODE),PROC-CMSP,2026-03-06T15:10:00,2026-03-06T18:46:00,2026-10-07T14:51:28,Secretaria (SGP12),Em Condição de Pauta,,
CCJ,781313,2026-10-02,,PR 100/2025,2217,Ver. SANSÃO PEREIRA (REPUBLICANOS),PROC-CMSP,2026-03-06T15:10:00,2026-03-06T18:46:00,2026-04-28T11:32:21,Relator(a),Estudo para manifestação do relator,,
CCJ,781328,2026-10-02,,PDL 138/2025,2218,Ver. THAMMY MIRANDA (PSD),PROC-CMSP,2026-03-06T15:10:00,2026-03-06T17:29:00,2026-04-07T19:55:02,Relator(a),Estudo para manifestação do relator,,
FIN,781331,2026-10-02,,PL 1512/2025,2146,Ver. GILBERTO NASCIMENTO (PL),EDUC,2026-09-24T16:36:20,2026-09-25T14:55:00,2026-09-30T15:31:03,Consultoria (CTEO.1),Para análise,,
CCJ,781332,2026-10-02,,PL 1513/2025,2276,Ver. SILVÃO LEITE (UNIÃO),PROC-CMSP,2026-03-06T14:16:00,2026-03-06T18:02:00,2026-08-03T16:23:04,Procuradoria,Para análise e envio ao(à) relator(a),,
CCJ,781398,2026-10-02,,PL 1515/2025,1636,Ver. DR. MILTON FERREIRA (PODE),PROC-CMSP,2026-03-06T14:16:00,2026-03-06T18:02:00,2026-04-23T13:19:58,Relator(a),Estudo para manifestação do relator,,
ADM,781410,2026-10-02,,PL 1516/2025,2268,Ver. AMANDA VETTORAZZO (UNIÃO),CCJ,2026-03-27T14:10:00,2026-03-31T13:26:00,2026-08-19T14:48:38,Secretaria (SGP12),Em Condição de Pauta,,
CCJ,781458,2026-10-02,,PL 1517/2025,2277,Ver. JANAINA PASCHOAL (PP),PROC-CMSP,2026-03-06T14:16:00,2026-03-06T18:02:00,2026-05-15T12:32:11,Secretaria (SGP12),Em Condição de Pauta,,
CCJ,781532,2026-10-02,,PL 1518/2025,2218,Ver. THAMMY MIRANDA (PSD),PROC-CMSP,2026-03-06T14:16:00,2026-03-06T18:02:00,2026-09-28T15:22:12,Relator(a),Estudo para manifestação do relator,,
CCJ,781561,2026-10-02,,PL 1520/2025,2282,Ver. LUCAS PAVANATO (PL),PROC-CMSP,2026-03-06T14:16:00,2026-03-06T18:02:00,2026-06-15T16:45:28,Relator(a),Estudo para manifestação do relator,,
CCJ,781571,2026-10-02,,PL 1521/2025,2254,Ver. LUNA ZARATTINI (PT),PROC-CMSP,2026-03-06T14:16:00,2026-03-06T18:02:00,2026-04-09T17:35:10,Relator(a),Estudo para manifestação do relator,,
CCJ,781615,2026-10-02,,PL 1522/2025,2282,Ver. LUCAS PAVANATO (PL),PROC-CMSP,2026-03-06T14:16:00,2026-03-06T18:02:00,2026-09-11T17:31:31,Secretaria (SGP12),Em Condição de Pauta,,
ECON,781648,2026-10-02,,PL 1523/2025,,,CCJ,2026-09-04T20:19:10,2026-09-16T11:41:00,2026-09-16T11:41:00,Presidente da Comissão,Designar Relator,,
CCJ,781668,2026-10-02,,PL 1524/2025,2276,Ver. SILVÃO LEITE (UNIÃO),PROC-CMSP,2026-03-06T14:16:00,2026-03-06T18:02:00,2026-06-30T13:57:35,Relator(a),Estudo para manifestação do relator,,
CCJ,781669,2026-10-02,,PL 1525/2025,2218,Ver. THAMMY MIRANDA (PSD),PROC-CMSP,2026-03-06T14:16:00,2026-03-06T18:02:00,2026-05-11T18:26:17,Secretaria (SGP12),Aguardando Informações do(a) Autor(a),,
CCJ,781741,2026-10-02,,PL 1526/2025,2206,Ver. SILVIA DA BANCADA FEMINISTA (PSOL),PROC-CMSP,2026-03-06T14:16:00,2026-03-06T18:02:00,2026-06-30T13:57:36,Relator(a),Estudo para manifestação do relator,,
CCJ,781779,2026-10-02,,PL 1527/2025,2276,Ver. SILVÃO LEITE (UNIÃO),PROC-CMSP,2026-03-06T14:16:00,2026-03-06T18:02:00,2026-06-30T13:57:37,Relator(a),Estudo para manifestação do relator,,
CCJ,781825,2026-10-02,,PL 1528/2025,2282,Ver. LUCAS PAVANATO (PL),PROC-CMSP,2026-03-06T14:16:00,2026-03-06T18:02:00,2026-06-30T13:57:39,Relator(a),Estudo para manifestação do relator,,
CCJ,781858,2026-10-02,,PL 1529/2025,2217,Ver. SANSÃO PEREIRA (REPUBLICANOS),PROC-CMSP,2026-03-06T14:16:00,2026-03-06T18:02:00,2026-09-22T12:10:14,Relator(a),Estudo para manifestação do relator,,
CCJ,781920,2026-10-02,,PL 1531/2025,2254,Ver. LUNA ZARATTINI (PT),PROC-CMSP,2026-03-06T14:16:00,2026-03-06T18:02:00,2026-03-12T12:51:27,Relator(a),Assinar Pedido de Informação ao Executivo,,
FIN,781930,2026-10-02,,PL 1532/2025,2146,Ver. GILBERTO NASCIMENTO (PL),EDUC,2026-09-24T16:36:22,2026-09-25T14:55:00,2026-09-30T15:31:03,Consultoria (CTEO.1),Para análise,,
EDUC,781942,2026-10-02,2026-10-06,PL 1534/2025,2222,Ver. CRIS MONTEIRO (NOVO),URB,2026-08-14T14:53:28,2026-08-25T11:15:00,2026-10-01T19:43:18,Relator(a),Assinar Relatório,,
EDUC,781942,2026-10-07,,PL 1534/2025,2222,Ver. CRIS MONTEIRO (NOVO),URB,2026-08-14T14:53:28,2026-08-25T11:15:00,2026-10-07T10:43:05,Secretaria (SGP12),Em Condição de Pauta,,
CCJ,781984,2026-10-02,,PL 1535/2025,2277,Ver. JANAINA PASCHOAL (PP),PROC-CMSP,2026-03-06T14:16:00,2026-03-06T17:50:00,2026-07-08T12:56:26,Secretaria (SGP12),Em Condição de Pauta,,
CCJ,781985,2026-10-02,,PL 1536/2025,2276,Ver. SILVÃO LEITE (UNIÃO),PROC-CMSP,2026-03-06T14:16:00,2026-03-06T17:50:00,2026-06-08T16:35:18,Relator(a),Estudo para manifestação do relator,,
CCJ,781986,2026-10-02,,PL 1537/2025,2217,Ver. SANSÃO PEREIRA (REPUBLICANOS),PROC-CMSP,2026-03-06T14:16:00,2026-03-06T17:50:00,2026-04-27T12:01:55,Secretaria (SGP12),Adiado,,
CCJ,781988,2026-10-02,,PL 1538/2025,2217,Ver. SANSÃO PEREIRA (REPUBLICANOS),PROC-CMSP,2026-03-06T14:16:00,2026-03-06T17:50:00,2026-08-04T13:53:13,Secretaria (SGP12),Em Condição de Pauta,,
CCJ,781989,2026-10-02,,PL 1539/2025,2276,Ver. SILVÃO LEITE (UNIÃO),PROC-CMSP,2026-03-06T14:16:00,2026-03-06T17:50:00,2026-06-16T12:28:15,Relator(a),Estudo para manifestação do relator,,
CCJ,782025,2026-10-02,,PL 1540/2025,2277,Ver. JANAINA PASCHOAL (PP),PROC-CMSP,2026-03-06T14:16:00,2026-03-06T17:50:00,2026-06-23T14:53:10,Secretaria (SGP12),Em Condição de Pauta,,
CCJ,782026,2026-10-02,,PL 1541/2025,1636,Ver. DR. MILTON FERREIRA (PODE),PROC-CMSP,2026-03-06T14:16:00,2026-03-06T17:50:00,2026-07-01T22:08:02,Relator(a),Estudo para manifestação do relator,,
ADM,782027,2026-10-02,,PL 1542/2025,,,CCJ,2026-08-06T15:11:49,2026-08-07T18:16:00,2026-08-07T18:16:00,Presidente da Comissão,Designar Relator,,
CCJ,782029,2026-10-02,,PL 1543/2025,2217,Ver. SANSÃO PEREIRA (REPUBLICANOS),PROC-CMSP,2026-03-06T14:16:00,2026-03-06T17:50:00,2026-03-27T18:03:21,Relator(a),Estudo para manifestação do relator,,
CCJ,782170,2026-10-02,,PL 1544/2025,1636,Ver. DR. MILTON FERREIRA (PODE),PROC-CMSP,2026-03-06T14:16:00,2026-03-06T17:50:00,2026-06-15T17:20:14,Secretaria (SGP12),Em Condição de Pauta,,
EDUC,782172,2026-10-02,2026-10-05,PL 1545/2025,2185,Ver. CELSO GIANNAZI (PSOL),CCJ,2026-05-14T17:39:14,2026-05-21T14:34:00,2026-10-01T15:49:49,Consultoria (SGP.52),Elaborar Minuta de Relatório,,
EDUC,782172,2026-10-06,,PL 1545/2025,2185,Ver. CELSO GIANNAZI (PSOL),CCJ,2026-05-14T17:39:14,2026-05-21T14:34:00,2026-10-06T16:25:00,Relator(a),Assinar Relatório,,
CCJ,782197,2026-10-02,,PL 1547/2025,2277,Ver. JANAINA PASCHOAL (PP),PROC-CMSP,2026-03-06T14:16:00,2026-03-06T17:50:00,2026-07-01T14:34:13,Secretaria (SGP12),Em Condição de Pauta,,
CCJ,782198,2026-10-02,,PL 1548/2025,1636,Ver. DR. MILTON FERREIRA (PODE),PROC-CMSP,2026-03-06T14:16:00,2026-03-06T19:11:00,2026-06-25T16:45:20,Relator(a),Estudo para manifestação do relator,,
CCJ,782211,2026-10-02,,PL 1549/2025,1636,Ver. DR. MILTON FERREIRA (PODE),PROC-CMSP,2026-03-06T14:16:00,2026-03-06T17:50:00,2026-06-25T16:45:21,Relator(a),Estudo para manifestação do relator,,
FIN,782291,2026-10-02,,PDL 140/2025,2146,Ver. GILBERTO NASCIMENTO (PL),EDUC,2026-06-16T16:25:00,2026-06-16T16:49:00,2026-09-30T15:54:06,Consultoria (CTEO.1),Para análise,,
ADM,782570,2026-10-02,,PR 101/2025,2268,Ver. AMANDA VETTORAZZO (UNIÃO),CCJ,2026-05-22T16:08:33,2026-05-26T13:44:00,2026-08-17T18:55:20,Relator(a),Estudo para manifestação do relator,,
EDUC,782676,2026-10-02,,PDL 141/2025,1349,Ver. SENIVAL MOURA (PT),CCJ,2026-08-06T15:15:12,2026-08-14T12:01:00,2026-09-23T17:31:31,Relator(a),Estudo para manifestação do relator,,
CCJ,782789,2026-10-02,,PL 1550/2025,2276,Ver. SILVÃO LEITE (UNIÃO),PROC-CMSP,2026-03-06T15:10:00,2026-03-06T17:50:00,2026-06-10T16:02:17,Relator(a),Estudo para manifestação do relator,,
CCJ,782797,2026-10-02,2026-10-06,PL 1551/2025,2217,Ver. SANSÃO PEREIRA (REPUBLICANOS),PROC-CMSP,2026-04-22T14:42:00,2026-04-22T17:49:00,2026-09-17T18:48:14,Secretaria (SGP12),Em Condição de Pauta,,
CCJ,782797,2026-10-07,,PL 1551/2025,2217,Ver. SANSÃO PEREIRA (REPUBLICANOS),PROC-CMSP,2026-04-22T14:42:00,2026-04-22T17:49:00,2026-10-07T14:45:59,Secretaria (SGP12),Em Condição de Pauta,,
ADM,782798,2026-10-02,,PL 1552/2025,,,CCJ,2026-09-17T16:24:41,2026-09-17T18:10:00,2026-09-17T18:10:00,Presidente da Comissão,Designar Relator,,
CCJ,782799,2026-10-02,,PL 1553/2025,2254,Ver. LUNA ZARATTINI (PT),PROC-CMSP,2026-05-22T13:29:00,2026-05-25T15:54:00,2026-09-29T17:22:40,Relator(a),Estudo para manifestação do relator,,
CCJ,782802,2026-10-02,,PL 1554/2025,2217,Ver. SANSÃO PEREIRA (REPUBLICANOS),PROC-CMSP,2026-05-22T13:29:00,2026-05-25T15:54:00,2026-09-29T17:22:39,Relator(a),Estudo para manifestação do relator,,
CCJ,782803,2026-10-02,,PL 1555/2025,2277,Ver. JANAINA PASCHOAL (PP),PROC-CMSP,2026-05-22T13:29:00,2026-05-25T15:54:00,2026-05-26T23:15:49,Procuradoria,Para análise e envio ao(à) relator(a),,
EDUC,782898,2026-10-02,2026-10-06,PDL 142/2025,2222,Ver. CRIS MONTEIRO (NOVO),CCJ,2026-06-22T13:44:57,2026-06-29T10:15:00,2026-10-02T13:15:59,Relator(a),Assinar Relatório,,
EDUC,782898,2026-10-07,,PDL 142/2025,2222,Ver. CRIS MONTEIRO (NOVO),CCJ,2026-06-22T13:44:57,2026-06-29T10:15:00,2026-10-07T10:42:59,Secretaria (SGP12),Em Condição de Pauta,,
CCJ,782899,2026-10-02,,PL 1556/2025,2254,Ver. LUNA ZARATTINI (PT),PROC-CMSP,2026-03-06T14:16:00,2026-03-06T17:50:00,2026-03-19T18:16:49,Relator(a),Estudo para manifestação do relator,,
CCJ,782900,2026-10-02,,PL 1557/2025,2276,Ver. SILVÃO LEITE (UNIÃO),PROC-CMSP,2026-05-22T13:29:00,2026-05-25T15:54:00,2026-09-14T17:38:40,Relator(a),Estudo para manifestação do relator,,
CCJ,782901,2026-10-02,,PL 1558/2025,2282,Ver. LUCAS PAVANATO (PL),PROC-CMSP,2026-05-22T13:29:00,2026-05-25T15:54:00,2026-05-26T23:14:02,Procuradoria,Para análise e envio ao(à) relator(a),,
CCJ,783021,2026-10-02,,PR 102/2025,2254,Ver. LUNA ZARATTINI (PT),PROC-CMSP,2026-03-06T15:10:00,2026-03-06T18:46:00,2026-09-14T15:38:43,Relator(a),Estudo para manifestação do relator,,
CCJ,783094,2026-10-02,,PL 1559/2025,2276,Ver. SILVÃO LEITE (UNIÃO),PROC-CMSP,2026-03-17T13:55:00,2026-03-17T14:48:00,2026-07-17T18:37:42,Relator(a),Estudo para manifestação do relator,,
CCJ,783160,2026-10-02,,PL 1560/2025,2217,Ver. SANSÃO PEREIRA (REPUBLICANOS),PROC-CMSP,2026-05-22T13:29:00,2026-05-25T15:54:00,2026-09-10T16:18:31,Relator(a),Estudo para manifestação do relator,,
CCJ,783171,2026-10-02,,PL 1561/2025,1636,Ver. DR. MILTON FERREIRA (PODE),PROC-CMSP,2026-05-22T13:29:00,2026-05-25T15:54:00,2026-09-10T16:18:33,Relator(a),Estudo para manifestação do relator,,
CCJ,783387,2026-10-02,,PL 1563/2025,1636,Ver. DR. MILTON FERREIRA (PODE),PROC-CMSP,2026-03-27T15:59:00,2026-03-30T15:06:00,2026-08-20T13:23:00,Relator(a),Estudo para manifestação do relator,,
CCJ,783460,2026-10-02,,PL 1564/2025,2277,Ver. JANAINA PASCHOAL (PP),PROC-CMSP,2026-03-27T16:12:00,2026-03-30T15:06:00,2026-08-19T17:39:21,Secretaria (SGP12),Adiado,,
CCJ,783462,2026-10-02,2026-10-06,PL 1565/2025,2277,Ver. JANAINA PASCHOAL (PP),PROC-CMSP,2026-03-06T14:16:00,2026-03-06T17:50:00,2026-09-29T20:25:44,Relator(a),Estudo para manifestação do relator,,
CCJ,783462,2026-10-07,,PL 1565/2025,2277,Ver. JANAINA PASCHOAL (PP),PROC-CMSP,2026-03-06T14:16:00,2026-03-06T17:50:00,2026-10-07T17:47:52,Secretaria (SGP12),Em Condição de Pauta,,
ADM,783611,2026-10-02,,PR 1/2026,,,CCJ,2026-06-01T16:09:06,2026-07-08T18:21:00,2026-07-08T18:21:00,Presidente da Comissão,Designar Relator,,
CCJ,783639,2026-10-02,,PL 1/2026,2276,Ver. SILVÃO LEITE (UNIÃO),PROC-CMSP,2026-04-02T19:04:00,2026-04-06T12:00:00,2026-06-03T14:25:14,Relator(a),Estudo para manifestação do relator,,
CCJ,783640,2026-10-02,,PL 2/2026,1636,Ver. DR. MILTON FERREIRA (PODE),PROC-CMSP,2026-05-22T13:29:00,2026-05-25T15:54:00,2026-09-10T16:18:34,Relator(a),Estudo para manifestação do relator,,
CCJ,783641,2026-10-02,,PL 3/2026,2277,Ver. JANAINA PASCHOAL (PP),PROC-CMSP,2026-05-22T13:29:00,2026-05-25T15:54:00,2026-09-10T18:10:36,Secretaria (SGP12),Em Condição de Pauta,,
CCJ,783653,2026-10-02,,PL 4/2026,2218,Ver. THAMMY MIRANDA (PSD),PROC-CMSP,2026-03-13T16:00:00,2026-03-13T16:48:00,2026-09-28T17:16:00,Secretaria (SGP12),Em Condição de Pauta,,
CCJ,783805,2026-10-02,,PL 5/2026,1636,Ver. DR. MILTON FERREIRA (PODE),PROC-CMSP,2026-05-22T13:29:00,2026-05-25T15:54:00,2026-09-10T16:18:36,Relator(a),Estudo para manifestação do relator,,
EDUC,783859,2026-10-02,2026-10-05,PL 7/2026,2185,Ver. CELSO GIANNAZI (PSOL),CCJ,2026-05-14T17:39:13,2026-05-21T14:34:00,2026-10-01T15:48:23,Consultoria (SGP.52),Elaborar Minuta de Relatório,,
EDUC,783859,2026-10-06,,PL 7/2026,2185,Ver. CELSO GIANNAZI (PSOL),CCJ,2026-05-14T17:39:13,2026-05-21T14:34:00,2026-10-06T15:59:05,Relator(a),Assinar Relatório,,
EDUC,783862,2026-10-02,2026-10-05,PL 10/2026,2185,Ver. CELSO GIANNAZI (PSOL),CCJ,2026-06-01T16:09:25,2026-06-02T15:59:00,2026-10-01T15:47:01,Consultoria (SGP.52),Elaborar Minuta de Relatório,,
EDUC,783862,2026-10-06,,PL 10/2026,2185,Ver. CELSO GIANNAZI (PSOL),CCJ,2026-06-01T16:09:25,2026-06-02T15:59:00,2026-10-06T15:39:05,Relator(a),Assinar Relatório,,
CCJ,783866,2026-10-02,,PL 11/2026,2217,Ver. SANSÃO PEREIRA (REPUBLICANOS),PROC-CMSP,2026-05-22T13:29:00,2026-05-25T15:54:00,2026-09-17T18:32:37,Secretaria (SGP12),Em Condição de Pauta,,
SAUDE,783903,2026-10-02,,PL 12/2026,1296,Ver. ADILSON AMADEU (UNIÃO),CCJ,2026-08-06T15:11:43,2026-08-11T14:26:00,2026-09-17T16:55:05,Secretaria (SGP12),Em Condição de Pauta,,
CCJ,783906,2026-10-02,,PL 13/2026,2218,Ver. THAMMY MIRANDA (PSD),PROC-CMSP,2026-04-02T19:04:00,2026-04-06T12:00:00,2026-04-06T12:00:00,Presidente da Comissão,Designar Relator,,
CCJ,783907,2026-10-02,,PL 14/2026,2218,Ver. THAMMY MIRANDA (PSD),PROC-CMSP,2026-05-22T13:29:00,2026-05-25T15:54:00,2026-08-03T16:22:43,Procuradoria,Para análise e envio ao(à) relator(a),,
CCJ,783910,2026-10-02,,PL 15/2026,2277,Ver. JANAINA PASCHOAL (PP),PROC-CMSP,2026-03-27T15:59:00,2026-03-27T18:56:00,2026-05-11T14:52:48,Secretaria (SGP12),Em Condição de Pauta,,
CCJ,783911,2026-10-02,,PL 16/2026,2277,Ver. JANAINA PASCHOAL (PP),PROC-CMSP,2026-03-27T15:59:00,2026-03-27T18:56:00,2026-09-08T16:20:29,Secretaria (SGP12),Em Condição de Pauta,,
CCJ,783924,2026-10-02,,PL 17/2026,1636,Ver. DR. MILTON FERREIRA (PODE),PROC-CMSP,2026-03-27T15:59:00,2026-03-27T18:56:00,2026-08-20T13:23:00,Relator(a),Estudo para manifestação do relator,,
CCJ,783931,2026-10-02,2026-10-06,PL 18/2026,2206,Ver. SILVIA DA BANCADA FEMINISTA (PSOL),PROC-CMSP,2026-03-06T14:16:00,2026-03-06T17:44:00,2026-09-01T12:41:36,Secretaria (SGP12),Em Condição de Pauta,,
CCJ,783931,2026-10-07,,PL 18/2026,2206,Ver. SILVIA DA BANCADA FEMINISTA (PSOL),PROC-CMSP,2026-03-06T14:16:00,2026-03-06T17:44:00,2026-10-07T14:40:00,Secretaria (SGP12),Em Condição de Pauta,,
CCJ,783959,2026-10-02,,PL 19/2026,2206,Ver. SILVIA DA BANCADA FEMINISTA (PSOL),PROC-CMSP,2026-03-13T16:00:00,2026-03-13T16:48:00,2026-06-15T16:45:26,Relator(a),Estudo para manifestação do relator,,
CCJ,783990,2026-10-02,2026-10-06,PL 20/2026,1636,Ver. DR. MILTON FERREIRA (PODE),PROC-CMSP,2026-05-28T14:29:00,2026-05-28T15:40:00,2026-06-01T14:21:25,Procuradoria,Para análise e envio ao(à) relator(a),,
CCJ,783990,2026-10-07,,PL 20/2026,1636,Ver. DR. MILTON FERREIRA (PODE),PROC-CMSP,2026-05-28T14:29:00,2026-05-28T15:40:00,2026-10-07T16:34:40,Relator(a),Estudo para manifestação do relator,,
CCJ,784031,2026-10-02,,PL 23/2026,2276,Ver. SILVÃO LEITE (UNIÃO),PROC-CMSP,2026-03-27T15:59:00,2026-03-27T18:56:00,2026-08-07T11:58:27,Relator(a),Assinar Relatório,,
EDUC,784066,2026-10-02,2026-10-04,PL 24/2026,2185,Ver. CELSO GIANNAZI (PSOL),CCJ,2026-06-01T16:09:24,2026-06-02T15:59:00,2026-10-01T15:45:46,Consultoria (SGP.52),Elaborar Minuta de Relatório,,
EDUC,784066,2026-10-05,,PL 24/2026,2185,Ver. CELSO GIANNAZI (PSOL),CCJ,2026-06-01T16:09:24,2026-06-02T15:59:00,2026-10-05T18:11:44,Relator(a),Assinar Relatório,,
FIN,784069,2026-10-02,2026-10-07,PL 25/2026,2000,Ver. ALESSANDRO GUEDES (PT),EDUC,2026-06-19T14:01:56,2026-06-22T15:27:00,2026-08-31T16:41:13,Consultoria (CTEO.1),Para análise,,
FIN,784069,2026-10-08,,PL 25/2026,2000,Ver. ALESSANDRO GUEDES (PT),EDUC,2026-06-19T14:01:56,2026-06-22T15:27:00,2026-10-08T15:46:47,Relator(a),Estudo para manifestação do relator,,
CCJ,784135,2026-10-02,,PL 26/2026,1636,Ver. DR. MILTON FERREIRA (PODE),PROC-CMSP,2026-05-28T14:29:00,2026-05-28T15:40:00,2026-10-01T16:40:08,Relator(a),Estudo para manifestação do relator,,
URB,784137,2026-10-02,,PL 27/2026,,,CCJ,2026-09-04T20:18:59,2026-09-24T16:04:00,2026-09-24T17:05:49,Presidente da Comissão,Designar Relator,,
CCJ,784153,2026-10-02,,PL 28/2026,2276,Ver. SILVÃO LEITE (UNIÃO),PROC-CMSP,2026-03-06T14:16:00,2026-03-06T17:44:00,2026-08-04T16:12:39,Relator(a),Estudo para manifestação do relator,,
CCJ,784160,2026-10-02,,PL 29/2026,2217,Ver. SANSÃO PEREIRA (REPUBLICANOS),PROC-CMSP,2026-05-28T14:29:00,2026-05-28T15:40:00,2026-09-17T18:45:44,Secretaria (SGP12),Em Condição de Pauta,,
CCJ,784197,2026-10-02,2026-10-06,PL 31/2026,2277,Ver. JANAINA PASCHOAL (PP),PROC-CMSP,2026-05-22T13:29:00,2026-05-25T15:54:00,2026-09-28T13:42:47,Relator(a),Estudo para manifestação do relator,,
CCJ,784197,2026-10-07,,PL 31/2026,2277,Ver. JANAINA PASCHOAL (PP),PROC-CMSP,2026-05-22T13:29:00,2026-05-25T15:54:00,2026-10-07T17:55:34,Secretaria (SGP12),Em Condição de Pauta,,
CCJ,784202,2026-10-02,,PR 2/2026,2276,Ver. SILVÃO LEITE (UNIÃO),PROC-CMSP,2026-04-02T19:04:00,2026-04-06T12:00:00,2026-08-06T16:59:55,Secretaria (SGP12),Em Condição de Pauta,,
CCJ,784209,2026-10-02,,PL 32/2026,2218,Ver. THAMMY MIRANDA (PSD),PROC-CMSP,2026-05-28T14:29:00,2026-05-28T15:40:00,2026-09-28T13:42:46,Relator(a),Estudo para manifestação do relator,,
CCJ,784210,2026-10-02,,PDL 1/2026,1636,Ver. DR. MILTON FERREIRA (PODE),PROC-CMSP,2026-03-06T14:16:00,2026-03-06T17:29:00,2026-03-22T22:39:58,Relator(a),Estudo para manifestação do relator,,
CCJ,784211,2026-10-02,,PL 33/2026,1636,Ver. DR. MILTON FERREIRA (PODE),PROC-CMSP,2026-05-28T14:29:00,2026-05-28T15:40:00,2026-09-29T20:25:45,Relator(a),Estudo para manifestação do relator,,
CCJ,784223,2026-10-02,,PL 36/2026,2276,Ver. SILVÃO LEITE (UNIÃO),PROC-CMSP,2026-05-28T14:29:00,2026-05-28T15:40:00,2026-10-01T16:40:07,Relator(a),Estudo para manifestação do relator,,
CCJ,784226,2026-10-02,,PL 37/2026,2276,Ver. SILVÃO LEITE (UNIÃO),PROC-CMSP,2026-03-06T14:16:00,2026-03-06T17:44:00,2026-04-24T21:14:35,Relator(a),Estudo para manifestação do relator,,
FIN,784231,2026-10-02,,PL 38/2026,2000,Ver. ALESSANDRO GUEDES (PT),EDUC,2026-06-01T15:51:45,2026-06-02T12:09:00,2026-08-05T17:29:13,Relator(a),Estudo para manifestação do relator,,
CCJ,784254,2026-10-02,,PL 39/2026,2206,Ver. SILVIA DA BANCADA FEMINISTA (PSOL),PROC-CMSP,2026-05-28T14:29:00,2026-05-28T15:40:00,2026-06-01T14:21:25,Procuradoria,Para análise e envio ao(à) relator(a),,
CCJ,784266,2026-10-02,,PL 40/2026,2218,Ver. THAMMY MIRANDA (PSD),PROC-CMSP,2026-05-28T14:29:00,2026-05-28T15:40:00,2026-09-14T17:54:12,Secretaria (SGP12),Em Condição de Pauta,,
EDUC,784267,2026-10-02,2026-10-06,PL 41/2026,2222,Ver. CRIS MONTEIRO (NOVO),CCJ,2026-06-22T13:39:59,2026-06-29T10:15:00,2026-10-01T16:47:57,Secretaria (SGP12),Em Condição de Pauta,,
EDUC,784267,2026-10-07,,PL 41/2026,2222,Ver. CRIS MONTEIRO (NOVO),CCJ,2026-06-22T13:39:59,2026-06-29T10:15:00,2026-10-07T18:04:05,Presidente da Comissão,Assinar Certidão de Votação,,
CCJ,784269,2026-10-02,,PL 42/2026,2282,Ver. LUCAS PAVANATO (PL),PROC-CMSP,2026-03-06T14:16:00,2026-03-06T17:44:00,2026-04-29T17:44:49,Relator(a),Estudo para manifestação do relator,,
CCJ,784277,2026-10-02,,PL 43/2026,2277,Ver. JANAINA PASCHOAL (PP),PROC-CMSP,2026-03-06T14:16:00,2026-03-06T17:44:00,2026-07-01T13:30:58,Secretaria (SGP12),Em Condição de Pauta,,
CCJ,784282,2026-10-02,,PL 44/2026,2217,Ver. SANSÃO PEREIRA (REPUBLICANOS),PROC-CMSP,2026-05-28T14:29:00,2026-05-28T15:40:00,2026-09-11T21:10:22,Relator(a),Estudo para manifestação do relator,,
CCJ,784298,2026-10-02,,PL 45/2026,2206,Ver. SILVIA DA BANCADA FEMINISTA (PSOL),PROC-CMSP,2026-03-13T16:00:00,2026-03-13T16:48:00,2026-05-25T12:22:37,Relator(a),Estudo para manifestação do relator,,
FIN,784306,2026-10-02,2026-10-07,PL 47/2026,2246,Ver. MAJOR PALUMBO (PP),EDUC,2026-06-19T14:01:55,2026-06-22T15:25:00,2026-08-31T16:41:13,Consultoria (CTEO.1),Para análise,,
FIN,784306,2026-10-08,,PL 47/2026,2246,Ver. MAJOR PALUMBO (PP),EDUC,2026-06-19T14:01:55,2026-06-22T15:25:00,2026-10-08T15:48:22,Relator(a),Estudo para manifestação do relator,,
CCJ,784312,2026-10-02,,PL 48/2026,2282,Ver. LUCAS PAVANATO (PL),PROC-CMSP,2026-03-06T14:16:00,2026-03-06T17:44:00,2026-06-22T22:08:42,Relator(a),Estudo para manifestação do relator,,
EDUC,784319,2026-10-02,2026-10-06,PL 49/2026,776,Ver. ELISEU GABRIEL (PSB),CCJ,2026-05-22T16:10:41,2026-05-26T15:48:00,2026-09-29T13:55:01,Secretaria (SGP12),Em Condição de Pauta,,
EDUC,784319,2026-10-07,,PL 49/2026,776,Ver. ELISEU GABRIEL (PSB),CCJ,2026-05-22T16:10:41,2026-05-26T15:48:00,2026-10-07T18:04:14,Presidente da Comissão,Assinar Certidão de Votação,,
CCJ,784322,2026-10-02,,PL 50/2026,2277,Ver. JANAINA PASCHOAL (PP),PROC-CMSP,2026-03-06T14:16:00,2026-03-06T17:44:00,2026-07-07T11:38:55,Secretaria (SGP12),Em Condição de Pauta,,
ADM,784323,2026-10-02,,PR 3/2026,,,CCJ,2026-05-14T17:38:59,2026-05-19T14:22:00,2026-05-19T14:22:00,Presidente da Comissão,Designar Relator,,
CCJ,784351,2026-10-02,,PL 51/2026,2276,Ver. SILVÃO LEITE (UNIÃO),PROC-CMSP,2026-05-28T14:29:00,2026-05-28T15:40:00,2026-09-11T21:10:20,Relator(a),Estudo para manifestação do relator,,
ADM,784358,2026-10-02,,PL 52/2026,,,CCJ,2026-09-04T20:19:14,2026-09-09T17:01:00,2026-09-09T17:01:00,Presidente da Comissão,Designar Relator,,
CCJ,784368,2026-10-02,,PL 53/2026,2206,Ver. SILVIA DA BANCADA FEMINISTA (PSOL),PROC-CMSP,2026-05-28T14:29:00,2026-05-28T15:40:00,2026-10-01T12:31:32,Procuradoria,Para análise e envio ao(à) relator(a),,
CCJ,784377,2026-10-02,,PL 56/2026,2206,Ver. SILVIA DA BANCADA FEMINISTA (PSOL),PROC-CMSP,2026-03-06T14:16:00,2026-03-06T17:44:00,2026-03-18T23:12:20,Relator(a),Estudo para manifestação do relator,,
CCJ,784402,2026-10-02,,PL 57/2026,1636,Ver. DR. MILTON FERREIRA (PODE),PROC-CMSP,2026-05-28T14:29:00,2026-05-28T15:40:00,2026-09-28T17:45:29,Relator(a),Estudo para manifestação do relator,,
CCJ,784403,2026-10-02,,PL 58/2026,2218,Ver. THAMMY MIRANDA (PSD),PROC-CMSP,2026-05-28T14:29:00,2026-05-28T15:40:00,2026-09-28T21:02:54,Relator(a),Estudo para manifestação do relator,,
CCJ,784405,2026-10-02,,PL 59/2026,2277,Ver. JANAINA PASCHOAL (PP),PROC-CMSP,2026-05-28T14:29:00,2026-05-28T15:40:00,2026-09-24T16:10:59,Secretaria (SGP12),Em Condição de Pauta,,
FIN,784425,2026-10-02,2026-10-07,PL 60/2026,2146,Ver. GILBERTO NASCIMENTO (PL),EDUC,2026-08-06T16:21:43,2026-08-10T15:31:00,2026-08-31T16:41:13,Consultoria (CTEO.1),Para análise,,
FIN,784425,2026-10-08,,PL 60/2026,2146,Ver. GILBERTO NASCIMENTO (PL),EDUC,2026-08-06T16:21:43,2026-08-10T15:31:00,2026-10-08T15:50:07,Relator(a),Estudo para manifestação do relator,,
EDUC,784426,2026-10-02,2026-10-06,PL 61/2026,1989,Ver. GEORGE HATO (MDB),CCJ,2026-05-22T16:08:38,2026-05-26T15:46:00,2026-09-28T13:59:23,Secretaria (SGP12),Em Condição de Pauta,,
EDUC,784426,2026-10-07,,PL 61/2026,1989,Ver. GEORGE HATO (MDB),CCJ,2026-05-22T16:08:38,2026-05-26T15:46:00,2026-10-07T18:03:59,Presidente da Comissão,Assinar Certidão de Votação,,
CCJ,784510,2026-10-02,,PL 62/2026,1636,Ver. DR. MILTON FERREIRA (PODE),PROC-CMSP,2026-06-03T14:55:00,2026-06-08T11:47:00,2026-09-02T15:55:41,Secretaria (SGP12),Adiado,,
CCJ,784542,2026-10-02,,PL 63/2026,2218,Ver. THAMMY MIRANDA (PSD),PROC-CMSP,2026-03-06T14:16:00,2026-03-06T17:36:00,2026-06-30T11:23:51,Relator(a),Estudo para manifestação do relator,,
CCJ,784548,2026-10-02,,PL 64/2026,2276,Ver. SILVÃO LEITE (UNIÃO),PROC-CMSP,2026-06-03T14:55:00,2026-06-08T11:47:00,2026-09-15T15:05:55,Relator(a),Estudo para manifestação do relator,,
CCJ,784563,2026-10-02,,PL 65/2026,2217,Ver. SANSÃO PEREIRA (REPUBLICANOS),PROC-CMSP,2026-05-28T14:29:00,2026-05-28T15:40:00,2026-06-09T15:39:58,Relator(a),Estudo para manifestação do relator,,
CCJ,784641,2026-10-02,,PL 67/2026,2206,Ver. SILVIA DA BANCADA FEMINISTA (PSOL),PROC-CMSP,2026-03-06T14:16:00,2026-03-06T17:36:00,2026-08-25T16:30:13,Secretaria (SGP12),Em Condição de Pauta,,
CCJ,784669,2026-10-02,,PR 4/2026,2218,Ver. THAMMY MIRANDA (PSD),PROC-CMSP,2026-04-02T19:04:00,2026-04-06T12:00:00,2026-04-06T12:00:00,Presidente da Comissão,Designar Relator,,
CCJ,784681,2026-10-02,,PL 68/2026,2254,Ver. LUNA ZARATTINI (PT),PROC-CMSP,2026-03-06T14:16:00,2026-03-06T17:36:00,2026-06-23T18:29:36,Relator(a),Estudo para manifestação do relator,,
URB,784755,2026-10-02,2026-10-05,PLO 1/2026,,,CCJ,2026-08-13T18:08:40,2026-08-19T18:35:00,2026-08-19T18:35:00,Presidente da Comissão,Designar Relator,,
URB,784755,2026-10-06,,PLO 1/2026,2269,Ver. MARINA BRAGANTE (PSB),CCJ,2026-08-13T18:08:40,2026-08-19T18:35:00,2026-10-06T17:06:32,Consultoria (SGP.51),Para análise,,
CCJ,784761,2026-10-02,,PL 71/2026,2218,Ver. THAMMY MIRANDA (PSD),PROC-CMSP,2026-06-03T14:55:00,2026-06-08T11:47:00,2026-09-21T19:16:31,Secretaria (SGP12),Em Condição de Pauta,,
CCJ,784765,2026-10-02,,PL 72/2026,2276,Ver. SILVÃO LEITE (UNIÃO),PROC-CMSP,2026-04-10T18:59:00,2026-04-13T13:50:00,2026-08-19T16:30:08,Relator(a),Estudo para manifestação do relator,,
CCJ,784766,2026-10-02,,PL 73/2026,1636,Ver. DR. MILTON FERREIRA (PODE),PROC-CMSP,2026-06-03T14:55:00,2026-06-08T11:47:00,2026-09-22T12:10:14,Relator(a),Estudo para manifestação do relator,,
CCJ,784769,2026-10-02,2026-10-06,PL 74/2026,1636,Ver. DR. MILTON FERREIRA (PODE),PROC-CMSP,2026-04-10T18:59:00,2026-04-13T13:50:00,2026-08-27T20:28:15,Secretaria (SGP12),Em Condição de Pauta,,
CCJ,784769,2026-10-07,,PL 74/2026,1636,Ver. DR. MILTON FERREIRA (PODE),PROC-CMSP,2026-04-10T18:59:00,2026-04-13T13:50:00,2026-10-07T14:46:29,Secretaria (SGP12),Em Condição de Pauta,,
CCJ,784777,2026-10-02,,PDL 2/2026,2217,Ver. SANSÃO PEREIRA (REPUBLICANOS),PROC-CMSP,2026-03-06T14:16:00,2026-03-06T17:29:00,2026-05-11T18:35:56,Secretaria (SGP12),Aguardando Informações do(a) Autor(a),,
CCJ,784805,2026-10-02,,PL 75/2026,2218,Ver. THAMMY MIRANDA (PSD),PROC-CMSP,2026-03-06T14:16:00,2026-03-06T17:36:00,2026-05-19T16:57:48,Secretaria (SGP12),Em Condição de Pauta,,
CCJ,784859,2026-10-02,,PL 76/2026,2276,Ver. SILVÃO LEITE (UNIÃO),PROC-CMSP,2026-06-19T14:14:00,2026-06-22T13:26:00,2026-09-22T15:17:15,Relator(a),Estudo para manifestação do relator,,
CCJ,784874,2026-10-02,,PL 77/2026,2276,Ver. SILVÃO LEITE (UNIÃO),PROC-CMSP,2026-06-19T14:14:00,2026-06-22T13:19:00,2026-09-22T15:17:16,Relator(a),Estudo para manifestação do relator,,
CCJ,784875,2026-10-02,,PL 78/2026,2218,Ver. THAMMY MIRANDA (PSD),PROC-CMSP,2026-06-19T14:14:00,2026-06-22T13:19:00,2026-09-22T13:41:03,Procuradoria,Para análise e envio ao(à) relator(a),,
ADM,784879,2026-10-02,,PL 79/2026,,,CCJ,2026-08-13T18:05:22,2026-08-14T18:49:00,2026-08-14T18:49:00,Presidente da Comissão,Designar Relator,,
CCJ,784982,2026-10-02,,PL 81/2026,2276,Ver. SILVÃO LEITE (UNIÃO),PROC-CMSP,2026-03-06T14:16:00,2026-03-06T17:36:00,2026-09-17T14:33:05,Relator(a),Assinar Pedido de Informação ao(à) Autor(a),,
CCJ,785000,2026-10-02,,PL 82/2026,2218,Ver. THAMMY MIRANDA (PSD),PROC-CMSP,2026-06-19T14:14:00,2026-06-22T13:19:00,2026-09-28T17:18:25,Secretaria (SGP12),Em Condição de Pauta,,
CCJ,785028,2026-10-02,,PL 83/2026,2276,Ver. SILVÃO LEITE (UNIÃO),PROC-CMSP,2026-05-04T18:11:00,2026-05-04T18:21:00,2026-06-01T13:50:49,Relator(a),Estudo para manifestação do relator,,
CCJ,785045,2026-10-02,,PL 84/2026,2282,Ver. LUCAS PAVANATO (PL),PROC-CMSP,2026-06-19T14:14:00,2026-06-22T13:19:00,2026-09-22T15:17:19,Relator(a),Estudo para manifestação do relator,,
CCJ,785055,2026-10-02,,PL 85/2026,1636,Ver. DR. MILTON FERREIRA (PODE),PROC-CMSP,2026-04-22T14:42:00,2026-04-22T17:49:00,2026-09-18T17:15:27,Relator(a),Estudo para manifestação do relator,,
FIN,785102,2026-10-02,2026-10-07,PL 86/2026,2246,Ver. MAJOR PALUMBO (PP),EDUC,2026-06-19T14:01:54,2026-06-22T15:25:00,2026-08-31T16:41:13,Consultoria (CTEO.1),Para análise,,
FIN,785102,2026-10-08,,PL 86/2026,2246,Ver. MAJOR PALUMBO (PP),EDUC,2026-06-19T14:01:54,2026-06-22T15:25:00,2026-10-08T15:51:55,Relator(a),Estudo para manifestação do relator,,
ADM,785110,2026-10-02,,PL 87/2026,,,CCJ,2026-09-17T16:24:17,2026-09-17T18:06:00,2026-09-17T18:06:00,Presidente da Comissão,Designar Relator,,
CCJ,785129,2026-10-02,,PL 88/2026,1636,Ver. DR. MILTON FERREIRA (PODE),PROC-CMSP,2026-06-19T14:14:00,2026-06-22T13:20:00,2026-09-22T15:17:20,Relator(a),Estudo para manifestação do relator,,
CCJ,785234,2026-10-02,,PL 89/2026,1636,Ver. DR. MILTON FERREIRA (PODE),PROC-CMSP,2026-06-19T14:14:00,2026-06-22T13:19:00,2026-09-22T16:48:41,Relator(a),Estudo para manifestação do relator,,
CCJ,785238,2026-10-02,,PL 90/2026,2217,Ver. SANSÃO PEREIRA (REPUBLICANOS),PROC-CMSP,2026-04-22T14:42:00,2026-04-22T17:49:00,2026-09-17T18:52:45,Secretaria (SGP12),Em Condição de Pauta,,
URB,785264,2026-10-02,,PL 91/2026,,,CCJ,2026-09-04T20:19:12,2026-09-24T16:04:00,2026-09-24T17:07:22,Presidente da Comissão,Designar Relator,,
FIN,785277,2026-10-02,2026-10-07,PL 92/2026,2146,Ver. GILBERTO NASCIMENTO (PL),EDUC,2026-08-18T14:54:45,2026-08-20T10:55:00,2026-08-31T16:41:13,Consultoria (CTEO.1),Para análise,,
FIN,785277,2026-10-08,,PL 92/2026,2146,Ver. GILBERTO NASCIMENTO (PL),EDUC,2026-08-18T14:54:45,2026-08-20T10:55:00,2026-10-08T15:53:23,Relator(a),Estudo para manifestação do relator,,
CCJ,785279,2026-10-02,,PL 93/2026,2282,Ver. LUCAS PAVANATO (PL),PROC-CMSP,2026-04-22T14:42:00,2026-04-22T17:49:00,2026-08-26T15:48:42,Relator(a),Estudo para manifestação do relator,,
CCJ,785288,2026-10-02,,PL 94/2026,2218,Ver. THAMMY MIRANDA (PSD),PROC-CMSP,2026-04-22T14:42:00,2026-04-22T17:49:00,2026-08-26T15:48:43,Relator(a),Estudo para manifestação do relator,,
CCJ,785296,2026-10-02,,PL 95/2026,1636,Ver. DR. MILTON FERREIRA (PODE),PROC-CMSP,2026-04-22T14:42:00,2026-04-22T17:49:00,2026-08-26T15:48:44,Relator(a),Estudo para manifestação do relator,,
CCJ,785305,2026-10-02,,PL 96/2026,1636,Ver. DR. MILTON FERREIRA (PODE),PROC-CMSP,2026-04-10T18:59:00,2026-04-13T13:55:00,2026-09-02T16:37:23,Relator(a),Estudo para manifestação do relator,,
CCJ,785310,2026-10-02,,PL 97/2026,1636,Ver. DR. MILTON FERREIRA (PODE),PROC-CMSP,2026-06-19T14:14:00,2026-06-22T13:20:00,2026-09-22T21:41:24,Relator(a),Estudo para manifestação do relator,,
SAUDE,785341,2026-10-02,,PL 98/2026,1296,Ver. ADILSON AMADEU (UNIÃO),CCJ,2026-09-17T16:24:18,2026-09-18T16:22:00,2026-09-21T12:15:11,Consultoria (SGP.52),Para análise,,
CCJ,785364,2026-10-02,,PL 100/2026,1636,Ver. DR. MILTON FERREIRA (PODE),PROC-CMSP,2026-06-19T14:14:00,2026-06-22T13:20:00,2026-09-15T16:31:08,Relator(a),Estudo para manifestação do relator,,
URB,785369,2026-10-02,,PL 101/2026,,,CCJ,2026-09-17T16:24:19,2026-09-24T16:04:00,2026-09-24T16:52:01,Presidente da Comissão,Designar Relator,,
CCJ,785372,2026-10-02,,PL 102/2026,2277,Ver. JANAINA PASCHOAL (PP),PROC-CMSP,2026-04-22T14:18:00,2026-04-22T17:49:00,2026-09-04T17:06:52,Secretaria (SGP12),Em Condição de Pauta,,
CCJ,785379,2026-10-02,,PL 103/2026,2218,Ver. THAMMY MIRANDA (PSD),PROC-CMSP,2026-06-19T14:14:00,2026-06-22T13:19:00,2026-09-28T17:33:16,Secretaria (SGP12),Em Condição de Pauta,,
CCJ,785412,2026-10-02,,PL 104/2026,2218,Ver. THAMMY MIRANDA (PSD),PROC-CMSP,2026-04-10T18:59:00,2026-04-13T13:56:00,2026-08-17T20:44:47,Relator(a),Estudo para manifestação do relator,,
CCJ,785414,2026-10-02,,PL 105/2026,1636,Ver. DR. MILTON FERREIRA (PODE),PROC-CMSP,2026-04-10T18:59:00,2026-04-13T13:55:00,2026-05-13T16:03:16,Relator(a),Estudo para manifestação do relator,,
CCJ,785415,2026-10-02,,PL 106/2026,1636,Ver. DR. MILTON FERREIRA (PODE),PROC-CMSP,2026-06-19T14:14:00,2026-06-22T13:13:00,2026-07-02T15:43:55,Relator(a),Estudo para manifestação do relator,,
ADM,785416,2026-10-02,,PL 107/2026,,,CCJ,2026-09-17T16:24:20,2026-09-17T18:01:00,2026-09-17T18:01:00,Presidente da Comissão,Designar Relator,,
CCJ,785420,2026-10-02,,PL 108/2026,1636,Ver. DR. MILTON FERREIRA (PODE),PROC-CMSP,2026-03-13T16:00:00,2026-03-13T16:48:00,2026-05-21T17:28:55,Relator(a),Estudo para manifestação do relator,,
ADM,785421,2026-10-02,,PL 109/2026,,,CCJ,2026-09-17T16:24:21,2026-09-17T17:53:00,2026-09-17T17:53:00,Presidente da Comissão,Designar Relator,,
URB,785433,2026-10-02,,PL 110/2026,,,CCJ,2026-09-04T20:19:02,2026-09-24T16:02:00,,,,,02/09/2026 03:08 - Presidente da Comissão / Assinar Certidão de Votação
FIN,785466,2026-10-02,,PL 111/2026,2271,Ver. ANA CAROLINA OLIVEIRA (PODE),EDUC,2026-06-01T15:51:44,2026-06-03T15:45:00,2026-08-06T16:10:51,Relator(a),Estudo para manifestação do relator,,
CCJ,785472,2026-10-02,,PL 112/2026,2218,Ver. THAMMY MIRANDA (PSD),PROC-CMSP,2026-03-06T14:16:00,2026-03-06T17:36:00,2026-05-12T17:09:28,Relator(a),Estudo para manifestação do relator,,
CCJ,785512,2026-10-02,,PL 114/2026,1636,Ver. DR. MILTON FERREIRA (PODE),PROC-CMSP,2026-03-06T14:16:00,2026-03-06T17:36:00,2026-08-10T14:59:58,Relator(a),Estudo para manifestação do relator,,
CCJ,785546,2026-10-02,,PL 117/2026,2277,Ver. JANAINA PASCHOAL (PP),PROC-CMSP,2026-04-02T19:04:00,2026-04-06T12:00:00,2026-04-06T12:00:00,Presidente da Comissão,Designar Relator,,
CCJ,785595,2026-10-02,,PL 118/2026,2218,Ver. THAMMY MIRANDA (PSD),PROC-CMSP,2026-03-13T16:00:00,2026-03-13T16:40:00,2026-09-22T17:14:34,Secretaria (SGP12),Aguardando Informações do(a) Autor(a),,
CCJ,785596,2026-10-02,,PR 5/2026,2276,Ver. SILVÃO LEITE (UNIÃO),PROC-CMSP,2026-04-02T19:04:00,2026-04-06T12:00:00,2026-04-06T12:00:00,Presidente da Comissão,Designar Relator,,
URB,785603,2026-10-02,2026-10-05,PL 120/2026,,,CCJ,2026-08-20T15:24:00,2026-08-20T17:35:00,2026-08-20T17:35:00,Presidente da Comissão,Designar Relator,,
URB,785603,2026-10-06,,PL 120/2026,2209,Ver. DANILO DO POSTO DE SAÚDE (PODE),CCJ,2026-08-20T15:24:00,2026-08-20T17:35:00,2026-10-06T17:06:32,Consultoria (SGP.51),Para análise,,
CCJ,785606,2026-10-02,,PL 121/2026,1636,Ver. DR. MILTON FERREIRA (PODE),PROC-CMSP,2026-03-20T15:21:00,2026-03-20T18:03:00,2026-04-22T22:21:53,Relator(a),Estudo para manifestação do relator,,
URB,785612,2026-10-02,2026-10-05,PL 122/2026,,,CCJ,2026-08-13T18:05:24,2026-08-19T18:40:00,2026-08-19T18:40:00,Presidente da Comissão,Designar Relator,,
URB,785612,2026-10-06,,PL 122/2026,2273,Ver. DR. MURILLO LIMA (PP),CCJ,2026-08-13T18:05:24,2026-08-19T18:40:00,2026-10-06T17:06:32,Consultoria (SGP.51),Para análise,,
CCJ,785634,2026-10-02,,PL 123/2026,2218,Ver. THAMMY MIRANDA (PSD),PROC-CMSP,2026-03-27T15:59:00,2026-03-30T16:24:00,2026-06-30T16:48:23,Secretaria (SGP12),Em Condição de Pauta,,
CCJ,785653,2026-10-02,,PL 124/2026,2276,Ver. SILVÃO LEITE (UNIÃO),PROC-CMSP,2026-06-19T14:14:00,2026-06-22T13:13:00,2026-08-03T20:41:05,Relator(a),Estudo para manifestação do relator,,
SAUDE,785654,2026-10-02,2026-10-07,PL 125/2026,2256,Ver. HÉLIO RODRIGUES (PT),CCJ,2026-09-17T16:24:22,2026-09-18T16:22:00,2026-09-21T12:12:29,Consultoria (SGP.52),Para análise,,
SAUDE,785654,2026-10-08,,PL 125/2026,2256,Ver. HÉLIO RODRIGUES (PT),CCJ,2026-09-17T16:24:22,2026-09-18T16:22:00,2026-10-08T14:48:17,Relator(a),Estudo para manifestação do relator,,
CCJ,785655,2026-10-02,,PL 126/2026,2277,Ver. JANAINA PASCHOAL (PP),PROC-CMSP,2026-04-22T14:18:00,2026-04-22T17:49:00,2026-09-02T13:59:07,Secretaria (SGP12),Em Condição de Pauta,,
CCJ,785656,2026-10-02,,PL 127/2026,2206,Ver. SILVIA DA BANCADA FEMINISTA (PSOL),PROC-CMSP,2026-03-13T16:00:00,2026-03-13T16:40:00,2026-07-15T21:54:43,Relator(a),Estudo para manifestação do relator,,
CCJ,785709,2026-10-02,,PL 129/2026,2206,Ver. SILVIA DA BANCADA FEMINISTA (PSOL),PROC-CMSP,2026-03-13T16:00:00,2026-03-13T16:40:00,2026-07-15T21:54:44,Relator(a),Estudo para manifestação do relator,,
CCJ,785726,2026-10-02,,PL 130/2026,2206,Ver. SILVIA DA BANCADA FEMINISTA (PSOL),PROC-CMSP,2026-03-13T16:00:00,2026-03-13T16:37:00,2026-05-19T19:54:52,Relator(a),Estudo para manifestação do relator,,
CCJ,785728,2026-10-02,,PL 131/2026,2276,Ver. SILVÃO LEITE (UNIÃO),PROC-CMSP,2026-03-13T16:00:00,2026-03-13T16:37:00,2026-08-06T16:48:06,Secretaria (SGP12),Em Condição de Pauta,,
EDUC,785729,2026-10-02,2026-10-05,PL 132/2026,776,Ver. ELISEU GABRIEL (PSB),CCJ,2026-05-14T17:39:11,2026-05-21T14:50:00,2026-09-22T13:21:40,Consultoria (SGP.52),Elaborar Minuta de Relatório,,
EDUC,785729,2026-10-06,,PL 132/2026,776,Ver. ELISEU GABRIEL (PSB),CCJ,2026-05-14T17:39:11,2026-05-21T14:50:00,2026-10-06T19:03:50,Relator(a),Assinar Relatório,,
FIN,785808,2026-10-02,2026-10-07,PL 134/2026,2221,Ver. ELI CORRÊA (UNIÃO),SAUDE,2026-08-25T14:38:13,2026-08-26T16:29:00,2026-08-31T16:41:13,Consultoria (CTEO.1),Para análise,,
FIN,785808,2026-10-08,,PL 134/2026,2221,Ver. ELI CORRÊA (UNIÃO),SAUDE,2026-08-25T14:38:13,2026-08-26T16:29:00,2026-10-08T15:55:11,Relator(a),Estudo para manifestação do relator,,
CCJ,785843,2026-10-02,,PL 135/2026,2218,Ver. THAMMY MIRANDA (PSD),PROC-CMSP,2026-03-06T14:16:00,2026-03-06T17:36:00,2026-08-19T17:41:25,Secretaria (SGP12),Adiado,,
CCJ,785858,2026-10-02,,PL 136/2026,2277,Ver. JANAINA PASCHOAL (PP),PROC-CMSP,2026-05-15T13:21:00,2026-05-15T17:31:00,2026-09-22T13:39:35,Procuradoria,Para análise e envio ao(à) relator(a),,
CCJ,785930,2026-10-02,,PL 137/2026,2217,Ver. SANSÃO PEREIRA (REPUBLICANOS),PROC-CMSP,2026-03-13T16:00:00,2026-03-13T16:37:00,2026-08-04T12:50:04,Secretaria (SGP12),Em Condição de Pauta,,
CCJ,785931,2026-10-02,,PL 138/2026,2276,Ver. SILVÃO LEITE (UNIÃO),PROC-CMSP,2026-04-10T18:59:00,2026-04-13T13:55:00,2026-05-21T17:28:56,Relator(a),Estudo para manifestação do relator,,
CCJ,785932,2026-10-02,,PL 139/2026,2218,Ver. THAMMY MIRANDA (PSD),PROC-CMSP,2026-04-10T18:59:00,2026-04-13T13:55:00,2026-09-09T16:12:55,Secretaria (SGP12),Em Condição de Pauta,,
CCJ,785934,2026-10-02,,PDL 7/2026,2276,Ver. SILVÃO LEITE (UNIÃO),PROC-CMSP,2026-04-02T19:04:00,2026-04-06T12:00:00,2026-04-06T12:00:00,Presidente da Comissão,Designar Relator,,
CCJ,785962,2026-10-02,,PL 142/2026,1636,Ver. DR. MILTON FERREIRA (PODE),PROC-CMSP,2026-04-22T14:18:00,2026-04-22T17:49:00,2026-09-04T15:02:26,Procuradoria,Para análise e envio ao(à) relator(a),,
CCJ,785972,2026-10-02,,PL 143/2026,2218,Ver. THAMMY MIRANDA (PSD),PROC-CMSP,2026-03-06T14:16:00,2026-03-06T17:36:00,2026-09-28T15:35:53,Relator(a),Estudo para manifestação do relator,,
CCJ,785978,2026-10-02,,PL 144/2026,1636,Ver. DR. MILTON FERREIRA (PODE),PROC-CMSP,2026-03-20T15:21:00,2026-03-20T18:03:00,2026-05-20T17:05:47,Relator(a),Estudo para manifestação do relator,,
FIN,786010,2026-10-02,,PL 145/2026,2246,Ver. MAJOR PALUMBO (PP),EDUC,2026-09-17T16:38:24,2026-09-25T14:50:00,2026-09-30T15:11:25,Consultoria (CTEO.1),Para análise,,
CCJ,786201,2026-10-02,,PL 148/2026,1636,Ver. DR. MILTON FERREIRA (PODE),PROC-CMSP,2026-03-13T16:00:00,2026-03-13T16:37:00,2026-06-30T22:36:15,Relator(a),Estudo para manifestação do relator,,
CCJ,786219,2026-10-02,,PL 149/2026,2277,Ver. JANAINA PASCHOAL (PP),PROC-CMSP,2026-05-07T16:09:00,2026-05-07T18:50:00,2026-09-14T12:54:16,Secretaria (SGP12),Em Condição de Pauta,,
CCJ,786234,2026-10-02,,PL 150/2026,2276,Ver. SILVÃO LEITE (UNIÃO),PROC-CMSP,2026-04-10T18:59:00,2026-04-13T13:55:00,2026-08-25T19:16:37,Relator(a),Estudo para manifestação do relator,,
CCJ,786287,2026-10-02,,PL 151/2026,2254,Ver. LUNA ZARATTINI (PT),PROC-CMSP,2026-03-20T15:21:00,2026-03-20T18:03:00,2026-07-16T23:24:40,Relator(a),Estudo para manifestação do relator,,
CCJ,786288,2026-10-02,,PL 152/2026,2206,Ver. SILVIA DA BANCADA FEMINISTA (PSOL),PROC-CMSP,2026-04-02T19:04:00,2026-04-06T11:59:00,2026-04-06T11:59:00,Presidente da Comissão,Designar Relator,,
EDUC,786301,2026-10-02,2026-10-06,PL 153/2026,2222,Ver. CRIS MONTEIRO (NOVO),CCJ,2026-05-04T16:32:50,2026-05-05T15:39:00,2026-09-30T16:24:12,Secretaria (SGP12),Em Condição de Pauta,,
EDUC,786301,2026-10-07,,PL 153/2026,2222,Ver. CRIS MONTEIRO (NOVO),CCJ,2026-05-04T16:32:50,2026-05-05T15:39:00,2026-10-07T18:04:24,Presidente da Comissão,Assinar Certidão de Votação,,
ADM,786349,2026-10-02,,PL 156/2026,2275,Ver. GABRIEL ABREU (PODE),CCJ,2026-05-22T16:08:37,2026-05-26T13:44:00,2026-09-29T18:15:08,Relator(a),Assinar Relatório,,
EDUC,786361,2026-10-02,,PL 157/2026,1989,Ver. GEORGE HATO (MDB),CCJ,2026-05-14T17:39:10,2026-05-21T14:34:00,2026-08-29T13:07:48,Relator(a),Estudo para manifestação do relator,,
CCJ,786404,2026-10-02,,PL 159/2026,2277,Ver. JANAINA PASCHOAL (PP),PROC-CMSP,2026-04-10T18:59:00,2026-04-13T13:56:00,2026-08-24T17:38:47,Secretaria (SGP12),Em Condição de Pauta,,
CCJ,786407,2026-10-02,,PL 160/2026,2218,Ver. THAMMY MIRANDA (PSD),PROC-CMSP,2026-04-22T14:18:00,2026-04-22T17:49:00,2026-08-26T00:21:00,Relator(a),Estudo para manifestação do relator,,
ADM,786474,2026-10-02,,PL 161/2026,,,CCJ,2026-08-13T18:05:25,2026-08-14T18:49:00,2026-08-14T18:49:00,Presidente da Comissão,Designar Relator,,
CCJ,786519,2026-10-02,,PL 162/2026,2276,Ver. SILVÃO LEITE (UNIÃO),SGP12,2026-03-26T21:51:00,2026-03-27T10:12:00,2026-08-12T21:52:05,Relator(a),Estudo para manifestação do relator,,
CCJ,786535,2026-10-02,,PL 163/2026,2217,Ver. SANSÃO PEREIRA (REPUBLICANOS),PROC-CMSP,2026-04-06T15:14:00,2026-04-06T15:20:00,2026-09-21T16:12:52,Secretaria (SGP12),Em Condição de Pauta,,
CCJ,786536,2026-10-02,,PL 164/2026,2277,Ver. JANAINA PASCHOAL (PP),PROC-CMSP,2026-03-27T15:59:00,2026-03-27T18:50:00,2026-08-19T17:40:07,Secretaria (SGP12),Adiado,,
CCJ,786577,2026-10-02,,PR 7/2026,2254,Ver. LUNA ZARATTINI (PT),PROC-CMSP,2026-03-27T15:59:00,2026-03-27T18:56:00,2026-06-02T19:09:18,Relator(a),Estudo para manifestação do relator,,
CCJ,786587,2026-10-02,,PL 165/2026,2277,Ver. JANAINA PASCHOAL (PP),PROC-CMSP,2026-03-20T15:21:00,2026-03-20T18:03:00,2026-08-18T12:26:16,Secretaria (SGP12),Em Condição de Pauta,,
CCJ,786665,2026-10-02,,PL 167/2026,2206,Ver. SILVIA DA BANCADA FEMINISTA (PSOL),PROC-CMSP,2026-03-13T16:00:00,2026-03-13T16:24:00,2026-08-06T15:54:41,Relator(a),Estudo para manifestação do relator,,
CCJ,786789,2026-10-02,,PL 168/2026,1636,Ver. DR. MILTON FERREIRA (PODE),PROC-CMSP,2026-03-20T15:21:00,2026-03-20T18:03:00,2026-07-23T17:32:12,Secretaria (SGP12),Em Condição de Pauta,,
EDUC,786790,2026-10-02,,PL 169/2026,2222,Ver. CRIS MONTEIRO (NOVO),CCJ,2026-04-17T17:40:32,2026-04-23T09:34:00,2026-09-01T17:29:59,Relator(a),Estudo para manifestação do relator,,
CCJ,786796,2026-10-02,,PL 170/2026,2218,Ver. THAMMY MIRANDA (PSD),PROC-CMSP,2026-03-20T15:21:00,2026-03-20T17:54:00,2026-09-02T15:56:57,Secretaria (SGP12),Adiado,,
CCJ,786802,2026-10-02,,PL 171/2026,2254,Ver. LUNA ZARATTINI (PT),PROC-CMSP,2026-06-19T14:14:00,2026-06-22T13:13:00,2026-09-21T17:56:12,Relator(a),Estudo para manifestação do relator,,
EDUC,786808,2026-10-02,,PL 172/2026,,,CCJ,2026-06-16T19:11:44,2026-06-29T09:55:00,2026-06-29T09:55:00,Presidente da Comissão,Designar Relator,,
CCJ,787039,2026-10-02,,PL 173/2026,2218,Ver. THAMMY MIRANDA (PSD),PROC-CMSP,2026-04-02T19:04:00,2026-04-06T11:59:00,2026-04-06T11:59:00,Presidente da Comissão,Designar Relator,,
CCJ,787200,2026-10-02,,PL 175/2026,1636,Ver. DR. MILTON FERREIRA (PODE),PROC-CMSP,2026-04-10T18:59:00,2026-04-13T13:55:00,2026-08-21T21:53:10,Relator(a),Estudo para manifestação do relator,,
CCJ,787254,2026-10-02,,PL 176/2026,2282,Ver. LUCAS PAVANATO (PL),PROC-CMSP,2026-03-13T16:00:00,2026-03-13T16:20:00,2026-03-18T15:19:26,Relator(a),Assinar Pedido de Informação ao Executivo,,
CCJ,787279,2026-10-02,,PL 177/2026,2254,Ver. LUNA ZARATTINI (PT),PROC-CMSP,2026-04-02T19:04:00,2026-04-06T11:59:00,2026-04-06T11:59:00,Presidente da Comissão,Designar Relator,,
CCJ,787280,2026-10-02,,PL 178/2026,2217,Ver. SANSÃO PEREIRA (REPUBLICANOS),PROC-CMSP,2026-04-02T19:04:00,2026-04-06T11:59:00,2026-04-06T11:59:00,Presidente da Comissão,Designar Relator,,
CCJ,787281,2026-10-02,,PL 179/2026,2218,Ver. THAMMY MIRANDA (PSD),PROC-CMSP,2026-04-02T19:04:00,2026-04-06T11:59:00,2026-04-06T11:59:00,Presidente da Comissão,Designar Relator,,
CCJ,787320,2026-10-02,,PL 180/2026,1636,Ver. DR. MILTON FERREIRA (PODE),PROC-CMSP,2026-04-02T19:04:00,2026-04-06T12:00:00,2026-04-06T12:00:00,Presidente da Comissão,Designar Relator,,
CCJ,787334,2026-10-02,,PL 181/2026,2276,Ver. SILVÃO LEITE (UNIÃO),PROC-CMSP,2026-04-02T19:04:00,2026-04-06T12:01:00,2026-04-06T12:01:00,Presidente da Comissão,Designar Relator,,
EDUC,787344,2026-10-02,2026-10-04,PL 182/2026,2185,Ver. CELSO GIANNAZI (PSOL),CCJ,2026-05-14T17:39:09,2026-05-21T14:34:00,2026-10-01T15:44:32,Consultoria (SGP.52),Elaborar Minuta de Relatório,,
EDUC,787344,2026-10-05,2026-10-06,PL 182/2026,2185,Ver. CELSO GIANNAZI (PSOL),CCJ,2026-05-14T17:39:09,2026-05-21T14:34:00,2026-10-05T17:08:03,Relator(a),Assinar Relatório,,
EDUC,787344,2026-10-07,,PL 182/2026,2185,Ver. CELSO GIANNAZI (PSOL),CCJ,2026-05-14T17:39:09,2026-05-21T14:34:00,2026-10-07T10:42:52,Secretaria (SGP12),Em Condição de Pauta,,
CCJ,787384,2026-10-02,,PL 184/2026,2282,Ver. LUCAS PAVANATO (PL),PROC-CMSP,2026-03-20T15:21:00,2026-03-20T17:54:00,2026-05-20T15:46:43,Relator(a),Estudo para manifestação do relator,,
EDUC,787389,2026-10-02,,PL 185/2026,1989,Ver. GEORGE HATO (MDB),CCJ,2026-04-10T15:44:32,2026-04-13T14:22:00,2026-09-07T12:43:58,Relator(a),Estudo para manifestação do relator,,
CCJ,787585,2026-10-02,,PL 186/2026,2277,Ver. JANAINA PASCHOAL (PP),PROC-CMSP,2026-03-20T15:21:00,2026-03-20T17:54:00,2026-08-18T13:33:33,Secretaria (SGP12),Em Condição de Pauta,,
CCJ,787652,2026-10-02,,PL 187/2026,2277,Ver. JANAINA PASCHOAL (PP),PROC-CMSP,2026-06-19T14:14:00,2026-06-22T13:13:00,2026-09-21T17:56:14,Relator(a),Estudo para manifestação do relator,,
CCJ,787926,2026-10-02,,PL 188/2026,1636,Ver. DR. MILTON FERREIRA (PODE),PROC-CMSP,2026-04-02T19:04:00,2026-04-06T12:01:00,2026-04-06T12:01:00,Presidente da Comissão,Designar Relator,,
CCJ,787949,2026-10-02,,PL 189/2026,1636,Ver. DR. MILTON FERREIRA (PODE),PROC-CMSP,2026-06-19T14:14:00,2026-06-22T13:13:00,2026-09-21T17:56:15,Relator(a),Estudo para manifestação do relator,,
ADM,788489,2026-10-02,,PL 190/2026,,,CCJ,2026-06-22T13:43:55,2026-07-08T17:38:00,2026-07-08T17:38:00,Presidente da Comissão,Designar Relator,,
CCJ,788490,2026-10-02,,PL 191/2026,2217,Ver. SANSÃO PEREIRA (REPUBLICANOS),PROC-CMSP,2026-06-30T22:51:00,2026-07-01T16:55:00,2026-08-17T16:53:01,Secretaria (SGP12),Aguardando Informações do Executivo,,
CCJ,788576,2026-10-02,,PL 192/2026,2282,Ver. LUCAS PAVANATO (PL),PROC-CMSP,2026-04-02T19:04:00,2026-04-06T12:01:00,2026-04-06T12:01:00,Presidente da Comissão,Designar Relator,,
CCJ,788577,2026-10-02,,PL 193/2026,1636,Ver. DR. MILTON FERREIRA (PODE),PROC-CMSP,2026-03-27T15:59:00,2026-03-27T18:49:00,2026-08-12T21:52:06,Relator(a),Estudo para manifestação do relator,,
CCJ,788578,2026-10-02,,PL 194/2026,2282,Ver. LUCAS PAVANATO (PL),PROC-CMSP,2026-06-30T22:51:00,2026-07-01T16:55:00,2026-08-10T21:22:39,Relator(a),Estudo para manifestação do relator,,
CCJ,788691,2026-10-02,,PL 195/2026,2277,Ver. JANAINA PASCHOAL (PP),PROC-CMSP,2026-04-02T19:04:00,2026-04-06T11:59:00,2026-04-06T11:59:00,Presidente da Comissão,Designar Relator,,
CCJ,788693,2026-10-02,,PL 196/2026,2206,Ver. SILVIA DA BANCADA FEMINISTA (PSOL),PROC-CMSP,2026-03-27T15:59:00,2026-03-27T18:50:00,2026-08-12T21:52:07,Relator(a),Estudo para manifestação do relator,,
CCJ,788695,2026-10-02,,PL 197/2026,2206,Ver. SILVIA DA BANCADA FEMINISTA (PSOL),PROC-CMSP,2026-03-20T15:21:00,2026-03-20T17:54:00,2026-09-22T14:54:15,Secretaria (SGP12),Aguardando Informações do(a) Autor(a),,
CCJ,788696,2026-10-02,,PL 198/2026,2282,Ver. LUCAS PAVANATO (PL),PROC-CMSP,2026-06-30T22:51:00,2026-07-01T16:56:00,2026-07-06T10:52:34,Procuradoria,Para análise e envio ao(à) relator(a),,
CCJ,788697,2026-10-02,,PL 199/2026,1636,Ver. DR. MILTON FERREIRA (PODE),PROC-CMSP,2026-04-10T18:59:00,2026-04-13T13:56:00,2026-08-21T21:51:02,Relator(a),Estudo para manifestação do relator,,
CCJ,788712,2026-10-02,,PL 200/2026,2218,Ver. THAMMY MIRANDA (PSD),PROC-CMSP,2026-03-20T15:21:00,2026-03-20T17:54:00,2026-08-11T16:55:00,Relator(a),Estudo para manifestação do relator,,
CCJ,788714,2026-10-02,,PL 201/2026,2206,Ver. SILVIA DA BANCADA FEMINISTA (PSOL),PROC-CMSP,2026-04-10T18:59:00,2026-04-13T13:55:00,2026-08-21T16:42:54,Relator(a),Estudo para manifestação do relator,,
CCJ,788715,2026-10-02,,PL 202/2026,2282,Ver. LUCAS PAVANATO (PL),PROC-CMSP,2026-06-30T22:51:00,2026-07-01T16:56:00,2026-07-13T18:10:47,Relator(a),Estudo para manifestação do relator,,
CCJ,788717,2026-10-02,,PL 203/2026,2206,Ver. SILVIA DA BANCADA FEMINISTA (PSOL),PROC-CMSP,2026-04-10T18:59:00,2026-04-13T13:55:00,2026-08-21T16:42:55,Relator(a),Estudo para manifestação do relator,,
URB,788725,2026-10-02,,PL 205/2026,,,CCJ,2026-09-17T16:24:25,2026-09-24T16:02:00,2026-09-24T17:49:00,Presidente da Comissão,Designar Relator,,
CCJ,788778,2026-10-02,,PL 206/2026,2282,Ver. LUCAS PAVANATO (PL),PROC-CMSP,2026-03-27T15:59:00,2026-03-27T18:49:00,2026-05-22T16:54:57,Relator(a),Estudo para manifestação do relator,,
CCJ,788808,2026-10-02,,PL 207/2026,2276,Ver. SILVÃO LEITE (UNIÃO),PROC-CMSP,2026-03-27T15:59:00,2026-03-27T18:50:00,2026-04-17T15:45:00,Relator(a),Estudo para manifestação do relator,,
CCJ,788897,2026-10-02,,PL 208/2026,2282,Ver. LUCAS PAVANATO (PL),PROC-CMSP,2026-03-27T15:59:00,2026-03-27T18:50:00,2026-08-11T16:54:59,Relator(a),Estudo para manifestação do relator,,
FIN,788991,2026-10-02,,PDL 19/2026,2146,Ver. GILBERTO NASCIMENTO (PL),EDUC,2026-06-19T14:02:07,2026-06-22T15:27:00,2026-09-30T15:11:25,Consultoria (CTEO.1),Para análise,,
CCJ,789038,2026-10-02,,PL 210/2026,1636,Ver. DR. MILTON FERREIRA (PODE),PROC-CMSP,2026-06-19T14:14:00,2026-06-22T13:13:00,2026-06-30T13:57:38,Relator(a),Estudo para manifestação do relator,,
CCJ,789074,2026-10-02,,PL 211/2026,2276,Ver. SILVÃO LEITE (UNIÃO),PROC-CMSP,2026-03-20T15:21:00,2026-03-20T17:54:00,2026-08-06T17:19:21,Secretaria (SGP12),Em Condição de Pauta,,
CCJ,789117,2026-10-02,,PL 212/2026,2276,Ver. SILVÃO LEITE (UNIÃO),PROC-CMSP,2026-03-27T15:59:00,2026-03-27T18:39:00,2026-08-12T16:32:38,Relator(a),Estudo para manifestação do relator,,
CCJ,789341,2026-10-02,,PDL 20/2026,1636,Ver. DR. MILTON FERREIRA (PODE),PROC-CMSP,2026-04-02T19:04:00,2026-04-06T12:00:00,2026-05-05T20:16:48,Relator(a),Estudo para manifestação do relator,,
CCJ,789418,2026-10-02,,PL 217/2026,2217,Ver. SANSÃO PEREIRA (REPUBLICANOS),PROC-CMSP,2026-03-27T15:59:00,2026-03-27T18:40:00,2026-08-11T16:55:03,Relator(a),Estudo para manifestação do relator,,
CCJ,789482,2026-10-02,,PL 218/2026,2276,Ver. SILVÃO LEITE (UNIÃO),PROC-CMSP,2026-03-23T09:44:00,2026-03-23T11:24:00,2026-03-24T21:55:33,Secretaria (SGP12),Em Condição de Pauta,,
CCJ,789533,2026-10-02,,PL 219/2026,2277,Ver. JANAINA PASCHOAL (PP),PROC-CMSP,2026-03-27T15:59:00,2026-03-27T18:40:00,2026-05-28T18:07:35,Secretaria (SGP12),Em Condição de Pauta,,
CCJ,789541,2026-10-02,,PL 220/2026,2206,Ver. SILVIA DA BANCADA FEMINISTA (PSOL),PROC-CMSP,2026-04-02T19:04:00,2026-04-06T11:59:00,2026-04-06T11:59:00,Presidente da Comissão,Designar Relator,,
CCJ,789564,2026-10-02,,PL 221/2026,2254,Ver. LUNA ZARATTINI (PT),PROC-CMSP,2026-03-20T15:21:00,2026-03-20T17:54:00,2026-04-22T16:14:15,Relator(a),Estudo para manifestação do relator,,
SAUDE,789640,2026-10-02,,PL 223/2026,2281,Ver. SIMONE GANEM (PODE),CCJ,2026-06-22T13:39:44,2026-06-23T11:51:00,2026-07-01T15:23:33,Relator(a),Estudo para manifestação do relator,,
FIN,789654,2026-10-02,,PL 225/2026,2150,Ver. ANDRÉ SANTOS (REPUBLICANOS),EDUC,2026-09-24T16:36:11,2026-09-25T14:50:00,2026-09-30T15:11:25,Consultoria (CTEO.1),Para análise,,
CCJ,789814,2026-10-02,,PL 226/2026,2282,Ver. LUCAS PAVANATO (PL),PROC-CMSP,2026-05-22T13:29:00,2026-05-25T15:54:00,2026-06-09T19:16:37,Relator(a),Estudo para manifestação do relator,,
CCJ,789881,2026-10-02,,PL 227/2026,2218,Ver. THAMMY MIRANDA (PSD),PROC-CMSP,2026-04-22T14:18:00,2026-04-22T17:46:00,2026-06-23T14:57:36,Relator(a),Estudo para manifestação do relator,,
FIN,790082,2026-10-02,,PL 228/2026,2219,Ver. MARCELO MESSIAS (MDB),EDUC,2026-09-17T16:38:25,2026-09-25T14:48:00,2026-09-30T15:11:25,Consultoria (CTEO.1),Para análise,,
CCJ,790096,2026-10-02,,PL 229/2026,2218,Ver. THAMMY MIRANDA (PSD),PROC-CMSP,2026-04-22T14:18:00,2026-04-22T17:46:00,2026-09-16T16:12:43,Secretaria (SGP12),Adiado,,
CCJ,790173,2026-10-02,,PL 231/2026,2282,Ver. LUCAS PAVANATO (PL),PROC-CMSP,2026-06-30T22:51:00,2026-07-01T16:55:00,2026-07-15T16:32:34,Relator(a),Estudo para manifestação do relator,,
CCJ,790303,2026-10-02,,PL 232/2026,2217,Ver. SANSÃO PEREIRA (REPUBLICANOS),PROC-CMSP,2026-06-30T22:51:00,2026-07-01T16:49:00,2026-09-30T12:30:12,Secretaria (SGP12),Em Condição de Pauta,,
CCJ,790463,2026-10-02,,PL 233/2026,2217,Ver. SANSÃO PEREIRA (REPUBLICANOS),PROC-CMSP,2026-06-30T22:51:00,2026-07-01T16:49:00,2026-09-17T19:07:19,Secretaria (SGP12),Em Condição de Pauta,,
CCJ,790609,2026-10-02,,PL 234/2026,2218,Ver. THAMMY MIRANDA (PSD),PROC-CMSP,2026-06-30T22:51:00,2026-07-01T16:49:00,2026-07-06T10:52:34,Procuradoria,Para análise e envio ao(à) relator(a),,
CCJ,790614,2026-10-02,,PL 235/2026,2277,Ver. JANAINA PASCHOAL (PP),PROC-CMSP,2026-06-30T22:51:00,2026-07-01T16:49:00,2026-07-06T10:52:34,Procuradoria,Para análise e envio ao(à) relator(a),,
CCJ,790669,2026-10-02,,PL 236/2026,2217,Ver. SANSÃO PEREIRA (REPUBLICANOS),PROC-CMSP,2026-07-21T12:03:00,2026-08-03T17:31:00,2026-08-04T12:24:43,Procuradoria,Para análise e envio ao(à) relator(a),,
CCJ,790671,2026-10-02,,PDL 22/2026,1636,Ver. DR. MILTON FERREIRA (PODE),PROC-CMSP,2026-04-22T14:42:00,2026-04-22T17:42:00,2026-09-02T16:02:19,Secretaria (SGP12),Adiado,,
CCJ,790677,2026-10-02,,PL 237/2026,2277,Ver. JANAINA PASCHOAL (PP),PROC-CMSP,2026-07-21T12:03:00,2026-08-03T17:31:00,2026-08-04T12:24:43,Procuradoria,Para análise e envio ao(à) relator(a),,
EDUC,790678,2026-10-02,,PL 238/2026,,,CCJ,2026-09-17T16:24:26,2026-10-01T13:51:00,2026-10-01T13:51:00,Presidente da Comissão,Designar Relator,,
CCJ,790741,2026-10-02,,PL 239/2026,2277,Ver. JANAINA PASCHOAL (PP),PROC-CMSP,2026-07-21T12:03:00,2026-08-03T17:58:00,2026-08-04T12:24:43,Procuradoria,Para análise e envio ao(à) relator(a),,
CCJ,790742,2026-10-02,,PL 240/2026,2217,Ver. SANSÃO PEREIRA (REPUBLICANOS),PROC-CMSP,2026-07-21T12:03:00,2026-08-03T17:30:00,2026-08-04T12:24:43,Procuradoria,Para análise e envio ao(à) relator(a),,
CCJ,790781,2026-10-02,,PL 241/2026,2282,Ver. LUCAS PAVANATO (PL),PROC-CMSP,2026-05-07T16:09:00,2026-05-07T18:50:00,2026-09-09T13:30:23,Relator(a),Estudo para manifestação do relator,,
CCJ,790884,2026-10-02,,PL 242/2026,2206,Ver. SILVIA DA BANCADA FEMINISTA (PSOL),PROC-CMSP,2026-04-22T14:42:00,2026-04-22T17:46:00,2026-09-16T11:54:10,Relator(a),Estudo para manifestação do relator,,
CCJ,790995,2026-10-02,,PL 243/2026,2206,Ver. SILVIA DA BANCADA FEMINISTA (PSOL),PROC-CMSP,2026-04-22T14:42:00,2026-04-22T17:46:00,2026-07-17T22:27:24,Relator(a),Estudo para manifestação do relator,,
URB,791043,2026-10-02,2026-10-05,PL 244/2026,,,CCJ,2026-08-06T15:12:06,2026-08-07T18:25:00,2026-08-07T18:25:00,Presidente da Comissão,Designar Relator,,
URB,791043,2026-10-06,2026-10-07,PL 244/2026,2272,Ver. DHEISON SILVA (PT),CCJ,2026-08-06T15:12:06,2026-08-07T18:25:00,2026-10-06T17:04:12,Consultoria (SGP.51),Para análise,,
URB,791043,2026-10-08,,PL 244/2026,2272,Ver. DHEISON SILVA (PT),CCJ,2026-08-06T15:12:06,2026-08-07T18:25:00,2026-10-08T13:23:01,Relator(a),Estudo para manifestação do relator,,
CCJ,791278,2026-10-02,,PDL 28/2026,2254,Ver. LUNA ZARATTINI (PT),PROC-CMSP,2026-04-22T14:42:00,2026-04-22T17:42:00,2026-09-30T16:05:52,Secretaria (SGP12),Aguardando Informações do(a) Autor(a),,
FIN,791279,2026-10-02,2026-10-07,PDL 29/2026,2221,Ver. ELI CORRÊA (UNIÃO),EDUC,2026-06-19T14:02:06,2026-06-22T15:25:00,2026-08-31T16:41:13,Consultoria (CTEO.1),Para análise,,
FIN,791279,2026-10-08,,PDL 29/2026,2221,Ver. ELI CORRÊA (UNIÃO),EDUC,2026-06-19T14:02:06,2026-06-22T15:25:00,2026-10-08T15:56:53,Relator(a),Estudo para manifestação do relator,,
CCJ,791280,2026-10-02,,PL 245/2026,2276,Ver. SILVÃO LEITE (UNIÃO),PROC-CMSP,2026-05-07T16:09:00,2026-05-07T18:50:00,2026-09-18T17:15:26,Relator(a),Estudo para manifestação do relator,,
CCJ,791340,2026-10-02,,PL 247/2026,2254,Ver. LUNA ZARATTINI (PT),PROC-CMSP,2026-04-22T14:18:00,2026-04-22T17:46:00,2026-05-15T17:08:32,Relator(a),Assinar Pedido de Informação ao Executivo,,
FIN,791341,2026-10-02,,PL 248/2026,2246,Ver. MAJOR PALUMBO (PP),EDUC,2026-09-24T16:36:13,2026-09-25T14:48:00,2026-09-30T15:11:25,Consultoria (CTEO.1),Para análise,,
CCJ,791473,2026-10-02,,PL 249/2026,2282,Ver. LUCAS PAVANATO (PL),PROC-CMSP,2026-04-22T14:18:00,2026-04-22T17:46:00,2026-04-24T16:27:44,Relator(a),Assinar Pedido de Informação ao Executivo,,
CCJ,791656,2026-10-02,,PL 250/2026,2254,Ver. LUNA ZARATTINI (PT),PROC-CMSP,2026-04-22T14:42:00,2026-04-22T17:46:00,2026-08-10T14:59:54,Relator(a),Estudo para manifestação do relator,,
CCJ,791812,2026-10-02,,PL 251/2026,2217,Ver. SANSÃO PEREIRA (REPUBLICANOS),PROC-CMSP,2026-08-07T16:04:00,2026-08-14T12:22:00,2026-08-17T17:00:16,Procuradoria,Para análise e envio ao(à) relator(a),,
CCJ,791929,2026-10-02,,PL 253/2026,2277,Ver. JANAINA PASCHOAL (PP),PROC-CMSP,2026-05-07T16:09:00,2026-05-07T18:50:00,2026-09-22T17:14:34,Secretaria (SGP12),Aguardando Informações do(a) Autor(a),,
CCJ,791952,2026-10-02,,PL 254/2026,2206,Ver. SILVIA DA BANCADA FEMINISTA (PSOL),PROC-CMSP,2026-05-07T16:09:00,2026-05-07T18:50:00,2026-09-23T18:21:06,Secretaria (SGP12),Aguardando Informações do Executivo,,
ADM,791955,2026-10-02,,PR 8/2026,,,CCJ,2026-06-22T13:39:43,2026-07-08T18:18:00,2026-07-08T18:18:00,Presidente da Comissão,Designar Relator,,
EDUC,792040,2026-10-02,,PDL 32/2026,1989,Ver. GEORGE HATO (MDB),CCJ,2026-05-14T17:40:29,2026-05-21T14:34:00,2026-06-11T13:47:06,Relator(a),Estudo para manifestação do relator,,
CCJ,792099,2026-10-02,,PL 255/2026,2217,Ver. SANSÃO PEREIRA (REPUBLICANOS),PROC-CMSP,2026-08-07T16:04:00,2026-08-14T12:22:00,2026-08-17T17:00:16,Procuradoria,Para análise e envio ao(à) relator(a),,
CCJ,792197,2026-10-02,,PL 256/2026,2254,Ver. LUNA ZARATTINI (PT),PROC-CMSP,2026-06-19T14:14:00,2026-06-22T13:13:00,2026-09-25T13:51:22,Relator(a),Estudo para manifestação do relator,,
CCJ,792556,2026-10-02,,PL 258/2026,2217,Ver. SANSÃO PEREIRA (REPUBLICANOS),PROC-CMSP,2026-05-07T16:09:00,2026-05-07T18:50:00,2026-09-17T18:26:02,Secretaria (SGP12),Em Condição de Pauta,,
CCJ,792682,2026-10-02,,PL 259/2026,2206,Ver. SILVIA DA BANCADA FEMINISTA (PSOL),PROC-CMSP,2026-08-07T16:04:00,2026-08-14T12:22:00,2026-08-17T17:00:16,Procuradoria,Para análise e envio ao(à) relator(a),,
CCJ,792687,2026-10-02,,PL 260/2026,2276,Ver. SILVÃO LEITE (UNIÃO),PROC-CMSP,2026-05-07T16:09:00,2026-05-07T18:50:00,2026-09-08T21:25:01,Relator(a),Estudo para manifestação do relator,,
CCJ,793062,2026-10-02,,PL 262/2026,2206,Ver. SILVIA DA BANCADA FEMINISTA (PSOL),PROC-CMSP,2026-05-07T16:09:00,2026-05-07T18:50:00,2026-09-18T17:15:25,Relator(a),Estudo para manifestação do relator,,
CCJ,793063,2026-10-02,,PL 263/2026,2206,Ver. SILVIA DA BANCADA FEMINISTA (PSOL),PROC-CMSP,2026-05-07T16:09:00,2026-05-07T18:50:00,2026-09-08T21:25:02,Relator(a),Estudo para manifestação do relator,,
CCJ,793064,2026-10-02,,PDL 33/2026,2254,Ver. LUNA ZARATTINI (PT),PROC-CMSP,2026-04-22T14:42:00,2026-04-22T17:42:00,2026-05-08T17:02:28,Relator(a),Estudo para manifestação do relator,,
CCJ,793065,2026-10-02,,PDL 34/2026,2254,Ver. LUNA ZARATTINI (PT),PROC-CMSP,2026-04-22T14:42:00,2026-04-22T17:42:00,2026-05-08T17:02:27,Relator(a),Estudo para manifestação do relator,,
URB,793085,2026-10-02,2026-10-05,PL 264/2026,,,CCJ,2026-08-06T15:12:10,2026-08-07T18:23:00,2026-08-07T18:23:00,Presidente da Comissão,Designar Relator,,
URB,793085,2026-10-06,,PL 264/2026,2272,Ver. DHEISON SILVA (PT),CCJ,2026-08-06T15:12:10,2026-08-07T18:23:00,2026-10-06T17:04:12,Consultoria (SGP.51),Para análise,,
CCJ,793175,2026-10-02,,PL 265/2026,2218,Ver. THAMMY MIRANDA (PSD),PROC-CMSP,2026-08-07T16:04:00,2026-08-14T12:22:00,2026-08-17T17:00:16,Procuradoria,Para análise e envio ao(à) relator(a),,
CCJ,793183,2026-10-02,,PL 266/2026,2277,Ver. JANAINA PASCHOAL (PP),PROC-CMSP,2026-08-07T16:04:00,2026-08-14T12:22:00,2026-08-17T17:00:16,Procuradoria,Para análise e envio ao(à) relator(a),,
CCJ,793443,2026-10-02,,PLO 2/2026,2218,Ver. THAMMY MIRANDA (PSD),PROC-CMSP,2026-05-22T13:29:00,2026-05-25T15:54:00,2026-09-28T13:42:48,Relator(a),Estudo para manifestação do relator,,
CCJ,793510,2026-10-02,,PL 267/2026,1636,Ver. DR. MILTON FERREIRA (PODE),PROC-CMSP,2026-04-22T14:18:00,2026-04-22T17:46:00,2026-04-28T10:18:08,Relator(a),Estudo para manifestação do relator,,
CCJ,793532,2026-10-02,,PL 268/2026,2217,Ver. SANSÃO PEREIRA (REPUBLICANOS),PROC-CMSP,2026-08-07T16:04:00,2026-08-14T12:22:00,2026-08-17T17:00:16,Procuradoria,Para análise e envio ao(à) relator(a),,
CCJ,793712,2026-10-02,,PL 269/2026,2254,Ver. LUNA ZARATTINI (PT),PROC-CMSP,2026-05-07T16:09:00,2026-05-07T18:50:00,2026-09-18T17:15:24,Relator(a),Estudo para manifestação do relator,,
CCJ,793713,2026-10-02,,PL 270/2026,2282,Ver. LUCAS PAVANATO (PL),PROC-CMSP,2026-08-07T16:04:00,2026-08-14T12:22:00,2026-08-17T17:00:16,Procuradoria,Para análise e envio ao(à) relator(a),,
CCJ,793784,2026-10-02,,PL 271/2026,2276,Ver. SILVÃO LEITE (UNIÃO),PROC-CMSP,2026-06-19T14:14:00,2026-06-22T13:13:00,2026-09-17T21:42:12,Relator(a),Estudo para manifestação do relator,,
CCJ,793785,2026-10-02,,PL 272/2026,2217,Ver. SANSÃO PEREIRA (REPUBLICANOS),PROC-CMSP,2026-05-07T16:09:00,2026-05-07T18:50:00,2026-09-17T18:43:01,Secretaria (SGP12),Em Condição de Pauta,,
CCJ,793819,2026-10-02,,PL 273/2026,2277,Ver. JANAINA PASCHOAL (PP),PROC-CMSP,2026-08-07T16:04:00,2026-08-14T12:22:00,2026-09-15T13:38:44,Secretaria (SGP12),Em Condição de Pauta,,
CCJ,793821,2026-10-02,,PL 274/2026,2282,Ver. LUCAS PAVANATO (PL),PROC-CMSP,2026-08-07T16:04:00,2026-08-14T12:22:00,2026-09-10T21:36:22,Relator(a),Estudo para manifestação do relator,,
CCJ,793845,2026-10-02,,PL 275/2026,2218,Ver. THAMMY MIRANDA (PSD),PROC-CMSP,2026-08-07T16:04:00,2026-08-14T12:23:00,2026-08-20T13:23:00,Procuradoria,Para análise e envio ao(à) relator(a),,
CCJ,793854,2026-10-02,,PDL 37/2026,2218,Ver. THAMMY MIRANDA (PSD),PROC-CMSP,2026-04-22T14:42:00,2026-04-22T17:42:00,2026-05-11T19:01:16,Secretaria (SGP12),Aguardando Informações do(a) Autor(a),,
CCJ,793903,2026-10-02,,PL 276/2026,2218,Ver. THAMMY MIRANDA (PSD),PROC-CMSP,2026-08-07T16:04:00,2026-08-14T12:23:00,2026-08-17T17:00:16,Procuradoria,Para análise e envio ao(à) relator(a),,
EDUC,793904,2026-10-02,,PL 277/2026,1989,Ver. GEORGE HATO (MDB),CCJ,2026-06-22T13:43:53,2026-06-29T09:55:00,2026-09-01T13:00:16,Relator(a),Estudo para manifestação do relator,,
CCJ,793906,2026-10-02,,PL 278/2026,2218,Ver. THAMMY MIRANDA (PSD),PROC-CMSP,2026-05-07T16:26:00,2026-05-07T18:50:00,2026-09-09T16:14:49,Secretaria (SGP12),Em Condição de Pauta,,
CCJ,793914,2026-10-02,2026-10-06,PL 279/2026,1636,Ver. DR. MILTON FERREIRA (PODE),PROC-CMSP,2026-05-07T16:26:00,2026-05-07T18:50:00,2026-09-16T18:45:21,Secretaria (SGP12),Em Condição de Pauta,,
CCJ,793914,2026-10-07,,PL 279/2026,1636,Ver. DR. MILTON FERREIRA (PODE),PROC-CMSP,2026-05-07T16:26:00,2026-05-07T18:50:00,2026-10-07T14:37:17,Secretaria (SGP12),Em Condição de Pauta,,
CCJ,794043,2026-10-02,,PL 280/2026,2206,Ver. SILVIA DA BANCADA FEMINISTA (PSOL),PROC-CMSP,2026-08-07T16:04:00,2026-08-14T12:23:00,2026-09-25T17:07:12,Relator(a),Estudo para manifestação do relator,,
FIN,794168,2026-10-02,,PDL 38/2026,2146,Ver. GILBERTO NASCIMENTO (PL),EDUC,2026-09-24T16:36:05,2026-09-25T14:55:00,2026-09-30T15:11:25,Consultoria (CTEO.1),Para análise,,
CCJ,794207,2026-10-02,,PL 283/2026,2277,Ver. JANAINA PASCHOAL (PP),PROC-CMSP,2026-05-07T16:09:00,2026-05-07T18:50:00,2026-09-14T12:38:23,Secretaria (SGP12),Em Condição de Pauta,,
CCJ,794314,2026-10-02,,PL 284/2026,2254,Ver. LUNA ZARATTINI (PT),PROC-CMSP,2026-04-22T14:18:00,2026-04-22T17:46:00,2026-05-19T17:46:45,Relator(a),Estudo para manifestação do relator,,
CCJ,794335,2026-10-02,,PL 285/2026,1636,Ver. DR. MILTON FERREIRA (PODE),PROC-CMSP,2026-05-07T16:09:00,2026-05-07T18:50:00,2026-09-09T16:17:09,Secretaria (SGP12),Em Condição de Pauta,,
CCJ,794379,2026-10-02,,PL 286/2026,1636,Ver. DR. MILTON FERREIRA (PODE),PROC-CMSP,2026-08-07T16:04:00,2026-08-14T21:39:00,2026-08-20T13:23:00,Procuradoria,Para análise e envio ao(à) relator(a),,
CCJ,794381,2026-10-02,,PL 287/2026,2282,Ver. LUCAS PAVANATO (PL),PROC-CMSP,2026-05-07T16:09:00,2026-05-08T11:38:00,2026-09-15T13:39:38,Secretaria (SGP12),Em Condição de Pauta,,
URB,794408,2026-10-02,2026-10-05,PL 288/2026,,,CCJ,2026-08-13T18:05:26,2026-08-19T18:06:00,2026-08-19T18:06:00,Presidente da Comissão,Designar Relator,,
URB,794408,2026-10-06,,PL 288/2026,2147,Ver. ISAC FÉLIX (PL),CCJ,2026-08-13T18:05:26,2026-08-19T18:06:00,2026-10-06T17:04:12,Consultoria (SGP.51),Para análise,,
CCJ,794409,2026-10-02,,PL 289/2026,2254,Ver. LUNA ZARATTINI (PT),PROC-CMSP,2026-04-22T14:18:00,2026-04-22T17:46:00,2026-08-05T23:40:55,Relator(a),Estudo para manifestação do relator,,
CCJ,794425,2026-10-02,,PL 290/2026,2218,Ver. THAMMY MIRANDA (PSD),PROC-CMSP,2026-05-07T16:09:00,2026-05-07T18:50:00,2026-08-12T15:54:16,Secretaria (SGP12),Adiado,,
CCJ,794427,2026-10-02,,PL 291/2026,2276,Ver. SILVÃO LEITE (UNIÃO),PROC-CMSP,2026-05-07T16:09:00,2026-05-07T18:50:00,2026-09-09T20:57:54,Relator(a),Estudo para manifestação do relator,,
CCJ,794429,2026-10-02,,PL 292/2026,2277,Ver. JANAINA PASCHOAL (PP),PROC-CMSP,2026-05-07T16:09:00,2026-05-07T18:50:00,2026-09-08T16:08:39,Secretaria (SGP12),Em Condição de Pauta,,
CCJ,794460,2026-10-02,,PL 293/2026,2217,Ver. SANSÃO PEREIRA (REPUBLICANOS),PROC-CMSP,2026-05-07T16:09:00,2026-05-07T18:50:00,2026-08-03T20:41:01,Relator(a),Estudo para manifestação do relator,,
CCJ,794513,2026-10-02,,PL 294/2026,1636,Ver. DR. MILTON FERREIRA (PODE),PROC-CMSP,2026-05-28T14:29:00,2026-05-28T15:40:00,2026-09-11T21:10:24,Relator(a),Estudo para manifestação do relator,,
CCJ,794634,2026-10-02,,PL 295/2026,2218,Ver. THAMMY MIRANDA (PSD),PROC-CMSP,2026-05-07T16:09:00,2026-05-07T18:50:00,2026-05-28T17:06:07,Relator(a),Estudo para manifestação do relator,,
URB,794635,2026-10-02,2026-10-05,PL 296/2026,,,CCJ,2026-08-06T15:11:41,2026-08-07T18:20:00,2026-08-07T18:20:00,Presidente da Comissão,Designar Relator,,
URB,794635,2026-10-06,,PL 296/2026,2269,Ver. MARINA BRAGANTE (PSB),CCJ,2026-08-06T15:11:41,2026-08-07T18:20:00,2026-10-06T17:04:12,Consultoria (SGP.51),Para análise,,
CCJ,795016,2026-10-02,,PDL 39/2026,2206,Ver. SILVIA DA BANCADA FEMINISTA (PSOL),PROC-CMSP,2026-05-07T16:09:00,2026-05-07T18:50:00,2026-05-12T19:59:40,Relator(a),Estudo para manifestação do relator,,
CCJ,795047,2026-10-02,,PL 297/2026,2218,Ver. THAMMY MIRANDA (PSD),PROC-CMSP,2026-06-19T14:14:00,2026-06-22T13:13:00,2026-09-21T19:09:39,Secretaria (SGP12),Em Condição de Pauta,,
CCJ,795090,2026-10-02,,PL 300/2026,2254,Ver. LUNA ZARATTINI (PT),PROC-CMSP,2026-05-07T16:09:00,2026-05-07T18:50:00,2026-08-05T23:40:56,Relator(a),Estudo para manifestação do relator,,
EDUC,795178,2026-10-02,,PDL 41/2026,,,CCJ,2026-09-17T16:24:13,2026-10-01T13:51:00,2026-10-01T13:51:00,Presidente da Comissão,Designar Relator,,
CCJ,795287,2026-10-02,,PL 301/2026,1636,Ver. DR. MILTON FERREIRA (PODE),PROC-CMSP,2026-05-07T16:09:00,2026-05-07T18:50:00,2026-06-11T14:49:50,Relator(a),Estudo para manifestação do relator,,
FIN,795293,2026-10-02,,PDL 42/2026,2278,Ver. KEIT LIMA (PSOL),EDUC,2026-09-17T16:38:22,2026-09-25T14:52:00,2026-09-30T15:11:25,Consultoria (CTEO.1),Para análise,,
EDUC,795294,2026-10-02,,PDL 43/2026,1989,Ver. GEORGE HATO (MDB),CCJ,2026-06-16T19:11:42,2026-06-29T10:08:00,2026-09-04T16:19:22,Relator(a),Estudo para manifestação do relator,,
ADM,795326,2026-10-02,,PL 302/2026,2274,Ver. SARGENTO NANTES (PP),CCJ,2026-05-22T16:08:50,2026-05-26T13:44:00,2026-08-20T14:16:52,Secretaria (SGP12),Em Condição de Pauta,,
CCJ,795367,2026-10-02,,PL 303/2026,2218,Ver. THAMMY MIRANDA (PSD),PROC-CMSP,2026-08-07T16:04:00,2026-08-14T12:22:00,2026-09-09T20:57:59,Relator(a),Estudo para manifestação do relator,,
CCJ,795420,2026-10-02,,PL 304/2026,1636,Ver. DR. MILTON FERREIRA (PODE),PROC-CMSP,2026-05-07T16:09:00,2026-05-07T18:50:00,2026-08-03T20:41:02,Relator(a),Estudo para manifestação do relator,,
EDUC,795479,2026-10-02,,PL 305/2026,,,CCJ,2026-06-16T19:11:43,2026-06-29T09:55:00,2026-06-29T09:55:00,Presidente da Comissão,Designar Relator,,
CCJ,795548,2026-10-02,,PL 306/2026,2277,Ver. JANAINA PASCHOAL (PP),PROC-CMSP,2026-06-19T14:14:00,2026-06-22T13:13:00,2026-09-25T13:51:21,Relator(a),Estudo para manifestação do relator,,
CCJ,795597,2026-10-02,,PL 307/2026,1636,Ver. DR. MILTON FERREIRA (PODE),PROC-CMSP,2026-05-08T10:16:00,2026-05-08T11:39:00,2026-09-01T12:48:03,Relator(a),Estudo para manifestação do relator,,
CCJ,795636,2026-10-02,,PL 308/2026,2276,Ver. SILVÃO LEITE (UNIÃO),PROC-CMSP,2026-05-08T10:16:00,2026-05-08T11:38:00,2026-08-04T16:12:35,Relator(a),Estudo para manifestação do relator,,
CCJ,795646,2026-10-02,,PL 309/2026,2277,Ver. JANAINA PASCHOAL (PP),PROC-CMSP,2026-08-07T16:04:00,2026-08-14T12:08:00,2026-08-20T13:23:00,Procuradoria,Para análise e envio ao(à) relator(a),,
CCJ,795651,2026-10-02,,PL 310/2026,2254,Ver. LUNA ZARATTINI (PT),PROC-CMSP,2026-05-08T10:16:00,2026-05-08T11:38:00,2026-08-07T16:35:09,Relator(a),Estudo para manifestação do relator,,
CCJ,795676,2026-10-02,,PL 311/2026,2206,Ver. SILVIA DA BANCADA FEMINISTA (PSOL),PROC-CMSP,2026-05-15T13:21:00,2026-05-18T15:41:00,2026-09-16T11:54:07,Relator(a),Estudo para manifestação do relator,,
CCJ,795677,2026-10-02,,PL 312/2026,2276,Ver. SILVÃO LEITE (UNIÃO),PROC-CMSP,2026-05-08T10:16:00,2026-05-08T11:38:00,2026-09-01T12:48:06,Relator(a),Estudo para manifestação do relator,,
CCJ,795706,2026-10-02,,PL 313/2026,2254,Ver. LUNA ZARATTINI (PT),PROC-CMSP,2026-06-19T14:14:00,2026-06-22T13:04:00,2026-09-25T13:51:20,Relator(a),Estudo para manifestação do relator,,
CCJ,795709,2026-10-02,,PL 314/2026,2276,Ver. SILVÃO LEITE (UNIÃO),PROC-CMSP,2026-05-08T10:16:00,2026-05-08T11:34:00,2026-06-15T17:19:14,Secretaria (SGP12),Em Condição de Pauta,,
FIN,795744,2026-10-02,,PL 315/2026,2146,Ver. GILBERTO NASCIMENTO (PL),EDUC,2026-09-17T16:38:26,2026-09-25T14:48:00,2026-09-30T15:11:25,Consultoria (CTEO.1),Para análise,,
EDUC,795797,2026-10-02,,PL 316/2026,2292,Ver. GUILHERME CORRÊA (UNIÃO),CCJ,2026-06-01T16:09:17,2026-06-02T15:58:00,2026-09-09T15:12:34,Relator(a),Estudo para manifestação do relator,,
CCJ,795854,2026-10-02,,PL 317/2026,2277,Ver. JANAINA PASCHOAL (PP),PROC-CMSP,2026-06-03T14:55:00,2026-06-08T11:47:00,2026-09-30T16:24:17,Secretaria (SGP12),Em Condição de Pauta,,
ADM,795985,2026-10-02,,PL 318/2026,2283,Ver. ZOE MARTÍNEZ (PL),CCJ,2026-06-22T13:39:58,2026-07-08T17:38:00,2026-09-09T17:58:12,Relator(a),Assinar Relatório,,
FIN,795986,2026-10-02,,PL 319/2026,2271,Ver. ANA CAROLINA OLIVEIRA (PODE),SAUDE,2026-09-08T09:25:18,2026-09-09T11:56:00,2026-09-30T15:54:06,Consultoria (CTEO.1),Para análise,,
CCJ,796007,2026-10-02,,PL 320/2026,2206,Ver. SILVIA DA BANCADA FEMINISTA (PSOL),PROC-CMSP,2026-05-08T10:16:00,2026-05-08T11:34:00,2026-09-14T17:38:39,Relator(a),Estudo para manifestação do relator,,
EDUC,796036,2026-10-02,2026-10-06,PL 321/2026,1349,Ver. SENIVAL MOURA (PT),CCJ,2026-08-20T15:24:03,2026-08-25T11:14:00,2026-09-25T22:08:58,Secretaria (SGP12),Em Condição de Pauta,,
EDUC,796036,2026-10-07,,PL 321/2026,1349,Ver. SENIVAL MOURA (PT),CCJ,2026-08-20T15:24:03,2026-08-25T11:14:00,2026-10-07T18:04:07,Presidente da Comissão,Assinar Certidão de Votação,,
CCJ,796056,2026-10-02,,PL 322/2026,2276,Ver. SILVÃO LEITE (UNIÃO),PROC-CMSP,2026-05-08T10:16:00,2026-05-08T11:34:00,2026-06-15T17:15:40,Secretaria (SGP12),Em Condição de Pauta,,
EDUC,796206,2026-10-02,,PDL 44/2026,2222,Ver. CRIS MONTEIRO (NOVO),CCJ,2026-06-22T13:44:00,2026-06-29T10:08:00,2026-09-15T11:48:15,Secretaria (SGP12),Em Condição de Pauta,,
ADM,796208,2026-10-02,,PR 9/2026,,,CCJ,2026-06-01T16:09:05,2026-07-08T18:15:00,2026-07-08T18:15:00,Presidente da Comissão,Designar Relator,,
CCJ,796215,2026-10-02,,PL 323/2026,2217,Ver. SANSÃO PEREIRA (REPUBLICANOS),PROC-CMSP,2026-08-07T16:04:00,2026-08-14T12:08:00,2026-09-17T18:57:01,Secretaria (SGP12),Em Condição de Pauta,,
CCJ,796252,2026-10-02,,PL 324/2026,2217,Ver. SANSÃO PEREIRA (REPUBLICANOS),PROC-CMSP,2026-05-08T10:16:00,2026-05-08T11:34:00,2026-05-28T17:06:08,Relator(a),Estudo para manifestação do relator,,
CCJ,796261,2026-10-02,2026-10-04,PL 325/2026,2218,Ver. THAMMY MIRANDA (PSD),PROC-CMSP,2026-08-07T16:04:00,2026-08-14T12:08:00,2026-08-20T13:23:00,Procuradoria,Para análise e envio ao(à) relator(a),,
CCJ,796261,2026-10-05,,PL 325/2026,2218,Ver. THAMMY MIRANDA (PSD),PROC-CMSP,2026-08-07T16:04:00,2026-08-14T12:08:00,2026-10-05T17:11:39,Relator(a),Estudo para manifestação do relator,,
CCJ,796272,2026-10-02,,PL 326/2026,1636,Ver. DR. MILTON FERREIRA (PODE),PROC-CMSP,2026-05-07T16:09:00,2026-05-08T11:34:00,2026-09-09T16:16:14,Secretaria (SGP12),Em Condição de Pauta,,
EDUC,796315,2026-10-02,,PL 327/2026,,,CCJ,2026-09-17T16:24:27,2026-10-01T13:51:00,2026-10-01T13:51:00,Presidente da Comissão,Designar Relator,,
CCJ,796331,2026-10-02,,PDL 47/2026,2276,Ver. SILVÃO LEITE (UNIÃO),PROC-CMSP,2026-05-07T16:09:00,2026-05-07T18:50:00,2026-08-06T16:56:07,Secretaria (SGP12),Em Condição de Pauta,,
CCJ,796369,2026-10-02,2026-10-06,PL 328/2026,1636,Ver. DR. MILTON FERREIRA (PODE),PROC-CMSP,2026-06-03T14:55:00,2026-06-08T11:47:00,2026-09-30T17:04:41,Secretaria (SGP12),Em Condição de Pauta,,
CCJ,796369,2026-10-07,,PL 328/2026,1636,Ver. DR. MILTON FERREIRA (PODE),PROC-CMSP,2026-06-03T14:55:00,2026-06-08T11:47:00,2026-10-07T14:47:01,Secretaria (SGP12),Em Condição de Pauta,,
CCJ,796370,2026-10-02,,PL 329/2026,2254,Ver. LUNA ZARATTINI (PT),PROC-CMSP,2026-05-08T10:16:00,2026-05-08T11:34:00,2026-09-01T12:48:05,Relator(a),Estudo para manifestação do relator,,
CCJ,796469,2026-10-02,,PL 331/2026,2206,Ver. SILVIA DA BANCADA FEMINISTA (PSOL),PROC-CMSP,2026-05-07T16:09:00,2026-05-07T18:50:00,2026-09-16T11:54:09,Relator(a),Estudo para manifestação do relator,,
EDUC,796487,2026-10-02,,PDL 48/2026,1989,Ver. GEORGE HATO (MDB),CCJ,2026-05-14T17:39:24,2026-05-21T14:35:00,2026-08-26T18:59:10,Relator(a),Estudo para manifestação do relator,,
CCJ,796526,2026-10-02,2026-10-04,PL 332/2026,1636,Ver. DR. MILTON FERREIRA (PODE),PROC-CMSP,2026-08-07T16:04:00,2026-08-14T12:08:00,2026-08-20T13:23:00,Procuradoria,Para análise e envio ao(à) relator(a),,
CCJ,796526,2026-10-05,,PL 332/2026,1636,Ver. DR. MILTON FERREIRA (PODE),PROC-CMSP,2026-08-07T16:04:00,2026-08-14T12:08:00,2026-10-05T18:47:53,Relator(a),Estudo para manifestação do relator,,
URB,796536,2026-10-02,2026-10-05,PL 333/2026,,,CCJ,2026-08-13T18:05:27,2026-08-19T17:31:00,2026-08-19T17:31:00,Presidente da Comissão,Designar Relator,,
URB,796536,2026-10-06,,PL 333/2026,2272,Ver. DHEISON SILVA (PT),CCJ,2026-08-13T18:05:27,2026-08-19T17:31:00,2026-10-06T17:04:12,Consultoria (SGP.51),Para análise,,
CCJ,796541,2026-10-02,,PL 334/2026,2282,Ver. LUCAS PAVANATO (PL),PROC-CMSP,2026-05-07T16:09:00,2026-05-07T18:50:00,2026-08-28T18:56:56,Relator(a),Estudo para manifestação do relator,,
CCJ,796543,2026-10-02,,PL 335/2026,1636,Ver. DR. MILTON FERREIRA (PODE),PROC-CMSP,2026-08-07T16:04:00,2026-08-14T12:08:00,2026-09-25T17:07:13,Relator(a),Estudo para manifestação do relator,,
CCJ,796641,2026-10-02,,PL 336/2026,2206,Ver. SILVIA DA BANCADA FEMINISTA (PSOL),PROC-CMSP,2026-07-21T12:03:00,2026-08-03T17:30:00,2026-08-04T12:24:43,Procuradoria,Para análise e envio ao(à) relator(a),,
CCJ,796699,2026-10-02,,PL 337/2026,2282,Ver. LUCAS PAVANATO (PL),PROC-CMSP,2026-05-08T10:16:00,2026-05-08T11:30:00,2026-05-15T15:44:42,Relator(a),Assinar Pedido de Informação ao Executivo,,
EDUC,796729,2026-10-02,,PDL 49/2026,2292,Ver. GUILHERME CORRÊA (UNIÃO),CCJ,2026-05-22T16:10:45,2026-05-26T15:49:00,2026-09-04T14:52:37,Relator(a),Estudo para manifestação do relator,,
CCJ,796755,2026-10-02,,PL 338/2026,2277,Ver. JANAINA PASCHOAL (PP),PROC-CMSP,2026-08-07T16:04:00,2026-08-14T12:08:00,2026-08-17T17:03:00,Procuradoria,Para análise e envio ao(à) relator(a),,
CCJ,796764,2026-10-02,2026-10-07,PL 339/2026,2218,Ver. THAMMY MIRANDA (PSD),PROC-CMSP,2026-05-08T10:16:00,2026-05-08T11:30:00,2026-09-09T18:26:37,Secretaria (SGP12),Aguardando Informações do Executivo,,
CCJ,796764,2026-10-08,,PL 339/2026,2218,Ver. THAMMY MIRANDA (PSD),PROC-CMSP,2026-05-08T10:16:00,2026-05-08T11:30:00,2026-10-08T14:59:09,Procuradoria,Para análise e envio ao(à) relator(a),,
CCJ,796765,2026-10-02,,PL 340/2026,2282,Ver. LUCAS PAVANATO (PL),PROC-CMSP,2026-05-08T10:16:00,2026-05-08T11:30:00,2026-05-15T15:44:30,Relator(a),Assinar Pedido de Informação ao Executivo,,
CCJ,796778,2026-10-02,,PL 341/2026,2254,Ver. LUNA ZARATTINI (PT),PROC-CMSP,2026-05-15T13:21:00,2026-05-15T17:31:00,2026-09-09T16:14:08,Relator(a),Estudo para manifestação do relator,,
EDUC,796801,2026-10-02,,PDL 52/2026,2292,Ver. GUILHERME CORRÊA (UNIÃO),CCJ,2026-08-13T18:05:20,2026-08-14T12:11:00,2026-09-01T16:54:17,Relator(a),Estudo para manifestação do relator,,
CCJ,796977,2026-10-02,,PR 10/2026,2217,Ver. SANSÃO PEREIRA (REPUBLICANOS),PROC-CMSP,2026-06-15T17:34:00,2026-06-16T10:29:00,2026-09-17T19:11:10,Secretaria (SGP12),Em Condição de Pauta,,
CCJ,797054,2026-10-02,,PR 11/2026,2218,Ver. THAMMY MIRANDA (PSD),PROC-CMSP,2026-05-22T13:29:00,2026-05-25T15:54:00,2026-06-08T18:16:41,Secretaria (SGP12),Em Condição de Pauta,,
CCJ,797170,2026-10-02,,PDL 55/2026,2282,Ver. LUCAS PAVANATO (PL),PROC-CMSP,2026-05-15T13:21:00,2026-05-15T17:31:00,2026-06-01T20:03:37,Relator(a),Estudo para manifestação do relator,,
CCJ,797182,2026-10-02,,PL 342/2026,2217,Ver. SANSÃO PEREIRA (REPUBLICANOS),PROC-CMSP,2026-08-07T16:04:00,2026-08-14T12:08:00,2026-09-29T20:25:43,Relator(a),Estudo para manifestação do relator,,
EDUC,797184,2026-10-02,,PL 343/2026,2222,Ver. CRIS MONTEIRO (NOVO),CCJ,2026-06-01T16:09:14,2026-06-02T15:58:00,2026-09-23T18:50:58,Relator(a),Estudo para manifestação do relator,,
CCJ,797225,2026-10-02,,PL 344/2026,2206,Ver. SILVIA DA BANCADA FEMINISTA (PSOL),PROC-CMSP,2026-05-08T10:16:00,2026-05-08T11:30:00,2026-05-19T17:46:50,Relator(a),Estudo para manifestação do relator,,
EDUC,797272,2026-10-02,,PL 345/2026,1989,Ver. GEORGE HATO (MDB),CCJ,2026-05-22T16:10:38,2026-05-26T15:43:00,2026-09-07T12:30:35,Relator(a),Estudo para manifestação do relator,,
CCJ,797283,2026-10-02,,PL 346/2026,1636,Ver. DR. MILTON FERREIRA (PODE),PROC-CMSP,2026-05-15T13:21:00,2026-05-15T17:31:00,2026-10-01T16:40:09,Relator(a),Estudo para manifestação do relator,,
CCJ,797329,2026-10-02,,PL 347/2026,1636,Ver. DR. MILTON FERREIRA (PODE),PROC-CMSP,2026-08-07T16:04:00,2026-08-14T12:08:00,2026-08-17T17:03:00,Procuradoria,Para análise e envio ao(à) relator(a),,
CCJ,797382,2026-10-02,,PL 349/2026,2206,Ver. SILVIA DA BANCADA FEMINISTA (PSOL),PROC-CMSP,2026-06-19T14:14:00,2026-06-22T13:04:00,2026-09-17T21:42:14,Relator(a),Estudo para manifestação do relator,,
CCJ,797439,2026-10-02,,PL 350/2026,2282,Ver. LUCAS PAVANATO (PL),PROC-CMSP,2026-05-08T10:16:00,2026-05-08T11:30:00,2026-05-15T15:45:23,Relator(a),Assinar Pedido de Informação ao Executivo,,
CCJ,797513,2026-10-02,,PL 351/2026,2254,Ver. LUNA ZARATTINI (PT),PROC-CMSP,2026-08-07T16:04:00,2026-08-14T12:08:00,2026-08-28T16:14:12,Relator(a),Estudo para manifestação do relator,,
CCJ,797515,2026-10-02,2026-10-06,PL 352/2026,2277,Ver. JANAINA PASCHOAL (PP),PROC-CMSP,2026-05-08T10:16:00,2026-05-08T11:30:00,2026-09-15T17:09:01,Secretaria (SGP12),Em Condição de Pauta,,
CCJ,797515,2026-10-07,,PL 352/2026,2277,Ver. JANAINA PASCHOAL (PP),PROC-CMSP,2026-05-08T10:16:00,2026-05-08T11:30:00,2026-10-07T14:47:37,Secretaria (SGP12),Em Condição de Pauta,,
CCJ,797686,2026-10-02,,PL 353/2026,2277,Ver. JANAINA PASCHOAL (PP),PROC-CMSP,2026-05-08T10:16:00,2026-05-08T11:30:00,2026-09-04T15:23:33,Secretaria (SGP12),Em Condição de Pauta,,
CCJ,797733,2026-10-02,,PL 355/2026,1636,Ver. DR. MILTON FERREIRA (PODE),PROC-CMSP,2026-05-08T10:16:00,2026-05-08T11:30:00,2026-09-30T17:06:36,Secretaria (SGP12),Em Condição de Pauta,,
CCJ,797741,2026-10-02,,PL 356/2026,2217,Ver. SANSÃO PEREIRA (REPUBLICANOS),PROC-CMSP,2026-05-12T15:59:00,2026-05-12T16:05:00,2026-09-18T17:15:22,Relator(a),Estudo para manifestação do relator,,
FIN,797956,2026-10-02,,PL 357/2026,2219,Ver. MARCELO MESSIAS (MDB),EDUC,2026-09-24T16:36:14,2026-09-25T14:48:00,2026-09-30T15:11:25,Consultoria (CTEO.1),Para análise,,
CCJ,797967,2026-10-02,,PL 358/2026,2277,Ver. JANAINA PASCHOAL (PP),PROC-CMSP,2026-08-07T16:04:00,2026-08-14T12:08:00,2026-08-17T17:03:00,Procuradoria,Para análise e envio ao(à) relator(a),,
CCJ,797979,2026-10-02,,PL 359/2026,2276,Ver. SILVÃO LEITE (UNIÃO),PROC-CMSP,2026-06-19T14:14:00,2026-06-22T13:04:00,2026-09-22T13:42:16,Procuradoria,Para análise e envio ao(à) relator(a),,
EDUC,798013,2026-10-02,,PDL 58/2026,2292,Ver. GUILHERME CORRÊA (UNIÃO),CCJ,2026-06-22T13:44:08,2026-06-29T10:08:00,2026-09-04T16:43:59,Relator(a),Estudo para manifestação do relator,,
CCJ,798026,2026-10-02,,PL 360/2026,2218,Ver. THAMMY MIRANDA (PSD),PROC-CMSP,2026-05-15T13:21:00,2026-05-15T17:31:00,2026-10-01T12:31:33,Procuradoria,Para análise e envio ao(à) relator(a),,
FIN,798226,2026-10-02,,PDL 59/2026,2146,Ver. GILBERTO NASCIMENTO (PL),EDUC,2026-09-24T16:36:06,2026-09-25T14:51:00,2026-09-30T15:11:25,Consultoria (CTEO.1),Para análise,,
EDUC,798245,2026-10-02,2026-10-06,PDL 60/2026,2222,Ver. CRIS MONTEIRO (NOVO),CCJ,2026-08-06T15:15:09,2026-08-14T12:01:00,2026-10-01T11:27:45,Secretaria (SGP12),Em Condição de Pauta,,
EDUC,798245,2026-10-07,,PDL 60/2026,2222,Ver. CRIS MONTEIRO (NOVO),CCJ,2026-08-06T15:15:09,2026-08-14T12:01:00,2026-10-07T19:02:13,Secretaria (SGP12),Pendente de Votação,,
EDUC,798248,2026-10-02,2026-10-07,PL 362/2026,2185,Ver. CELSO GIANNAZI (PSOL),CCJ,2026-06-22T13:42:09,2026-06-29T09:55:00,2026-10-01T15:43:18,Consultoria (SGP.52),Elaborar Minuta de Relatório,,
EDUC,798248,2026-10-08,,PL 362/2026,2185,Ver. CELSO GIANNAZI (PSOL),CCJ,2026-06-22T13:42:09,2026-06-29T09:55:00,2026-10-08T10:15:52,Relator(a),Assinar Relatório,,
FIN,798274,2026-10-02,,PDL 61/2026,2246,Ver. MAJOR PALUMBO (PP),EDUC,2026-09-24T16:36:07,2026-09-25T14:51:00,2026-09-30T15:11:25,Consultoria (CTEO.1),Para análise,,
EDUC,798291,2026-10-02,,PDL 62/2026,2222,Ver. CRIS MONTEIRO (NOVO),CCJ,2026-06-22T13:44:07,2026-06-29T10:08:00,2026-09-22T15:59:27,Relator(a),Estudo para manifestação do relator,,
CCJ,798387,2026-10-02,,PL 363/2026,2276,Ver. SILVÃO LEITE (UNIÃO),PROC-CMSP,2026-06-19T14:14:00,2026-06-22T13:04:00,2026-09-17T21:42:16,Relator(a),Estudo para manifestação do relator,,
CCJ,798389,2026-10-02,,PL 364/2026,2277,Ver. JANAINA PASCHOAL (PP),PROC-CMSP,2026-06-03T14:55:00,2026-06-08T11:47:00,2026-09-15T17:26:38,Secretaria (SGP12),Em Condição de Pauta,,
CCJ,798391,2026-10-02,,PL 365/2026,2276,Ver. SILVÃO LEITE (UNIÃO),PROC-CMSP,2026-06-19T14:14:00,2026-06-22T13:04:00,2026-09-17T21:42:17,Relator(a),Estudo para manifestação do relator,,
CCJ,798566,2026-10-02,2026-10-05,PL 366/2026,1636,Ver. DR. MILTON FERREIRA (PODE),PROC-CMSP,2026-06-03T14:55:00,2026-06-08T11:47:00,2026-06-11T14:49:50,Procuradoria,Para análise e envio ao(à) relator(a),,
CCJ,798566,2026-10-06,,PL 366/2026,1636,Ver. DR. MILTON FERREIRA (PODE),PROC-CMSP,2026-06-03T14:55:00,2026-06-08T11:47:00,2026-10-06T16:38:41,Relator(a),Estudo para manifestação do relator,,
FIN,798594,2026-10-02,,PDL 63/2026,2219,Ver. MARCELO MESSIAS (MDB),EDUC,2026-09-24T16:36:08,2026-09-25T14:51:00,2026-09-30T15:11:25,Consultoria (CTEO.1),Para análise,,
CCJ,798778,2026-10-02,,PL 367/2026,2218,Ver. THAMMY MIRANDA (PSD),PROC-CMSP,2026-08-07T16:04:00,2026-08-14T12:08:00,2026-08-20T13:23:00,Procuradoria,Para análise e envio ao(à) relator(a),,
EDUC,798835,2026-10-02,2026-10-06,PDL 64/2026,1349,Ver. SENIVAL MOURA (PT),CCJ,2026-06-22T13:44:07,2026-06-29T10:08:00,2026-09-25T22:08:49,Secretaria (SGP12),Em Condição de Pauta,,
EDUC,798835,2026-10-07,,PDL 64/2026,1349,Ver. SENIVAL MOURA (PT),CCJ,2026-06-22T13:44:07,2026-06-29T10:08:00,2026-10-07T18:03:51,Presidente da Comissão,Assinar Certidão de Votação,,
CCJ,798847,2026-10-02,,PL 368/2026,2277,Ver. JANAINA PASCHOAL (PP),PROC-CMSP,2026-06-03T14:55:00,2026-06-08T11:47:00,2026-09-30T16:08:20,Relator(a),Estudo para manifestação do relator,,
CCJ,798867,2026-10-02,,PL 369/2026,2206,Ver. SILVIA DA BANCADA FEMINISTA (PSOL),PROC-CMSP,2026-07-21T12:32:00,2026-08-03T17:30:00,2026-09-16T11:54:12,Relator(a),Estudo para manifestação do relator,,
SAUDE,798988,2026-10-02,,PR 12/2026,,,CCJ,2026-09-04T20:19:16,2026-09-08T09:15:00,2026-09-08T09:15:00,Presidente da Comissão,Designar Relator,,
CCJ,799196,2026-10-02,,PL 370/2026,2218,Ver. THAMMY MIRANDA (PSD),PROC-CMSP,2026-08-07T16:04:00,2026-08-14T12:08:00,2026-08-17T17:03:00,Procuradoria,Para análise e envio ao(à) relator(a),,
CCJ,799198,2026-10-02,,PL 371/2026,2276,Ver. SILVÃO LEITE (UNIÃO),PROC-CMSP,2026-06-03T14:55:00,2026-06-08T11:47:00,2026-06-17T16:33:20,Relator(a),Estudo para manifestação do relator,,
EDUC,799219,2026-10-02,2026-10-06,PDL 65/2026,2222,Ver. CRIS MONTEIRO (NOVO),CCJ,2026-06-22T13:44:06,2026-06-29T10:08:00,2026-10-01T11:27:35,Secretaria (SGP12),Em Condição de Pauta,,
EDUC,799219,2026-10-07,,PDL 65/2026,2222,Ver. CRIS MONTEIRO (NOVO),CCJ,2026-06-22T13:44:06,2026-06-29T10:08:00,2026-10-07T18:03:56,Presidente da Comissão,Assinar Certidão de Votação,,
CCJ,799319,2026-10-02,,PL 372/2026,2217,Ver. SANSÃO PEREIRA (REPUBLICANOS),PROC-CMSP,2026-08-07T16:04:00,2026-08-14T12:08:00,2026-08-17T17:03:00,Procuradoria,Para análise e envio ao(à) relator(a),,
CCJ,799320,2026-10-02,,PL 373/2026,2217,Ver. SANSÃO PEREIRA (REPUBLICANOS),PROC-CMSP,2026-06-03T14:55:00,2026-06-08T11:47:00,2026-09-17T19:04:36,Secretaria (SGP12),Em Condição de Pauta,,
CCJ,799444,2026-10-02,,PL 376/2026,2218,Ver. THAMMY MIRANDA (PSD),PROC-CMSP,2026-05-15T13:21:00,2026-05-15T17:31:00,2026-09-09T18:26:38,Secretaria (SGP12),Aguardando Informações do Executivo,,
CCJ,799446,2026-10-02,,PL 377/2026,2218,Ver. THAMMY MIRANDA (PSD),PROC-CMSP,2026-05-15T13:21:00,2026-05-15T17:31:00,2026-09-09T18:26:39,Secretaria (SGP12),Aguardando Informações do Executivo,,
CCJ,799495,2026-10-02,2026-10-04,PL 378/2026,2206,Ver. SILVIA DA BANCADA FEMINISTA (PSOL),PROC-CMSP,2026-05-15T13:21:00,2026-05-15T17:31:00,2026-10-01T12:31:34,Procuradoria,Para análise e envio ao(à) relator(a),,
CCJ,799495,2026-10-05,,PL 378/2026,2206,Ver. SILVIA DA BANCADA FEMINISTA (PSOL),PROC-CMSP,2026-05-15T13:21:00,2026-05-15T17:31:00,2026-10-05T18:47:55,Relator(a),Estudo para manifestação do relator,,
EDUC,799661,2026-10-02,,PL 379/2026,1989,Ver. GEORGE HATO (MDB),CCJ,2026-08-06T15:15:00,2026-08-14T12:00:00,2026-09-08T10:47:29,Relator(a),Estudo para manifestação do relator,,
CCJ,799816,2026-10-02,,PL 380/2026,2217,Ver. SANSÃO PEREIRA (REPUBLICANOS),PROC-CMSP,2026-07-21T12:03:00,2026-08-03T17:31:00,2026-08-04T12:24:43,Procuradoria,Para análise e envio ao(à) relator(a),,
CCJ,799817,2026-10-02,,PL 381/2026,2217,Ver. SANSÃO PEREIRA (REPUBLICANOS),PROC-CMSP,2026-07-21T12:03:00,2026-08-03T17:30:00,2026-08-04T12:24:43,Procuradoria,Para análise e envio ao(à) relator(a),,
CCJ,799818,2026-10-02,,PL 382/2026,2206,Ver. SILVIA DA BANCADA FEMINISTA (PSOL),PROC-CMSP,2026-06-03T14:55:00,2026-06-08T11:47:00,2026-06-17T16:33:21,Relator(a),Estudo para manifestação do relator,,
EDUC,799909,2026-10-02,,PDL 66/2026,1989,Ver. GEORGE HATO (MDB),CCJ,2026-08-20T15:23:59,2026-08-25T11:16:00,2026-08-31T17:58:24,Relator(a),Estudo para manifestação do relator,,
EDUC,800077,2026-10-02,,PDL 69/2026,2222,Ver. CRIS MONTEIRO (NOVO),CCJ,2026-06-22T13:44:05,2026-06-29T10:08:00,2026-08-26T17:28:47,Relator(a),Estudo para manifestação do relator,,
EDUC,800111,2026-10-02,,PDL 71/2026,1989,Ver. GEORGE HATO (MDB),CCJ,2026-06-22T13:44:04,2026-06-29T09:55:00,2026-09-01T17:54:20,Relator(a),Estudo para manifestação do relator,,
CCJ,800129,2026-10-02,,PL 384/2026,2282,Ver. LUCAS PAVANATO (PL),PROC-CMSP,2026-08-07T16:04:00,2026-08-14T21:40:00,2026-08-17T17:03:00,Procuradoria,Para análise e envio ao(à) relator(a),,
URB,800132,2026-10-02,2026-10-05,PL 385/2026,2144,Ver. FABIO RIVA (MDB),CCJ,2026-06-22T13:42:06,2026-07-01T17:09:00,2026-09-10T16:23:31,Presidente da Comissão,Assinar Pedido de Informação ao Executivo,,
URB,800132,2026-10-06,,PL 385/2026,2144,Ver. FABIO RIVA (MDB),CCJ,2026-06-22T13:42:06,2026-07-01T17:09:00,2026-10-06T17:06:32,Secretaria (SGP12),Aguardando Elaboração do Ofício SGP-12,,
CCJ,800241,2026-10-02,,PL 387/2026,1636,Ver. DR. MILTON FERREIRA (PODE),PROC-CMSP,2026-08-07T16:04:00,2026-08-14T12:09:00,2026-09-29T20:25:42,Relator(a),Estudo para manifestação do relator,,
CCJ,800290,2026-10-02,,PL 389/2026,1636,Ver. DR. MILTON FERREIRA (PODE),PROC-CMSP,2026-06-03T14:55:00,2026-06-08T13:37:00,2026-06-11T14:49:50,Procuradoria,Para análise e envio ao(à) relator(a),,
CCJ,800327,2026-10-02,,PL 390/2026,2277,Ver. JANAINA PASCHOAL (PP),PROC-CMSP,2026-06-03T14:55:00,2026-06-08T11:47:00,2026-06-11T14:52:44,Procuradoria,Para análise e envio ao(à) relator(a),,
CCJ,800330,2026-10-02,,PL 392/2026,2218,Ver. THAMMY MIRANDA (PSD),PROC-CMSP,2026-06-19T14:14:00,2026-06-22T13:03:00,2026-09-02T16:00:33,Secretaria (SGP12),Adiado,,
CCJ,800332,2026-10-02,,PL 394/2026,2254,Ver. LUNA ZARATTINI (PT),PROC-CMSP,2026-06-03T14:55:00,2026-06-08T13:37:00,2026-08-03T20:41:04,Relator(a),Estudo para manifestação do relator,,
CCJ,800437,2026-10-02,,PL 395/2026,1636,Ver. DR. MILTON FERREIRA (PODE),PROC-CMSP,2026-08-07T16:04:00,2026-08-14T12:09:00,2026-08-17T17:03:00,Procuradoria,Para análise e envio ao(à) relator(a),,
CCJ,800451,2026-10-02,2026-10-06,PL 396/2026,2277,Ver. JANAINA PASCHOAL (PP),PROC-CMSP,2026-06-19T14:14:00,2026-06-22T13:04:00,2026-09-28T17:45:28,Relator(a),Estudo para manifestação do relator,,
CCJ,800451,2026-10-07,,PL 396/2026,2277,Ver. JANAINA PASCHOAL (PP),PROC-CMSP,2026-06-19T14:14:00,2026-06-22T13:04:00,2026-10-07T17:26:23,Secretaria (SGP12),Em Condição de Pauta,,
CCJ,800459,2026-10-02,,PL 397/2026,2206,Ver. SILVIA DA BANCADA FEMINISTA (PSOL),PROC-CMSP,2026-06-03T14:55:00,2026-06-08T11:47:00,2026-06-15T19:39:49,Relator(a),Estudo para manifestação do relator,,
CCJ,800462,2026-10-02,,PL 398/2026,1636,Ver. DR. MILTON FERREIRA (PODE),PROC-CMSP,2026-06-03T14:55:00,2026-06-08T11:47:00,2026-09-28T21:02:56,Relator(a),Estudo para manifestação do relator,,
CCJ,800476,2026-10-02,,PL 399/2026,2276,Ver. SILVÃO LEITE (UNIÃO),PROC-CMSP,2026-06-03T14:55:00,2026-06-08T11:47:00,2026-09-14T17:38:34,Relator(a),Estudo para manifestação do relator,,
CCJ,800511,2026-10-02,,PR 13/2026,2217,Ver. SANSÃO PEREIRA (REPUBLICANOS),PROC-CMSP,2026-06-19T14:14:00,2026-06-22T13:26:00,2026-09-17T18:22:09,Secretaria (SGP12),Em Condição de Pauta,,
CCJ,800515,2026-10-02,2026-10-06,PL 400/2026,2277,Ver. JANAINA PASCHOAL (PP),PROC-CMSP,2026-06-19T14:14:00,2026-06-22T13:04:00,2026-09-30T16:24:17,Secretaria (SGP12),Em Condição de Pauta,,
CCJ,800515,2026-10-07,,PL 400/2026,2277,Ver. JANAINA PASCHOAL (PP),PROC-CMSP,2026-06-19T14:14:00,2026-06-22T13:04:00,2026-10-07T14:48:09,Secretaria (SGP12),Em Condição de Pauta,,
ADM,800595,2026-10-02,,PL 401/2026,,,CCJ,2026-09-17T16:24:30,2026-09-17T17:43:00,2026-09-17T17:43:00,Presidente da Comissão,Designar Relator,,
CCJ,800636,2026-10-02,,PDL 72/2026,2282,Ver. LUCAS PAVANATO (PL),PROC-CMSP,2026-05-22T13:29:00,2026-05-25T15:54:00,2026-06-01T17:59:27,Relator(a),Assinar Pedido de Informação ao(à) Autor(a),,
CCJ,800694,2026-10-02,2026-10-04,PL 402/2026,1636,Ver. DR. MILTON FERREIRA (PODE),PROC-CMSP,2026-08-07T16:04:00,2026-08-14T12:09:00,2026-08-20T13:23:00,Procuradoria,Para análise e envio ao(à) relator(a),,
CCJ,800694,2026-10-05,,PL 402/2026,1636,Ver. DR. MILTON FERREIRA (PODE),PROC-CMSP,2026-08-07T16:04:00,2026-08-14T12:09:00,2026-10-05T17:11:40,Relator(a),Estudo para manifestação do relator,,
URB,800925,2026-10-02,,PL 403/2026,2144,Ver. FABIO RIVA (MDB),CCJ,2026-06-01T16:10:56,2026-06-01T18:03:00,2026-08-06T15:03:03,Relator(a),Estudo para manifestação do relator,,
CCJ,800926,2026-10-02,2026-10-06,PL 404/2026,1636,Ver. DR. MILTON FERREIRA (PODE),PROC-CMSP,2026-06-19T14:14:00,2026-06-22T13:03:00,2026-09-30T17:07:35,Secretaria (SGP12),Em Condição de Pauta,,
CCJ,800926,2026-10-07,,PL 404/2026,1636,Ver. DR. MILTON FERREIRA (PODE),PROC-CMSP,2026-06-19T14:14:00,2026-06-22T13:03:00,2026-10-07T14:48:42,Secretaria (SGP12),Em Condição de Pauta,,
CCJ,801027,2026-10-02,2026-10-06,PL 405/2026,2218,Ver. THAMMY MIRANDA (PSD),PROC-CMSP,2026-06-03T14:55:00,2026-06-08T11:47:00,2026-06-11T14:52:44,Procuradoria,Para análise e envio ao(à) relator(a),,
CCJ,801027,2026-10-07,,PL 405/2026,2218,Ver. THAMMY MIRANDA (PSD),PROC-CMSP,2026-06-03T14:55:00,2026-06-08T11:47:00,2026-10-07T16:34:41,Relator(a),Estudo para manifestação do relator,,
CCJ,801032,2026-10-02,,PL 406/2026,2277,Ver. JANAINA PASCHOAL (PP),PROC-CMSP,2026-05-28T14:29:00,2026-05-28T15:40:00,2026-09-15T17:17:33,Secretaria (SGP12),Em Condição de Pauta,,
CCJ,801033,2026-10-02,,PL 407/2026,2277,Ver. JANAINA PASCHOAL (PP),PROC-CMSP,2026-08-14T13:26:00,2026-08-14T21:40:00,2026-08-20T13:23:00,Procuradoria,Para análise e envio ao(à) relator(a),,
CCJ,801034,2026-10-02,,PL 408/2026,2277,Ver. JANAINA PASCHOAL (PP),PROC-CMSP,2026-06-19T14:14:00,2026-06-22T13:03:00,2026-07-01T14:23:03,Secretaria (SGP12),Aguardando Informações do(a) Autor(a),,
CCJ,801036,2026-10-02,,PL 410/2026,2282,Ver. LUCAS PAVANATO (PL),PROC-CMSP,2026-05-22T13:35:00,2026-05-25T15:54:00,2026-06-12T17:29:14,Relator(a),Estudo para manifestação do relator,,
CCJ,801037,2026-10-02,,PL 411/2026,2282,Ver. LUCAS PAVANATO (PL),PROC-CMSP,2026-06-03T14:55:00,2026-06-08T11:47:00,2026-06-16T17:58:22,Relator(a),Assinar Pedido de Informação ao Executivo,,
CCJ,801038,2026-10-02,,PL 412/2026,2277,Ver. JANAINA PASCHOAL (PP),PROC-CMSP,2026-05-28T14:29:00,2026-05-28T15:40:00,2026-09-15T17:17:34,Secretaria (SGP12),Em Condição de Pauta,,
CCJ,801039,2026-10-02,,PL 413/2026,2277,Ver. JANAINA PASCHOAL (PP),PROC-CMSP,2026-08-14T13:26:00,2026-08-14T21:40:00,2026-08-20T13:23:00,Procuradoria,Para análise e envio ao(à) relator(a),,
CCJ,801329,2026-10-02,,PL 414/2026,1636,Ver. DR. MILTON FERREIRA (PODE),PROC-CMSP,2026-05-28T14:29:00,2026-05-28T15:40:00,2026-09-11T16:13:27,Relator(a),Estudo para manifestação do relator,,
CCJ,801677,2026-10-02,2026-10-05,PL 416/2026,2277,Ver. JANAINA PASCHOAL (PP),PROC-CMSP,2026-05-28T14:29:00,2026-05-28T15:40:00,2026-06-01T14:26:45,Procuradoria,Para análise e envio ao(à) relator(a),,
CCJ,801677,2026-10-06,2026-10-06,PL 416/2026,2277,Ver. JANAINA PASCHOAL (PP),PROC-CMSP,2026-05-28T14:29:00,2026-05-28T15:40:00,2026-10-06T16:38:42,Relator(a),Estudo para manifestação do relator,,
CCJ,801677,2026-10-07,,PL 416/2026,2277,Ver. JANAINA PASCHOAL (PP),PROC-CMSP,2026-05-28T14:29:00,2026-05-28T15:40:00,2026-10-07T17:19:39,Secretaria (SGP12),Em Condição de Pauta,,
FIN,802073,2026-10-02,,PDL 74/2026,2000,Ver. ALESSANDRO GUEDES (PT),EDUC,2026-09-24T16:36:10,2026-09-25T14:51:00,2026-09-30T15:11:25,Consultoria (CTEO.1),Para análise,,
CCJ,802550,2026-10-02,,PL 418/2026,1636,Ver. DR. MILTON FERREIRA (PODE),PROC-CMSP,2026-08-14T13:26:00,2026-08-14T21:40:00,2026-09-09T16:11:17,Relator(a),Assinar Pedido de Informação ao Executivo,,
CCJ,802622,2026-10-02,,PL 419/2026,1636,Ver. DR. MILTON FERREIRA (PODE),PROC-CMSP,2026-08-14T13:26:00,2026-08-14T21:39:00,2026-08-17T17:03:00,Procuradoria,Para análise e envio ao(à) relator(a),,
CCJ,802647,2026-10-02,,PL 420/2026,2218,Ver. THAMMY MIRANDA (PSD),PROC-CMSP,2026-06-30T22:51:00,2026-07-01T16:49:00,2026-07-06T10:52:34,Procuradoria,Para análise e envio ao(à) relator(a),,
CCJ,802652,2026-10-02,,PL 421/2026,2218,Ver. THAMMY MIRANDA (PSD),PROC-CMSP,2026-08-14T13:26:00,2026-08-14T21:31:00,2026-08-17T17:03:00,Procuradoria,Para análise e envio ao(à) relator(a),,
CCJ,802757,2026-10-02,,PL 422/2026,2217,Ver. SANSÃO PEREIRA (REPUBLICANOS),PROC-CMSP,2026-08-07T16:04:00,2026-08-14T12:08:00,2026-09-22T11:32:05,Secretaria (SGP12),Em Condição de Pauta,,
CCJ,802759,2026-10-02,,PL 423/2026,2282,Ver. LUCAS PAVANATO (PL),PROC-CMSP,2026-09-04T12:30:00,2026-09-08T14:14:00,2026-09-23T16:28:20,Relator(a),Estudo para manifestação do relator,,
CCJ,802826,2026-10-02,,PL 424/2026,2254,Ver. LUNA ZARATTINI (PT),PROC-CMSP,2026-09-04T12:30:00,2026-09-08T14:15:00,2026-10-02T21:54:09,Relator(a),Estudo para manifestação do relator,,
CCJ,802827,2026-10-02,,PL 425/2026,2254,Ver. LUNA ZARATTINI (PT),PROC-CMSP,2026-09-04T12:30:00,2026-09-08T14:15:00,2026-09-24T17:59:51,Secretaria (SGP12),Em Condição de Pauta,,
CCJ,802836,2026-10-02,,PDL 75/2026,2206,Ver. SILVIA DA BANCADA FEMINISTA (PSOL),PROC-CMSP,2026-06-19T14:14:00,2026-06-22T13:26:00,2026-08-03T16:45:01,Secretaria (SGP12),Aguardando Informações do(a) Autor(a),,
CCJ,802837,2026-10-02,2026-10-06,PL 426/2026,2217,Ver. SANSÃO PEREIRA (REPUBLICANOS),PROC-CMSP,2026-09-04T12:30:00,2026-09-08T14:15:00,2026-09-30T12:27:49,Secretaria (SGP12),Em Condição de Pauta,,
CCJ,802837,2026-10-07,,PL 426/2026,2217,Ver. SANSÃO PEREIRA (REPUBLICANOS),PROC-CMSP,2026-09-04T12:30:00,2026-09-08T14:15:00,2026-10-07T14:53:56,Secretaria (SGP12),Em Condição de Pauta,,
CCJ,802871,2026-10-02,,PDL 76/2026,2254,Ver. LUNA ZARATTINI (PT),PROC-CMSP,2026-06-19T14:14:00,2026-06-22T13:26:00,2026-06-26T17:05:04,Relator(a),Estudo para manifestação do relator,,
CCJ,803019,2026-10-02,,PL 427/2026,2206,Ver. SILVIA DA BANCADA FEMINISTA (PSOL),PROC-CMSP,2026-09-04T12:30:00,2026-09-08T14:14:00,2026-09-09T12:50:51,Procuradoria,Para análise e envio ao(à) relator(a),,
CCJ,803020,2026-10-02,,PL 428/2026,2277,Ver. JANAINA PASCHOAL (PP),PROC-CMSP,2026-09-04T12:30:00,2026-09-08T14:15:00,2026-10-02T21:54:10,Relator(a),Estudo para manifestação do relator,,
CCJ,803274,2026-10-02,,PL 429/2026,2206,Ver. SILVIA DA BANCADA FEMINISTA (PSOL),PROC-CMSP,2026-06-30T22:51:00,2026-07-01T16:49:00,2026-10-01T12:31:35,Procuradoria,Para análise e envio ao(à) relator(a),,
CCJ,803345,2026-10-02,,PL 430/2026,2218,Ver. THAMMY MIRANDA (PSD),PROC-CMSP,2026-06-30T22:51:00,2026-07-01T16:49:00,2026-09-23T17:24:27,Procuradoria,Para análise e envio ao(à) relator(a),,
CCJ,803357,2026-10-02,,PL 431/2026,2277,Ver. JANAINA PASCHOAL (PP),PROC-CMSP,2026-09-04T12:39:00,2026-09-08T14:14:00,2026-10-02T18:36:54,Relator(a),Estudo para manifestação do relator,,
EDUC,803433,2026-10-02,,PL 432/2026,1989,Ver. GEORGE HATO (MDB),CCJ,2026-08-06T15:14:57,2026-08-14T12:00:00,2026-09-08T11:04:51,Relator(a),Estudo para manifestação do relator,,
CCJ,803615,2026-10-02,,PL 433/2026,2218,Ver. THAMMY MIRANDA (PSD),PROC-CMSP,2026-09-04T12:39:00,2026-09-08T14:14:00,2026-09-09T12:50:51,Procuradoria,Para análise e envio ao(à) relator(a),,
CCJ,803617,2026-10-02,,PL 434/2026,2277,Ver. JANAINA PASCHOAL (PP),PROC-CMSP,2026-06-30T22:51:00,2026-07-01T16:49:00,2026-09-23T18:21:07,Secretaria (SGP12),Aguardando Informações do Executivo,,
URB,803620,2026-10-02,,PL 435/2026,2273,Ver. DR. MURILLO LIMA (PP),CCJ,2026-06-22T13:39:46,2026-07-01T17:03:00,2026-07-30T19:56:54,Relator(a),Estudo para manifestação do relator,,
CCJ,803640,2026-10-02,,PDL 77/2026,2254,Ver. LUNA ZARATTINI (PT),PROC-CMSP,2026-06-19T14:14:00,2026-06-22T13:19:00,2026-06-25T19:06:24,Relator(a),Assinar Pedido de Informação ao(à) Autor(a),,
FIN,803663,2026-10-02,,PL 436/2026,2146,Ver. GILBERTO NASCIMENTO (PL),EDUC,2026-09-24T16:36:16,2026-09-25T14:48:00,2026-09-30T15:11:25,Consultoria (CTEO.1),Para análise,,
CCJ,803664,2026-10-02,,PL 437/2026,2218,Ver. THAMMY MIRANDA (PSD),PROC-CMSP,2026-09-04T12:30:00,2026-09-08T14:14:00,2026-09-09T12:50:51,Procuradoria,Para análise e envio ao(à) relator(a),,
CCJ,803667,2026-10-02,,PL 438/2026,2217,Ver. SANSÃO PEREIRA (REPUBLICANOS),PROC-CMSP,2026-09-04T12:30:00,2026-09-08T14:15:00,2026-09-09T12:50:51,Procuradoria,Para análise e envio ao(à) relator(a),,
CCJ,803668,2026-10-02,,PL 439/2026,1636,Ver. DR. MILTON FERREIRA (PODE),PROC-CMSP,2026-09-04T12:30:00,2026-09-08T14:14:00,2026-09-09T12:50:51,Procuradoria,Para análise e envio ao(à) relator(a),,
CCJ,803716,2026-10-02,,PL 440/2026,2277,Ver. JANAINA PASCHOAL (PP),PROC-CMSP,2026-09-04T12:30:00,2026-09-08T14:14:00,2026-09-09T12:50:51,Procuradoria,Para análise e envio ao(à) relator(a),,
CCJ,803753,2026-10-02,,PL 441/2026,2282,Ver. LUCAS PAVANATO (PL),PROC-CMSP,2026-08-07T16:04:00,2026-08-14T11:56:00,2026-08-18T10:27:30,Procuradoria,Para análise e envio ao(à) relator(a),,
CCJ,803822,2026-10-02,,PL 442/2026,1636,Ver. DR. MILTON FERREIRA (PODE),PROC-CMSP,2026-07-21T12:03:00,2026-08-03T17:30:00,2026-08-12T16:34:51,Relator(a),Estudo para manifestação do relator,,
CCJ,803883,2026-10-02,,PL 443/2026,2217,Ver. SANSÃO PEREIRA (REPUBLICANOS),PROC-CMSP,2026-08-07T16:04:00,2026-08-14T11:56:00,2026-09-17T18:59:44,Secretaria (SGP12),Em Condição de Pauta,,
CCJ,803884,2026-10-02,,PL 444/2026,2206,Ver. SILVIA DA BANCADA FEMINISTA (PSOL),PROC-CMSP,2026-07-21T12:03:00,2026-08-03T17:30:00,2026-08-20T15:59:57,Relator(a),Estudo para manifestação do relator,,
CCJ,803885,2026-10-02,,PL 445/2026,2218,Ver. THAMMY MIRANDA (PSD),PROC-CMSP,2026-07-21T12:03:00,2026-08-03T17:31:00,2026-08-04T12:24:43,Procuradoria,Para análise e envio ao(à) relator(a),,
CCJ,803901,2026-10-02,,PL 446/2026,2254,Ver. LUNA ZARATTINI (PT),PROC-CMSP,2026-06-30T22:51:00,2026-07-01T16:49:00,2026-07-06T10:54:35,Procuradoria,Para análise e envio ao(à) relator(a),,
CCJ,803987,2026-10-02,,PL 447/2026,2217,Ver. SANSÃO PEREIRA (REPUBLICANOS),PROC-CMSP,2026-08-07T16:04:00,2026-08-14T11:56:00,2026-09-30T12:24:56,Secretaria (SGP12),Em Condição de Pauta,,
CCJ,804062,2026-10-02,,PL 448/2026,1636,Ver. DR. MILTON FERREIRA (PODE),PROC-CMSP,2026-07-21T12:03:00,2026-08-03T17:31:00,2026-08-10T21:22:36,Relator(a),Estudo para manifestação do relator,,
CCJ,804106,2026-10-02,,PL 449/2026,1636,Ver. DR. MILTON FERREIRA (PODE),PROC-CMSP,2026-07-21T12:03:00,2026-08-03T17:31:00,2026-08-04T15:35:24,Procuradoria,Para análise e envio ao(à) relator(a),,
CCJ,804122,2026-10-02,,PL 450/2026,2217,Ver. SANSÃO PEREIRA (REPUBLICANOS),PROC-CMSP,2026-06-30T22:51:00,2026-07-01T16:49:00,2026-10-01T12:31:36,Procuradoria,Para análise e envio ao(à) relator(a),,
CCJ,804127,2026-10-02,,PR 14/2026,1636,Ver. DR. MILTON FERREIRA (PODE),PROC-CMSP,2026-07-21T12:03:00,2026-08-03T17:31:00,2026-09-23T16:28:22,Relator(a),Estudo para manifestação do relator,,
CCJ,804139,2026-10-02,,PL 451/2026,2217,Ver. SANSÃO PEREIRA (REPUBLICANOS),PROC-CMSP,2026-07-21T12:03:00,2026-08-03T17:31:00,2026-09-30T12:33:48,Secretaria (SGP12),Em Condição de Pauta,,
CCJ,804140,2026-10-02,,PL 452/2026,2254,Ver. LUNA ZARATTINI (PT),PROC-CMSP,2026-06-30T22:51:00,2026-07-01T16:48:00,2026-07-14T20:11:20,Relator(a),Estudo para manifestação do relator,,
CCJ,804142,2026-10-02,,PL 453/2026,2277,Ver. JANAINA PASCHOAL (PP),PROC-CMSP,2026-08-07T16:04:00,2026-08-14T11:56:00,2026-08-18T10:27:30,Procuradoria,Para análise e envio ao(à) relator(a),,
CCJ,804162,2026-10-02,,PL 454/2026,2217,Ver. SANSÃO PEREIRA (REPUBLICANOS),PROC-CMSP,2026-07-21T12:03:00,2026-08-03T17:31:00,2026-08-04T12:24:43,Procuradoria,Para análise e envio ao(à) relator(a),,
CCJ,804163,2026-10-02,,PL 455/2026,2217,Ver. SANSÃO PEREIRA (REPUBLICANOS),PROC-CMSP,2026-07-21T12:03:00,2026-08-03T17:02:00,2026-08-04T12:24:43,Procuradoria,Para análise e envio ao(à) relator(a),,
CCJ,804164,2026-10-02,,PL 456/2026,2218,Ver. THAMMY MIRANDA (PSD),PROC-CMSP,2026-08-07T16:04:00,2026-08-14T11:56:00,2026-08-19T15:58:59,Relator(a),Estudo para manifestação do relator,,
CCJ,804165,2026-10-02,,PL 457/2026,2282,Ver. LUCAS PAVANATO (PL),PROC-CMSP,2026-07-21T12:03:00,2026-08-03T17:02:00,2026-08-05T23:40:59,Relator(a),Estudo para manifestação do relator,,
CCJ,804193,2026-10-02,2026-10-04,PL 458/2026,1636,Ver. DR. MILTON FERREIRA (PODE),PROC-CMSP,2026-06-30T22:51:00,2026-07-01T16:49:00,2026-10-01T12:31:37,Procuradoria,Para análise e envio ao(à) relator(a),,
CCJ,804193,2026-10-05,,PL 458/2026,1636,Ver. DR. MILTON FERREIRA (PODE),PROC-CMSP,2026-06-30T22:51:00,2026-07-01T16:49:00,2026-10-05T18:47:57,Relator(a),Estudo para manifestação do relator,,
CCJ,804247,2026-10-02,,PL 459/2026,2217,Ver. SANSÃO PEREIRA (REPUBLICANOS),PROC-CMSP,2026-08-07T16:04:00,2026-08-14T11:56:00,2026-08-18T10:27:30,Procuradoria,Para análise e envio ao(à) relator(a),,
CCJ,804256,2026-10-02,,PL 460/2026,2218,Ver. THAMMY MIRANDA (PSD),PROC-CMSP,2026-07-21T12:03:00,2026-08-03T17:02:00,2026-08-04T12:24:43,Procuradoria,Para análise e envio ao(à) relator(a),,
CCJ,804273,2026-10-02,,PLO 3/2026,1636,Ver. DR. MILTON FERREIRA (PODE),PROC-CMSP,2026-07-21T12:03:00,2026-08-03T17:30:00,2026-08-04T14:00:17,Procuradoria,Para análise e envio ao(à) relator(a),,
CCJ,804276,2026-10-02,,PL 461/2026,1636,Ver. DR. MILTON FERREIRA (PODE),PROC-CMSP,2026-08-07T16:04:00,2026-08-14T11:56:00,2026-09-25T21:10:01,Relator(a),Estudo para manifestação do relator,,
CCJ,804323,2026-10-02,,PDL 78/2026,2276,Ver. SILVÃO LEITE (UNIÃO),PROC-CMSP,2026-06-19T14:14:00,2026-06-22T13:19:00,2026-08-06T16:53:32,Secretaria (SGP12),Em Condição de Pauta,,
CCJ,804329,2026-10-02,,PL 462/2026,1636,Ver. DR. MILTON FERREIRA (PODE),PROC-CMSP,2026-06-30T22:51:00,2026-07-01T16:48:00,2026-08-03T20:40:55,Relator(a),Estudo para manifestação do relator,,
CCJ,804330,2026-10-02,2026-10-05,PL 463/2026,1636,Ver. DR. MILTON FERREIRA (PODE),PROC-CMSP,2026-07-21T12:03:00,2026-08-03T17:02:00,2026-08-04T12:24:43,Procuradoria,Para análise e envio ao(à) relator(a),,
CCJ,804330,2026-10-06,,PL 463/2026,1636,Ver. DR. MILTON FERREIRA (PODE),PROC-CMSP,2026-07-21T12:03:00,2026-08-03T17:02:00,2026-10-06T16:38:43,Relator(a),Estudo para manifestação do relator,,
CCJ,804429,2026-10-02,,PL 464/2026,2218,Ver. THAMMY MIRANDA (PSD),PROC-CMSP,2026-07-21T12:03:00,2026-08-03T17:02:00,2026-08-04T12:24:43,Procuradoria,Para análise e envio ao(à) relator(a),,
CCJ,804500,2026-10-02,,PL 467/2026,2254,Ver. LUNA ZARATTINI (PT),PROC-CMSP,2026-08-07T16:04:00,2026-08-14T11:56:00,2026-08-18T10:27:30,Procuradoria,Para análise e envio ao(à) relator(a),,
CCJ,804543,2026-10-02,,PL 468/2026,2254,Ver. LUNA ZARATTINI (PT),PROC-CMSP,2026-07-21T12:03:00,2026-08-03T17:02:00,2026-08-04T12:24:43,Procuradoria,Para análise e envio ao(à) relator(a),,
CCJ,804544,2026-10-02,,PL 469/2026,2254,Ver. LUNA ZARATTINI (PT),PROC-CMSP,2026-07-21T12:18:00,2026-08-03T17:02:00,2026-08-04T14:00:17,Procuradoria,Para análise e envio ao(à) relator(a),,
CCJ,804548,2026-10-02,2026-10-06,PDL 79/2026,2217,Ver. SANSÃO PEREIRA (REPUBLICANOS),PROC-CMSP,2026-06-19T14:14:00,2026-06-22T13:19:00,2026-09-17T19:13:11,Secretaria (SGP12),Em Condição de Pauta,,
CCJ,804548,2026-10-07,,PDL 79/2026,2217,Ver. SANSÃO PEREIRA (REPUBLICANOS),PROC-CMSP,2026-06-19T14:14:00,2026-06-22T13:19:00,2026-10-07T14:32:42,Secretaria (SGP12),Em Condição de Pauta,,
CCJ,804583,2026-10-02,2026-10-06,PL 470/2026,2218,Ver. THAMMY MIRANDA (PSD),PROC-CMSP,2026-06-30T22:51:00,2026-07-01T16:37:00,2026-09-21T18:57:16,Secretaria (SGP12),Em Condição de Pauta,,
CCJ,804583,2026-10-07,,PL 470/2026,2218,Ver. THAMMY MIRANDA (PSD),PROC-CMSP,2026-06-30T22:51:00,2026-07-01T16:37:00,2026-10-07T14:37:49,Secretaria (SGP12),Em Condição de Pauta,,
CCJ,804584,2026-10-02,2026-10-06,PL 471/2026,1636,Ver. DR. MILTON FERREIRA (PODE),PROC-CMSP,2026-06-30T22:51:00,2026-07-01T16:37:00,2026-09-29T19:19:48,Secretaria (SGP12),Em Condição de Pauta,,
CCJ,804584,2026-10-07,,PL 471/2026,1636,Ver. DR. MILTON FERREIRA (PODE),PROC-CMSP,2026-06-30T22:51:00,2026-07-01T16:37:00,2026-10-07T14:56:32,Secretaria (SGP12),Em Condição de Pauta,,
CCJ,804591,2026-10-02,,PL 472/2026,2254,Ver. LUNA ZARATTINI (PT),PROC-CMSP,2026-07-21T12:03:00,2026-08-03T17:02:00,2026-08-12T16:32:37,Relator(a),Estudo para manifestação do relator,,
CCJ,804599,2026-10-02,2026-10-06,PL 473/2026,2217,Ver. SANSÃO PEREIRA (REPUBLICANOS),PROC-CMSP,2026-06-30T22:51:00,2026-07-01T16:37:00,2026-09-17T18:51:19,Secretaria (SGP12),Em Condição de Pauta,,
CCJ,804599,2026-10-07,,PL 473/2026,2217,Ver. SANSÃO PEREIRA (REPUBLICANOS),PROC-CMSP,2026-06-30T22:51:00,2026-07-01T16:37:00,2026-10-07T14:38:19,Secretaria (SGP12),Em Condição de Pauta,,
CCJ,804600,2026-10-02,,PL 474/2026,2217,Ver. SANSÃO PEREIRA (REPUBLICANOS),PROC-CMSP,2026-06-30T22:51:00,2026-07-01T16:37:00,2026-09-17T18:54:55,Secretaria (SGP12),Em Condição de Pauta,,
EDUC,804602,2026-10-02,2026-10-06,PDL 80/2026,776,Ver. ELISEU GABRIEL (PSB),CCJ,2026-08-13T18:05:21,2026-08-14T12:11:00,2026-09-25T10:43:58,Secretaria (SGP12),Em Condição de Pauta,,
EDUC,804602,2026-10-07,,PDL 80/2026,776,Ver. ELISEU GABRIEL (PSB),CCJ,2026-08-13T18:05:21,2026-08-14T12:11:00,2026-10-07T18:03:53,Presidente da Comissão,Assinar Certidão de Votação,,
CCJ,804611,2026-10-02,,PL 476/2026,1636,Ver. DR. MILTON FERREIRA (PODE),PROC-CMSP,2026-07-21T12:03:00,2026-08-03T17:02:00,2026-08-04T14:00:17,Procuradoria,Para análise e envio ao(à) relator(a),,
CCJ,804612,2026-10-02,,PL 477/2026,1636,Ver. DR. MILTON FERREIRA (PODE),PROC-CMSP,2026-08-07T16:04:00,2026-08-14T11:56:00,2026-08-24T15:45:36,Relator(a),Estudo para manifestação do relator,,
CCJ,804614,2026-10-02,,PL 478/2026,2282,Ver. LUCAS PAVANATO (PL),PROC-CMSP,2026-07-21T12:03:00,2026-08-03T17:01:00,2026-08-04T14:00:17,Procuradoria,Para análise e envio ao(à) relator(a),,
CCJ,804661,2026-10-02,,PL 479/2026,2254,Ver. LUNA ZARATTINI (PT),PROC-CMSP,2026-07-21T12:03:00,2026-08-03T17:01:00,2026-08-04T14:00:17,Procuradoria,Para análise e envio ao(à) relator(a),,
CCJ,804663,2026-10-02,,PL 481/2026,2277,Ver. JANAINA PASCHOAL (PP),PROC-CMSP,2026-08-07T16:04:00,2026-08-14T11:56:00,2026-08-18T10:27:30,Procuradoria,Para análise e envio ao(à) relator(a),,
CCJ,804736,2026-10-02,,PL 482/2026,1636,Ver. DR. MILTON FERREIRA (PODE),PROC-CMSP,2026-06-30T22:51:00,2026-07-01T16:37:00,2026-07-06T10:54:35,Procuradoria,Para análise e envio ao(à) relator(a),,
CCJ,804738,2026-10-02,,PL 484/2026,2282,Ver. LUCAS PAVANATO (PL),PROC-CMSP,2026-07-21T12:03:00,2026-08-03T17:01:00,2026-08-04T14:00:17,Procuradoria,Para análise e envio ao(à) relator(a),,
CCJ,804751,2026-10-02,,PL 485/2026,2217,Ver. SANSÃO PEREIRA (REPUBLICANOS),PROC-CMSP,2026-07-21T12:03:00,2026-08-03T17:01:00,2026-08-04T14:00:17,Procuradoria,Para análise e envio ao(à) relator(a),,
CCJ,804806,2026-10-02,,PL 486/2026,2217,Ver. SANSÃO PEREIRA (REPUBLICANOS),PROC-CMSP,2026-08-07T16:04:00,2026-08-14T11:56:00,2026-09-30T12:32:22,Secretaria (SGP12),Em Condição de Pauta,,
CCJ,804838,2026-10-02,,PL 487/2026,2206,Ver. SILVIA DA BANCADA FEMINISTA (PSOL),PROC-CMSP,2026-06-30T22:51:00,2026-07-01T16:37:00,2026-08-03T20:40:58,Relator(a),Estudo para manifestação do relator,,
CCJ,804839,2026-10-02,,PL 488/2026,2217,Ver. SANSÃO PEREIRA (REPUBLICANOS),PROC-CMSP,2026-06-30T22:51:00,2026-07-01T16:37:00,2026-08-17T16:53:05,Secretaria (SGP12),Aguardando Informações do Executivo,,
CCJ,804862,2026-10-02,,PL 489/2026,2206,Ver. SILVIA DA BANCADA FEMINISTA (PSOL),PROC-CMSP,2026-06-30T22:51:00,2026-07-01T16:37:00,2026-09-24T14:07:36,Relator(a),Estudo para manifestação do relator,,
CCJ,804908,2026-10-02,,PDL 81/2026,2206,Ver. SILVIA DA BANCADA FEMINISTA (PSOL),PROC-CMSP,2026-06-19T14:14:00,2026-06-22T13:19:00,2026-09-28T15:40:54,Relator(a),Estudo para manifestação do relator,,
CCJ,804934,2026-10-02,,PL 490/2026,2254,Ver. LUNA ZARATTINI (PT),PROC-CMSP,2026-06-30T22:51:00,2026-07-01T16:37:00,2026-07-06T10:54:35,Procuradoria,Para análise e envio ao(à) relator(a),,
CCJ,804949,2026-10-02,,PL 491/2026,2277,Ver. JANAINA PASCHOAL (PP),PROC-CMSP,2026-06-30T22:51:00,2026-07-01T16:37:00,2026-07-06T10:54:35,Procuradoria,Para análise e envio ao(à) relator(a),,
CCJ,804950,2026-10-02,,PL 492/2026,2206,Ver. SILVIA DA BANCADA FEMINISTA (PSOL),PROC-CMSP,2026-07-21T12:03:00,2026-08-03T17:02:00,2026-08-04T14:00:17,Procuradoria,Para análise e envio ao(à) relator(a),,
EDUC,804951,2026-10-02,2026-10-06,PL 493/2026,776,Ver. ELISEU GABRIEL (PSB),CCJ,2026-08-13T18:05:33,2026-08-14T12:11:00,2026-09-25T10:44:25,Secretaria (SGP12),Em Condição de Pauta,,
EDUC,804951,2026-10-07,,PL 493/2026,776,Ver. ELISEU GABRIEL (PSB),CCJ,2026-08-13T18:05:33,2026-08-14T12:11:00,2026-10-07T18:04:09,Presidente da Comissão,Assinar Certidão de Votação,,
CCJ,804952,2026-10-02,,PL 494/2026,2277,Ver. JANAINA PASCHOAL (PP),PROC-CMSP,2026-08-07T16:04:00,2026-08-14T11:57:00,2026-08-18T10:27:30,Procuradoria,Para análise e envio ao(à) relator(a),,
CCJ,805009,2026-10-02,,PL 496/2026,1636,Ver. DR. MILTON FERREIRA (PODE),PROC-CMSP,2026-06-30T22:51:00,2026-07-01T16:37:00,2026-08-05T23:40:50,Relator(a),Estudo para manifestação do relator,,
CCJ,805184,2026-10-02,,PL 497/2026,1636,Ver. DR. MILTON FERREIRA (PODE),PROC-CMSP,2026-06-30T22:51:00,2026-07-01T16:37:00,2026-07-06T10:59:19,Procuradoria,Para análise e envio ao(à) relator(a),,
CCJ,805186,2026-10-02,,PL 498/2026,2217,Ver. SANSÃO PEREIRA (REPUBLICANOS),PROC-CMSP,2026-08-07T16:04:00,2026-08-14T11:56:00,2026-08-18T10:27:30,Procuradoria,Para análise e envio ao(à) relator(a),,
EDUC,805199,2026-10-02,,PL 499/2026,1989,Ver. GEORGE HATO (MDB),CCJ,2026-08-06T15:14:55,2026-08-14T11:59:00,2026-09-01T17:11:32,Relator(a),Estudo para manifestação do relator,,
EDUC,805200,2026-10-02,2026-10-06,PL 500/2026,2222,Ver. CRIS MONTEIRO (NOVO),CCJ,2026-08-13T18:05:34,2026-08-14T12:11:00,2026-10-01T19:40:43,Relator(a),Assinar Relatório,,
EDUC,805200,2026-10-07,,PL 500/2026,2222,Ver. CRIS MONTEIRO (NOVO),CCJ,2026-08-13T18:05:34,2026-08-14T12:11:00,2026-10-07T10:43:11,Secretaria (SGP12),Em Condição de Pauta,,
EDUC,805201,2026-10-02,,PL 501/2026,1989,Ver. GEORGE HATO (MDB),CCJ,2026-08-13T18:05:35,2026-08-14T12:10:00,2026-09-02T12:49:51,Relator(a),Estudo para manifestação do relator,,
SAUDE,805205,2026-10-02,,PL 502/2026,176,Ver. ROBERTO TRÍPOLI (PV),CCJ,2026-08-20T15:24:10,2026-08-24T15:43:00,2026-09-02T16:14:44,Relator(a),Estudo para manifestação do relator,,
CCJ,805208,2026-10-02,,PL 503/2026,2217,Ver. SANSÃO PEREIRA (REPUBLICANOS),PROC-CMSP,2026-06-30T22:51:00,2026-07-01T12:23:00,2026-10-01T12:31:38,Procuradoria,Para análise e envio ao(à) relator(a),,
CCJ,805230,2026-10-02,,PL 504/2026,2206,Ver. SILVIA DA BANCADA FEMINISTA (PSOL),PROC-CMSP,2026-07-21T12:03:00,2026-08-03T17:02:00,2026-08-24T12:31:30,Relator(a),Estudo para manifestação do relator,,
CCJ,805235,2026-10-02,2026-10-06,PL 505/2026,2217,Ver. SANSÃO PEREIRA (REPUBLICANOS),PROC-CMSP,2026-06-30T22:51:00,2026-07-01T12:23:00,2026-09-30T12:22:38,Secretaria (SGP12),Em Condição de Pauta,,
CCJ,805235,2026-10-07,,PL 505/2026,2217,Ver. SANSÃO PEREIRA (REPUBLICANOS),PROC-CMSP,2026-06-30T22:51:00,2026-07-01T12:23:00,2026-10-07T14:40:42,Secretaria (SGP12),Em Condição de Pauta,,
CCJ,805265,2026-10-02,,PL 506/2026,2277,Ver. JANAINA PASCHOAL (PP),PROC-CMSP,2026-06-30T22:51:00,2026-07-01T12:23:00,2026-07-06T10:59:19,Procuradoria,Para análise e envio ao(à) relator(a),,
CCJ,805278,2026-10-02,2026-10-07,PL 507/2026,2218,Ver. THAMMY MIRANDA (PSD),PROC-CMSP,2026-06-30T22:51:00,2026-07-01T12:23:00,2026-08-17T16:53:07,Secretaria (SGP12),Aguardando Informações do Executivo,,
CCJ,805278,2026-10-08,,PL 507/2026,2218,Ver. THAMMY MIRANDA (PSD),PROC-CMSP,2026-06-30T22:51:00,2026-07-01T12:23:00,2026-10-08T14:59:11,Procuradoria,Para análise e envio ao(à) relator(a),,
CCJ,805345,2026-10-02,,PDL 82/2026,2254,Ver. LUNA ZARATTINI (PT),PROC-CMSP,2026-06-30T22:51:00,2026-07-01T16:55:00,2026-08-05T23:40:58,Relator(a),Estudo para manifestação do relator,,
EDUC,805420,2026-10-02,,PDL 83/2026,1989,Ver. GEORGE HATO (MDB),CCJ,2026-09-04T20:18:38,2026-09-08T18:11:00,2026-09-15T13:34:26,Relator(a),Estudo para manifestação do relator,,
CCJ,805432,2026-10-02,,PL 508/2026,2277,Ver. JANAINA PASCHOAL (PP),PROC-CMSP,2026-07-21T12:03:00,2026-08-03T17:02:00,2026-08-04T14:00:17,Procuradoria,Para análise e envio ao(à) relator(a),,
CCJ,805458,2026-10-02,,PLO 4/2026,2217,Ver. SANSÃO PEREIRA (REPUBLICANOS),PROC-CMSP,2026-07-21T12:03:00,2026-08-03T17:31:00,2026-08-04T14:00:17,Procuradoria,Para análise e envio ao(à) relator(a),,
CCJ,805459,2026-10-02,,PL 509/2026,2218,Ver. THAMMY MIRANDA (PSD),PROC-CMSP,2026-06-30T22:51:00,2026-07-01T12:24:00,2026-09-23T17:24:29,Procuradoria,Para análise e envio ao(à) relator(a),,
CCJ,805498,2026-10-02,,PLO 5/2026,2277,Ver. JANAINA PASCHOAL (PP),PROC-CMSP,2026-07-21T12:03:00,2026-08-03T17:30:00,2026-08-04T14:00:17,Procuradoria,Para análise e envio ao(à) relator(a),,
CCJ,805499,2026-10-02,,PR 15/2026,2254,Ver. LUNA ZARATTINI (PT),PROC-CMSP,2026-07-21T12:03:00,2026-08-03T17:30:00,2026-08-04T14:05:30,Procuradoria,Para análise e envio ao(à) relator(a),,
CCJ,805617,2026-10-02,,PL 510/2026,2206,Ver. SILVIA DA BANCADA FEMINISTA (PSOL),PROC-CMSP,2026-06-30T22:51:00,2026-07-01T12:23:00,2026-08-17T16:53:07,Secretaria (SGP12),Aguardando Informações do Executivo,,
CCJ,805675,2026-10-02,,PL 511/2026,2282,Ver. LUCAS PAVANATO (PL),PROC-CMSP,2026-07-21T12:03:00,2026-08-03T17:02:00,2026-08-04T14:00:17,Procuradoria,Para análise e envio ao(à) relator(a),,
CCJ,805677,2026-10-02,,PL 512/2026,2282,Ver. LUCAS PAVANATO (PL),PROC-CMSP,2026-07-21T12:03:00,2026-08-03T17:02:00,2026-08-04T14:00:17,Procuradoria,Para análise e envio ao(à) relator(a),,
URB,805750,2026-10-02,2026-10-05,PR 16/2026,,,CCJ,2026-08-13T18:08:41,2026-08-19T18:42:00,2026-08-19T18:42:00,Presidente da Comissão,Designar Relator,,
URB,805750,2026-10-06,2026-10-06,PR 16/2026,2144,Ver. FABIO RIVA (MDB),CCJ,2026-08-13T18:08:41,2026-08-19T18:42:00,2026-10-06T17:06:32,Consultoria (SGP.51),Para análise,,
URB,805750,2026-10-07,,PR 16/2026,2144,Ver. FABIO RIVA (MDB),CCJ,2026-08-13T18:08:41,2026-08-19T18:42:00,2026-10-07T18:37:56,Relator(a),Estudo para manifestação do relator,,
EDUC,805774,2026-10-02,2026-10-05,PL 513/2026,1349,Ver. SENIVAL MOURA (PT),CCJ,2026-08-20T15:24:13,2026-08-24T11:06:00,2026-10-01T15:41:51,Relator(a),Assinar Relatório,,
EDUC,805774,2026-10-06,,PL 513/2026,1349,Ver. SENIVAL MOURA (PT),CCJ,2026-08-20T15:24:13,2026-08-24T11:06:00,2026-10-06T17:22:44,Secretaria (SGP12),Em Condição de Pauta,,
CCJ,805877,2026-10-02,,PL 514/2026,2217,Ver. SANSÃO PEREIRA (REPUBLICANOS),PROC-CMSP,2026-06-30T22:51:00,2026-07-01T12:17:00,2026-10-01T12:31:39,Procuradoria,Para análise e envio ao(à) relator(a),,
CCJ,805880,2026-10-02,,PL 515/2026,2218,Ver. THAMMY MIRANDA (PSD),PROC-CMSP,2026-06-30T22:51:00,2026-07-01T16:37:00,2026-07-06T10:59:19,Procuradoria,Para análise e envio ao(à) relator(a),,
CCJ,805883,2026-10-02,,PL 516/2026,2277,Ver. JANAINA PASCHOAL (PP),PROC-CMSP,2026-06-30T22:51:00,2026-07-01T16:37:00,2026-07-06T10:59:19,Procuradoria,Para análise e envio ao(à) relator(a),,
CCJ,805884,2026-10-02,,PL 517/2026,2277,Ver. JANAINA PASCHOAL (PP),PROC-CMSP,2026-06-30T22:51:00,2026-07-01T12:17:00,2026-07-06T10:59:19,Procuradoria,Para análise e envio ao(à) relator(a),,
CCJ,805887,2026-10-02,,PL 518/2026,2218,Ver. THAMMY MIRANDA (PSD),PROC-CMSP,2026-06-30T22:51:00,2026-07-01T12:17:00,2026-09-30T16:48:58,Secretaria (SGP12),Aguardando Informações do Executivo,,
EDUC,806083,2026-10-02,,PL 519/2026,,,CCJ,2026-09-17T16:24:31,2026-10-01T13:51:00,2026-10-01T13:51:00,Presidente da Comissão,Designar Relator,,
CCJ,806209,2026-10-02,,PL 520/2026,1636,Ver. DR. MILTON FERREIRA (PODE),PROC-CMSP,2026-06-30T22:51:00,2026-07-01T12:17:00,2026-07-06T11:04:28,Procuradoria,Para análise e envio ao(à) relator(a),,
EDUC,806212,2026-10-02,,PL 521/2026,2292,Ver. GUILHERME CORRÊA (UNIÃO),CCJ,2026-08-06T15:12:17,2026-08-14T11:58:00,2026-09-02T15:15:30,Relator(a),Estudo para manifestação do relator,,
CCJ,806241,2026-10-02,,PL 522/2026,1636,Ver. DR. MILTON FERREIRA (PODE),PROC-CMSP,2026-06-30T22:51:00,2026-07-01T12:17:00,2026-09-02T15:58:00,Secretaria (SGP12),Adiado,,
EDUC,806342,2026-10-02,2026-10-07,PL 523/2026,2185,Ver. CELSO GIANNAZI (PSOL),CCJ,2026-09-04T20:18:43,2026-09-08T18:06:00,2026-09-10T17:29:01,Consultoria (SGP.52),Para análise,,
EDUC,806342,2026-10-08,,PL 523/2026,2185,Ver. CELSO GIANNAZI (PSOL),CCJ,2026-09-04T20:18:43,2026-09-08T18:06:00,2026-10-08T09:35:39,Relator(a),Estudo para manifestação do relator,,
CCJ,806486,2026-10-02,2026-10-06,PDL 84/2026,1636,Ver. DR. MILTON FERREIRA (PODE),PROC-CMSP,2026-08-07T16:04:00,2026-08-14T12:23:00,2026-09-16T18:46:29,Secretaria (SGP12),Em Condição de Pauta,,
CCJ,806486,2026-10-07,,PDL 84/2026,1636,Ver. DR. MILTON FERREIRA (PODE),PROC-CMSP,2026-08-07T16:04:00,2026-08-14T12:23:00,2026-10-07T14:33:21,Secretaria (SGP12),Em Condição de Pauta,,
CCJ,806500,2026-10-02,,PL 525/2026,2218,Ver. THAMMY MIRANDA (PSD),PROC-CMSP,2026-08-28T15:25:00,2026-08-31T01:16:00,2026-08-31T12:45:59,Procuradoria,Para análise e envio ao(à) relator(a),,
CCJ,806601,2026-10-02,,PL 526/2026,2217,Ver. SANSÃO PEREIRA (REPUBLICANOS),SGP21,2026-09-02T18:12:00,2026-09-08T14:14:00,2026-09-16T16:09:13,Secretaria (SGP12),Pendente de Votação,,
CCJ,806624,2026-10-02,,PL 527/2026,2206,Ver. SILVIA DA BANCADA FEMINISTA (PSOL),PROC-CMSP,2026-09-25T14:05:00,2026-09-28T11:54:00,2026-09-28T15:22:12,Procuradoria,Para análise e envio ao(à) relator(a),,
CCJ,806627,2026-10-02,,PL 528/2026,2206,Ver. SILVIA DA BANCADA FEMINISTA (PSOL),PROC-CMSP,2026-08-28T15:25:00,2026-08-31T01:16:00,2026-09-09T20:57:56,Relator(a),Estudo para manifestação do relator,,
CCJ,806628,2026-10-02,,PR 17/2026,2277,Ver. JANAINA PASCHOAL (PP),PROC-CMSP,2026-08-14T13:26:00,2026-08-14T21:40:00,2026-09-24T16:15:21,Secretaria (SGP12),Em Condição de Pauta,,
CCJ,806641,2026-10-02,,PL 529/2026,2218,Ver. THAMMY MIRANDA (PSD),PROC-CMSP,2026-08-28T15:25:00,2026-08-31T01:16:00,2026-09-09T12:50:51,Procuradoria,Para análise e envio ao(à) relator(a),,
CCJ,806659,2026-10-02,,PL 530/2026,2217,Ver. SANSÃO PEREIRA (REPUBLICANOS),PROC-CMSP,2026-08-28T15:25:00,2026-08-31T01:16:00,2026-08-31T12:45:59,Procuradoria,Para análise e envio ao(à) relator(a),,
CCJ,806674,2026-10-02,,PL 531/2026,2277,Ver. JANAINA PASCHOAL (PP),PROC-CMSP,2026-08-14T13:26:00,2026-08-14T21:31:00,2026-09-24T15:17:55,Secretaria (SGP12),Em Condição de Pauta,,
ADM,806676,2026-10-02,,PL 532/2026,,,CCJ,2026-09-17T16:24:32,2026-09-17T17:37:00,2026-09-17T17:37:00,Presidente da Comissão,Designar Relator,,
CCJ,806684,2026-10-02,2026-10-06,PL 533/2026,1636,Ver. DR. MILTON FERREIRA (PODE),PROC-CMSP,2026-08-28T15:25:00,2026-08-31T01:15:00,2026-09-29T19:18:55,Secretaria (SGP12),Em Condição de Pauta,,
CCJ,806684,2026-10-07,,PL 533/2026,1636,Ver. DR. MILTON FERREIRA (PODE),PROC-CMSP,2026-08-28T15:25:00,2026-08-31T01:15:00,2026-10-07T15:06:11,Secretaria (SGP12),Em Condição de Pauta,,
EDUC,806686,2026-10-02,,PL 534/2026,,,CCJ,2026-09-17T16:24:33,2026-10-01T13:51:00,2026-10-01T13:51:00,Presidente da Comissão,Designar Relator,,
CCJ,806847,2026-10-02,,PL 535/2026,2218,Ver. THAMMY MIRANDA (PSD),PROC-CMSP,2026-08-28T15:25:00,2026-08-31T01:12:00,2026-08-31T12:45:59,Procuradoria,Para análise e envio ao(à) relator(a),,
CCJ,806852,2026-10-02,,PL 536/2026,2218,Ver. THAMMY MIRANDA (PSD),PROC-CMSP,2026-08-28T15:25:00,2026-08-31T01:12:00,2026-09-28T17:21:39,Secretaria (SGP12),Em Condição de Pauta,,
CCJ,806854,2026-10-02,,PL 537/2026,1636,Ver. DR. MILTON FERREIRA (PODE),PROC-CMSP,2026-08-28T15:25:00,2026-08-31T01:12:00,2026-09-14T20:12:06,Secretaria (SGP12),Em Condição de Pauta,,
CCJ,806855,2026-10-02,,PL 538/2026,2218,Ver. THAMMY MIRANDA (PSD),PROC-CMSP,2026-09-04T12:30:00,2026-09-08T14:14:00,2026-09-09T12:50:51,Procuradoria,Para análise e envio ao(à) relator(a),,
CCJ,806857,2026-10-02,,PL 539/2026,2277,Ver. JANAINA PASCHOAL (PP),PROC-CMSP,2026-09-04T12:30:00,2026-09-08T14:14:00,2026-09-09T12:50:51,Procuradoria,Para análise e envio ao(à) relator(a),,
CCJ,806858,2026-10-02,,PL 540/2026,1636,Ver. DR. MILTON FERREIRA (PODE),PROC-CMSP,2026-09-04T12:30:00,2026-09-08T14:14:00,2026-09-09T12:50:51,Procuradoria,Para análise e envio ao(à) relator(a),,
CCJ,806873,2026-10-02,,PL 541/2026,2217,Ver. SANSÃO PEREIRA (REPUBLICANOS),PROC-CMSP,2026-09-04T12:30:00,2026-09-08T14:15:00,2026-09-09T12:50:51,Procuradoria,Para análise e envio ao(à) relator(a),,
CCJ,806960,2026-10-02,,PL 542/2026,2217,Ver. SANSÃO PEREIRA (REPUBLICANOS),PROC-CMSP,2026-09-04T12:30:00,2026-09-08T14:15:00,2026-09-09T12:50:51,Procuradoria,Para análise e envio ao(à) relator(a),,
CCJ,806984,2026-10-02,,PDL 85/2026,2254,Ver. LUNA ZARATTINI (PT),PROC-CMSP,2026-08-07T16:04:00,2026-08-14T12:23:00,2026-08-26T20:31:30,Relator(a),Estudo para manifestação do relator,,
CCJ,806986,2026-10-02,,PL 543/2026,2217,Ver. SANSÃO PEREIRA (REPUBLICANOS),PROC-CMSP,2026-08-28T15:25:00,2026-08-31T01:12:00,2026-08-31T16:29:02,Relator(a),Assinar Pedido de Informação ao Executivo,,
CCJ,807086,2026-10-02,,PL 544/2026,2277,Ver. JANAINA PASCHOAL (PP),PROC-CMSP,2026-09-04T12:30:00,2026-09-08T14:15:00,2026-09-09T12:50:51,Procuradoria,Para análise e envio ao(à) relator(a),,
CCJ,807134,2026-10-02,,PL 545/2026,1636,Ver. DR. MILTON FERREIRA (PODE),PROC-CMSP,2026-09-04T12:30:00,2026-09-08T14:15:00,2026-10-02T18:36:55,Relator(a),Estudo para manifestação do relator,,
EDUC,807145,2026-10-02,,PDL 86/2026,,,CCJ,2026-09-17T16:24:14,2026-10-01T13:51:00,2026-10-01T13:51:00,Presidente da Comissão,Designar Relator,,
CCJ,807168,2026-10-02,,PL 546/2026,2206,Ver. SILVIA DA BANCADA FEMINISTA (PSOL),PROC-CMSP,2026-09-04T12:30:00,2026-09-08T14:15:00,2026-09-09T12:53:44,Procuradoria,Para análise e envio ao(à) relator(a),,
CCJ,807169,2026-10-02,,PL 547/2026,2217,Ver. SANSÃO PEREIRA (REPUBLICANOS),PROC-CMSP,2026-09-04T12:30:00,2026-09-08T14:15:00,2026-09-09T12:53:44,Procuradoria,Para análise e envio ao(à) relator(a),,
CCJ,807170,2026-10-02,2026-10-06,PL 548/2026,1636,Ver. DR. MILTON FERREIRA (PODE),PROC-CMSP,2026-09-04T12:30:00,2026-09-08T14:15:00,2026-09-29T19:18:02,Secretaria (SGP12),Em Condição de Pauta,,
CCJ,807170,2026-10-07,,PL 548/2026,1636,Ver. DR. MILTON FERREIRA (PODE),PROC-CMSP,2026-09-04T12:30:00,2026-09-08T14:15:00,2026-10-07T15:07:39,Secretaria (SGP12),Em Condição de Pauta,,
CCJ,807235,2026-10-02,,PL 549/2026,1636,Ver. DR. MILTON FERREIRA (PODE),PROC-CMSP,2026-09-11T13:28:00,2026-09-11T14:54:00,2026-09-15T14:39:53,Procuradoria,Para análise e envio ao(à) relator(a),,
CCJ,807237,2026-10-02,,PL 550/2026,2217,Ver. SANSÃO PEREIRA (REPUBLICANOS),PROC-CMSP,2026-09-11T13:28:00,2026-09-11T14:54:00,2026-09-15T14:39:53,Procuradoria,Para análise e envio ao(à) relator(a),,
CCJ,807359,2026-10-02,,PL 552/2026,2254,Ver. LUNA ZARATTINI (PT),PROC-CMSP,2026-09-11T13:28:00,2026-09-11T14:54:00,2026-09-21T15:32:32,Relator(a),Estudo para manifestação do relator,,
CCJ,807365,2026-10-02,,PL 553/2026,2217,Ver. SANSÃO PEREIRA (REPUBLICANOS),PROC-CMSP,2026-09-11T13:28:00,2026-09-11T14:54:00,2026-09-15T14:39:53,Procuradoria,Para análise e envio ao(à) relator(a),,
CCJ,807382,2026-10-02,,PDL 87/2026,2206,Ver. SILVIA DA BANCADA FEMINISTA (PSOL),PROC-CMSP,2026-08-14T13:26:00,2026-08-14T21:40:00,2026-08-20T15:59:57,Relator(a),Estudo para manifestação do relator,,
CCJ,807394,2026-10-02,,PL 554/2026,2218,Ver. THAMMY MIRANDA (PSD),PROC-CMSP,2026-09-11T13:28:00,2026-09-11T14:53:00,2026-09-15T14:39:53,Procuradoria,Para análise e envio ao(à) relator(a),,
CCJ,807399,2026-10-02,,PR 18/2026,2218,Ver. THAMMY MIRANDA (PSD),PROC-CMSP,2026-08-14T13:26:00,2026-08-14T21:40:00,2026-08-24T16:57:18,Relator(a),Estudo para manifestação do relator,,
CCJ,807419,2026-10-02,,PL 555/2026,2254,Ver. LUNA ZARATTINI (PT),PROC-CMSP,2026-09-25T14:05:00,2026-09-28T11:54:00,2026-09-28T15:22:12,Procuradoria,Para análise e envio ao(à) relator(a),,
CCJ,807423,2026-10-02,,PL 556/2026,2217,Ver. SANSÃO PEREIRA (REPUBLICANOS),PROC-CMSP,2026-09-25T14:05:00,2026-09-28T11:54:00,2026-09-28T15:22:12,Procuradoria,Para análise e envio ao(à) relator(a),,
CCJ,807442,2026-10-02,,PDL 88/2026,2206,Ver. SILVIA DA BANCADA FEMINISTA (PSOL),PROC-CMSP,2026-08-07T16:04:00,2026-08-14T12:23:00,2026-09-22T15:05:54,Secretaria (SGP12),Aguardando Informações do(a) Autor(a),,
CCJ,807444,2026-10-02,2026-10-04,PL 557/2026,2206,Ver. SILVIA DA BANCADA FEMINISTA (PSOL),PROC-CMSP,2026-08-14T13:26:00,2026-08-14T21:31:00,2026-10-01T12:31:40,Procuradoria,Para análise e envio ao(à) relator(a),,
CCJ,807444,2026-10-05,,PL 557/2026,2206,Ver. SILVIA DA BANCADA FEMINISTA (PSOL),PROC-CMSP,2026-08-14T13:26:00,2026-08-14T21:31:00,2026-10-05T18:47:58,Relator(a),Estudo para manifestação do relator,,
CCJ,807546,2026-10-02,,PL 558/2026,2218,Ver. THAMMY MIRANDA (PSD),PROC-CMSP,2026-08-14T13:26:00,2026-08-14T21:31:00,2026-09-30T16:05:52,Secretaria (SGP12),Aguardando Informações do(a) Autor(a),,
CCJ,807787,2026-10-02,,PL 559/2026,2277,Ver. JANAINA PASCHOAL (PP),PROC-CMSP,2026-09-25T14:05:00,2026-09-28T11:54:00,2026-09-28T15:22:12,Procuradoria,Para análise e envio ao(à) relator(a),,
CCJ,807790,2026-10-02,2026-10-07,PL 560/2026,2218,Ver. THAMMY MIRANDA (PSD),PROC-CMSP,2026-08-14T13:26:00,2026-08-14T21:31:00,2026-09-01T17:39:36,Secretaria (SGP12),Aguardando Informações do Executivo,,
CCJ,807790,2026-10-08,,PL 560/2026,2218,Ver. THAMMY MIRANDA (PSD),PROC-CMSP,2026-08-14T13:26:00,2026-08-14T21:31:00,2026-10-08T14:59:13,Procuradoria,Para análise e envio ao(à) relator(a),,
CCJ,807807,2026-10-02,,PL 561/2026,2218,Ver. THAMMY MIRANDA (PSD),PROC-CMSP,2026-08-14T13:26:00,2026-08-14T21:30:00,2026-09-01T17:39:37,Secretaria (SGP12),Aguardando Informações do Executivo,,
CCJ,807828,2026-10-02,,PL 562/2026,2277,Ver. JANAINA PASCHOAL (PP),PROC-CMSP,2026-09-25T14:05:00,2026-09-28T11:54:00,2026-09-28T15:22:12,Procuradoria,Para análise e envio ao(à) relator(a),,
CCJ,807830,2026-10-02,,PL 563/2026,1636,Ver. DR. MILTON FERREIRA (PODE),PROC-CMSP,2026-09-25T14:05:00,2026-09-28T11:54:00,2026-09-28T15:22:12,Procuradoria,Para análise e envio ao(à) relator(a),,
CCJ,807894,2026-10-02,,PL 564/2026,2217,Ver. SANSÃO PEREIRA (REPUBLICANOS),PROC-CMSP,2026-09-04T12:30:00,2026-09-08T14:15:00,2026-10-02T18:36:56,Relator(a),Estudo para manifestação do relator,,
EDUC,807895,2026-10-02,,PL 565/2026,1989,Ver. GEORGE HATO (MDB),CCJ,2026-09-04T20:18:45,2026-09-08T18:05:00,2026-09-15T13:14:47,Relator(a),Estudo para manifestação do relator,,
CCJ,807896,2026-10-02,,PR 19/2026,2218,Ver. THAMMY MIRANDA (PSD),PROC-CMSP,2026-08-14T13:26:00,2026-08-14T21:40:00,2026-08-20T14:08:06,Procuradoria,Para análise e envio ao(à) relator(a),,
CCJ,807922,2026-10-02,,PL 566/2026,,,PROC-CMSP,2026-09-25T14:05:00,2026-09-28T11:54:00,2026-09-28T11:54:00,Presidente da Comissão,Designar Relator,,
CCJ,807950,2026-10-02,,PL 568/2026,2282,Ver. LUCAS PAVANATO (PL),PROC-CMSP,2026-09-25T14:05:00,2026-09-28T11:54:00,2026-09-30T21:39:22,Relator(a),Estudo para manifestação do relator,,
CCJ,807986,2026-10-02,,PL 569/2026,2217,Ver. SANSÃO PEREIRA (REPUBLICANOS),PROC-CMSP,2026-09-25T14:05:00,2026-09-28T11:54:00,2026-09-28T15:22:12,Procuradoria,Para análise e envio ao(à) relator(a),,
ADM,807988,2026-10-02,,PR 20/2026,,,CCJ,2026-09-17T16:24:42,2026-09-17T18:09:00,2026-09-17T18:09:00,Presidente da Comissão,Designar Relator,,
CCJ,807990,2026-10-02,,PL 570/2026,2218,Ver. THAMMY MIRANDA (PSD),PROC-CMSP,2026-09-04T12:30:00,2026-09-08T13:52:00,2026-09-16T18:22:17,Secretaria (SGP12),Aguardando Informações do Executivo,,
CCJ,808011,2026-10-02,,PDL 89/2026,2218,Ver. THAMMY MIRANDA (PSD),PROC-CMSP,2026-08-07T16:04:00,2026-08-14T12:23:00,2026-08-17T17:00:16,Procuradoria,Para análise e envio ao(à) relator(a),,
CCJ,808012,2026-10-02,,PL 571/2026,2218,Ver. THAMMY MIRANDA (PSD),PROC-CMSP,2026-09-04T12:30:00,2026-09-08T13:52:00,2026-09-16T18:22:17,Secretaria (SGP12),Aguardando Informações do Executivo,,
CCJ,808013,2026-10-02,,PL 572/2026,2254,Ver. LUNA ZARATTINI (PT),PROC-CMSP,2026-09-11T13:28:00,2026-09-11T14:53:00,2026-09-28T17:15:42,Relator(a),Assinar Relatório,,
CCJ,808033,2026-10-02,,PL 573/2026,2277,Ver. JANAINA PASCHOAL (PP),PROC-CMSP,2026-09-25T14:05:00,2026-09-28T11:54:00,2026-09-28T15:22:12,Procuradoria,Para análise e envio ao(à) relator(a),,
CCJ,808109,2026-10-02,,PL 574/2026,2282,Ver. LUCAS PAVANATO (PL),PROC-CMSP,2026-09-04T12:30:00,2026-09-08T13:52:00,2026-09-16T23:18:35,Relator(a),Estudo para manifestação do relator,,
CCJ,808121,2026-10-02,,PL 575/2026,1636,Ver. DR. MILTON FERREIRA (PODE),PROC-CMSP,2026-09-04T12:30:00,2026-09-08T13:52:00,2026-09-10T21:36:18,Relator(a),Estudo para manifestação do relator,,
CCJ,808187,2026-10-02,,PL 576/2026,2277,Ver. JANAINA PASCHOAL (PP),PROC-CMSP,2026-09-25T14:05:00,2026-09-28T11:54:00,2026-09-28T15:22:12,Procuradoria,Para análise e envio ao(à) relator(a),,
CCJ,808334,2026-10-02,,PL 578/2026,1636,Ver. DR. MILTON FERREIRA (PODE),PROC-CMSP,2026-09-25T14:05:00,2026-09-28T11:54:00,2026-09-28T15:22:12,Procuradoria,Para análise e envio ao(à) relator(a),,
CCJ,808338,2026-10-02,,PDL 90/2026,2254,Ver. LUNA ZARATTINI (PT),PROC-CMSP,2026-08-07T16:04:00,2026-08-14T12:22:00,2026-08-21T14:45:42,Relator(a),Estudo para manifestação do relator,,
EDUC,808346,2026-10-02,2026-10-06,PL 579/2026,776,Ver. ELISEU GABRIEL (PSB),CCJ,2026-09-04T20:18:47,2026-09-08T18:04:00,2026-09-29T13:55:19,Secretaria (SGP12),Em Condição de Pauta,,
EDUC,808346,2026-10-07,,PL 579/2026,776,Ver. ELISEU GABRIEL (PSB),CCJ,2026-09-04T20:18:47,2026-09-08T18:04:00,2026-10-07T18:04:17,Presidente da Comissão,Assinar Certidão de Votação,,
CCJ,808364,2026-10-02,,PL 580/2026,2218,Ver. THAMMY MIRANDA (PSD),PROC-CMSP,2026-08-14T13:26:00,2026-08-14T21:30:00,2026-08-18T10:32:21,Procuradoria,Para análise e envio ao(à) relator(a),,
CCJ,808398,2026-10-02,,PL 581/2026,2282,Ver. LUCAS PAVANATO (PL),PROC-CMSP,2026-08-07T16:04:00,2026-08-14T11:56:00,2026-09-17T16:48:36,Relator(a),Estudo para manifestação do relator,,
CCJ,808420,2026-10-02,2026-10-07,PL 582/2026,2206,Ver. SILVIA DA BANCADA FEMINISTA (PSOL),PROC-CMSP,2026-08-07T16:04:00,2026-08-14T11:56:00,2026-09-08T15:42:11,Secretaria (SGP12),Aguardando Informações do Executivo,,
CCJ,808420,2026-10-08,,PL 582/2026,2206,Ver. SILVIA DA BANCADA FEMINISTA (PSOL),PROC-CMSP,2026-08-07T16:04:00,2026-08-14T11:56:00,2026-10-08T14:59:14,Procuradoria,Para análise e envio ao(à) relator(a),,
CCJ,808438,2026-10-02,,PR 21/2026,2217,Ver. SANSÃO PEREIRA (REPUBLICANOS),PROC-CMSP,2026-08-14T13:26:00,2026-08-14T21:40:00,2026-09-17T19:00:35,Secretaria (SGP12),Em Condição de Pauta,,
CCJ,808504,2026-10-02,,PL 583/2026,2206,Ver. SILVIA DA BANCADA FEMINISTA (PSOL),PROC-CMSP,2026-08-07T16:04:00,2026-08-14T11:52:00,2026-08-25T16:14:24,Secretaria (SGP12),Em Condição de Pauta,,
CCJ,808512,2026-10-02,,PL 584/2026,2277,Ver. JANAINA PASCHOAL (PP),PROC-CMSP,2026-09-25T14:05:00,2026-09-28T11:54:00,2026-09-28T15:22:12,Procuradoria,Para análise e envio ao(à) relator(a),,
CCJ,808533,2026-10-02,,PL 586/2026,2218,Ver. THAMMY MIRANDA (PSD),PROC-CMSP,2026-08-14T13:26:00,2026-08-14T21:31:00,2026-10-01T12:31:41,Procuradoria,Para análise e envio ao(à) relator(a),,
CCJ,808572,2026-10-02,,PL 587/2026,2282,Ver. LUCAS PAVANATO (PL),PROC-CMSP,2026-09-25T14:19:00,2026-09-28T11:54:00,2026-09-28T15:22:12,Procuradoria,Para análise e envio ao(à) relator(a),,
CCJ,808573,2026-10-02,,PL 588/2026,2254,Ver. LUNA ZARATTINI (PT),PROC-CMSP,2026-09-04T12:30:00,2026-09-08T13:52:00,2026-09-09T12:53:44,Procuradoria,Para análise e envio ao(à) relator(a),,
EDUC,808614,2026-10-02,,PL 589/2026,,,CCJ,2026-09-17T16:24:35,2026-10-01T13:51:00,2026-10-01T13:51:00,Presidente da Comissão,Designar Relator,,
CCJ,808642,2026-10-02,,PL 590/2026,2217,Ver. SANSÃO PEREIRA (REPUBLICANOS),PROC-CMSP,2026-08-14T13:26:00,2026-08-14T21:31:00,2026-08-18T10:32:21,Procuradoria,Para análise e envio ao(à) relator(a),,
CCJ,808643,2026-10-02,,PR 22/2026,2217,Ver. SANSÃO PEREIRA (REPUBLICANOS),PROC-CMSP,2026-08-21T11:50:00,2026-08-31T01:20:00,2026-09-14T17:38:38,Relator(a),Estudo para manifestação do relator,,
CCJ,808644,2026-10-02,,PL 591/2026,2218,Ver. THAMMY MIRANDA (PSD),PROC-CMSP,2026-08-14T13:26:00,2026-08-14T21:31:00,2026-08-20T13:23:00,Procuradoria,Para análise e envio ao(à) relator(a),,
CCJ,808647,2026-10-02,,PL 592/2026,2218,Ver. THAMMY MIRANDA (PSD),PROC-CMSP,2026-08-07T16:04:00,2026-08-13T12:51:00,2026-08-19T16:13:37,Presidente da Comissão,Assinar Certidão de Votação,,
CCJ,808648,2026-10-02,,PL 593/2026,1636,Ver. DR. MILTON FERREIRA (PODE),PROC-CMSP,2026-09-25T14:05:00,2026-09-28T11:54:00,2026-09-28T15:22:12,Procuradoria,Para análise e envio ao(à) relator(a),,
CCJ,808662,2026-10-02,,PL 594/2026,1636,Ver. DR. MILTON FERREIRA (PODE),PROC-CMSP,2026-08-07T16:04:00,2026-08-14T11:52:00,2026-08-26T16:18:44,Secretaria (SGP12),Em Condição de Pauta,,
CCJ,808663,2026-10-02,,PL 595/2026,1636,Ver. DR. MILTON FERREIRA (PODE),PROC-CMSP,2026-08-21T11:50:00,2026-08-31T01:11:00,2026-09-02T16:37:26,Relator(a),Estudo para manifestação do relator,,
CCJ,808694,2026-10-02,,PL 597/2026,2254,Ver. LUNA ZARATTINI (PT),PROC-CMSP,2026-09-25T14:05:00,2026-09-28T11:54:00,2026-09-28T15:22:12,Procuradoria,Para análise e envio ao(à) relator(a),,
CCJ,808712,2026-10-02,,PL 598/2026,2218,Ver. THAMMY MIRANDA (PSD),PROC-CMSP,2026-08-14T13:26:00,2026-08-14T21:31:00,2026-08-18T10:32:21,Procuradoria,Para análise e envio ao(à) relator(a),,
CCJ,808717,2026-10-02,,PL 599/2026,2254,Ver. LUNA ZARATTINI (PT),PROC-CMSP,2026-08-14T13:26:00,2026-08-14T21:31:00,2026-08-18T15:25:58,Relator(a),Assinar Pedido de Informação ao Executivo,,
CCJ,808718,2026-10-02,,PR 23/2026,1636,Ver. DR. MILTON FERREIRA (PODE),PROC-CMSP,2026-08-21T11:50:00,2026-08-31T01:21:00,2026-09-23T16:28:21,Relator(a),Estudo para manifestação do relator,,
CCJ,808723,2026-10-02,,PL 600/2026,2282,Ver. LUCAS PAVANATO (PL),PROC-CMSP,2026-08-07T16:04:00,2026-08-14T11:52:00,2026-08-18T15:23:12,Relator(a),Assinar Pedido de Informação ao Executivo,,
CCJ,808727,2026-10-02,,PL 601/2026,2282,Ver. LUCAS PAVANATO (PL),PROC-CMSP,2026-08-14T13:26:00,2026-08-14T21:30:00,2026-08-18T15:19:40,Relator(a),Assinar Pedido de Informação ao Executivo,,
CCJ,808751,2026-10-02,,PL 602/2026,2206,Ver. SILVIA DA BANCADA FEMINISTA (PSOL),PROC-CMSP,2026-09-25T14:05:00,2026-09-28T11:54:00,2026-09-28T15:22:12,Procuradoria,Para análise e envio ao(à) relator(a),,
CCJ,808759,2026-10-02,,PL 603/2026,2254,Ver. LUNA ZARATTINI (PT),PROC-CMSP,2026-08-07T16:04:00,2026-08-14T11:52:00,2026-09-30T16:48:57,Secretaria (SGP12),Aguardando Informações do Executivo,,
CCJ,808834,2026-10-02,,PL 604/2026,2277,Ver. JANAINA PASCHOAL (PP),PROC-CMSP,2026-08-21T11:50:00,2026-08-31T01:11:00,2026-09-30T16:24:18,Secretaria (SGP12),Em Condição de Pauta,,
CCJ,808835,2026-10-02,,PL 605/2026,2217,Ver. SANSÃO PEREIRA (REPUBLICANOS),PROC-CMSP,2026-08-21T11:50:00,2026-08-31T01:11:00,2026-09-17T19:08:08,Secretaria (SGP12),Em Condição de Pauta,,
FIN,808910,2026-10-02,2026-10-04,DOCREC 979/2026,2221,Ver. ELI CORRÊA (UNIÃO),SGP22,2026-08-04T10:18:00,2026-08-06T14:23:00,2026-09-25T11:13:09,Consultoria,Para análise,,
FIN,808910,2026-10-05,2026-10-06,DOCREC 979/2026,2221,Ver. ELI CORRÊA (UNIÃO),SGP22,2026-08-04T10:18:00,2026-08-06T14:23:00,2026-10-05T18:15:34,Secretaria (SGP12),Em Condição de Pauta,,
FIN,808910,2026-10-07,,DOCREC 979/2026,2221,Ver. ELI CORRÊA (UNIÃO),SGP22,2026-08-04T10:18:00,2026-08-06T14:23:00,2026-10-07T17:48:06,Secretaria (SGP12),Publicar Parecer,,
CCJ,808977,2026-10-02,2026-10-04,PL 607/2026,1636,Ver. DR. MILTON FERREIRA (PODE),PROC-CMSP,2026-08-07T16:04:00,2026-08-14T11:52:00,2026-10-01T12:31:42,Procuradoria,Para análise e envio ao(à) relator(a),,
CCJ,808977,2026-10-05,,PL 607/2026,1636,Ver. DR. MILTON FERREIRA (PODE),PROC-CMSP,2026-08-07T16:04:00,2026-08-14T11:52:00,2026-10-05T15:41:38,Relator(a),Assinar Pedido de Informação ao(à) Autor(a),,
CCJ,808979,2026-10-02,2026-10-04,PL 608/2026,2206,Ver. SILVIA DA BANCADA FEMINISTA (PSOL),PROC-CMSP,2026-08-07T16:04:00,2026-08-14T11:52:00,2026-10-01T12:31:43,Procuradoria,Para análise e envio ao(à) relator(a),,
CCJ,808979,2026-10-05,2026-10-05,PL 608/2026,2206,Ver. SILVIA DA BANCADA FEMINISTA (PSOL),PROC-CMSP,2026-08-07T16:04:00,2026-08-14T11:52:00,2026-10-05T15:43:39,Relator(a),Assinar Pedido de Informação ao(à) Autor(a),,
CCJ,808979,2026-10-06,,PL 608/2026,2206,Ver. SILVIA DA BANCADA FEMINISTA (PSOL),PROC-CMSP,2026-08-07T16:04:00,2026-08-14T11:52:00,2026-10-06T12:15:13,Secretaria (SGP12),Pendente de Envio de Pedido de Informação ao(à) Autor(a),,
CCJ,808981,2026-10-02,,PL 609/2026,2206,Ver. SILVIA DA BANCADA FEMINISTA (PSOL),PROC-CMSP,2026-08-07T16:04:00,2026-08-14T11:52:00,2026-10-01T12:31:44,Procuradoria,Para análise e envio ao(à) relator(a),,
CCJ,808982,2026-10-02,,PL 610/2026,2282,Ver. LUCAS PAVANATO (PL),PROC-CMSP,2026-08-21T11:50:00,2026-08-31T01:11:00,2026-09-09T12:53:44,Procuradoria,Para análise e envio ao(à) relator(a),,
CCJ,808983,2026-10-02,,PL 611/2026,2206,Ver. SILVIA DA BANCADA FEMINISTA (PSOL),PROC-CMSP,2026-08-07T16:04:00,2026-08-14T11:53:00,2026-09-17T16:48:33,Relator(a),Estudo para manifestação do relator,,
CCJ,808985,2026-10-02,,PL 612/2026,2206,Ver. SILVIA DA BANCADA FEMINISTA (PSOL),PROC-CMSP,2026-08-07T16:04:00,2026-08-14T11:52:00,2026-09-17T16:48:37,Relator(a),Estudo para manifestação do relator,,
CCJ,809180,2026-10-02,2026-10-07,PL 613/2026,2206,Ver. SILVIA DA BANCADA FEMINISTA (PSOL),PROC-CMSP,2026-08-14T13:26:00,2026-08-14T13:39:00,2026-09-01T17:39:39,Secretaria (SGP12),Aguardando Informações do Executivo,,
CCJ,809180,2026-10-08,,PL 613/2026,2206,Ver. SILVIA DA BANCADA FEMINISTA (PSOL),PROC-CMSP,2026-08-14T13:26:00,2026-08-14T13:39:00,2026-10-08T14:59:15,Procuradoria,Para análise e envio ao(à) relator(a),,
CCJ,809201,2026-10-02,,PR 24/2026,1636,Ver. DR. MILTON FERREIRA (PODE),PROC-CMSP,2026-08-28T15:25:00,2026-08-31T01:20:00,2026-09-21T12:09:59,Relator(a),Assinar Pedido de Informação ao(à) Autor(a),,
CCJ,809212,2026-10-02,2026-10-07,PL 614/2026,2206,Ver. SILVIA DA BANCADA FEMINISTA (PSOL),PROC-CMSP,2026-08-14T13:26:00,2026-08-14T13:39:00,2026-09-01T17:39:40,Secretaria (SGP12),Aguardando Informações do Executivo,,
CCJ,809212,2026-10-08,,PL 614/2026,2206,Ver. SILVIA DA BANCADA FEMINISTA (PSOL),PROC-CMSP,2026-08-14T13:26:00,2026-08-14T13:39:00,2026-10-08T14:59:16,Procuradoria,Para análise e envio ao(à) relator(a),,
CCJ,809213,2026-10-02,2026-10-07,PL 615/2026,2206,Ver. SILVIA DA BANCADA FEMINISTA (PSOL),PROC-CMSP,2026-08-14T13:26:00,2026-08-14T13:40:00,2026-09-01T17:39:41,Secretaria (SGP12),Aguardando Informações do Executivo,,
CCJ,809213,2026-10-08,,PL 615/2026,2206,Ver. SILVIA DA BANCADA FEMINISTA (PSOL),PROC-CMSP,2026-08-14T13:26:00,2026-08-14T13:40:00,2026-10-08T14:59:18,Procuradoria,Para análise e envio ao(à) relator(a),,
CCJ,809214,2026-10-02,2026-10-07,PL 616/2026,2206,Ver. SILVIA DA BANCADA FEMINISTA (PSOL),PROC-CMSP,2026-08-14T13:26:00,2026-08-14T13:39:00,2026-09-01T17:39:41,Secretaria (SGP12),Aguardando Informações do Executivo,,
CCJ,809214,2026-10-08,,PL 616/2026,2206,Ver. SILVIA DA BANCADA FEMINISTA (PSOL),PROC-CMSP,2026-08-14T13:26:00,2026-08-14T13:39:00,2026-10-08T14:59:19,Procuradoria,Para análise e envio ao(à) relator(a),,
CCJ,809217,2026-10-02,,PL 617/2026,2277,Ver. JANAINA PASCHOAL (PP),PROC-CMSP,2026-08-14T13:26:00,2026-08-14T13:39:00,2026-08-20T13:23:00,Procuradoria,Para análise e envio ao(à) relator(a),,
CCJ,809232,2026-10-02,,PL 618/2026,1636,Ver. DR. MILTON FERREIRA (PODE),PROC-CMSP,2026-08-14T13:26:00,2026-08-14T13:39:00,2026-08-20T13:23:00,Procuradoria,Para análise e envio ao(à) relator(a),,
CCJ,809237,2026-10-02,,PL 619/2026,,,PROC-CMSP,2026-09-25T14:05:00,2026-10-02T15:04:00,2026-10-02T15:04:00,Presidente da Comissão,Designar Relator,,
EDUC,809365,2026-10-02,,PDL 91/2026,,,CCJ,2026-09-04T20:18:40,2026-09-08T18:09:00,2026-09-08T18:09:00,Presidente da Comissão,Designar Relator,,
CCJ,809429,2026-10-02,,PL 620/2026,2218,Ver. THAMMY MIRANDA (PSD),PROC-CMSP,2026-09-25T14:05:00,2026-09-28T11:54:00,2026-09-28T15:22:12,Procuradoria,Para análise e envio ao(à) relator(a),,
EDUC,809536,2026-10-02,,PDL 92/2026,,,CCJ,2026-09-17T16:24:15,2026-10-01T13:51:00,2026-10-01T13:51:00,Presidente da Comissão,Designar Relator,,
CCJ,809539,2026-10-02,,PL 622/2026,1636,Ver. DR. MILTON FERREIRA (PODE),PROC-CMSP,2026-09-25T14:05:00,2026-09-28T11:54:00,2026-09-28T15:22:12,Procuradoria,Para análise e envio ao(à) relator(a),,
CCJ,809540,2026-10-02,,PL 623/2026,1636,Ver. DR. MILTON FERREIRA (PODE),PROC-CMSP,2026-09-25T14:05:00,2026-09-28T11:54:00,2026-09-28T15:22:12,Procuradoria,Para análise e envio ao(à) relator(a),,
CCJ,809541,2026-10-02,,PL 624/2026,2217,Ver. SANSÃO PEREIRA (REPUBLICANOS),PROC-CMSP,2026-09-25T14:05:00,2026-09-28T11:54:00,2026-09-28T15:22:12,Procuradoria,Para análise e envio ao(à) relator(a),,
CCJ,809542,2026-10-02,2026-10-04,PL 625/2026,2282,Ver. LUCAS PAVANATO (PL),PROC-CMSP,2026-08-28T15:25:00,2026-08-31T01:12:00,2026-08-31T12:45:59,Procuradoria,Para análise e envio ao(à) relator(a),,
CCJ,809542,2026-10-05,,PL 625/2026,2282,Ver. LUCAS PAVANATO (PL),PROC-CMSP,2026-08-28T15:25:00,2026-08-31T01:12:00,2026-10-05T17:11:42,Relator(a),Estudo para manifestação do relator,,
CCJ,809543,2026-10-02,,PL 626/2026,2254,Ver. LUNA ZARATTINI (PT),PROC-CMSP,2026-08-21T11:50:00,2026-08-31T01:12:00,2026-08-31T12:45:59,Procuradoria,Para análise e envio ao(à) relator(a),,
CCJ,809544,2026-10-02,2026-10-06,PL 627/2026,2217,Ver. SANSÃO PEREIRA (REPUBLICANOS),PROC-CMSP,2026-08-21T11:50:00,2026-08-31T01:12:00,2026-09-30T12:26:46,Secretaria (SGP12),Em Condição de Pauta,,
CCJ,809544,2026-10-07,,PL 627/2026,2217,Ver. SANSÃO PEREIRA (REPUBLICANOS),PROC-CMSP,2026-08-21T11:50:00,2026-08-31T01:12:00,2026-10-07T15:10:52,Secretaria (SGP12),Em Condição de Pauta,,
CCJ,809545,2026-10-02,,PL 628/2026,2206,Ver. SILVIA DA BANCADA FEMINISTA (PSOL),PROC-CMSP,2026-08-21T11:50:00,2026-08-31T01:11:00,2026-09-03T13:27:42,Relator(a),Estudo para manifestação do relator,,
CCJ,809546,2026-10-02,,PL 629/2026,2217,Ver. SANSÃO PEREIRA (REPUBLICANOS),PROC-CMSP,2026-09-25T14:05:00,2026-09-28T11:54:00,2026-09-28T15:22:12,Procuradoria,Para análise e envio ao(à) relator(a),,
CCJ,809547,2026-10-02,,PL 630/2026,2206,Ver. SILVIA DA BANCADA FEMINISTA (PSOL),PROC-CMSP,2026-09-25T14:05:00,2026-09-28T11:54:00,2026-09-28T15:22:12,Procuradoria,Para análise e envio ao(à) relator(a),,
CCJ,809548,2026-10-02,,PL 631/2026,2206,Ver. SILVIA DA BANCADA FEMINISTA (PSOL),PROC-CMSP,2026-09-25T14:05:00,2026-09-28T11:54:00,2026-09-30T21:39:21,Relator(a),Estudo para manifestação do relator,,
CCJ,809549,2026-10-02,,PL 632/2026,2206,Ver. SILVIA DA BANCADA FEMINISTA (PSOL),PROC-CMSP,2026-09-04T12:30:00,2026-09-08T13:51:00,2026-09-16T23:18:38,Relator(a),Estudo para manifestação do relator,,
CCJ,809550,2026-10-02,,PL 633/2026,2206,Ver. SILVIA DA BANCADA FEMINISTA (PSOL),PROC-CMSP,2026-09-04T12:30:00,2026-09-08T13:51:00,2026-09-09T12:53:44,Procuradoria,Para análise e envio ao(à) relator(a),,
CCJ,809570,2026-10-02,,PL 634/2026,1636,Ver. DR. MILTON FERREIRA (PODE),PROC-CMSP,2026-09-11T13:28:00,2026-09-11T14:54:00,2026-09-22T12:10:14,Procuradoria,Para análise e envio ao(à) relator(a),,
CCJ,809584,2026-10-02,2026-10-05,PL 635/2026,2218,Ver. THAMMY MIRANDA (PSD),PROC-CMSP,2026-09-04T12:30:00,2026-09-08T13:52:00,2026-09-09T12:53:44,Procuradoria,Para análise e envio ao(à) relator(a),,
CCJ,809584,2026-10-06,,PL 635/2026,2218,Ver. THAMMY MIRANDA (PSD),PROC-CMSP,2026-09-04T12:30:00,2026-09-08T13:52:00,2026-10-06T16:38:40,Relator(a),Estudo para manifestação do relator,,
EDUC,809742,2026-10-02,,PDL 93/2026,,,CCJ,2026-09-17T16:24:16,2026-10-01T13:51:00,2026-10-01T13:51:00,Presidente da Comissão,Designar Relator,,
CCJ,809752,2026-10-02,,PL 636/2026,2218,Ver. THAMMY MIRANDA (PSD),PROC-CMSP,2026-08-14T13:26:00,2026-08-14T13:39:00,2026-08-18T17:24:47,Relator(a),Estudo para manifestação do relator,,
CCJ,809753,2026-10-02,,PL 637/2026,2206,Ver. SILVIA DA BANCADA FEMINISTA (PSOL),PROC-CMSP,2026-08-28T15:25:00,2026-08-31T01:11:00,2026-09-01T12:48:07,Relator(a),Estudo para manifestação do relator,,
CCJ,809800,2026-10-02,,PL 638/2026,1636,Ver. DR. MILTON FERREIRA (PODE),PROC-CMSP,2026-09-04T12:30:00,2026-09-08T13:51:00,2026-09-28T15:35:52,Relator(a),Estudo para manifestação do relator,,
CCJ,809807,2026-10-02,,PL 639/2026,2206,Ver. SILVIA DA BANCADA FEMINISTA (PSOL),PROC-CMSP,2026-08-21T11:50:00,2026-08-31T01:11:00,2026-09-10T14:55:38,Secretaria (SGP12),Aguardando Informações do Executivo,,
CCJ,809808,2026-10-02,,PL 640/2026,2277,Ver. JANAINA PASCHOAL (PP),PROC-CMSP,2026-08-28T15:25:00,2026-08-31T01:05:00,2026-08-31T12:45:59,Procuradoria,Para análise e envio ao(à) relator(a),,
CCJ,809811,2026-10-02,,PL 641/2026,2277,Ver. JANAINA PASCHOAL (PP),PROC-CMSP,2026-08-28T15:25:00,2026-08-31T01:05:00,2026-08-31T12:45:59,Procuradoria,Para análise e envio ao(à) relator(a),,
CCJ,809899,2026-10-02,,PL 642/2026,2217,Ver. SANSÃO PEREIRA (REPUBLICANOS),PROC-CMSP,2026-08-21T11:50:00,2026-08-31T01:05:00,2026-08-31T12:45:59,Procuradoria,Para análise e envio ao(à) relator(a),,
CCJ,809900,2026-10-02,,PL 643/2026,2217,Ver. SANSÃO PEREIRA (REPUBLICANOS),PROC-CMSP,2026-08-21T11:50:00,2026-08-31T01:05:00,2026-10-02T21:54:07,Relator(a),Estudo para manifestação do relator,,
CCJ,809904,2026-10-02,,PR 25/2026,1636,Ver. DR. MILTON FERREIRA (PODE),PROC-CMSP,2026-08-28T15:25:00,2026-08-31T01:16:00,2026-09-23T16:28:25,Relator(a),Estudo para manifestação do relator,,
CCJ,810020,2026-10-02,,PL 644/2026,1636,Ver. DR. MILTON FERREIRA (PODE),PROC-CMSP,2026-08-21T11:50:00,2026-08-31T01:05:00,2026-09-14T20:11:18,Secretaria (SGP12),Em Condição de Pauta,,
CCJ,810062,2026-10-02,,PL 645/2026,2217,Ver. SANSÃO PEREIRA (REPUBLICANOS),PROC-CMSP,2026-08-13T11:39:00,2026-08-13T12:50:00,2026-08-19T16:13:39,Presidente da Comissão,Assinar Certidão de Votação,,
CCJ,810078,2026-10-02,,PL 646/2026,1636,Ver. DR. MILTON FERREIRA (PODE),PROC-CMSP,2026-08-21T11:50:00,2026-08-31T01:05:00,2026-09-25T21:10:03,Relator(a),Estudo para manifestação do relator,,
CCJ,810311,2026-10-02,,PL 649/2026,2217,Ver. SANSÃO PEREIRA (REPUBLICANOS),PROC-CMSP,2026-08-21T11:50:00,2026-08-31T01:06:00,2026-08-31T12:45:59,Procuradoria,Para análise e envio ao(à) relator(a),,
CCJ,810312,2026-10-02,,PL 650/2026,2206,Ver. SILVIA DA BANCADA FEMINISTA (PSOL),PROC-CMSP,2026-08-21T11:50:00,2026-08-31T01:05:00,2026-08-31T12:45:59,Procuradoria,Para análise e envio ao(à) relator(a),,
CCJ,810417,2026-10-02,,PL 651/2026,2206,Ver. SILVIA DA BANCADA FEMINISTA (PSOL),PROC-CMSP,2026-08-21T11:50:00,2026-08-31T01:05:00,2026-09-17T16:48:34,Relator(a),Estudo para manifestação do relator,,
CCJ,810536,2026-10-02,,PL 652/2026,2217,Ver. SANSÃO PEREIRA (REPUBLICANOS),PROC-CMSP,2026-08-28T15:25:00,2026-08-31T01:05:00,2026-08-31T12:45:59,Procuradoria,Para análise e envio ao(à) relator(a),,
CCJ,810542,2026-10-02,,PL 653/2026,1636,Ver. DR. MILTON FERREIRA (PODE),PROC-CMSP,2026-08-28T15:25:00,2026-08-31T01:05:00,2026-09-25T21:10:00,Relator(a),Estudo para manifestação do relator,,
CCJ,810544,2026-10-02,,PL 654/2026,1636,Ver. DR. MILTON FERREIRA (PODE),PROC-CMSP,2026-08-28T15:25:00,2026-08-31T01:06:00,2026-09-25T21:09:59,Relator(a),Estudo para manifestação do relator,,
CCJ,810551,2026-10-02,,PL 656/2026,2217,Ver. SANSÃO PEREIRA (REPUBLICANOS),PROC-CMSP,2026-08-28T15:25:00,2026-08-31T01:05:00,2026-09-30T12:28:47,Secretaria (SGP12),Em Condição de Pauta,,
CCJ,810571,2026-10-02,,PL 657/2026,2206,Ver. SILVIA DA BANCADA FEMINISTA (PSOL),PROC-CMSP,2026-09-11T13:28:00,2026-09-11T14:54:00,2026-09-15T14:39:53,Procuradoria,Para análise e envio ao(à) relator(a),,
CCJ,810572,2026-10-02,,PL 658/2026,2277,Ver. JANAINA PASCHOAL (PP),PROC-CMSP,2026-08-28T15:25:00,2026-08-31T01:06:00,2026-10-02T21:54:08,Relator(a),Estudo para manifestação do relator,,
CCJ,810575,2026-10-02,,PL 659/2026,2282,Ver. LUCAS PAVANATO (PL),PROC-CMSP,2026-08-21T11:50:00,2026-08-31T01:05:00,2026-09-16T23:18:37,Relator(a),Estudo para manifestação do relator,,
CCJ,810599,2026-10-02,2026-10-06,PR 26/2026,1636,Ver. DR. MILTON FERREIRA (PODE),PROC-CMSP,2026-08-28T15:25:00,2026-08-31T01:16:00,2026-09-16T18:50:23,Secretaria (SGP12),Em Condição de Pauta,,
CCJ,810599,2026-10-07,,PR 26/2026,1636,Ver. DR. MILTON FERREIRA (PODE),PROC-CMSP,2026-08-28T15:25:00,2026-08-31T01:16:00,2026-10-07T14:49:34,Secretaria (SGP12),Em Condição de Pauta,,
CCJ,810626,2026-10-02,,PL 660/2026,2277,Ver. JANAINA PASCHOAL (PP),PROC-CMSP,2026-08-28T15:25:00,2026-08-31T01:05:00,2026-08-31T13:01:08,Procuradoria,Para análise e envio ao(à) relator(a),,
CCJ,810669,2026-10-02,,PL 661/2026,2206,Ver. SILVIA DA BANCADA FEMINISTA (PSOL),PROC-CMSP,2026-08-28T15:25:00,2026-08-31T01:05:00,2026-08-31T13:01:08,Procuradoria,Para análise e envio ao(à) relator(a),,
CCJ,810670,2026-10-02,,PL 662/2026,2218,Ver. THAMMY MIRANDA (PSD),PROC-CMSP,2026-09-25T14:05:00,2026-09-28T11:54:00,2026-09-28T15:22:12,Procuradoria,Para análise e envio ao(à) relator(a),,
EDUC,810671,2026-10-02,,PL 663/2026,,,CCJ,2026-09-17T16:24:37,2026-10-01T13:51:00,2026-10-01T13:51:00,Presidente da Comissão,Designar Relator,,
CCJ,810694,2026-10-02,,PL 664/2026,2217,Ver. SANSÃO PEREIRA (REPUBLICANOS),PROC-CMSP,2026-08-28T15:25:00,2026-08-31T01:00:00,2026-09-30T12:24:12,Secretaria (SGP12),Em Condição de Pauta,,
CCJ,810702,2026-10-02,,PL 665/2026,2217,Ver. SANSÃO PEREIRA (REPUBLICANOS),PROC-CMSP,2026-08-28T15:25:00,2026-08-31T01:00:00,2026-09-01T13:39:00,Relator(a),Assinar Pedido de Informação ao Executivo,,
CCJ,810740,2026-10-02,,PR 27/2026,2206,Ver. SILVIA DA BANCADA FEMINISTA (PSOL),PROC-CMSP,2026-08-28T15:25:00,2026-08-31T01:16:00,2026-09-25T13:51:19,Relator(a),Estudo para manifestação do relator,,
CCJ,810793,2026-10-02,,PR 28/2026,2282,Ver. LUCAS PAVANATO (PL),PROC-CMSP,2026-08-28T15:25:00,2026-08-31T01:16:00,2026-09-22T21:41:21,Relator(a),Estudo para manifestação do relator,,
CCJ,810829,2026-10-02,,PL 666/2026,2217,Ver. SANSÃO PEREIRA (REPUBLICANOS),PROC-CMSP,2026-08-28T15:25:00,2026-08-31T01:00:00,2026-09-01T23:45:07,Relator(a),Estudo para manifestação do relator,,
CCJ,810851,2026-10-02,2026-10-06,PL 667/2026,2218,Ver. THAMMY MIRANDA (PSD),PROC-CMSP,2026-08-28T15:25:00,2026-08-31T01:00:00,2026-09-28T17:27:18,Secretaria (SGP12),Em Condição de Pauta,,
CCJ,810851,2026-10-07,,PL 667/2026,2218,Ver. THAMMY MIRANDA (PSD),PROC-CMSP,2026-08-28T15:25:00,2026-08-31T01:00:00,2026-10-07T15:13:57,Secretaria (SGP12),Em Condição de Pauta,,
CCJ,810853,2026-10-02,2026-10-06,PL 668/2026,1636,Ver. DR. MILTON FERREIRA (PODE),PROC-CMSP,2026-08-21T11:50:00,2026-08-31T01:00:00,2026-09-14T20:10:31,Secretaria (SGP12),Em Condição de Pauta,,
CCJ,810853,2026-10-07,,PL 668/2026,1636,Ver. DR. MILTON FERREIRA (PODE),PROC-CMSP,2026-08-21T11:50:00,2026-08-31T01:00:00,2026-10-07T14:38:50,Secretaria (SGP12),Em Condição de Pauta,,
EDUC,811031,2026-10-02,2026-10-06,PDL 94/2026,776,Ver. ELISEU GABRIEL (PSB),CCJ,2026-09-04T20:18:41,2026-09-08T18:08:00,2026-09-25T10:44:07,Secretaria (SGP12),Em Condição de Pauta,,
EDUC,811031,2026-10-07,,PDL 94/2026,776,Ver. ELISEU GABRIEL (PSB),CCJ,2026-09-04T20:18:41,2026-09-08T18:08:00,2026-10-07T18:03:54,Presidente da Comissão,Assinar Certidão de Votação,,
CCJ,811264,2026-10-02,,PL 670/2026,2217,Ver. SANSÃO PEREIRA (REPUBLICANOS),PROC-CMSP,2026-08-21T11:50:00,2026-08-31T01:00:00,2026-08-31T13:01:08,Procuradoria,Para análise e envio ao(à) relator(a),,
CCJ,811387,2026-10-02,,PL 671/2026,1636,Ver. DR. MILTON FERREIRA (PODE),PROC-CMSP,2026-09-04T12:30:00,2026-09-08T13:51:00,2026-09-09T12:53:44,Procuradoria,Para análise e envio ao(à) relator(a),,
CCJ,811485,2026-10-02,,PDL 95/2026,2282,Ver. LUCAS PAVANATO (PL),PROC-CMSP,2026-08-28T15:25:00,2026-08-31T01:16:00,2026-08-31T12:45:59,Procuradoria,Para análise e envio ao(à) relator(a),,
CCJ,811587,2026-10-02,,PDL 96/2026,2217,Ver. SANSÃO PEREIRA (REPUBLICANOS),PROC-CMSP,2026-08-28T15:25:00,2026-08-31T01:16:00,2026-08-31T12:45:59,Procuradoria,Para análise e envio ao(à) relator(a),,
CCJ,811703,2026-10-02,,PL 672/2026,2277,Ver. JANAINA PASCHOAL (PP),PROC-CMSP,2026-09-11T13:28:00,2026-09-11T14:49:00,2026-09-15T14:39:53,Procuradoria,Para análise e envio ao(à) relator(a),,
CCJ,811704,2026-10-02,,PL 673/2026,2254,Ver. LUNA ZARATTINI (PT),PROC-CMSP,2026-09-11T13:28:00,2026-09-11T14:49:00,2026-09-15T14:39:53,Procuradoria,Para análise e envio ao(à) relator(a),,
CCJ,811781,2026-10-02,,PDL 97/2026,2254,Ver. LUNA ZARATTINI (PT),PROC-CMSP,2026-08-28T15:25:00,2026-08-31T01:15:00,2026-09-09T16:09:32,Relator(a),Assinar Pedido de Informação ao(à) Autor(a),,
EDUC,811785,2026-10-02,2026-10-06,PL 674/2026,2292,Ver. GUILHERME CORRÊA (UNIÃO),CCJ,2026-09-04T20:18:49,2026-09-08T18:02:00,2026-09-15T13:50:37,Relator(a),Estudo para manifestação do relator,,
CCJ,811818,2026-10-02,,PL 675/2026,1636,Ver. DR. MILTON FERREIRA (PODE),PROC-CMSP,2026-09-04T12:30:00,2026-09-08T13:51:00,2026-09-09T12:53:44,Procuradoria,Para análise e envio ao(à) relator(a),,
CCJ,811819,2026-10-02,,PL 676/2026,2218,Ver. THAMMY MIRANDA (PSD),PROC-CMSP,2026-09-04T12:30:00,2026-09-08T13:51:00,2026-09-09T12:53:44,Procuradoria,Para análise e envio ao(à) relator(a),,
CCJ,811837,2026-10-02,,PL 677/2026,2254,Ver. LUNA ZARATTINI (PT),PROC-CMSP,2026-08-28T15:25:00,2026-08-31T01:00:00,2026-08-31T16:28:42,Relator(a),Assinar Pedido de Informação ao Executivo,,
CCJ,811855,2026-10-02,,PL 678/2026,2206,Ver. SILVIA DA BANCADA FEMINISTA (PSOL),PROC-CMSP,2026-08-28T15:25:00,2026-08-31T01:00:00,2026-09-10T14:55:39,Secretaria (SGP12),Aguardando Informações do Executivo,,
CCJ,811996,2026-10-02,,PL 679/2026,2277,Ver. JANAINA PASCHOAL (PP),PROC-CMSP,2026-09-04T12:30:00,2026-09-08T13:51:00,2026-09-09T12:53:44,Procuradoria,Para análise e envio ao(à) relator(a),,
CCJ,812037,2026-10-02,,PL 680/2026,2206,Ver. SILVIA DA BANCADA FEMINISTA (PSOL),PROC-CMSP,2026-08-28T15:25:00,2026-08-31T01:00:00,2026-09-08T15:42:13,Secretaria (SGP12),Aguardando Informações do Executivo,,
CCJ,812113,2026-10-02,,PDL 98/2026,2206,Ver. SILVIA DA BANCADA FEMINISTA (PSOL),PROC-CMSP,2026-08-28T15:25:00,2026-08-31T01:15:00,2026-09-09T20:57:55,Relator(a),Estudo para manifestação do relator,,
CCJ,812131,2026-10-02,,PL 681/2026,1636,Ver. DR. MILTON FERREIRA (PODE),PROC-CMSP,2026-09-11T13:28:00,2026-09-11T14:49:00,2026-09-29T17:22:38,Relator(a),Estudo para manifestação do relator,,
CCJ,812191,2026-10-02,,PL 682/2026,1636,Ver. DR. MILTON FERREIRA (PODE),PROC-CMSP,2026-09-04T12:30:00,2026-09-08T13:51:00,2026-09-09T12:53:44,Procuradoria,Para análise e envio ao(à) relator(a),,
CCJ,812192,2026-10-02,,PL 683/2026,1636,Ver. DR. MILTON FERREIRA (PODE),PROC-CMSP,2026-09-04T12:30:00,2026-09-08T13:51:00,2026-09-09T12:53:44,Procuradoria,Para análise e envio ao(à) relator(a),,
CCJ,812327,2026-10-02,,PL 684/2026,2218,Ver. THAMMY MIRANDA (PSD),PROC-CMSP,2026-09-04T12:30:00,2026-09-08T13:51:00,2026-09-09T12:53:44,Procuradoria,Para análise e envio ao(à) relator(a),,
CCJ,812339,2026-10-02,,PL 685/2026,2282,Ver. LUCAS PAVANATO (PL),PROC-CMSP,2026-08-28T15:25:00,2026-08-31T01:00:00,2026-08-31T16:27:59,Relator(a),Assinar Pedido de Informação ao Executivo,,
CCJ,812490,2026-10-02,,PL 686/2026,2282,Ver. LUCAS PAVANATO (PL),PROC-CMSP,2026-08-28T15:25:00,2026-08-31T01:00:00,2026-08-31T13:01:08,Procuradoria,Para análise e envio ao(à) relator(a),,
CCJ,812550,2026-10-02,,PL 687/2026,2217,Ver. SANSÃO PEREIRA (REPUBLICANOS),PROC-CMSP,2026-09-04T12:30:00,2026-09-08T13:52:00,2026-09-09T17:36:47,Relator(a),Assinar Pedido de Informação ao Executivo,,
CCJ,812795,2026-10-02,,PL 688/2026,2218,Ver. THAMMY MIRANDA (PSD),PROC-CMSP,2026-09-04T12:30:00,2026-09-08T13:52:00,2026-09-16T18:22:18,Secretaria (SGP12),Aguardando Informações do Executivo,,
CCJ,812804,2026-10-02,2026-10-06,PL 689/2026,2218,Ver. THAMMY MIRANDA (PSD),PROC-CMSP,2026-09-04T12:30:00,2026-09-08T13:51:00,2026-09-21T18:53:39,Secretaria (SGP12),Em Condição de Pauta,,
CCJ,812804,2026-10-07,,PL 689/2026,2218,Ver. THAMMY MIRANDA (PSD),PROC-CMSP,2026-09-04T12:30:00,2026-09-08T13:51:00,2026-10-07T14:39:21,Secretaria (SGP12),Em Condição de Pauta,,
CCJ,813007,2026-10-02,,PL 690/2026,2218,Ver. THAMMY MIRANDA (PSD),PROC-CMSP,2026-09-04T12:30:00,2026-09-08T13:52:00,2026-09-21T18:50:04,Secretaria (SGP12),Em Condição de Pauta,,
CCJ,813008,2026-10-02,,PL 691/2026,1636,Ver. DR. MILTON FERREIRA (PODE),PROC-CMSP,2026-09-04T12:30:00,2026-09-08T13:52:00,2026-09-22T19:29:50,Secretaria (SGP12),Em Condição de Pauta,,
CCJ,813106,2026-10-02,,PL 692/2026,2217,Ver. SANSÃO PEREIRA (REPUBLICANOS),PROC-CMSP,2026-09-11T13:28:00,2026-09-11T14:49:00,2026-09-21T15:32:31,Relator(a),Estudo para manifestação do relator,,
CCJ,813143,2026-10-02,,PL 693/2026,2254,Ver. LUNA ZARATTINI (PT),PROC-CMSP,2026-09-04T12:30:00,2026-09-08T13:51:00,2026-09-09T17:36:23,Relator(a),Assinar Pedido de Informação ao Executivo,,
CCJ,813147,2026-10-02,,PL 694/2026,1636,Ver. DR. MILTON FERREIRA (PODE),PROC-CMSP,2026-09-11T13:28:00,2026-09-11T14:49:00,2026-09-15T14:39:53,Procuradoria,Para análise e envio ao(à) relator(a),,
CCJ,813306,2026-10-02,,PL 695/2026,2218,Ver. THAMMY MIRANDA (PSD),PROC-CMSP,2026-09-11T13:28:00,2026-09-11T14:49:00,2026-09-23T18:21:08,Secretaria (SGP12),Aguardando Informações do Executivo,,
CCJ,813335,2026-10-02,,PL 697/2026,2218,Ver. THAMMY MIRANDA (PSD),PROC-CMSP,2026-09-11T13:28:00,2026-09-11T14:49:00,2026-09-22T21:41:22,Relator(a),Estudo para manifestação do relator,,
CCJ,813367,2026-10-02,,PL 698/2026,2254,Ver. LUNA ZARATTINI (PT),PROC-CMSP,2026-09-04T12:30:00,2026-09-08T13:51:00,2026-09-09T17:36:17,Relator(a),Assinar Pedido de Informação ao Executivo,,
CCJ,813411,2026-10-02,,PL 699/2026,2217,Ver. SANSÃO PEREIRA (REPUBLICANOS),PROC-CMSP,2026-09-04T12:30:00,2026-09-08T12:08:00,2026-09-21T12:03:21,Secretaria (SGP12),Em Condição de Pauta,,
CCJ,813467,2026-10-02,,PL 700/2026,2277,Ver. JANAINA PASCHOAL (PP),PROC-CMSP,2026-09-11T13:28:00,2026-09-11T14:49:00,2026-09-15T14:44:37,Procuradoria,Para análise e envio ao(à) relator(a),,
CCJ,813494,2026-10-02,,PL 701/2026,2206,Ver. SILVIA DA BANCADA FEMINISTA (PSOL),PROC-CMSP,2026-09-11T13:28:00,2026-09-11T14:49:00,2026-09-21T15:32:33,Relator(a),Estudo para manifestação do relator,,
CCJ,813652,2026-10-02,,PL 702/2026,2217,Ver. SANSÃO PEREIRA (REPUBLICANOS),PROC-CMSP,2026-09-25T14:05:00,2026-09-28T11:54:00,2026-09-28T15:22:12,Procuradoria,Para análise e envio ao(à) relator(a),,
CCJ,813864,2026-10-02,,PL 703/2026,2282,Ver. LUCAS PAVANATO (PL),PROC-CMSP,2026-09-25T14:05:00,2026-09-28T11:54:00,2026-09-28T15:22:12,Procuradoria,Para análise e envio ao(à) relator(a),,
CCJ,813890,2026-10-02,,PL 704/2026,,,PROC-CMSP,2026-09-25T14:05:00,2026-10-02T15:04:00,2026-10-02T15:04:00,Presidente da Comissão,Designar Relator,,
CCJ,813894,2026-10-02,,PL 705/2026,2282,Ver. LUCAS PAVANATO (PL),PROC-CMSP,2026-09-25T14:05:00,2026-09-28T11:54:00,2026-09-30T16:08:18,Relator(a),Estudo para manifestação do relator,,
CCJ,813898,2026-10-02,,PL 706/2026,,,PROC-CMSP,2026-09-25T14:05:00,2026-10-02T15:04:00,2026-10-02T15:04:00,Presidente da Comissão,Designar Relator,,
CCJ,813900,2026-10-02,,PL 707/2026,2254,Ver. LUNA ZARATTINI (PT),PROC-CMSP,2026-09-11T13:28:00,2026-09-11T14:49:00,2026-09-15T14:44:37,Procuradoria,Para análise e envio ao(à) relator(a),,
CCJ,813955,2026-10-02,2026-10-06,PDL 99/2026,2217,Ver. SANSÃO PEREIRA (REPUBLICANOS),PROC-CMSP,2026-09-11T13:28:00,2026-09-11T14:53:00,2026-09-30T12:25:48,Secretaria (SGP12),Em Condição de Pauta,,
CCJ,813955,2026-10-07,,PDL 99/2026,2217,Ver. SANSÃO PEREIRA (REPUBLICANOS),PROC-CMSP,2026-09-11T13:28:00,2026-09-11T14:53:00,2026-10-07T14:33:51,Secretaria (SGP12),Em Condição de Pauta,,
CCJ,813956,2026-10-02,2026-10-06,PDL 100/2026,2217,Ver. SANSÃO PEREIRA (REPUBLICANOS),PROC-CMSP,2026-09-11T13:28:00,2026-09-11T14:53:00,2026-09-30T12:23:28,Secretaria (SGP12),Em Condição de Pauta,,
CCJ,813956,2026-10-07,,PDL 100/2026,2217,Ver. SANSÃO PEREIRA (REPUBLICANOS),PROC-CMSP,2026-09-11T13:28:00,2026-09-11T14:53:00,2026-10-07T14:34:26,Secretaria (SGP12),Em Condição de Pauta,,
CCJ,813967,2026-10-02,,PL 708/2026,2206,Ver. SILVIA DA BANCADA FEMINISTA (PSOL),PROC-CMSP,2026-09-25T14:05:00,2026-09-28T11:54:00,2026-09-28T15:22:12,Procuradoria,Para análise e envio ao(à) relator(a),,
CCJ,814077,2026-10-02,,PL 709/2026,2217,Ver. SANSÃO PEREIRA (REPUBLICANOS),PROC-CMSP,2026-09-25T14:05:00,2026-09-28T11:54:00,2026-09-28T15:22:12,Procuradoria,Para análise e envio ao(à) relator(a),,
CCJ,814083,2026-10-02,,PL 710/2026,1636,Ver. DR. MILTON FERREIRA (PODE),PROC-CMSP,2026-09-25T14:05:00,2026-09-28T11:54:00,2026-09-28T15:22:12,Procuradoria,Para análise e envio ao(à) relator(a),,
CCJ,814084,2026-10-02,,PDL 101/2026,2218,Ver. THAMMY MIRANDA (PSD),PROC-CMSP,2026-09-11T13:28:00,2026-09-11T14:54:00,2026-09-30T21:39:23,Relator(a),Estudo para manifestação do relator,,
CCJ,814224,2026-10-02,,PL 711/2026,,,PROC-CMSP,2026-09-25T14:05:00,2026-09-28T11:54:00,2026-09-28T11:54:00,Presidente da Comissão,Designar Relator,,
CCJ,814309,2026-10-02,,PL 712/2026,2282,Ver. LUCAS PAVANATO (PL),PROC-CMSP,2026-09-11T13:28:00,2026-09-11T14:49:00,2026-09-17T16:48:32,Relator(a),Estudo para manifestação do relator,,
CCJ,814320,2026-10-02,,PL 713/2026,2282,Ver. LUCAS PAVANATO (PL),PROC-CMSP,2026-09-25T14:05:00,2026-09-28T11:54:00,2026-09-30T14:56:56,Relator(a),Assinar Pedido de Informação ao Executivo,,
CCJ,814404,2026-10-02,,PL 714/2026,1636,Ver. DR. MILTON FERREIRA (PODE),PROC-CMSP,2026-09-25T14:05:00,2026-09-28T11:54:00,2026-09-28T15:22:12,Procuradoria,Para análise e envio ao(à) relator(a),,
CCJ,814571,2026-10-02,,PL 715/2026,2282,Ver. LUCAS PAVANATO (PL),PROC-CMSP,2026-09-25T14:05:00,2026-09-28T11:54:00,2026-09-30T14:53:05,Relator(a),Assinar Pedido de Informação ao Executivo,,
CCJ,814898,2026-10-02,,PL 721/2026,2254,Ver. LUNA ZARATTINI (PT),PROC-CMSP,2026-09-25T14:05:00,2026-09-28T11:54:00,2026-09-30T14:51:20,Relator(a),Assinar Pedido de Informação ao Executivo,,
CCJ,815015,2026-10-02,,PL 727/2026,1636,Ver. DR. MILTON FERREIRA (PODE),PROC-CMSP,2026-09-25T14:05:00,2026-09-28T11:54:00,2026-09-30T21:39:20,Relator(a),Estudo para manifestação do relator,,
CCJ,815096,2026-10-02,2026-10-04,PL 728/2026,2218,Ver. THAMMY MIRANDA (PSD),PROC-CMSP,2026-09-24T15:04:00,2026-09-24T19:43:00,2026-10-02T13:48:36,Presidente da Comissão,Assinar Pedido de Informação ao Executivo,,
CCJ,815096,2026-10-05,2026-10-05,PL 728/2026,2218,Ver. THAMMY MIRANDA (PSD),PROC-CMSP,2026-09-24T15:04:00,2026-09-24T19:43:00,2026-10-05T10:29:35,Secretaria (SGP12),Aguardando Elaboração do Ofício SGP-12,,
CCJ,815096,2026-10-06,,PL 728/2026,2218,Ver. THAMMY MIRANDA (PSD),PROC-CMSP,2026-09-24T15:04:00,2026-09-24T19:43:00,2026-10-06T13:16:54,Secretaria (SGP.12),Aguardando Resposta do Executivo,,
CCJ,815393,2026-10-02,2026-10-04,PL 735/2026,2218,Ver. THAMMY MIRANDA (PSD),PROC-CMSP,2026-09-24T15:04:00,2026-09-24T19:43:00,2026-10-02T13:48:36,Presidente da Comissão,Assinar Pedido de Informação ao Executivo,,
CCJ,815393,2026-10-05,2026-10-05,PL 735/2026,2218,Ver. THAMMY MIRANDA (PSD),PROC-CMSP,2026-09-24T15:04:00,2026-09-24T19:43:00,2026-10-05T10:29:35,Secretaria (SGP12),Aguardando Elaboração do Ofício SGP-12,,
CCJ,815393,2026-10-06,,PL 735/2026,2218,Ver. THAMMY MIRANDA (PSD),PROC-CMSP,2026-09-24T15:04:00,2026-09-24T19:43:00,2026-10-06T13:16:54,Secretaria (SGP.12),Aguardando Resposta do Executivo,,
CCJ,815446,2026-10-02,,PDL 102/2026,2218,Ver. THAMMY MIRANDA (PSD),PROC-CMSP,2026-09-25T14:05:00,2026-09-28T11:54:00,2026-09-30T21:39:24,Relator(a),Estudo para manifestação do relator,,
CCJ,815462,2026-10-02,,PL 736/2026,1636,Ver. DR. MILTON FERREIRA (PODE),PROC-CMSP,2026-09-22T17:35:00,2026-09-22T17:54:00,2026-09-23T12:46:20,Procuradoria,Para análise e envio ao(à) relator(a),,
CCJ,815887,2026-10-02,,PL 743/2026,2206,Ver. SILVIA DA BANCADA FEMINISTA (PSOL),PROC-CMSP,2026-09-25T14:05:00,2026-09-28T11:54:00,2026-10-02T18:36:57,Relator(a),Estudo para manifestação do relator,,
FIN,817006,2026-10-02,2026-10-06,PL 752/2026,,,SGP22,2026-10-01T12:16:00,2026-10-01T14:03:00,2026-10-01T14:03:00,Presidente da Comissão,Designar Relator,,
FIN,817006,2026-10-07,,PL 752/2026,2219,Ver. MARCELO MESSIAS (MDB),SGP22,2026-10-01T12:16:00,2026-10-01T14:03:00,2026-10-07T18:49:54,Secretaria (SGP12),Aguardando Notas Taquigráficas,Audiência realizada,
