materia_id,rotulo,tipo,numero,ano,ementa
69010,PL 519/2003,PL,519,2003,"""INSTITUI NORMAS SOBRE INSTALAÇÃO, CONSTRUÇÃO,  MANU- TENÇÃO E UTILIZAÇÃO DE HELIPONTOS E  HELIPORTOS,  PÚ- BLICOS E PRIVADOS, CIVIS NO ÂMBITO  DO  MUNICÍPIO  DE SÃO PAULO, E DÁ OUTRAS PROVIDÊNCIAS."""
83348,PL 87/2004,PL,87,2004,OBJETIVA REPARAR PREJUÍZOS MORAIS E/OU PECUNIÁRIOS CAUSADOS A PRESOS POLÍTICOS PERSEGUIDOS E DETIDOS POR ORGÃOS DE REPRESSÃO NO PERÍODO DE 31/03/64 A 15/08/79.
85877,PL 678/2006,PL,678,2006,INSTITUI O PLANO MUNICIPAL DE DRENAGEM URBANA.
108124,PL 26/2008,PL,26,2008,"DEFINE COMO ZONA DE PROTEÇÃO AMBIENTAL - ZEPAM - ÁREA LOCALIZADA NO BAIRRO DO TATUAPÉ, QUADRILÁTERO FORMADO PELAS RUAS URIEL GASPAR, PADRE ADELINO, AVENIDA SALIM FARAH MALUF E VIADUTO PIRES DO RIO, E DÁ OUTRAS PROVIDÊNCIAS."
108192,PL 92/2008,PL,92,2008,"DENOMINA ""RUA MAXIMINO RODRIGUES DE SANTANA"", A PASSAGEM 32, SITUADA NA TRAVESSA DA RUA MAPIXI, NA VILA VERDE EM ITAQUERA, E DÁ OUTRAS PROVIDÊNCIAS."
116406,PL 540/2008,PL,540,2008,"DISPÕE SOBRE A AMPLIAÇÃO DE LICENÇA MATERNIDADE, DA LICENÇA PATERNIDADE E DA LICENÇA POR ADOÇÃO NO FUNCIONALISMO PÚBLICO DO MUNICÍPIO DE SÃO PAULO E DÁ PROVIDÊNCIAS CORRELATAS."
126298,PL 605/2011,PL,605,2011,"MODIFICA A REDAÇÃO DO ARTIGO 177 E 212 DA LEI 13.430 DE 13 DE SETEMBRO DE 2002, MODIFICA A REDAÇÃO DO ART. 200 DA LEI 13.885, DE 25 DE AGOSTO DE 2004."
126328,PL 609/2011,PL,609,2011,"DISPÕE SOBRE A CONCESSÃO DE INCENTIVO À IMPLANTAÇÃO DE ATIVIDADES DE SAÚDE NAS ÁREAS ENVOLTÓRIAS DE HOSPITAIS EXISTENTES, E DÁ OUTRAS PROVIDÊNCIAS."
134759,PL 399/2012,PL,399,2012,"DISPÕE SOBRE A CONCESSÃO DE ALVARÁ DE FUNCIONAMENTO DIFERENCIADO A EDIFICAÇÕES DESTINADAS AO CULTO RELIGIOSO NA CIDADE DE SÃO PAULO, E DÁ OUTRAS PROVIDÊNCIAS."
138485,PL 11/2012,PL,11,2012,"CRIA O PARQUE MUNCIPAL DE PIRITUBA, E DÁ OUTRAS PROVIDÊNCIAS (ÁREA LOCALIZADA NA AV. MUTINGA, VILA CACHOEIRA, PARALELA À RODOVIA DOS BANDEIRANTES, DISTRITO DE PIRITUBA - SUBPREFEITURA DE PIRITUBA)"
141060,PL 134/2012,PL,134,2012,"DISPÕE SOBRE A EXPOSIÇÃO, NOS LOCAIS QUE ESPECIFICA, DE BEBIDAS ALCOÓLICAS, NO MUNICÍPIO DE SÃO PAULO, E DÁ OUTRAS PROVIDÊNCIAS."
146827,PL 809/2013,PL,809,2013,"DECLARA DE UTILIDADE PÚBLICA PARA FINS DE DESAPROPRIAÇÃO O IMÓVEL LOCALIZADO À RUA SENADOR GEORGINO AVELINO, Nº 942 E DÁ OUTRAS PROVIDÊNCIAS."
148072,PL 628/2013,PL,628,2013,"DISPÕE SOBRE O TERMO DE DIREITO Â EXPOSIÇÃO E COMERCIALIZAÇÃO DE PRODUTOS ARTESANAIS - TDEC A SER EMITIDO COMO AUTORIZAÇÃO AOS ARTESÃOS PARA EXPOSIÇÃO E COMERCIALIZAÇÃO DE PRODUTOS ARTESANAIS DE SUA FABRICAÇÃO NAS FEIRAS DE ARTES, ANTIGUIDADES E ARTESANATO NO ÂMBITO DO MUNICÍPIO DE SÃO PAULO, E DÁ OUTRAS PROVIDÊNCIAS."
149353,PL 308/2014,PL,308,2014,"ALTERA A LEI Nº 12.490 DE 1997, QUE AUTORIZA O EXECUTIVO A IMPLANTAR PROGRAMA DE RESTRIÇÃO AO TRÂNSITO DE VEÍCULOS AUTOMOTORES NO MUNICÍPIO DE SÃO PAULO, E DÁ OUTRAS PROVIDÊNCIAS."
149624,PL 669/2013,PL,669,2013,"DISPÕE SOBRE A PROIBIÇÃO DO CONSUMO DE BEBIDAS ALCOÓLICAS NOS PARQUES PÚBLICOS DO MUNICÍPIO DE SÃO PAULO, E DÁ OUTRAS PROVIDÊNCIAS."
150561,PL 892/2013,PL,892,2013,DISPÕE SOBRE A PERMISSÃO DE USO DAS FAIXAS EXCLUSIVAS DE ÔNIBUS POR VEÍCULOS INTEGRANTES DA FROTA DE TRANSPORTE INDIVIDUAL POR TÁXI NO MUNICÍPIO DE SÃO PAULO E DÁ OUTRAS PROVIDÊNCIAS.
156689,RDP 23/1999,RDP,23,1999,"REQUER A SUBSTITUTIÇÃO DO NOBRE VEREADOR COSME LOPES, MEMBRO DA COMISSÃO DE ADMINISTRAÇÃO PÚBLICA,     PELO NOBRE VEREADOR ARCHIBALDO ZANCRA, DEVENDO O VEREADOR COSME LOPES OCUPAR A VAGA DESSE VEREADOR NA COMISSÃO DE EDUCAÇÃO, CULTURA E ESPORTES."
165279,PL 406/2004,PL,406,2004,"AUTORIZA O EXECUTIVO A PARCELAR, SEM CUSTAS JUDICIAIS OS DÉBITOS ORIUNDOS DE TRIBUTOS MUNICIPAIS NÃO PAGOS NO PRAZO LEGAL"
174961,PL 760/2009,PL,760,2009,"CRIA O PARQUE VERDE HENRY FORD, EM ÁREA QUE ESPECIFICA E AUTORIZA O EXECUTIVO A DECLARAR A UTILIDADE PÚBLICA E EFETIVAR A DESAPROPRIAÇÃO. (LOCALIZADA NO SETOR 032, DA QUADRA 111, LOTE 0005 E DELIMITADA PELAS RUAS CAPITÃO PACHECO E CHAVES, HENRY FORD E AV. DIANÓPOLIS)."
177702,PL 6/2013,PL,6,2013,"DISPÕE SOBRE A OBRIGATORIEDADE DA PREFEITURA DIVULGAR VIA INTERNET A IMAGEM DO ALVARÁ DE FUNCIONAMENTO DOS LOCAIS DE REUNIÃO; DETERMINA A DIVULGAÇÃO DO LINK COM O ALVARÁ DE FUNCIONAMENTO DIVULGADO PELA PREFEITURA NO SITE DO ESTABELECIMENTO, E DÁ OUTRAS PROVIDÊNCIAS."
182828,PL 337/2015,PL,337,2015,"DISPÕE SOBRE A ADOÇÃO DO CARTÃO LEVE LEITE SÃO PAULO PARA REDUZIR OS CUSTOS DO PROGRAMA LEVE LEITE, E DÁ OUTRAS PROVIDÊNCIAS."
312669,REC 64/1992,REC,64,1992,"RECORRE     DA  DECISÃO  DO  PRESIDENTE  RELATIVA  AO REQ.13-0469/92-0, DE MINHA AUTORIA, QUE SOLICITAVA A REMESSA À COM. DE SAÚDE DO PL. NO 191/92, DO VER.JOSÉ ÍNDIO."
314923,REC 65/2012,REC,65,2012,"TEM  O OBJETIVO DE RESTABELECER A SOBERANIA DO PLENÁRIO DA COM PERM DE FINANÇAS E ORÇAMENTO, COM O IMEDIATO SOBRESTAMENTO DA DELIBERAÇÃO EXARADA PELA SUBCOMISSÃO DAS CONTRA-PARTIDAS SOBRE REQUERIMENTOS CUJAS MATÉRIAS ENCONTRAM-SE SOB ANÁLISE E PENDENTES DE DELIBERAÇÃO PELO PLENÁRIO DESTA COMISSÃO, ATÉ QUE ESTA DELIBERE SOBRE AS MATÉRIAS E, AO FINAL, SE REJEITADAS, AS DELIBERAÇÕES SEJAM DECLARADAS SEM EFEITO."
316027,DOCREC 105/1992,DOCREC,105,1992,INFORMAÇÕES DO EXECUTIVO REFERENTE AO OFÍCIO DT.7 LEG 3/300060/92.
316206,DOCREC 288/1992,DOCREC,288,1992,"ENCAMINHA CÓPIA DO PROCESSO TC. NO. 72-010.051/89-45, SOLICITAN- DO A SUSTAÇÃO DOS ATOS INQUINADOS DE INVÁ LIDOS PELO FUNDO DE ATENDIMENTO À POPULAÇÃO MOARADORA EM HABITAÇÃO SUB-NORMAL - FUNAPS."
316279,DOCREC 361/1992,DOCREC,361,1992,"ENCAMINHA INFORMAÇÕES SOLICITADAS PELA COM. DE ADMINI STRAÇÃO PÚ-BLICA SOBRE OS OFÍCIOS NO. 58 E 59/92, SOB RE ARBITRARIEDADES CONTIDAS NA O.I. DA SUPERINTENDÊNC IA DO HOSPITAL DO SERVIDOR MUNICIPAL"
316283,DOCREC 365/1992,DOCREC,365,1992,ENCAMINHA RELATÓRIO MENSAL-12 - AGOSTO/92 - INTITULAD O - TRABALHADOR PUBLICO MUNICIPAL.
316415,DOCREC 498/1992,DOCREC,498,1992,ENCAMINHA RELATORIO MENSAL - 14 - OUTUBRO DE 1992 - T RABALHADOR PUBLICO MUNICIPAL -
316427,DOCREC 510/1992,DOCREC,510,1992,VETO PARCIAL AO PL 25/1989.
326467,DOCREC 44/1995,DOCREC,44,1995,"ENCAMINHA PROJETO DE LEI QUE VISA ATUALIZAR O VALOR DAS MULTAS A SEREM APLICADAS AOS ADMINISTRADORES E DE MAIS RESPONSAVEIS POR DINHEIRO, BENS E VALORES PUBLI- COS."
326707,DOCREC 285/1995,DOCREC,285,1995,"ENCAMINHA MOCOES DA VI CONFERENCIA MUNICIPAL DE SAUDE DE SAO PAULO, REALIZADA NOS DIAS 27 E 28/10, PARA CON HECIMENTO DESTA CASA."
327393,DOCREC 171/1996,DOCREC,171,1996,COMUNICA QUE O SR.IVAN CARLOS ALONSO É O ATUAL PRESI- DENTE DO CONSELHO MUNICIPAL DA PESSOA DEFICIENTE.
328715,DOCREC 204/1998,DOCREC,204,1998,"ENCAMINHA PARECER SOBRE AS CONTAS DA MESA DA CÂMARA, DO EXERCICIO DE 1997."
328806,DOCREC 295/1998,DOCREC,295,1998,"COMUNICA, EM ATENDIMENTO À LEI 9.452/97, A LIBERAÇÃO DE RECURSOS FINANCEIROS, DA ORDEM DE 3.000.000,00, EM FAVOR DO MUNICÍPIO DE SÃO PAULO, CREDITADOS EM 03 DE JUNHO DE 1998, REFERENTES AO ""CONVÊNIO DENGUE"""
328807,DOCREC 296/1998,DOCREC,296,1998,"COMUNICA, EM ATENDIMENTO À LEI 9.452/97, A LIBERAÇÃO DE RECURSOS FINANCEIROS, DA ORDEM DE 3.000.000,00, EM FAVOR DO MUNICÍPIO DE SÃO PAULO, CREDITADOS EM 28 DE ABRIL DE 1998, REFERENTES AO ""CONVÊNIO DENGUE"""
329149,DOCREC 10/1999,DOCREC,10,1999,INFORMA SUBVENÇÕES MÉDICAS E SOCIAIS AS INSTITUIÇÕES ASSISTENCIAIS NOS MESES DE DEZEMBRO/98 E JANEIRO/99.
329209,DOCREC 70/1999,DOCREC,70,1999,ENCAMINHA RELATÓRIO DE ATIVIDADES E BALANÇO PATRIMO- NIAL DO EXERCÍCIO DE 1998. (TÍTULO DE UTILIDADE PÚBLI CA).
329211,DOCREC 72/1999,DOCREC,72,1999,INFORMA A CONCESSÃO DE SUBVENÇÃO E AUXÍLIO EQUIPAMEN- TO ÀS INSTITUIÇÕES ASSISTENCIAIS - FUNDAÇÃO DORINA NOWILL PARA CEGOS E CENTRO DE AÇÃO SOCIAL ESPAÇO LI- VRE.
329883,DOCREC 120/2000,DOCREC,120,2000,"ENCAMINHA CÓPIA DO RELATÓRIO DE AUDITORIA, DO RELATÓ- RIO E VOTO DO SR. CONSELHEIRO RELATOR E DO ACÓRDÃO PROLATADO NA SESSÃO DE 3.5.00. (AUDITORIA NO HSPM)"
329920,DOCREC 158/2000,DOCREC,158,2000,ENCAMINHA PARECER SOBRE AS CONTAS DA CÂMARA MUNICIPAL RELATIVO AO EXERCÍCIO DE 1999.
330041,DOCREC 279/2000,DOCREC,279,2000,"ENCAMINHA CÓPIA DO PARECER SOBRE AS CONTAS DA MESA DA CÂMARA, EXERCÍCIO DE 1998."
330607,DOCREC 171/2001,DOCREC,171,2001,ENCAMINHA RELATORIO SOBRE O JULGAMENTO DAS CONTAS DES SA EDILIDADE(EXERCICIO 2000)
330673,DOCREC 239/2001,DOCREC,239,2001,"EXECUÇÃO DOS SERVIÇOS DE LIMPEZA URBANA (SERVIÇO DE LIMPEZA DE VIAS E LOGRAD.: COLETA E TRANSPORTE DERE- SÍDUOS SÓLIDOS, DE VARRIÇÃO, DE FEIRAS LIVRES, DE FA- VELAS E DE RESÍDUOS RESULTANTES DE SERVIÇOS DELIMPEZA"
330803,DOCREC 370/2001,DOCREC,370,2001,URGÊNCIA AO PL 616/01 - DÉBITOS COM A FAZENDA - ALTE- RA DISPOSIÇÕES RELATIVAS À ATUALIZAÇÃO MONETÁRIA DE DÉBITOS PARA COM A FAZENDA MUNICIPAL.
331855,DOCREC 174/2002,DOCREC,174,2002,"ENCAMINHA DADOS DA EXECUÇÃO ORÇAMENTÁRIA, EM ARQUIVOS MAGNÉTICOS, POSIÇÃO DE 31/01 E 28/02/2002."
331964,DOCREC 284/2002,DOCREC,284,2002,"COMUNICA QUE O SR. BRANISLAV KONTIC NÃO EXERCERÁ MAIS AS FUNÇÕES DE VICE-PRESIDENTE EM EXERCÍCIO DA EMURB, TENDO SIDO SUBSTITUÍDO PELA SRA. NADIA SOMEKH."
331986,DOCREC 306/2002,DOCREC,306,2002,ENCAMINHA DADOS DA EXECUÇÃO ORÇAMENTÁRIA EM 30.4.2002 (EM ARQUIVO MAGNÉTICO)
332106,DOCREC 430/2002,DOCREC,430,2002,ENCAMINHA DADOS DA EXECUÇÃO ORÇAMENTÁRIA EM ARQUIVO MAGNÉTICO - POSIÇÃO DE 31.5.2002
332198,DOCREC 523/2002,DOCREC,523,2002,"ENCAMINHA DADOS DA EXECUÇÃO ORÇAMENTÁRIA, EM ARQUIVO MAGNÉTICO, POSIÇÃO DE 30/6/2002."
332210,DOCREC 535/2002,DOCREC,535,2002,ENCAMINHA DADOS DA EXECUÇÃO ORÇAMENTÁRIA - POSIÇÃO DE 30/6/2002
336257,DOCREC 1530/2004,DOCREC,1530,2004,INFORMA LIBERAÇÃO DE RECURSOS FINANCEIROS - PAGAMENTO DE GESTÃO PLENA DE SISTEMA MUNICIPAL - MEDIA COMPLE- XIDADE - COMP. 11/2004.
337078,DOCREC 832/2005,DOCREC,832,2005,INFORMA LIBERAÇÃO DE RECURSOS FINANCEIROS - PAGAMENTO DE CONVÊNIO FIRMADO COM O INSTITUTO ECOAR PARA A CIDADANIA OBJETIVANDO APOIAR PARCIALMENTE O PROJETO VAMOS CUIDAR DO BRASIL NAS ESCOLAS
337670,DOCREC 1462/2005,DOCREC,1462,2005,"VETO TOTAL AO PL 344/03 DO VEREADOR GOULART - PUBL. NO DOC DE 25/11/05, P. 4, COL. 2."
338544,DOCREC 710/2006,DOCREC,710,2006,INFORMA A LIBERAÇÃO DE RECURSOS FINANCEIROS DESTINA- DOS A GARANTIR A EXECUÇÃO DE PROGRAMAS DO FUNDO NACIONAL DE DESENVOLVIMENTO DA EDUCAÇÃO - PROGRAMA PNAE CRECHE
338820,DOCREC 988/2006,DOCREC,988,2006,INFORMA LIBERAÇÃO DE RECURSOS FINANCEIROS DO FUNDO NA CIONAL DE SAÚDE PARA PAGAMENTO DE FAEC S/A - ACOMPA- NHAMENTO DE PACIENTE COMP 04/2006
338824,DOCREC 992/2006,DOCREC,992,2006,INFORMA A LIBERAÇÃO DE RECURSOS FINANCEIROS DO FUNDO NACIONAL DE SAÚDE PARA PAGAMENTO DE FAEC S/A - FISIO- TERAPIA COMP 04/2006
340514,DOCREC 618/2007,DOCREC,618,2007,"ENVIA O BALANÇO DO HOSPITAL DO SERVIDOR PÚBLICO MUNICIPAL, REFERENTE AO EXERCÍCIO DE 2006."
341998,DOCREC 2143/2007,DOCREC,2143,2007,"BALANÇO DO TRIBUNAL DE CONTAS DO MUNICÍPIO, REFERENTE AO EXERCÍCIO DE 2006. (CONTAS DO TRIBUNAL - 2006) PROCESSO TC Nº 72-001.132.07-08"
342411,DOCREC 2579/2007,DOCREC,2579,2007,LIBERAÇÃO DE RECURSOS FINANCEIROS DO FUNDO NACIONAL DE SAÚDE PARA PROGRAMA DE PAGAMENTO DE FAEC S/A - ACOMPANHAMENTO DE SAÚDE MENTAL (CAPS) COMP 06/2007.
342412,DOCREC 2580/2007,DOCREC,2580,2007,LIBERAÇÃO DE RECURSOS FINANCEIROS DO FUNDO NACIONAL DE SAÚDE PARA PROGRAMA DE PAGAMENTO DE AGENTES COMUNITÁRIOS DE SAÚDE - ACS COMP 07/2007.
343402,DOCREC 3594/2007,DOCREC,3594,2007,INFORMA A LIBERAÇÃO DE RECURSOS FINANCEIROS DO FUNDO NACIONAL DE SAÚDE PARA PAGAMENTO DE FAEC AIH - TRANS- PLANTES COMP 07/2007 MUNICIPAL UF SP
347786,DOCREC 3738/2008,DOCREC,3738,2008,ENCAMINHA A V.EXA. OS BALANCETES E DEMONSTRATIVOS REFERENTES AO MÊS DE JULHO/2008.
348084,DOCREC 4040/2008,DOCREC,4040,2008,INFORMA LIBERAÇÃO DE RECURSOS FINANCEIROS DESTINADOS A GARANTIR A EXECUÇÃO DE PROGRAMAS DO FUNDO NACIONAL DE DESENVOLVIMENTO DA EDUCAÇÃO. (PNAE - FUNDAMENTAL)
348506,DOCREC 4474/2008,DOCREC,4474,2008,"REENCAMINHA OS DEMONSTRATIVOS DO RELATÓRIO RESUMIDO DA EXECUÇÃO ORÇAMENTÁRIA - RREO E DO RELATÓRIO DA GESTÃO FISCAL - RGF, REFERENTE AO 2º BIMESTRE/08 E 1º QUADRIMESTRE/08."
349176,DOCREC 5155/2008,DOCREC,5155,2008,"SOLICITA APRECIAÇÃO, AVALIAÇÃO E POSSÍVEIS ADEQUAÇÕES DE ALGUMAS QUESTÕES, LEVANDO EM CONSIDERAÇÃO A REALI DADE DO SERVIÇO DE ATENDIMENTO MÓVEL DE URGÊNCIA DA CIDADE DE SÃO PAULO."
349330,DOCREC 140/2009,DOCREC,140,2009,INFORMA A LIBERAÇÃO DE RECURSOS FINANCEIROS DO FUNDO NACIONAL DE SAÚDE PARA PAGAMENTO DE FAEC - REGULADORES DE ATIVIDADE HORMONAL - INIBIDORES DE PROLACTINA COMP 10/2008 MUNICIPAL UF SP.
349371,DOCREC 181/2009,DOCREC,181,2009,INFORMA A LIBERAÇÃO DE RECURSOS FINANCEIROS DO FUNDO NACIONAL DE SAÚDE PARA PAGAMENTO DE TETO FINANCEIRO DE VIGILÂNCIA EM SAÚDE - TFVS (EX-TFECD) COMP 10/2008 MUNICIPAL UF SP
349378,DOCREC 188/2009,DOCREC,188,2009,INFORMA A LIBERAÇÃO DE RECURSOS FINANCEIROS DO FUNDO NACIONAL DE SAÚDE PARA PAGAMENTO DE SERVIÇOS DE ATENDIMENTO MÓVEL ÀS URGÊNCIAS - SAMU 192 (MAC) COMP 10/2008 MUNICIPAL UF SP
349379,DOCREC 189/2009,DOCREC,189,2009,INFORMA A LIBERAÇÃO DE RECURSOS FINANCEIROS DO FUNDO NACIONAL DE SAÚDE PARA PAGAMENTO DE PROGRAMA DE ASSISTÊNCIA FARMACÊUTICA BÁSICA COMP 11/2008 MUNICIPAL UF SP
349380,DOCREC 190/2009,DOCREC,190,2009,INFORMA A LIBERAÇÃO DE RECURSOS FINANCEIROS DO FUNDO NACIONAL DE SAÚDE PARA PAGAMENTO DE SAÚDE BUCAL - SB COMP 11/2008 MUNICIPAL UF SP
349381,DOCREC 191/2009,DOCREC,191,2009,INFORMA A LIBERAÇÃO DE RECURSOS FINANCEIROS DO FUNDO NACIONAL DE SAÚDE PARA PAGAMENTO DE AGENTES COMUNITÁRIOS DE SAÚDE - ACS COMP 11/2008 MUNICIPAL UF SP
349382,DOCREC 192/2009,DOCREC,192,2009,INFORMA A LIBERAÇÃO DE RECURSOS FINANCEIROS DO FUNDO NACIONAL DE SAÚDE PARA PAGAMENTO DE SAÚDE DA FAMÍLIA - SF COMP 11/2008 MUNICIPAL UF SP
349383,DOCREC 193/2009,DOCREC,193,2009,INFORMA A LIBERAÇÃO DE RECURSOS FINANCEIROS DO FUNDO NACIONAL DE SAÚDE PARA PAGAMENTO DE CENTROS DE ESPECIALIDADES ODONTOLÓGICAS COMP 10/2008 MUNICIPAL UF SP
349384,DOCREC 194/2009,DOCREC,194,2009,INFORMA A LIBERAÇÃO DE RECURSOS FINANCEIROS DO FUNDO NACIONAL DE SAÚDE PARA PAGAMENTO DE FAEC - NEFROLOGIA COMP 08/2008 MUNICIPAL UF SP
349423,DOCREC 233/2009,DOCREC,233,2009,INFORMA A CELEBRAÇÃO DO CONVÊNIO Nº 700124/2008 SEDH-PR ENTRE A UNIÃO POR MEIO DA SECRETARIA ESPECIAL DOS DIREITOS HUMANOS DA PRESIDÊNCIA DA REPÚBLICA E A ASSOCIAÇÃO AGÊNCIA BRASIL DE SEGURANÇA - ABS
349424,DOCREC 234/2009,DOCREC,234,2009,"PRORROGAÇÃO DE VIGÊNCIA DE CONTRATO DE REPASSE DE RECURSOS DO ORÇAMENTO GERAL DA UNIÃO - OGU E DO BANCO INTERNACIONAL PARA RECONSTRUÇÃO E DESENVOLVI- MENTO - BIRD, ENTRE A CEF E O MUNICÍPIO DE SÃO PAULO"
349627,DOCREC 451/2009,DOCREC,451,2009,INFORMA A LIBERAÇÃO DE RECURSOS FINANCEIROS DO FUNDO NACIONAL DE SAÚDE PARA PAGAMENTO DE HIV/AIDS -FÓRMULA INFANTIL ADICIONAL COMP 01/2009 MUNICIPAL UF SP
349628,DOCREC 452/2009,DOCREC,452,2009,INFORMA A LIBERAÇÃO DE RECURSOS FINANCEIROS DO FUNDO NACIONAL DE SAÚDE PARA PAGAMENTO DE INCENTIVO PARA CASA DE APOIO HIV-AIDS COMP 01/2009 UF SP
349629,DOCREC 453/2009,DOCREC,453,2009,INFORMA A LIBERAÇÃO DE RECURSOS FINANCEIROS DO FUNDO NACIONAL DE SAÚDE PARA PAGAMENTO DE FAEC - NEFROLOGIA COMP 12/2008 MUNICIPAL UF SP
349630,DOCREC 454/2009,DOCREC,454,2009,INFORMA A LIBERAÇÃO DE RECURSOS FINANCEIROS DO FUNDO NACIONAL DE SAÚDE PARA PAGAMENTO DE PROGRAMA FARMÁCIA POPULAR DO BRASIL COMP 01/2009 MUNICIPAL UF SP
349631,DOCREC 455/2009,DOCREC,455,2009,INFORMA A LIBERAÇÃO DE RECURSOS FINANCEIROS DO FUNDO NACIONAL DE SAÚDE P/ PAGAMENTO DE FAEC - COLETA/EXAME ANATOMO-PATOLÓGICO COLO UTERINO COMP 11/2008 MUNICI- PAL UF SP
349632,DOCREC 456/2009,DOCREC,456,2009,INFORMA A LIBERAÇÃO DE RECURSOS FINANCEIROS DO FUNDO NACIONAL DE SAÚDE P/ PAGAMENTO DE FAEC - CIRURGIA DO APARELHO CIRCULATÓRIO COMP 11/2008 MUNICIPAL UF SP
349633,DOCREC 457/2009,DOCREC,457,2009,"INFORMA A LIBERAÇÃO DE RECURSOS FINANCEIROS DO FUNDO NACIONAL DE SAÚDE PARA PAGAMENTO DE FAEC - CIRURGIA APARELHO DIGESTIVO, ÓRGÃOS ANEXOS E PAREDE ABDOMINAL COMP 11/2008 MUNICIPAL UF SP"
349634,DOCREC 458/2009,DOCREC,458,2009,INFORMA A LIBERAÇÃO DE RECURSOS FINANCEIROS DO FUNDO NACIONAL DE SAÚDE PARA PAGAMENTO DE FAEC - CENTRAL NACIONAL DE REGULAÇÃO DE ALTA COMPLEXIDADE (CNRAC) COMP 11/2008 MUNICIPAL UF SP
349635,DOCREC 459/2009,DOCREC,459,2009,"INFORMA A LIBERAÇÃO DE RECURSOS FINANCEIROS DO FUNDO NACIONAL DE SAÚDE P/ PAGAMENTO DE FAEC - TRANSPLANTES DE ÓRGÃOS, TECIDOS E CÉLULAS COMP 11/2008 MUNICIPAL UF SP"
349636,DOCREC 460/2009,DOCREC,460,2009,INFORMA A LIBERAÇÃO DE RECURSOS FINANCEIROS DO FUNDO NACIONAL DE SAÚDE PARA PAGAMENTO DE FAEC -ATENDIMENTO ACOMPANHAMENTO PSICOSSOCIAL COMP 11/2008 MUNICIPAL UF SP
349642,DOCREC 466/2009,DOCREC,466,2009,INFORMA A LIBERAÇÃO DE RECURSOS FINANCEIROS DO FUNDO NACIONAL DE SAÚDE PARA PAGAMENTO DE HIV/AIDS -FÓRMULA INFANTIL ADICIONAL COMP 12/2008 MUNICIPAL UF SP
349643,DOCREC 467/2009,DOCREC,467,2009,INFORMA A LIBERAÇÃO DE RECURSOS FINANCEIROS DO FUNDO NACIONAL DE SAÚDE P/ PAGAMENTO DE INCENTIVO ADICIONAL AO CEO COMP 02/2008 MUNICIPAL UF SP
349644,DOCREC 468/2009,DOCREC,468,2009,INFORMA A LIBERAÇÃO DE RECURSOS FINANCEIROS DO FUNDO NACIONAL DE SAÚDE PARA PAGAMENTO DE PROGRAMA DE ASSISTÊNCIA FARMACÊUTICA BÁSICA COMP 01/2009 MUNICIPAL UF SP
349645,DOCREC 469/2009,DOCREC,469,2009,INFORMA A LIBERAÇÃO DE RECURSOS FINANCEIROS DO FUNDO NACIONAL DE SAÚDE PARA PAGAMENTO DE INCENTIVO ADICIO- NAL AO CEO COMP 02/2008 MUNICIPAL UF SP
349646,DOCREC 470/2009,DOCREC,470,2009,INFORMA A LIBERAÇÃO DE RECURSOS FINANCEIROS DO FUNDO NACIONAL DE SAÚDE PARA PAGAMENTO DE TETO MUNICIPAL DA MEDIA E ALTA COMPLEXIDADE AMBULATORIAL E HOSPITALAR COMP 12/2008 MUNICIPAL UF SP
349647,DOCREC 471/2009,DOCREC,471,2009,INFORMA A LIBERAÇÃO DE RECURSOS FINANCEIROS DO FUNDO NACIONAL DE SAÚDE PARA PAGAMENTO DE SERVIÇOS DE ATEN- DIMENTO MÓVEL AS URGÊNCIAS - SAMU 192 (MAC) COMP 12/2008 MUNICIPAL UF SP
349648,DOCREC 472/2009,DOCREC,472,2009,INFORMA A LIBERAÇÃO DE RECURSOS FINANCEIROS DO FUNDO NACIONAL DE SAÚDE PARA PAGAMENTO DE CENTROS DE ESPECIALIDADES ODONTOLÓGICAS COMP 12/2008 MUNICIPAL UF SP
349649,DOCREC 473/2009,DOCREC,473,2009,INFORMA A LIBERAÇÃO DE RECURSOS FINANCEIROS DO FUNDO NACIONAL DE SAÚDE PARA PAGAMENTO DE TETO MUNICIPAL DA MEDIA E ALTA COMPLEXIDADE AMBULATORIAL E HOSPITALAR COMP 01/2009 MUNICIPAL UF SP
349650,DOCREC 474/2009,DOCREC,474,2009,INFORMA A LIBERAÇÃO DE RECURSOS FINANCEIROS DO FUNDO NACIONAL DE SAÚDE PARA PAGAMENTO DE CENTROS DE ESPE- CIALIDADES ODONTOLÓGICAS COMP 01/2009 MUNICIPAL UF SP
349651,DOCREC 475/2009,DOCREC,475,2009,INFORMA A LIBERAÇÃO DE RECURSOS FINANCEIROS DO FUNDO NACIONAL DE SAÚDE PARA PAGAMENTO DE SERVIÇOS DE ATEN- DIMENTO MÓVEL AS URGÊNCIAS - SAMU 192 (MAC) COMP 01/2009 MUNICIPAL UF SP
349655,DOCREC 479/2009,DOCREC,479,2009,"INFORMA CELEBRAÇÃO DE CONVÊNIO MTE/SPPE/CODEFAT Nº 57/2008, COM A ASSOCIAÇÃO BRASILEIRA PARA PREVENÇÃO DE ACIDENTES - ABPA."
349664,DOCREC 488/2009,DOCREC,488,2009,CELEBRAÇÃO DO CONVÊNIO Nº 118/2008 - SPM/PR
349665,DOCREC 489/2009,DOCREC,489,2009,"INFORMA A CELEBRAÇÃO DO TERMO DE PARCERIA 003/2008 SPDCA/SEDH/PR, ENTRE A UNIÃO, POR MEIO DA SECRETARIA ESPECIAL DOS DIREITOS HUMANOS DA PRESIDÊNCIA DA REPÚ- BLICA E O INSTITUTO WCF-BRASIL."
349668,DOCREC 492/2009,DOCREC,492,2009,CONTRATO CELEBRADO ENTRE O MUNICÍPIO DE SÃO PAULO E A CAIXA ECONÔMICA FEDERAL.
349669,DOCREC 493/2009,DOCREC,493,2009,CONTRATO CELEBRADO ENTRE O MUNICÍPIO DE SÃO PAULO E A CAIXA ECONÔMICA FEDERAL.
349845,DOCREC 676/2009,DOCREC,676,2009,CONTRATOS DE CONCESSÃO/SERVIÇOS DE TRANSPORTE COLETI- VO URBANO DE PASSAGEIROS POR ÔNIBUS/MUDANÇAS UNILATERAIS PELA ADMINISTRAÇÃO MUNICIPAL NOS CRITÉRIOS DE REMUNERAÇÃO.
349911,DOCREC 744/2009,DOCREC,744,2009,"ENCAMINHA O BALANÇO GERAL DA PREFEITURA DO MUNICÍPIO DE SÃO PAULO, REFERENTE AO EXERCÍCIO DE 2008 E O RELA TÓRIO TÉCNICO CONTÁBIL E DE GESTÃO FISCAL."
349962,DOCREC 797/2009,DOCREC,797,2009,"ENVIA CÓPIA DO BALANCETE FINANCEIRO, REFERENTE AO MÊS DO JANEIRO/2009."
349965,DOCREC 800/2009,DOCREC,800,2009,CRÉDITO DE RECURSOS FINANCEIROS - ORÇAMENTO GERAL DA UNIÃO.
349966,DOCREC 801/2009,DOCREC,801,2009,CRÉDITO DE RECURSOS FINANCEIROS - ORÇAMENTO GERAL DA UNIÃO.
349967,DOCREC 802/2009,DOCREC,802,2009,CRÉDITO DE RECURSOS FINANCEIROS - ORÇAMENTO GERAL DA UNIÃO.
349968,DOCREC 803/2009,DOCREC,803,2009,CRÉDITO DE RECURSOS FINANCEIROS - ORÇAMENTO GERAL DA UNIÃO.
349969,DOCREC 804/2009,DOCREC,804,2009,CRÉDITO DE RECURSOS FINANCEIROS - ORÇAMENTO GERAL DA UNIÃO.
349970,DOCREC 805/2009,DOCREC,805,2009,CRÉDITO DE RECURSOS FINANCEIROS - ORÇAMENTO GERAL DA UNIÃO.
349971,DOCREC 806/2009,DOCREC,806,2009,CRÉDITO DE RECURSOS FINANCEIROS - ORÇAMENTO GERAL DA UNIÃO
349972,DOCREC 807/2009,DOCREC,807,2009,CRÉDITO DE RECURSOS FINANCEIROS - ORÇAMENTO GERAL DA UNIÃO.
349973,DOCREC 808/2009,DOCREC,808,2009,CRÉDITO DE RECURSOS FINANCEIROS - ORÇAMENTO GERAL DA UNIÃO
349974,DOCREC 809/2009,DOCREC,809,2009,CRÉDITO DE RECURSOS FINANCEIROS - ORÇAMENTO GERAL DA UNIÃO.
349975,DOCREC 810/2009,DOCREC,810,2009,CRÉDITO DE RECURSOS FINANCEIROS - ORÇAMENTO GERAL DA UNIÃO
349976,DOCREC 811/2009,DOCREC,811,2009,CRÉDITO DE RECURSOS FINANCEIROS - ORÇAMENTO GERAL DA UNIÃO.
349977,DOCREC 812/2009,DOCREC,812,2009,CRÉDITO DE RECURSOS FINANCEIROS - ORÇAMENTO GERAL DA UNIÃO.
349978,DOCREC 813/2009,DOCREC,813,2009,CRÉDITO DE RECURSOS FINANCEIROS - ORÇAMENTO GERAL DA UNIÃO
349979,DOCREC 814/2009,DOCREC,814,2009,CRÉDITO DE RECURSOS FINANCEIROS - ORÇAMENTO GERAL DA UNIÃO
349980,DOCREC 815/2009,DOCREC,815,2009,CRÉDITO DE RECURSOS FINANCEIROS - ORÇAMENTO GERAL DA UNIÃO.
350026,DOCREC 861/2009,DOCREC,861,2009,CRÉDITO DE RECURSOS FINANCEIROS - ORÇAMENTO GERAL DA UNIÃO.
350030,DOCREC 865/2009,DOCREC,865,2009,"INFORMA A LIBERAÇÃO DE RECURSOS FINANCEIROS DESTINA- DOS A GARANTIR A EXECUÇÃO DE PROGRAMAS DO FUNDO NACIONAL DE DESENVOLVIMENTO DA EDUCAÇÃO, CONFORME A SEGUIR: ENTIDADE: PMSP PROGRAMA QUOTA PARCELA 001"
350031,DOCREC 866/2009,DOCREC,866,2009,"INFORMA A LIBERAÇÃO DE RECURSOS FINANCEIROS DESTINA- DOS A GARANTIR A EXECUÇÃO DE PROGRAMAS DO FUNDO NACIONAL DE DESENVOLVIMENTO DA EDUCAÇÃO, CONFORME A SEGUIR: ENTIDADE: PMSP PROGRAMA QUOTA PARCELA 013"
350033,DOCREC 868/2009,DOCREC,868,2009,CELEBRAÇÃO DE CONVÊNIO Nº 205/2008.
350255,DOCREC 1097/2009,DOCREC,1097,2009,DISTRATO DE TERMO DE COMPROMISSO.
350261,DOCREC 1103/2009,DOCREC,1103,2009,TÍTULO DE UTILIDADE PÚBLICA MUNICIPAL - PRESTAÇÃO DE CONTAS - EXERCÍCIO DE 2008
350394,DOCREC 1238/2009,DOCREC,1238,2009,SECRETARIA MUNICIPAL SAÚDE/FUNDO MUNICIPAL DE SAÚDE SMS/FMS - EDITAL/LOCAÇÃO DE VEÍCULOS
350418,DOCREC 1262/2009,DOCREC,1262,2009,"ENCAMINHA OS BALANCETES E DEMONSTRATIVOS REFERENTES AO MÊS DE JANEIRO, FEVEREIRO E MARÇO DE 2009."
350419,DOCREC 1263/2009,DOCREC,1263,2009,ENCAMINHA CÓPIA DO BALANCETE DO MÊS DE JANEIRO/2009.
350420,DOCREC 1264/2009,DOCREC,1264,2009,ENCAMINHA UMA CÓPIA DO BALANCETE DO MÊS DE FEVEREIRO/2009.
350424,DOCREC 1268/2009,DOCREC,1268,2009,ENCAMINHA O RELATÓRIO DE ATIVIDADES DESTE TRIBUNAL REFERENTE AO EXERCÍCIO DE 2008.
350496,DOCREC 1343/2009,DOCREC,1343,2009,"ENCAMINHA RELATÓRIOS DE ATIVIDADES REFERENTES AOS ME- SES DE JANEIRO, FEVEREIRO E MARÇO DE 2009 (PRIMEIRO TRIMESTRE), DOS SETORES DESTE TRIBUNAL."
352357,DOCREC 3257/2009,DOCREC,3257,2009,PMSP - ACOMPANHAMENTO - VERIFICAR SE O DISPOSITIVO LEGAL ESTABELECIDO NA LEI DE RESPONSABILIDADE FISCAL- LRF ESTÁ SENDO ATENDIDO PELA ENTIDADE FISCALIZADA - BIMESTRE ENCERRADO EM AGOSTO/2009
352658,DOCREC 3565/2009,DOCREC,3565,2009,ENCAMINHA RELATÓRIO DE ACOMPANHAMENTO ORÇAMENTÁRIO E FINANCEIRO DO 3º TRIMESTRE DE 2009.
352767,DOCREC 3676/2009,DOCREC,3676,2009,"ENVIO DE DOCUMENTOS DA COORDENARIA INCLUSÃO DIGITAL A CÂMARA MUNICIPAL,PELA SUPERVISÃO ADMINISTRATIVA DA SECRETARIA MUNICIPAL DE PARTICIPAÇÃO E PARCERIA."
356742,DOCREC 3976/2010,DOCREC,3976,2010,ENCAMINHA BALANCETE DO MÊS DE AGOSTO/2010.
356810,DOCREC 4045/2010,DOCREC,4045,2010,INFORMA A LIBERAÇÃO DE RECURSOS FINANCEIROS DO FUNDO NACIONAL DE SAÚDE PARA PAGAMENTO DE FAEC - CIRURGIA DO APARELHO CIRCULATÓRIO COMP 07/2010 MUNICIPAL UF SP
359931,DOCREC 1516/2011,DOCREC,1516,2011,"DENÚNCIA ADMINISTRATIVA CONTRA AÇÃO/OMISSÃO DO EXCELENTÍSSIMO SENHOR ALEXANDRE ALVES SCHNAIDER, SECRETÁRIO MUNICIPAL DE EDUCAÇÃO."
359938,DOCREC 1523/2011,DOCREC,1523,2011,"ENCAMINHA CÓPIAS DE ADITAMENTOS AOS CONVÊNIOS ASSINADOS ENTRE AS INSTITUIÇÕES (ONGS, FUNDAÇÕES, INSTITUTOS, ETC) E ESTA DIRETORIA REGIONAL DE EDUCA- ÇÃO, PARA CONHECIMENTO E APROVAÇÃO."
360008,DOCREC 1593/2011,DOCREC,1593,2011,ENCAMINHA COPIA DAS INFORMAÇÕES PRESTADAS PELOS ÓRGÃOS MUNICIPAIS COMPETENTES ACERCA DO PL 467/2010.
360009,DOCREC 1594/2011,DOCREC,1594,2011,ENCAMINHA COPIA DAS INFORMAÇÕES PRESTADAS PELOS ÓRGÃO COMPETENTES ACERCA DO PL 506/2010
360053,DOCREC 1641/2011,DOCREC,1641,2011,ENCAMINHA COPIAS DAS INFORMAÇÕES ACERCA DO PROJETO DE LEI Nº 518/2010
360054,DOCREC 1642/2011,DOCREC,1642,2011,ENCAMINHA COPIA DE INFORMAÇÕES ACERCA DO PROJETO DE LEI 418/2010.
360055,DOCREC 1643/2011,DOCREC,1643,2011,ENCAMINHA COPIA DAS INFORMAÇÕES ACERCA DO PROJETO DE LEI 465/2010
360056,DOCREC 1644/2011,DOCREC,1644,2011,ENCAMINHA COPIA DAS INFORMAÇÕES ACERCA DO PROJETO DE LEI 466/2010.
360061,DOCREC 1649/2011,DOCREC,1649,2011,"EM ATENDIMENTO AO PEDIDO REFERENTE AO PROJETO DE LEI 437/2010, ESCLARECE QUE AL DENOMINAÇÃO PROPOSTA INCIDE EM HOMONIMIA."
360065,DOCREC 1653/2011,DOCREC,1653,2011,ENCAMINHA A MANIFESTAÇÃO DA SECRETARIA MUNICIPAL DE COORDENAÇÃO DAS SUBPREFEITURAS RELATIVAMENTE AO PROJETO DE LEI 825/2007.
360104,DOCREC 1692/2011,DOCREC,1692,2011,TRANSMITE COPIA DAS MANIFESTAÇÕES DOS ÓRGÃOS COMPETENTES DA PREFEITURA ACERCA DO PROJETO DE LEI Nº 384/2010 DE AUTORIA DO VEREADOR PAULO FRANGE
360105,DOCREC 1693/2011,DOCREC,1693,2011,ENCAMINHA COPIA DA MANIFESTAÇÃO DA SECRETARIA MUNICIPAL DE FINANÇAS CONTENDO AS INFORMAÇÕES RELATIVAS AO PROJETO DE LEI 65/2010.
360121,DOCREC 1709/2011,DOCREC,1709,2011,TÍTULO DE UTILIDADE PÚBLICA MUNICIPAL - PRESTAÇÃO DE CONTAS DO EXERCÍCIO DE 2010
360123,DOCREC 1711/2011,DOCREC,1711,2011,"ENVIO DE DOCUMENTOS DA COORDENADORIA DE ATENÇÃO ÀS DROGAS - CDR À CÂMARA MUNICIPAL, PELA SUPERVISÃO ADMINISTRATIVA DA SECRETARIA MUNICIPAL DE PARTICIPAÇÃO E PARCERIA."
360146,DOCREC 1734/2011,DOCREC,1734,2011,ENCAMINHA COPIA DAS MANIFESTAÇÕES DOS ÓRGÃOS MUNICIPAIS COMPETENTES ACERCA DO PL 175/2011
360150,DOCREC 1738/2011,DOCREC,1738,2011,"TRANSMITE POR COPIA AS INFORMAÇÕES PRESTADAS PELA SECRETARIA MUNICIPAL DE HABITAÇÃO, A RESP. DO PROCESSO E PROVIDENCIA REL. A PEDIDO ALVARA DE APROV EXEC.EDIFIC.PARA INSTAL.SHOP.CENTER-VILA MADALENA"
360151,DOCREC 1739/2011,DOCREC,1739,2011,"ENCAMINHA COPIA DA MANIFESTAÇÃO DA SECRETARIA MUNICIPAL DO VERDE E DO MEIO AMBIENTE, ESCLARECENDO NÃO HAVER REGISTRO DE PLANTIO DE ÁRVORES EM PLATAFORMAS SUSPENSAS S/ O LEITO RIO TAMANDUATEI"
360152,DOCREC 1740/2011,DOCREC,1740,2011,ENCAMINHA COPIA DAS INFORMAÇÕES PRESTADAS PELA SUBPREFEITURA DE ITAQUERA ACERCA DOS FATOS RELATADOS EM NOTICA DO JORNAL AGORA(PROLIFERAÇÃO DE ESCORPIÕES EM ESCOLA QUE ESPECIFICA)
360153,DOCREC 1741/2011,DOCREC,1741,2011,ENCAMINHA COPIA DAS INFORMAÇÕES FORNECIDAS PELA SECRETARIA MUNICIPAL DO VERDE E DO MEIO AMBIENTE A RESPEITO DE NOTICIAS DIVULGADAS PELA IMPRENSA RELAT A INSPEÇÃO VEICULAR AMBIENTAL
360166,DOCREC 1754/2011,DOCREC,1754,2011,"TRANSMITE, POR CÓPIA, AS MANIFESTAÇÕES E OS DEMAIS ELEMENTOS OBTIDOS PERANTE OS ÓRGÃOS TÉCNICOS COMPETENTES DO EXECUTIVO RELACIONADOS AO PL 169/2011"
360167,DOCREC 1755/2011,DOCREC,1755,2011,"REMETE COPIA REPROGRÁFICA DAS INFORMAÇÕES PRESTADAS PELOS ÓRGÃOS MUNICIPAIS COMPETENTES, RELATIVAMENTE AO PL 36/2011"
360170,DOCREC 1758/2011,DOCREC,1758,2011,ENCAMINHA COPIA DAS MANIFESTAÇÕES DOS ÓRGÃOS COMPETENTES DESTA PREFEITURA ACERCA DO PL 128/2011
360177,DOCREC 1765/2011,DOCREC,1765,2011,ENCAM INHA COPIA DAS INFORMAÇÕES PRESTADAS PELA SECRETARIA MUNICIPAL DE TRANSPORTES ACERCA DE SUPOSTO CONFLITO ENVOLVENDO FISCAIS DA SPTRANS E FUNCIONÁRIOS DE EMPRESA DE ONIBUS.
360179,DOCREC 1767/2011,DOCREC,1767,2011,REMETE COPIA REPROGRÁFICA DAS INFORMAÇÕES PRESTADAS PELOS ÓRGÃOS MUNICIPAIS COMPETENTES RELATIVAMENTE AO PROJETO DE LEI 187/2011
360180,DOCREC 1768/2011,DOCREC,1768,2011,ENCAMINHA COPIA DAS MANIFESTAÇÕES DOS ÓRGÃOS MUNICIPAIS COMPETENTES RELATIVO AO PROJETO DE LEI Nº 542/2010
360185,DOCREC 1773/2011,DOCREC,1773,2011,"ENCAMINHA COPIA DO RELATÓRIO DA ADMINISTRAÇÃO SOBRE OS NEGOCIOS SOCIAIS E OS PRINCIPAIS FATOS ADMINISTRATIVOS DO EXERCICIO FINDO E DE OUTROS DEMONSTRATIVOS E PARECERES, FORNEC PELA -CIA.SPP."
360186,DOCREC 1774/2011,DOCREC,1774,2011,ENCAMINHA COPIA DAS INFORMAÇÕES DA SECRETARIA MUNICIPAL DE SAÚDE A RESPEITO DA AQUISIÇÃO DOS MEDICAMENTOS RITALINA E CONCERTA.
360187,DOCREC 1775/2011,DOCREC,1775,2011,"TRANSMITE COPIA DOS CONTRATOS DE PRESTAÇÃO DE SERVIÇO CELEBRADOS PELAS SECRETARIAS MUNICIPAIS DE EDUCAÇÃO, DO VERDE E MEIO AMBIENTE, DE SERVIÇOS E ASSISTENCIA E DESENVOL. SOCIAL COM A COOPERSEMO."
360188,DOCREC 1776/2011,DOCREC,1776,2011,"ESCLARECE INFORMAÇÕES RELATIVAMENTE AO PL Nº 510/2010,"
360193,DOCREC 1781/2011,DOCREC,1781,2011,CONSULTA SOBRE A POSSIBILIDADE DE EVENTUAL DELIMITAÇÃO E PARTICULARIZAÇÃO DAS SITUAÇÕES OBJETO DE QUESTIONAMENTO QUE O NOBRE VEREADOR AURELIO NOMURA DESEJA ESCLARECIDAS CONFORME OFICIO SGP.15 127/2011.
360201,DOCREC 1789/2011,DOCREC,1789,2011,"ENCAMINHA COPIA REPROGRAFICA DAS INFORMAÇÕES PRESTADAS PELOS ÓRGÃOS COMPETENTES DESTA PREFEITURA, A RESPEITO DAS ÁREAS DE RISCO NO MUNICÍPIO DE SÃO PAULO"
360205,DOCREC 1793/2011,DOCREC,1793,2011,"ESCLARECE QUE FOI EDITADO O DECRETO Nº 52.385, DE 03 DE JUNHO DE 2011, QUE AUTORIZA A EXPEDIÇÃO DE 1.200 (MIL E DUZENTOS) NOVOS ALVARÁS DE ESTACIONAMENTO DE TÁXI, NA CATEGORIA COMUM, PARA PESSOA FISICA ..."
360209,DOCREC 1797/2011,DOCREC,1797,2011,"TRANSMITE POR COPIA A MANIFESTAÇÃO DA SECRETARIA MUNICIPAL DE ESPORTES, LAZER E RECREAÇÃO RELATIVO AO SUBSTITUTIVO DO PROJETO DELEI Nº 101/07"
360210,DOCREC 1798/2011,DOCREC,1798,2011,"ENCAMINHA COPIA DAS ATAS DAS REUNIÕES REALIZADAS PELOS CONSELHOS DE ADMINISTRAÇÃO DA CIA DE ENGENHARIA DE TRÁFEGO-CET, DA SÃO PAULO TURISMO S/A- SPTURIS, DA SPTRANS, PRODAM, DA SÃO PAULO URBANISMO-SP E DA SPP."
360211,DOCREC 1799/2011,DOCREC,1799,2011,"APRESENTAÇÃO DE RELATÓRIOS MENSAIS DE DADOS COLETADOS PELO SISTEMA DE CONTROLE, FISCALIZAÇÃO, GERENCIAMENTO E GESTÃO DE TRANSPORTE COLETIVO, RELATIVOS AO PERÍODO DE JULHO DE 2010 A FEVEREIRO DE 2011."
360233,DOCREC 1821/2011,DOCREC,1821,2011,ENCAMINHA COPIA DAS INFORMAÇÕES OFERECIDAS PELA SECRETARIA MUNICIPAL DE INFRAESTRUTURA URBANA E OBRAS RELATIVA AO PL 23/11.
360245,DOCREC 1833/2011,DOCREC,1833,2011,TRANSMITE POR COPIA OS PRONUNCIAMENTOS E DEMAIS ELEMENTOS INFORMATIVOS PERANTE OS ORGAOS TECNICOS COMPETENTES DO EXECUTIVO SOBRE O PL 130/11
360280,DOCREC 1869/2011,DOCREC,1869,2011,"EM ATENÇÃO AO REQUERIMENTO DO VER.AURELIO NOMURA, ESCLARECE QUE OS DADOS PERTINENTES JÁ FORAM ENCAMIMHADOS A ESSA EGREGIA CAMARA POR MEIO DO OF.ATL 100/11-C DE 26-04-2011 (COPIA ANEXA)"
360281,DOCREC 1870/2011,DOCREC,1870,2011,"ENCAMINHA COPIA REPROGRAFICA DAS INFORMAÇÕES PRESTADAS PELA SECRET. MUN. SAÚDE, CONTENDO A RELAÇÃO DE PAGAMENTOS DO CONTRATO DE GESTÃO 16/2009-NTCSS-SMS -G, REF. A ORGANIZ.SOCIAL STA.CASA DE MISERICORDIA."
360282,DOCREC 1871/2011,DOCREC,1871,2011,ENCAMINHA COPIA DAS INFORMAÇÕES FORNECIDAS PELA SECRETARIA MUNICIPAL DE DESENVOLVIMENTO ECONOMICO E DO TRABALHO A RESPEITO DA CONSTRUÇÃO DO ESTADIO DO CORINTHIANS.
360285,DOCREC 1874/2011,DOCREC,1874,2011,"ENCAMINHA COPIA DAS INFORMAÇÕES PRESTADAS PELA SECRETARIA MUNICIPAL DE TRANSPORTE ATINENTES À ATUAÇÃO FISCALIZADORA NO AMBITO DE APLICAÇÃO DO RESAM -REGULAMENTO DE SANÇÕES E MULTAS, PORTARIA 168-07-SMT"
360288,DOCREC 1877/2011,DOCREC,1877,2011,ENCAMINHA COPIA DAS INFORMAÇÕES OFERECIDAS PELAS SECRETARIA MUNICIPAL DE EDUCAÇÃO REFERENTES AO PROJETO DE LEI 35/10
360293,DOCREC 1882/2011,DOCREC,1882,2011,TRANSMITE POR COPIA MANIFESTAÇÃO E DEMAIS ELEMENTOS INFORMATIVOS OBTIDOS NA SECRETARIA EXECUTIVA DE COMUNICAÇÃO -SECOM REFERENTE AO PL 562/2010.
360300,DOCREC 1889/2011,DOCREC,1889,2011,"TRANSMITE, POR CÓPIA, OS PRONUNCIAMENTOS EXARADOS ACERCA DA MATERIA TRATADA NO PROJETO DE LEI 109/07"
360301,DOCREC 1890/2011,DOCREC,1890,2011,ENCAMINHA COPIA DAS MANIFESTAÇÕES DOS ORGAOS COMPETENTES DA PREFEITURA ACERCA DO PL Nº 832/07
360311,DOCREC 1900/2011,DOCREC,1900,2011,ENCAMINHA COPIA REPROGRAFICA DAS INFORMAÇÕES PRESTADAS PELA SECRETARIA MUN. COORDENAÇÃO DAS SUBPREF.A RESPEITO DAS CONSIDERAÇÕES CONSTANTES DO OF 03/2011 SUBSCR. P/ PRES.DO SINDICATO VEND.JORNAIS REV
360312,DOCREC 1901/2011,DOCREC,1901,2011,ENCAMINHA COPIA DOS PONUNCIAMENTOS DOS ÓRGÃOS COMPETENTES DESTA PREFEITURA ACERCA DO PL 571/05
360317,DOCREC 1906/2011,DOCREC,1906,2011,"ENCAMINHA INFORMAÇÕES REPORTANDO AOS OFÍCIOS EPIGRAFADOS A SECRETARIA MUNICIPAL DE PARTICIPAÇÃO E PARCERIA, A RESPEITO A ATUAÇÃO DO CMDCA E DOS CONVÊNIOS CELEBRADOS COM RECURSOS DO FUMCAD."
360318,DOCREC 1907/2011,DOCREC,1907,2011,"ENCAMINHA CÓPIA DAS INFORMAÇÕES FORNECIDAS PELA SECRETÁRIA MUNICIPAL DE HABITAÇÃO, RELATIVAS AO FUNDO MUNICIPAL DE SANEAMENTO AMBIENTAL E INFRAESTRUTURA."
360329,DOCREC 1918/2011,DOCREC,1918,2011,"ENCAMINHA CÓPIA DAS INFORMAÇÕES FORNECIDAS PELA SMT, RELATIVAS ÀS REGRAS ESTABELECIDAS PARA O SORTEIO DE NOVOS ALVARÁS DE ESTACIONAMENTO DE TÁXI, SOLICITADA PELA COMISSÃO DE TRÂNSITO."
360330,DOCREC 1919/2011,DOCREC,1919,2011,"ENCAMINHA CÓPIA DAS INFORMAÇÕES FORNECIDAS PELA SMH RELATIVAS AS VISTORIAS LOCALIZADAS NO PLAYCENTER, POR OCASIÃO DE ACIDENTE OCORRIDO NAQUELE PARQUE, SOLICITADA PELA COMISSÃO DE TRÂNSITO"
360342,DOCREC 1931/2011,DOCREC,1931,2011,ENCAMINHA COPIA DA MANIFESTAÇÃO DOS ÓRGÃOS COMPETENTE ACERCA DO PL 201/2011
360343,DOCREC 1932/2011,DOCREC,1932,2011,ENCAMINHA COPIA DA MANIFESTAÇÃO PRESTADA PELO ÓRGÃO COMPETENTE ACERCA DO PL 55/11
360344,DOCREC 1933/2011,DOCREC,1933,2011,"ENCAMINHA ANEXAS COPIAS, CONTENDO INFORMAÇÕES ESCLARECENDO NÃO HAVER ESTUDOS SOBRE A EXTINÇÃO DA FUNÇÃO DE COBRADOR, E ENCAMINHANDO CÓPIA DO RELATORIO PRELIMINAR DO GRUPO EXEC.RED.ACID.TRANSP-PRAT (ABOU A"
360346,DOCREC 1935/2011,DOCREC,1935,2011,ENCAMINHA COPIA DAS INFORMAÇÕES E DOCUMENTOS RELATIVOS AOS CONVENIOS CELEBRADOS ENTRE ORGÃOS DESTA PREFEITURA E DO GOVERNO FEDERAL -(VER. CARLOS NEDER)
360348,DOCREC 1937/2011,DOCREC,1937,2011,"COMUNICA QUE OS PRONUNCIAMENTOS REFERENTES AO PL 200/11, SÃO CONTRÁRIOS À APROVAÇÃO DA PROPOSITURA, POR SE TRATAR A ÁREA NELA APONTADA DE SERVIDÃO DE PASSAGEM ABERTA EM ÁREA PARTICULAR."
360349,DOCREC 1938/2011,DOCREC,1938,2011,"ENCAMINHA A ESSA PRESIDÊNCIA, POR CÓPIA, DOCUMENTOS E INFORMAÇÕES PRESTADAS PELA SECRETARIA MUNICIPAL DE PLANEJAMENTO, ORÇAMENTO E GESTÃO,REFERENTE AO SISTEMA DE CONSIGNAÇÕES EM FOLHA DE PAGAM.SERVIDORES PÚBL.MUN"
360353,DOCREC 1942/2011,DOCREC,1942,2011,"TRANSMITE, POR CÓPIA, OS INFORMES FORNECIDOS PELO DEPARTAMENTO DE CADASTRO SETORIAL-CASE, DA SECRETARIA MUNICIPAL DE HABITAÇÃO RELACIONADOS AO PL 19/11"
360354,DOCREC 1943/2011,DOCREC,1943,2011,ESCLARECE QUE A PROPOSITURA -PL 488/10 - ESTÁ ALCANÇADA PELOS EFEITOS DA DECISÃO JUDICIAL QUE CONCEDEU TUTELA ANTECIPADA NOS AUOS DE AÇÃO CIVIL PUBLICA PROCESSO 053.07.116907-0-10A. VARA FAZENDA PU
360355,DOCREC 1944/2011,DOCREC,1944,2011,ENCAMINHA OS RELATÓRIOS FINANCEIROS DO MÊS DE JUNHO/ 2011.
360356,DOCREC 1945/2011,DOCREC,1945,2011,"ENCAMINHA COPIA DAS INFORMAÇÕES PRESTADAS PELOS ÓRGÃOS MUNICIPAIS COMPETENTES, A RESPEITO DAS PESSOAS DESIGNADAS P/ADOÇÃO DE PROVID.VISANDO REALIZAÇÃO DO PROGRAMA MUNIC.PARC.PUBL.-PRIV.NA AREA DA SAUDE"
360357,DOCREC 1946/2011,DOCREC,1946,2011,"TRANSMITE, POR CÓPIA, AS MANIFESTAÇÕES E INFORMAÇÕES PRESTADAS PELOS ÓRGÃOS TÉCNICOS COMPETENTES DA PREFEITURA, RELATIVAS AO PL 320/11"
360358,DOCREC 1947/2011,DOCREC,1947,2011,ENCAMINHA COPIA DAS INFORMAÇÕES PRESTADAS PELOS ÓRGÃO MUNICIPAIS COMPETENTES ACERCA DO PL 47/11
360359,DOCREC 1948/2011,DOCREC,1948,2011,"ENCAMINHA COPIA DAS INFORMAÇÕES DA SECRETARIA MUNICIPAL DE SAÚDE SOBRE CONTRATAÇÕES REALIZADAS COM INEXIGIBILIDADE DE LICITAÇÃO, RELATIVAMENTE ÀS EMPRESAS ESPECIFICADAS PELO PARLAMENTAR(CARLOS NEDER)"
360362,DOCREC 1951/2011,DOCREC,1951,2011,"ENCAMINHA PRONUNCIAMENTO DA SECRETARIA MUN.DE PLANEJ. ORÇAMENO E GESTÃO, COM INFORMAÇÕES RELATIVAS AO CUMPRIMENTO DA LEI 14.173/2006, QUE ESTAB.INDICAD.DE DESEMP.REL.QUALID.SERVIÇOS PUBLICOS(AURELIO MIGUEL)"
360415,DOCREC 2004/2011,DOCREC,2004,2011,"ENCAMINHA MANIFESTAÇÃO DA SPOBRAS COM INFORMAÇÕES RELATIVAS À IMPLANTAÇÃO DO PROJETO DE RECONVERSÃO URBANA DO LARGO DA BATATA, SOLICITADAS PELA COMISSÃO DE TRÂNSITO."
360416,DOCREC 2005/2011,DOCREC,2005,2011,"ENCAMINHA INFORMAÇÕES DA SEC. MUNIC. DE COORDENAÇÃO DAS SUBPREFEITURAS APROVADAS PELA SUBCOMISSÃO DA DA FEIRA DA MADRUGA, CRIADA NO ÂMBITO DA COMISSÃO DE CONSTITUIÇÃO, JUSTIÇA E PARTICIPAÇÃO LEGISLATIVA."
360417,DOCREC 2006/2011,DOCREC,2006,2011,"ENCAMINHA INFORMAÇÕES DA SECRETARIA MUNICIPAL DE DE TRANSPORTES SOBRE RELATÓRIO MENSAL DOS DADOS COLETADOS PELO SISTEMA DE CONTROLE, FISCALIZAÇÃO, GERENCIAMENTO E GESTÃO, APROVADAS P/ COM. DE TRÂNSITO"
360436,DOCREC 2025/2011,DOCREC,2025,2011,"ENCAMINHA INFORMAÇÕES SOLICITADAS PELO VEREADOR CLAUDIO FONSECA, APROVADA PELA COMISSÃO DE EDUCAÇÃO, CULTURA E ESPORTES, REFERENTE A INSTALAÇÃO DE PROCEDIMENTO DISCIPLINAR."
360454,DOCREC 2044/2011,DOCREC,2044,2011,ENCAMINHA INFORMAÇÕES À COMISSÃO DE TRÂNSITO
360467,DOCREC 2057/2011,DOCREC,2057,2011,
360468,DOCREC 2058/2011,DOCREC,2058,2011,PJHURB DO MPESP SOLICITA AO PRESIDENTE DA CCJLP INFORMAÇÕES SOBRE AS PROVIDÊNCIAS ADOTADAS COM RELAÇÃO AO CONTIDO NO OFÍCIO PJHURB Nº1847/11 EM 30 DIAS.
360479,DOCREC 2069/2011,DOCREC,2069,2011,"CÓPIA DO PROCESSO ADMINISTRATIVO Nº 2010-0.005.304-7, ENCAMINHADA À COMISSÃO DE ADMINISTRAÇÃO PÚBLICA."
360485,DOCREC 2075/2011,DOCREC,2075,2011,ENCAMINHA INFORMAÇÕES CUJO PEDIDO FOI APROVADO PELA COMISSÃO DE TRÂNSITO SOBRE AÇÕES PARA REGULARIZAÇÃO DE LINHA DE ÔNIBUS 178Y/10 E 1720/10.
360486,DOCREC 2076/2011,DOCREC,2076,2011,ENCAMINHA INFORMAÇÕES PEDIDAS PELA COMISSÃO DE TRANS. SOBRE O PLANO MUNICIPAL DE MOBILIDADE URBANA.
360492,DOCREC 2082/2011,DOCREC,2082,2011,ENCAMINHA INFORMAÇÃO SOBRE O DESATENDIMENTO DE CONDIÇÕES VINCULADAS À REALIZAÇÃO DAS OBRAS DO COMPLEXO DA NOVA MARGINAL DO TIETÊ.PEDIDO FEITO PELA COMISSÃO DE TRÂNSITO.
360494,DOCREC 2084/2011,DOCREC,2084,2011,"ENCAMINHA INFORMAÇÃO SOBRE PL 441/2011, PEDIDO APROVADO PELA CCJLP."
360498,DOCREC 2088/2011,DOCREC,2088,2011,"ENCAMINHA RESPOSTA À COMISSÃO DE TRÂNSITO SOBRE PEDIDO DE INFORMAÇÃO RELATIVO ÀS LINHAS 3790,312N E 3064/41 DO SISTEMA DE TRANSPORTE COLETIVO DA CIDADE."
360499,DOCREC 2089/2011,DOCREC,2089,2011,"ENCAMINHA INFORMAÇÃO SOBRE A RUA CAPITÃO-MOR AGUIAR ALTERO E PRAÇA CAPITÃO-MOR BOTAFOGO,PEDIDO APROVADO POR ADM. REQUERIMENTO DO VER. ELISEU GABRIEL"
360508,DOCREC 2098/2011,DOCREC,2098,2011,ENCAMINHA RESPOSTA AO REQUERIMENTO DO VER. CARLOS NEDER APROVADO NO ÂMBITO DA COMISSÃO DE ADMINISTRAÇÃO PÚBLICA RELATIVA A REGULAMENTAÇÃO E APLICAÇÃO DA LEI Nº 13.712/04.
360509,DOCREC 2099/2011,DOCREC,2099,2011,"ENCAMINHA INFORMAÇÃO SOBRE O PL 464/11, PEDIDO APROVADO NA CCJLP."
360510,DOCREC 2100/2011,DOCREC,2100,2011,"ENCAMINHA INFORMAÇÃO SOBRE O PL 475/11, PEDIDO APROVADO PELA CCJLP."
360512,DOCREC 2102/2011,DOCREC,2102,2011,ENCAMINHA CÓPIA DAS INFORMAÇÕES PRESTADAS PELA SEC. MUNICIPAL DE CULTURA ACERCA DA DIVULGAÇÃO DA DELIBERAÇÃO RELATIVA AO PROCESSO DE TOMBAMENTO DO CINE BELAS ARTES E DAS OBRAS NO PQ. DA ÁGUA BRANCA
360513,DOCREC 2103/2011,DOCREC,2103,2011,"ENCAMINHO A COPIA DAS INFORMAÇÕES PRESTADAS PELA SECRETARIA MUNICIPAL DE TRANSPORTES, COM OS ESCLARECIMENTOS SOLICITADOS ACERCA DA LICITAÇÃO DO TRANSPORTE ESCOLAR GRATUITO - TEG."
360515,DOCREC 2105/2011,DOCREC,2105,2011,ENCAMINHAMENTO DE CÓPIA DAS INFORMAÇÕES PRESTADAS PELA SEC MUN DE TRANSPORTES A RESPEITO DA MUDANÇA DE ITINERÁRIO DA LINHA 351F/10 - JAÇANÃ/TERMINAL VILA CARRÃO E RELATÓRIOS COM LAUDOS DE INSPEÇÃO VEICULAR.
360516,DOCREC 2106/2011,DOCREC,2106,2011,"ENCAMINHAMENTO DE COPIA DAS CERTIDOES DE DIRETRIZES FORNECIDAS PELA SECR. MUN. DE TRANSPORTES, RELATIVAS AOS POLOS GERADORES DE TRÁFEGO, EMITIDAS NO PERÍODO DE JANEIRO DE 2008 ATÉ SETEMBRO DE 2011."
360525,DOCREC 2115/2011,DOCREC,2115,2011,ENCAMINHA INFORMAÇÕES À COMISSÃO DE TRÂNSITO SOBRE RECURSOS RELATIVOS À EXTRAÇÃO DE PETRÓLEO NO PRÉ SAL.
360535,DOCREC 2125/2011,DOCREC,2125,2011,"INFORMA QUE A SEC MUN DE NEGÓCIOS JURÍDICOS ESTÁ FAZENDO ESTUDOS CONCERNENTES À ÁREA EM QUE SE SITUA O LOGRADOURO QUE A PL Nº398/2010 TRATA E QUE, APÓS A FINALIZAÇÃO DELES, AS CONCLUSÕES SERÃO ENVIADAS."
360538,DOCREC 2128/2011,DOCREC,2128,2011,ENCAMINHA MANIFESTAÇÃO DO DEPARTAMENTO DE CADASTRO SETORIAL - CASE/SEHAB ACERCA DO PROJETO DE LEI Nº504/ 2009 QUE DENOMINA LOGRADOURO PÚBLICO.
360539,DOCREC 2129/2011,DOCREC,2129,2011,"ENCAMINHA SUBSÍDIOS À COMISSÃO DE CONST. E JUSTIÇA ACERCA DO PL Nº 437/2011, QUE ALTERA A DENOMINAÇÃO DO CEI CASA VERDE PARA CENTRO DE EDUCAÇÃO INFANTIL CASA VERDE - WALTER ABRAHÃO."
360541,DOCREC 2131/2011,DOCREC,2131,2011,"ENCAMINHA SUBSÍDIOS À COMISSÃO DE CONST. E JUSTIÇA REF AO PL Nº 476/2011QUE DENOMINA ""PRAÇA ANTÔNIO CARLOS DONÓFRIO"" A PRAÇA INONIMADA LOCALIZADA NA RUA AMÉRICO GOMES DA COSTA EM SÃO MIGUEL PTA."
360543,DOCREC 2133/2011,DOCREC,2133,2011,"ENCAMINHA CÓPIA DO PRONUNCIAMENTO DO ÓRGÃO COMPETENTE DA PREFEITURA, CONCERNETE À INDAGAÇÃO SOBRE NOTÍCIAS DE UTILIZAÇÃO DE SUBSTÂNCIAS CANCERÍGENAS NA INDÚSTRIA E COMÉRCIO DE ALIMENTOS."
360544,DOCREC 2134/2011,DOCREC,2134,2011,"ENCAMINHA INFORMAÇÕES PRESTADAS À COM DE ADM PÚBLICA PELA SECRETARIA MUN DE PLANEJAMENTO, ORÇAMENTO E GESTÃO, A RESPEITO DOS SRS. JOÃO BATISTA RIZEK, MÁRCIO CIDADE GOMES E REINALDO NOBURO SATO."
360545,DOCREC 2135/2011,DOCREC,2135,2011,"ENCAMINHA SUBSÍDIOS À COMISSÃO DE CONSTITUIÇÃO, JUST. E LEGISLAÇÃO PARTICIPATIVA ACERCA DO PL Nº297/1999, QUE EXCLUI DA ZONA DE USO Z1-014 TRECHO DA AVENIDA GIOVANI GRONCHI, NO DISTRITO DO MORUMBI."
360546,DOCREC 2136/2011,DOCREC,2136,2011,"ENCAMINHA SUBSÍDIOS À COM DE CONST, JUST E LEGISLAÇÃO PARTICIPATIVA ACERCA DO PL Nº311/2011, QUE ALTERA O QUADRO Nº10 E O MAPA Nº01 REFERIDOS NO PARÁGRAFO 2º DO ART. 145 E ANEXOS À LEI Nº13885 DE 25/AGOSTO/04."
360547,DOCREC 2137/2011,DOCREC,2137,2011,"ENCAMINHA À COM DE CONST, JUST E LEG PARTICIPATIVA MANIFESTAÇÃO DE ÓRGÃOS COMPETENTES DA PMSP ACERCA DO PL Nº442/2011, QUE ALTERA DENOMINAÇÃO DE LOGRADOURO."
360548,DOCREC 2138/2011,DOCREC,2138,2011,"ENCAMINHA À COM DE TRANSITO, TRANSP E ATIV ECONÔMICA INFORMAÇÕES SOBRE A LICITAÇÃO PARA CONTRATAÇÃO DE SERVIÇOS TÉCNICOS DE MANUTENÇÃO, AMPLIAÇÃO E REMODELAÇÃO DE ILUMINAÇÃO PÚBLICA DA CIDADE DE SP."
360549,DOCREC 2139/2011,DOCREC,2139,2011,ENCAMINHA À SUBCOMISSÃO DAS OUTORGAS ONEROSAS DA COMISSÃO DE CONST E JUSTIÇA INFORMAÇÕES PRESTADAS PELA CORREGEDORIA GERAL DO MUNICÍPIO SOBRE EVENTUAIS IRREGULARIDADES.
360550,DOCREC 2140/2011,DOCREC,2140,2011,"ENCAMINHA SUBSÍDIOS AO PL Nº150/2011, QUE DENOMINA PONTE ESTAIADA INSTITUTO DE ENGENHARIA, O LOGRADOURO SEM DENOMINAÇÃO SITUADO NOS DISTRITOS DE BOM RETIRO E SANTANA."
360553,DOCREC 2143/2011,DOCREC,2143,2011,"ENCAMINHA À COM DE TRANSITO, TRANSP, ATIV ECONÔMICA, TUR, LAZER E GASTRONOMIA CÓPIA DOS ESCLARECIMENTOS PRESTADOS PELA SECR MUN DE TRANSPORTES REF A GASTOS PUBLICITÁRIOS REALIZADOS EM 2010 PELA SPTRANS."
360554,DOCREC 2144/2011,DOCREC,2144,2011,"ENCAMINHA SUBSÍDIOS RELATIVOS AO PL Nº473/2011, QUE DISPÕE SOBRE DENOMINAÇÃO DE LOGRADOURO."
360555,DOCREC 2145/2011,DOCREC,2145,2011,"ENCAMINHA SUBSÍDIOS RELATIVOS AO PL Nº444/2011, QUE DISPÕE SOBRE DENOMINAÇÃO DE LOGRADOURO."
360556,DOCREC 2146/2011,DOCREC,2146,2011,"ENCAMINHA SUBSÍDIOS RELATIVOS AO PL Nº443/2011, QUE DISPÕE SOBRE DENOMINAÇÃO DE LOGRADOURO."
360558,DOCREC 2148/2011,DOCREC,2148,2011,"ENCAMINHA SUBSÍDIOS À COM DE CONST E JUSTIÇA SOBRE O PL Nº220/2011, QUE DISPÕE SOBRE DENOMINAÇÃO DE LOGRADOURO PÚBLICO."
360559,DOCREC 2149/2011,DOCREC,2149,2011,"ENCAMINHA SUBSÍDIOS À COM DE CONST E JUSTIÇA SOBRE O PL Nº488/2010, QUE ALTERA A LEI Nº13.885, DE 25 DE AGOSTO DE 2004, NO TOCANTE À MUDANÇA DE ZONEAMENTO DO PERÍMETRO COMPREENDIDO PELA RUA STELA MARINA."
360571,DOCREC 2161/2011,DOCREC,2161,2011,"EM RESPOSTA A REQUERIMENTO FORMULADO NA COMISSÃO DE TRÂNSITO, ENCAMINHA INFORMAÇÕES PRESTADAS PELA SMT A RESPEITO DA DESATIVAÇÃO AOS DOMINGOS DA CIRCULAÇÃO DA LINHA 6475-10."
360572,DOCREC 2162/2011,DOCREC,2162,2011,"ENCAMINHA À COMISSÃO DE ADMINISTRAÇÃO PÚBLICA CÓPIA REPROGRÁFICA DAS INFORMAÇÕES PRESTADAS PELA SECR MUN DE HABITAÇÃO ACERCA DO EMPREENDIMENTO IMOBILIÁRIO DENOMINADO ""PAULISTANO"", NA RUA DAVID BEN GURION, 700"
360578,DOCREC 2168/2011,DOCREC,2168,2011,"ENCAMINHA SUBSÍDIOS À COM DE CONSTITUIÇÃO E JUSTIÇA REF AO PL Nº533/2007, QUE INSERE A SUBSEÇÃO III À SEÇÃO V DO ANEXO IX, DO LIVRO IX, QUE TRATA DO PLANO REGIONAL ESTRATÉGICO DA SUBPREFEITURA DA SÉ."
360596,DOCREC 2186/2011,DOCREC,2186,2011,"ENCAMINHA INFORMAÇÕES À COM DE CONST, JUSTIÇA E LEGISLAÇÃO PARTICIPATIVA PRESTADAS PELOS ÓRGÃOS MUNICIPAIS COMPETENTES SOBRE OBRA EM EXECUÇAÕ EM ÁREA MUNICIPAL OBJETO DA LEI Nº10622, DE 9 DE SET DE 1988"
360602,DOCREC 2192/2011,DOCREC,2192,2011,"ENCAMINHA INFORMAÇÕES À COM DE TRÂNSITO, TRANSP E ATIV ECONÔMICA, PRESTADAS PELA SEC MUN DE TRANS., A RESPEITO DO SUPOSTO EXCESSO DE VELOCIDADE DOS ÔNIBUS DAS LINHAS QUE CIRCULAM NA RUA INÁCIO MANUEL ALVARES"
360603,DOCREC 2193/2011,DOCREC,2193,2011,"ENCAMINHA À COMISSÃO DE TRÂNSITO, TRANSPORTE E ATIVIDADE ECONÔMICA A INFORMAÇÃO DE QUE É INVIÁVEL O FORNECIMENTO DOS ESCLARECIMENTOS REQUERIDOS."
360606,DOCREC 2196/2011,DOCREC,2196,2011,ENCAMINHA À COM DE CONST E JUSTIÇA OS PRONUNCIAMENTOS DA SEC MUN DO VERDE E DO MEIO AMBIENTE A RESPEITO DO PL Nº249/2011.
360607,DOCREC 2197/2011,DOCREC,2197,2011,ENCAMINHA À COM DE CONST E JUSTIÇA AS MANIFESTAÇÕES DOS ÓRGÃOS COMPETENTES DA PREFEITURA ACERCA DO PL Nº486/2011.
360608,DOCREC 2198/2011,DOCREC,2198,2011,ENCAMINHA Á COM DE CONST E JUSTIÇA A MANISFESTAÇÃO DO ÓRGÃO COMPETENTE DA PREFEITURA A RESPEITO DO PL Nº455/2011.
360610,DOCREC 2200/2011,DOCREC,2200,2011,"ENCAMINHA À COM. DE TRÂNSITO, TRANSPORTE E ATIVIDADE ECONÕMICA AS INFORMAÇÕES PRESTADAS PELA SEC MUN DE TRANSPORTES, A RESPEITO DA APURAÇÃO DAS DENÚNCIAS SOBRE A COMERCIALIZAÇÃO E SORTEIO DE ALVARÁS DE TÁXIS"
360630,DOCREC 7/2012,DOCREC,7,2012,"EM RESPOSTA AO PEDIDO DE SUBSÍDIOS FORMULADO PELA COMISSÃO DE CONSTITUIÇÃO, JUSTIÇA E LEGISLAÇÃO PARTICIPATIVA SOBRE O PL 490/11, TRANSMITE A MANIFESTAÇÃO DO DEPTO. DE CADASTRO SETORIAL-CASE"
360633,DOCREC 10/2012,DOCREC,10,2012,"EM RESPOSTA AO PEDIDO DE SUBSÍDIOS CONSTANTE DO OFÍCIO REFERIDO, RELATIVO AO PL 445/11, TRANSMITE CÓPIA DA MANIFESTAÇÃO DO ÓRGÃO MUNICIPAL COMPETENTE."
360634,DOCREC 11/2012,DOCREC,11,2012,"EM RESPOSTA AO PEDIDO DE SUBSÍDIOS CONSTANTE DO OFÍCIO REFERIDO, TRANSMITE A MANIFESTAÇÃO DO ÓRGÃO COMPETENTE DA PREFEITURA ACERCA DO PL 468/11."
360635,DOCREC 12/2012,DOCREC,12,2012,"EM ATENÇÃO A REQUERIMENTO DO VEREADOR AURÉLIO NOMURA, ENCAMINHA INFORMAÇÕES DA SMT SOBRE OS INVESTIMENTOS REALIZADOS PARA PROPORCIONAR MELHORIAS NA INFRAESTRUTURA DO TRÂNSITO."
360636,DOCREC 13/2012,DOCREC,13,2012,"EM RESPOSTA AO OFÍCIO REFERIDO, EM ATENDIMENTO AO REQUERIMENTO FORMULADO PELO VEREADOR AURÉLIO NOMURA, TRANSMITE AS INFORMAÇÕES PRESTADAS PELA SECRETARIA MUNICIPAL DE TRANSPORTES,"
360639,DOCREC 16/2012,DOCREC,16,2012,"EM RESPOSTA AO REQUERIMENTO DO VERADOR AURÉLIO NOMURA, ENCAMINHA CÓPIAS DAS INFORMAÇÕES PRESTADAS PELOS ÓRGÃOS COMPETENTES DA PREFEITURA."
360648,DOCREC 25/2012,DOCREC,25,2012,"COM REFERÊNCIA AO PEDIDO DE SUBSÍDIOS FORMULADO PELA COMISSÃO DE CONSTITUIÇÃO,JUSTIÇA E LEGISLAÇÃO PARTICIPATIVA SOBRE O PL 289/11, TRANSMITE OS PRONUNCIAMENTOS E OS ELEMENTOS INFORMATIVOS OBTIDOS"
360649,DOCREC 26/2012,DOCREC,26,2012,ENCAMINHA AS INFORMAÇÕES SOLICITADAS RELATIVAS AO SHOPPING CENTER CIDADE JARDIM.
360652,DOCREC 29/2012,DOCREC,29,2012,"ENCAMINHA CÓPIA DAS ATAS DAS REUNIÕES REALIZADAS PELO CONSELHOS FISCAIS E DE ADMINISTRAÇÃO DA SÃO PAULO URBANISMO, DA SÃO PAULO OBRAS - SP-OBRAS, DA EMPRESA DE TECNOLOGIA DA INFORMAÇÃO /COMUNICAÇÃO DE SP,PRODAM"
360654,DOCREC 31/2012,DOCREC,31,2012,"ENCAMINHA AS INFORMAÇÕES PRESTADAS PELOS ÓRGÃOS MUNICIPAIS COMPETENTES, REFERENTES AO EMPREENDIMENTO SITUADO NA RUA CAMPO LARGO Nº 396, SUBPREFEITURA DA MOOCA."
360656,DOCREC 33/2012,DOCREC,33,2012,"ENCAMINHA À SUBCOMISSÃO DE OUTORGAS ONEROSAS AS INFORMAÇÕES PRESTADAS PELO ÓRGÃO COMPETENTE REF AO EMPREENDIMENTO SITUADO NA RUA DIOGO DE FARIA, Nº775, SUBPREFEITURA DE VILA MARIANA."
360657,DOCREC 34/2012,DOCREC,34,2012,"ENCAMINHA Á COM DE EDUCAÇÃO, CULTURA E ESPORTE, CÓPIA DAS INFORMAÇÕES RELATIVAS AOS CONVÊNIOS E OUTRAS ATIVIDADES DESENVOLVIDAS PELA SEC MUN DE ESPORTES, LAZER E RECREAÇÃO."
360658,DOCREC 35/2012,DOCREC,35,2012,ENCAMINHA À COM DE FINANÇAS E ORÇAMENTO CD-ROM CONTENDO CÓPIA DO PROJETO DE URBANIZAÇÃO DO CÓRREGO DA ANTONICO E INFORMAÇÕES FORNECIDAS PELOS ÓRGÃOS MUNICIPAIS COMPETENTES.
360660,DOCREC 37/2012,DOCREC,37,2012,"ENCAMINHA À COM DE ADMINISTRAÇÃO PÚBLICA CÓPIA DAS MANIFESTAÇÕES DA SEC MUN DE COORDENAÇÃO DAS SUBPREFEITURAS A RESPEITO DA LEI Nº12.273/96, QUE INSTITUI O PROGRAMA RUA 24 HORAS."
360661,DOCREC 38/2012,DOCREC,38,2012,"ENCAMINHA À SUBCOMISSÃO DE OUTORGAS ONEROSAS RELATÓRIO SOBRE CONTA CORRENTE NO BANCO DO BRASIL, FORNECIDO PELA SÃO PAULO URBANISMO - SP URBANISMO."
360662,DOCREC 39/2012,DOCREC,39,2012,"ENCAMINHA À COM DE TRANS, TRANSP E ATIV ECONÔMICA AS INF PRESTADAS PELA SEC MUN DE TRANSPORTES ACERCA DOS ESTUDOS RELATIVOS À IMPLANTAÇÃO DE SEMÁFORO NA ESTRADA DE POÁ."
360664,DOCREC 41/2012,DOCREC,41,2012,"ENC À COM DE TRANS, TRANSP E ATIV ECONÔMICA AS MANIFESTAÇÕES DA SEC MUN DE TRASNP. SOBRE A RUBRICA MELHORIAS DE MOBILIDADE URBANA DO PLO PARA 2012, E CÓPIA DO PLANO MUN DE CIRC VIÁRIA E DE TRANSPORTES."
360667,DOCREC 44/2012,DOCREC,44,2012,ENCAMINHA CÓPIA DAS MANIFESTAÇÕES DOS ÓRGÃOS COMPETENTES DA PREFEITURA ACERCA DO PL Nº343/2011.
360668,DOCREC 45/2012,DOCREC,45,2012,ENCAMINHA CÓPIA DOS PRONUNCIAMENTOS E DEMAIS ELEMENTOS INFORMATIVOS OBTIDOS PERANTE OS ÓRGÃOS TÉCNICOS COMPETENTES DA PREFEITURA RELATIVOS AO PL Nº 229/2011.
360669,DOCREC 46/2012,DOCREC,46,2012,ENCAMINHA CÓPIA DAS MANIFESTAÇÕES DOS ÓRGÃOS COMPETENTES DA PREFEITURA ACERCA DO PL Nº514/2011.
360670,DOCREC 47/2012,DOCREC,47,2012,ENCAMINHA CÓPIA DA MANIFESTAÇÃO DOS ÓRGÃOS MUNICIPAIS COMPETENTES ACERCA DO PL Nº431/2011.
360671,DOCREC 48/2012,DOCREC,48,2012,ENCAMINHA CÓPIA DAS INFORMAÇÕES PRESTADAS PELOS ÓRGÃOS COMPETENTES DA PREFEITURA ACERCA DO PL Nº553/2011.
360673,DOCREC 50/2012,DOCREC,50,2012,"ENCAMINHA À COMISSÃO DE TRANSITO, TRANSPORTE E ATIV ECONÔMICA CÓPIA DAS INF. PRESTADAS PELOS ÓRGÃOS COMPETENTES DA PREFEITURA ACERCA DA IMPLEMENTAÇÃO DE PISTAS EXCLUSIVAS PARA MOTOS NA CAPITAL."
360682,DOCREC 59/2012,DOCREC,59,2012,ENCAMINHA À COM DE ATIV. ECONÔMICA AS INFORMAÇÕES FORNECIDAS PELAS SEC MUN DE TRANSPORTE E DO VERDE E MEIO AMBIENTE ACERCA DE MEDIDAS RELATIVAS À FROTA DE VEÍCULOS QUE NÃO PASSARAM PELA INSPEÇÃO VEICULAR.
360686,DOCREC 63/2012,DOCREC,63,2012,"ENCAMINHA À COMISSÃO DE ATIVIDADE ECONÔMICA AS INFORMAÇÕES FORNECIDAS PELA SEC MUN DE SAÚDE SOBRE A FISCALIZAÇÃO EM COZINHA DE BARES, LANCHONETES, REDES DE FAST FOOD, RESTAURANTES, BUFÊS DE FESTAS, ETC."
360705,DOCREC 82/2012,DOCREC,82,2012,ENCAMINHA CÓPIA DAS INFORMAÇÕES FORNECIDAS PELOS ÓRGÃOS MUNICIPAIS COMPETENTES A RESPEITO DO PROCESSO DE INSTALAÇÃO DE NOVAS LIXEIRAS NA CIDADE.
360724,DOCREC 101/2012,DOCREC,101,2012,ENCAMINHA CÓPIA DAS INFORMAÇÕES PRESTADAS PELA P M DE SÃO PAULO AO MINISTÉRIO PÚBLICO ACERCA DE PROCESSOS DE ANISTIA AINDA PENDENTES DE APRECIAÇÃO ADMINISTRATIVA.
360728,DOCREC 105/2012,DOCREC,105,2012,"ENCAMINHA O RELATÓRIO IMPRESSO E EM ARQUIVO DIGITAL CONTENDO INFORMAÇÕES SOBRE AS GUIAS EMITIDAS COM OS CÓDIGOS QUE IDENTIFICAM OUTORGA ONEROSA, PROCESSOS DE ANISTIA E DE ALVARÁ DE APROVAÇÃO E EXECUÇÃO."
360729,DOCREC 106/2012,DOCREC,106,2012,ENCAMINHA À SUBCOMISSÃO DE OUTORGAS ONEROSAS DA COM DE CONSTITUIÇÃO E JUSTIÇA CÓPIAS DE PROCESSOS SOLICITADOS.
360730,DOCREC 107/2012,DOCREC,107,2012,"ENCAMINHA À SUBCOMISSÃO DE OUTORGAS ONEROSAS CÓPIA DO PRONUNCIAMENTO DO DEPARTAMENTO DE GESTÃO DE DOC. PÚBLICOS - DGDP, DA SECRETARIA MUN DE PLANEJAMENTO, ORÇAMENTO E GESTÃO."
360731,DOCREC 108/2012,DOCREC,108,2012,ENCAMINHA À SUBCOMISSÃO DE OUTORGAS ONEROSAS CÓPIA DOS RELATÓRIOS DISPONÍVEIS FORNECIDOS PELO DEP. DE APROVAÇÃO DAS EDIFICAÇÕES - APROV/SEHAB E PELO DEP DO USO DO SOLO - DEUSO/SMDU.
360734,DOCREC 111/2012,DOCREC,111,2012,ENCAMINHA À COM DE CONSTITUIÇÃO E JUSTIÇA CÓPIA DAS MANIFESTAÇÕES DOS ÓRGÃOS MUNICIPAIS COMPETENTES A RESPEITO DO PROJETO DE LEI Nº540/2011.
360735,DOCREC 112/2012,DOCREC,112,2012,ENCAMINHA À COM DE CONSTITUIÇÃO E JUSTIÇA CÓPIA DAS MANIFESTAÇÕES PRESTADAS PELO ÓRGÃO MUNICIPAL COMPETENTE A RESPEITO DO PROJETO DE LEI Nº485/2011.
360744,DOCREC 121/2012,DOCREC,121,2012,ENCAMINHA À COMISSÃO DE CONSTITUIÇÃO E JUSTIÇA CÓPIA DO PRONUNCIAMENTO DA SECRETARIA MUNICIPAL DO VERDE E DO MEIO AMBIENTE ACERCA DO PROJETO DE LEI Nº249/2011.
360745,DOCREC 122/2012,DOCREC,122,2012,"ENCAMINHA À COMISSÃO DE CONSTITUIÇÃO E JUSTIÇA CÓPIA DOS PRONUNCIAMENTOS DE SEHAB/CASE, SMC/DAH E SF/DIMAP 3 ACERCA DO PROJETO DE LEI Nº570/2011."
360746,DOCREC 123/2012,DOCREC,123,2012,ENCAMINHA CÓPIA DAS INFORMAÇÕES OFERECIDAS PELOS ÓRGÃOS MUNICIPAIS COMPETENTES A RESPEITO DO PROJETO DE LEI Nº507/2011.
360750,DOCREC 127/2012,DOCREC,127,2012,ENCAMINHA CÓPIA DAS INFORMAÇÕES PRESTADAS PELOS ÓRGÃOS MUNICIPAIS COMPETENTES A RESPEITO DO PROJETO DE LEI Nº 398/2010.
360751,DOCREC 128/2012,DOCREC,128,2012,"ENCAMINHA CÓPIA DAS INFORMAÇÕES OFERECIDAS PELO DEPARTAMENTO DE CADASTRO SETORIAL, DA SEC MUN DE HABITAÇÃO REF AO PL Nº 325/201."
360752,DOCREC 129/2012,DOCREC,129,2012,"ENCAMINHA À COM DE CONST E JUSTIÇA AS INFORMAÇÕES PRESTADAS PELOS ÓRGÃOS COMPETENTES SOBRE AS OBRAS DE MOVIMENTAÇÃO DE TERRA EM IMÓVEL SITUADO NA AV. NICOLAS BÔER, Nº301, BARRA FUNDA."
360777,DOCREC 154/2012,DOCREC,154,2012,"ENCAMINHA CÓPIA DAS INFORMAÇÕES PRESTADAS PELA SEC MUN DE TRANPORTES A RESPEITO DAS INTERDIÇÕES PARCIAIS DAS VIAS QUE ESPECIFICA, EM VIRTUDE DA EXECUÇÃO DAS OBRAS DE EXPANSÃO DA LINHA 5 - LILÁS DO METRÔ."
360817,DOCREC 194/2012,DOCREC,194,2012,ENCAMINHA CÓPIA DAS INFORMAÇÕES OFERECIDAS PELO ÓRGÃO MUNICIPAL COMPETENTE A RESPEITO DOS VALORES DE INVESTIMENTOS EM MELHORIAS DE INFRAESTRUTURA DO TRÂNSITO.
360830,DOCREC 207/2012,DOCREC,207,2012,"ENCAMINHA À COMISSÃO DE JUSTIÇA, INFORMAÇÕES RELATI- VAS ÀS AÇÕES FISCALIZATÓRIAS REALIZADAS NA REGIÃO DA AV. EUROPA, RUA COLÔMBIA E AL. GABRIEL MONTEIRO DA SILVA."
360831,DOCREC 208/2012,DOCREC,208,2012,"ENCAMINHA Á COMISSÃO DE TRÂNSITO INFORM. A RESPEITO DA FISCALIZ. DE ESTABELEC. QUE COMERCIALIZAM O PÃO FRANCÊS E A ATUAÇÃO DA VIGILÂNCIA EM SAÚDE NA FISCAL. DE ESTABELEC. QUE PRODUZEM, COMERC. E TRANSPORTAM."
360840,DOCREC 217/2012,DOCREC,217,2012,ENCAMINHA CÓPIA DAS INFORMAÇÕES PRESTADAS PELA SECRETARIA MUNICIPAL DE EDUCAÇÃO A RESPEITO DO FECHAMENTO DO CEI HORIZONTE DOURADO E DE OCORRÊNCIAS NO CEU AZUL DA COR DO MAR.
360841,DOCREC 218/2012,DOCREC,218,2012,ENCAMINHA CÓPIA DAS MANIFESTAÇÕES DOS ÓRGÃOS COMPETENTES DA PREFEITURA ACERCA DO PROJETO DE LEI Nº 566/2011.
360846,DOCREC 223/2012,DOCREC,223,2012,
360860,DOCREC 237/2012,DOCREC,237,2012,ENCAMINHA CÓPIA DAS INFO. PRESTADAS POR ÓRGÃOS DO EXECUTIVO ACERCA DE PROVIDÊNCIAS ADOTADAS EM FACE DO RELATÓRIO FINAL DA SUBCOM. QUE ANALISA A EXECUÇÃO DOS CONVÊNIOS FIRMADOS C/ O TERCEIRO SETOR (SAÚDE).
360862,DOCREC 239/2012,DOCREC,239,2012,ENCAMINHA CÓPIA DAS INF. OFERECIDAS PELOS ÓRGÃOS MUN. COMPETENTES A RESPEITO DAS FORMAS DE ATENÇÃO OFERECIDAS PELAS UNIDADES MUN. PARA TRATAMENTO ODONTOL. P/ PESSOAS C/ TRANSTORNOS MENTAIS E AUTISMO.
360869,DOCREC 246/2012,DOCREC,246,2012,ENCAMINHA CÓPIA DOS ESCLARECIMENTOS PRESTADOS PELA SECRETARIA MUNICIPAL DA SAÚDE A RESPEITO DAS RECLAMAÇÕES CONSTANTES DO OFÍCIO Nº 5/ CONSELHO GESTOR UBS ROMANO/2012.
360881,DOCREC 258/2012,DOCREC,258,2012,ENCAMINHA AS INFORMAÇÕES PRESTADAS PELA SECRETARIA MUNICIPAL DE EDUCAÇÃO REFERENTES ÀS ADEQUAÇÕES REALIZADAS NA EDIFICAÇÃO DA ESCOLA MUNICIPAL DE ENSINO FUNDAMENTAL MÁRIO KOSEL FILHO.
360883,DOCREC 260/2012,DOCREC,260,2012,ENCAMINHA BALANCETES MENSAIS E BALANÇO GERAL DO EXERCÍCIO DE 2011.
360890,DOCREC 267/2012,DOCREC,267,2012,ENCAMINHA CÓPIA DOS ESCLARECIMENTOS PRESTADOS PELO ÓRGÃO COMPETENTE A RESPEITO DE INSTALAÇÃO DE LOMBADAS NA RUA CAETANO BONATTI E NA AVENIDA PROFESSOR JOÃO BATISTA CONTI.
360891,DOCREC 268/2012,DOCREC,268,2012,ENCAMINHA CÓPIA DAS INFORMAÇÕES OFERECIDAS PELO ÓRGÃO COMPETENTE A RESPEITO DA POSSIBILIDADE DE IMPLANTAÇÃO DA PLACA PARE NO CRUZAMENTO DA RUA CONSELHEIRO NÉBIAS COM A RUA GENERAL OSÓRIO.
360897,DOCREC 274/2012,DOCREC,274,2012,ENCAMINHA INFORMAÇÕES COMPLEMENTARES SOBRE CARGOS E GASTOS COM PESSOAL OFERECIDAS PELA SÃO PAULO URBANISMO.
360901,DOCREC 278/2012,DOCREC,278,2012,ENCAMINHA À COMISSÃO DE FINANÇAS E ORÇAMENTO CÓPIA DAS INFORMAÇÕES FORNECIDAS PELA SÃO PAULO OBRAS SOBRE CARGOS E GASTOS COM PESSOAL.
360908,DOCREC 285/2012,DOCREC,285,2012,"ENCAMINHA CÓPIA DAS INFORMAÇÕES FORNECIDAS PELA SECRETARIA MUNICIPAL DE TRANSPORTES A RESPEITO DA INSTALAÇÃO DE SEMÁFORO NA ESTRADA DO POÁ, Nº 1792."
360909,DOCREC 286/2012,DOCREC,286,2012,"ENCAMINHA O RELATÓRIO DE PRESTAÇÃO DE CONTAS E BALANÇO DOS CRÉDITOS CONCEDIDOS NO ÂMBITO DO PROGRAMA NOTA FISCAL PAULISTANA, RELATIVO AO 1º QUADRIMESTRE DE 2012."
360913,DOCREC 290/2012,DOCREC,290,2012,"ENCAMINHA AS INFORMAÇÕES OFERECIDAS PELA SEC MUN DA SAÚDE SOBRE OS ATENDIMENTOS E EXAMES REALIZADOS NA REDE MUNICIPAL DE SAÚDE E SOBRE A REGULAÇÃO DA FILA DE ESPERA PARA EXAMES, CIRURGIAS E CONSULTAS."
360916,DOCREC 293/2012,DOCREC,293,2012,"ENCAMINHA INFORMAÇÕES SOLICITADAS PELA SECRETARIA MUNCIPAL DE EDUCAÇÃO, A RESPEITO DA SITUAÇÃO DOS ALUNOS DA EMEI DO CEU DA PAZ QUE ALMEJAM INGRESSAR NA EMEF INTEGRANTE DO MESMO CEU."
360929,DOCREC 306/2012,DOCREC,306,2012,ENCAMINHA CÓPIA DOS ESCLARECIMENTOS E DOCUMENTOS FORNECIDOS PELA SECRETARIA MUNICIPAL DA SAÚDE A RESPEITO DA CONTRATAÇÃO DE SERVIÇOS DE VIGILÂNCIA À DISTÂNCIA PARA UNIDADE DE SAÚDE DO MUNICÍPIO.
360937,DOCREC 314/2012,DOCREC,314,2012,"ENCAMINHA CÓPIA DAS INFORMAÇÕES PRESTADAS PELA SECRETARIA MUN DA SAÚDE, A RESPEITO DA LEGISLAÇÃO A SER OBSERVADA PARA DENOMINAÇÃO DE PATRIMÔNIO ESTADUAL CEDIDO A TÍTULO PRECÁRIO AO MUN DE S PAULO."
360939,DOCREC 316/2012,DOCREC,316,2012,"ENCAMINHA CÓPIA DOS DOCUMENTOS OFERECIDOS PELA SEC MUN DE SAÚDE, A SABER, TERMOS DE CONVÊNIO FIRMADOS ENTRE A PMSP E A SOC HOSP SAMARITANO E A CONG. DAS IRMÃS HOSPITALEIRAS DO SAGRADO CORAÇÃO DE JESUS."
360952,DOCREC 329/2012,DOCREC,329,2012,"COMUNICA QUE AS INFORMAÇÕES SOLICITADAS A RESPEITO DAS EXIGÊNCIAS PARA A AUTORIZAÇÃO DE FUNCIONAMENTO DO SHOPPING JK JÁ FORAM APRESENTADAS DIRETAMENTE À COMISSÃO DE TRÂNSITO, TRANSP., E ATIVIDADE ECONÔMICA."
360955,DOCREC 332/2012,DOCREC,332,2012,"ENCAMINHA CÓPIA DAS INFORMAÇÕES OFERECIDAS PELA SEC MUNICIPAL DE TRANSPORTES A RESPEITO DA LINHA DE ÔNIBUS 971-T, BEM COMO DA LIMPEZA E MANUTENÇÃO DA CARENAGEM DO EXPRESSO TIRADENTES."
360956,DOCREC 333/2012,DOCREC,333,2012,"ENCAMINHA CÓPIAS DOS ESCLARECIMENTOS E DOCUMENTOS FORNECIDOS PELA SEC MUNICIPAL DE TRANSPORTES SOBRE O EMPREENDIMENTO LOCALIZADO NA AVENIDA PRESIDENTE JUSCELINO KUBITSCHEK, Nº 2041."
360980,DOCREC 357/2012,DOCREC,357,2012,ENCAMINHA AS INFORMAÇÕES PRESTADAS PELA SECRETARIA MUNICIPAL DE EDUCAÇÃO A RESPEITO DO PEDIDO DE TRANSFERENCIA PARA O ALUNO GUILHERME GOMES PROCOPIO.
360981,DOCREC 358/2012,DOCREC,358,2012,"ENCAMINHA CÓPIA DAS INFORMAÇÕES PRESTADAS PELA SECRETARIA MUNICIPAL DE DES ECONÔMICO E DO TRABALHO, SOBRE DENÚNICA RELATIVA À DESATIVAÇÃO DO CAT DE ITAIM E DE OUTRAS UNIDADES DOS CAT."
361000,DOCREC 377/2012,DOCREC,377,2012,
361002,DOCREC 379/2012,DOCREC,379,2012,ENCAMINHA INFORMAÇOES À COMISSÃO DE JUSTIÇA
361003,DOCREC 380/2012,DOCREC,380,2012,ENCAMINHA INFORMAÇOES À COMISSÃO DE JUSTIÇA
361004,DOCREC 381/2012,DOCREC,381,2012,ENCAMINHA INFORMAÇOES À COMISSÃO DE JUSTIÇA
361005,DOCREC 382/2012,DOCREC,382,2012,ENCAMINHA INFORMAÇOES À COMISSÃO DE ADMINISTRAÇÃO PÚBLICA RELATIVAS AOS VEÍCULOS DO SERVIÇO FUNERÁRIO.
361010,DOCREC 387/2012,DOCREC,387,2012,ENCAMINHA CÓPIA DAS INFORMAÇÕES PRESTADAS PELA SECRETARIA MUNICIPAL DE EDUCAÇÃO SOBRE A SITUAÇÃO DAS CRECHES INTEGRANTES DA REDE MUNICIPAL DE ENSINO.
361011,DOCREC 388/2012,DOCREC,388,2012,ENCAMINHA CÓPIA DAS INFORMAÇÕES OFERECIDAS PELA SECRETARIA MUNICIPAL DE COMUNICAÇÃO SOBRE O FUNCIONAMENTO DA CENTRAL 156.
361012,DOCREC 389/2012,DOCREC,389,2012,ENCAMINHA CÓPIA DAS INFORMAÇÕES OFERECIDAS PELOS ÓRGÃOS MUNICIPAIS COMPETENTES SOBRE A INSTALAÇÃO DE ASSENTOS NOS PONTOS DE PARADA DE ÔNIBUS QUE ESPECIFICA.
361014,DOCREC 391/2012,DOCREC,391,2012,ENCAMINHA OS RELATÓRIOS E CÓPIA DOS ESCLARECIMENTOS OFERECIDOS PELO DEPARTAMENTO DE APROVAÇÕES E EDIFICAÇÕES DA SECRETARIA MUNICIPAL DE HABITAÇÃO A RESPEITO DE PROCESSOS DE CONSTRUÇÃO.
361030,DOCREC 407/2012,DOCREC,407,2012,"ENCAMINHA CÓPIA DAS INFORMAÇÕES OFERECIDAS PELA SECRETARIA MUNICIPAL DE CULTURA A RESPEITO DA MATÉRIA JORNALÍSTICA VEICULADA NO DIA 02 DE MAIO DE 2012, NO PORTAL ELETRÔNICO SPRESSOSP."
361031,DOCREC 408/2012,DOCREC,408,2012,ENCAMINHA CÓPIA DAS INFORMAÇÕES E DOCUMENTOS OFERECIDOS PELA SEC MUN DE TRANSPORTES SOBRE AS OBRAS DE INTERVENÇÃO VIÁRIA EXIGIDAS PARA A IMPLANTAÇÃO DE OITO EMPREENDIMENTOS SITUADOS NA MARG PINHEIROS.
361045,DOCREC 422/2012,DOCREC,422,2012,"ENCAMINHA AS CÓPIAS DAS CERTIDÕES DE DIRETRIZES EMITIDAS POSTERIORMENTE, E COMPLEMENTANDO, O OF ATL 353/12 - C, RECEBIDO COMO DOCREC Nº 399/2012."
361048,DOCREC 425/2012,DOCREC,425,2012,ENCAMINHA CÓPIA DAS INFORMAÇÕES PRESTADAS PELA SECRETARIA MUNICIPAL DE TRANSPORTES A RESPEITO DAS PROVIDÊNCIAS RELATIVAS À AUTORIZAÇÃO PARA A AHPAS TRAFEGAR EM FAIXA EXCLUSIVA DE ÔNIBUS.
361061,DOCREC 438/2012,DOCREC,438,2012,"ENCAMINHA CÓPIA DAS MULTAS RELATIVAS A FUNCIONAMENTO IRREGULAR, POR FALTA DO RESPECTIVO AUTO DE LICENÇA DE FUNCIONAMENTO, APLICADAS PELAS SUBPREFEITURAS DA SÉ E DE SÃO MIGUEL PAULISTA, NO PERÍODO SOLICITADO."
361066,DOCREC 443/2012,DOCREC,443,2012,ENCAMINHA CÓPIA DAS MANIFESTAÇÕES DA SEC MUN DE FINANÇAS ESCLARECENDO QUE AS INFORMAÇÕES SOLICITADAS PELO REQUERIMENTO DO VEREADOR AURÉLIO MIGUEL ACHAM-SE SOB SIGILO FISCAL.
361075,DOCREC 452/2012,DOCREC,452,2012,ENCAMINHA CÓPIA DOS PRONUNCIAMENTOS DOS ÓRGÃOS TÉCNICOS COMPETENTES DO EXECUTIVO A RESPEITO DO PROJETO DE LEI Nº 220/2012.
361076,DOCREC 453/2012,DOCREC,453,2012,ENCAMINHA CÓPIA DAS MANIFESTAÇÕES DOS ÓRGÃOS MUNICIPAIS COMPETENTES A RESPEITO DO PROJETO DE LEI Nº 296/2012.
361077,DOCREC 454/2012,DOCREC,454,2012,ENCAMINHA CÓPIA DA MANIFESTAÇÃO DO ÓRGÃO MUNICIPAL COMPETENTES SOBRE O SUBSTITUTIVO AO PROJETO DE LEI Nº 508/2010.
361078,DOCREC 455/2012,DOCREC,455,2012,ENCAMINHA CÓPIA DAS INFORMAÇÕES PRESTADAS PELOS ÓRGÃOS COMPETENTES A RESPEITO DO PROJETO DE LEI Nº 202/2012.
361079,DOCREC 456/2012,DOCREC,456,2012,ENCAMINHA CÓPIA DAS INFORMAÇÕES PRESTADAS PELOS ÓRGÃOS COMPETENTES A RESPEITO DO PROJETO DE LEI Nº 472/2011.
361108,DOCREC 485/2012,DOCREC,485,2012,ENCAMINHA CÓPIA DAS INFOMAÇÕES PRESTADAS PELOS ÓRGÃOS COMPETENTES A RESPEITO DO PROJETO DE LEI Nº 471/2011.
361110,DOCREC 487/2012,DOCREC,487,2012,ENCAMINHA CÓPIA DAS MANIFESTAÇÕES DOS ÓRGÃOS MUNICIPAIS COMPETENTES SOBRE O PROJETO DE LEI Nº 336/2012.
361111,DOCREC 488/2012,DOCREC,488,2012,ENCAMINHA CÓPIA DAS MANIFESTAÇÕES E DEMAIS ELEMENTOS OBTIDOS PERANTE OS ÓRGÃOS TÉCNICOS DA PREFEITURA A RESPEITO DO PROJETO DE LEI Nº 329/2012.
361112,DOCREC 489/2012,DOCREC,489,2012,ENCAMINHA CÓPIAS DAS INFORMAÇÕES PRESTADAS PELO ÓRGÃO COMPETENTE A RESPEITO DO PROJETO DE LEI Nº 72/2012.
361113,DOCREC 490/2012,DOCREC,490,2012,ENCAMINHA CÓPIA DAS MANIFESTAÇÕES E DOS ELEMENTOS INFORMATIVOS OBTIDOS PERANTE OS ÓRGÃOS TÉCNICOS COMPETENTES A RESPEITO DO PROJETO DE LEI Nº 330/2012.
361124,DOCREC 501/2012,DOCREC,501,2012,ENCAMINHA CÓPIA DAS MANIFESTAÇÕES DOS ÓRGÃOS MUNICIPAIS COMPETENTES A RESPEITO DO PROJETO DE LEI Nº 328/2012.
361129,DOCREC 506/2012,DOCREC,506,2012,ENCAMINHA CÓPIA DAS MULTAS APLICADAS PELA SUBPREFEITURA DA SÉ AOS DETENTORES DE TERMO DE PERMISSÃO DE USO.
361130,DOCREC 507/2012,DOCREC,507,2012,ENCAMINHA CÓPIA DAS INFORMAÇÕES OFERECIDAS PELOS ÓRGÃOS MUNICIPAIS COMPETENTES A RESPEITO DA IMPLANTAÇÃO DE LINHA DE ÔNIBUS NO DISTRITO DE ENGº MARSILAC E SAMÁFORO EM VIAS NO BAIRRO DO LIMÃO.
361139,DOCREC 517/2012,DOCREC,517,2012,"ENCAMINHA CÓPIA DA INFORMAÇÃO PRESTADA PELA SEC MUN DE TRANSPORTES SOBRE SOLICITAÇÕES DA COMISSÃO DE TRÂNSITO, TRANSPORTE, ATIVIDADE ECONÔMICA,TURISMO, LAZER E GASTRONOMIA."
361152,DOCREC 530/2012,DOCREC,530,2012,"ENCAMINHA CÓPIA DAS INFORMAÇÕES PRESTADAS PELA SEC MUN DE TRANSPORTES A RESPEITO DO ESTUDO VISANDO DIMINUIR A VELOCIDADE COM QUE OS VEÍCULOS TRAFEGAM NA RUA CAIUBI, NO BAIRRO DE PERDIZES."
361157,DOCREC 535/2012,DOCREC,535,2012,ENCAMINHA CÓPIA DAS INFORMAÇÕES OFERECIDAS PELOS ÓRGÃOS MUNICIPAIS COMPETENTES SOBRE AS NOTIFICAÇÕES DE AUTUAÇÕES DE INFRAÇÃO DE TRÂNSITO E OUTRAS SANÇÕES IMPOSTAS À GARAGEM1 - ASSOC PAULISTANA DE TRANSPORTE.
361165,DOCREC 543/2012,DOCREC,543,2012,ENCAMINHA CÓPIA DOS ESCLARECIMENTOS OFERECIDOS PELA SEC MUN DE INFRAESTRUTURA URBANO E OBRAS A RESPEITO DA CONSTRUÇÃO DE PONTILHÃO SOBRE O CÓRREGO DO RAPADURA.
361166,DOCREC 544/2012,DOCREC,544,2012,"ENCAMINHA CÓPIA DOS DOCUMENTOS E ESCLARECIMENTOS FORNECIDOS PELA SEC MUN DA SAÚDE, A RESPEITO DAS ENTIDADES CONVENIADAS PARA PRESTAR ASSISTÊNCIAS AOS PORTADORES DE DEPENDÊNCIA DE SUBSTÂNCIAS PSICOATIVAS."
361178,DOCREC 556/2012,DOCREC,556,2012,ENCAMINHA COPIA DAS INFORMAÇÕES OFERECIDAS PELO ÓRGÃO MUNICIPAL COMPETENTE SOBRE A CONTRATAÇÃO DO ATUAL SUPERINTENDENTE DO INSTITUTO DE PREVIDÊNCIA DO MUNICÍPIO DE SÃO PAULO - IPREM.
361183,DOCREC 561/2012,DOCREC,561,2012,"ENCAMINHA CÓPIA DAS INFORMAÇÕES E DOS DOCUMENTOS FORNECIDOS PELA SECRETARIA MUNICIPAL DE EDUCAÇÃO, EM ATENDIMENTO À SOLICITAÇÃO DA COMISSÃO DE EDUCAÇÃO, CULTURA E ESPORTES."
361187,DOCREC 565/2012,DOCREC,565,2012,"ENCAMINHA CÓPIA DAS INFORMAÇÕES FORNECIDAS PELA SUBPREFEITURA DE SÃO MIGUEL PAULISTA, A RESPEITO DO TOTAL DE MULTAS APLICADAS, NOS ÚLTIMOS SEIS MESES, AOS DETENTORES DE TERMO DE PERMISSÃO DE USO."
361193,DOCREC 571/2012,DOCREC,571,2012,"ENCAMINHA CÓPIA DAS INFORMAÇÕES PRESTADAS PELA SEC MUNICIPAL DA SAÚDE, A RESPEITO DAS MEDIDAS ADOTADAS RELATIVAS AO PROGRAMA RATO FORA NO ENTORNO DA PRAÇA JOSÉ TOMAZELLI, CASA VERDE."
361199,DOCREC 577/2012,DOCREC,577,2012,"ENCAMINHA CÓPIA DOS DOCUMENTOS E DAS INFORMAÇÕES OFERECIDAS PELA SUBPREFEITURA DA SÉ, A RESPEITO DE PODA POR TODA A EXTENSÃO DA AVENIDA RIO BRANCO."
361207,DOCREC 585/2012,DOCREC,585,2012,ENCAMINHA CÓPIA DAS INFORMAÇÕES FORNECIDAS PELA SECRETARIA MUNICIPAL DE TRANSPORTES A RESPEITO DA FROTA OPERANTE NA CIDADE DE SÃO PAULO.
361208,DOCREC 586/2012,DOCREC,586,2012,"EM RESPOSTA AO OFÍCIO OF-SGP12 Nº 485/12, INFORMA QUE EM VIRTUDE DA COMPETÊNCIA PARA A APRECIAÇÃO DO ASSUNTO, A SOLICITAÇÃO EM APREÇO DEVERÁ SER APRESENTADA À SÃO PAULO TURISMO - SPTURIS."
361209,DOCREC 587/2012,DOCREC,587,2012,"ENCAMINHA CÓPIA DAS INFORMAÇÕES PFERECIDAS PELO ÓRGÃO MUNICIPAL COMPETENTE A RESPEITO DA IMPLANTAÇÃO DE LOMBADA NA RUA DIOGO FREIRE, ALTURA DO Nº 307, BOSQUE DA SAÚDE."
361220,DOCREC 598/2012,DOCREC,598,2012,ENCAMINHA CÓPIA DAS INFORMAÇÕES PRESTADAS PELA SECRETARIA MUNICIPAL DE TRANSPORTES A RESPEITO DA COLOCAÇÃO DE LOMBADAS NA AVENIDA GENERAL ASDRÚBAL DA CUNHA.
361276,DOCREC 6/2013,DOCREC,6,2013,ENCAMINHA CÓPIA DAS INFORMAÇÕES PRESTADAS POR ÓRGÃOS COMPETENTES A RESPEITO DA AVALIAÇÃO ACERCA DOS SERVIÇOS DE RECAPEAMENTO/REFORMA DA VIA DE PASSAGEM SUBTERRÂNEA TOM JOBIM.
361288,DOCREC 18/2013,DOCREC,18,2013,ENCAMINHA CÓPIA DAS INFORMAÇÕES E DOCUMENTOS FORNECIDOS PELOS ÓRGÃOS COMPETENTES A RESPEITO DE PROVIDÊNCIAS RELATIVAS AO TRANSPORTE DE CADÁVERES NO MUNICÍPIO DE SÃO PAULO.
361297,DOCREC 27/2013,DOCREC,27,2013,ENCAMINHA CÓPIA DE CORRESPONDÊNCIA ENVIADA AO SECRETÁRIO DE COORDENAÇÃO DAS PREFEITURAS ACERCA DO RISCO DE INCÊNCIO NA FEIRA DA MADRUGADA.
361325,DOCREC 55/2013,DOCREC,55,2013,"ENCAMINHA CÓPIA DAS INFORMAÇÕES PRESTDAS PELO ÓRGÃO MUNICIPAL COMPETENTE A RESPEITO DA SOLICITAÇÃO DE REMOÇÃO DE ÁRVORE LOCALIZADA NA RUA CONSTANTINO OLICEIRA LEDO, 695, JARDIM INGÁ."
361367,DOCREC 97/2013,DOCREC,97,2013,
361368,DOCREC 98/2013,DOCREC,98,2013,
361378,DOCREC 108/2013,DOCREC,108,2013,
361381,DOCREC 112/2013,DOCREC,112,2013,
361382,DOCREC 113/2013,DOCREC,113,2013,
361422,DOCREC 153/2013,DOCREC,153,2013,ENCAMINHA INFORMAÇÕES A RESPEITO DO CONTROLE DOS DISCOS DE TACÓGRAFOS NOS COLETIVOS E DA POSSIBILIDADE DE IMPLANTAÇÃO DE ÔNIBUS EXECUTIVO COM AR CONDICIONADO NA CIDADE DE SÃO PAULO.
361424,DOCREC 155/2013,DOCREC,155,2013,"ENCAMINHA CÓPIA DAS INFORMAÇÕES OFERECIDAS PELA SECR MUNICIPAL DE COORDENAÇÃO DAS SUBPREFEITURAS, A RESPEITO DO QUE FOI SOLICITADO RELATIVAMENTE ÀS FEIRAS LIVRES."
361425,DOCREC 156/2013,DOCREC,156,2013,"ENCAMINHA CÓPIA DAS INFORMAÇÕES OFERECIDAS PELA SEC MUN DA SAÚDE, A RESPEITO DO QUE FOI SOLICITADO RELATIVAMENTE AO HOSP MUN DR. JOSÉ SOARES HUNGRIA - PIRITUBA, À AMA SOROCABANA E À UBS VL ANASTÁCIO."
361426,DOCREC 157/2013,DOCREC,157,2013,"ENCAMINHA CÓPIA DAS INFORMAÇÕES OFERECIDAS PELA SECRETARIA MUNICIPAL DE TRANSPORTES, A RESPEITO DO PLANEJAMENTO DE MELHORIAS NO TRÂNSITO DA AVENIDA EDGAR FACÓ E NA PONTE DO PIQUERI."
361433,DOCREC 164/2013,DOCREC,164,2013,"ENCAMINHA CÓPIA DAS INFORMAÇÕES PRESTADAS PELA SECRETARIA MUNICIPAL DE CULTURA, A RESPEITO DA IMPLANTAÇÃO DE UM TEATRO MUNICIPAL NA VILA PRUDENTE."
361436,DOCREC 167/2013,DOCREC,167,2013,"ENCAMINHA CÓPIA DAS DOCUMENTOS APRESENTADOS PELA SP-OBRAS, RELATIVOS À LICITAÇÃO PARA CONCESSÃO DOS SERVIÇOS DE IMPLANTAÇÃO, MANUTENÇÃO E CONSERVAÇÃO DE ABRIGOS DE ÔNIBUS NA CIDADE DE SÃO PAULO."
361437,DOCREC 168/2013,DOCREC,168,2013,ENCAMINHA CÓPIA DAS INFORMAÇÕES A RESPEITO DOS PRÉDIOS EM QUE SE ENCONTRAM INSTALADAS AS 31 SUBPREFEITURAS.
361463,DOCREC 194/2013,DOCREC,194,2013,ENCAMINHA CÓPIA DOS ESCLARECIMENTOS OFERECIDOS PELA SEC MUN DE TRANSPORTES SOBRE O EMPREGO DE RECURSOS ARRECADADOS COM MULTAS DE TRÂNSITO.
361464,DOCREC 195/2013,DOCREC,195,2013,ENCAMINHA CÓPIA DOS ESCLARECIMENTOS OFERECIDOS PELA SECRETARIA SE VERDE E DO MEIO AMBIENTE A RESPEITO DO FUNDO ESPECIAL DO MEIO AMBIENTE E DESENVOLVIMENTO SUSTENTÁVEL - FEMA.
361466,DOCREC 197/2013,DOCREC,197,2013,ENCAMINHA CÓPIA DOS ESCLARECIMENTOS OFERECIDOS PELA SECRETARIA MUNICIPAL DA SAÚDE A RESPEITO DOS POSTOS DE ABASTECIMENTO E DISTRIBUIÇÃO DE IMUNOBIOLÓGICOS - PADI.
361479,DOCREC 210/2013,DOCREC,210,2013,ENCAMINHA INFORMAÇÕES PRESTADAS PELA SECRETARIA MUNICIPAL DE CULTURA A RESPEITO DA INCLUSÃO DE UM PLACO GOSPEL NA VIRADA CULTURAL 2013.
361481,DOCREC 212/2013,DOCREC,212,2013,ENCAMINHA INFORMAÇÕES PRESTADAS PELA SECRETARIA MUNICIPAL DE EDUCAÇÃO RELATIVAS A CONSTRUÇÃO DE CRECHES.
361483,DOCREC 214/2013,DOCREC,214,2013,ENCAMINHA INFORMAÇÕES SOBRE OS RECURSOS ORÇAMENTÁRIOS DESTINADOS À ÁREA DA SAÚDE MENTAL - ÁLCOOL E OUTRAS DROGAS PARA O EXERCÍCIO DE 2013.
361484,DOCREC 215/2013,DOCREC,215,2013,ENCAMINHA CÓPIA DOS DOCUMENTOS APRESENTADOS PELA SECRETARIA MUNICIPAL DE TRANSPORTES SOBRE A EXISTÊNCIA DE ESTUDOS PARA EFETIVA FISCALIZAÇÃO DAS FAIXAS EXCLUSIVAS DE ÔNIBUS.
361485,DOCREC 216/2013,DOCREC,216,2013,ENCAMINHA INFORMAÇÕES OFERECIDAS PELA SECRETARIA MUNICIPAL DE INFRAESTRUTURA URBANA E OBRAS A RESPEITO DOS RECURSOS DESTINADOS PARA MANUTENÇÃO E CONSERVAÇÃO DOS VIADUTOS EXISTENTES EM SÃO PAULO.
361486,DOCREC 217/2013,DOCREC,217,2013,ENCAMINHA INFORMAÇÕES OFERECIDAS PELA SECRETARIA MUNICIPAL DE COORDENAÇÃO DAS SUBPREFEITURAS A RESPEITO DO NÚMERO DE LICENÇAS DE FUNCIONAMENTO EXPEDIDAS E EM VIGOR.
361502,DOCREC 233/2013,DOCREC,233,2013,ENCAMINHA AS INFORMAÇÕES OFERECIDAS PELA SECRETARIA MUNICIPAL DE FINANÇAS E DESENVOLVIMENTO ECONÔMICO A RESPEITO DOS CADASTROS ATIVOS DE CONTRIBUINTES MUNICIPAIS.
361503,DOCREC 234/2013,DOCREC,234,2013,ENCAMINHA CÓPIA DO CONVÊNIO E DO CONTRATO FIRMADOS ENTRE A SABESP E A PREFEITURA.
361514,DOCREC 245/2013,DOCREC,245,2013,"ENCAMINHA CÓPIA DAS INFORMAÇÕES PRESTADAS PELA SECRETARIA MUNICIPAL DE TRANSPORTES, A RESPEITO DA MELHORIA DA QUALIDADE DE ATENDIMENTO NA LINHA 9032-10 (JD DAMASCENO/TERMINAL VL NOVA CACHOEIRINHA)"
361517,DOCREC 248/2013,DOCREC,248,2013,ENCAMINHA INFORMAÇÕES A RESPEITO DOS VALORES SUBSIDIADOS NO PERÍODO DE 2011/2012 AOS CONCESSIONÁRIOS E PERMISSIONÁRIOS DO SISTEMA DE TRANSPORTE PÚBLICO MUNICIPAL.
361529,DOCREC 260/2013,DOCREC,260,2013,ENCAMINHA INFORMAÇÕES SOBRE O SERVIÇO DE INTERNET GRATUITA DISPONIBILIZADO NOS CENTROS EDUCACIONAIS UNIFICADOS.
361531,DOCREC 262/2013,DOCREC,262,2013,ENCAMINHA INFORMAÇÕES A RESPEITO DO ANDAMENTO E CRONOGRAMA DAS OBRAS DO TEATRO ARTHUR AZEVEDO.
361556,DOCREC 287/2013,DOCREC,287,2013,"ENCAMINHA INFORMAÇÕES SOBRE O CUMPRIMENTO DA LEI FEDERAL Nº 12.796/13, BEM COMO A RESPEITO DO PROGRAMA ""LER E ESCREVER""."
361558,DOCREC 289/2013,DOCREC,289,2013,ENCAMINHA INFORMAÇÕES SOBRE A PROVA SÃO PAULO.
361559,DOCREC 290/2013,DOCREC,290,2013,"ENCAMINHA INFORMAÇÕES SOBRE A FISCALIZAÇÃO SOBRE O TRÁFEGO DE CAMINHÕES NA MARGINAL TIETÊ E A INSTALAÇÃO DE LOMBADA ELETRÔNICA NA AVENIDA ELÍSIO TEIXEIRA LEITE, 3493."
361562,DOCREC 293/2013,DOCREC,293,2013,ENCAMINHA INFORMAÇÕES SOLICITADAS PELA CAP A RESPEITO DA DENÚNCIA DE ACÚMULO DE LIXO E SUJEIRA NA REGIÃO D DA RUA GENERAL JULIO MARCONDES SALGADO.
361564,DOCREC 295/2013,DOCREC,295,2013,ENCAMINHA INFORMAÇÕES SOLICITADAS PELA CECE A RESPEIT O DA FALTA DE VAGAS NA EDUCAÇÃO INFANTIL.
361573,DOCREC 304/2013,DOCREC,304,2013,ENCAMINHA CÓPIA DAS INFORMAÇÕES A RESPEITO DA FALTA DE PROFESSORES NA REDE MUNICIPAL DE ENSINO.
361587,DOCREC 318/2013,DOCREC,318,2013,ENCAMINHA CÓPIA DAS INFORMAÇÕES OFERECIDAS PELA SECRETARIA MUNICIPAL DE FINANÇAS E DESENVOLVIMENTO ECONÔMICO A RESPEITO DO VALOR DO IPTU EM IMÓVEIS TOMBADOS.
361609,DOCREC 340/2013,DOCREC,340,2013,ENCAMINHA INFORMAÇÕES A RESPEITO DA EXPEDIÇÃO DE ALVARÁS DE ESTACIONAMENTO DE TÁXI.
361610,DOCREC 341/2013,DOCREC,341,2013,ENCAMINHA INFORMAÇÕES A RESPEITO DE DESATIVAÇÃO DA LINHA DE ÔNIBUS 107P/10 MANDAQUI/PINHEIROS.
361624,DOCREC 355/2013,DOCREC,355,2013,"ENCAMINHA INFORMAÇÕES A RESPEITO DO RECAPEAMENTO DA AVENIDA RUBENS FRAGA DE TOLEDO ARRUDA E DAS RUAS NILZA, VERA CRUZ E AQUILINO VIDAL."
361628,DOCREC 359/2013,DOCREC,359,2013,ENCAMINHA INFORMAÇÕES ACERCA DO PL 227/2008.
361629,DOCREC 360/2013,DOCREC,360,2013,ENCAMINHA INFORMAÇÕES ACERCA DO PL 186/2013
361641,DOCREC 372/2013,DOCREC,372,2013,ENCAMINHA INFORMAÇÕES A RESPEITO DA INCLUSÃO DE UM PALCO GOSPEL NA VIRADA CULTURAL DE 2014.
361642,DOCREC 373/2013,DOCREC,373,2013,ENCAMINHA INFORMAÇÕES ACERCA DA PARALISAÇÃO DAS OBRAS E DO ATENDIMENTO AOS ALUNOS MATRICULADOS NA EMEF THEREZA MACIAL DE PAULA.
361644,DOCREC 375/2013,DOCREC,375,2013,ENCAMINHA INFORMAÇÕES A RESPEITO DO PROGRAMA DE URBANIZAÇÃO DA FAVELA JARDIM COLOMBO.
361645,DOCREC 376/2013,DOCREC,376,2013,ENCAMINHA AS INFORMAÇÕES A RESPEITO DO PROGRAMA CLUBE ESCOLA.
361648,DOCREC 379/2013,DOCREC,379,2013,"ENCAMINHA INFORMAÇÕES RELATIVOS AOS PROCESSOS ADMINISTRATIVOS REFERENTES À CONCESSÃO DE LICENÇA E ALAVRÁ DE FUNCIONAMENTO, CERTIFICADO DE CONCLUSÃO E ANISTIA DE EDIFICIÇÃO."
361649,DOCREC 380/2013,DOCREC,380,2013,ENCAMINHA INFORMAÇÕES A RESPEITO DAS MEDIDAS ADOTADAS RELATIVAS À AGLOMERAÇÃO DE PESSOAS E PERTURBAÇÃO DO SOSSEGO.
361662,DOCREC 394/2013,DOCREC,394,2013,ENCAMINHA INFORMAÇÕES ACERCA DAS PROVIDÊNCIAS PARA O RECAPEAMENTO DA RUA SHOBEE KUMAGAI.
361663,DOCREC 395/2013,DOCREC,395,2013,ENCAMINHA INFORMAÇÕES ACERCA DO FUNCIONAMENTO DO PRONTO SOCORRO MUNICIPAL DE PIRITUBA.
361664,DOCREC 396/2013,DOCREC,396,2013,"ENCAMINHA INFORMAÇÕES EM RESPOSTA A REQUERIMENTOS FORMULADOS NO ÂMBITO DA COMISSÃO DE TRÂNSITO, TRANSPORTE E ATIVIDADE ECONÔMICA."
361665,DOCREC 397/2013,DOCREC,397,2013,ENCAMINHA INFORMAÇÕES ACERCA DA INCLUSÃO DE JOVEM NO PROGRAMA DE SERVIÇO DE ATENDIMENTO ESPECIAL - ATENDE.
361666,DOCREC 398/2013,DOCREC,398,2013,ENCAMINHA INFORMAÇÕES A RESPEITO DO ATENDIMENTO REALIZADO NAS UNIDADES BÁSICAS DE SAÚDE RELATIVAMENTE À PREVENÇÃO DO CÂNCER GINECOLÓGICO E DE MAMA.
361670,DOCREC 402/2013,DOCREC,402,2013,ENCAMINHA INFORMAÇÕES ACERCA DA TRANSFERÊNCIA DO LOCAL DE FUNCIONAMENTO DA UBS CIDADE NOVA SÃO MIGUEL.
361671,DOCREC 403/2013,DOCREC,403,2013,ENCAMINHA INFORMAÇÕES ACERCA DO ANDAMENTO DOS PROJETOS INCLUÍDOS NO PROGRAMA DE METAS DO GOVERNO.
361674,DOCREC 407/2013,DOCREC,407,2013,ENCAMINHA RESPOSTA A REQUERIMENTO QUE SOLICITOU INFORMAÇÕES ACERCA DA UNIDADE BÁSICA DE SAÚDE RIO PEQUENO.
361685,DOCREC 418/2013,DOCREC,418,2013,ENCAMINHA INFORMAÇÕES ACERCA DA SEMANA DA CULTURA DA PAZ SOLICITADAS MEDIANTE REQUERIMENTO DO VER. JEAN MA DEIRA PELA CECE.
361686,DOCREC 419/2013,DOCREC,419,2013,"ENCAMINHA INFORMAÇÕES DA SP-TRANS ACERCA DA DESATIVA- ÇÃO DE LINHA DE ÔNIBUS, CONFORME SOLICITADO PELA CTTAETLG."
361687,DOCREC 420/2013,DOCREC,420,2013,ECAMINHA DOCUMENTOS SOLICITADOS PELA CCJLP À PRADAM A RESPEITO DE CONTRATOS FIRMADOS COM A EMPRESA ZETRASOFT INFORMÁTICA LTDA - REF. A CRÉDITO CONSIGNAD O.
361690,DOCREC 423/2013,DOCREC,423,2013,ENCAMINHA INFORMAÇÕES À CAP ACERCA DA PAVIMENTAÇÃO DE RUAS PRÓXIMAS À AVENIDA DO CURSINO.
361712,DOCREC 445/2013,DOCREC,445,2013,ENCAMINHA RESPOSTA A REQUERIMENTO DOS VEREADORES TELHADA E AURÉLIO NOMURA COM INFORMAÇÕES SOBRE OBRAS PARA CONSTRUÇÃO DE PONTE SOBRE O CÓRREGO DA RAPADURA.
361724,DOCREC 457/2013,DOCREC,457,2013,"ENCAMINHA INFORMAÇÕES SOLICITADAS PELA CTTAETLG, CONFORME REQUERIMENTO DO VER. AURÉLIO MIGUEL."
361729,DOCREC 462/2013,DOCREC,462,2013,ENCAMINHA INFORMAÇÕES SOLICITADAS PELA CCJLP SOBRE O PL 225/2013.
361730,DOCREC 463/2013,DOCREC,463,2013,ENCAMINHA INFORMAÇÕES SOLICITADAS PELA CECE ACERCA DA IMPLANTAÇÃO DE PARQUE NA VILA EMA.
361732,DOCREC 465/2013,DOCREC,465,2013,ENCAMINHA INFORMAÇÕES SOLICITADAS PELA CCJLP SOBRE O PL 220/2013.
361733,DOCREC 466/2013,DOCREC,466,2013,ENCAMINHA INFORMAÇÕES SOLICITADAS PELA CTTAETLG SOBRE TABELAS DE TARIFAS DE PREÇOS BEM COMO VEÍCULOS QUE COMPÕEM A FROTA DE ÔNIBUS DO MUNICÍPIO.
361736,DOCREC 469/2013,DOCREC,469,2013,ENCAMINHA INFORMAÇÕES À CCJLP SOBRE O PL 087/2012.
361739,DOCREC 472/2013,DOCREC,472,2013,"ENCAMINHA INFORMAÇÕES À CTTAETLG, SOLICITADAS POR REQUERIMENTO DE AUTORIA DO VER. CORONEL TELHADA, A RESPEITO DA LINHA DE ÔNIBUS 2011/10."
361740,DOCREC 473/2013,DOCREC,473,2013,"ENCAMINHA À CTTAETLG INFORMAÇÕES SOLICITADAS MEDIANTE REQUERIMENTO DE AUTORIA DO VEREADOR AURÉLIO MIGUEL SOBRE EMPREENDIMENTO SITUADO NA RUA DAVID BEN GURION, Nº 901."
361742,DOCREC 475/2013,DOCREC,475,2013,"ENCAMINHA INFORMAÇÕES ACERCA DO EMPREENDIMENTO SITUADO NA RUA DAVID BEN GURION, 901."
361743,DOCREC 476/2013,DOCREC,476,2013,"ENCAMINHA INFORMAÇÕES ACERCA DOS CUSTOS GERADOS PELO SISTEMA DE TRANSPORTE COLETIVO URBANO DE PASSAGEIROS NA CIDADE DE SÃO PAULO, NO PERÍODO DE JANEIRO/2011 A DEZEMBRO/2012."
361763,DOCREC 496/2013,DOCREC,496,2013,ENCAMINHA RESPOSTA AO REQUERIMENTO Nº 40/2013.
361765,DOCREC 498/2013,DOCREC,498,2013,"ENCAMINHA CÓPIA DAS INFORMAÇÕES ACERCA DA PROMOÇÃO DO EVENTO ""CORRIDA CONTRA O CRACK"" NA CIDADE DE SÃO"
361773,DOCREC 506/2013,DOCREC,506,2013,ENCAMINHA INFORMAÇÕES ACERCA DA INSTALAÇÃO DE MÓDULO DE ABRIGO DE PARADA DE ÔNIBUS SITUADO NA ALTURA DO Nº 1000 DA AVENIDA ABRAÃO DE MORAES.
361774,DOCREC 507/2013,DOCREC,507,2013,"ENCAMINHA INFORMAÇÕES A RESPEITO DAS PROVIDÊNCIAS SOLICITADAS RELATIVAMENTE AO EMPREENDIMENTO SITUADO NA RUA DAVID BEN GURION, 901."
361775,DOCREC 508/2013,DOCREC,508,2013,"ENCAMINHA INFORMAÇÕES RELATIVAS AOS PEDIDOS PENDENTES, TEMPO MÉDIO PARA CONCLUSÃO E QTDE DE FUNCIONÁRIOS ENVOLVIDOS NA ANÁLISE DE PROCESSOS ADMINISTRATIVOS AOS ALVARÁS DE FUNCIONAMENTO."
361792,DOCREC 525/2013,DOCREC,525,2013,ENCAMINHA INFORMAÇÕES ATENDENDO A REQUERIMENTO DE AUTORIA DO VEREADOR CORONEL CAMILO APROVADO PELA COMISSÃO DE ADMINISTRAÇÃO PÚBLICA.
361801,DOCREC 534/2013,DOCREC,534,2013,ENCAMINHA MANIFESTAÇÃO DO CONSELHO REGIONAL DE FONOAUDIOLOGIA 2ª REGIÃO ACERCA DO PROJETO DE LEI Nº 72/2011.
361803,DOCREC 536/2013,DOCREC,536,2013,ENCAMINHA CÓPIA DE DOCUMENTO PROTOCOLADO NO MINISTÉRIO PÚBLICO A RESPEITO DE DENÚNCIA FORMALIZADA JUNTO À PREFEITURA DE SÃO PAULO E DEMAIS SECRETARIAS LIGADAS À FEIRA DA MADRUGADA.
361844,DOCREC 577/2013,DOCREC,577,2013,"ENCAMINHA CÓPIA DOS DOCUMENTOS OFERECIDOS PELA SUBPREFEITURA DA LAPA A RESPEITO DA UNINOVE - CAMPUS ÁGUA BRANCA, SITUADO NA RUA ADOLPHO PINTO, 109."
361854,DOCREC 587/2013,DOCREC,587,2013,ENCAMINHA INFORMAÇÕES ACERCA DO FECHAMENTO DO ACESSO AO CENTRO DE ACOLHIDA BORACÉIA EXISTENTE NA RUA BORACÉIA.
361855,DOCREC 588/2013,DOCREC,588,2013,ENCAMINHA INFORMAÇÕES ACERCA DAS PROVIDÊNCIAS RELATIVAS A REFORMA E MELHORIA DE ILUMINAÇÃO EM ESCADARIA DA TRAVESSA QUE INTERLIGA AS RUAS PEDRO PETRICEVIC E ROGÉRIO FERNANDES.
361856,DOCREC 589/2013,DOCREC,589,2013,"ENCAMINHA INFORMAÇÕES A RESPEITO DA ATUAÇÃO DE CAMELÔS NA FEIRA DE ARTE, ARTESANATO, GASTRONOMIA, CULTURA E LAZER DA PRAÇA DA REPÚBLICA."
361877,DOCREC 610/2013,DOCREC,610,2013,ENCAMINHA OFÍCIO EM RESPOSTA AO REQUERIMENTO DO VEREADOR AURÉLIO MIGUEL QUE SOLITOU O ENVIO DO PROCESSO ADMINISTRATIVO Nº 2005-0.020.602-0.
361896,DOCREC 629/2013,DOCREC,629,2013,ENCAMINHA COMUNICADO A NOVA COMPOSIÇÃO DO CONSELHO MUNICIPAL DA PESSOA COM DEFICIÊNCIA ELEITOS PARA O BIÊNIO SETEMBRO/2013 A AGOSTO/2015.
361905,DOCREC 638/2013,DOCREC,638,2013,"ENCAMINHA RESPOSTA AO OFÍCIO SGP-12 Nº 00355/2013, APROVADO NO ÂMBITO DA COMISSÃO DE EDUCAÇÃO, CULTURA E ESPORTES."
361906,DOCREC 639/2013,DOCREC,639,2013,ENCAMINHA INFORMAÇÕES RELATIVAS À DEMARCAÇÃO DAS VAGAS DESTINADAS A DEFICIENTES FÍSICOS NOS ESTACIONAMENTOS DE INSTITUIÇÕES DE ENSINO E ENTIDADES ESTABELECIDAS NA CIDADE.
361909,DOCREC 642/2013,DOCREC,642,2013,ENCAMIMNHA RESPOSTA REFERENTE AO OFÍCIO SGP23 Nº 360/2013.
361911,DOCREC 644/2013,DOCREC,644,2013,ENCAMINHA INFORMAÇÕES A RESPEITO DA REALIZAÇÃO DE ESTUDOS VISANDO IMPLANTAR FAIXA EXCLUSIVA OU PREFERENCIAL DE ÔNIBUS NA REGIÃO DA RODOVIA ANCHIETA.
361913,DOCREC 646/2013,DOCREC,646,2013,ENCAMINHA INFORMAÇÕES ACERCA DA INSTALAÇÃO DE EQUIPAMENTO DE SAÚDE NA REGIÃO DO JARAGUÁ.
361915,DOCREC 648/2013,DOCREC,648,2013,"ENCAMINHA INFORMAÇÕES ACERCA DAS MEDIDAS ADOTADAS PELA CET, RELATIVAS AOS PEDIDOS FORMULADOS PELA ENTIDADE AME JARDINS."
361921,DOCREC 654/2013,DOCREC,654,2013,"ENCAMINHA INFORMAÇÕES ACERCA DO PEDIDO FORMULADO PELOS CONDÔMINOS DO EDIFÍCIO VIADUTOS, RELATIVO À ORGANIZAÇÃO DA VIRADA CULTURAL."
361927,DOCREC 660/2013,DOCREC,660,2013,ENCAMINHA CÓPIA DOS RELATÓRIOS REFERENTES À LIMPEZA REALIZADA NOS PISCINÕE SNA CIDADE ENTRE 2012 E 2013.
361940,DOCREC 673/2013,DOCREC,673,2013,ENCAMINHA AS INFORMAÇÕES SOBRE O PROCESSO DE COMPRA DE MATERIAIS PARA AS UNIDADES DE SAÚDE DO MUNICÍPIO.
361941,DOCREC 674/2013,DOCREC,674,2013,ENCAMINHA AS INFORMAÇÕES RELATIVAS À AUTORIZAÇÃO PARA CIRCULAÇÃO DE TÁXIS NOS CORREDORES DE ÔNIBUS DA CIDADE DERANTE O TRANSPORTE DE PASSAGEIROS.
361944,DOCREC 677/2013,DOCREC,677,2013,"ENCAMINHA CÓPIAS EM CD DA PROPOSTA ORÇAMENTÁRIA 2014 DO MUNICÍPIO DE SÃO PAULO AOS 55 VEREADORES, À CTEO E À BIBLIOTECA."
361955,DOCREC 688/2013,DOCREC,688,2013,"ENCAMINHA INFORMAÇÕES REFERENTES À REGULAMENTAÇÃO DA LEI Nº 15.777, DE 29 DE MAIO DE 2013."
361998,DOCREC 731/2013,DOCREC,731,2013,"ENCAMINHA CÓPIA DOS ELEMENTOS RELATIVOS AOS VEÍCULOS QUE COMPÕEM A FROTA DE ÔNIBUS DO MUNICÍPIO, BEM COMO OS PREÇOS DAS PASSAGENS E SUA COMPOSIÇÃO."
361999,DOCREC 732/2013,DOCREC,732,2013,ENCAMINHA AS INFORMAÇÕES OFERECIDAS PELA SECRETARIA MUNICIPAL DE EDUCAÇÃO EM RESPOSTA A REQUERIMENTO DE AUTORIA DO FÓRUM MUNICIPAL DE EDUCAÇÃO.
362001,DOCREC 734/2013,DOCREC,734,2013,ENCAMINHA INFORMAÇÕES A RESPEITO DO CUSTO OPERACIONAL DOS VEÍCULOS EM OPERAÇÃO NA ÁREA 4.
362007,DOCREC 740/2013,DOCREC,740,2013,"ENCAMINHA INFORMAÇÕES ACERCA DO FUNCIONAMENTO DOS CONSELHOS MUNICIPAIS RELACIONADOS NO REQUERIMENTO, DE AUTORIA DO VEREADOR GILSON BARRETO, APROVADO PELA COMISSÃO DE ADM. PÚBLICA."
362020,DOCREC 753/2013,DOCREC,753,2013,ENCAMINHA CÓPIAS DAS INFORMAÇÕES PRESTADAS PELA SECRETARIA MUNICIPAL DE ASSISTÊNCIA E DESENVOLVIMENTO SOCIAL A RESPEITO DA SITUAÇÃO DOS ALBERGUES DO MUNICÍPIO.
362028,DOCREC 761/2013,DOCREC,761,2013,"ENCAMINHA CÓPIA DAS INFORMAÇÕES PRESTADAS PELA SECRETARIA MUNICIPAL DA SAÚDE A RESPEITO DA OCORRÊNCIA DE CASOS DE GRIPE ""A"" NO MUNICÍPIO."
362047,DOCREC 780/2013,DOCREC,780,2013,"ENCAMINHA INFORMAÇÕES SOLICITADAS PELA COMISSÃO DE TRANSITO, MEDIANTE REQUERIMENTOS DE AUTORIA DO VEREADOR AURÉLIO MIGUEL."
362092,DOCREC 825/2013,DOCREC,825,2013,ENCAMINHA INFORMAÇÕES A RESPEITO DAS OBRAS DE PROLONGAMENTO DA RADIAL LESTE.
362094,DOCREC 827/2013,DOCREC,827,2013,ENCAMINHA INFORMAÇÕES RELATIVAS AO EMPREENDIMENTO DENOMINADO JARDIM DAS PERDIZES.
362095,DOCREC 828/2013,DOCREC,828,2013,"ENCAMINHA INFORMAÇÕES A RESPEITO DA REALIZAÇÃO DE CONCURSO PÚBLICO PARA A ÁREA DA SAÚDE, BEM COMO A TABELA DE LOTAÇÃO DE PROFISSIONAIS - TLP."
362114,DOCREC 847/2013,DOCREC,847,2013,"ENCAMINHA INFORMAÇÕES A RESPEITO DO PARQUE PRIMAVERA, NA VILA JACUÍ."
362115,DOCREC 848/2013,DOCREC,848,2013,ENCAMINHA INFORMAÇÕES SOBRE PROVIDÊNCIAS PARA EVITAR ALAGAMENTOS NAS RUAS SOSSÓIA E EREMIAS DELIZOICOV E SOBRE AS OBRAS DE CANALIZAÇÃO DO CÓRREGO DO LIMOEIRO.
362117,DOCREC 850/2013,DOCREC,850,2013,"ENCAMINHA INFORMAÇÕES SOBRE A QUANTIDADE DE EXECUÇÕES FISCAIS EM ANDAMENTO, CONFORME LEVANTAMENTO FEITO POR SEUS DEPARTAMENTOS FISCAL E JUDICIAL."
362121,DOCREC 854/2013,DOCREC,854,2013,TERMO DE COMPROMISSO CELEBRADO. FINALIDADE; RESERVATÓRIO DE CONTROLE DE CHEIAS NA BACIA DOS PINHEIROS - CÓRREGO ZAVUVUS.
362125,DOCREC 858/2013,DOCREC,858,2013,ENCAMINHA INFORMAÇÕES A RESPEITO DE SUPOSTO ABUSO SEXUAL DE MENINA DE 11 ANOS NA ESCOLA MUNICIPAL DE ENSINO FUNDAMENTAL PLÍNIO AYROSA.
362130,DOCREC 863/2013,DOCREC,863,2013,ENCAMINHA INFORMAÇÕES SOBRE A QUANTIDADE DE TERMOS DE PERMISSÃO DE USO EXPEDIDOS PARA O COMÉRCIO AMBULANTE.
362141,DOCREC 874/2013,DOCREC,874,2013,ENCAMNHA INFORMAÇÕES A RESPEITO DA CRIAÇÃO DE PONTO DE ÔNIBUS NA AVENIDA SÃO MIGUEL E SOBRE A IMPLANTAÇÃO DE SEMÁFORO ENTRE AS RUAS MIMO DE VÊNUS E SOSSÓIA.
362150,DOCREC 883/2013,DOCREC,883,2013,"ENCAMINHA INFORMAÇÕES A RESPEITO DA REGULAMENTAÇÃO DA LEI Nº 15.679/12, QUE CRIOU O FUNDO MUNICIPAL DO IDOSO."
362151,DOCREC 884/2013,DOCREC,884,2013,ENCAMINHA INFORMAÇÕES SOBRE A DESATIVAÇÃO DAS LINHAS MUNICIPAIS 3760-10 E 3405-10.
362154,DOCREC 887/2013,DOCREC,887,2013,ENCAMINHA INFORMAÇÕES RELATIVAS ÀS VAGAS EM CRECHES MUNICIPAIS.
362155,DOCREC 888/2013,DOCREC,888,2013,"ENCAMINHA INFORMAÇÕES ACERCA DO FUNCIONAMENTO DA UBS DO JARDIM NOSSA SENHORA DO CARMO, BEM COMO DA ABERTURA DE CONCURSO PÚBLICO PARA A CONTRATAÇÃO DE PROFISSIONAIS DE SAÚDE."
362156,DOCREC 889/2013,DOCREC,889,2013,ENCAMINHA INFORMAÇÕES A RESPEITO DO CEU GUARAPIRANGA - FLORINDA LOTAIF SCHAHIN.
362158,DOCREC 891/2013,DOCREC,891,2013,"ENCAMINHA INFORMAÇÕES ACERCA DO EXISTÊNCIA DE PROJETO PARA A IMPLANTAÇÃO DE AMBULATÓRIO DE SAÚDE MENTAL NA REGIÃO DO JARDIM PEDRO JOSÉ NUNES, BEM COMO DE FARMÁCIA DE ALTO CUSTO."
362160,DOCREC 893/2013,DOCREC,893,2013,ENCAMINHA INFORMAÇÕES ACERCA DO PL 721/13.
362171,DOCREC 904/2013,DOCREC,904,2013,
362172,DOCREC 905/2013,DOCREC,905,2013,
362173,DOCREC 906/2013,DOCREC,906,2013,
362174,DOCREC 908/2013,DOCREC,908,2013,ENCAMINHA INFORMAÇÕES A RESPEITO DA UNIDADE BÁSICA DE SAÚDE DA VILA JACUÍ.
362175,DOCREC 909/2013,DOCREC,909,2013,ENCAMINHA INFORMAÇÕES SOBRE A UTLIZAÇÃO DOS RECURSOS RELATIVOS À DISTRIBUIÇÃO DE MEDICAMENTOS AOS USUÁRIOS DA REDE DE ATENÇÃO BÁSICA.
362215,DOCREC 1/2014,DOCREC,1,2014,ENCAMINHA INFORMAÇÕES ACERCA DO PL 658/13.
362217,DOCREC 3/2014,DOCREC,3,2014,ENCAMINHA INFORMAÇÕES A RESPEITO DO SISTEMA DA DÍVIDA ATIVA.
362223,DOCREC 9/2014,DOCREC,9,2014,ENCAMINHA INFORMAÇÕES RELATIVAS AOS SERVIÇOS REALIZADOS EM DECORRÊNCIA DAS MANIFESTAÇÕES POPULARES OCORRIDAS NO ÚLTIMOS MÊS DE JUNHO.
362240,DOCREC 26/2014,DOCREC,26,2014,ENCAMINHA INFORMAÇÕES A RESPEITO DO PROGRAMA INCLUI.
362241,DOCREC 27/2014,DOCREC,27,2014,ENCAMINHA INFORMAÇÕES A RESPEITO DOS PROJETOS PARA A EXPANSÃO DE VAGAS NA EDUCAÇÃO INFANTIL.
362255,DOCREC 41/2014,DOCREC,41,2014,ENCAMINHA INFORMAÇÕES SOBRE O ANDAMENTO DA OBRA DO CÓRREGO DO CORDEIRO.
362256,DOCREC 42/2014,DOCREC,42,2014,ENCAMINHA INFORMAÇÕES A RESPEITO DAS MEDIDAS PARA GARANTIR A SEGURANÇA DE PROFISSIONAIS DE SAÚDE.
362257,DOCREC 43/2014,DOCREC,43,2014,ENCAMINHA INFORMAÇÕES A RESPEITO DO PLANTIO DE ÁRVORES NO CANTEIRO CENTRAL DA RUA TAUBATÉ.
362258,DOCREC 44/2014,DOCREC,44,2014,ENCAMINHA INFORMAÇÕES A RESPEITO DA ENTREGA DE TABLETS E INSTALAÇÃO DE REDE WI-FI NAS ESCOLAS MUNICIPAIS.
362281,DOCREC 67/2014,DOCREC,67,2014,ENCAMINHA INFORMAÇÕES SOLICITADAS PELA CCJLP ACERCA DO IPTU DO JOCKEY CLUB SÃO PAULO.
362282,DOCREC 68/2014,DOCREC,68,2014,ENCAMINHA INFORMAÇÕES SOLICITADAS PELA CAP A RESPEITO DE REPARO DE PASSEIO PÚBLICO NA RUA JOSÉ DA COSTA VIEIRA.
362284,DOCREC 70/2014,DOCREC,70,2014,"ENCAMINHA RESPOSTA APROVADO PELA COMISSÃO DE EDUCAÇÃO, CULTURA E ESPORTES A RESPEITO DOS SERVIÇOS GERAIS DE MANUTENÇÃO PREVISTOS PARA CEU GUARAPIRANGA FLORINDA LOTAIF SCHAHIN."
362285,DOCREC 71/2014,DOCREC,71,2014,"ENCAMINHA RESPOSTA AO REQUERIMENTO APROVADO PELO VER. GILBERTO NATALINI NA COMISSÃO DE SAÚDE, PROMOÇÃO SOCIAL, TRABALHO E MULHER, A RESPEITO DA DISTRIBUIÇÃO DE MEDICAMENTOS NA REDE DE ATENÇÃO BÁSICA."
362287,DOCREC 73/2014,DOCREC,73,2014,"ENCAMINHA REQUERIMENTO APROVADO PELO VER. TONINHO VESPOLI, NO ÂMBITO DA COMISSÃO DE EDUCAÇÃO, CULTURA E ESPORTES, REFERENTE AO CUMPRIMENTO DA LEI FEDERAL Nº 11.738/11"
362288,DOCREC 74/2014,DOCREC,74,2014,"ENCAMINHA RESOSTA AO REQUERIMENTO APROVADO PELO VER. GILSON BARRETO, APROVADO NA COMISSÃO DE ADMINISTRAÇÃO PÚBLICA, A RESPEITO DA SÃO PAULO OBRA QUANTO AOS ABRIGOS DE ÔNIBUS."
362289,DOCREC 75/2014,DOCREC,75,2014,"ENCAMINHA RESPOSTA AO REQUERIMENTO DO VEREADOR MÁRIO COVAS NETO, APROVADO PELA COMISSÃO DE ADMINISTRAÇÃO PÚBLICA REFERENTE AO CUMPRIMENTO DA LEI DAS CÓTAS DE EMPREGO P/ PORTADORES DE DEFICIÊNCIA."
362327,DOCREC 114/2014,DOCREC,114,2014,ENCAMINHA CÓPIA DAS INFORMAÇÕES DA SUBPREFEITURA DE SÃO MATEUS E DA SECRETARIA MUNICIPAL DE TRANSPORTES A RESPEITO DA REV ITALIZAÇÃO DA AV. MATEO BEI E DO ESTACIONAMENTO DE VEÍCULOS.
362332,DOCREC 119/2014,DOCREC,119,2014,ENCAMINHA CÓPIA DAS INFORMAÇÕES DA SECRETARIA MUNICIPAL DE EDUCAÇÃO A RESPEITO DA CONTRATAÇÃO DE PROFESSORES DE LIBRAS NA REDE PÚBLICA MUNICIPAL.
362333,DOCREC 120/2014,DOCREC,120,2014,"ENCAMINHA CÓPIA DAS INFORMAÇÕES DA SUBPREFEITURA DE CAPELA DO SOCORRO SOBRE A RESTAURAÇÃO DA CAPA ASFÁLTICA DA RUA QUINTA DO SÃO FRANCISCO, VILA SÃO JOSÉ."
362348,DOCREC 135/2014,DOCREC,135,2014,ENCAMINHA INFORMAÇÕES A RESPEITO DE PONTO DE ÔNIBUS NA AVENIDA LEONARDO DA VINCI E SOBRE A REMOÇÃO DE TOTEM ALI INSTALADO.
362349,DOCREC 136/2014,DOCREC,136,2014,ENCAMINHA INFORMAÇÕES A RESPEITO DA LINHA 178Y - VILA AMÉLIA/JARDIM SÃO PAULO.
362351,DOCREC 138/2014,DOCREC,138,2014,"ENCAMINHA RESPOSTAS AOS REQUERIMENTOS APROVADOS PELO VER. MÁRIO COVAS NETO, NO ÂMBITO DA COMISSÃO DE ADMINISTRAÇÃO PÚBLIUCA."
362364,DOCREC 151/2014,DOCREC,151,2014,"ENCAMINHA SUBSÍDIOS SOLICITADOS PELA COMISSÃO DE CONSTITUIÇÃO, JUSTIÇA E LEGISLAÇÃO PARTICIPATIVA AO PL 174/2012."
362365,DOCREC 152/2014,DOCREC,152,2014,"ENCAMINHA SUBSÍDIOS SOLICITADOS PELA COMISSÃO DE CONSTITUIÇÃO, JUSTIÇA E LEGISLAÇÃO PARTICIPATIVA AO PL 181/2013."
362383,DOCREC 170/2014,DOCREC,170,2014,ENCAMINHA INFORMAÇÕES RELATIVAS À LIMPEZA REALIZADA NOS PISCINÕES DA CIDADE DURANTE OS ANOS DE 2012 E 2013.
362385,DOCREC 172/2014,DOCREC,172,2014,ENCAMINHA RESPOSTA AO REQUERIMENTO APROVADO PELA COMISSÃO DE ADMINISTRAÇÃO PÚBLICA REFERENTES ÀS INFORMAÇÕES FORNECIDAS PELA SÃO PAULO OBRAS SOBRE A OPERAÇÃO URBANA CONSORCIADA ÁGUA ESPRAIADA.
362386,DOCREC 173/2014,DOCREC,173,2014,"ENCAMINHA RESPOSTA AO REQUERIMENTO DO VER. GILSON BARRETO, NA COMISSÃO DE ADMINISTRAÇÃO PÚBLICA, REFERENTE A IMÓVEIS QUE SERÃO DESAPROPRIADOS PÉLA OPERAÇÃO URBANA CONSORCIADA ÀGUA BRANCA."
362396,DOCREC 183/2014,DOCREC,183,2014,"ENCAMINHA INFORMAÇÕES, COM ESCLARECIMEN TOS PERTINENTES À QUESTÃO DOS, TENDO EM VISTA PROJETO DE LEI Nº 891/2013, DE AUTORIA DO VER. TONINHO VESPOL I."
362437,DOCREC 224/2014,DOCREC,224,2014,
362438,DOCREC 225/2014,DOCREC,225,2014,
362476,DOCREC 263/2014,DOCREC,263,2014,ENCAMINHA INFORMAÇÕES AO REQUERIEMENTO APROVADO PELO VER. GILSON BARRETO NA COMISSÃO DE ADMINISTRAÇÃO PUBLICA A RESPEITO DA ALTERAÇÃO DE ITINERÁRIO DA LINHA 172U-CEMITÉRIO PQUE. DOS PINHEIROS - MOOCA.
362482,DOCREC 269/2014,DOCREC,269,2014,"ENCAMINHA INFORMAÇÕES RELATIVAS AO CONTRATO 74/SES/11, FIRMADO ENTRE A PREFEITURA DO MUNCÍPIO DE SÃO PAULO E O CONSÓRCIO SOMA - SOLUÇÕES E MEIO AMBIENTE."
362488,DOCREC 276/2014,DOCREC,276,2014,"RESPOSTA AOS OFÍCIOS 41 E 42/14 DO VEREADOR CORONEL TELHADA APROVADO PELA COMISSÃO DE TRANSPORTES, ACERCA DE FAIXA EXCLUSIVA DE ÔNIBUS IMPLANTADA NA AV. MATEO BEI E DA LIBERAÇÃO DE ESTACIONAMENTO ROTATIVO."
362498,DOCREC 286/2014,DOCREC,286,2014,"ENCAMINHA INFORMAÇÕES AO REQUERIMENTO APROVADO PELO VER. MARIO COVAS NETO NA COMISSÃO DE ADMINISTRA ÇÃO PÚBLICA, REFERENTE AO PROGRAMAOFÍCIO SOCIAL."
362504,DOCREC 292/2014,DOCREC,292,2014,"ENCAMINHA INFORMAÇÕES A RESPEITO DO QUADRO DE PROFISSIONAIS, EQUIPAMENTOS E MEDICAMENTOS EXISTENTES NAS UNIDADES DE SAÚDE INSTALADAS NA REGIÃO DA SUBPREFEITURA DE SÃO MATEUS."
362531,DOCREC 319/2014,DOCREC,319,2014,"ENCAMINHA INFORMAÇÕES REFERENTES À ILUMINAÇÃO DA RUA PEIXOTO GOMIDE E AO FUNCIONAMENTO DO POSTO DE ABASTECIMENTO DA BANDEIRA ALE, SITUADO NAS IMEDIAÇÕES,"
362533,DOCREC 321/2014,DOCREC,321,2014,ENCAMINHA INFORMAÇÕES A RESPEITO DA RUA CARLOS WEBER.
362535,DOCREC 323/2014,DOCREC,323,2014,ENCAMINHA INFORMAÇÕES A RESPEITO DA BASE DA GUARDA CIVIL METROPOLIATANA NA PRAÇA ROOSEVELT.
362537,DOCREC 325/2014,DOCREC,325,2014,ENCAMINHA À COMISSÃO DE ADMINISTRAÇÃO PÚBLICA AS INFORMAÇÕES SOLICITADAS A RESPEITO DE PRIMEIROS SOCORROS NO INTERIOR DOS TERMINAIS URBANOS.
362544,DOCREC 335/2014,DOCREC,335,2014,"ENCAMINHA CÓPIA DE INFORMAÇÕES OFERECIDAS PELA SECRETARIA MUNICIPAL DA SAÚDE A RESPEITO DA AQUISIÇÃO DA ÁREA SITUADA NA RUA ISMAEL NERY, Nº 796, PARA AMPLIAÇÃO DAS INSTALAÇÕES DE AMBULATÓRIO"
362545,DOCREC 336/2014,DOCREC,336,2014,"ENCAMINHA INFORMAÇÕES OFERECIDAS PELA SMVMA RELATIVAS A MANUTENÇÃO DO PARQUE LINEAR DO CÓRREGO DO BANANAL/ CANIVETE, LOCALIZADO NA REGIÃO DO JARDIM DAMASCENO."
362564,DOCREC 356/2014,DOCREC,356,2014,ENCAMINHA INFORMAÇÕES ACERCA DO ANDAMENTO DAS OBRAS DO COMPLEXO VIÁRIO JARAGUÁ.
362565,DOCREC 357/2014,DOCREC,357,2014,ENCAMINHA INFORMAÇÕES SOBRE AS AÇÕES RELACIONADAS À ANEMIA FALCIFORME E SAÚDE DA POPULAÇÃO NEGRA.
362567,DOCREC 359/2014,DOCREC,359,2014,ENCAMINHA INFORMAÇÕES A RESPEITO DA IMPLANTAÇÃO DE CALÇADA E MELHORIAS VIÁRIAS EM TRECHO DA AVENIDA ALEXIOS JAFET.
362594,DOCREC 386/2014,DOCREC,386,2014,
362595,DOCREC 387/2014,DOCREC,387,2014,
362596,DOCREC 388/2014,DOCREC,388,2014,
362597,DOCREC 389/2014,DOCREC,389,2014,
362599,DOCREC 391/2014,DOCREC,391,2014,
362600,DOCREC 392/2014,DOCREC,392,2014,
362607,DOCREC 399/2014,DOCREC,399,2014,REQUERIMENTO APROVADO NO ÂMBITO DA COMISSÃO DE ADMINISTRAÇÃO PÚBLICA A RESPEITO DAS PROVIDÊNCIAS ADOTADAS PARA LIMPEZA E REMOÇÃO DAS FAMILIAS QUE INVADIRAM TERRENO LOCALIZADO NA R. MARIER N. CALFAT.
362635,DOCREC 429/2014,DOCREC,429,2014,"ENCAMINHA INFORMAÇÕES À CAP, ATENDENDO A REQUERIMENTO DO VEREADOR MÁRIO COVAS NETO, ACERCA DE MANEJO ARBÓREO E OBTENÇÃO DE ALVARÁ DE APROVAÇÃO E EXECUÇÃO DE EDIFICAÇÃO NOVA - PRÓX. AO PARQUE BURLE MAX."
362638,DOCREC 432/2014,DOCREC,432,2014,"ENCAMINHA INFORMAÇÕES À CAP, ATENDENDO A REQUERIMENTO DO VEREADOR MÁRIO COVAS NETO, A RESPEITO DO MANEJO DE EXEMPLARES ARBÓREOS NO PARQUE DA INDEPENDÊNCIA."
362640,DOCREC 434/2014,DOCREC,434,2014,"ENCAMINHA INFORMAÇÕES À CAP, ATENDENDO A REQUERIMENTO DO VEREADOR MÁRIO COVAS NETO, REFERENTES AO TRAJETO DOS ÔNIBUS ENTRE AS GARAGENS E SEUS PONTOS INICIAIS."
362671,DOCREC 930/2014,DOCREC,930,2014,ENCAMINHA INFORMAÇÕES ACERCA DAS PROVIDÊNCIAS ADOTADAS RELATIVAMENTE ÀS ESTAÇÕES RÁDIO-BASE ESPECIFICADAS.
362672,DOCREC 931/2014,DOCREC,931,2014,ENCAMINHA INFORMAÇÕES RELATIVAS ÀS DESAPROPRIAÇÕES PREVISTAS NO PL 377/2014.
362703,DOCREC 962/2014,DOCREC,962,2014,ENCAMINHA OS ELEMENTOS INFORMATIVOS E O PRONUNCIAMENTO OBTID OS PERANTE A GUARDA CIVIL METROPOLITANA E A SECRETARIA MUNIC IPAL DE SEGURANÇA URBANA ACERCA DO PL 440/14.
362704,DOCREC 963/2014,DOCREC,963,2014,ENCAMINHA AS INFORMAÇÕES E DOCUMENTOS OFERECIDOS PELOS ÓRGÃO S MUNICIPAIS COMPETENTES ACERCA DO PROJETO DE LEI 417/14.
362706,DOCREC 965/2014,DOCREC,965,2014,ENCAMINHA AS INFORMAÇÕES PRESTADAS PELA SECRETARIA MUNICIPAL DE TRANSPORTES A RESPEITO DO PROJETO DE LEI 535/12.
362710,DOCREC 969/2014,DOCREC,969,2014,MÚSICOS CANTORES DO CORAL LÍRICO DO THEATRO MUNICIPAL DE SÃO PAULO AFIRMAM A IMPORTÂNCIA DA MANUTENÇÃO DO ORÇAMENTO DE 20 15 PREVISTO PARA A FUNDAÇÃO THEATRO MUNICIPAL DE SÃO PAULO.
362713,DOCREC 972/2014,DOCREC,972,2014,ENCAMINHA AS INFORMAÇÕES PRESTADAS PELA SECRETARIA MUNICIPAL DE EDUCAÇÃO A RESPEITO DA MANUTENÇÃO DOS ESTABELECIMENTOS DE ENSINO QUE ESPECIFICA.;
362714,DOCREC 973/2014,DOCREC,973,2014,ENCAMINHA OS ESCLARECIMENTOS OFERECIDOS PELA SUBPREFEITURA DE SÃO MIGUEL RELATIVOS AO ASFALTAMENTO DE TRECHO DA RUA JOSÉ MARTINS LISBOA.
362718,DOCREC 977/2014,DOCREC,977,2014,ENCAMINHA AS INFORMAÇÕES OFERECIDAS PELA SUBPREFEITURA DA MOOCA REFERENTES À FISCALIZAÇÃO DE 227 ESTAÇÕES RÁDIO-BASE ERB'S APONTADAS EM RELATÕRIO ENCAMINHADO POR ESTA CÂMARA.
362720,DOCREC 979/2014,DOCREC,979,2014,ENCAMINHA AS INFORMAÇÕES OFERECIDAS PELA SUBPREFEITURA DE BUTANTÃ REFERENTES À FISCALIZAÇÃO DAS 265 ESTAÇÕES RÁDIO-BAS E - ERB'S APONTADAS NO RELATÓRIO ENCAMINHADO POR ESTA CÂMARA
362721,DOCREC 980/2014,DOCREC,980,2014,ENCAMINHA AS INFORMAÇÕES E DOCUMENTOS OFERECIDOS PELA SECRET ARIA MUNICIPAL DE INFRAESTRUTURA URBANA E OBRAS RELATIVOS À CONSTRUÇÃO DO CENTRO DE CONVIVÊNCIA DA 3ª IDADE - EDU CHAVES
362722,DOCREC 981/2014,DOCREC,981,2014,"ENCAMINHA AS INFORMAÇÕES PRESTADAS PELA SECRETARIA MUNICIPAL DA SAÚDE A RESPEITO DA IMPLANTAÇÃO, NOS ANOS DE 2013 E 2014, DE EQUIPES DE CONSULTÓRIO NA RUA, COM TRATAMENTOS ODONTOLÓGI CO E RELACIONADO AO ABUSO DE ÁLCOOL E OUTRAS DROGAS."
362723,DOCREC 982/2014,DOCREC,982,2014,ENCAMINHA OS ESCLARECIMENTOS PRESTADOS PELA SECRETARIA MUNI CIPAL DE ASSISTÊNCIA E DESENVOLVIMENTO SOCIAL ACERCA DO HAST EAMENTO DE BANDEIRA PARTIDÁRIA NO INTERIOR DO CENTRO DE ACO LHIDA DE ADULTOS ZANCONE.
362736,DOCREC 995/2014,DOCREC,995,2014,ENCAMINHA OS ESCLARECIMENTOS OFERECIDOS PELA SECRETARIA MUNI CIPAL DO VERDE E DO MEIO AMBIENTE REFERENTES À RETOMADA DA INSPEÇÃO VEICULAR.
362748,DOCREC 1/2015,DOCREC,1,2015,"ENCAMINHA SUBSÍDIOS AO PL 496/2014, ATENDENDO A SOLICITAÇÃO DA COMISSÃO DE CONSTITUIÇÃO, JUSTIÇA E LEGISLAÇÃO PARTICIPATIVA."
362749,DOCREC 2/2015,DOCREC,2,2015,"ENCAMINHA INFORMAÇÕES EM RESPOSTA A REQUERIMENTO DE AUTORIA DO VEREADOR REIS, ENCAMINHADO PELA COMISSÃO DE EDUCAÇÃO, CULTURA E ESPORTES."
362750,DOCREC 3/2015,DOCREC,3,2015,"ENCAMINHA INFORMAÇÕES EM RESPOSTA A REQUERIMENTOS DE AUTORIA DO VEREADOR MARIO COVAS NETO, DELIBERADOS PELA COMISSÃO DE ADMINISTRAÇÃO PÚBLICA, RELATIVAS AO EFETIVO DA GUARDA CIVIL METROPOLITANA."
362751,DOCREC 4/2015,DOCREC,4,2015,"ENCAMINHA INFORMAÇÕES EM RESPOSTA A REQUERIMENTO DE AUTORIA DO VEREADOR MARIO COVAS NETO, DELIBERADOS PELA COMISSÃO DE ADMINISTRAÇÃO PÚBLICA, A RESPEITO DE OBRAS DE CENTROS EDUCACIONAIS E ESPORTIVOS DIVERSOS."
362752,DOCREC 5/2015,DOCREC,5,2015,ENCAMINHA INFORMAÇÕES EM RESPOSTA A REQUERIMENTO DA COMISSÃO DE ADMINISTRAÇÃO PÚBLICA A RESPEITO DE ÁREAS DA COHAB-SP LOCALIZADAS NO MUNICÍPIO DE CARAPICUÍBA.
362755,DOCREC 8/2015,DOCREC,8,2015,"ENCAMINHA INFORMAÇÕES EM RESPOSTA A REQUERIMENTO DE AUTORIA DO VEREADOR MARIO COVAS NETO, DELIBERADOS PELA COMISSÃO DE ADMINISTRAÇÃO PÚBLICA, A RESPEITO DA IMPLANTAÇÃO DE CENTROS DE REFERÊNCIA EM SEGURANÇA ALIMENTAR E NUTRICIONAL."
362756,DOCREC 9/2015,DOCREC,9,2015,"ENCAMINHA INFORMAÇÕES EM RESPOSTA A REQUERIMENTO DE AUTORIA DO VEREADOR GILBERTO NATALINI, DELIBERADOS PELA COMISSÃO DE SAÚDE, PROMOÇÃO SOCIAL, TRABALHO E MULHER, A RESPEITO DO ACOLHIMENTO E ATENDIMENTO DAS AMAS."
362760,DOCREC 13/2015,DOCREC,13,2015,"ENCAMINHA SUBSÍDIOS AO PL 602/2014, ATENDENDO A SOLICITAÇÃO DA COMISSÃO DE CONSTITUIÇÃO, JUSTIÇA E LEGISLAÇÃO PARTICIPATIVA."
362762,DOCREC 15/2015,DOCREC,15,2015,"ENCAMINHA SUBSÍDIOS AO PL 482/2014, ATENDENDO A SOLICITAÇÃO DA COMISSÃO DE CONSTITUIÇÃO, JUSTIÇA E LEGISLAÇÃO PARTICIPATIVA."
362763,DOCREC 16/2015,DOCREC,16,2015,"ENCAMINHA SUBSÍDIOS AO PL 508/2014, ATENDENDO A SOLICITAÇÃO DA COMISSÃO DE CONSTITUIÇÃO, JUSTIÇA E LEGISLAÇÃO PARTICIPATIVA."
362767,DOCREC 20/2015,DOCREC,20,2015,"ENCAMINHA INFORMAÇÕES EM RESPOSTA A REQUERIMENTO DE AUTORIA DO VEREADOR MARIO COVAS NETO, DELIBERADOS PELA COMISSÃO DE ADMINISTRAÇÃO PÚBLICA, A RESPEITO DA META DE REESTRUTURAÇÃO DE CASAS DE MEDIAÇÃO NAS INSPETORIAS DA GCM."
362768,DOCREC 21/2015,DOCREC,21,2015,"ENCAMINHA INFORMAÇÕES EM RESPOSTA A REQUERIMENTO DE AUTORIA DO VEREADOR MARIO COVAS NETO, DELIBERADOS PELA COMISSÃO DE ADMINISTRAÇÃO PÚBLICA, SOBRE INCLUSÃO DE TEMAS NO CURRÍCULO DA REDE PÚBLICA DE ENSINO."
362769,DOCREC 22/2015,DOCREC,22,2015,"ENCAMINHA SUBSÍDIOS AO PL 020/2014, ATENDENDO A SOLICITAÇÃO DA COMISSÃO DE CONSTITUIÇÃO, JUSTIÇA E LEGISLAÇÃO PARTICIPATIVA."
362771,DOCREC 24/2015,DOCREC,24,2015,"ENCAMINHA SUBSÍDIOS AO PL 369/2013, ATENDENDO A SOLICITAÇÃO DA COMISSÃO DE EDUCAÇÃO, CULTURA E ESPORTES."
362772,DOCREC 25/2015,DOCREC,25,2015,"ENCAMINHA SUBSÍDIOS AO PL 500/2014, ATENDENDO A SOLICITAÇÃO DA COMISSÃO DE CONSTITUIÇÃO, JUSTIÇA E LEGISLAÇÃO PARTICIPATIVA."
362777,DOCREC 30/2015,DOCREC,30,2015,"EM AT. PEDIDO SUBSÍDIOS DA COM.JUSTIÇA, RELATIVO AO PL 483/14 AUTORIA VER. TONINHO PAIVA QUE OBJETIVA DENOMINAR PASSARELA CLOVIS MARCHETTI, LOGRADOURO SITUADO NO DISTRITO IPIRANGA."
362778,DOCREC 31/2015,DOCREC,31,2015,"EM AT. PEDIDO SUBSÍDIOS DA COM.JUSTIÇA, RELATIVO AO PL 233/14 DE AUTORIA VER. LAÉRCIO BENKO QUE DENOMINA COMO ERIKA PENAROSA O ESPAÇO PÚBLICO INOMINADO SITUADO NA TRAVESSA ENTR E RUA OANANI, ALTURA 383 E RUA LANDIRANA, JARDIM SANTA MARIA"
362779,DOCREC 32/2015,DOCREC,32,2015,"EM AT. REQUERIMENTO VER. MARIO COVAS NETO APROVADO PELA COM ADM, ENCAMINHA POR CÓPIA ELEMENTOS FORNECIDOS PELA SEC.MUN. TRANSPORTES RELATIVO GARANTIA DE ACESSIBILIDADE PARA PESSOAS MOBILIDADE REDUZIDO EM TODA FROTA DE ONIBUS CF META 51."
362780,DOCREC 33/2015,DOCREC,33,2015,"EM AT. REQUERIMENTO VER. MARIO COVAS NETO APROVADO PELA COM ADM, ENCAMINHA POR CÓPIA ELEMENTOS FORNECIDOS PELA SEC.MUN. DIR. HUMANOS A RESPEITO CONTRATAÇÃO DAS EMPRESAS MENDES E FR EITAS LOGISTICA E MR CONSTRUÇÃO CIVIL E SERVIÇOS LIMPEZA."
362781,DOCREC 34/2015,DOCREC,34,2015,"EM AT. REQUERIMENTO VER. MARIO COVAS NETO APROVADO PELA COM ADM, ENCAMINHA POR CÓPIA ELEMENTOS FORNECIDOS PELA SEC.MUN. PESSOA C DEFICIÊNCIA A RESPEITO FUNCIONAMENTO CENTRAL DE LIBRAS, OBJETO DA META 53."
362782,DOCREC 35/2015,DOCREC,35,2015,"EM AT. REQUERIMENTO VER. MARIO COVAS NETO APROVADO PELA COM ADM, ENCAMINHA POR CÓPIA ELEMENTOS FORNECIDOS PELA SEC.MUN. POLÍTICAS MULHERES RELATIVO INSTALAÇÃO DE CASA ABRIGO E CASA PASSAGEM E REESTRUTURAÇÃO CENTROS CIDADANIA, METAS 41 E 60."
362797,DOCREC 50/2015,DOCREC,50,2015,"ENCAMINHA INFORMAÇÕES EM RESPOSTA A REQUERIMENTO DE AUTORIA DO VEREADOR MARIO COVAS NETO, DELIBERADOS PELA COMISSÃO DE ADMINISTRAÇÃO PÚBLICA, A RESPEITO DA IMPLANTAÇÃO DE UNIDADES DA REDE HORA CERTA NOS ANOS DE 2013 E 2014."
362804,DOCREC 57/2015,DOCREC,57,2015,"ENCAMINHA INFORMAÇÕES EM RESPOSTA A REQUERIMENTO DE AUTORIA DO VEREADOR MARIO COVAS NETO, DELIBERADOS PELA COMISSÃO DE ADMINISTRAÇÃO PÚBLICA, A RESPEITO DA META 40 DO PROGRAMA DE METAS 2013-2016."
362805,DOCREC 58/2015,DOCREC,58,2015,"ENCAMINHA INFORMAÇÕES EM RESPOSTA A REQUERIMENTO DE AUTORIA DO VEREADOR MARIO COVAS NETO, DELIBERADOS PELA COMISSÃO DE ADMINISTRAÇÃO PÚBLICA, A RESPEITO DA REVITALIZAÇÃO DE CEFAIS , PREVISTA NA META 54 DO PROGRAMA DE METAS 2013-2016."
362817,DOCREC 70/2015,DOCREC,70,2015,"ENCAMINHA INFORMAÇÕES EM RESPOSTA A REQUERIMENTOS DE AUTORIA DO VEREADOR MARIO COVAS NETO, DELIBERADOS PELA COMISSÃO DE ADMINISTRAÇÃO PÚBLICA, A RESPEITO DO CUMPRIMENTO DE DIVERSAS METAS DO PROGRAMA DE METAS 2013-2016, CONFORME ESPECIFICA."
362818,DOCREC 71/2015,DOCREC,71,2015,"ENCAMINHA INFORMAÇÕES EM RESPOSTA A REQUERIMENTO DE AUTORIA DO VEREADOR AURÉLIO MIGUEL, DELIBERADOS PELA COMISSÃO DE TRÂNSITO, TRANSPORTE, ATIVIDADE ECONÔMICA, TURISMO, LAZER E GASTRONOMIA, SOBRE CICLOVIAS E AFINS, CONFORME ESPECIFICA."
362819,DOCREC 72/2015,DOCREC,72,2015,"ENCAMINHA INFORMAÇÕES EM RESPOSTA A REQUERIMENTO DE AUTORIA DO VEREADOR MARIO COVAS NETO, DELIBERADOS PELA COMISSÃO DE ADMINISTRAÇÃO PÚBLICA, A RESPEITO DAS METAS 44, 55, 68 E 70 DO PROGRAMA DE METAS 2013/2016."
362820,DOCREC 73/2015,DOCREC,73,2015,"ENCAMINHA INFORMAÇÕES EM RESPOSTA A REQUERIMENTO DE AUTORIA DO VEREADOR MARIO COVAS NETO, DELIBERADOS PELA COMISSÃO DE ADMINISTRAÇÃO PÚBLICA, SOBRE O CRONOGRAMA DO PLANO DE MOBILIDADE LESTE."
362821,DOCREC 74/2015,DOCREC,74,2015,"ENCAMINHA INFORMAÇÕES EM RESPOSTA A REQUERIMENTO DE AUTORIA DO VEREADOR CORONEL TELHADA, DELIBERADOS PELA COMISSÃO DE TRÂNSITO, TRANSPORTE, ATIVIDADE ECONÔMICA, TURISMO, LAZER E GASTRONOMIA SOBRE ALTERAÇÃO DO SENTIDO DE RUA QUE ESPECIFICA"
362822,DOCREC 75/2015,DOCREC,75,2015,"ENCAMINHA INFORMAÇÕES EM RESPOSTA A REQUERIMENTO DE AUTORIA DO VEREADOR MARIO COVAS NETO, DELIBERADOS PELA COMISSÃO DE ADMINISTRAÇÃO PÚBLICA, A RESPEITO DAS OBRAS DA PRAÇA COMUNITÁRIA LIGIA MARIA SALGADO NÓBREGA."
362823,DOCREC 76/2015,DOCREC,76,2015,"ENCAMINHA INFORMAÇÕES EM RESPOSTA A REQUERIMENTO DE AUTORIA DO VEREADOR MARIO COVAS NETO, DELIBERADOS PELA COMISSÃO DE ADMINISTRAÇÃO PÚBLICA, A RESPEITO DAS METAS 83, 86, 87 E 88 DO PROGRAMA DE METAS 2013/2016."
362826,DOCREC 79/2015,DOCREC,79,2015,"ENCAMINHA INFORMAÇÕES EM RESPOSTA A REQUERIMENTO DE AUTORIA DO VEREADOR MARIO COVAS NETO, DELIBERADOS PELA COMISSÃO DE ADMINISTRAÇÃO PÚBLICA, A RESPEITO DA REQUALIFICAÇÃO DO VALE DO ANHANGABAÚ,PQ. DOM PEDRO II, PÁTIO DO PARI E MERCADO MUN."
362827,DOCREC 80/2015,DOCREC,80,2015,"ENCAMINHA INFORMAÇÕES EM RESPOSTA A REQUERIMENTO DE AUTORIA DO VEREADOR MARIO COVAS NETO, DELIBERADOS PELA COMISSÃO DE ADMINISTRAÇÃO PÚBLICA, A RESPEITO DE PONTOS DE CONCENTRAÇÃO DA POPULAÇÃO EM SITUAÇÃO DE RUA."
362837,DOCREC 90/2015,DOCREC,90,2015,ENCAMINHA AS INFORMAÇÕES OFERECIDAS PELA SECRETARIA MUNICIPA L DE TRANSPORTES RELATIVAS À AMPLIAÇÃO DO PROGRAMA DE PROTEÇ ÃO DE PEDESTRE.
362838,DOCREC 91/2015,DOCREC,91,2015,"ENCAMINHA OS ESCLARECIMENTOS OFERECIDOS PELA SUBPREFEITURA DO BUTANTÃ A RESPEITO DE PROVIDÊNCIAS RELATIVAS AO EMPREENDI MENTO SITUADO NA RUA DAVID BEN GURION, 901."
362839,DOCREC 92/2015,DOCREC,92,2015,"ENCAMINHA OS ELEMENTOS FORNECIDOS PELA SECRETARIA MUNICIPAL DE DESENVOLVIMENTO URBANO A RESPEITO DAS METAS 106, 111, 121 , 122 E 123, INTEGRANTES DO PROGRAMA DE METAS 2013/2016."
362840,DOCREC 93/2015,DOCREC,93,2015,"ENCAMINHA OS ESCLARECIMENTOS OFERECIDOS PELA SECRETARIA MUNI CIPAL DE CULTURA A RESPEITO DAS METAS 27 A 34, INTEGRANTES DO PROGRAMA DE METAS 2013-2016."
362841,DOCREC 94/2015,DOCREC,94,2015,ENCAMINHAS OS ELEMENTOS FORNECIDOS PELA SECRETARIA MUNICIPAL DA SAÚDE A RESPEITO DA IMPLANTAÇÃO DE CENTROS ESPECIALIZADOS DE REABILITAÇÃO.
362842,DOCREC 95/2015,DOCREC,95,2015,"ENCAMINHA OS ELEMENTOS FORNECIDOS PELA SECRETARIA MUNICIPAL DE FINANÇAS E DE DESENVOLVIMENTO ECONÔMICO A RESPEITO DAS METAS 78,79 E 85, INTEGRANTES DO PROGRAMA DE METAS 2013-2016"
362844,DOCREC 97/2015,DOCREC,97,2015,ENCAMINHA OS ELEMENTOS FORNECIDOS PELA SECRETARIA MUNICIPAL DE EDUCAÇÃO A RESPEITO DO PROGRAMA ESCOLA DE BICICLETA.
362845,DOCREC 98/2015,DOCREC,98,2015,"ENCAMINHA OS ELEMENTOS FORNECIDOS PELOS ÓRGÃOS MUNICIPAIS COMPETENTES A RESPEITO DA PRESTAÇÃO DE SERVIÇO DE GESTÃO DE IDENTIDADE COM SUPORTE A BIOMETRIA, MÚLTIPLOS CANAIS DE ACESSO E REGISTRO DE PRESENÇA."
362846,DOCREC 99/2015,DOCREC,99,2015,"ENCAMINHA AS INFORMAÇÕES PRESTADAS PELA SECRETARIA MUNICIPAL DE ESPORTES, LAZER E RECREAÇÃO A RESPEITO DOS QUESTIONAMENTO S FORMULADOS RELATIVOS ÀS METAS 45 A 49 DO PROGRAMA DE METAS DA CIDADE DE SÃO PAULO."
362849,DOCREC 102/2015,DOCREC,102,2015,ENCAMINHA OS ELEMENTOS FORNECIDOS PELA SECRETARIA MUNICIPAL DE COORDENAÇÃO DAS SUBPREFEITURAS A RESPEITO DO OBJETIVO DE TORNAR ACESSÍVEIS OS PASSEIOS PÚBLICOS.
362850,DOCREC 103/2015,DOCREC,103,2015,ENCAMINHA AS INFORMAÇÕES PRESTADAS PELA SECRETARIA MUNICIPAL DE TRANSPORTES RELATIVAS À CONTRATAÇÃO DA EMPRESA OFICINA CONSULTORIA E SOBRE O USO DE BIO 20 NOS ÔNIBUS DA FROTA DA CIDADE.
362851,DOCREC 104/2015,DOCREC,104,2015,ENCAMINHA AS INFORMAÇÕES PRESTADAS PELA SECRETARIA MUNICIPAL DE EDUCAÇÃO RELATIVAS À SOLICITAÇÃO FORMULADA PELA ASSOCIAÇÃ O GRUPO DE MÃES SOLIDÁRIAS BEM VIVER.
362852,DOCREC 105/2015,DOCREC,105,2015,"ENCAMINHA AS INFORMAÇÕES OFERECIDAS PELAS SECRETARIAS MUNICI PAIS DE ASSISTÊNCIA E DESENVOLVIMENTO SOCIAL, DO DESENVOLVIM ENTO, TRABALHO E EMPREENDEDORISMO E DE EDUCAÇÃO RELATIVAS AO PRONATEC."
362854,DOCREC 107/2015,DOCREC,107,2015,ENCAMINHAS AS INFORMAÇÕES OFERECIDAS PELA SECRETARIA MUNICIP AL DE TRANSPORTES A RESPEITO DA VERIFICAÇÃO DO CUMPRIMENTO DA LEI 14645/07.
362865,DOCREC 118/2015,DOCREC,118,2015,"ENCAMINHA AS INFORMAÇÕES PRESTADAS PELA SECRETARIA MUNICIPAL DE DIREITOS HUMANOS E CIDADANIA A RESPEITO DOS QUESTIONAMENT OS FORMULADOS RELATIVOS ÀS METAS 43, 61 A 66, 69 E 71, DO PROGRAMA DE METAS DA CIDADE DE SÃO PAULO."
362866,DOCREC 119/2015,DOCREC,119,2015,"ENCAMINHA AS INFORMAÇÕES E OS DOCUMENTOS OFERECIDOS PELA SEC RETARIA MUNICIPAL DE INFRAESTRUTURA URBANA E OBRAS, RELATIVO S AO USO DO ESPAÇO PÚBLICO PELA COMGÁS E ELETROPAULO."
362868,DOCREC 121/2015,DOCREC,121,2015,ENCAMINHA AS INFORMAÇÕES OFERECIDAS PELA SECRETARIA MUNICIPA L DE EDUCAÇÃO RELATIVAS À DEMANDA E ÀS MATRÍCULAS EFETUADAS NAS EMEIS E EMEFS NOS ANOS DE 2013 E 2014.
362874,DOCREC 127/2015,DOCREC,127,2015,ENCAMINHA AS INFORMAÇÕES PRESTADAS PELA SECRETARIA MUNICIPAL DE TRANSPORTES RELATIVOS ÀS METAS 94 A 98 DO PROGRAMA DE METAS DA CIDADE DE SÃO PAULO.
362879,DOCREC 132/2015,DOCREC,132,2015,"ENCAMINHA OS ELEMENTOS FORNECIDOS PELA SECRETARIA MUNICIPAL DE TRANSPORTES A RESPEITO DA IMPLANTAÇÃO DAS CICLOVIAS, DA MANUTENÇÃO DAS CÂMERAS DE TRÂNSITO E DE RELATÓRIO DE AUDITOR IA SOLICITADO."
362882,DOCREC 135/2015,DOCREC,135,2015,ENCAMINHA AS INFORMAÇÕES OFERECIDAS PELA SECRETARIA MUNICIPA L DE DESENVOLVIMENTO URBANO E LICENCIAMENTO A RESPEITO DA CONCESSÃO ADMINISTRATIVA DE USO DE ÁREA MUNICIPAL NA AVENIDA MUTINGA AO IFESP.
362883,DOCREC 136/2015,DOCREC,136,2015,"ENCAMINHA AS INFORMAÇÕES OFERECIDAS PELA SECRETARIA MUNICIPA L DE PLANEJAMENTO, ORÇAMENTO E GESTÃO A RESPEITO DO OBSERVAT ÓRIO DE INDICADORES DA CIDADE DE SÃO PAULO E DÁ OUTRAS PROVI DÊNCIAS."
362884,DOCREC 137/2015,DOCREC,137,2015,"ENCAMINHA OS ESCLARECIMENTOS OFERECIDOS PELA SECRETARIA MUNI CIPAL DE EDUCAÇÃO A RESPEITO DO CUMPRIMENTO DO DISPOSTO NA LEI 12.658/98 E NO DECRETO 37.973/99, COMPLEMENTANDO AS INFO RMAÇÕES PRESTADAS NO OFÍCIO ATL 435/12-C."
362885,DOCREC 138/2015,DOCREC,138,2015,ENCAMINHA AS INFORMAÇÕES OFERECIDAS PELA SECRETARIA MUNICIPA L DE EDUCAÇÃO A RESPEITO DO PROGRAMA DE EDUCAÇÃO DE JOVENS E ADULTOS E DÁ OUTRAS PROVIDÊNCIAS.
362887,DOCREC 140/2015,DOCREC,140,2015,"ENCAMINHA OS ELEMENTOS FORNECIDOS PELA SECRETARIA MUNICIPAL DE DIREITOS HUMANOS E CIDADANIA A RESPEITO DAS METAS 113,115 E 117 DO PROGRAMA DE METAS 2013-2016."
362888,DOCREC 141/2015,DOCREC,141,2015,"ENCAMINHA OS ELEMENTOS FORNECIDOS PELA SECRETARIA MUNICIPAL DE COORDENAÇÃO DAS SUBPREFEITURAS A RESPEITO DAS METAS 107, 110 E 112 DO PROGRAMA DE METAS 2013-2016."
362894,DOCREC 147/2015,DOCREC,147,2015,"ENCAMINHA AS INFORMAÇÕES OFERECIDAS PELAS SECRETARIAS MUNICI PAIS DE ASSISTÊNCIA E DESENVOLVIMENTO SOCIAL, E DO DESENVOLV IMENTO, TRABALHO E EMPREENDEDORISMO A RESPEITO DO CADASTRAME NTO PARA PROGRAMAS SOCIAIS DO GOVERNO FEDERAL ETC."
362960,DOCREC 532/2014,DOCREC,532,2014,ENCAMINHA INFORMAÇÕES A RESPEITO DA COMPOSIÇÃO DA FROTA DE ÔNIBUS DA CIDADE DE SÃO PAULO.
362971,DOCREC 543/2014,DOCREC,543,2014,ENCAMINHA INFORMAÇÕES SOBRE A RELAÇÃO DE PARENTESCO DE SERVIDORES MENCIONADOS NA PORTARIA 033/SMSU/GAB2015.
362973,DOCREC 545/2014,DOCREC,545,2014,ENCAMINHA CÓPIA DE INFORMAÇÕES PRESTADAS PELA SUBPREFEITURA DA SÉ A RESPEITO DA EXECUÇÃO DE OBRAS DE RESTAURAÇÃO DA PRAÇA DOM ORIONE.
362979,DOCREC 551/2014,DOCREC,551,2014,"ENCAMINHA INFORMAÇÕES A RESPEITO DA SUBSTITUIÇÃO, PELA REDE MUNICIPAL DE ENSINO, DA COMEMORAÇÃO DO ""DIA DAS MÃES"" E DO ""DIA DOS PAIS"" PELO ""DIA DE QUEM CUIDA DE MIM""."
362980,DOCREC 552/2014,DOCREC,552,2014,ENCAMINHA INFORMAÇÕES SOBRE AS MULTAS APLICADAS COM FUNDAMENTO NA LEI Nº 15.777/13.
363002,DOCREC 574/2014,DOCREC,574,2014,SOLICITA AUDIÊNCIA PÚBLICA PARA TRATAR SOBRE O PLO 003/2014.
363006,DOCREC 578/2014,DOCREC,578,2014,SOLICITA A REALIZAÇÃO DE AUDIÊNCIA PÚBLICA SOBRE O PLO 003/2014.
363007,DOCREC 579/2014,DOCREC,579,2014,SOLICITA A REALIZAÇÃO DE AUDIÊNCIA PÚBLICA PARA O PLO 003/2014 E PARA O PL 312/2014.
363008,DOCREC 580/2014,DOCREC,580,2014,SOLICITA A REALIZAÇÃO DE AUDIÊNCIA PÚBLICA SOBRE O PLO 003/2014 E PL'S 311/2014 E 312/2014.
363020,DOCREC 592/2014,DOCREC,592,2014,ENCAMINHA MANIFESTAÇÃO SOBRE ATRIBUIÇÕES DO ANALISTA DE ASSISTÊNCIA E DESENVOLVIMENTO SOCIAL / SERVIÇO SOCIAL NO PL 312/2014 DO EXECUTIVO.
363052,DOCREC 625/2014,DOCREC,625,2014,ENCAMINHA SOLICITAÇÃO DE INTERVENÇÃO A FAVOR DA APROVAÇÃO DO PROJETO DE LEI Nº 312/14 COM ALTERAÇÃO DO SEU ARTIGO 37.
363059,DOCREC 632/2014,DOCREC,632,2014,ENCAMINHA SUGESTÕES DE ALTERAÇÕES AO PL Nº 312/2014 E AO PLO Nº 03/2014.
363062,DOCREC 635/2014,DOCREC,635,2014,"ENCAMINHA INFORMAÇÕES À COMISSÃO DE CONSTITUIÇÃO E JUSTIÇA EM RESPOSTA AO REQ. 006/2014 DE AUTORIA DO VER. FLORIANO PESARO, APROVADO NA REFERIDA COMISSÃO."
363065,DOCREC 638/2014,DOCREC,638,2014,"ENCAMINHA OS ELEMENTOS FORNECIDOS PELA SECRETARIA MUNICIPAL DA SAÚDE, A RESPEITO DOS CÓDIGOS ORÇAMENTÁRIOS 3100 E 3101."
363066,DOCREC 639/2014,DOCREC,639,2014,"ENCAMINHA INFORMAÇÕES PRESTADAS PELAS SECRETARIAS MUNICIPAIS DE SAÚDE E DE PLANEJAMENTO, ORÇAMENTO E GESTÃO, RELATIVAS ÀS CONDIÇÕES DE TRABALHO DOS AGENTES DE ZOONOSES."
363071,DOCREC 644/2014,DOCREC,644,2014,"ENCAMINHA MANIFESTAÇÃO DA SECRETARIA MUNICIPAL DE CULTURA AC ERCA DO PROJETO DE LEI Nº 183/14, DE AUTORIA DO VEREADOR GIL SON BARRETO, QUE OBJETIVA A CRIAÇÃO DO MEMORIAL E POLO CULTU RAL FILHOS DO MARANHÃO."
363072,DOCREC 645/2014,DOCREC,645,2014,ENCAMINHA INFORMAÇÕES E ESCLARECIMENTOS PRESTADOS PELOS ÓRGÃ OS COMPETENTES ACERCA DO PROJETO DE LEI Nº 301/14.
363073,DOCREC 646/2014,DOCREC,646,2014,ENCAMINHA INFORMAÇÕES E DEMAIS ELEMENTOS INFORMATIVOS OBTIDO S PERANTE OS ÓRGÃOS TÉCNICOS COMPETENTES DA PREFEITURA ACERC A DO PROJETO DE LEI 320/2014.
363079,DOCREC 652/2014,DOCREC,652,2014,ENCAMINHA INFORMAÇÕES E ESCLARECIMENTOS PRESTADOS PELOS ÓRGÃ OS COMPETENTES SOBRE O PROJETO DE LEI 322/2014.
363080,DOCREC 653/2014,DOCREC,653,2014,ENCAMINHA CÓPIA DE MANIFESTAÇÃO DO ÓRGÃO MUNICIPAL COMPETENT E A RESPEITO DO PROJETO DE LEI Nº 878/2013.
363081,DOCREC 654/2014,DOCREC,654,2014,ENCAMINHA INFORMAÇÕES E MANIFESTAÇÕES PRESTADAS PELOS ÓRGÃOS COMPETENTES DA PREFEITURA ACERCA DO PROJETO DE LEI Nº 213/20 14.
363098,DOCREC 675/2014,DOCREC,675,2014,ENCAMINHA MANIFESTAÇÕES DOS ÓRGÃOS MUNICIPAIS COMPETENTES SO BRE O PROJETO DE LEI 215/14.
363103,DOCREC 680/2014,DOCREC,680,2014,ENCAMINHA ELEMENTOS FORNECIDOS PELA SECRETARIA MUNICIPAL DA SAÚDE EM ATENDIMENTO A PEDIDO DE SUBSÍDIOS AO PL 114/14.
363125,DOCREC 155/2015,DOCREC,155,2015,ENCAMINHA AS INFORMAÇÕES OFERECIDAS PELA SECRETARIA MUNICIPA L DE HABITAÇÃO A RESPEITO DO CUMPRIMENTO DAS METAS 35 A 37 DO PROGRAMA DE METAS 2013-2016.
363126,DOCREC 156/2015,DOCREC,156,2015,ENCAMINHA AS INFORMAÇÕES OFERECIDAS PELAS SECRETARIAS MUNICI PAIS DE EDUCAÇÃO E DE ASSISTÊNCIA SOCIAL A RESPEITO DOS BENE FICIÁRIOS DO BENEFÍCIO DE PRESTAÇÃO CONTINUADA E DÁ OUTRAS PROVIDÊNCIAS.
363142,DOCREC 172/2015,DOCREC,172,2015,"ENCAMINHA AS INFORMAÇÕES OFERECIDAS PELA SECRETARIA EXECUTIV A DE COMUNICAÇÃO RELATIVAS À AMPLIAÇÃO E MODERNIZAÇÃO DOS SE RVIÇOS OFERECIDOS POR MEIO DO 156, OBJETO DA META 108 DO PRO GRAMA DE METAS 2013-2016."
363143,DOCREC 173/2015,DOCREC,173,2015,"ENCAMINHA AS INFORMAÇÕES OFERECIDAS PELAS SECRETARIAS MUNICI PAIS DE COORDENAÇÃO DAS SUBPREFEITURAS E DE PLANEJAMENTO ETC ., RELATIVAS AOS PROGRAMAS DE REQUALIFICAÇÃO DO ESPAÇO PÚBLI CO E MELHORIA DE BAIRRO."
363146,DOCREC 176/2015,DOCREC,176,2015,"ENCAMINHA AS INFORMAÇÕES OFERECIDAS PELA SECRETARIA MUNICIPA L DE INFRAESTRUTURA URBANA E OBRAS A RESPEITO DA OPERAÇÃO UR BANA CONSORCIADA ÁGUA ESPRAIADA, DO PLANO VIÁRIO SUL E DO CO MPLEXO NOVA RADIAL."
363148,DOCREC 178/2015,DOCREC,178,2015,"ENCAMINHA AS INFORMAÇÕES OFERECIDAS PELA SECRETARIA MUNICIPA L DA SAÚDE A RESPEITO DAS MEDIDAS PARA O COMBATE DA DENGUE E CHIKUNGUNYA, E DA OCORRÊNCIA DE CASOS EM 2014."
363155,DOCREC 185/2015,DOCREC,185,2015,ENCAMINHA AS INFORMAÇÕES PRESTADAS PELA SECRETARIA MUNICIPAL DE TRANSPORTES A RESPEITO DA META 93 DO PROGRAMA DE METAS DA CIDADE DE SÃO PAULO.
363158,DOCREC 188/2015,DOCREC,188,2015,ENCAMINHA OS ELEMENTOS FORNECIDOS PELA SECRETARIA MUNICIPAL DA SAÚDE A RESPEITO DA META DA INSTALAÇÃO DE NOVAS UNIDADES À SAÚDE DO IDOSO.
363160,DOCREC 190/2015,DOCREC,190,2015,ENCAMINHA OS ELEMENTOS FORNECIDOS PELA SECRETARIA MUNICIPAL DA SAÚDE A RESPEITO DA CONSTRUÇÃO DO HOSPITAL DE VILA BRASIL ÂNDIA.
363165,DOCREC 195/2015,DOCREC,195,2015,ENCAMINHA AS INFORMAÇÕES OFERECIDAS PELA SECRETARIA MUNICIPA L DE COORDENAÇÃO DAS SUBPREFEITURAS RELATIVAS AOS REPAROS DE CALÇADAS PELA ADMINISTRAÇÃO PÚBLICA.
363210,DOCREC 240/2015,DOCREC,240,2015,"ENCAMINHA RESPOSTA OFERECIDA PELA SECRETARIA MUNICIPAL DO DESENVOLVIMENTO, TRABALHO E EMPREENDEDORISMO RELATIVA AO CUM PRIMENTO DAS METAS 77,80 E 81 DO PROGRAMA DE METAS 2013-2016"
363211,DOCREC 241/2015,DOCREC,241,2015,ENCAMINHA RESPOSTA OFERECIDA PELA SECRETARIA MUNICIPAL DA SAÚDE RELATIVA ÀS AÇÕES DESENVOLVIDAS PELA PASTA NO TOCANTE À ANEMIA FALCIFORME E TODAS AS DOENÇAS CORRELATAS À POPULAÇÃ O NEGRA.
363240,DOCREC 270/2015,DOCREC,270,2015,"ENCAMINHA POR CÓPIA PEDIDO SUBSÍDIOS DA COM. SAÚDE, TRAB, MU LHER ACERCA PL 581/13, VER JAIR TATTO, QUE DISPÕE SOBRE CRIA ÇÃO DO PROGRAMA FIDELIDADE PARA IDOSOS."
363242,DOCREC 272/2015,DOCREC,272,2015,"EM RESPOSTA A REQUERIMENTO VER. MARCOS BELIZÁRIO, DELIBERADO PELA CCJLP , ENCAMINHA CÓPIA DAS INFOS PRESTADAS PELA SEC. MUN. EDUCAÇÃO, RELATIVA A LEI FED.5700/71, ALTERADA LEI FED.12031/09, OBRIGATORIEDADE HINO NACIONAL ENSINO FUNDAMENT"
363243,DOCREC 273/2015,DOCREC,273,2015,"ENCAMINHA POR COPIA EM ATENÇAO REQUERIMENTO VER. GILSON BARR ETO, APROVADO COM.ADM.PUB, OS ELEMENTOS FORNECIDOS PELA SEC. MUN INFRAESTRUTURA E OBRAS A RESPEITO PLANO DE MELHORAMENTOS APROVADO PELA LEI 10362/87."
363244,DOCREC 274/2015,DOCREC,274,2015,"ENCAMINHA AS INFORMAÇÕES OFERECIDAS PELAS SUBPREFEITURAS DE VILA MARIANA E PINHEIROS, RELATIVAS À DEMARCAÇÃO DAS VAGAS DESTINADAS A DEFICIENTES FÍSICOS NOS ESTABELECIMENTOS QUE ES PECIFICA."
363245,DOCREC 275/2015,DOCREC,275,2015,"ENCAMINHA RESPOSTA OFERECIDA PELA CONTROLADORIA GERAL DO MU NICÍPIO, BEM COMO ÍNTEGRA DO RELATÓRIO DE AUDITORIA RELACION ADO AO PROGRAMA MINHA CASA, MINHA VIDA."
363247,DOCREC 277/2015,DOCREC,277,2015,ENCAMINHA AS INFORMAÇÕES E ELEMENTOS OFERECIDOS PELA SECRETA RIA MUNICIPAL DE ASSIST. E DES. SOCIAL A RESPEITO DO CONVÊNI O FIRMADO COM A ENTIDADE RESPONSÁVEL PELA PRESTAÇÃO DOS SERV IÇOS DENOMINADOS CENTRO DE ACOLHIDA PARA ADULTOS II ZANCONE.
363254,DOCREC 284/2015,DOCREC,284,2015,ENCAMINHA AS INFORMAÇÕES PRESTADAS PELA SECRETARIA MUNICIPAL DA SAÚDE A RESPEITO DA DISTRIBUIÇÃO DE MEDICAMENTOS PARA TRA TAMENTO DA DOENÇA PULMONAR OBSTRUTIVA CRÔNICA - DOC.
363257,DOCREC 287/2015,DOCREC,287,2015,ENCAMINHA OS ELEMENTOS FORNECIDOS PELA SECRETARIA MUNICIPAL DE EDUCAÇÃO A RESPEITO DO FUNCIONAMENTO DOS CENTROS DE EDUCA ÇÃO INFANTIL NO PERÍODO DE JANEIRO.
363259,DOCREC 289/2015,DOCREC,289,2015,ENCAMINHA AS INFORMAÇÕES OFERECIDAS PELA SECRETARIA MUNICIPA L DE SÁUDE RELATIVAS AO CUMPRIMENTO DAS METAS 21 A 26 DO PRO GRAMA DE METAS 2013-2016.
363268,DOCREC 298/2015,DOCREC,298,2015,"ENCAMINHA OS ESCLARECIMENTOS OFERECIDOS PELA SECRETARIA MUNI CIPAL DE INFRAESTRUTURA URBANA E OBRAS, A RESPEITO DO CONTRA TO Nº 226/SIURB/2010."
363269,DOCREC 299/2015,DOCREC,299,2015,"ENCAMINHA OS ESCLARECIMENTOS OFERECIDOS PELA SECRETARIA MUNI CIPAL DE CULTURA A RESPEITO DA EXECUÇÃO DE OBRAS DE GRAFITE NAS AVENIDAS 23 DE MAIO, RUBEM BERTA E MOREIRA GUIMARÃES."
363277,DOCREC 307/2015,DOCREC,307,2015,"ENCAMINHA POR CÓPIA EM ATENÇAO PEDIDO SUBSÍDIOS DA CCJLP, INFORMAÇÕES PRESTADAS PELA SEC. MUN. LICENCIAMENTO ACERCA PL 559/14 , VER. CALVO, QUE DENOMINA TRAVESSA EUGENIO ARTESI SUBPREFEITURA DA CASA VERDE/CACHOEIRINHA."
363278,DOCREC 308/2015,DOCREC,308,2015,"ENCAMINHA POR COPIA EM ATENÇAO PEDIDO SUBSIDIOS DA CCJLP INFORMAÇOES PRESTADAS PELOS ÓRGÃOS MUNICIPAIS ACERCA PL 6/15 VER. ANTONIO GOULART, QUE PASSA DENOMINAR COMO AVENIDA CORIN THIANS, AV RADIAL LESTE A PARTIR VIADUTO ENG. ALBERTO ATE ."
363280,DOCREC 310/2015,DOCREC,310,2015,"ENCAMINHA POR CÓPIA PEDIDO SUBSÍDIOS DA CCJLP ACERCA PL 211/07 VER. ADOLFO QUINTAS, QUE DENOMINA PRAÇA CARLOINA MARI A JESUS O LOGRADOURO QUE ESPECIFICA."
363281,DOCREC 311/2015,DOCREC,311,2015,"ENCAMINHA POR CÓPIA PEDIDO SUBSÍDIOS DA COM. EDUCAÇÃO CULTUR A, ESPORTES, INFORMAÇÕES PRESTADAS PELA SEC.MUN.EDUCAÇÃO ACERCA PL 726/13, VER. GEORGE HATO, QUE DISPÕE SOBGRE INCLUS ÃO SKATE, PATINS, BMX COMO ATIVIDADES DA EDUC. FISICA."
363303,DOCREC 333/2015,DOCREC,333,2015,ENCAMINHA AS INFORMAÇÕES OFERECIDAS PELA SECRETARIA MUNICIPA L DE EDUCAÇÃO ACERCA DOS EQUIPAMENTOS EM CONSTRUÇÃO E DOS TE RRENOS DESAPROPRIADOS PARA CONSTRUÇÃO DE CEIS E EMEIS.
363333,DOCREC 363/2015,DOCREC,363,2015,ENCAMINHA OS ELEMENTOS FORNECIDOS PELA SÃO PAULO URBANISMO A RESPEITO DA PUBLICIDADE DE BEBIDAS ALCÓOLICAS NOS ABRIGOS DE ÔNIBUS E TOTENS INDICATIVOS DE PARADA.
363334,DOCREC 364/2015,DOCREC,364,2015,"ENCAMINHA OS ELEMENTOS FORNECIDOS PELA SUBPREFEITURA DA PENH A A RESPEITO DO IMÓVEL SITUADO NA RUA SÃO FLORÊNCIO, 397."
363344,DOCREC 374/2015,DOCREC,374,2015,ENCAMINHA RESPOSTA OFERECIDA PELA SECRETARIA MUNICIPAL DE TRANSPORTES RELATIVA AO FORNECIMENTO DE TINTAS UTILIZADAS NA IMPLANTAÇÃO DE CICLOVIAS.
363384,DOCREC 734/2014,DOCREC,734,2014,INDICA ENGENHEIROS PARA REPRESENTAR O SINDICATO NA COMISSÃO DE ESTUDOS E ACOMPANHAMENTO DO PL 312/14 E 3/2014.
363386,DOCREC 736/2014,DOCREC,736,2014,"REMETE CÓPIA DO ACÓRDÃO PROFERIDO PELO EGRÉGIO TRIBUNAL DE CONTAS DO MUNICÍPIO DE SÃO PAULO, PUBLICADO NO DIÁRIO OFICIA L DA CIDADE DE 06/09/2014 PARA CIÊNCIA E PROVIDÊNCIA CABÍVEI S."
363445,DOCREC 795/2014,DOCREC,795,2014,ENCAMINHA CÓPIA DOS ESCLARECIMENTOS OFERECIDOS PELOS SUBPREFEITURA DE CAMPO LIMPO SOBRE AS PROVIDÊNCIAS ADOTADAS PARA SOLUCIONAR AS RECLAMAÇÕES QUANTO Á FALTA DE VARRIÇÃO NA RUA FRANCISCO JOSÉ SALLES.
363493,DOCREC 843/2014,DOCREC,843,2014,"ENCAMINHA SUBSÍDIOS AO PL 184/2014, ATENDENDO A SOLICITAÇÃO DA COMISSÃO DE CONSTITUIÇÃO, JUSTIÇA E LEGISLAÇÃO PARTICIPATIVA."
363494,DOCREC 844/2014,DOCREC,844,2014,"ENCAMINHA SUBSÍDIOS AO PL 411/2014, ATENDENDO A SOLICITAÇÃO DA COMISSÃO DE CONSTITUIÇÃO, JUSTIÇA E LEGISLAÇÃO PARTICIPATIVA."
363495,DOCREC 845/2014,DOCREC,845,2014,"ENCAMINHA SUBSÍDIOS AO PL 452/2014, ATENDENDO A SOLICITAÇÃO DA COMISSÃO DE CONSTITUIÇÃO, JUSTIÇA E LEGISLAÇÃO PARTICIPATIVA."
363508,DOCREC 858/2014,DOCREC,858,2014,"EM ATENDIMENTO PEDIDO COM.SAÚDE, PROMOÇÃO SOCIAL, TRAB,MULHE R, ENCAMINHA MANIFESTAÇÃO DA SEC. MUN. FINANÇAS E DES. ECONÔ MICO SOBRE PROPOSTA DE PL GILBERTO NATALINI QUE VISA CONCEDE R ISENÇAO, REMISSÃO ISS SOBRE OS SERVIÇOS QUE ESPECIFICA."
363514,DOCREC 864/2014,DOCREC,864,2014,EM ATENÇÃO PEDIDO SUBSÍDIOS DA CCJLP ENCAMINHA POR CÓPIA INFOS OFERECIDAS PELOS ÓRGÃOS MUNICIPAIS A RESPEITO PL 385/ 14 VER. FLORIANO PESARO QUE ALTERA NOME PÇA DIONÍSIO DE CARV ALHO LOCALIZADO NO JARDIM AMÉRICA P/ PRAÇA CLUB ATLETICO PAU
363522,DOCREC 872/2014,DOCREC,872,2014,"ENCAMINHA INFORMAÇÕES OFERECIDAS PELA SECRETARIA MUNICIPAL DE PLANEJAMENTO, ORÇAMENTO E GESTÃO ACERCA DO PL 318/14 E DÁ OUTRAS PROVIDÊNCIAS."
363525,DOCREC 875/2014,DOCREC,875,2014,"EM RESPOSTA AO PEDIDO DE MANIFESTAÇÃO QUANTO AO PROJETO DE LEI 384/2014, ESCLARECE SER DO MAIOR INTERESSE DO TRIBUNAL DE JUSTIÇA DO ESTADO DE SÃO PAULO TODAS AS INICIATIVAS VOLTA DAS À DESJUDICIALIZAÇÃO DAS COBRANÇAS DA DÍVIDA ATIVA."
363532,DOCREC 882/2014,DOCREC,882,2014,ENCAMINHA RELATÓRIO DO TCMSP ACERCA DO CONTRATO ENTRE A SECRETARIA DE INFRA-ESTRUTURA URBANA - SIURB E A EMPRESA CONSLADEL CONSTRUTORA E LAÇOS DETETORES E ELETRÔNICA LTDA.
363557,DOCREC 907/2014,DOCREC,907,2014,"SOLICITA SEJA CONFERIDO REGIME DE URGÊNCIA À TRAMITAÇÃO DO PL 312/14 Q/ DISPÕE S/ CRIAÇÃO QUADRO ANALISTAS DA ADM. PUB. MUN.-QAA, PLANO CARREIRAS, REENQUADRA CARGOS E FUNÇÕES DO QU ADRO PES.NÍVEL SUPERIOR INSTITUÍDO LEI 14591/07."
363560,DOCREC 910/2014,DOCREC,910,2014,SOLICITA URGÊNCIA NA TRAMITAÇÃO DO PL 507/14.
363562,DOCREC 912/2014,DOCREC,912,2014,SOLICITA URGÊNCIA NA TRAMITAÇÃO DO PLO 4/14.
363568,DOCREC 918/2014,DOCREC,918,2014,ENCAMINHA OS ELEMENTOS FORNECIDOS PELA SECRETARIA MUNICIPAL DE SERVIÇOS A RESPEITO DA CONSULTA PÚBLICA ABERTA PARA TRATA R DA GESTÃO DA ILUMINAÇÃO PÚBLICA.
363569,DOCREC 919/2014,DOCREC,919,2014,ENCAMINHA OS ELEMENTOS FORNECIDOS PELA SECRETARIA MUNICIPAL DE FINANÇAS E DESENVOLVIMENTO ECONÔMICO A RESPEITO DE EVENTU AIS DÉBITOS EM NOME DA SANTA CASA DE MISERICÓRDIA DE SÃO PAU LO.
363588,DOCREC 391/2015,DOCREC,391,2015,"INFORMAÇÕES E DOCUMENTOS OFERECIDOS PELA SECRETARIA MUNICIPAL DE TRANSPORTES RELATIVOS A APREENSÃO DE VEÍCULOS EMPREGADOS IRREGULARMENTE NO TRANSPORTE INDIVIDUAL DE PASSAGEIROS, MEDIANTE A UTILIZAÇÃO DO APLICATIVO UBER"
363592,DOCREC 395/2015,DOCREC,395,2015,INFORMAÇÕES PRESTADAS PELA SECRETARIA MUNICIPAL DO VERDE E DO MEIO AMBIENTE A RESPEITO DAS PROVIDÊNCIAS PARA A IMPLANTAÇÃO DO PARQUE MUNICIPAL CHÁCARA DO JOCKEY
363594,DOCREC 397/2015,DOCREC,397,2015,"INFORMAÇÕES PRESTADAS PELOS ÓRGÃO MUNICIPAIS ACERCA DO PROJETO DE LEI N°97/15, DE AUTORIA DO VEREADOR PAULO FIORILO QUE DENOMINA RUA DEVALDO JOSÉ SALES A VIELA ""1"", TAMBÉM CONHECIDA POR RUA PROJETADA"
363598,DOCREC 401/2015,DOCREC,401,2015,"INFORMAÇÕES PRESTADAS ACERCA DO PROJETO DE LEI N° 107/15, DE AUTORIA DO VEREADOR TONINHO VESPOLI, QUE DENOMINA TRAVESSA ANTONIO CAMPIOTTO A VIELA ""4"""
363599,DOCREC 402/2015,DOCREC,402,2015,"PRONUNCIAMENTO DA SECRETARIA MUNICIPAL DE FINANÇAS ACERCA DO PROJETO DE LEI N° 33/15, DE AUTORIA DO VEREADOR CORONEL CAMILO, QUE OBJETIVA CONCEDER ISENÇÃO DO IPTU AO IMÓVEL INTEGRANTE DO PATRIMÔNIO APOSENTADO"
363600,DOCREC 403/2015,DOCREC,403,2015,"INFORMAÇÕES DA SECRETARIAS MUNICIPAIS DE ASSISTÊNCIA E DESENVOLVIMENTO SOCIAL, DA SAÚDE E DE DIREITOS HUMANOS E CIDADANIA, RELATIVAS AOS PROJETO DE LEI N°417/13, DO VEREADOR LAÉRCIO BENKO, SOBRE CENTRO DE REFERENCIA DO IDOSO"
363602,DOCREC 405/2015,DOCREC,405,2015,"INFORMAÇÕES ACERCA DO PROJETO DE LEI N° 39/12, DE AUTORIA DO VEREADOR ANÍBAL DE FREITAS, QUE ALTERA A LEI N° 12316/97, COM O FIM DE CONCEDER ISENÇÃO PARCIAL DO IPTU OU ISS A CONTRIBUINTES ESPECÍFICOS"
363608,DOCREC 411/2015,DOCREC,411,2015,"INFORMAÇÕES FORNECIDAS PELA SECRETARIA MUNICIPAL DE LICENCIAMENTO ACERCA DO PROJETO DE LEI N° 118/15, DO VEREADOR CLAUDINHO DE SOUZA, QUE DENOMINA PRAÇA HERCULANO ALVES, PRAÇA NO BAIRRO DE VILA ITAPERABA"
363609,DOCREC 412/2015,DOCREC,412,2015,"INFORMAÇÕES PRESTADAS PELA PREFEITURA SOBRE O PROJETO DE LEI N° 554/14, DO VEREADOR MARQUITO, QUE DENOMINA PRAÇA ROBERTO BOLAÑOS O LOGRADOURO QUE ESPECIFICA"
363610,DOCREC 413/2015,DOCREC,413,2015,"INFORMAÇÕES PRESTADAS PELA SECRETARIA MUNICIPAL DE LICENCIAMENTO ACERCA DO PROJETO DE LEI N° 566/10, DO VEREADOR ADOLFO QUINTAS, QUE DENOMINA PRAÇA MARLON MOREIRA GONÇALVES, NA SUBPREFEITURA DE ITAIM PAULISTA"
363612,DOCREC 415/2015,DOCREC,415,2015,"INFORMAÇÕES PRESTADAS PELOS ÓRGÃOS MUNICIPAIS SOBRE O PROJETO DE LEI N° 66/15, DO VEREADOR PAULO FIORILO, QUE PRAÇA RONIL SPILLA, NO DISTRITO JOSÉ BONIFÁCIO, SUBPREFEITURA DE ITAQUERA"
363623,DOCREC 426/2015,DOCREC,426,2015,"INFORMAÇÕES NO SENTIDO DA NÃO CONCLUSÃO DO PROCESSO DE REGULARIZAÇÃO DO ASSENTAMENTO, RELATIVOS AO PROJETO DE LEI 445/2011, DE AUTORIA DO VEREADOR ADOLFO QUINTAS"
363624,DOCREC 427/2015,DOCREC,427,2015,"INFORMAÇÕES PRESTADAS PELOS ÓRGÃO MUNICIPAIS ACERCA DO PROJETO DE LEI N°53/15, DE AUTORIA DO VEREADOR JAIR TATTO, QUE OBJETIVA DENOMINAR PRAÇA DIVINO MARTINS DOS SANTOS O ESPAÇO PÚBLICO QUE ESPECIFICA"
363625,DOCREC 428/2015,DOCREC,428,2015,"INFORMAÇÕES PRESTADAS PELOS ÓRGÃO MUNICIPAIS ACERCA DO PROJETO DE LEI N° 44/2015, DE AUTORIA DO VEREADOR PAULO FIORILO, QUE DENOMINA PRAÇA DE JEFFERSON ZACARIAS"
363626,DOCREC 429/2015,DOCREC,429,2015,INFORMAÇÕES PRESTADAS PELOS ÓRGÃOS MUNICIPAIS SOBRE O PROJETO DE LEI N° 64/2015 QUE OBJETIVA DENOMINAR PRAÇA DE ENGENHEIRO SÉRGIO EDUARDO FÁVERO SALVADORI
363627,DOCREC 430/2015,DOCREC,430,2015,"INFORMAÇÕES PRESTADAS PELOS ÓRGÃOS MUNICIPAIS COMPETENTES ACERCA DO PROJETO DE LEI N° 99/15, DE AUTORIA DO VEREADOR ABOU ANNI, QUE DENOMINA PRAÇA SGT. PM SYLVIO PEREIRA DA SILVA"
363640,DOCREC 443/2015,DOCREC,443,2015,"INFORMAÇÕES PRESTADAS PELOS ÓRGÃO MUNICIPAIS ACERCA DO DO PROJETO DE LEI N° 127/15, DE AUTORIA DO VEREADOR JAIR TATTO, QUE DENOMINA PRAÇA AMETISTA, NA SUBPREFEITURA DO BUTANTÃ"
363654,DOCREC 457/2015,DOCREC,457,2015,"INFORMAÇÕES PRESTADAS PELOS ÓRGÃOS DA PREFEITURA ACERCA DO PROJETO DE LEI N° 13/2015, DE AUTORIA DO VEREADO SENIVAL MOURA, QUE OBJETIVA ALTERAR A DENOMINAÇÃO DA RUA CENTRALINA PARA RUA ÁLVARO TAVARES MARTINS"
363658,DOCREC 461/2015,DOCREC,461,2015,INFORMAÇÕES PRESTADAS PELAS SECRETARIAS MUNICIPAIS DE EDUCAÇÃO E DE SEGURANÇA URBANA A RESPEITO DO PROGRAMA DE PROTEÇÃO ESCOLAR
363660,DOCREC 463/2015,DOCREC,463,2015,INFORMAÇÕES PRESTADAS PELA SECRETARIA MUNICIPAL DA SAÚDE RELATIVA AO FORMATO DO RELATÓRIO DA PRESTAÇÃO DE CONTAS DA EXECUÇÃO ORÇAMENTÁRIA REFERENTE AO 1º QUADRIMESTRE DE 2015
363661,DOCREC 464/2015,DOCREC,464,2015,"INFORMAÇÕES PRESTADAS PELA SECRETARIA MUNICIPAL DE FINANÇAS E DESENVOLVIMENTO ECONÔMICO, REFERENTES AO MONTANTE E AO DETALHAMENTO DO CRÉDITO RELATIVO AO ISS."
363672,DOCREC 475/2015,DOCREC,475,2015,"ESCLARECIMENTOS PRESTADOS PELA SECRETARIA MUNICIPAL DE ESPORTES, LAZER E RECREAÇÃO A RESPEITO DA REFORMA DO CENTRO ESPORTIVO DE PIRITUBA"
363676,DOCREC 479/2015,DOCREC,479,2015,"INFORMAÇÕES PRESTADAS PELA SECRETARIA MUNICIPAL DE FINANÇAS ACERCA DO PROJETO DE LEI N°87/10, DE AUTORIA DO VEREADOR QUITO FORMIGA, QUE AUTORIZA O PODER EXECUTIVO A CONCEDER REDUÇÃO DE ISS ÀS EMPRESAS ADMINISTRADORAS DE CONSÓRCIOS"
363677,DOCREC 480/2015,DOCREC,480,2015,INFORMAÇÃO DO MINISTÉRIO DA EDUCAÇÃO SOBRE A LIBERAÇÃO DE RECURSOS FINANCEIROS DESTINADOS A GARANTIR A EXECUÇÃO DE PROGRAMAS DO FUNDO NACIONAL DE DESENVOLVIMENTO DA EDUCAÇÃO
363678,DOCREC 481/2015,DOCREC,481,2015,INFORMAÇÃO DO MINISTÉRIO DA EDUCAÇÃO SOBRE A LIBERAÇÃO DE RECURSOS FINANCEIROS DESTINADOS A GARANTIR A EXECUÇÃO DE PROGRAMAS DO FUNDO NACIONAL DE DESENVOLVIMENTO DA EDUCAÇÃO
363691,DOCREC 494/2015,DOCREC,494,2015,ENCAMINHA AS INFORMAÇÕES OFERECIDAS PELA SECRETARIA MUNICIPA L DE EDUCAÇÃO RELATIVAS AO FORNECIMENTO DE LEITE PARA A MERE NDA ESCOLAR.
363692,DOCREC 495/2015,DOCREC,495,2015,ENCAMINHA RESPOSTA OFERECIDA PELAS SECRETARIAS MUNICIPAIS DE SERVIÇOS E DE INFRAESTRUTURA URBANA E OBRAS RELATIVAS AO CONTRATO FIRMADO ENTRE A PREFEITURA DO MUNICÍPIO DE SÃO PAUL O E A ELETROPAULO.
363717,DOCREC 520/2015,DOCREC,520,2015,ENCAMINHA AS INFORMAÇÕES PRESTADAS PELA SECRETARIA MUNICIPAL DE TRANSPORTES RELATIVAS AO BILHETE ÚNICO ESTUDANTIL.
363745,DOCREC 548/2015,DOCREC,548,2015,ENCAMINHA OS ELEMENTOS FORNECIDOS PELA SECRETARIA MUNICIPAL DE EDUCAÇÃO A RESPEITO DA EXECUÇÃO DE EMENDA PARLAMENTAR DES TINADA À INSTALAÇÃO DE ELEVADOR DE ACESSIBILIDADE NO CENTRO DE EDUCAÇÃO INFANTIL MENINO JESUS.
363746,DOCREC 549/2015,DOCREC,549,2015,ENCAMINHA OS ELEMENTOS FORNECIDOS PELA SECRETARIA MUNICIPAL DE EDUCAÇÃO A RESPEITO DO FUNCIONAMENTO DAS UNIDADES ESCOLA RES EM CASO DE FALTA DE ÁGUA.
363753,DOCREC 556/2015,DOCREC,556,2015,ENCAMINHA CÓPIA DE OFÍCIO ANTERIORMENTE ENVIADO RELATIVO AO FORMATO DO RELATÓRIO DA PRESTAÇÃO DE CONTAS DA EXECUÇÃO ORÇA MENTÁRIA REFERENTE AO 1º QUADRIMESTRE DE 2015 A SER APRESENT ADO PELA SECRETARIA MUNICIPAL DE SAÚDE.
363754,DOCREC 557/2015,DOCREC,557,2015,RESPOSTA DA SÃO PAULO OBRAS - SP-OBRAS A RESPEITO DO ANDAMENTO DAS OBRAS NO ÂMBITO DA OPERAÇÃO URBANA FARIA LIMA EM ATENÇÃO AO REQUERIMENTO DA COMISSÃO DE TRÂNSITO
363770,DOCREC 573/2015,DOCREC,573,2015,"EM ATENÇÃO A REQUERIMENTO DA COMISSÃO DE TRÂNSITO, A SPTURIS ENCAMINHA INFORMAÇÕES A RESPEITO DOS CONTRATOS DE LOCAÇÕES DE ESPAÇOS REFERENTES AO PAVILHÃO DE EXPOSIÇÃO, PALÁCIO DAS CONVENÇÕES, AUDITÓRIOS, ARENA ANHEMBI, ARENA MULTIUSO"
363785,DOCREC 588/2015,DOCREC,588,2015,"ENCAMINHA OS ELEMENTOS FORNECIDOS PELA SECRETARIA MUNICIPAL DA SAÚDE A RESPEITO DO FUNCIONAMENTO E IMPLANTAÇÃO DE UNIDAD ES MÉDICAS NO JARDIM SAPOPEMBA, VILA TOLSTOI E JARDIM SÃO MA TEUS."
363786,DOCREC 589/2015,DOCREC,589,2015,ENCAMINHA OS ELEMENTOS FORNECIDOS PELA SECRETARIA MUNICIPAL DE TRANSPORTES A RESPEITO DOS ALVARÁS DE TÁXIS.
363790,DOCREC 593/2015,DOCREC,593,2015,ENCAMINHA OS ELEMENTOS FORNECIDOS PELA SECRETARIA MUNICIPAL DA SAÚDE A RESPEITO DO ATENDIMENTO À MUNÍCIPE ADRIANA FERNAN DINA NA AMA JARDIM PERI.
363796,DOCREC 599/2015,DOCREC,599,2015,"RESPOSTA DA SECRETARIA MUNICIPAL DO DESENVOLVIMENTO, TRABALHO E EMPREENDEDORISMO AO REQUERIMENTO DA COMISSÃO DE ADMINISTRAÇÃO PÚBLICA, SOBRE O CONVÊNIO FIRMADO COM A UNIÃO SOCIAL BRASIL GIGANTE, DO PROGRAMA BRAÇOS ABERTOS"
363816,DOCREC 619/2015,DOCREC,619,2015,"EM ATENÇÃO REQ. VER. ELISEU GABRIEL, DELIBERADO PELA COMISSÃ O DE EDUCAÇÃO, ENCAMINHA CÓPIA DAS INFORMAÇÕES PRESTADAS PEL A SEC. MUN. EDUC ACERCA PL 77/2013 DE AUTORIA VER. EDIR SALE S, QUE DISPÕE SOBRE NORMAS SEGURANÇA EM PISCINAS"
363818,DOCREC 621/2015,DOCREC,621,2015,"EM ATENÇÃO REQUERIMENTO VER. GILBERTO NATALINI, DELIBERADO P ELA COM. SAÚDE, PROMOÇÃO SOCIAL, ENCAMINHA CÓPIA DAS MANIFES TAÇÕES OFERECIDAS PELA SEC. MUN. ASSISTÊNCIA E DESENVOLVIMEN TO SOCIAL A RESEPEITO PROGRAMA DE BRAÇOS ABERTOS"
363819,DOCREC 622/2015,DOCREC,622,2015,"EM ATENÇÃO REQ. VER. GILBERTO NATALINI, DELIBERADO PELA COMI SSÃO DE SAÚDE, PROMOÇÃO SOCIAL, ENCAMINHA CÓPIA DA RESPOSTA OFERECIDA PELA SEC. MUN. SAÚDE, RELATIVA AO ABASTECIMENTO ME DICAMENTOS E INSUMOS NA FARMACIA AMA/UBS JARDIM SAO JORGE."
363821,DOCREC 624/2015,DOCREC,624,2015,"EM ATENDIMENTO REQUERIMENTO DE AUTORIA VER. NATALINI, DELIBE RADO PELA COMISSÃO SAÚDE, PROM. SOCIAL ENCAMINHA CÓPIA MANIF ESTAÇÃO DA SEC. MUN. SAÚDE A RESPEITO DAS CONSULTAS REALIZAD AS NA REDE MUNICIPAL UBS E AMA 12 H."
363822,DOCREC 625/2015,DOCREC,625,2015,"EM ATENDIMENTO PEDIDO SUBSIDIOS DA COM. JUSTIÇA, ENCAMINHA C ÓPIA DAS INFORMAÇÕES PRESTADAS PELOS ÓRGÃOS MUNICIPAIS ACER CA PL 207/15 DO VER. TONINHO PAIVA QUE DENOMINA PRAÇA CARMELA CORREA DO PRADO , DISTRITO PENHA"
363823,DOCREC 626/2015,DOCREC,626,2015,"EM ATENDIMENTO PEDIDO SUBSIDIOS DA COM. JUSTIÇA ENCAMINHA CÓ PIA DAS INFORMAÇÕES PRESTADAS PELOS ÓRGÃOS MUNICIPAIS ACERCA DO PL 197/15 VER. NELO RODOLFO QUE DENOMINA PRAÇA BELMIRO SOUZA CORREIA, SUBPREFEITURA CASA VERDE/CACHOEIRINHA"
363825,DOCREC 628/2015,DOCREC,628,2015,"EM ATENDIMENTO PEDIDO SUBSÍDIOS FORMULADO COM. JUSTIÇA ENCAM INHA CÓPIA PRONUNCIAMENTO SEC.MUN. CULTURA ACERCA DO PL 74/2015 VER. NETINHO DE PAULA, QUE OBJETIVA DENOMINAR CASA DO POLITÉCNICO - TORRE DA MEMÓRIA O IMÓVEL QUE ESPECIFICA."
363826,DOCREC 629/2015,DOCREC,629,2015,"EM ATENÇÃO REQUERIMENTO AUTORIA VER. GILBERTO NATALINI, DELI BERADO PELA COM. SAÚDE, ENCAMINHA CÓPIA DAS INFORMAÇÕES PRES TADAS PELA SEC. SAÚDE A RESPEITO HOSPITAL SÃO LUIZ GONZAGA, CONTRATO DE GESTÃO FIRMADO IRMANDADE DE SANTA CASA MISERICÓR"
363843,DOCREC 646/2015,DOCREC,646,2015,"EM ATENDIMENTO PEDIDO SUBSÍDIOS DA COM. JUSTIÇA ACERCA PL 251/15 VER. ARI FRIENDEBACH, QUE DENOMINA PRAÇA NOÊMIA MARIA CARDOSO O LOGRADOURO QUE ESPECIFICA."
363844,DOCREC 647/2015,DOCREC,647,2015,"EM ATENDIMENTO PEDIDO SUBÍDIOS DA COM. JUSTIÇA ACERCA PL 142/14, VER. PAULO FIORILO, QUE DENOMINA PRAÇA DONA MOÇA O ESPAÇO LIVRE QUE ESPECIFICA"
363852,DOCREC 655/2015,DOCREC,655,2015,"INFORMAÇÕES PRESTADAS PELA SECRETARIA MUNICIPAL DE TRANSPORTES, EM ATENÇÃO A REQUERIMENTO DA COMISSÃO DE TRÂNSITO, A RESPEITO DA ELEIÇÃO DA DIRETORIA DE REPRESENTAÇÃO DA CET"
363899,DOCREC 703/2015,DOCREC,703,2015,INFORMAÇÕES OFERECIDAS PELA COHAB EM RESPOSTA A REQUERIMENTO DA COMISSÃO DE ADMINISTRAÇÃO PÚBLICA SOBRE A IMPLANTAÇÃO DO PLANO 1000 E AO REAJUSTE DAS PRESTAÇÕES A SEREM PAGAS PELAS UNIDADES HABITACIONAIS
363920,DOCREC 724/2015,DOCREC,724,2015,"RESPOSTA A REQUERIMENTOS DO VEREADOR GILBERTO NATALINI E ANÍBAL DE FREITAS, APROVADOS PELA COMISSÃO DE SAÚDE, ENVIANDO INFORMAÇÕES PRESTADAS PELA SECRETARIA MUNICIPAL DE SAÚDE SOBRE AS UNIDADES MUNICIPAIS DE SAÚDE"
363943,DOCREC 747/2015,DOCREC,747,2015,INFORMAÇÕES PRESTADAS PELA SECRETARIA MUNICIPAL DE TRANSPORTE EM RESPOSTA A REQUERIMENTO DA COMISSÃO DE ADMINISTRAÇÃO PÚBLICA A RESPEITO DE QUESTIONAMENTOS SOBRE A REDE PARA RECARGA DE BILHETE ÚNICO ESTUDANTIL
363959,DOCREC 763/2015,DOCREC,763,2015,"ENCAMINHA AS INFORMAÇÕES PRESTADAS PELA SECRETARIA MUNICIPAL DA SAÚDE A RESPEITO DA QUANTIDADE DE MÉDICOS PREVISTA E EXIS TENTE NOS EQUIPAMENTOS DE SAÚDE LOCALIZADOS EM CANGAÍBA, ITA IM PAULISTA E CIDADE LÍDER."
363967,DOCREC 771/2015,DOCREC,771,2015,"INFORMAÇÕES PRESTADAS PELA SECRETARIA MUNICIPAL DE SERVIÇOS EM RESPOSTA A RDS 979/2015, A RESPEITO DO PROCEDIMENTO LICITATÓRIO COM OBJETO DE CELEBRAR PARCERIA PÚBLICO-PRIVADA DE ILUMINAÇÃO PÚBLICA"
363968,DOCREC 772/2015,DOCREC,772,2015,INFORMAÇÕES PRESTADAS PELA SECRETARIA MUNICIPAL DE SAÚDE EM RESPOSTA A REQUERIMENTO DA COMISSÃO DE SAÚDE A RESPEITO DOS EQUIPAMENTOS DE SAÚDE LOCALIZADOS NA RUA FREDERICO ALVARENGA
454041,DOCREC 782/2015,DOCREC,782,2015,INFORMAÇÕES PRESTADAS PELAS SECRETARIAS MUNICIPAIS DE EDUCAÇÃO E INFRAESTRUTURA URBANA A RESPEITO DAS DATAS ANUNCIADAS DE INÍCIO E FIM DA CONSTRUÇÃO DO CEI TAMOIO
454042,DOCREC 783/2015,DOCREC,783,2015,INFORMAÇÕES PRESTADAS PELA SECRETARIA MUNICIPAL DE SAÚDE EM RESPOSTA A REQUERIMENTO DA COMISSÃO DE SAÚDE SOBRE A CONTRATAÇÃO DE ORGANIZAÇÃO SOCIAL PARA GERENCIAMENTO E EXECUÇÃO DE SERVIÇOS DE SAÚDE EM SANTANA/TUCURUVI/JAÇANÃ
454045,DOCREC 786/2015,DOCREC,786,2015,INFORMAÇÕES PRESTADAS PELA SECRETARIA MUNICIPAL DE EDUCAÇÃO EM RESPOSTA A REQUERIMENTO DA COMISSÃO DE EDUCAÇÃO A RESPEITO DA DISTRIBUIÇÃO DE UNIFORME E MATERIAL ESCOLAR NA CRECHE EDUCADOR PAULO FREIRE
454160,DOCREC 793/2015,DOCREC,793,2015,RESPOSTA AO REQUERIMENTO 35/2015 DA COMISSÃO DE ADMINISTRAÇÃO PÚBLICA QUE CONVIDOU O SECRETÁRIO DE GOVERNO FRANCISCO MACENA A COMPARECER EM REUNIÃO. O SECRETÁRIO CONSIDERA QUE O ASSUNTO DEVER SER TRATADO COM A SMT
454624,DOCREC 820/2015,DOCREC,820,2015,ENCAMINHA AS INFORMAÇÕES PRESTADAS PELA SECRETARIA MUNICIPAL DA SAÚDE A RESPEITO DA REFRIGERAÇÃO DE MEDICAMENTOS E VACINA S NOS EQUIPAMENTOS DA REDE MUNICIPAL DE SAÚDE.
454706,DOCREC 841/2015,DOCREC,841,2015,INFORMAÇÕES PRESTADAS PELA SECRETARIA MUNICIPAL DE FINANÇAS EM RESPOSTA A REQUERIMENTO DA COMISSÃO DE ADMINISTRAÇÃO PÚBLICA ACERCA DO DETALHAMENTO DE DADOS DOS 100 MAIORES DEVEDORES DE ISS DO MUNICÍPIO
455087,PL 594/2015,PL,594,2015,INSTITUI O PROGRAMA MUNICIPAL ADOTE UMA ESCOLA.
455141,PL 568/2015,PL,568,2015,DISPÕE SOBRE A CRIAÇÃO DO INCENTIVO FISCAL DENOMINADO IPTU VERDE.
455156,PL 561/2015,PL,561,2015,"ACRESCENTA O § 4º NO ART. 2º DA LEI Nº 16.211, DE 27 DE MAIO DE 2015, E O INC. IV NO ART. 4º DA LEI 15.150, DE 06 DE MAIO DE 2010, PARA PREVER A CONSTRUÇÃO DE MICRO TERMINAIS DE ÔNIBUS URBANO INTEGRANTES DO SISTEMA DE TRANSPORTE PÚBLICO MUNICIPAL ATRAVÉS DE PARCERIA PÚBLICO-PRIVADA NO ÂMBITO DO MUNICÍPIO DE SÃO PAULO, E DÁ OUTRAS PROVIDÊNCIAS."
455302,DOCREC 870/2015,DOCREC,870,2015,"EM ATENDIMENTO REQ. VER. RODOLFO DESPACHANTE APROVADO PELA COM. ADM.TRANSMITE, POR CÓPIA INFOS PRESTADAS PELA COMPANHIA METROPOLITANA DE HABITAÇÃO COHAB-SP A RESPEITO IMÓVEIS DISPO NÍVEIS PARA COMERCIALIZAÇÃO EM CADA CONJ HAB. IPIRANGA"
455307,DOCREC 876/2015,DOCREC,876,2015,"EM ATENÇÃO PEDIDO SUBSÍDIOS DA COM.JUST. ENCAMINHA MANIFESTA ÇÃO DA SEC.MUN.LICENCIAMENTO SOBRE PL 429/15 VER. SALOMÃO PE REIRA QUE DENOMINA PRAÇA ABDIAS FERREIRA DE MELO O ESPAÇO LI VRE DELIMITADO RUAS ANGELO CLERICI E ANDRÉ DIAS, BUTANTA"
455310,DOCREC 878/2015,DOCREC,878,2015,EM ATENÇÃO PEDIDO SUBSÍDIOS DA COM.EDUCAÇÃO ENCAMINHA MANIFE STAÇÃO ÓRGÃOS MUNICIPAIS SOBRE O PL 418/2014 VER. PAULO FIORILLO SOBRE A OBRIGATORIEDADE DE CONTRATAÇÃO ESTAGIÁRIOS E PROF.EDUCAÇÃO FÍSICA PARA ORIENTAÇÃO IDOSOS PRAÇAS PUBLICA
455312,DOCREC 880/2015,DOCREC,880,2015,EM ATENDIMENTO PEDIDO SUBSÍDIOS DA COM.EDUCAÇÃO ACERCA PL 501/2014 VER. ADILSON AMADEU QUE DISPÕE SOBRE A SOBREPOSIÇÃO DA COMPLEMENTAÇÃO NA DENOMINAÇÃO VIADUTO SANTA IFIGÊNIA PARA SANTA IFIGÊNIA DR. WALDOMIRO ZARZUR.
455420,DOCREC 881/2015,DOCREC,881,2015,EM ATENÇÃO PEDIDO SUBSÍDIOS DA CCJLP ENCAMINHA POR CÓPIA INF PRESTADAS PELA SEC.MUN.LICENCIAMENTO ACERCA PL 470/2012 VER. RICARDO TEIXEIRA QUE VISA DENOMINAR RUA MARIA FERREIRA DE ME LO A RUA INOMINADA LOCALIZADA ITAIM PAULISTA
455424,DOCREC 895/2015,DOCREC,895,2015,INFORMAÇÕES PRESTADAS PELA SUBPREFEITURA DA SÉ EM RESPOSTA A REQUERIMENTO DA COMISSÃO DE ADMINISTRAÇÃO PÚBLICA RELATIVAS AS OBRAS DE REFORMA DE CALÇADAS NE REGIÃO DA RUA 25 DE MARÇO
455430,DOCREC 886/2015,DOCREC,886,2015,EM ATENÇAO REQUERIMENTOS VER.REIS DELIBERADOS PELA COM. EDUC ENCAMINHA INFOS E DOCUMENTOS FORNECIDOS PELA SEC.MUN.EDUCAÇÃ O RELATIVO ÀS VAGAS EM CRECHES
455431,DOCREC 887/2015,DOCREC,887,2015,"EM ATENÇÃO REQUERIMENTO VER.ATILIO FRANCICO APROVADO PELA COM. TRÂNSITO, TRANSMITE INFORMAÇÕES PRESTADAS PELA SEC.MUN. TRANSPORTES A RESPEITO DAS PLACAS DE TRÂNSITO SUBSTITUÍDAS EM VIRTUDE DA MUDANÇA DE VELOCIDADE."
455433,DOCREC 889/2015,DOCREC,889,2015,"EM ATENÇÃO REQUERIMENTO 42/2015 VER. MARIO COVAS NETO, APROV ADO PELA COM.ADM.PUBLICA ENCAMINHA INFORMAÇÕES PRESTADAS PEL A SEC.MUN.TRANSPORTES A RESPEITO DA MODIFICAÇÃO DAS PLACAS DE SINALIZAÇÃO EM VIRTUDE DA MUDANÇA DE VELOCIDADE VIAS."
455529,DOCREC 917/2015,DOCREC,917,2015,INFORMAÇÕES PRESTADAS PELA SECRETARIA MUNICIPAL DE SAÚDE EM RESPOSTA A REQUERIMENTO DA COMISSÃO DE SAÚDE A RESPEITO DO FUNCIONAMENTO DO HOSPITAL MUNICIPAL SÃO LUIZ GONZAGA
455697,DOCREC 935/2015,DOCREC,935,2015,INFORMAÇÕES PRESTADAS PELA SECRETARIA MUNICIPAL DE EDUCAÇÃO EM RESPOSTA A REQUERIMENTO DA COMISSÃO DE SAÚDE A RESPEITO DAS AÇÕES PARA IDENTIFICAÇÃO E APOIO AOS ALUNOS COM DISLEXIA NO ÂMBITO DA REDE MUNICIPAL DE ENSINO
455707,DOCREC 938/2015,DOCREC,938,2015,INFORMAÇÕES PRESTADAS PELA SECRETARIA MUNICIPAL DE SAÚDE EM RESPOSTA A REQUERIMENTO DA COMISSÃO DE SAÚDE A RESPEITO DO HOSPITAL MUNICIPAL SÃO LUIZ GONZAGA
456008,DOCREC 951/2015,DOCREC,951,2015,"ENCAMINHA POR CÓPIA INFORMAÇÃO OFERECIDA PELA SEC. MUNICIPAL DE GESTÃO, RELATIVA AO TEMPO DE SERVIÇO PARA APOSENTADORIA DOS TÉCNICOS DE RAIO X NO SETOR PÚBLICO MUNICIPAL, REQUERIM. VER. NETINHO PAULA, DELIBERADO COM. SAÚDE"
456012,DOCREC 955/2015,DOCREC,955,2015,"ENCAMINHA, POR CÓPIA, INFORMAÇÕES OFERECIDAS PELA SEC.MUN.FI NANÇAS RELATIVAMENTE IPTU 2016 EM ATENÇÃO REQUERIMENTO VER. MARIO COVAS NETO DELIBERADO PELA COM.ADM. PUBLICA."
456018,DOCREC 957/2015,DOCREC,957,2015,"ENCAMINHA POR CÓPIA INFORMAÇÕES DA COMPANHIA DE ENGENHARIA D TRÁFEGO RELATIVAMENTE A OBRAS REALIZADAS NA RUA RUI BARBOSA, BELA VISTA EM ATENÇÃO REQUERIMENTO VER. ANDREA MATARAZZO E DALTON SILVANO APROVADO COM.ADM. PUBLICA."
456687,DOCREC 981/2015,DOCREC,981,2015,INFORMAÇÕES PRESTADAS PELA SECRETARIA MUNICIPAL DE TRANSPORTES EM RESPOSTA A REQUERIMENTO DA COMISSÃO DE ADMINISTRAÇÃO PÚBLICA SOBRE A IMPLANTAÇÃO DE CICLOVIAS E CICLOFAIXAS NA CIDADE DE SÃO PAULO
457046,DOCREC 998/2015,DOCREC,998,2015,"INFORMAÇÕES PRESTADAS PELA SECRETARIA MUNICIPAL DE DESENVOLVIMENTO URBANO EM RESPOSTA A REQUERIMENTO DA COMISSÃO DE ADMINISTRAÇÃO PÚBLICA ACERCA DOS IMÓVEIS DOADOS PELA PREFEITURA AO SESI, SENAI E FIESP"
457194,PL 698/2015,PL,698,2015,"ALTERA A LEI Nº 11.123 DE 1991, QUE DISPÕE SOBRE AS ELEIÇÕES PARA O CONSELHO TUTELAR NO MUNICÍPIO DE SÃO PAULO, E DÁ OUTRAS PROVIDÊNCIAS."
457619,DOCREC 1023/2015,DOCREC,1023,2015,ENCAMINHA O PRONUNCIAMENTO DA SECRETARIA MUNICIPAL DE EDUCAÇ ÃO ACERCA DO PL 423/13.
457629,DOCREC 1033/2015,DOCREC,1033,2015,"EM ATENÇÃO REQUERIMENTO RDS 19/15 AUTORIA VER. REIS APROVADO PELA COM.EDUCAÇÃO, CULTURA E ESPORTES ENCAMINHA CÓPIA DAS INFORMAÇÕES PRESTADAS PELA SEC.MUN.EDUCAÇÃO RELATIVAS À EDU CAÇÃO EM TEMPO INTEGRAL."
457630,DOCREC 1034/2015,DOCREC,1034,2015,EM ATENÇAO RDS 55/15 E 56/15 VER.MARIO COVAS NETO APROVADO PELA COM.ADM.PÚBLICA TRANSMITE POR CÓPIA INFOS PRESTADAS PE LA SEC.MUN.FINANÇAS RELATIVAS ÀS QUESTÕES REFERENTES IPTU E FUNDO MUN.SANEAMENTO AMBIENTAL.
457637,DOCREC 1037/2015,DOCREC,1037,2015,EM ATENÇÃO REQ. 65/15 VER. ANDREA MATARAZZO E MARIO COVAS NE TO APROVADO COM.ADM.PÚBLICA ESCLARECE QUE AS INFORMAÇÕES NEL E SOLICITADA JA FORAM PRESTADAS POR MEIO DO OFÍCIO ATL 615/ 15-C DE 9/12/2015
457923,DOCREC 1052/2015,DOCREC,1052,2015,SOLICITA AUDIÊNCIA PÚBLICA PARA TRATAR SOBRE O PL 713/2015
457991,DOCREC 8/2016,DOCREC,8,2016,"ENCAMINHA AS INFORMAÇÕES OFERECIDAS PELA SECRETARIA MUNICIPA L DE SAÚDE ATINENTES A ALTERAÇÕES, ESTRUTURA E ATENDIMENTOS NA REDE DE ATENÇÃO BÁSICA."
457996,DOCREC 3/2016,DOCREC,3,2016,"ENCAMINHA EM ATENÇÃO REQ. VER. RICARDO YOUNG DELIBERADO PELA COM.TRÂNSITO, COPIA INFOS DA SEC.MUN. INFRAESTRUTURA ACERCA CERTAME LICITATÓRIO PARA CONTRATAÇÃO OBRAS INUNDAÇÕES BACIA HIDROGRÁFICA RIBEIRÃO PERUS,."
458272,DOCREC 54/2016,DOCREC,54,2016,INFORMAÇÕES PRESTADAS PELA SECRETARIA MUNICIPAL DE TRANSPORTES EM RESPOSTA A REQUERIMENTO DA COMISSÃO DE TRÂNSITO A RESPEITO DE LINHAS DE ÔNIBUS ESPECIFICADAS
458277,DOCREC 59/2016,DOCREC,59,2016,INFORMAÇÕES PRESTADAS PELOS ÓRGÃOS MUNICIPAIS COMPETENTES EM RESPOSTA A REQUERIMENTO DA COMISSÃO DE ADMINISTRAÇÃO PÚBLICA ACERCA DO PEDIDO DE APROVAÇÃO DE EMPREENDIMENTO NA ILHA QUE SE FORMA AO LARGO DA USINA ELEVATÓRIA DE TRAIÇÃO
458439,DOCREC 71/2016,DOCREC,71,2016,ATENÇÃO AO REQ. DA CCJ A RESPEITO DO PL 520/14
458508,DOCREC 82/2016,DOCREC,82,2016,"ENCAMINHA SUBSÍDIOS FORNECIDOS P/ SEC. MUNC. DE HABITAÇÃO EM RESPOSTA AO REQ. DO VER. MARIO COVAS NETO APROVADO NA COMISSÃO DE ADMINISTRAÇÃO PÚBLICA, A CERCA DO FUNDO MUNICIPAL DE SANEAMENTO AMBIENTAL E INFRAESTRUTURA."
458569,DOCREC 95/2016,DOCREC,95,2016,"EM ATENÇÃO AOS REQ. DO VER. ANÍBAL DE FREITAS, DELIBERADOS PELA COMISSÃO DE SAÚDE, ENCAMINHA INFO. OFERECIDAS PELA SECRETARIA MUN. DE SAÚDE SOBRE MEDICAMENTOS QUE O MUN. FORNECEU POR FORÇA DE DECISÕES JUDICIAS ENTRE 2013 E 2015."
458571,DOCREC 97/2016,DOCREC,97,2016,"EM ATENÇÃO A PEDIDO DA COMISSÃO DE SAÚDE, ENCAMINHA INFO. PRESTADAS PELAS SEC. MUN DE SAÚDE E DE POL. PARA AS MULHERES ACERCA DO PL Nº 897/13, DO VER. CALVO, QUE VISA OBRIGAR AS UBS A ESCLARECER AS GESTANTES SOBRE OS RISCOS DO ABORTO"
458740,DOCREC 134/2016,DOCREC,134,2016,"ENC DE INFORMAÇÃO A CCJ, ACERCA DO PL 459/15, DE AUTORIA DO VER, WADIH MUTRAN, QUE VISA DENOMINAR PASSARELA ELIO ESTEVES A PASSARELA ELEVADA NO SENTIDO TRANSVERSAL DA AV DO ESTADO COM INICIO NA RUA CAVALHEIRO AFONSO NICOLI."
458867,DOCREC 145/2016,DOCREC,145,2016,INFORMAÇÕES PRESTADAS PELA SECRETARIA MUNICIPAL DE SERVIÇOS EM RESPOSTA A REQUERIMENTO DA COMISSÃO DE ADMINISTRAÇÃO PÚBLICA REFERENTES À QUANTIDADE E À LOCALIZAÇÃO DOS POSTES DE ILUMINAÇÃO PÚBLICA
458870,DOCREC 143/2016,DOCREC,143,2016,INFORMAÇÕES PRESTADAS PELA SECRETARIA MUNICIPAL DO VERDE E DO MEIO AMBIENTE EM RESPOSTA A REQUERIMENTO DA COMISSÃO DE ADMINISTRAÇÃO PÚBLICA A RESPEITO DE PARQUES INDICADOS
459020,DOCREC 154/2016,DOCREC,154,2016,"EM RESP. A COMISSÃO DE JUST., ENCAMINHA CÓPIA DAS INFOS. A RESPEITO DO PL Nº 633/15, DA VER. JULIANA CARDOSO, QUE DENOM HOSP. DIA DE REDE HORA CERTA DE SÃO MATEUS - DR. HENRIQUE C. GONÇALVES, EQUIP. NA RUA AUGUSTO FERREIRA RAMOS, Nº 9"
459538,PL 52/2016,PL,52,2016,"DENOMINA DA RUA ALFREDO MOREIRA ROCHA, O LOGRADOURO INOMINADO, QUAL É UMA TRAVESSA DA RUA RIO TEFÉ E DÁ OUTRAS PROVIDÊNCIAS."
459841,DOCREC 175/2016,DOCREC,175,2016,ENCAMINHO AS INFORMAÇÕES OFERECIDAS PELA SECRETARIA MUNICIPA L DE TRANSPORTE A RESPEITO DO SUBSÍDIO PARA AS CONCESSIONÁRI AS DE ÔNIBUS PARA O ANO DE 2016.
460086,PL 84/2016,PL,84,2016,"ACRESCENTA O ART. 2º-B À LEI Nº 10.154, DE 07 DE OUTUBRO DE 1986, QUE DISPÕE SOBRE O TRANSPORTE COLETIVO DE ESCOLARES NO ÂMBITO DO MUNICÍPIO DE SÃO PAULO, A FIM DE AUTORIZAR A INSTALAÇÃO DE ANÚNCIOS PUBLICITÁRIOS NOS VEÍCULOS, E DÁ OUTRAS PROVIDÊNCIAS."
460357,PL 96/2016,PL,96,2016,"APROVA PLANO DE MELHORAMENTOS VIÁRIOS NOS DISTRITOS DE BRASILÂNDIA, ITAIM BIBI, REPÚBLICA, ANHANGUERA E ARICANDUVA; E REVOGA PARCIALMENTE A LEI Nº 8.274, DE 12 DE AGOSTO DE 1975."
461321,DOCREC 216/2016,DOCREC,216,2016,"ENCAMINHA O RELATÓRIO MENSAL DOS DADOS COLETADOS PELO SISTEM A DE CONTROLE, FISCALIZAÇÃO E GERENCIAMENTO E GESTÃO DE TRAN SPORTE COLETIVO, FORNECIDO PELA SPTRANS."
461323,DOCREC 217/2016,DOCREC,217,2016,"ENCAMINHA O RELATÓRIO MENSAL DOS DADOS COLETADOS PELO SISTEM A DE CONTROLE, FISCALIZAÇÃO E GERENCIAMENTO E GESTÃO DE TRAN SPORTE COLETIVO, FORNECIDO PELA SPTRANS."
461750,DOCREC 247/2016,DOCREC,247,2016,"ENCAMINHA CÓPIA INTEGRAL DOS PROCESSOS ADMINISTRATIVOS QUE ESPECIFICA, REFERENTES À EXECUÇÃO DE OBRAS COM RECURSOS ORIU NDOS DE EMENDAS PARLAMENTARES OBJETOS DESSES PROCESSOS."
461756,DOCREC 241/2016,DOCREC,241,2016,ENCAMINHA AS INFORMAÇÕES OFERECIDAS PELA SECRETARIA MUNICIPA L DE HABITAÇÃO A RESPEITO DO PROGRAMA DE MANANCIAIS.
461765,DOCREC 236/2016,DOCREC,236,2016,ENCAMINHA INFOS PRESTADAS PELA SEC.MUN.SERVIÇOS EM ATENDIMEN TO PEDIDO SUBSÍDIOS DA COM.SAÚDE ACERCA PL 591/13 VER. NABIL BONDUKI QUE DISPÕE SOBRE INSERÇÃO DAS COOPERATIVAS E ASSOCIA ÇÕES CATADORES DA COLETA SELETIVA NO SIST.LIMPEZA URBANA
461768,DOCREC 239/2016,DOCREC,239,2016,ENCAMINHA INFOS PRESTADAS PELA SEC.MUN.DIR.HUMANOS EM ATENÇA O PEDIDO SUBSÍDIOS DA COM.EDUCAÇÃO ACERCA PL 113/14 VER. TONINHO VESPOLI QUE DISPÕE SOBRE A SEMANA DE CONSCIENTIZAÇÃO ACERCA DAS PESSOAS EM SITUAÇÃO DE RUA.
461961,PL 139/2016,PL,139,2016,ESTABELECE PARÂMETROS PARA GARANTIA DA SEGURANÇA ENERGÉTICA HOSPITALAR NO MUNICÍPIO DE SÃO PAULO.
462130,DOCREC 281/2016,DOCREC,281,2016,"EM RESP. REQUERIMENTO Nº 39/14, DO VER. AURÉLIO MIGUEL, ENCAMINHA INFO. DA SUBPREFEITURA DE SANTO AMARO SOBRE MEDIDAS ADMINISTRATIVAS ADOTADAS CONTRA AS ESTAÇÕES RÁDIO-BASE INSTALADAS IRREGULARMENTE."
462133,DOCREC 282/2016,DOCREC,282,2016,ENCAMINHAMENTO DE INFORMAÇOES OFERECIDAS PELA SECRETARIA MUNICIPAL DE EDUCAÇÃO REFERENTES À PODA DA VEGETAÇÃO NO CEI VILA SÃO JOÃO.
462134,DOCREC 283/2016,DOCREC,283,2016,ENCAMINHAMENTO DE INFORMAÇOES OFERECIDAS PELA SECRETARIA MUNICIPAL DE TRANSPORTES REFERENTES AO SERVIÇO DE AUTOATENDIMENTO PARA RECARGA DO BILHETE ÚNICO NAS ESTAÇÕES DE METRÔ E TERMINAIS DE ÔNIBUS.
462748,DOCREC 300/2016,DOCREC,300,2016,"ENCAMINHA CÓPIA DA RESPOSTA AO PEDIDO DE SUBSÍDIOS DA CCJ. ACERCA DO PL 10/16, DE AUTORIA DO VEREADOR LAÉRCIO BENKO, QUE OBJETIVA DENOMINAR PRAÇA HUMBERTO BONFIM O LOGRADOURO QUE ESPECIFICA, FORNECIDOS PELA SECRETARIA MUNCIPAL LICENCIA"
462750,DOCREC 302/2016,DOCREC,302,2016,"ENCAMINHA CÓPIA DA RESPOSTA AO PEDIDO DE SUBSÍDIOS DA CF FORNECIDOS PELA SECRETARIA MUNICIPAL DO DESENV.,TRABALHO E EMPREENDEDORISMO, DO VERDE E MEIO AMBIENTE E DA SAÚDE ACERCA DO PL 654/13, DE AUTORIA DO VER. NATALINI.."
462751,DOCREC 303/2016,DOCREC,303,2016,"ENCAMINHA CÓPIA DA RESPOSTA AO PEDIDO DE SUBSÍDIOS DA CCJ. OFERECIDAS PELO ÓRGÃO MUNICIPAL COMPETENTE ACERCA DO PL 658/15,DE AUTORIA DO VER.ARI FRIEDENBACH,QUE DENOMINA PÇA.DR LASARO GUIMARÃES SILVA O ESPAÇO LIVRE SITUADO NA R.DO BOSQUE"
462752,DOCREC 304/2016,DOCREC,304,2016,"ENCAMINHA CÓPIA DA RESPOSTA AO PEDIDO DE SUBSÍDIOS DA CCJ. OFERECIDAS PELO ÓRGÃO MUNICIPAL COMPETENTE ACERCA DO PL 15/16, DE AUTORIA DA VER. EDIR SALES, QUE DENOMINA PRAÇA DR. ALCIMAR PEZOLITO O LOGRADOURO NO DISTRITO DE VILA CURUÇÁ."
462753,DOCREC 305/2016,DOCREC,305,2016,"ENCAMINHA CÓPIA DA RESPOSTA AO PEDIDO DE SUBSÍDIOS DA CCJ. PRESTADAS PELA SECRETARIA MUNICIPAL DE LICENCIAMENTO ACERCA DO PL 14/2016,DE AUTORIA DA VER.EDIR SALES, QUE DENOMINA PÇA MARIA FUENTES MUNHOZ LOGRADOURO EM DISTR.DE SÃO LUCAS."
462754,DOCREC 306/2016,DOCREC,306,2016,"ENCAMINHA CÓPIA DA RESPOSTA AO PEDIDO DE SUBSÍDIOS DA CCJ. FORNECIDOS PELA SECRETARIA MUNICIPAL DE LICENCIAMENTO ACERCA DO PL 12/16, DE AUTORIA DA VER.EDIR SALES, QUE DENOMINA PÇA. GILDES MACEDO DE SOUZA O LOGRADOURO QUE ESPECIFICA."
462755,DOCREC 307/2016,DOCREC,307,2016,"ENCAMINHA CÓPIA DA RESPOSTA AO PEDIDO DE SUBSÍDIOS DA CCJ. ACERCA DO PL 75/16, DE AUTORIA DO VER. MASATAKA OTA, QUE DENOMINA PÇA SUÉLLEN CRISTINA FERREIRA PINHEIRO A ÁREA LIVRE SITUADA NA ENTRE AS RUAS FRIEDRICH VON VOITH E J. PETERSEN,"
462756,DOCREC 308/2016,DOCREC,308,2016,"ENCAMINHA CÓPIA DA RESPOSTA AO PEDIDO DE SUBSÍDIOS DA CCJ. PRESTADAS PELOS ÓRGÃOS MUNICIPAIS COMPETENTES ACERCA DO PL 13/16, DE AUTORIA DA VEREADORA EDIR SALES, QUE DENOMINA PÇA. JOÃO FERREIRA NO DISTRITO DE SÃO LUCAS, SUBPREF.V.PRUDENTE."
462757,DOCREC 309/2016,DOCREC,309,2016,"ENCAMINHA CÓPIA DA RESPOSTA AO PEDIDO DE SUBSÍDIOS DA CCJ. ACERCA DO PL 471/15, DE AUTORIA DO VER.PAULO FRANGE, QUE DISPÕE SOBRE IMÓVEIS QUE ESTEJAM SENDO UTILIZADOS POR ENTIDA DES CONVENIADAS OU ORGANIZAÇÕES SEM FINS LUCRATIVOS."
462761,DOCREC 313/2016,DOCREC,313,2016,ENCAMINHAMENTO DE INFORMAÇOES OFERECIDAS PELA SECRETARIA DE FINANÇAS E DESENVOLVIMENTO ECONÔMICO E DE HABITAÇÃO EM ATENÇÃO AO FUNDO DE SANEAMENTO AMBIENTAL.
462764,DOCREC 316/2016,DOCREC,316,2016,ENCAMINHAMENTO DE INFORMAÇOES OFERECIDAS PELA SECRETARIA MUNICIPAL DE EDUCAÇÃO REFERENTES À DOCUMENTOS APRESENTADOS PELA SERVIDORA DORÓTEA BOCCAFUSCO.
462984,DOCREC 328/2016,DOCREC,328,2016,ENCAMINHA INFORMAÇÕES DA EDUC. EM ATENÇÃO AO REQ. DO VER. PAULO FIORILO REF. A MATRÍCULA. DE CRIANÇAS COM AUTISMO OU PARALISIA CEREBRAL NA EMEF LOURENÇO FILHO.
463206,PL 205/2016,PL,205,2016,"DISPÕE SOBRE A CRIAÇÃO DA CARREIRA DE AGENTE DE PROTEÇÃO E DEFESA CIVIL - APDC, NA ESTRUTURA ORGANIZACIONAL DA PREFEITURA MUNICIPAL DE SÃO PAULO, E DÁ OUTRAS PROVIDÊNCIAS."
463396,DOCREC 357/2016,DOCREC,357,2016,"ENCAMINHAMENTO DE INFORMAÇOES OFERECIDAS PELA SECRETARIA MUNICIPAL DE TRANSPORTES REFERENTE AO PL 486/14 DE AUTORIA DO VER. JEAN MADEIRA, QUE VISA CRIAR O ADESIVO DE TRANSPORTE PARA PACIENTES PÓS-CIRÚRGICOS."
463402,DOCREC 358/2016,DOCREC,358,2016,"ENCAMINHAMENTO DE INFORMAÇOES OFERECIDAS PELA SECRETARIA MUNICIPAL DE SAÚDE ACERCA DO PL 815/13 DE AUTORIA DO VER. JULIANA CARDOSO, QUE INSTITUI DIRETRIZES PARA O PROGRAMA ACADEMIA DA SAÚDE."
463631,DOCREC 389/2016,DOCREC,389,2016,"EM RESP. REQ COM ADMINISTRAÇÃO PÚBLICA, ENCAMINHA CÓPIA DOS ESCLARECIMENTOS E DOCUMENTOS OFERECIDOS PELA SÃO PAULO URBANISMO REFERENTES ÀS AÇÕES DA OPERAÇÃO URBANA CENTRO."
463781,DOCREC 392/2016,DOCREC,392,2016,"ENCAMINHA RELATÓRIO MENSAL DOS DADOS COLETADOS PELO SISTEMA DE CONTROLE, FISCALIZAÇÃO, GERENCIAMENTO E GESTÃO DE TRANSPORTE COLETIVO, FORNECIDO PELA SÃO PAULO TRANSPORTE S/A - SPTRANS."
464458,DOCREC 420/2016,DOCREC,420,2016,"EM RESP. A REQ. DA COMISSÃO DE TRÂNSITO, ENCAMINHA INFO. DA SECRETARIA MUNICIPAL DE TRANSPORTES REFERENTES A MEDIDAS ADOTADAS NO MUNICÍPIO VISANDO À REDUÇÃO DA VIOLÊNCIA NO TRÂNSITO."
464466,DOCREC 421/2016,DOCREC,421,2016,"EM RESP. A REQ. DA COM. DE TRÂNSITO, ENCAMINHA INFO. DA SECRETARIA MUNICIPAL DE TRANSPORTES A RESPEITO DA DISPONIBILIZAÇÃO DE AR CONDICIONADO, INTERNET GRATUITA E TOMADAS PARA RECARGA DE CELULAR NOS ÔNIBUS MUNICIPAIS."
464677,PL 279/2016,PL,279,2016,"DISPÕE SOBRE AS DIRETRIZES PARA O ""CARNAVAL DE RUA"", NO MUNICÍPIO DE SÃO PAULO, E DÁ OUTRAS PROVIDÊNCIAS."
464713,PL 314/2016,PL,314,2016,"ALTERA O ARTIGO 148 DA LEI Nº 16402, DE 22 DE MARÇO DE 2016, QUE DISCIPLINA O PARCELAMENTO, O USO E A OCUPAÇÃO DO SOLO NO MUNICÍPIO DE SÃO PAULO, DE ACORDO COM A LEI Nº 16.050, DE 31 DE JULHO DE 2014 - PLANO DIRETOR ESTRATÉGICO (PDE), PARA FIXAR NOVOS VALORES PARA AS MULTAS POR INFRAÇÃO AOS PARÂMETROS DE INCOMODIDADE, E DÁ OUTRAS PROVIDÊNCIAS."
465190,DOCREC 449/2016,DOCREC,449,2016,"ENCAMINHA INFORMAÇÃO REQUERIDAS PELA VER. TONINHO VESPÓLI APROVADO NA COM. DE EDUCAÇÃO, QUANTO AO CRONOGRAGRAMA PARA NOMEAÇÃO DOS APROVADOS EM CONCURSO PÚBLICO REALIZADO PELA SECRETARIA MUNICIPAL DE EDUCAÇÃO."
465279,DOCREC 483/2016,DOCREC,483,2016,"ENCAMINHAMENTO DE INFORMAÇÕES DA SECRETARIA MUNICIPAL DE EDUCAÇÃO E DE COORD. DAS SUBPREFEITURAS, A RESPEITO DOS EQUIPAMENTOS DA REDE MUNICIPAL DE ENSINO."
465355,DOCREC 489/2016,DOCREC,489,2016,"ENCAMINHA CÓPIA DOS ELEMENTOS FORNECIDOS PELAS SEC.MUN CULT. E EDUC. A RESPEITO DO CUMPRIMENTO DO DISPOSTO LEI 12.659/98 E DEC.37973/99 EM ATENÇAO REQUERIMENTO COM. EDUCAÇÃO, CULTUR A E ESPORTES."
465356,DOCREC 490/2016,DOCREC,490,2016,"ENCAMINHA CÓPIA DAS INFORMAÇÕES PRESTADAS PELA SEC.MUN. EDUC ACERCA ATENDIMENTO AOS ALUNOS DA CEI IGUAÇU E DA EMEI PROF. NEYL GOMEZ MARTIN EM AT. REQUERIMENTO VER.CLAUDINHO DE SOUZA DELIBERADO PELA COM.EDUCAÇÃO , CULTURA E ESPORTES."
465357,DOCREC 491/2016,DOCREC,491,2016,"ENCAMINHA CÓPIA DOS ESCLARECIMENTOS OFERECIDOS PELA SEC.MUN. SAÚDE REF.CONTRATO DE GESTÃO COM IABAS VISANDO O GERENCIAMEN TO E EXECUÇÃO AÇÕES EM SERVIÇOS DE SAÚDE, EM ATENÇAO REQ. VE RS.QUITO FORMIGA E MARIO COVAS NETO APPROVADO COM.ADMINIST."
465358,DOCREC 493/2016,DOCREC,493,2016,"INFORMAÇÕES FORNECIDAS PELOS ÓRGÃOS COMPETENTES ACERCA DO PL 706/15, DA VEREADORA EDIR SALES, QUE DENOMINA PRAÇA DE FREI ANTÔNIO DE GUADALUPE"
465359,DOCREC 494/2016,DOCREC,494,2016,"INFORMAÇÕES FORNECIDAS PELOS ÓRGÃOS COMPETENTES ACERCA DO PL 27/16, DO VEREADOR ELISEU GABRIEL, QUE DENOMINA PRAÇA DE ANTONIO GALDI"
465360,DOCREC 492/2016,DOCREC,492,2016,"ENCAMINHA CÓPIAS EXTRAÍDAS DO PROC.ADM.2015-0.298.796-8 E DO S DEMAIS ELEMENTOS FORNECIDOS PELA SEC.MUN.EDUCAÇÃO EM ATENÇ ÃO REQ, VER. QUITO FORMIGA APROVADO PELA COM.DE ADMINISTRAÇÃ O PÚBLICA."
465361,DOCREC 495/2016,DOCREC,495,2016,"INFORMAÇÕES FORNECIDAS PELA SECRETARIA DE LICENCIAMENTO ACERCA DO PL 93/16, DO VEREADOR PAULO FIORILO, QUE DENOMINA LOGRADOURO SITUADO NO DISTRITO DE BELÉM, SUBPREFEITURA DA MOOCA"
465363,DOCREC 496/2016,DOCREC,496,2016,"INFORMAÇÕES FORNECIDAS PELOS ÓRGÃOS COMPETENTES ACERCA DO PL 100/2016, DO VEREADOR ADOLFO QUINTAS, QUE DENOMINA PRAÇA DE JOSÉ REIS DA SILVA"
465365,DOCREC 497/2016,DOCREC,497,2016,"INFORMAÇÕES FORNECIDAS PELA SECRETARIA DE LICENCIAMENTO ACERCA DO PL 103/16, DO VEREADOR RICARDO TEIXEIRA, QUE DENOMINA PRAÇA DE AUGUSTO RODRIGUES SILVA"
465696,DOCREC 527/2016,DOCREC,527,2016,INFORMAÇÕES FORNECIDAS PELAS SECRETARIAS MUNICIPAIS DE ASSISTÊNCIA E DE FINANÇAS EM RESPOSTA A REQUERIMENTO DA COMISSÃO DE ADMINISTRAÇÃO PÚBLICA A RESPEITO DO REPASSE DE VERBAS À REDE CONVENIADA DO SUAS
465698,DOCREC 525/2016,DOCREC,525,2016,INFORMAÇÕES FORNECIDAS PELA SÃO PAULO NEGÓCIOS EM RESPOSTA A REQUERIMENTO DA COMISSÃO DE TRÂNSITO ACERCA DA IMPLANTAÇÃO DAS MEDIDAS PRESCRITAS PELO DECRETO 56981
465881,DOCREC 622/2016,DOCREC,622,2016,ENCAMINHA CÓPIA DE INFORMAÇÕES OFERECIDAS PELA SUBPREFEITURA A RESPEITO DOS SERVIÇOS DE PODA E REMOÇÃO DE ÁRVORES.
465990,PL 393/2016,PL,393,2016,"DISPÕE SOBRE A INSTITUCIONALIZAÇÃO, CONSOLIDAÇÃO E ORGANIZAÇÃO DA POLÍTICA MUNICIPAL DE PARTICIPAÇÃO SOCIAL, BEM COMO CRIA O SISTEMA MUNICIPAL DE PARTICIPAÇÃO SOCIAL."
466163,DOCREC 638/2016,DOCREC,638,2016,ENCAMINHA RESPOSTA AO REQ. DA COM. ADM. COM ESCLARECIMENTOS DAS SECRETARIAS MUNICIPAIS DE DIREITOS HUMANOS E CIDADANIA E DE HABITAÇÃO.
466713,PL 458/2016,PL,458,2016,"DISPÕE SOBRE ALTERAÇÃO DE DENOMINAÇÃO DA AVENIDA AURO SOARES DE MOURA ANDRADE, EM CONFORMIDADE COM O DECRETO MUNICIPAL Nº 57.146/2016 QUE INSTITUI O PROGRAMA RUAS DE MEMÓRIA E DÁ OUTRAS PROVIDÊNCIAS."
466717,PR 7/2016,PR,7,2016,DISPÕE SOBRE A REFORMA TOTAL DO REGIMENTO INTERNO DA CÂMARA MUNICIPAL E REVOGAÇÕES DE PROJETOS DE RESOLUÇÃO E PRECEDENTES REGIMENTAIS E DÁ OUTRAS PROVIDÊNCIAS.
467226,DOCREC 796/2016,DOCREC,796,2016,"EM RESPOSTA A PEDIDO DA COMISSÃO DE ADMINISTRAÇÃO PÚBLICA, ENCAMINHA INFORMAÇÕES OFERECIDAS PELA SECRETARIA MUNICIPAL DE TRANSPORTES SOBRE O FUNDO MUNICIPAL DE DESENVOLVIMENTO DE TRÂNSITO E DE OBRAS REALIZADAS NO SISTEMA VIÁRIO."
467841,DOCREC 837/2016,DOCREC,837,2016,"EM RESPOSTA A PEDIDO DA COMISSÃO DE EDUCAÇÃO, CULTURA E ESPORTES, ENCAMINHA ELEMENTOS FORNECIDOS PELA SECRETARIA MUNICIPAL DE EDUCAÇÃO A RESPEITO DE MATERIAIS ARMAZENADOS SOB A CUSTÓDIA DE EMPRESA DE LOGÍSTICA INTEGRA."
467989,DOCREC 852/2016,DOCREC,852,2016,SOLICITAÇÃO DE EMENDA AO PL 509/2016 (EXECUTIVO - ORÇAMENTO 2017) - DESPESAS DA AUTORIDADE MUNICIPAL DE LIMPEZA URBANA/ FUNDO MUNICIPAL DE LIMPEZA URBANA.
468231,DOCREC 882/2016,DOCREC,882,2016,"CONFORME DELIBERADO CONSELHO MUNICIPAL DE SAÚDE ENCAMINHA RE SOLUÇÃO SOLICITANDO DIVULGAÇÃO AOS VEREADORES RECOMENDANDO O EMPENHO PAA APROVAÇÃO DO PL 01-00430/2016, VISTO SER DE EX TREMA IMPORTÂNCIA PARA INSERÇAO JOVENS."
468511,PL 551/2016,PL,551,2016,INSTITUI O FÓRUM MUNICIPAL DE EDUCAÇÃO DO MUNICÍPIO DE SÃO PAULO.
468516,PL 556/2016,PL,556,2016,DISPÕE SOBRE ALTERAÇÃO DE DENOMINAÇÃO DA RUA SENADOR FILINTO MULLER EM CONFORMIDADE COM O DECRETO MUNICIPAL Nº 57.146/2016 QUE INSTITUI O PROGRAMA RUAS DE MEMÓRIA E DÁ OUTRAS PROVIDÊNCIAS.
469007,PL 588/2016,PL,588,2016,"AUTORIZA A CRIAÇÃO DO PARQUE JAGUARÉ NA ÁREA DAS QUADRAS F782, F783, F785, F786, F787 E F789, DO SETOR 079, APÓS A DESAPROPRIAÇÃO, NA SUBPREFEITURA DA LAPA E DÁ OUTRAS PROVIDÊNCIAS."
470214,PL 112/2017,PL,112,2017,"DISPÕE SOBRE A ALTERAÇÃO DA LEI MUNICIPAL Nº 16.271, DE 17 DE SETEMBRO DE 2015 (PLANO MUNICIPAL DE ENSINO), COM A INCLUSÃO DE INCISOS NO ART. 2º, E ALTERAÇÃO DO ART. 7º, E DÁ OUTRAS PROVIDÊNCIAS."
471184,PL 174/2017,PL,174,2017,"PROÍBE A INSTALAÇÃO DENTRO DO PERÍMETRO URBANO DO MUNICÍPIO DE SÃO PAULO DE PÓRTICOS PARA COBRANÇA DE PEDÁGIO, E DÁ OUTRAS PROVIDÊNCIAS."
471302,DOCREC 76/2017,DOCREC,76,2017,"ENCAMINHA CÓPIA DAS INFORMAÇÕES PRESTADAS PELA SECRETARIA MUNICIPAL DE DESESTATIZAÇÃO E PARCERIAS A RESPEITO DO PROGRAMA ATUAL DE GESTÃO MUNICIPAL QUE VISA PROMOVER 55 LOTES DE PRIVATIZAÇÃO, CONCESSÃO E PARCERIAS PÚBLICO-PRIVADA"
471305,DOCREC 79/2017,DOCREC,79,2017,"ENCAMINHA CÓPIA DAS INFORMAÇÕES PRESTADAS PELA SECRETARIA MUNICIPAL DE CULTURA A RESPEITO DO REFLEXO DO ORÇAMENTÁRIO DAS ATIVIDADES COMO O PROGRAMA VOCACIONAL, FOMENTO À DANÇA, VAI-I, VAI-II, DENTRE OUTROS."
471313,DOCREC 83/2017,DOCREC,83,2017,ENCAMINHA CÓPIA DAS INFORMAÇÕES PRESTADAS PELA SECRETARIA DE SAÚDE A RESPEITO DA PRESTAÇÃO DOS SERVIÇOS DE SAÚDE E DO NÚMERO DE FUNCIONÁRIOS E MÉDICOS LOTADOS NA AMA/UBS INTEGRADA JOSÉ BONIFÁCIO III.
471630,DOCREC 139/2017,DOCREC,139,2017,REQUERIMENTO PARA QUE FAÇA GESTÕES JUNTO AO PREFEITO DE SP PARA QUE O MESMO RETIRE O PROJETO DE LEI 621/16 (SAMPAPREV)
471643,DOCREC 138/2017,DOCREC,138,2017,REPORTANDO AO OFÍCIO RELATIVO AO PEDIDO INFORMAÇÕES PRESTADAS PELA SECRETARIA MUNICIPAL DO VERDE E MEIO AMBIENTE A RESPEITO DA IMPLANTAÇÃO DO PARQUE MUNICIPAL DO TATUAPÉ
471712,DOCREC 147/2017,DOCREC,147,2017,"VENHO ATRAVÉS DESTA NOTIFICAR QUE O EDITAL DO FOMENTO À DANÇA FOI REVOGADO ARBITRARIAMENTE, E SUBSTITUÍDO POR OUTRO QUE DESCONSIDERA A PRÓPRIA LEI"
471738,PL 232/2017,PL,232,2017,"DISPÕE SOBRE A INSTALAÇÃO E FUNCIONAMENTO DO MEIO DE HOSPEDAGEM ""CAMA E CAFÉ - B&B"", NO MUNICÍPIO DE SÃO PAULO, E DÁ OUTRAS PROVIDÊNCIAS."
478785,DOCREC 181/2017,DOCREC,181,2017,REPORTANDO AO OFÍCIO RELATIVO AO PEDIDO DE SUBSÍDIOS DA COMISSÃO DE ADMINISTRAÇÃO PÚBLICA A RESPEITO DA CONTRATAÇÃO DE DUAS AGÊNCIAS DE PUBLICIDADE PARA A ELABORAÇÃO DE CAMPA- NHAS ENCAMINHO INFORMAÇÕES
478787,DOCREC 182/2017,DOCREC,182,2017,REPORTANDO AO OFÍCIO RELATIVO AO PEDIDO DE SUBSÍDIOS DA COMISSÃO DE CONSTITUIÇÃO E JUSTIÇA A RESPEITO DO PL 527/2016 QUE VISA DENOMINAR O ESPAÇO INOMINADO LOCALIZADO ENTRE A RUA DR. LUIZ MIGLIANO E O FINAL DA RUA MÁXIMO MACIEL
478789,DOCREC 183/2017,DOCREC,183,2017,REPORTANDO AO OFÍCIO RELATIVO AO PEDIDO DE SUBSÍDIOS DA COMISSÃO DE CONSTITUIÇÃO E JUSTIÇA A RESPEITO DO PL 526/2016 ENCAMINHO CÓPIA DAS INFORMAÇÕES PRESTADAS DENOMINAÇÃO DE PRAÇA RUA SANTA ELVIRA E SÃO FELIPE
478791,DOCREC 184/2017,DOCREC,184,2017,REPORTANDO AO OFÍCIO RELATIVO AO PEDIDO DE SUBSÍDIOS DA COMISSÃO DE CONSTITUIÇÃO E JUSTIÇA A RESPEITO DO PL 517/2016 ENCAMINHO CÓPIA DAS INFORMAÇÕES PRESTADAS DENOMINAÇÃO DE PRAÇA DORINA NOWILL
478793,DOCREC 185/2017,DOCREC,185,2017,REPORTANDO AO OFÍCIO RELATIVO AO PEDIDO DE SUBSÍDIOS DA COMISSÃO DE CONSTITUIÇÃO E JUSTIÇA A RESPEITO DO PL 547/2016 ENCAMINHO CÓPIA DAS INFORMAÇÕES PRESTADAS DENOMINAÇÃO DE RUA ANTÔNIO NUNES FERREIRA
478795,DOCREC 186/2017,DOCREC,186,2017,REPORTANDO AO OFÍCIO RELATIVO AO PEDIDO DE SUBSÍDIOS DA COMISSÃO DE CONSTITUIÇÃO E JUSTIÇA A RESPEITO DO PL 572/2016 ENCAMINHO CÓPIA DAS INFORMAÇÕES PRESTADAS DENOMINAÇÃO DE PRAÇA PERGENTINO VIEIRA LIMA
478796,DOCREC 187/2017,DOCREC,187,2017,REPORTANDO AO OFÍCIO RELATIVO AO PEDIDO DE SUBSÍDIOS DA COMISSÃO DE CONSTITUIÇÃO E JUSTIÇA A RESPEITO DO PL 136/2017 ENCAMINHO CÓPIA DAS INFORMAÇÕES PRESTADAS DENOMINAÇÃO DE PRAÇA MARIZA UZZUM
479029,DOCREC 220/2017,DOCREC,220,2017,"ENCAMINHA A PROPOSTA DA ENTIDADE PARA A RENOVAÇÃOD A FROTA DE ÔNIBUS DO MUNICÍPIO DE SÃO PAULO, COM BASE EM MATRIZES ENERGÉTICAS NÃO POLUENTES."
479176,DOCREC 254/2017,DOCREC,254,2017,ENCAMINHA CÓPIA DAS INFORMAÇÕES PRESTADAS PELA SECRETARIA MUNICIPAL DE SAÚDE A RESPEITO DO ANDAMENTO DAS OBRAS DO HOSPITAL MUNICIPAL PARELHEIROS.
479706,DOCREC 315/2017,DOCREC,315,2017,"ENCAMINHA CÓPIA DAS INFORMAÇÕES PRESTADAS PELA SECRETARIA MUNICIPAL DE DIREITOS HUMANOS E CIDADANIA A RESPEITO DOS PROGRAMAS DE POLÍTICAS PÚBLICAS, VOLTADAS PARA A MULHER NO MUNICÍPIO, À COMISSÃO DE SAÚDE."
479710,DOCREC 317/2017,DOCREC,317,2017,"ENCAMINHA CÓPIA DAS INFORMAÇÕES PRESTADAS PELA SECRETARIA MUNICIPAL DE EDUCAÇÃO ACERCA DO PROGRAMA LEVE LEITE, À COMISSÃO DE ADMINISTRAÇÃO PÚBLICA."
479715,DOCREC 318/2017,DOCREC,318,2017,"ENCAMINHA CÓPIA DAS INFORMAÇÕES PRESTADAS PELA SECRETARIA MUNICIPAL DO VERDE E DO MENIO AMBIENTE A RESPEITO DE COMPENSAÇÃO AMBIENTAL REALIZADA ATRAVÉS DA IMPLANTAÇÃO DE JARDINS VERTICAIS, À COMISSÃO DE ADMINISTRAÇÃO PÚBLICA."
479729,DOCREC 308/2017,DOCREC,308,2017,ENCAMINHA CÓPIA DAS INFORMAÇÕES PRESTADAS PELA SÃO PAULO TURISMO S.A.-SPTURIS EM ATENÇÃO REQUERIMENTO DE AUTORIA VER. QUITO FORMIGA APROVADO PELA COM.ADM (OFICÍO SGP-12 061/2017)
479737,DOCREC 313/2017,DOCREC,313,2017,"REPORTANDO AO OFÍCIO RELATIVO AO REQUERIMENTO DE AUTORIA DO VEREADOR ANTONIO DONATO, DELIBERADO PELA COMISSÃO DE ADMINIS -TRAÇÃO PÚBLICA, ENCAMINHO CÓPIA DAS INFORMAÇÕES OFERECIDAS PELA SECRETARIA MUNICIPAL DE GESTÃO ACERCA DAS DOAÇÕES"
481348,DOCREC 347/2017,DOCREC,347,2017,"EM ATENÇÃO REQUERIMENTO DO VER. ANTONIO DONATO , DELIBERADO PELA COM.ADM ENCAMINHA CÓPIA DAS INFORMAÇÕES RECEBIDAS PELA SEC.MUN.DIR.HUMANOS A RESPEITO DAS POLÍTICAS VOLTADAS ÀS MULHERES NO MUNICÍPIO."
481764,DOCREC 375/2017,DOCREC,375,2017,ENCAMINHA CÓPIA DAS INFORMAÇÕES PRESTADAS PELA SECRETARIA MUNICIPAL DE GESTÃO REFERENTES AOS CONCURSOS PÚBLICOS EM VIGÊNCIA NO MUNICÍPIO.
481769,DOCREC 377/2017,DOCREC,377,2017,ENCAMINHA CÓPIA DAS INFORMAÇÕES PRESTADAS PELA SECRETARIA MUNICIPAL DE SAÚDE A RESPEITO DO PROGRAMA CORUJÃO DA SAÚDE.
481772,DOCREC 379/2017,DOCREC,379,2017,ENCAMINHA CÓPIA DAS INFORMAÇÕES PRESTADAS PELA SECRETARIA MUNICIPAL DE DESESTATIZAÇÃO E PARCEIRAS A RESPEITO DA ESTRUTURAÇÃO DOS PROCEDIMENTOS DE MANIFESTAÇÃO DE INTERESSE ADOTADOS PELA PASTA.
481837,DOCREC 404/2017,DOCREC,404,2017,ENCAMINHA INFORMAÇÕES RECEBIDAS DA SEC.ESP.COMUNICAÇÃO EM AT ENÇÃO REQUERIMENTO AUTORIA VER. ANTONIO DONATO DELIBERADO PE LA COM.ADM.PUBLICA ACERCA MANUTENÇÃO REDES SOCIAIS DO PREFEI TO E COPIA DO PROC.ADM 2017-0.031.771-3 - SOFWARE SEEKR.
481838,DOCREC 405/2017,DOCREC,405,2017,"ENCAMINHA CÓPIA DAS INFORMAÇÕES DA SEC.MUN.SEGURANÇA PÚBLICA EM ATENÇÃO REQUERIMENTO DO VER. ALFREDINHO DELIBERADO PELA COM.ADM.PÚBLICA A RESPEITO DA VIALIBILIDADE DE INSTALAÇÃO DE BASE DA GCM NA AVENIDA JEQUIRITIBA 1500, PARQUE AMÉRICA."
481840,DOCREC 406/2017,DOCREC,406,2017,ENCAMINHA CÓPIA DAS INFORMAÇÕES DA SEC.ESPECIAL COMUNICAÇÃO EM ATENÇÃO REQUERIMENTO VER. ANTONIO DONATO DELIBERADO PELA COM.ADM.PÚBLICA A RESPEITO DOS PROGRAMAS MUNICIPAIS JÁ DIVULGADOS PELA PREFEITURA.
481851,DOCREC 403/2017,DOCREC,403,2017,REPORTANDO AO OFÍCIO RELATIVO AO REQUERIMENTO DO VEREADOR ARSELINO TATTO DELIBERADO PELA COM. EDUC. ENCAMINHO CÓPIA DAS INFORMAÇÕES PRESTADAS PELA SECRETARIA MUN. DA EDUCAÇÃO A RESPEITO DA REDUÇÃO DOS ITENS DO KIT DE MATERIAL ESCOLAR
482139,DOCREC 410/2017,DOCREC,410,2017,MANIFESTA-SE CONTRÁRIO AO PROJETO DE LEI Nº 430 DE 2014.
482140,DOCREC 411/2017,DOCREC,411,2017,MANIFESTA-SE CONTRÁRIO AO PROJETO DE LEI Nº 233/2017.
482178,DOCREC 419/2017,DOCREC,419,2017,ENCAMINHA CÓPIA DAS INFORMAÇÕES PRESTADAS PELA SECRETARIAS MUNICIPAIS DE ASSISTÊNCIA E DESENVOLVIMENTO SOCIAL E DE SEGURANÇA URBANA A RESPEITO DO TRATO COM MORADORES DE RUA APÓS A PUBLICAÇÃO DO DECRETO Nº 57.581/2017
482181,DOCREC 422/2017,DOCREC,422,2017,ENCAMINHA CÓPIA DAS INFOMAÇÕES PRESTADAS PELA SECRETARIA MUNICIPAL DA FAZENDA A RESPEITO DO ORÇAMENTO MUNICIPAL PARA O EXERCÍCIO DE 2017.
482185,DOCREC 426/2017,DOCREC,426,2017,"ENCAMINHA CÓPIA DAS INFOMAÇÕES PRESTADAS PELA SECRETARIA MUNICIPAL DE MOBILIDADE E TRANSPORTE A RESPEITO DO BILHETE ÚNICO MUNICIPAL, CONFORME REQUERIMENTO Nº 1/2017 DE AUTORIA DO VEREADOR ALESSANDRO GUEDES."
482246,DOCREC 461/2017,DOCREC,461,2017,"ATENDENDO AO REQUERIMENTO 8/17 DE AUTORIA VER. REIS, APROVAD O PELA CCJLP ENCAMINHA CÓPIA DAS INFORMAÇÕES PRESTADAS PELA SEC.MUN.DAS PREFEITURAS REGIONAIS A RESPEITO DOS CONTRATOS E ADITAMENTOS QUE ESPECIFICA"
482262,DOCREC 473/2017,DOCREC,473,2017,"EM ATENÇÃO AO REQUERIMENTO Nº 27/2017, DE AUTORIA DO VEREADOR ANTONIO DONATO, APROVADO PELA COMISSÃO DE ADMINISTRAÇÃO PÚBLICA, ENCAMINHA INFORMAÇÕES DA SECRETARIA MUNICIPAL DE JUSTIÇA SOBRE DESAPROPRIAÇÕES NA NOVA LUZ."
482297,DOCREC 496/2017,DOCREC,496,2017,REPORTANDO AO OFÍCIO RELATIVO AO PEDIDO INFORMAÇÕES ATENDEN- DO AO REQUERIMENTO 17/2017 DOS VEREADORES TONINHO VESPOLI E SÂMIA BOMFIM A RESPEITO DA DISTRIBUIÇÃO DE UNIFORMES E MATERIAL NA REDE PÚBLICA
482298,DOCREC 497/2017,DOCREC,497,2017,REPORTANDO AO OFÍCIO RELATIVO AO PEDIDO INFORMAÇÕES ATENDEN- DO AO REQUERIMENTO 22/17 DO VEREADOR ARSELINO TATTO ENCAMINHO CÓPIA DAS INFORMAÇÕES PRESTADAS PELA SECRETARIA MUNICIPAL DA CULTURA
482299,DOCREC 498/2017,DOCREC,498,2017,REPORTANDO AO OFÍCIO RELATIVO AO PEDIDO INFORMAÇÕES ATENDEN- DO AOS REQUERIMENTOS 23/17 E26/17 DO VEREADOR ARSELINO TATTO ENCAMINHO CÓPIA DAS INFORMAÇÕES PRESTADAS PELA SECRETARIA MUNICIPAL DA EDUCAÇÃO
482339,DOCREC 503/2017,DOCREC,503,2017,ENCAMINHA CÓPIA DAS INFORMAÇÕES PRESTADAS PELOS ÓRGÃOS MUNICIPAIS COMPETENTES A RESPEITO DOS CONTRATOS PARA VARRIÇÃO.
482340,DOCREC 504/2017,DOCREC,504,2017,"ENCAMINHA CÓPIA DAS INFORMAÇÕES PRESTADAS PELA SECRETARIA MUNICIPAL DE EDUCAÇÃO, RELATIVAS AO PROGRAMA LEVE LEITE E À DISTRIBUIÇÃO DE UNIFORMES E MATERIAIS ESCOLARES AOS ESTUDANTES DA REDE PÚBLICA MUNICIPAL."
482492,DOCREC 528/2017,DOCREC,528,2017,"EM ATENÇÃO AO REQUERIMENTO Nº 29/2017, DE AUTORIA DO VEREDOR ALFREDINHO, ENCAMINHA INFORMAÇÕES FORNECIDAS PELA SECRETARIA MUNICIPAL DA SAÚDE REFERENTES A UBS/AMA PAULO IV E UBS/AMA JARDIM SÃO JORGE."
482497,DOCREC 531/2017,DOCREC,531,2017,"ATENDENDO AO REQUERIMENTO Nº 30/2017, DE AUTORIA DA VERADORA ADRIANA RAMALHO, ENCAMINHO CÓPIA DAS INFORMAÇÕES PRESTADAS PELA SECRETARIA MUNICIPAL DE SAÚDE A RESPEITO DA REESTRUTURAÇÃO DO SAMU."
482499,DOCREC 532/2017,DOCREC,532,2017,"ATENDENDO AO REQUERIMENTO Nº 04/2017, DE AUTORIA DO VEREADOR REIS, ENCAMINHO CÓPIA DAS INFORMAÇÕES PRESTADAS PELA SECRETARIA MUNICIPAL DA SAÚDE A RESPEITO DO PROGRAMA CORUJÃO DA SAÚDE."
482501,DOCREC 533/2017,DOCREC,533,2017,"ATENTENDO AO REQUERIMENTO Nº 9/2017, DE AUTORIA DA VEREADORA JULIANA CARDOSO, ENCAMINHA CÓPIA DAS INFORMAÇÕES PRESTADAS PELA SECRETARIA MUNICIPAL DE SAÚDE A RESPEITO DO PROGRAMA CORUJÃO DA SAÚDE."
482557,PL 511/2017,PL,511,2017,"DISPÕE SOBRE A OBRIGATORIEDADE DA REDE PÚBLICA E PRIVADA DE SAÚDE, A OFERECER LEITO SEPARADO PARA AS MÃES DE NATIMORTO E/OU MÃES COM ÓBITO FETAL, E DÁ OUTRAS PROVIDÊNCIAS."
482654,PL 453/2017,PL,453,2017,DISPÕE SOBRE O PROGRAMA TALENTOS PAULISTANOS E DÁ OUTRAS PROVIDÊNCIAS.
482660,PL 465/2017,PL,465,2017,"DISPÕE ACERCA DO PROGRAMA PRASAMPA - ESPAÇOS DE CONVIVÊNCIA, QUE PREVÊ A INSTALAÇÃO E O USO DE EXTENSÃO PERMANENTE DO PASSEIO PÚBLICO."
482666,PL 471/2017,PL,471,2017,DISPÕE SOBRE O POLO ESTRATÉGICO DE DESENVOLVIMENTO ECONÔMICO - NOROESTE E DÁ OUTRAS PROVIDÊNCIAS.
482675,PL 479/2017,PL,479,2017,DISPÕE SOBRE A INSTALAÇÃO DE LABORATÓRIOS TECNOLÓGICOS - SP LABS DAS SECRETARIAS MUNICIPAIS E DÁ OUTRAS PROVIDÊNCIAS.
494833,PL 593/2017,PL,593,2017,"ACRESCE O INCISO XIV AO ARTIGO 7º DA LEI 14.223 DE 26 DE SETEMBRO DE 2006 E DÁ OUTRAS PROVIDÊNCIAS. [ALTERA A LEI DA CIDADE LIMPA PARA NÃO CONSIDERAR ANÚNCIO NOMES, SÍMBOLOS, LOGOTIPOS OU LOGOMARCAS DE TEMPLOS OU LOCAIS DE CULTO RELIGIOSO DE QUALQUER CRENÇA.]"
494935,DOCREC 608/2017,DOCREC,608,2017,REPORTANDO AOS OFÍCIOS RELATIVOS A PEDIDOS INFORMAÇÕES SOBRE OS REQUERIMENTOS RDS N° 614 E 615/2016 ENCAMINHO CÓPIA DAS INFORMAÇÕES OFERECIDAS PELAS SECRETARIAS MUNICIPAIS DA SAÚDE E DE ESPORTE E LAZER
494938,DOCREC 613/2017,DOCREC,613,2017,"ATENDENDO AO REQUERIMENTO Nº 33/2017, DE AUTORIA DO VEREADOR CLAUDIO FONSECA, ENCAMINHA CÓPIA DAS INFORMAÇÕES PRESTADAS PELAS SECRETARIAS MUNICIPAIS DE EDUCAÇÃO E DE MOBILIDADE E TRANSPORTE, A RESPEITO DOS QUESTIONAMENTOS AO TEG."
495339,DOCREC 634/2017,DOCREC,634,2017,ENCAMINHA CÓPIA DAS INFORMAÇÕES PRESTADAS PELA SECRETARIA MUNICIPAL DE EDUCAÇÃO A RESPEITO DO QUADRO DE PESSOAL DO MAGISTÉRIO DA REDE MUNICIPAL.
495518,DOCREC 637/2017,DOCREC,637,2017,O FÓRUM DAS REPRESENTAÇÕES DOS EMPREGADOS DAS EMPRESAS PÚBLICAS DE SÃO PAULO ESTÁ PREOCUPADO COM A DESESTATIZAÇÃO E VEM A COMISSÃO DE ADM. PÚBLICA SOLICITAR ESCLARECIMENTOS A RESPEITO DOS PROJETOS QUE ENVOLVEM EMPRESAS PÚBLICAS
495521,DOCREC 638/2017,DOCREC,638,2017,REPORTANDO AO OFÍCIO RELATIVO AO PEDIDO INFORMAÇÕES REFEREN- TE AO REQUERIMENTO N° 33/2017 DE AUTORIA DO VER. ALFREDINHO DELIBERADO PELA COMISSÃO DE ADMINISTRAÇÃO PÚBLICA ENCAMINHO CÓPIA DAS INFORMAÇÕES PRESTADAS PELA SEC. MUN. ASS. SOCIAL
495525,DOCREC 640/2017,DOCREC,640,2017,"REPORTANDO AO OFÍCIO RELATIVO AO PEDIDO INFORMAÇÕES APROVADO PELA COMISSÃO DE EDUCAÇÃO, CULTURA E ESPORTES AO REQ. 38/17 ENCAMINHO CÓPIA DAS INFORMAÇÕES PRESTADAS SECRETARIA MUNICIPAL DE ESPORTE E LAZER SOBRE MUDANÇAS NO CENTRO RECRE."
495945,DOCREC 668/2017,DOCREC,668,2017,"EM ATENÇÃO AO REQUERIMENTO Nº 34/2017, DELIBERADO PELA COMISSÃO DE ADMINISTRAÇÃO PÚBLICA, ENCAMINHA INFORMAÇÕES DA CONTROLADORIA GERAL DO MUNICÍPIO SOBRE A SUPOSTA EXISTÊNCIA DE UMA ""MÁFICA DA CIDADE LIMPA""."
496320,DOCREC 680/2017,DOCREC,680,2017,"EM ATENÇÃO AO REQUERIMENTO Nº 34/17, DE AUTORIA DO VEREADOR TONINHO VESPOLI, ENCAMINHO CÓPIA DAS INFORMAÇÕES FORNECIDAS PELA SECRETARIA MUNICIPAL DE EDUCAÇÃO RELATIVAS AO QUADRO DO MAGISTÉRIO MUNICIPAL."
496660,DOCREC 710/2017,DOCREC,710,2017,"REPORTANDO AO OFÍCIO RELATIVO AO PEDIDO DE SUBSÍDIOS DA COMISSÃO DE EDUCAÇÃO, CULTURA E ESPORTES À RESPEITO DO REQUERIMENTO N°7/20217 ENCAMINHO CÓPIA DAS INFORMAÇÕES FORNE -CIDAS PELA SECRETARIA MUNICIPAL DE EDUCAÇÃO"
496756,DOCREC 712/2017,DOCREC,712,2017,"EM ATENDIMENTO A REQUERIMENTO DA COMISSÃO DE TRÂNSITO, TRANSPORTE, ATIVIDADE ECONÔMICA, TURISMO, LAZER E GASTRONOMIA, ENCAMINHA CÓPIA DAS INFORMAÇÕES PRESTADAS PELA SECRETARIA MUNICIPAL COMPETENTE."
496758,DOCREC 714/2017,DOCREC,714,2017,"EM ATENÇÃO A REQUERIMENTO DA COMISSÃO DE ADMINISTRAÇÃO PÚBLICA, ENCAMINHA CÓPIA DAS INFORMAÇÕES FORNECIDAS PELA SECRETARIA MUNICIPAL DA SAÚDE ACERCA DA COMPRA E DO ESTOQUE DE RAÇÃO PARA OS ANIMAIS DO CENTRO DE CONTROLE DE ZOONOSES."
496760,DOCREC 716/2017,DOCREC,716,2017,"EM ATENÇÃO AOS REQUERIMENTOS Nº 36 E 37/2017, DA COMISSÃO DE EDUCAÇÃO, CULTURA E ESPORTES, ENCAMINHA CÓPIA DAS INFORMAÇÕES PRESTADAS PELA SECRETARIA MUNICIPAL DE CULTURA."
496762,DOCREC 718/2017,DOCREC,718,2017,"EM ATENÇÃO AO REQUERIMENTO Nº 32/2017, DA COMISSÃO DE EDUCAÇÃO, CULTURA E ESPORTES, ENCAMINHA CÓPIA DAS INFORMAÇÕES FORNECIDAS PELA SECRETARIA MUNICIPAL DE EDUCAÇÃO RELATIVAS À EDUCAÇÃO INCLUSIVA E BILÍNGUE PARA SURDOS."
496764,DOCREC 720/2017,DOCREC,720,2017,"EM ATENÇÃO AO REQUERIMENTO DA COMISSÃO DE ADMINISTRAÇÃO PÚBLICA, ENCAMINHA CÓPIA DAS INFORMAÇÕES PRESTADAS PELA SECRETARIA MUNICIPAL DE SAÚDE ACERCA DO PROGRAMA REMÉDIO RÁPIDO."
496765,DOCREC 722/2017,DOCREC,722,2017,"EM ATENÇÃO AO REQUERIMENTO 37/2017, APROVADO PELA COMISSÃO DE ADMINISTRAÇÃO PÚBLICA, ENCAMINHA INFORMAÇÕES PRESTADAS PELA SECRETARIA MUNICIPAL DE SERVIÇOS E OBRAS A RESPEITO DOS CONTRATOS DE CONSTRUÇÃO DOS CEUS."
496775,DOCREC 721/2017,DOCREC,721,2017,"REPORTANDO AO OFÍCIO RELATIVO AO PEDIDO INFORMAÇÕES DE AUTORIA DO VEREADOR ABOU ANNI E ALESSANDRO GUEDES ENCAMINHO CÓPIA DAS INFORMAÇÕES, DOCUMENTOS FORNECIDOS PELAS SECRETARIAS MUNICIPAIS DE MOBILIDADE E DE DESESTATIZAÇÃO"
496790,PDL 65/2017,PDL,65,2017,"DISPÕE SOBRE A OUTORGA DE TÍTULO DE CIDADÃO PAULISTANO, IN MEMORIAN, AO ILUSTRE  JOÃO BELCHIOR MARQUES GOULART."
496803,PL 601/2017,PL,601,2017,"DISPÕE SOBRE A NUTRIÇÃO, SEGURANÇA ALIMENTAR, SAÚDE, FISCALIZAÇÃO E PUBLICIDADE NO MUNICÍPIO DE SÃO PAULO, E DÁ OUTRAS PROVIDÊNCIAS."
496909,PL 671/2017,PL,671,2017,DISPÕE SOBRE A CRIAÇÃO E IMPLANTAÇÃO DO HOSPITAL VETERINÁRIO MUNICIPAL DO ITAIM PAULISTA.
496935,PL 731/2017,PL,731,2017,"ESTABELECE A OBRIGATORIEDADE DE ARBORIZAÇÃO DE ESTACIONAMENTOS A CÉU ABERTO , FUNCIONANDO DIRETAMENTE SOBRE A SUPERFÍCIE DO SOLO E DÁ OUTRAS PROVIDÊNCIAS."
497412,PL 755/2017,PL,755,2017,"DÁ NOVA REDAÇÃO AO ART. 5º DA LEI 14.933 DE 5 DE JUNHO DE 2009.
(INSTITUI A POLÍTICA DE MUDANÇA DO CLIMA NO MUNICÍPIO DE SÃO PAULO)."
497705,DOCREC 801/2017,DOCREC,801,2017,EM ATENÇÃO REQ 48/17 DO VER. ARSELINO TATTO APROVADO PELA CO M. EDUCAÇÃO ENCAMINHA INFORMAÇÕES DA SEC.MUN.EDUC. RELATIVAS AS 3 UNIDADES ESCOLARES QUE ENCERRARÃO SEU ATENDIMENTO EM PE RÍODO INTEGRAL A PARTIR DE 2018.
497708,DOCREC 802/2017,DOCREC,802,2017,ATENDENDO REQ 38/17 DA VER. JULIANA CARDOSO APROVADO PELA CO M. SAÚDE ENCAMINHA CÓPIA DAS INFORMAÇÕES DA SEC.MUN.SAÚDE A RESPEITO DA SITUAÇÃO DO HOSPITAL MUNICIPAL DE CAMPO LIMPO.
497712,DOCREC 805/2017,DOCREC,805,2017,EM ATENDIMENTO AO REQ 47/2017 DO VER. ARSELINO TATTO APROVAD O PELA COM. EDUCAÇÃO ENCAMINHA CÓPIA DAS INFOS DA SEC. MUN. EDUCAÇÃO RELATIVAS AOS CONTRATOS DE FORNECIMENTO DE ALIMENTA ÇÃO NAS ESCOLAS DO MUNICÍPIO.
498143,DOCREC 826/2017,DOCREC,826,2017,"REPORTANDO AO OFÍCIO RELATIVO AO REQ. 31/2017, APROVADO PELA COMISSÃO DE SAÚDE, PROMOÇÃO SOCIAL, TRABALHO E MULHER ENCAMINHO CÓPIA DA MANIFESTAÇÃO OFERECIDA PELA SECRETARIA MUNICIPAL DA SAÚDE"
498145,DOCREC 827/2017,DOCREC,827,2017,"REPORTANDO AO OFÍCIO RELATIVO AO REQ. 40/17 APROVADO PELA COMISSÃO DE EDUCAÇÃO, CULTURA E ESPORTES ENCAMINHO CÓPIA DAS INFORMAÇÕES PRESTADAS PELA SECRETARIA MUNICIPAL DA EDUCAÇÃO"
498146,DOCREC 828/2017,DOCREC,828,2017,"REPORTANDO AO OFÍCIO RELATIVO AO REQ. 45/2017, APROVADO PELA COMISSÃO DE EDUCAÇÃO, CULTURA E ESPORTES ENCAMINHO CÓPIA DAS INFORMAÇÕES PRESTADAS PELA SECRETARIA MUNICIPAL DA EDUCAÇÃO"
498154,DOCREC 829/2017,DOCREC,829,2017,"REPORTANDO AO OFÍCIO RELATIVO AO REQ. 74/2017, APROVADO PELA COMISSÃO DE FINANÇAS E ORÇAMENTO ENCAMINHO CÓPIA DAS INFORMAÇÕES PRESTADAS PELA SECRETARIA MUNICIPAL DA EDUCAÇÃO"
498586,DOCREC 857/2017,DOCREC,857,2017,ENCAMINHA CÓPIA DAS INFORMAÇÕES OFERECIDAS PELA SECRETARIA MUNICIPAL DE EDUCAÇÃO A RESPEITO DE QUESTÕES ORGANIZACIONAIS DA REDE MUNICIPAL DE ENSINO.
498594,DOCREC 858/2017,DOCREC,858,2017,"ENCAMINHA O RELATÓRIO MENSAL DOS DADOS COLETADOS PELO SISTEMA DE CONTROLE, FISCALIZAÇÃO, GERENCIAMENTO E GESTÃO DE TRANSPORTE COLETIVO, FORNECIDO PELA SÃO PAULO TRANSPORTE S/A - SPTRANS."
499018,PL 816/2017,PL,816,2017,"DISPÕE SOBRE A OBRIGATORIEDADE DE NOTIFICAÇÃO AOS PAIS OU RESPONSÁVEIS SOBRE A REALIZAÇÃO DE QUALQUER ATIVIDADE DENTRO OU FORA DO ESTABELECIMENTO DE ENSINO, SUA NATUREZA, SUA CORRELAÇÃO COM A BASE NACIONAL CURRICULAR COMUM E SEU OBJETIVO DIDÁTICO PEDAGÓGICO."
499243,PL 863/2017,PL,863,2017,"DECLARA DE UTILIDADE PÚBLICA PARA FINS DE DESAPROPRIAÇÃO A ÁREA DE 3.551 M² (TRÊS MIL E QUINHENTOS E CINQUENTA E UM METROS QUADRADOS), PARTE INTEGRANTE DA ÁREA DESCRITA NA TRANSCRIÇÃO Nº 17.914 DO 6º OFICIAL DE REGISTRO DE IMÓVEIS DA CAPITAL, DE PROPRIEDADE DA COMPANHIA IMOBILIÁRIA E DE TERRENOS SOCIEDADE ANÔNIMA, NO LOTEAMENTO DENOMINADO JARDIM DONA SINHÁ, DISTRITO DE VILA PRUDENTE, E DÁ OUTRAS PROVIDÊNCIAS."
499711,DOCREC 6/2018,DOCREC,6,2018,"EM ATENÇÃO REQUERIMENTO DO VER. TONINHO PAIVA DELIBERADO PEL A COM. ADMINISTRAÇÃO , ENCAMINHA INFORMAÇÕES PRESTADAS PELA SEC. GERAL DO MUNICÍPIO SOBRE A FISCALIZAÇÃO DA LEI CIDADE LIMPA."
499712,DOCREC 7/2018,DOCREC,7,2018,"ATENDENDO REQ. 52/2017 DOS VERS. ALESSANDRO GUEDES E ARSELIN O TATTO, APROVADO PELA COM. EDUCAÇÃO, ENCAMINHA CÓPIA DAS INFOS PRESTADAS PELA SEC.EDUCAÇÃO A RESPEITO FATO NOTICIADO NA MIDIA, OCORRIDO NO CEI CJ. JOSÉ BONIFÁCIO, ITAQUERA."
499716,DOCREC 10/2018,DOCREC,10,2018,"EM ATENÇÃO REQUERIMENTO VER. ANTONIO DONATO DELIBERADO PELA COM.ADMINISTRAÇÃO, ENCAMINHA CÓPIA DAS INFORMAÇÕES OFERECIDA S PELA SEC. GESTÃO A RESPEITO DO PROGRAMA DE METAS 2017-2020"
499719,DOCREC 16/2018,DOCREC,16,2018,"EM ATENÇÃO REQUERIMENTO DA VER. SÂMIA BONFIM, DELIBERADO PEL A COM. SAÚDE, ENCAMINHA CÓPIA DAS INFORMAÇÕES OFERECIDAS PEL A SEC.SAÚDE A RESPEITO DO CONVÊNIO COM O CENTRO DE SAÚDE GER ALDO DE PAULA SOUZA ."
499783,DOCREC 34/2018,DOCREC,34,2018,"ATENDENDO REQUERIMENTO Nº 9/17 DO VER. ALESSANDRO GUEDES, AP ROVADO COM. ECON, ENCAMINHA CÓPIA DAS INFORMAÇÕES PRESTADAS PELA SPTRANS E PELA SEC.TRANSPORTES A RESPEITO DIVERGÊNCIAS APONTADAS NO CHAMAMENTO PÚBLICO- CONCESSÃO 24 TERMINAIS ONIB"
499785,DOCREC 32/2018,DOCREC,32,2018,"ATENDENDO REQUERIMENTO 36/17 DA VER. SONINHA FRANCINE, APROV ADO PELA CCJLP ENCAMINHA ARQUIVO EM MIDIA DIGITAL COM OS CAD ASTROS EXTRAÍDOS DO SISTEMA SISCOR A RESPEITO DO CADASTRO DE ESTABELECIMENTOS GERADORES DE RESÍDUOS SÓLIDOS DE SERV.SAÚDE"
499786,DOCREC 31/2018,DOCREC,31,2018,"EM ATENÇÃO REQUERIMENTO VER. PATRÍCIA BEZERRA, DELIBERADO COM. ADMINISTRAÇÃO ENCAMINHA CÓPIA DAS INFORMAÇÕES OFERECIDA S PELA SEC.MUN. SERVIÇOS E OBRAS A RESPEITO DO SERVIÇO FUNER ÁRIO MUNICIPAL. (REQ CAP 798-17)"
499787,DOCREC 30/2018,DOCREC,30,2018,"ATENDENDO REQUERIMENTO 44/17 DA VER. PATRÍCIA BEZERRA APROVA DO PELA COM.ADMINISTRAÇÃO, ENCAMINHA INFORMAÇÕES PRESTADAS PELA SEC.MUN.SAÚDE A RESPEITO CUMPRIMENTO DO DISPOSTO LEIS 15.894/2013 E 16.599/2016."
499793,DOCREC 25/2018,DOCREC,25,2018,"ATENDENDO REQUERIMENTO 56/17 DO VER. ARSELINO TATTO APROVADO PELA COM.EDUCAÇÃO, ENCAMINHA CÓPIA DAS MANIFESTAÇÕES DA SEC.MUNICIPAL EDUCAÇÃO A RESPEITO DA NOTÍCIA DE FALTA DE PRO FESSORES NA REDE MUNICIPAL DE ENSINO."
500094,DOCREC 122/2018,DOCREC,122,2018,"REPORTANDO AO OFÍCIO RELATIVO AO PEDIDO INFORMAÇÕES DE AUTORIA DO VEREADOR CLÁUDIO FONSECA, ENCAMINHO CÓPIAS DAS CÓPIA DAS INFORMAÇÕES PRESTADAS PELA SECRETARIA MUNICIPAL DA EDUCAÇÃO"
500105,DOCREC 134/2018,DOCREC,134,2018,RETIFICAÇÃO DO RELATÓRIO DE INVESTIMENTOS EM PUBLICIDADE DO 2° SEMESTRE DE 2017. DOCUMENTO PARA SER JUNTADO NO DOCREC 86/2018
500109,DOCREC 132/2018,DOCREC,132,2018,"ENCAMINHA RELATÓRIO MENSAL DOS DADOS COLETADOS PELO SISTEMA DE CONTROLE, FISCALIZAÇÃO E GESTÃO DO TRANSPORTE COLETIVO FO RNECIDO PELA SÃO PAULO TRANSPORTES - SPTRANS."
500166,DOCREC 164/2018,DOCREC,164,2018,ENCAMINHA OFÍCIO DE VETO PARCIAL AO PL 404/2016.
500372,DOCREC 194/2018,DOCREC,194,2018,"ENCAMINHA CÓPIA DOS PRONUNCIAMENTOS DA SECRETARIA MUNICIPAL DE GESTÃO, SOBRE OS REQUERIMENTOS Nº 32/2017 E 33/2017, DO VEREADOR MILTON FERREIRA."
500373,DOCREC 195/2018,DOCREC,195,2018,"ENCAMINHA INFORMAÇÕES OBTIDAS DA SECRETARIA MUNICIPAL DE EDUCAÇÃO, A RESPEITO DO REQUERIMENTO 47/2017, DE AUTORIA DO VEREADOR ANTONIO DONATO."
500531,DOCREC 198/2018,DOCREC,198,2018,"EM ATENDIMENTO À LEI Nº 13.094/2000, ENCAMINHA O RELATÓRIO MENSAL DOS DADOS COLETADOS PELO SISTEMA DE CONTROLE, FISCALIZAÇÃO, GERENCIAMENTO E GESTÃO DE TRANSPORTE COLETIVO, FORNECIDO PELA SÃO PAULO TRANSPORTES S/A - SPTRANS."
500576,DOCREC 216/2018,DOCREC,216,2018,"REPORTANDO AO OFÍCIO RELATIVO AO PEDIDO INFORMAÇÕES DE AUTORIA DOS VEREADORES ARSELINO TATTO E ALESSANDRO GUEDES ENCAMINHO CÓPIA DAS INFORMAÇÕES PRESTADAS PELA SECRETARIA MUNICIPAL DA EDUCAÇÃO, REFERENTE AO REQUERIMENTO 62/2017"
500812,PL 9/2018,PL,9,2018,DISPÕE SOBRE O PROGRAMA MUNICIPAL DE EMPREGABILIDADE TRANS E DÁ OUTRAS PROVIDÊNCIAS.
500869,PL 44/2018,PL,44,2018,"DISPÕE DA PROIBIÇÃO DE USO DE APARELHOS ELETRÔNICOS , CELULARES, TABLETS , SMARTPHONES E CONGÊNERES POR SERVIDORES PÚBLICOS MUNICIPAIS EM UNIDADES DE SAÚDE NO MUNICÍPIO DE SÃO PAULO E DÁ OUTRAS PROVIDÊNCIAS."
501247,DOCREC 232/2018,DOCREC,232,2018,"O SINESP ENCAMINHA ABAIXO ASSINADO CONTRA O PROJETO DE LEI Nº 621/2016. POR MEIO DESTE DOCUMENTO, AS PESSOAS ABAIXO ASSINADAS DECLARAM APOIO À INICIATIVA DO SINESP, QUE SOLICITA A RETIRADA DO PL Nº 621/2016."
501369,DOCREC 235/2018,DOCREC,235,2018,RELATÓRIO PRELIMINAR DA COMISSÃO DE AVALIAÇÃO E ESTUDOS PREVIDENCIÁRIOS DO TRIBUNAL DE CONTAS
501740,DOCREC 238/2018,DOCREC,238,2018,"ENCAMINHAMOS CÓPIA DO PARECER RELATIVO À ANÁLISE DA CONSTITUCIONALIDADE DO SUBSTITUTIVO AO PROJETO DE LEI Nº 621/16, ENVIADO À CÂMARA MUNICIPAL EM 20/12/2017."
501742,DOCREC 237/2018,DOCREC,237,2018,OFÍCIO SINDICATO DOS AUDITORES FISCAIS TRIBUTÁRIOS DO MUNICÍ -PIO DE SÃO PAULO. PARECER JURÍDICO QUE APONTA A NECESSIDADE DE PREVER-SE NA LEI ORGÂNICA DO MUNICÍPIO AUTORIZAÇÃO PARA INSTITUIR REGRAS DE PREVIDÊNCIA COMPLEMENTAR
501846,DOCREC 247/2018,DOCREC,247,2018,EM ATENÇÃO AO REQUERIMENTO DO VEREADOR ANTONIO DOANTO ATENDENDO O REQUERIMETNO 1/2018 ENCAMINHO A ESSA PRESIDÊNCIA O CD-ROM FORNECIDO PELA SECRETA RIA MUNICIPAL DA FAZENDA
501850,DOCREC 251/2018,DOCREC,251,2018,"JUNTADA DE PARECER, QUE SUGERE APRIMORAMENTO DO TEXTO DO PL 621/2016, NO SENTIDO DE ASSEGURAR MAIOR PROTEÇÃO DOS PARTICIPANTES E ASSISTIDOS QUE ADERIREM AO REGIME DE PREVID."
501854,DOCREC 252/2018,DOCREC,252,2018,"MOÇÃO DE APOIO AOS MAIS DE 200 MIL SERVIDORES ATIVOS, INATIVOS E PENSIONISTAS ATINGIDOS PELO PL 621/2016"
501856,DOCREC 253/2018,DOCREC,253,2018,"RELATÓRIO MENSAL DADOS COLETADOS PELO SISTEMA DE CONTROLE FISCALIZAÇÃO, GERENCIAMENTO E GESTÃO DE TRASPORTE COLETIVO, FORNECIDO PELA SPTRANS"
502062,DOCREC 263/2018,DOCREC,263,2018,"EM RESPOSTA A REQUERIMENTO DA COMISSÃO DE TRÂNSITO, TRANSPORTE, ATIVIDADE ECONÔMICA, TURISMO, LAZER E GASTRONOMIA, ENCAMINHA INFORMAÇÕES PRESTADAS PELA SPTRANS, SPOBRAS E SECRETARIA MUNICIPAL DE DESESTATIZAÇÃO E PARCERIAS"
502075,DOCREC 262/2018,DOCREC,262,2018,"EM ATENÇÃO AO REQUERIMENTO DA COMISSÃO DE TRÂNSITO, TRANSPORTE, ATIVIDADE ECONÔMICA, TURISMO, LAZER E GASTRONOMIA, ENCAMINHA INFORMAÇÕES PRESTADAS PELA SECRETARIA MUNICIPAL DE EDUCAÇÃO SOBRE TRANSPORTE ESCOLAR GRATUITO."
502184,DOCREC 281/2018,DOCREC,281,2018,REPORTANDO AO OFÍCIO ATENDENDO AO REQUERIMENTO 1/2018 DE AUTORIA DO VEREADOR ADILSON AMADEU ENCAMINHO INFORMAÇÕES PRESTADAS PELA SECRETARIA MUNICIPAL DA FAZENDA A RESPEITO DA COBRANÇA DE ISS DAS COOPERATIVAS DE TAXI
502198,DOCREC 282/2018,DOCREC,282,2018,"INFORMA QUE, NA QUALIDADE DE RELATOR DA MATÉRIA, PROTELOU DESPACHO NO EXPEDIENTE EM EPÍGRAFE, A RESPEITO DOS PROCESSOS TC 1.904/10-34, 2.200/11-88, 2.446/10-97, 3.044/10-19 E 6.365/04-90."
503443,PL 144/2018,PL,144,2018,"DISPÕE SOBRE TRANSAÇÃO TRIBUTÁRIA, NAS HIPÓTESES QUE ESPECIFICA, ALTERA A LEGISLAÇÃO TRIBUTÁRIA E DÁ OUTRAS PROVIDÊNCIAS."
503793,DOCREC 380/2018,DOCREC,380,2018,"EM ATENÇÃO AO PEDIDO DA COMISSÃO DE TRÂNSITO, TRANSPORTE, ATIVIDADE ECONÔMICA, TURISMO, LAZER E GASTRONOMIA, ENCAMINHA INFORMAÇÕES PRESTADAS PELA SECRETARIA MUNICIPAL DE TRANSPORTES SOBRE LICITAÇÃO DE TRANSPORTE COLETIVO."
503794,DOCREC 381/2018,DOCREC,381,2018,"EM ATENÇÃO AO PEDIDO DA COMISSÃO DE TRÂNSITO, TRANSPORTE, ATIVIDADE ECONÔMICA, TURISMO, LAZER E GASTRONOMIA, ENCAMINHA INFORMAÇÕES PRESTADAS PELA SECRETARIA MUNICIPAL DE TRANSPORTES SOBRE LICITAÇÃO DE TRANSPORTE COLETIVO."
503796,DOCREC 383/2018,DOCREC,383,2018,"ENCAMINHA CD-ROM CONTENDO CÓPIA DO PROCESSO SEI Nº 6017.2018/0014990-4, ENVIADO PELA SECRETARIA MUNICIPAL DA FAZENDA, RELATIVO À AVALIAÇÃO DO REGIME PRÓPRIO DE PREVIDÊNCIA SOCIAL DO MUNICÍPIO PELA FIPE."
504122,DOCREC 391/2018,DOCREC,391,2018,ENCAMINHA CÓPIA DO RELATÓRIO E VOTO DO ACÓRDÃO PROLATADO EM 6/12/17 RELATIVO A AUDITORIA EXTRAPLANO PARA AVALIAÇÃO DA EX ECUÇÃO ORÇAMENTÁRIA DO FUNDO ESPECIAL DE PROMOÇÃO DE ATIVIDA DES CULTURAIS E PROGRAMA FOMENTO TEATRO 2005 A 2008.
504415,DOCREC 398/2018,DOCREC,398,2018,EM ATENÇÃO AO REQUERIMENTO DA VEREADORA JANAÍNA LIMA ENCAMINHO CÓPIA DAS INFORMAÇÕES FORNECIDAS PELA SECRETARIA MUNICIPAL DE SEGURANÇA A RESPEITO DO ATAQUE AO PÁTIO DO COLÉGIO OCORRIDO NO DIA 10/04/2018
504481,DOCREC 406/2018,DOCREC,406,2018,"SOLICITA DO VEREADOR PRESIDENTE DA COMISSÃO PERMANENTE DE FINANÇAS E ORÇAMENTO O AUXILIO NAS CAUSAS DESTE CONSELHO, EM ESPECIAL A DESTINAÇÃO DOS RECURSOS PÚBLICOS NO ORÇAMENTO DE 2019 PARA AS MEDIDAS ELENCADAS."
504860,PL 235/2018,PL,235,2018,ALTERA O ARTIGO 45 DA LEI 16.693-17 E DÁ OUTRAS PROVIDÊNCIAS.
504863,PL 238/2018,PL,238,2018,ESTABELECE DIRETRIZES PARA A INSTITUIÇÃO DO PROGRAMA RECREIO NAS FÉRIAS.
505087,DOCREC 457/2018,DOCREC,457,2018,"EM ATENÇÃO AO PEDIDO DA COMISSÃO DE EDUCAÇÃO, CULTURA E ESPORTES, ENCAMINHA INFORMAÇÕES PRESTADAS PELA SECRETARIA MUNICIPAL DE EDUCAÇÃO SOBRE PARCERIAS PARA ATENDIMENTO NA EDUCAÇÃO INFANTIL."
505116,DOCREC 471/2018,DOCREC,471,2018,"EM ATENÇÃO AO REQUERIMENTO Nº 6/2018, DE AUTORIA DO VEREADOR ADILSON AMADEU, ENCAMINHA INFORMAÇÕES PRESTADAS PELA SECRETARIA MUNICIPAL DE SEGURANÇA URBANA INFORMANDO O NOME DO RESPONSÁVEL PELA OPERAÇÃO DELEGADA NA CIDADE DE SÃO PAULO"
505118,DOCREC 474/2018,DOCREC,474,2018,"EM ATENÇÃO AO REQUERIMENTO Nº 3/2018, DE AUTORIA DO VEREADOR ADILSON AMADEU, ENCAMINHA INFORMAÇÕES PRESTADAS PELA SECRETARIA MUNICIPAL DE SEGURANÇA URBANA INFORMANDO O NOME DO RESPONSÁVEL PELAS OPERAÇÕES DO COMÉRCIO AMBULANTE NO BRÁS"
505126,DOCREC 477/2018,DOCREC,477,2018,"RESPOSTA AO OFÍCIO N/ SGP12 N° 223/2018 - COMISSÃO DE SAÚDE, PROMOÇÃO SOCIAL, TRABALHO E MULHER - REQUERIMENTO N° 24/2018 DA VEREADORA PATRÍCIA BEZERRA. RESPOSTA AOS QUESITOS FORMULA DOS À CONTROLADORIA GERAL DO MUNICÍPIO."
505362,DOCREC 489/2018,DOCREC,489,2018,APRAESPI -- CÓPIA DA MOÇÃO DE APOIO DA CÂMARA DE MAUÁ MAJORAÇÃO DO PER CAPITA DO FUNDEB
505399,DOCREC 492/2018,DOCREC,492,2018,"ENCAMINHA OFICIO PARA CONHECIMENTO DA CMSP CONTRÁRIO AO PROJETO DE LEI 2/2018 PROIBINDO A UTILIZAÇÃO , QUEIMA OU SOLTURA DE FOGOS QUE PRODUZAM BARULHO, DE AUTORIA DA VEREADORA SÂMIA BONFIM."
505545,PL 293/2018,PL,293,2018,"DISPÕE SOBRE A VENDA DE INGRESSOS EM JOGOS DE FUTEBOL REALIZADOS NO ÂMBITO DO MUNICÍPIO DE SÃO PAULO, EM CONSONÂNCIA COM O ESTATUTO DE DEFESA DO TORCEDOR E DÁ OUTRAS PROVIDÊNCIAS."
505631,PL 305/2018,PL,305,2018,INSTITUI O SERVIÇO DA FARMÁCIA VETERINÁRIA POPULAR NO ÂMBITO DO MUNICÍPIO DE SÃO PAULO E DÁ OUTRAS PROVIDÊNCIAS.
505642,PL 315/2018,PL,315,2018,"ESTABELECE DIRETRIZES PARA IMPLANTAÇÃO E DIVULGAÇÃO DA POLÍTICA MUNICIPAL DE PROTEÇÃO DAS GESTANTES E PARTURIENTES, NOS HOSPITAIS E MATERNIDADES PÚBLICAS E PARTICULARES, LOCALIZADAS NO MUNICÍPIO DE SÃO PAULO, E DÁ OUTRAS PROVIDÊNCIAS."
505823,DOCREC 509/2018,DOCREC,509,2018,"ENCAMINHA INFORMAÇÕES PRESTADAS PELA SECRETARIA MUNICIPAL ESPORTES E LAZER RELATIVAS AO PREGÃO ELETRÔNICO Nº 003/SEME/ 2018, BEM COMO SOBRE O ADIAMENTO DOS JOGOS DA CIDADE, TAÇA CIDADE DE SÃO PAULO E CIRCUITO ESPORTIVO."
505826,DOCREC 510/2018,DOCREC,510,2018,ENCAMINHA INFORMAÇÕES PRESTADAS PELA SECRETARIA MUNICIPAL DE MOBILIDADE E TRANSPORTE RELATIVAS AO GERENCIAMENTO DO DEPARTAMENTO DE TRANSPORTE PÚBLICO.
505827,DOCREC 511/2018,DOCREC,511,2018,"ENCAMINHA O NOME DO RESPONSÁVEL PELA GERÊNCIA DE ENGENHARIA DE TRÁFEGO LESTE - GET LE, FORNECIDO PELA SECRETARIA MUNICIPAL DE MOBILIDADE E TRANSPORTE."
505969,DOCREC 526/2018,DOCREC,526,2018,"EM ATENÇÃO AO REQUERIMENTO Nº 05/2018, APROVADO PELA COMISSÃO DE TRÂNSITO, TRANSPORTE, ATIVIDADE ECONÔMICA, TURISMO, LAZER E GASTRONOMIA, ENCAMINHA O NOME DO RESPONSÁVEL PELA FISCALIZAÇÃO DO TRANSPORTE PÚBLICO NO BRÁS."
505970,DOCREC 527/2018,DOCREC,527,2018,"EM ATENÇÃO AO REQUERIMENTO Nº 12/2018, APROVADO PELA COMISSÃO DE EDUCAÇÃO, CULTURA E ESPORTES, ENCAMINHA CÓPIA DAS INFORMAÇÕES PRESTADAS PELA SECRETARIA DE SEGURANÇA URBANA SOBRE FURTOS A JAZIGOS NO CEMITÉRIO DA CONSOLAÇÃO."
505971,DOCREC 528/2018,DOCREC,528,2018,"EM ATENÇÃO AO PEDIDO DE SUBSÍDIOS DA COMISSÃO DE TRÂNSITO, ATIVIDADE ECONÔMICA, TURISMO, LAZER E GASTRONOMIA, A SPTRANS INFORMA QUE NÃO HAVERÁ MUDANÇAS IMEDIATAS NAS LINHAS DE ÔNIBUS DA CIDADE, E QUE A ESTAS PRECEDERÃO DEBATES PÚBLICOS."
506078,DOCREC 540/2018,DOCREC,540,2018,ENCAMINHA CÓPIA DAS INFORMAÇÕES PRESTADAS PELA SECRETARIA MUNICIPAL DE EDUCAÇÃO A RESPEITO DAS CRIANÇAS E ADOLESCENTES VENEZUELANOS REFUGIADOS EM SÃO PAULO.
507113,DOCREC 564/2018,DOCREC,564,2018,ENCAMINHA INFORMAÇÕES PRESTADAS PELA SECRETARIA MUNICIPAL DE MOBILIDADE E TRANSPORTE A RESPEITO DA REDUÇÃO DO NÚMERO DE VEÍCULOS E LINHAS APÓS A ADOÇÃO DO NOVO MODELO DE TRANSPORTE PÚBLICO.
507114,DOCREC 565/2018,DOCREC,565,2018,ENCAMINHA INFORMAÇÕES PRESTADAS PELOS ÓRGÃOS MUNICIPAIS COMPETENTES A RESPEITO DA DENÚNCIA DE POSSÍVEL DISCRIMINAÇÃO CONTRA PESSOA COM DEFICIÊNCIA.
507185,DOCREC 580/2018,DOCREC,580,2018,"EM ATENÇÃO A REQUERIMENTO APROVADO PELA COMISSÃO DE SAÚDE, PROMOÇÃO SOCIAL, TRABALHO E MULHER, ENCAMINHA INFORMAÇÕES PRESTADAS PELA SECRETARIA MUNICIPAL DE SAÚDE SOBRE A CONSTRUÇÃO DA UBS MANOEL FERNANDES LEÃO."
507221,DOCREC 599/2018,DOCREC,599,2018,"EM ATENÇÃO AO REQUERIMENTO N° 12/2018 DE AUTORIA DO VEREADOR ANTONIO DONATO, ENCAMINHO CÓPIA DAS INFORMAÇÕES PRESTADAS PELA SECRETARIA MUNICIPAL DE EDUCAÇÃO"
507222,DOCREC 600/2018,DOCREC,600,2018,"EM ATENÇÃO AO REQUERIMENTO N° 16/2018 DO VEREADOR ZÉ TURIN ENCAMINHO CÓPIA DAS INFORMAÇÕES FORNECIDAS PELA SECRETARIA MUNICIPAL DA EDUCAÇÃO, CULTURA E ESPORTES"
507223,DOCREC 601/2018,DOCREC,601,2018,"EM ATENÇÃO AO REQUERIMENTO N° 26/18 DE AUTORIA DA VEREADORA PATRÍCIA BEZERRA, ENCAMINHO CÓPIA DAS INFORMAÇÕES PRESTADAS PELAS SECRETARIAS MUNICIPAIS DAS PREFEITURAS REGIONAIS, DE TRABALHO E EMPREENDEDORISMO, DA SAÚDE E DE URBANISMO"
507224,DOCREC 602/2018,DOCREC,602,2018,"EM ATENÇÃO AO REQUERIMENTO N°38/18 DE AUTORIA DOS VEREADORES PATRÍCIA BEZERRA, AMAURI SILVA, MILTON FERREIRA NOEMI NONATO JULIANA CARDOSO, NATALINI E SÂMIA BOMFIM, ENCAMINHO CÓPIA DAS INFORMAÇÕES PRESTADAS PELA SECRETARIA MUN. DA SAÚDE"
507245,DOCREC 614/2018,DOCREC,614,2018,"EM ATENÇÃO AO EXPEDIENTE EM REFERÊNCIA, ENCAMINHO CÓPIA DA INFORMAÇÃO CV N° 39, ELABORADA PELA SUBSECRETARIA DE FISCALI ZAÇÃO E CONTROLE DESTE TRIBUNAL DE CONTAS, CONTENDO AS RESPOSTA ÀS PERGUNTAS REALIZADAS EM AUDIÊNCIA PÚBLICA"
507272,DOCREC 628/2018,DOCREC,628,2018,"EM ATENÇÃO AO OFÍCIO ENCAMINHA PELA COMISSÃO DE EDUCAÇÃO, CULTURA E ESPORTES, ENCAMINHA INFORMAÇÕES PRESTADAS PELA SECRETARIA MUNICIPAL DA FAZENDA, MEDIANTE O OFÍCIO GABSF Nº 744/2018 (CÓPIA ANEXA), RELATIVAMENTE AO CÁLCULO DE RESTOS A PAGAR, NA LINHA 28 DO DEMONSTRATIVO DE RECEITAS E DESPESAS COM MANUTENÇÃO E DESENVOLVIMENTO DO ENSINO."
507277,DOCREC 632/2018,DOCREC,632,2018,"REPORTANDO AO OFÍCIO REFERENCIADO, EM ATENÇÃO AO REQUERIMENTO N°49/2017, DE AUTORIA DO VEREADOR ALFREDINHO, ENCAMINHO AS INFORMAÇÕES PRESTADAS PELA SECRETARIA MUNICIPAL DA SAÚDE A RESPEITO DO HOSPITAL DE PARELHEIROS."
507411,PL 342/2018,PL,342,2018,"DENOMINA-SE PRAÇA ESPERANÇA, A ATUAL PRAÇA INOMINADA, LOCALIZADA NA RUA TUTANKAMON."
507424,PL 347/2018,PL,347,2018,"AUTORIZA O EXECUTIVO A CELEBRAR CONVÊNIO COM CURSOS PRÉ-VESTIBULAR, VISANDO À IMPLANTAÇÃO DO PROGRAMA MAIS-VESTIBULAR, JUNTO A ALUNOS DO ENSINO MÉDIO DE ESCOLAS MUNICIPAIS E DÁ OUTRAS PROVIDÊNCIAS."
507883,DOCREC 662/2018,DOCREC,662,2018,ENCAMINHA CÓPIA DAS INFORMAÇÕES PRESTADAS PELA SECRETARIA MUNICIPAL DE EDUCAÇÃO A RESPEITO DA REFORMULAÇÃO DO PROGRAMA LEVE LEITE.
507962,PL 418/2018,PL,418,2018,INSTITUI NO ÂMBITO DO SISTEMA DE ENSINO DO MUNICÍPIO DE SÃO PAULO O PROGRAMA EDUCAÇÃO DEMOCRÁTICA E EMANCIPATÓRIA.
508421,PL 432/2018,PL,432,2018,REVOGA O INCISO II DO ARTIGO 9º DA LEI 16.703 DE 2017 E DÁ OUTRAS PROVIDÊNCIAS.
508423,PL 434/2018,PL,434,2018,DISPÕE SOBRE A OBRIGATORIEDADE DAS ESCOLAS PÚBLICAS DA REDE MUNICIPAL BEM COMO AS PRIVADAS LOCALIZADAS NO MUNICÍPIO DE SÃO PAULO INCLUIR EM SUAS ATIVIDADES A COMEMORAÇÃO AO DIA DAS MÃES E AO DIA DOS PAIS E DÁ OUTRAS PROVIDÊNCIAS.
508426,PL 437/2018,PL,437,2018,"DISCIPLINA INCENTIVOS, DISPÕE SOBRE SISTEMAS E MECANISMOS INTEGRANTES DA ATIVIDADE TECNOLÓGICA E INOVATIVA NO MUNICÍPIO DE SÃO PAULO; E CRIA O FUNDO MUNICIPAL DE INOVAÇÃO."
508597,DOCREC 697/2018,DOCREC,697,2018,"SOLICITAMOS QUE SEJA DADO CONHECIMENTO E APRECIADO PELOS VEREADORES E VEREADORAS INTEGRANTES DESTA COMISSÃO, A CARTA ABERTA ANEXA ""MANIFESTO CONTRA A PROPOSTA DA REVISÃO DA OPERAÇÃO URBANA CONSORCIADA ÁGUA BRANCA (PL 397/2018)"", ASSINADA POR ENTIDADES, ASSOCIAÇÕES, MOVIMENTOS, MEMBROS DO GRUPO DE GESTÃO DA OUC ÁGUA BRANCA E POR REPRESENTANTES DA SOCIEDADE CIVIL EM CONSELHOS MUNICIPAIS."
508599,DOCREC 695/2018,DOCREC,695,2018,"SOLICITAMOS QUE SEJA DADO CONHECIMENTO SOBRE O ""MANIFESTO CONTRA A PROPOSTA DE REVISÃO DA OPERAÇÃO URBANA CONSORCIADA ÁGUA BRANCA"", ASSINADA POR ENTIDADES, ASSOCIAÇÕES, MOVIMENTOS, MEMBROS DO GRUPO DE GESTÃO OUC ÁGUA BRANCA E REPRESENTANTES DA ENTIDADE CIVIL ACERCA DO PL 397/2018.
INFORMAMOS QUE  A 6.A PROMOTORIA DE HABITAÇÃO E URBANISMO DO MPSP INSTAUROU INQUÉRITO CIVIL (IC 400/2017) PARA APURAÇÃO DE IRREGULARIDADES NO PROCESSO DE REVISÃO DA LEI 15.893/13 DA OUCAB."
508600,DOCREC 696/2018,DOCREC,696,2018,"SOLICITA QUE SEJA DADO CONHECIMENTO E APRECIADO PELOS VEREADORES DESTA COMISSÃO A CARTA ABERTA ANEXA ""MANIFESTO CONTRA A PROPOSTA DA REVISÃO DA OPERAÇÃO URBANA CONSORCIADA ÁGUA BRANCA"", (PROJETO DE LEI 397/2018 QUE PRETENDE REVER A LEI 15.893/2013)  , ASSINADA POR ENTIDADES, ASSOCIAÇÕES , MOVIMENTOS , MEMBROS DO GRUPO DE GESTÃO DA OUC ÁGUA BRANCA E POR REPRESENTANTES DA SOCIEDADE CIVIL EM CONSELHOS MUNICIPAIS."
508605,DOCREC 699/2018,DOCREC,699,2018,"EM ATENÇÃO AO REQUERIMENTO Nº 11/2018, DE AUTORIA DO VEREADOR QUITO FORMIGA, APROVADO PELA COMISSÃO DE ADMINISTRAÇÃO PÚBLICA, ENCAMINHA CÓPIA DAS INFORMAÇÕES PRESTADAS PELAS SECRETARIAS MUNICIPAIS DO VERDE E DO MEIO AMBIENTE E DA SAÚDE A RESPEITO DA INSTALAÇÃO DA ESTAÇÃO RÁDIO-BASE - ERB NA RUA NOVA DO TUPAROGUERA, 365, JARDIM SANTO AMARO, ESPECIFICAMENTE NO CONJUNTO RESIDENCIAL COSTA AMALFITANA."
509175,DOCREC 727/2018,DOCREC,727,2018,"EM ATENÇÃO AO OFÍCIO DA COMISSÃO DE CONSTITUIÇÃO, JUSTIÇA E LEGISLAÇÃO PARTICIPATIVA, INDICAMOS OS FUNCIONÁRIOS QUE COMPARECERÃO NA AUDIÊNCIA PÚBLICA SOBRE O PL 853/2017:

-DONIZETE SANTANA COSTA
-ANDRÉA COMPRI
-AUDREY GABRIEL
-SONIA MARIA G. MISTRELLO
- MARILZA ROMANO
- VALDEMAR GOMES DE MELO
- MARIA OLIVIA GUERRA AROUCHA
- GERSON CARLOS DESSIA"
509395,DOCREC 733/2018,DOCREC,733,2018,"EM ATENÇÃO AO REQUERIMENTO 24/2018, DE AUTORIA DA VEREADORA PATRÍCIA BEZERRA, ENCAMINHO CÓPIA DAS INFORMAÇÕES PRESTADAS PELAS SECRETARIAS MUNICIPAIS DE INOVAÇÃO E TECNOLOGIA, DE GESTÃO, DE DIREITOS HUMANOS E CIDADANIA, BEM COMO PELA CONTROLADORIA GERAL DO MUNICÍPIO A RESPEITO DE RELATOS DE VIOLAÇÕES DE DIREITOS HUMANOS."
509396,DOCREC 735/2018,DOCREC,735,2018,"EM ATENÇÃO AO REQUERIMENTO Nº 11/2018, DE AUTORIA DO VEREADOR REIS, APROVADO PELA COMISSÃO DE CONSTITUIÇÃO, JUSTIÇA E LEGISLAÇÃO PARTICIPATIVA, ENCAMINHA CÓPIA DAS INFORMAÇÕES PRESTADAS PELA SECRETARIA MUNICIPAL DA FAZENDA A RESPEITO DO ÍNDICE DE REAJUSTE PADRÃO ADOTADO PELA PREFEITURA."
509500,DOCREC 756/2018,DOCREC,756,2018,"RESPOSTA AO OFÍCIO DA SECRETARIA DAS COMISSÕES. ENCAMINHAMOS CÓPIAS DAS INFORMAÇÕES PRESTADAS PELA SECRETARIA MUNICIPAL DE URBANISMO E LICENCIAMENTO E PELA SPURBANISMO, COM ESCLARECIMENTOS ACERCA DAS DIFERENÇAS ENTRE O ""CONSELHO GESTOR DE REURBANIZAÇÃO DO REAL PARQUE"" E O ""GRUPO GESTOR DA OPERAÇÃO URBANA CONSORCIADA FARIA LIMA""."
509531,DOCREC 761/2018,DOCREC,761,2018,ENCAMINHA OS DEMONSTRATIVOS REFERENTES AO MÊS DE JULHO DE 2018.
509540,DOCREC 766/2018,DOCREC,766,2018,"OS CONSELHEIROS ENTENDEM QUE O PL 262/2018, DE AUTORIA DO VEREADOR AURÉLIO NOMURA, ESTÁ EM DISSONÂNCIA COM AS DIRETRIZES DO PROGRAMA DE ALIMENTAÇÃO ESCOLAR DA CIDADE DE SÃO PAULO E, NESTE SENTIDO, NÃO HÁ COMO O CAE FISCALIZÁ-LO, POIS AS ATRIBUIÇÕES DIRECIONADAS NÃO COMPETEM A ESTE CONSELHO."
509669,PL 525/2018,PL,525,2018,DISPÕE SOBRE O COMBATE À POLUIÇÃO SONORA NO MUNICÍPIO DE SÃO PAULO E DÁ OUTRAS PROVIDÊNCIAS.
509679,PL 560/2018,PL,560,2018,CRIA A LISTA SUJA DO MACHISMO NO ÂMBITO DA INICIATIVA PRIVADA NO MUNICÍPIO DE SÃO PAULO E DÁ OUTRAS PROVIDÊNCIAS.
509687,PL 528/2018,PL,528,2018,"DISPÕE SOBRE A CRIAÇÃO DE UM PLANO DE CARREIRA PARA OS PROFISSIONAIS DA EDUCAÇÃO E OUTROS EMPREGADOS DAS ATIVIDADES MEIO QUE TRABALHAM NOS CENTROS DE EDUCAÇÃO INFANTIL – CEI’S DA REDE PARCEIRA INDIRETA – RPI E CRECHES DA REDE PARCEIRA PARTICULAR – RPP, BEM COMO ESTABELECE NOVAS FAIXAS DE VENCIMENTO PADRÃO, INTRODUZ NA REMUNERAÇÃO DOS MESMOS, OS BENEFÍCIOS DE ADICIONAL POR TEMPO DE SERVIÇO – O BIÊNIO PROVISÓRIO -, O QUINQUÊNIO, O ADICIONAL POR CAPACITAÇÃO PROFISSIONAL E A SEXTA PARTE DE CONFORMIDADE COM A PORTARIA 4548 DE 19 DE MAIO DE 2017 E DEMAIS LEGISLAÇÕES VIGENTES, EM NÍVEL FEDERAL, ESTADUAL E MUNICIPAL, NO MUNICÍPIO DE SÃO PAULO E DÁ OUTRAS PROVIDÊNCIAS."
509706,PL 532/2018,PL,532,2018,"AUTORIZA O PODER EXECUTIVO MUNICIPAL A ESTABELECER DIRETRIZES PARA A POLÍTICA PÚBLICA MUNICIPAL DE PROTEÇÃO, INCLUSÃO E ACOMPANHAMENTO EDUCACIONAL DOS ALUNOS COM EPILEPSIA NA REDE MUNICIPAL DE EDUCAÇÃO DA CIDADE DE SÃO PAULO E DÁ OUTRAS PROVIDÊNCIAS."
509715,PLO 8/2018,PLO,8,2018,"INTRODUZ ALTERAÇÕES NOS ARTIGOS 14, 40, 56, 69, 69-A E 75 A 80 , TODOS DA LEI ORGÂNICA DO MUNICÍPIO DE SÃO PAULO (MODIFICA AS NOMENCLATURAS ATRIBUÍDAS ÀS SUBPREFEITURAS PARA QUE PASSEM A SE DENOMINAR PREFEITURAS REGIONAIS)."
510041,DOCREC 777/2018,DOCREC,777,2018,"EM ATENÇÃO AO REQUERIMENTO Nº 15/18, DE AUTORIA DO VEREADOR TONINHO VESPOLI, APROVADO PELA COMISSÃO DE EDUCAÇÃO, CULTURA E ESPORTES, ENCAMINHA CÓPIA DAS INFORMAÇÕES A RESPEITO DA CONTRATAÇÃO DE ORGANIZAÇÕES SOCIAIS PARA PRESTAÇÃO DE SERVIÇOS DE ENSINO MUNICIPAL."
510042,DOCREC 778/2018,DOCREC,778,2018,"EM ATENÇÃO AO REQUERIMENTO Nº 20/2018, DE AUTORIA DA VEREADORA JANAÍNA LIMA, APROVADO PELA COMISSÃO DE EDUCAÇÃO, CULTURA E ESPORTES, ENCAMINHA CÓPIA DAS INFORMAÇÕES A RESPEITO DAS DÍVIDAS DA ASSOCIAÇÃO SANTA EDWIGES DO JARDIM TRIANA COM A MUNICIPALIDADE."
510901,PL 597/2018,PL,597,2018,INSTITUI NO MUNICÍPIO DE SÃO PAULO O PROGRAMA “LIVRARIA CIDADÃ” E DÁ OUTRAS PROVIDÊNCIAS.
510953,DOCREC 837/2018,DOCREC,837,2018,"SOLICITA POSICIONAMENTO DA COMISSÃO DE FINANÇAS E ORÇAMENTO NO TOCANTE ÀS DELIBERAÇÕES DA XII CONFERÊNCIA MUNICIPAL DE ASSISTÊNCIA SOCIAL DA CIDADE DE SÃO PAULO, BEM COMO CONVIDA A PARTICIPAR DA MESA DE TRABALHO DE EVENTO, CONFORME DOCUMENTAÇÃO ANEXA."
511087,PL 621/2018,PL,621,2018,"DISPÕE SOBRE A COLOCAÇÃO DO NÚMERO DE TELEFONE DA OUVIDORIA DA GUARDA CIVIL METROPOLITANA – GCM EM SUAS VIATURAS, E DÁ OUTRAS PROVIDÊNCIAS."
511398,DOCREC 875/2018,DOCREC,875,2018,"ATENDENDO AO REQUERIMENTO APROVADO PELA COMISSÃO DE TRÂNSITO, TRANSPORTE, ATIVIDADE ECONÔMICA, TURISMO, LAZER E GASTRONOMIA, ENCAMINHO CÓPIA DA MANIFESTAÇÃO DA SECRETARIA MUNICIPAL DA FAZENDA JUSTIFICANDO A IMPOSSIBILIDADE DO ENVIO DAS INFORMAÇÕES SOLICITADAS POR ESTAREM RESGUARDADAS PELO SIGILO FISCAL."
511400,DOCREC 877/2018,DOCREC,877,2018,"ATENDENDO AO REQUERIMENTO APROVADO PELA COMISSÃO DE ADMINISTRAÇÃO PÚBLICA, ENCAMINHO CÓPIA DAS INFORMAÇÕES PRESTADAS PELA SECRETARIA MUNICIPAL DE URBANISMO E LICENCIAMENTO A RESPEITO DA INSTALAÇÃO RÁDIO-BASE."
511645,DOCREC 899/2018,DOCREC,899,2018,"ENCAMINHA RELATÓRIO MENSAL DOS DADOS COLETADOS PELO SISTEMA DE CONTROLE , FISCALIZAÇÃO, GERENCIAMENTO E GESTÃO DE TRANSPORTE COLETIVO, FORNECIDO PELA SÃO PAULO TRANSPORTE - S/A - SPTRANS. (MAIO 2018 A OUT 2018)"
511646,DOCREC 900/2018,DOCREC,900,2018,"ENCAMINHA RELATÓRIO MENSAL DOS DADOS COLETADOS PELO SISTEMA DE CONTROLE , FISCALIZAÇÃO, GERENCIAMENTO E GESTÃO DE TRANSPORTE COLETIVO, FORNECIDO PELA SÃO PAULO TRANSPORTE - S/A - SPTRANS. (OUT/17 A MAR/18)"
511647,DOCREC 901/2018,DOCREC,901,2018,"ENCAMINHA RELATÓRIO MENSAL DOS DADOS COLETADOS PELO SISTEMA DE CONTROLE , FISCALIZAÇÃO, GERENCIAMENTO E GESTÃO DE TRANSPORTE COLETIVO, FORNECIDO PELA SÃO PAULO TRANSPORTE - S/A - SPTRANS. (NOVEMBRO 2097 A ABRIL 2018)"
511648,DOCREC 902/2018,DOCREC,902,2018,"ENCAMINHA RELATÓRIO MENSAL DOS DADOS COLETADOS PELO SISTEMA DE CONTROLE , FISCALIZAÇÃO, GERENCIAMENTO E GESTÃO DE TRANSPORTE COLETIVO, FORNECIDO PELA SÃO PAULO TRANSPORTE - S/A - SPTRANS. (JANEIRO A JUNHO 2018, FEVEREIRO A JULHO 2018, DEZEMBRO 2017 A MAIO 2018)"
511649,DOCREC 903/2018,DOCREC,903,2018,"ENCAMINHA RELATÓRIO MENSAL DOS DADOS COLETADOS PELO SISTEMA DE CONTROLE , FISCALIZAÇÃO, GERENCIAMENTO E GESTÃO DE TRANSPORTE COLETIVO, FORNECIDO PELA SÃO PAULO TRANSPORTE - S/A - SPTRANS. (MARÇO A AGOSTO 2018)."
511650,DOCREC 904/2018,DOCREC,904,2018,"ENCAMINHA RELATÓRIO MENSAL DOS DADOS COLETADOS PELO SISTEMA DE CONTROLE , FISCALIZAÇÃO, GERENCIAMENTO E GESTÃO DE TRANSPORTE COLETIVO, FORNECIDO PELA SÃO PAULO TRANSPORTE - S/A - SPTRANS. (ABRIL A SETEMBRO 2018)"
511906,PL 640/2018,PL,640,2018,DISPÕE SOBRE INCENTIVO À QUALIFICAÇÃO AMBIENTAL DE IMÓVEIS COM BASE NA COBERTURA VEGETAL SIGNIFICATIVA E DÁ OUTRAS PROVIDÊNCIAS.
511908,PL 638/2018,PL,638,2018,DISPÕE SOBRE AS COMPETÊNCIAS DOS CARGOS DE PROVIMENTO EM COMISSÃO DA SECRETARIA MUNICIPAL DO VERDE E DO MEIO AMBIENTE – SVMA BEM COMO SOBRE A ALTERAÇÃO DA DENOMINAÇÃO E DO PROVIMENTO DO CARGO QUE ESPECIFICA.
512222,DOCREC 928/2018,DOCREC,928,2018,ENCAMINHA CÓPIA DAS INFORMAÇÕES PRESTADAS PELA SECRETARIA MUNICIPAL DO VERDE E DO MEIO AMBIENTE A RESPEITO DA INTERDIÇÃO DOS PLAYGROUNDS NO PARQUE DA ACLIMAÇÃO
512431,DOCREC 39/2019,DOCREC,39,2019,"ENCAMINHA À COMISSÃO DE EDUCAÇÃO, CULTURA E ESPORTES, EM CÓPIA DIGITAL (CD-ROM), OS OFÍCIOS ENCAMINHADOS AO INSTITUTO ODEON COMUNICANDO IRREGULARIDADES OU SOLICITANDO PROVIDÊNCIAS RELATIVAS À GESTÃO DO THEATRO MUNICIPAL."
512691,DOCREC 52/2019,DOCREC,52,2019,"EM ATENÇÃO AO REQUERIMENTO APROVADO PELA COMISSÃO DE ADMINISTRAÇÃO PÚBLICA, ENCAMINHA CÓPIA DAS INFORMAÇÕES PRESTADAS PELA SUBPREFEITURA DO M'BOI MIRIM A RESPEITO DA INSTALAÇÃO DA ESTAÇÃO RÁDIO-BASE NA RUA NOVA DO TUPAROGUERA, 365."
513105,DOCREC 81/2019,DOCREC,81,2019,ENCAMINHA INFORMAÇÕES PRESTADAS PELA COORDENADORIA DE VIGILÂNCIA EM SAÚDE - SMS/COVISA (PROC.: 2018-9.130.470-0)
513387,RDP 14/2019,RDP,14,2019,"COM O OBJETIVO DE APERFEIÇOAR OS MÉTODOS DE ORGANIZAÇÃO DE DOCUMENTOS E COM O FIM DE VIABILIZAR O ARQUIVAMENTO DA DOCUMENTAÇÃO PERTINENTE E DO REGISTRO DOS TRABALHOS DESTA COMISSÃO , SOLICITO QUE SEJA FORMADO PROCESSO PARA A COMISSÃO DE SAÚDE, PROMOÇÃO SOCIAL, TRABALHO E MULHER , REFERENTE AO ANO DE 2019."
513540,DOCREC 86/2019,DOCREC,86,2019,ENCAMINHA CÓPIA DAS INFORMAÇÕES PRESTADAS PELA SECRETARIA MUNICIPAL DA SAÚDE A RESPEITO DAS CONDIÇÕES DE ASSISTÊNCIA E INTERNAÇÃO DE IDOSOS DA CASA DE REPOUSO ANJOS DA HUMANIDADE.
514024,PL 32/2019,PL,32,2019,DISPÕE SOBRE A SOBREPOSIÇÃO DA COMPLEMENTAÇÃO NA DENOMINAÇÃO DO CENTRO EDUCACIONAL E ESPORTIVO DA MOOCA PARA CENTRO EDUCACIONAL E ESPORTIVO DA MOOCA – VEREADOR ZÉ ÍNDIO.
514028,PL 34/2019,PL,34,2019,"REVOGA A LEI N° 17.020, DE 27 DE DEZEMBRO DE 2018, QUE INSTITUI, NO ÂMBITO DO MUNICÍPIO DE SÃO PAULO, O REGIME DE PREVIDÊNCIA COMPLEMENTAR DE QUE TRATA O ART. 40, §§ 14 E 15, DA CONSTITUIÇÃO FEDERAL, E ESTABELECE PROVIDÊNCIAS CORRELATAS."
514126,PL 677/2018,PL,677,2018,DISPÕE SOBRE AS DIRETRIZES A SEREM OBSERVADAS PELO PODER EXECUTIVO PARA ELABORAÇÃO DO PLANO MUNICIPAL DE QUALIFICAÇÃO PROFISSIONAL E DÁ OUTRAS PROVIDÊNCIAS
514131,PL 44/2019,PL,44,2019,"DISPÕE SOBRE A REVOGAÇÃO DO § 5° DO ART. 
241 DA LEI N° 16.050, DE 31 DE JULHO DE 2014, E DÁ OUTRAS PROVIDÊNCIAS. [REVOGA DISPOSITIVO DO PLANO DIRETOR ESTRATÉGICO DO MUNICÍPIO DE SÃO PAULO PARA ADAPTAR A LEI EM TELA ÀS NECESSIDADES ATUAIS DIANTE DA GRANDE PIORA NA MOBILIDADE E NOS DESLOCAMENTOS DOS USUÁRIOS DAS VIAS PÚBLICAS QUE MARGEIAM O RODOANEL]"
514132,PL 45/2019,PL,45,2019,RESTRINGE O CONSUMO DE BEBIDAS ALCOÓLICAS NOS LOGRADOUROS PÚBLICOS NO MUNICÍPIO E DÁ OUTRAS PROVIDÊNCIAS.
514211,PL 115/2019,PL,115,2019,ESTABELECE NORMAS GERAIS SOBRE A PROIBIÇÃO DA COMERCIALIZAÇÃO DE ANIMAIS DEFINIDOS COMO DE ESTIMAÇÃO E DÁ OUTRAS PROVIDÊNCIAS.
514228,PDL 14/2019,PDL,14,2019,"SUSTA O DECRETO N° 58.636 DE FEVEREIRO DE 2019, E DÁ OUTRAS PROVIDÊNCIAS. [DECRETO QUE DISPÕE SOBRE A RENEGOCIAÇÃO DOS INSTRUMENTOS JURÍDICOS QUE ESPECIFICA, REFERENTES AOS SERVIÇOS DE COLETA E TRATAMENTO DE LIXO, AÇÕES DE SAÚDE E ASSISTÊNCIA SOCIAL, BEM COMO SOBRE A ANÁLISE DA PRESTAÇÃO DE CONTAS AJUSTES JÁ ENCERRADOS]"
514514,PL 170/2019,PL,170,2019,“AMPLIA O PRAZO DAS LICENÇAS MATERNIDADE E PATERNIDADE DOS SERVIDORES PÚBLICOS MUNICIPAIS COM FILHAS(OS) PORTADORAS(ES) DE DEFICIÊNCIA.
514532,PL 180/2019,PL,180,2019,"ACRESCENTA O ART. 12-A A LEI N° 14.223, DE 26 DE SETEMBRO DE 2006, QUE DISPÕE SOBRE A ORDENAÇÃO DOS ELEMENTOS QUE COMPÕEM A PAISAGEM URBANA DO MUNICÍPIO DE SÃO PAULO, E DÁ OUTRAS PROVIDÊNCIAS."
514674,PL 195/2019,PL,195,2019,DISPÕE SOBRE A OBRIGATORIEDADE DO ENSINO DE LIBRAS - LÍNGUA BRASILEIRA DE SINAIS - EM ESCOLAS MUNICIPAIS E PRIVADAS.
514677,PL 198/2019,PL,198,2019,DISPÕE SOBRE A PROIBIÇÃO DE SOM ACIMA DE 85 (OITENTA E CINCO)  DECIBÉIS EM CASAS DE SHOWS E BOATES E DÁ OUTRAS PROVIDÊNCIAS.
514739,PL 207/2019,PL,207,2019,ALTERA A LEI MUNICIPAL Nº 13.303 DE 18 DE JANEIRO DE 2002 E DÁ OUTRAS PROVIDÊNCIAS.
516117,PL 289/2019,PL,289,2019,LIMITA O NÚMERO DE ALUNOS NAS SALAS DE AULA DA REDE MUNICIPAL DE ENSINO.
516123,PL 242/2019,PL,242,2019,"DISPÕE NO ÂMBITO DO MUNICÍPIO DE SÃO PAULO A CRIAÇÃO DE CLÍNICAS-ESCOLAS PARA AUTISTAS, E DÁ OUTRAS PROVIDÊNCIAS."
516146,PL 277/2019,PL,277,2019,"ALTERA OS ARTIGOS 12 E 13 DA LEI N° 15.723, DE 24 DE ABRIL DE 2013, QUE ESTABELECE DIRETRIZES E NORMAS RELATIVAS À IMPLANTAÇÃO, À CONSTRUÇÃO E À REFORMA COM OU SEM AMPLIAÇÃO, PARA INSTALAÇÃO E FUNCIONAMENTO DE AERÓDROMOS, HELIPORTOS, HELIPONTOS E SIMILARES, NO MUNICÍPIO DE SÃO PAULO, COM FUNDAMENTO NOS ARTS. 119 E 120 DA LEI N° 13.430, DE 13 DE DEZEMBRO DE 2002."
516176,PL 292/2019,PL,292,2019,DISPÕE NO ÂMBITO DO MUNICÍPIO DE SÃO PAULO SOBRE A CAPACITAÇÃO DE JARDINEIROS PARA PODA DE ÁRVORES E DÁ OUTRAS PROVIDÊNCIAS.
516393,DOCREC 177/2019,DOCREC,177,2019,"EM ATENÇÃO AO PEDIDO DE SUBSÍDIOS DA COMISSÃO DE SAÚDE, PROMOÇÃO SOCIAL, TRABALHO E MULHER, ENCAMINHA CÓPIA DAS INFORMAÇÕES PRESTADAS PELA SECRETARIA MUNICIPAL DE SAÚDE A RESPEITO DOS FUNCIONÁRIOS DE CARREIRA DE NÍVEL SUPERIOR QUE ATUAM EM ESTABELECIMENTOS DE SAÚDE NA REGIÃO DE ITAQUERA, BEM COMO SOBRE ESTRATÉGIAS ADOTADAS PARA EVITAR A FALTA DE MEDICAMENTOS QUE COMPÕEM A RELAÇÃO DE MEDICAMENTOS PARA DISPENSA DA REDE BÁSICA E DE ESPECIALIDADES."
516397,DOCREC 182/2019,DOCREC,182,2019,"EM ATENÇÃO AO REQUERIMENTO APROVADO PELA COMISSÃO DE ADMINISTRAÇÃO PÚBLICA, ENCAMINHA CÓPIA DAS INFORMAÇÕES PRESTADAS PELA PROCURADORIA GERAL DO MUNICÍPIO E PELA SECRETARIA MUNICIPAL DE DESESTATIZAÇÃO E PARCERIAS A RESPEITO DO ACRÉSCIMO DE ÁREA NAS MATRÍCULAS DO ANHEMBI."
516398,DOCREC 183/2019,DOCREC,183,2019,"EM ATENÇÃO AO REQUERIMENTO Nº 39/18, APROVADO PELA COMISSÃO DE SAÚDE, PROMOÇÃO SOCIAL, TRABALHO E MULHER, ENCAMINHA CÓPIA DAS INFORMAÇÕES PRESTADAS PELA SECRETARIA MUNICIPAL DA SAÚDE A RESPEITO DA DENÚNCIA DE IRREGULARIDADES TÉCNICAS E ADMINISTRATIVAS DA GESTÃO ATUAL DO HOSPITAL TIDE SETÚBAL."
516459,PL 297/2019,PL,297,2019,"CRIA A SEMANA “CRIANÇAS SALVAM VIDAS – KIDS SAVE LIVES BRASIL” DE CAPACITAÇÃO E AÇÕES EM PARADA CARDÍACA SÚBITA, ACIDENTE VASCULAR ENCEFÁLICO SÚBITO E ENGASGO NAS ESCOLAS DA REDE MUNICIPAL DE ENSINO"
517753,PL 305/2019,PL,305,2019,CRIA A GUARDA CIVIL ESCOLAR NO ÂMBITO DO MUNICÍPIO DE SÃO PAULO E DA OUTRAS PROVIDÊNCIAS.
517767,PL 315/2019,PL,315,2019,"AUTORIZA O PODER EXECUTIVO A ESTENDER A LICENÇA PARA SERVIDORES PÚBLICOS EM RAZÃO DE FALECIMENTO DE FAMILIARES PARA AVÓS, AVÔS, TIAS E TIOS."
517778,PLO 2/2019,PLO,2,2019,"ACRESCENTA O § 6° AO ART. 200 DA LEI ORGÂNICA DO MUNICÍPIO DE SÃO PAULO, VETANDO ENSINO DOMICILIAR NO SISTEMA MUNICIPAL DE EDUCAÇÃO BÁSICA OBRIGATÓRIA."
518218,PL 373/2019,PL,373,2019,ESTABELECE MEDIDAS E PROCEDIMENTOS PARA OS CASOS DE VIOLÊNCIA CONTRA PROFISSIONAIS DA EDUCAÇÃO OCORRIDOS NAS UNIDADES EDUCACIONAIS DA REDE PÚBLICA E PARTICULAR DO MUNICÍPIO DE SÃO PAULO.
518497,PL 393/2019,PL,393,2019,"CRIA O NÚCLEO DE APOIO E ACOMPANHAMENTO PARA A APRENDIZAGEM - NAAPA, NAS DIRETORIAS REGIONAIS DE EDUCAÇÃO DA SECRETARIA MUNICIPAL DE EDUCAÇÃO, E DÁ OUTRAS PROVIDÊNCIAS."
519457,PL 423/2019,PL,423,2019,"ALTERA A REDAÇÃO DO ARTIGO 13 DA LEI Nº 10.072, DE 09 DE JUNHO DE 1986, QUE DISPÕE SOBRE A INSTALAÇÃO DE BANCAS DE JORNAIS E REVISTAS EM LOGRADOUROS PÚBLICOS, E DÁ OUTRAS PROVIDÊNCIAS."
522295,PL 527/2019,PL,527,2019,"DISPÕE NO ÂMBITO DO MUNICÍPIO DE SÃO PAULO A INSTALAÇÃO DE LEITOR DE BILHETE ÚNICO EM ALTURA COMPATÍVEL PARA ALCANCE DAS PESSOAS COM NANISMO E PESSOAS COM DEFICIÊNCIA OU MOBILIDADE REDUZIDA, E DÁ OUTRAS PROVIDÊNCIAS."
522401,PL 534/2019,PL,534,2019,"DISPÕE SOBRE A PROIBIÇÃO DO CONSUMO DE BEBIDAS ALCOÓLICAS NAS PROXIMIDADES DE ESTABELECIMENTOS DE ENSINO SUPERIOR, NÍVEL MÉDIO E FUNDAMENTAL DA REDE PÚBLICA E PRIVADA, E DÁ OUTRAS PROVIDÊNCIAS"
522814,PLO 6/2019,PLO,6,2019,ADICIONA O § 4º AO ARTIGO 133 DA LEI ORGÂNICA DO MUNICÍPIO E DÁ OUTRAS PROVIDÊNCIAS.
522830,PL 569/2019,PL,569,2019,INSTITUI O FUNDO MUNICIPAL DE SEGURANÇA PÚBLICA DA CIDADE DE SÃO PAULO.
522832,PL 570/2019,PL,570,2019,"DISPÕE SOBRE A COLOCAÇÃO DE ADESIVOS NOS VEÍCULOS QUE REALIZAM TRANSPORTE URBANO PELA VIA DE APLICATIVOS, NO MUNICÍPIO DE SÃO PAULO, NOS CASOS QUE ESPECIFICA, E DÁ OUTRAS PROVIDÊNCIAS."
523358,PL 586/2019,PL,586,2019,"ALTERA A DENOMINAÇÃO DA RUA GRUPIARA, LOCALIZADA NO BAIRRO INSTITUTO DA PREVIDÊNCIA, PARA RUA LUIZ DE QUEIROZ ORSINI E DÁ OUTRAS PROVIDÊNCIAS."
523506,PL 596/2019,PL,596,2019,"DISPÕE SOBRE A COLOCAÇÃO DE REDES DE PROTEÇÃO CONTRA QUEDAS EM ÁREAS DE CONVIVÊNCIA, NOS CASOS E LOCAIS QUE ESPECIFICA, PARA FINS DE SEGURANÇA E DÁ OUTRAS PROVIDÊNCIAS."
523696,PL 611/2019,PL,611,2019,"ALTERA O ARTIGO 2º E O PARÁGRAFO 1º DO ARTIGO 10º DA LEI 10.720 DE 24 DE ABRIL DE 2013, QUE REGULAMENTA A REGULARIZAÇÃO FUNDIÁRIA DE INTERESSE SOCIAL NO MUNICÍPIO DE SÃO PAULO, DE ACORDO COM A LEI FEDERAL Nº 11.977, DE 7 DE JULHO DE 2009, QUE INSTITUIU A NOVA POLÍTICA NACIONAL DE REGULARIZAÇÃO URBANA E FUNDIÁRIA DO PAÍS."
523753,PL 612/2019,PL,612,2019,DISPÕE SOBRE A CRIAÇÃO DO PARQUE MUNICIPAL ERUNDINA SOUZA DA SILVA E DÁ OUTRAS PROVIDÊNCIAS
523864,PL 626/2019,PL,626,2019,DISPÕE SOBRE A DESTINAÇÃO DE ESPAÇO NOS PARQUES MUNICIPAIS PARA A COLOCAÇÃO DE FRALDÁRIO E DÁ OUTRAS PROVIDÊNCIAS.
523971,PL 630/2019,PL,630,2019,"ALTERA A LEI Nº 13.766, DE 21 DE JANEIRO DE 2004, A FIM DE ESTENDER ININTERRUPTAMENTE O SERVIÇO DO HOSPITAL DO SERVIDOR PÚBLICO MUNICIPAL AOS FILHOS DOS SERVIDORES QUE TENHAM INICIADO TRATAMENTO ANTES DOS 18 ANOS ATÉ SEU RESPECTIVO TÉRMINO OU A COMPLETUDE DE SEUS 21 OU, CASO MATRICULADOS EM INSTITUIÇÕES DE ENSINO SUPERIOR, 24 ANOS."
524151,PL 643/2019,PL,643,2019,"AUTORIZA O PODER EXECUTIVO A ALTERAR O INCISO III DO ARTIGO 12 DA LEI N°14.660, DE 26 DE DEZEMBRO DE 2007(REORGANIZA O QUADRO DOS PROFISSIONAIS DE EDUCAÇÃO, COM AS RESPECTIVAS CARREIRAS, CRIADO PELA LEI Nº 11.434, DE 1993, E CONSOLIDA O ESTATUTO DOS PROFISSIONAIS DA EDUCAÇÃO MUNICIPAL), DANDO-LHE NOVA REDAÇÃO, E DÁ OUTRAS PROVIDÊNCIAS."
524191,PL 650/2019,PL,650,2019,ACRESCENTA O PARÁGRAFO 3º AO ARTIGO 1º DA LEI 15.715 DE 17 DE ABRIL DE 2013 QUE TRATA DA LOTAÇÃO E DA GRATIFICAÇÃO A SER PAGA AOS GUARDAS CIVIS INTEGRANTES DA GUARDA CIVIL METROPOLITANA NA CÂMARA MUNICIPAL DE SÃO PAULO E DÁ OUTRAS PROVIDÊNCIAS.
524223,PL 654/2019,PL,654,2019,DISPÕE SOBRE A PRORROGAÇÃO DO PRAZO DE USO DE ÁREAS PÚBLICAS AO CENTRO DE ASSITÊNCIA SOCIAL E PROMOÇÃO DE VILA ALPINA - CASP E DÁ OUTRAS PROVIDÊNCIAS.
524584,PL 664/2019,PL,664,2019,DISPÕE NO ÂMBITO DO MUNICÍPIO DE SÃO PAULO SOBRE A CRIAÇÃO DO PARQUE MUNICIPAL REPÚBLICA DA MOOCA E DÁ OUTRAS PROVIDÊNCIAS.
524638,PL 672/2019,PL,672,2019,"DISPÕE SOBRE A DESTINAÇÃO DE SALA OU ESPAÇO NAS ESCOLAS PÚBLICAS MUNICIPAIS PARA A REALIZAÇÃO DE EVENTOS ECUMÊNICOS, E DÁ OUTRAS PROVIDÊNCIAS."
524806,PL 674/2019,PL,674,2019,"INSTITUI E DEFINE COMO ZONA LIVRE DE AGROTÓXICOS A PRODUÇÃO AGRÍCOLA, PECUÁRIA, EXTRATIVISTA E AS PRÁTICAS DE MANEJO DOS RECURSOS NATURAIS NO MUNICÍPIO DE SÃO PAULO."
524975,PL 683/2019,PL,683,2019,DISPÕE SOBRE A OBRIGATORIEDADE DA COMUNICAÇÃO DE NASCIMENTOS SEM IDENTIFICAÇÃO DE PATERNIDADE À DEFENSORIA PÚBLICA.
525160,PL 691/2019,PL,691,2019,"DISPENSA EM DIAS DE FEIRAS-LIVRES, OS VEÍCULOS QUE UTILIZAM CARTÕES DA ""ZONA AZUL"" NO HORÁRIO DAS 7H00 ÀS 14H00 E DÁ OUTRAS PROVIDÊNCIAS."
525257,PL 694/2019,PL,694,2019,"ALTERA A LEI Nº 13.763 DE 19 DE JANEIRO DE 2004 QUE ESTABELECE NORMAS PARA O EXERCÍCIO DA PRESTAÇÃO DE SERVIÇOS DE MANOBRA E GUARDA DE VEÍCULOS, TAMBÉM CONHECIDOS COMO ""VALET SERVICE"", NO ÂMBITO DO MUNICÍPIO DE SÃO PAULO E DÁ OUTRAS PROVIDÊNCIAS."
525552,DOCREC 710/2019,DOCREC,710,2019,EM ATENÇÃO AO REQUERIMENTO N° 21/2018 ENCAMINHA CÓPIA DAS INFORMAÇÕES PRESTADA PELA SECRETARIA MUNICIPAL DA SAÚDE RELATIVAS A IRREGULARIDADES EM UNIDADE BÁSICA DE SAÚDE ADMINISTRADA PELO INSTITUTO DE ATENÇÃO BÁSICA E AVANÇADA À SAÚDE - IABAS
525641,PL 721/2019,PL,721,2019,"DISPÕE SOBRE A REALIZAÇÃO DE CONTROLE DE ENTRADA E SAÍDA, COM A INSTALAÇÃO DE CATRACAS NAS ESCOLAS SITUADAS NO ÂMBITO DO MUNICÍPIO DE SÃO PAULO, NA FORMA QUE ESPECIFICA E DÁ OUTRAS PROVIDÊNCIAS."
525950,PL 740/2019,PL,740,2019,"ACRESCE O PARÁGRAFO ÚNICO AO ARTIGO 14º DA LEI Nº 15.947 DE 26 DE DEZEMBRO DE 2013, E DÁ OUTRAS PROVIDÊNCIAS. [DISPÕE SOBRE AS REGRAS PARA COMERCIALIZAÇÃO DE ALIMENTOS EM VIAS E ÁREAS PÚBLICAS - COMIDA DE RUA - E DÁ OUTRAS PROVIDÊNCIAS.]"
526130,PL 748/2019,PL,748,2019,"INSTITUI PRAZO PARA A PREFEITURA PROCEDER À REPARAÇÃO DE DANOS OU DEFEITOS EM PAVIMENTOS DE VIAS PÚBLICAS, CONCEDE DESCONTO NO IPTU - IMPOSTO SOBRE A PROPRIEDADE TERRITORIAL URBANA E DÁ OUTRAS PROVIDÊNCIAS."
526220,PR 33/2019,PR,33,2019,"RESOLVE NO ÂMBITO DO MUNICÍPIO DE SÃO PAULO SOBRE A INSTITUIÇÃO DA HONRARIA SÃO FRANCISCO DE ASSIS, E DÁ OUTRAS PROVIDÊNCIAS."
526243,PL 753/2019,PL,753,2019,"REVOGA A LEI 17.216, DE 18 DE OUTUBRO DE 2019, QUE DISPÕE SOBRE A DESESTATIZAÇÃO DOS BENS MUNICIPAIS QUE ESPECIFICA, NO ÂMBITO DO PLANO MUNICIPAL DE DESESTATIZAÇÃO E ESTABELECE PROVIDÊNCIAS CORRELATAS"
526365,PL 761/2019,PL,761,2019,"REVOGA O CÓDIGO 13 DO ANEXO ÚNICO, DA LEI 17.216 DE 18 DE OUTUBRO DE 2019, QUE DISPÕE SOBRE A DESESTATIZAÇÃO DOS BENS MUNICIPAIS QUE ESPECIFICA E DÁ OUTRAS PROVIDÊNCIAS."
526608,PL 773/2019,PL,773,2019,DISPÕE SOBRE A OBRIGATORIEDADE DA DISPONIBILIZAÇÃO DE ASSENTOS E SISTEMAS DE SENHAS NAS CASAS LOTÉRICAS EXISTENTES NO MUNICÍPIO DE SÃO PAULO
526658,PL 783/2019,PL,783,2019,DISPÕE SOBRE A IMPLEMENTAÇÃO DE GATIL NOS PARQUES DO MUNICÍPIO DE SÃO PAULO E DÁ OUTRAS PROVIDÊNCIAS.
526770,PL 788/2019,PL,788,2019,"CRIA O PROGRAMA BOLSA PRIMEIRA INFÂNCIA, DESTINADO AO ATENDIMENTO DE CRIANÇAS DE ZERO A TRÊS ANOS DE IDADE EM SITUAÇÃO DE VULNERABILIDADE SOCIOECONÔMICA, CADASTRADAS NA REDE MUNICIPAL DE ENSINO DE SÃO PAULO E NÃO MATRICULADAS POR AUSÊNCIA DE VAGA PRÓXIMA À SUA RESIDÊNCIA OU AO ENDEREÇO REFERENCIAL DE TRABALHO DO RESPONSÁVEL, NOS TERMOS DO REGULAMENTO."
526802,PL 794/2019,PL,794,2019,"DISPÕE SOBRE A CONCESSÃO DE BENEFÍCIO EVENTUAL, NÃO CONTRIBUTIVO, DA ASSISTÊNCIA SOCIAL, À PESSOA OU FAMÍLIA COM IMPOSSIBILIDADE DE ARCAR POR CONTA PRÓPRIA COM AS DESPESAS DE FUNERAL DE FAMILIARES, CUJA RENDA PER CAPITA FAMILIAR SEJA INFERIOR A UM SALÁRIO MÍNIMO, A TÍTULO DE ""AUXÍLIO FUNERAL""."
526907,PL 808/2019,PL,808,2019,INSTITUI DIRETRIZES PARA A INCLUSÃO DA CAPACITAÇÃO EM 'NOÇÕES DE PRIMEIROS SOCORROS' PARA OS FUNCIONÁRIOS DAS ACADEMIAS DE GINÁSTICA E SIMILARES LOCALIZADOS NO MUNICÍPIO DE SÃO PAULO.
526915,PL 811/2019,PL,811,2019,DISPÕE SOBRE A PROIBIÇÃO DA SUSPENSÃO DO FORNECIMENTO DE ÁGUA NOS IMÓVEIS ONDE RESIDAM PESSOAS ENFERMAS EM FASE TERMINAL OU ACAMADAS
527508,PL 835/2019,PL,835,2019,CRIA A SUBPREFEITURA PARAISÓPOLIS/MORUMBI E ALTERA OS LIMITES TERRITORIAIS DA SUBPREFEITURA DE CAMPO LIMPO E DA OUTRAS PROVIDÊNCIAS.
527513,PL 837/2019,PL,837,2019,"ALTERA A LEI Nº 8424, DE 18 DE AGOSTO DE 1976 (AUTORIZA A CELEBRAÇÃO DE NOVO CONTRATO DE CONCESSÃO COM A COMPANHIA MUNICIPAL DE TRANSPORTES COLETIVOS-CMTC, E DÁ OUTRAS PROVIDÊNCIAS), PARA CONCEDER ISENÇÃO INTEGRAL DO PAGAMENTO DA TARIFA E DA EMISSÃO DO CARTÃO AOS ESTUDANTES DA REDE PÚBLICA DE ENSINO QUE SE DESLOCAREM ÀS ATIVIDADES CULTURAIS COM FINS PEDAGÓGICOS, BEM COMO AOS PROFISSIONAIS DA EDUCAÇÃO QUE OS ESTEJAM ACOMPANHANDO."
527522,PL 838/2019,PL,838,2019,"ALTERA A LEI N° 12.316, DE 16 DE ABRIL DE 1997, E DÁ OUTRAS PROVIDÊNCIAS (DISPÕE SOBRE A OBRIGATORIEDADE DO PODER PÚBLICO MUNICIPAL A PRESTAR ATENDIMENTO À POPULAÇÃO DE RUA NA CIDADE DE SÃO PAULO.)"
527783,PL 845/2019,PL,845,2019,"DENOMINA PRAÇA INOMINADA ""ROSA RAMANOSKI"", LOCALIZADA NA RUA DR. AUGUSTO GALVÃO VAZ CERQUINHO, LOCALIZADA NO BAIRRO DA ÁGUA RASA."
528206,PL 854/2019,PL,854,2019,"AUTORIZA O PODER EXECUTIVO A ESTABELECER CONVÊNIOS COM ENTIDADES E ORGANIZAÇÕES NÃO-GOVERNAMENTAIS (ONGS) PARA ACOLHIMENTO, CASTRAÇÃO, CONSULTA E TRATAMENTO DE ANIMAIS."
528217,PL 858/2019,PL,858,2019,AUTORIZA A CONSTRUÇÃO E INSTALAÇÃO DE BOLSÕES PARA PATINETES E BICICLETAS NOS PONTOS DE ÔNIBUS DE GRANDE CIRCULAÇÃO DE PESSOAS.
528296,PL 862/2019,PL,862,2019,"DENOMINA CENTRO MUNICIPAL DE EDUCAÇÃO INFANTIL IVO DOS SANTOS, O CEMEI LOCALIZADO NA RUA TIJUAPÉ 1028 - MORRO DO ÍNDIO, E DÁ OUTRAS PROVIDÊNCIAS."
528405,PL 1/2020,PL,1,2020,"AUTORIZA O PODER EXECUTIVO A DECLARAR DE UTILIDADE PÚBLICA O TERRENO LOCALIZADO NA AVENIDA YERVANT KISSAJIKIAN, 1.227 - AMERICANÓPOLIS - SÃO PAULO, E DÁ OUTRAS PROVIDÊNCIAS."
528481,PR 1/2020,PR,1,2020,"ALTERA A REDAÇÃO DO INCISO V, DO ARTIGO 39, E DO INCISO V DO ARTIGO 47 DA RESOLUÇÃO Nº 02, DE 26 DE ABRIL DE 1991, E DÁ OUTRAS PROVIDÊNCIAS."
528536,PL 4/2020,PL,4,2020,"DISPÕE SOBRE A OBRIGATORIEDADE DE ESPECIFICAÇÃO E DIVULGAÇÃO DOS NOMES DE CÓRREGOS E RIOS, BEM COMO SEUS RESPECTIVOS CURSOS, ""ESCONDIDOS"" NA CIDADE DE SÃO PAULO."
528695,PL 10/2020,PL,10,2020,"GARANTE O USO DE BANHEIROS EM ÓRGÃOS PÚBLICOS E EQUIPAMENTOS PÚBLICOS MUNICIPAIS, E EM CENTROS E ESTABELECIMENTOS COMERCIAIS DA CIDADE POR TRAVESTIS, HOMENS TRANS E MULHERES TRANSEXUAIS DE ACORDO COM SUA IDENTIDADE DE GÊNERO E DÁ OUTRAS PROVIDÊNCIAS."
528727,PL 13/2020,PL,13,2020,DISPÕE SOBRE A PERMISSÃO DO USO DOS CORREDORES E DAS FAIXAS EXCLUSIVAS DE ÔNIBUS PARA CIRCULAÇÃO DOS VEÍCULOS ESCOLARES DO PROGRAMA DE TRANSPORTE ESCOLAR GRATUITO - TEG E DÁ OUTRAS PROVIDÊNCIAS.
528735,PL 14/2020,PL,14,2020,TORNA OBRIGATÓRIA A MANUTENÇÃO DAS TURMAS PRESENCIAIS DO PROGRAMA DE EDUCAÇÃO DE JOVENS E ADULTOS - EJA PELA SECRETARIA MUNICIPAL DE EDUCAÇÃO DE SÃO PAULO.
528978,PL 29/2020,PL,29,2020,DISPÕE SOBRE A CRIAÇÃO DO PARQUE MUNICIPAL CENTRO ECOLÓGICO YARY TY E MEMORIAL DE CULTURA GUARANI (CEYTY) E DÁ OUTRAS PROVIDÊNCIAS.
529041,PL 46/2020,PL,46,2020,"AUTORIZA O PODER EXECUTIVO A ALTERAR O ZONEAMENTO DOS LOTES SITUADOS NA QUADRA 047 DO SETOR 208, DE ZONA ESPECIAL DE INTERESSE SOCIAL (ZEIS 2) PARA ZONA DE PRESERVAÇÃO AMBIENTAL."
529153,PLO 2/2020,PLO,2,2020,"ACRESCENTA O PARÁGRAFO 4º AO ARTIGO 50 DA LEI ORGÂNICA DO MUNICÍPIO DE SÃO PAULO, E DÁ OUTRAS PROVIDÊNCIAS. (GARANTE A PRESENÇA DE UMA MULHER COMO CONSELHEIRA DO TRIBUNAL DE CONTAS DO MUNICÍPIO DE SÃO PAULO)"
529154,PR 2/2020,PR,2,2020,"ALTERA A REDAÇÃO DO ARTIGO 5º DA RESOLUÇÃO Nº 02, DE 26 DE ABRIL DE 1991 - REGIMENTO INTERNO DA CÂMARA MUNICIPAL DE SÃO PAULO, E DÁ OUTRAS PROVIDÊNCIAS. (TORNA OBRIGATÓRIA A ELEIÇÃO DE UMA VEREADORA MULHER PARA A COMPOSIÇÃO DA MESA DA CÂMARA EM CADA SESSÃO LEGISLATIVA)"
529159,PL 58/2020,PL,58,2020,"ACRESCENTA PARÁGRAFO AO ART 1° DA LEI N° 12.632, DE 06 DE MAIO DE 1998, PARA ESTENDER A EXCLUSÃO DA RESTRIÇÃO DE CIRCULAÇÃO DE VEÍCULOS AOS JUÍZES DE PAZ QUE ATUEM NOS CARTÓRIOS DE REGISTRO CIVIL NO MUNICÍPIO DE SÃO PAULO."
529211,PL 60/2020,PL,60,2020,"DISPÕE SOBRE DEFINIÇÃO E CRITÉRIOS PARA INSTALAÇÃO DE ""LOMBOFAIXAS"" PARA PEDESTRES, NO ÂMBITO DO MUNICÍPIO DE SÃO PAULO, E DÁ OUTRAS PROVIDÊNCIAS."
529212,PL 61/2020,PL,61,2020,ESTABELECE CRITÉRIOS PARA COBRANÇA NOS ESTACIONAMENTOS PRÓXIMOS DE HOSPITAIS PÚBLICOS E PRIVADOS NA CIDADE DE SÃO PAULO.
529264,PL 66/2020,PL,66,2020,"AUTORIZA OS HOSPITAIS PÚBLICOS MUNICIPAIS A REALIZAREM O EXAME CORPO DE DELITO EM MULHERES, CRIANÇAS E ADOLESCENTES VÍTIMAS DE VIOLÊNCIA E DÁ OUTRAS PROVIDÊNCIAS."
529270,PL 67/2020,PL,67,2020,CRIA A BIBLIOTECA MUNICIPAL DE CIDADE ADEMAR E DÁ OUTRAS PROVIDÊNCIAS.
529322,PL 74/2020,PL,74,2020,"INCLUI PARÁGRAFO ÚNICO, NO ARTIGO 4º DA LEI Nº 17.301, DE 24 DE JANEIRO DE 2020 (QUE DISPÕE SOBRE AS SANÇÕES ADMINISTRATIVAS A SEREM APLICADAS ÀS PRÁTICAS DE DISCRIMINAÇÃO EM RAZÃO DE ORIENTAÇÃO SEXUAL E IDENTIDADE DE GÊNERO), E DÁ OUTRAS PROVIDÊNCIAS."
529338,PL 77/2020,PL,77,2020,DISPÕE SOBRE A CRIAÇÃO DO PARQUE MUNICIPAL CABECEIRA DO CABORÉ E DÁ OUTRAS PROVIDÊNCIAS.
529346,PL 79/2020,PL,79,2020,DISPÕE SOBRE A COMPENSAÇÃO DOS GASTOS COM PAGAMENTO DE ZONA AZUL E DA OUTRAS PROVIDÊNCIAS.
529347,PL 80/2020,PL,80,2020,DISPÕE SOBRE A IMPLANTAÇÃO DE MÉDICO HEBIATRA NAS UNIDADES DE SAÚDE DO MUNICÍPIO DE SÃO PAULO.
529351,PL 84/2020,PL,84,2020,DISPÕE SOBRE A OBRIGATORIEDADE DOS HOSPITAIS PÚBLICOS E PRIVADOS E INSTITUIÇÕES CONGÊNERES A NOTIFICAREM OCORRÊNCIAS DE USO DE BEBIDA ALCOÓLICA E/OU ENTORPECENTES POR CRIANÇAS E ADOLESCENTES NO MUNICÍPIO DE SÃO PAULO.
529415,PL 95/2020,PL,95,2020,"DENOMINA PRAÇA MARIA APARECIDA CARDOSO O ESPAÇO LIVRE QUE ESPECIFICA, LOCALIZADO NO DISTRITO DO RIO PEQUENO, SUBPREFEITURA DO BUTANTÃ, E DÁ OUTRAS PROVIDÊNCIAS."
529586,DOCREC 191/2020,DOCREC,191,2020,"O SINDSEP SOLICITA QUE SEJAM TOMADAS PROVIDÊNCIAS ACERCA DE DISPENSA DE LICITAÇÃO PARA CONTRATAÇÃO EMERGENCIAL DE EMPRESA DE VIGILÂNCIA E SEGURANÇA POR PARTE DO SERVIÇO FUNERÁRIO DO MUNICÍPIO DE SÃO PAULO (DIÁRIO OFICIAL DO MUNICÍPIO DE 03/04/2020, PÁGINA 88)."
529721,PL 109/2020,PL,109,2020,"INSTITUI A CASA DE CULTURA DO JARDIM SANTO ANDRÉ, E DÁ OUTRAS PROVIDÊNCIAS."
529756,PL 112/2020,PL,112,2020,"DISPÕE SOBRE A CONCESSÃO DE BENEFÍCIOS DE AUXÍLIO ALUGUEL DESTINADO ÀS MULHERES VÍTIMAS DE VIOLÊNCIA DOMÉSTICA NO MUNICÍPIO DE SÃO PAULO, E DÁ OUTRAS PROVIDÊNCIAS."
529757,PL 113/2020,PL,113,2020,"DISPÕE SOBRE A OBRIGATORIEDADE DE IMPLANTAÇÃO DE CRECHES EM TODOS OS POLOS GERADORES DE TRÁFEGO EXISTENTE E, DÁ OUTRAS PROVIDÊNCIAS."
529782,PL 116/2020,PL,116,2020,"ALTERA O ARTIGO 17 DA LEI MUNICIPAL Nº 13.861, DE 29 DE JUNHO DE 2004 QUE DISPÕE SOBRE A CONCESSÃO DE VANTAGENS AOS SERVIDORES MUNICIPAIS E DÁ OUTRAS PROVIDÊNCIAS."
529805,PR 5/2020,PR,5,2020,"INSTITUI NO MUNICÍPIO DE SÃO PAULO O PROGRAMA ""CÂMARA VAI À ESCOLA""."
530076,PL 137/2020,PL,137,2020,CRIA A CASA MUNICIPAL DE CULTURA PIRITUBA-JARAGUÁ.
530356,PL 163/2020,PL,163,2020,"ALTERA OS ARTIGOS 25, 26 E ANEXO II DA LEI 16.417, DE 1º DE ABRIL DE 2016, QUE CRIA O QUADRO DE AGENTES VISTORES, QAV, RECONFIGURA CARREIRA E OS CARGOS EFETIVOS DE AGENTE VISTOR REORGANIZADOS PELO TÍTULO VI DA LEI Nº 13.652, DE 25 DE SETEMBRO DE 2003, BEM COMO INSTITUI NOVAS ESCALAS DE VENCIMENTOS E REVALORIZA A GRATIFICAÇÃO DE PRODUTIVIDADE FISCAL DEVIDA A ESSES PROFISSIONAIS E DÁ OUTRAS PROVIDÊNCIAS."
530422,PL 176/2020,PL,176,2020,"DISPÕE SOBRE A REMISSÃO DE CRÉDITOS TRIBUTÁRIOS DO IMPOSTO PREDIAL E TERRITORIAL URBANO – IPTU E A PRORROGAÇÃO DO PAGAMENTO DO IMPOSTO SOBRE SERVIÇOS DE QUALQUER NATUREZA - ISS, COMO MEDIDAS EXCEPCIONAIS DE COMBATE AOS EFEITOS DA PANDEMIA GERADA PELA COVID-19 NA POPULAÇÃO PAULISTANA."
530463,PL 194/2020,PL,194,2020,CRIA O PROGRAMA EMERGENCIAL DE ASSISTÊNCIA IMEDIATA A PESSOAS SEM RENDA DEVIDO A CRISE CAUSADA PELA PANDEMIA DE CORONAVÍRUS/COVID-19 E DISPÕE SOBRE A DISTRIBUIÇÃO GRATUITA DE CESTA BÁSICAS E ITENS DE HIGIENE PESSOAL NO MUNICÍPIO DE SÃO PAULO.
530467,PL 198/2020,PL,198,2020,"AUTORIZA O EXECUTIVO A ACRESCENTAR DENTRE AS MEDIDAS EXCEPCIONAIS ADOTADAS PELO MUNICÍPIO DE SÃO PAULO EM FACE DA SITUAÇÃO DE EMERGÊNCIA E DO ESTADO DE CALAMIDADE PÚBLICA DECORRENTES DA PANDEMIA COVID-19, AS DISPOSTAS NESTA LEI, E DÁ OUTRAS PROVIDÊNCIAS."
530514,PL 203/2020,PL,203,2020,"APROVA A ETAPA DE ENCERRAMENTO DA LEI Nº 13.769, DE 26 DE JANEIRO DE 2004 - OPERAÇÃO URBANA CONSORCIADA FARIA LIMA. (EM REGIME DE URGÊNCIA)"
530532,PL 208/2020,PL,208,2020,DISPÕE SOBRE A CRIAÇÃO DE UM CARTÃO ALIMENTAÇÃO PARA FINS DE RECEBIMENTO DE CRÉDITOS DESTINADOS A AQUISIÇÃO DE CESTA BÁSICA E PARTICIPAÇÃO DE EMPRESÁRIOS NA COMPRA E/OU AQUISIÇÃO DE CESTAS BÁSICAS PARA DISTRIBUIÇÃO GRATUITA ÀS PESSOAS E TRABALHADORES PREJUDICADOS PELA CRISE ECONÔMICA ADVINDA DA PANDEMIA DO CORONAVÍRUS E DÁ OUTRAS PROVIDÊNCIAS.
530533,PL 209/2020,PL,209,2020,AUTORIZA A PREFEITURA DE SÃO PAULO A CRIAR O SELO EMPRESA PARCEIRA DA CIDADE NO COMBATE AO COVID-19.
530534,PL 210/2020,PL,210,2020,AUTORIZA A PREFEITURA DE SÃO PAULO A UTILIZAR RECURSOS DO FUMCAD (FUNDO MUNICIPAL DA CRIANÇA E DO ADOLESCENTE PARA FAMÍLIAS EM ÁREAS DE ALTA VULNERABILIDADE SOCIAL E DÁ OUTRAS PROVIDÊNCIAS.
530535,PL 211/2020,PL,211,2020,"AUTORIZA A PREFEITURA DE SÃO PAULO A REALIZAR CADASTRAMENTO, ACOLHIMENTO, TESTE PARA COVID-19 E ALIMENTAÇÃO PARA OS MORADORES EM SITUAÇÃO DE RUA DO MUNICÍPIO."
530650,PL 234/2020,PL,234,2020,"SUPRIME O §4º DO ART. 138 DA LEI Nº 15.764, DE 27 DE MAIO DE 2013, PARA EXTINGUIR A POSSIBILIDADE DE QUE DECISÕES CONDENATÓRIAS OU SANCIONATÓRIAS PROFERIDAS NO ÂMBITO DA CONTROLADORIA GERAL DO MUNICÍPIO SEJAM SUBMETIDAS À COMISSÃO INTERSECRETARIAL DE JULGAMENTO."
530755,PL 242/2020,PL,242,2020,INSTITUI MEDIDAS DE SAÚDE PÚBLICA E HIGIENE EM LOCAIS DE ACESSO PÚBLICO COM A INSTALAÇÃO DE TORNEIRAS AUTOMÁTICAS E DÁ OUTRAS PROVIDÊNCIAS.
530757,PL 243/2020,PL,243,2020,ESTABELECE A OBRIGATORIEDADE DA UTILIZAÇÃO DE MÁSCARAS EM TODOS OS LOCAIS PÚBLICOS FECHADOS E DÁ OUTRAS PROVIDÊNCIAS.
530788,PL 250/2020,PL,250,2020,AUTORIZA O EXECUTIVO A INSTITUIR A GRATUIDADE DO TRANSPORTE COLETIVO URBANO MUNICIPAL AOS PAIS E/OU RESPONSÁVEIS POR PACIENTES MENORES DE IDADE INTERNADOS EM HOSPITAIS DA REDE DO SISTEMA ÚNICO DE SÁUDE - SUS DA CIDADE DE SÃO PAULO.
530853,DOCREC 244/2020,DOCREC,244,2020,EM ATENÇÃO AO REQUERIMENTO APROVADO PELA COMISSÃO DE ADMINISTRAÇÃO PÚBLICA ENCAMINHA CÓPIA DAS INFORMAÇÕES PRESTADAS PELA SECRETARIA MUNICIPAL DAS SUBPREFEITURAS A RESPEITO DA FISCALIZAÇÃO DE SERVIÇOS
531175,PL 279/2020,PL,279,2020,DISPÕE SOBRE A CRIAÇÃO DE MEMORIAL EM HOMENAGEM AOS SERVIDORES PÚBLICOS MUNICIPAIS E FUNCIONÁRIOS TERCEIRIZADOS A SERVIÇO DA MUNICIPALIDADE MORTOS PELA COVID-19.
531204,PL 282/2020,PL,282,2020,"DISPÕE DA OBRIGATORIEDADE, DURANTE O PERÍODO DA PANDEMIA DO COVID 19, NO TRANSPORTE COLETIVO DO MUNICÍPIO DE SÃO PAULO, A UTILIZAÇÃO DE MÁSCARAS DE PROTEÇÃO NOS ÔNIBUS E TERMINAIS PELOS USUÁRIOS, MOTORISTAS, COBRADORES E DEMAIS TRABALHADORES DO SISTEMA DE TRANSPORTE E DÁ OUTRAS PROVIDÊNCIAS."
531305,PL 288/2020,PL,288,2020,DISPÕE SOBRE A CRIAÇÃO DA GRATIFICAÇÃO DE PILOTAGEM DE MOTOLÂNCIA A TODOS OS PROFISSIONAIS DO QUADRO DOS PROFISSIONAIS DA SAÚDE QUE CUMPRAM ATIVIDADE NAS MOTOCICLETAS JUNTO AO SERVIÇO DE ATENDIMENTO MÓVEL DE URGÊNCIA (SAMU) DA CIDADE DE SÃO PAULO.
531740,PL 316/2020,PL,316,2020,"DISPÕE SOBRE A CRIAÇÃO DO ""CERTIFICADO DE IMPACTO SOCIAL"", A SER CONCEDIDO PARA INICIATIVAS SOCIALMENTE RESPONSÁVEIS DO MUNICÍPIO, CRIA O PROGRAMA DE FOMENTO DESTINADO AO FORTALECIMENTO DE ASSOCIAÇÕES, COOPERATIVAS E MICROEMPREENDEDORES QUE DESENVOLVAM ATIVIDADES DE IMPACTO SOCIAL, E DÁ OUTRAS PROVIDÊNCIAS."
532351,PL 339/2020,PL,339,2020,ESTABELECE MECANISMO DE CONTROLE E FISCALIZAÇÃO PARA A VENDA DE BEBIDAS ALCOÓLICAS DURANTE O ESTADO DE CALAMIDADE DECORRENTE DO CORONAVÍRUS E DÁ OUTRAS PROVIDÊNCIAS.
532352,PL 340/2020,PL,340,2020,"DISPÕE SOBRE A COHAB/SP - COMPANHIA METROPOLITANA DE HABITAÇÃO DE SÃO PAULO, A QUAL FICA AUTORIZADA, A PARTIR DE 01 DE JUNHO DE 2020, A SUSPENDER A COBRANÇA DAS PRESTAÇÕES ORIUNDAS DOS FINANCIAMENTOS SOB SUA ADMINISTRAÇÃO, DE IMÓVEIS DOS CONJUNTOS HABITACIONAIS DENOMINADOS DE RENDA MÍNIMA OU RENDA POPULAR E DE RENDA MÉDIA, BEM COMO DAS PARCELAS DE ACORDOS PACTUADOS COM A ADESÃO DO PLANO 1000, OU DAS PARCELAS DE ACORDOS JUDICIAIS OU EXTRAJUDICIAIS, ESTEJAM ESTES EM DIA OU VENCIDAS, E DÁ OUTRAS PROVIDÊNCIAS."
532514,PL 344/2020,PL,344,2020,"INTRODUZ ALTERAÇÕES NA LEI Nº 16.694, DE 11 DE AGOSTO DE 2017, QUE AUTORIZA O PAGAMENTO DE INDENIZAÇÃO EM CASO DE MORTE OU DE INCAPACIDADE PERMANENTE PARA O TRABALHO, TOTAL OU PARCIAL, DE INTEGRANTE DA GUARDA CIVIL METROPOLITANA OU, ALTERNATIVAMENTE, CRIANDO A INDENIZAÇÃO ESSENCIAL POR COVID-19 E DÁ OUTRAS PROVIDÊNCIAS"
532743,PL 351/2020,PL,351,2020,"AUTORIZA O PODER EXECUTIVO A SUSPENDER A EFICÁCIA E APLICABILIDADE DO DECRETO 58.832/2019 ENQUANTO DURAREM OS EFEITOS NEGATIVOS CAUSADOS A ATIVIDADE ECONÔMICA NA CIDADE DE SÃO PAULO PELA PANDEMIA (COVID-19), NAS CONDIÇÕES QUE ESTABELECE, E DÁ OUTRAS PROVIDÊNCIAS."
532813,PL 357/2020,PL,357,2020,INSTITUI CAMPANHA DE CONSCIENTIZAÇÃO E COMBATE AO ASSÉDIO CONTRA AS MULHERES NOS VEÍCULOS DE TRANSPORTE COLETIVO QUE CIRCULAM NO MUNICÍPIO DE SÃO PAULO E DÁ OUTRAS PROVIDÊNCIAS.
533104,PL 369/2020,PL,369,2020,"CRIA O CENTRO MUNICIPAL DE REFERÊNCIA EM DOENÇAS RARAS, O PROGRAMA DE MAPEAMENTO, IDENTIFICAÇÃO E CADASTRO DAS PESSOAS COM DOENÇAS RARAS, E DÁ OUTRAS PROVIDÊNCIAS."
533573,PL 376/2020,PL,376,2020,"DIANTE DA GRANDE INCIDÊNCIA MUNDIAL DO CORONAVIRUS, OS GOVERNOS DE TODO MUNDO, BEM COMO NOS MUNICÍPIOS, ESTADOS E A UNIÃO TÊM BUSCADO MEDIDAS PARA CONTER SUA EXPANSÃO E NESSE OBJETIVO ESTA CASA PROPÕE O SEGUINTE PROJETO DE LEI. (DISPÕE SOBRE A OBRIGATORIEDADE DE INSTALAÇÃO DE LAVATÓRIOS EM COMUNIDADES DE BAIXA RENDA)"
534341,PL 390/2020,PL,390,2020,"DISPÕE SOBRE A RESERVA DE VAGAS PARA TRAVESTIS, MULHERES TRANSEXUAIS E HOMENS TRANSEXUAIS NAS EMPRESAS PRIVADAS QUE RECEBEM INCENTIVOS FISCAIS DA PREFEITURA DE SÃO PAULO, E DÁ DISPOSIÇÕES CORRELATAS."
535097,PL 425/2020,PL,425,2020,"ESTABELECE REGRAS E INCENTIVOS PARA A PRODUÇÃO DE REFORMAS E ALTERAÇÕES EM CONSTRUÇÕES EXISTENTES, REGULAMENTANDO
OS ARTIGOS 77 E 78 DA LEI 16.642/17 E DANDO OUTROS BENEFÍCIOS, POR MEIO DO PROCESSO DE MELHORIA DA EDIFICAÇÃO E REQUALIFICAÇÃO, DENOMINADA `RETROFIT´."
536014,PL 435/2020,PL,435,2020,INSTITUI O SERVIÇO DE ATENDIMENTO A SAÚDE DO ANIMAL CORUJÃO VET E DÁ OUTRAS PROVIDÊNCIAS
536144,PL 436/2020,PL,436,2020,DISPÕE SOBRE A CRIAÇÃO DO SISTEMA MUNICIPAL DE DIREITOS HUMANOS (SMDH) DO MUNICÍPIO DE SÃO PAULO.
536476,PL 442/2020,PL,442,2020,"CRIA O ABONO SUPLEMENTAR NO ÂMBITO DO MUNICÍPIO DE SÃO PAULO PARA OS PROFISSIONAIS DA ÁREA DE EDUCAÇÃO PÚBLICA EM VIRTUDE DA EMERGÊNCIA EM SAÚDE PÚBLICA DECORRENTE DA PANDEMIA OCASIONADA PELA COVID-19, DE QUE TRATA A LEI FEDERAL Nº 13.979, DE 6 DE FEVEREIRO DE 2020 E O DECRETO MUNICIPAL Nº 59.283, DE 16 DE MARÇO DE 2020, E DÁ OUTRAS PROVIDÊNCIAS."
536479,PL 443/2020,PL,443,2020,"AUTORIZA O MUNICÍPIO, EM CARÁTER EXCEPCIONAL, DURANTE O PERÍODO DE SUSPENSÃO DAS AULAS EM RAZÃO DE SITUAÇÃO DE EMERGÊNCIA OU CALAMIDADE PÚBLICA, A DISTRIBUIR CHIP COM INTERNET MÓVEL 3G/4G AOS ALUNOS DA REDE MUNICIPAL DE ENSINO, E DÁ OUTRAS PROVIDÊNCIAS."
537255,PL 453/2020,PL,453,2020,FICA AUTORIZADO O PODER PÚBLICO MUNICIPAL A OFERECER A OPÇÃO DE TURNOS MATUTINO E/OU VESPERTINO NOS CENTROS DE EDUCAÇÃO INFANTIL (CEI) DIRETOS OU INDIREDOS DA REDE MUNICIPAL DE ENSINO DA CIDADE DE SÃO PAULO
537257,PDL 29/2020,PDL,29,2020,SUSPENDE A PORTARIA CONJUNTA SECRETARIA MUNICIPAL DE MOBILIDADE DE TRANSPORTES - SMT E SECRETARIA MUNICIPAL DE SAÚDE - SMS Nº 1 DE 20 DE FEVEREIRO DE 2020.
537338,PL 455/2020,PL,455,2020,DISPÕE SOBRE A CRIAÇÃO DO PARQUE LINEAR SANTA CLARA E DA OUTRAS PROVIDENCIAS.
537988,PL 469/2020,PL,469,2020,CONCEDE DESCONTO DE 90% (NOVENTA POR CENTO) SOBRE O TOTAL DA DÍVIDA DE CONTRIBUINTES SOBRE MULTAS APLICADAS SOBRE CALÇADAS IRREGULARES E TERRENOS VAZIOS E DÁ OUTRAS PROVIDÊNCIAS
538453,PL 476/2020,PL,476,2020,"PROÍBE A PRODUÇÃO E A COMERCIALIZAÇÃO DE MUDAS E O PLANTIO DA SPATHODEA CAMPANULATA, TAMBÉM CONHECIDA COMO “ESPATÓDEA”,“BISNAGUEIRA”, “TULIPEIRA-DO-GABÃO”, “XIXI-DE-MACACO OU “CHAMADA- FLORESTA” E AUTORIZA O CORTE E A PODA DAS EXISTENTES NO MUNICÍPIO DE SÃO PAULO."
539189,PL 485/2020,PL,485,2020,"ALTERA A LEI Nº 8.989, DE 29 DE OUTUBRO DE 1979, QUE “DISPÕE SOBRE O ESTATUTO DOS FUNCIONÁRIOS PÚBLICOS DO MUNICÍPIO DE SÃO PAULO”, PARA ESTABELECER UM VALOR MÍNIMO DO AUXÍLIO-FUNERAL."
539550,PL 495/2020,PL,495,2020,"ALTERA A LEI 15.442, DE 09 DE SETEMBRO DE 2011 (QUE DISPÕE SOBRE A LIMPEZA DE IMÓVEIS, O FECHAMENTO DE TERRENOS NÃO EDIFICADOS E A CONSTRUÇÃO E MANUTENÇÃO DE PASSEIOS, BEM COMO CRIA O DISQUE-CALÇADAS)  E DÁ OUTRAS PROVIDÊNCIAS."
539903,PL 503/2020,PL,503,2020,"ALTERA A LEI Nº 13.718/2004 QUE DISPÕE SOBRE A ORGANIZAÇÃO DOS CLUBES DA COMUNIDADE, OBJETIVANDO PROPORCIONAR RECURSOS PARA A MANUTENÇÃO DOS CLUBES DA COMUNIDADE EXISTENTES EM NOSSA CIDADE, E DÁ OUTRAS PROVIDÊNCIAS."
539937,PL 505/2020,PL,505,2020,“DISPÕE NO ÂMBITO DO MUNICÍPIO DE SÃO PAULO SOBRE A CRIAÇÃO DO CONSELHO DOS DIREITOS DO ANIMAL E DÁ OUTRAS PROVIDÊNCIAS.”
541215,PDL 41/2020,PDL,41,2020,"“SUSTA O DECRETO Nº 59.685, DE 13 DE AGOSTO DE 2020, QUE REORGANIZA A SECRETARIA MUNICIPAL DA SAÚDE, E TODOS OS SEUS EFEITOS”"
541354,PL 525/2020,PL,525,2020,“DISPÕE SOBRE A OBRIGATORIEDADE DA INFORMAÇÃO SOBRE AS DOENÇAS RARAS NÃO DETECTÁVEIS PELO TESTE DO PEZINHO E FIXA PROVIDÊNCIAS.”
541356,PL 526/2020,PL,526,2020,"“DISPÕE SOBRE O USO DE MASCARÁS TRANSPARENTE NA ADMINISTRAÇÃO PÚBLICA, EM DECORRÊNCIA DA COVID-19, PARA FACILITAR A LEITURA LABIAL E A COMUNICAÇÃO PARA OS DEFICIENTES AUDITIVOS E FIXA PROVIDÊNCIAS.”"
542036,PL 538/2020,PL,538,2020,"“ESTABELECE MEDIDAS EMERGENCIAIS PARA GARANTIA DE ACESSO AOS RECURSOS TECNOLÓGICOS A ALUNOS DA REDE MUNICIPAL DE ENSINO, NO ÂMBITO DA CIDADE DE SÃO PAULO, NAS CONDIÇÕES QUE ESPECIFICA E DÁ OUTRAS PROVIDÊNCIAS.”"
542037,PL 539/2020,PL,539,2020,"“ESTABELECE MEDIDAS EMERGENCIAIS PARA GARANTIA DE VISITAÇÃO A PACIENTES INTERNADOS, NO ÂMBITO DA CIDADE DE SÃO PAULO, NAS CONDIÇÕES QUE ESPECIFICA E DÁ OUTRAS PROVIDÊNCIAS.”"
542739,PL 548/2020,PL,548,2020,"PROJETO DE LEI MÃE É MÃE COM FUNDAMENTO NO DIREITO FUNDAMENTAL A IGUALDADE DO ART. 5º E DO DIREITO A PROTEÇÃO A MATERNIDADE E PROTEÇÃO A INFÂNCIA DO ART. 6º AMBOS DA CONSTITUIÇÃO FEDERAL DE 1988 E DA LEI Nº 8.069/1990 (ECA) , ESTABELECE ALTERAÇÃO NA LEI 13.278/2002, COM ESCOPO DE AMPLIAR A PROTEÇÃO DA CRIANÇA RECÉM NASCIDA E A DEFESA DO DIREITO DA MULHER TRABALHADORA DAS EMPRESAS TERCEIRIZADAS QUE FIRMAM CONTRATOS DE PRESTAÇÃO DE SERVIÇOS COM A PREFEITURA DE SÃO PAULO O DIREITO A EQUIPARAÇÃO DO PERÍODO DA LICENÇA MATERNIDADE AO MESMO PERÍODO CONCEDIDO ÀS MULHERES SERVIDORAS MUNICIPAIS DE CARREIRA."
542850,PL 551/2020,PL,551,2020,“DISPÕE SOBRE AS INSTALAÇÕES DE PONTOS DE APOIO PARA TRABALHADORES DE APLICATIVOS DE ENTREGA E DE TRANSPORTE INDIVIDUAL PRIVADO DE PASSAGEIRO NAS REGIÕES ADMINISTRATIVAS DA CIDADE DE SÃO PAULO”.
543065,PL 553/2020,PL,553,2020,"ACRESCE INCISO VII AO ARTIGO 2º DA LEI 12.490, DE 03 DE OUTUBRO DE 1997, PARA EXCLUIR VEÍCULOS PRIVADOS VINCULADOS À IMPLANTAÇÃO, INSTALAÇÃO E MANUTENÇÃO DE REDES E EQUIPAMENTOS DE INFRAESTRUTURA DE TELECOMUNICAÇÕES, À RESTRIÇÃO DE CIRCULAÇÃO NO RODÍZIO, E DA' OUTRAS PROVIDÊNCIAS."
543178,PL 557/2020,PL,557,2020,"AUTORIZA A MUNICIPALIDADE A CRIAR CONVÊNIO COM AS CONCESSIONÁRIAS DE SERVIÇOS PÚBLICOS COM A FINALIDADE DE PROVER OS PONTOS DE TÁXIS INSTALADOS NO MUNICÍPIO DE SÃO PAULO, COM ENERGIA ELÉTRICA, TELEFONIA FIXA, REDE DE ESGOTO E ÁGUA POTÁVEL."
543404,PL 566/2020,PL,566,2020,"AUTORIZA O PODER EXECUTIVO A ALTERAR O ZONEAMENTO DOS LOTES DO SETOR 020, QUADRA F009 DA RUA DO BOSQUE, NO DISTRITO DE SANTA CECÍLIA NA SUBPREFEITURA DA SÉ, E FIXA PROVIDÊNCIAS."
543526,PL 570/2020,PL,570,2020,"DISPÕE NO ÂMBITO DO MUNICÍPIO DE SÃO PAULO SOBRE A OBRIGATORIEDADE DA ENEL SP DE REALIZAR E FISCALIZAR O ALINHAMENTO E/OU RETIRADA DOS FIOS/CABOS INOPERANTES DOS POSTES DE TODO O MUNICÍPIO DE SÃO PAULO, E DÁ OUTRAS PROVIDÊNCIAS."
543584,PL 577/2020,PL,577,2020,AUTORIZA O EXECUTIVO A INSTITUIR A INTERNET GRATUITA COMO INSUMO INDISPENSÁVEL AO DESENVOLVIMENTO DO PROCESSO DE ENSINOAPRENDIZAGEM AOS ALUNOS MATRICULADOS NO ENSINO FUNDAMENTAL E MÉDIO DA REDE MUNICIPAL E DÁ OUTRAS PROVIDÊNCIAS.
543608,PL 580/2020,PL,580,2020,DISPÕE SOBRE A IMPLANTAÇÃO DE GRADES NAS BOCAS DE LOBO E BUEIROS EXISTENTES NO MUNICÍPIO DE SÃO PAULO NA FORMA QUE ESPECIFICA E DÁ OUTRAS PROVIDÊNCIAS.
543874,PL 582/2020,PL,582,2020,ESTABELECE A OBRIGATORIEDADE DE A SECRETARIA MUNICIPAL DE SAÚDE PROVIDENCIAR VACINAS PARA PREVENÇÃO DA COVID 19 E DÁ OUTRAS PROVIDÊNCIAS.
544502,PDL 50/2020,PDL,50,2020,"SUSTA O DECRETO MUNICIPAL Nº 58.805/2019, QUE IMPOSSIBILITA A REMOÇÃO DOS SERVIDORES PÚBLICOS EM ESTÁGIO PROBATÓRIO"
544637,PDL 52/2020,PDL,52,2020,"SUSTA A PORTARIA SME Nº 5.460, DE 14 DE SETEMBRO DE 2020, QUE DISPÕE SOBRE OS MÓDULOS DE AUXILIAR TÉCNICO DE EDUCAÇÃO DOS ÓRGÃOS REGIONAIS E CENTRAIS DA SECRETARIA MUNICIPAL DE EDUCAÇÃO."
544702,PL 598/2020,PL,598,2020,FIXA MÓDULO DE AUXILIAR TÉCNICO DE EDUCAÇÃO NOS ÓRGÃOS REGIONAIS E CENTRAIS DA SECRETARIA MUNICIPAL DE EDUCAÇÃO
544724,PDL 54/2020,PDL,54,2020,"SUSTA A INSTRUÇÃO NORMATIVA SME Nº 29, DE 14 DE SETEMBRO DE 2020, QUE ALTERA O ARTIGO 43 DA PORTARIA SME Nº 4.548/2017 QUE ESTABELECE NORMAS PARA CELEBRAÇÃO E ACOMPANHAMENTO DE TERMOS DE
COLABORAÇÃO."
545521,PL 614/2020,PL,614,2020,"DENOMINA PASSAGEM DE PEDESTRE HONORINA SILVA DE LIMA QUE LIGA RUA HUMBERTO DE ALMEIDA NA ALTURA DO N° 571 A RUA MANOEL VIEIRA SARMENTO ALTURA DO N° 203, SUBPREFEITURA DO M'BOI MIRIM, E DÁ OUTRAS PROVIDÊNCIAS"
545522,PL 615/2020,PL,615,2020,"DENOMINA ESPAÇO PÚBLICO INOMINADO PRAÇA SEBASTIÃO AMARAL DA SILVA, SITUADA NO BAIRRO JARDIM NICE, SUBPREFITURA ARICANDUVA FORMOSA/CARRÃO, E DÁ OUTRAS PROVIDÊNCIAS."
546785,PL 646/2020,PL,646,2020,"DISPÕE SOBRE OS CRITÉRIOS PARA INCORPORAÇÃO DA JORNADA ESPECIAL DE TRABALHO DE 40 (QUARENTA) HORAS, PARA SERVIDORES EFETIVOS INTEGRANTES DO QUADRO DA SAÚDE DA PREFEITURA MUNICIPAL DE SÃO PAULO."
546975,PL 654/2020,PL,654,2020,"DISPÕE SOBRE A INSTITUIÇÃO DA POLÍTICA MUNICIPAL DE INCLUSÃO DA PESSOA COM MAIS DE 50 ANOS, CONCEDENDO BENEFÍCIO FISCAL A EMPRESAS PRESTADORAS DE SERVIÇOS QUE EMPREGUEM, NO SEU QUADRO DE FUNCIONÁRIOS, PESSOAS COM MAIS DE 50 ANOS E DÁ OUTRAS PROVIDÊNCIAS."
547451,PL 662/2020,PL,662,2020,DISPÕE SOBRE A DISPONIBILIZAÇÃO DE ABSORVENTES NOS LOCAIS QUE ESPECIFICA E DA OUTRAS PROVIDÊNCIAS.
547453,PL 664/2020,PL,664,2020,"DISPÕE SOBRE A CONSTITUIÇÃO DO SERVIÇO DE INSPEÇÃO MUNICIPAL E OS PROCEDIMENTOS DE INSPEÇÃO SANITÁRIA EM ESTABELECIMENTOS QUE PRODUZAM PRODUTOS DE ORIGEM ANIMAL E DÁ OUTRAS PROVIDÊNCIAS”, NO MUNICÍPIO DE SÃO PAULO."
547624,PL 667/2020,PL,667,2020,"DISPÕE SOBRE A ISENÇÃO DO SISTEMA DE RODÍZIO MUNICIPAL AOS PROFISSIONAIS DE MEDICINA VETERINÁRIA, QUE ESPECIFICA, E DÁ OUTRAS PROVIDÊNCIAS."
547626,PL 669/2020,PL,669,2020,"DISPÕE SOBRE A ISENÇÃO DE TAXAS MUNICIPAIS AOS PROFISSIONAIS DE ODONTOLOGIA, QUE ESPECIFICA, E DÁ OUTRAS PROVIDÊNCIAS."
547829,PL 678/2020,PL,678,2020,"INSTITUI CAMPANHA “CHECK-UP GERAL NOS HOMENS"" PARA ALERTA E PREVENÇÃO DE TODAS AS DOENÇAS E DÁ OUTRAS PROVIDÊNCIAS."
547919,PL 683/2020,PL,683,2020,"DISPÕE SOBRE A DIVULGAÇÃO, EM SEU SITE INSTITUCIONAL, DA LOCALIZAÇÃO DE TODOS OS RADARES DE FISCALIZAÇÃO PELO PODER PÚBLICO MUNICIPAL, BEM COMO DOS RESPECTIVOS LIMITES DE VELOCIDADE, E DÁ OUTRAS PROVIDÊNCIAS."
549686,PL 707/2020,PL,707,2020,"DENOMINA PRAÇA LENICE CHAME MAGNONI NEVES O LOGRADOURO QUE ESPECIFICA, SITUADO NO DISTRITO DE CAMPO BELO, SUBPREFEITURA DE SANTO AMARO, E DÁ OUTRAS PROVIDÊNCIAS"
549922,PL 717/2020,PL,717,2020,DISPÕE SOBRE A OBRIGATORIEDADE DO ENSINO DE NOÇÕES BÁSICAS SOBRE A LEI MARIA DA PENHA NAS ESCOLAS REDE MUNICIPAL DE ENSINO DE SÃO PAULO.
549924,PL 718/2020,PL,718,2020,"DISPÕE SOBRE A CRIAÇÃO DA CAMPANHA PERMANENTE DE CONSCIENTIZAÇÃO E ENFRENTAMENTO AO ASSÉDIO E A VIOLÊNCIA DE TODOS OS TIPOS CONTRA AS MULHERES NO MUNICÍPIO DE SÃO PAULO E ALTERA A LEI Nº 14.485 DE 19 DE JULHO DE 2007, PARA INCLUIR COMO  CULMINÂNCIA A CAMPANHA O ""DIA DA MARCHA #NÃONOSCALARÃO"", A SER REALIZADA ANUALMENTE NO DIA 29 DE SETEMBRO, E DÁ OUTRAS PROVIDÊNCIAS."
551176,PL 733/2020,PL,733,2020,"DISPÕE SOBRE A INSTALAÇÃO DE BANHEIROS ADAPTADOS EM MAIOR NÚMERO PARA AS NECESSIDADES FEMININAS EM NOVOS ESTABELECIMENTOS COMERCIAIS, INDUSTRIAIS, DE SERVIÇOS, LOCAIS DE CULTO RELIGIOSO, CLUBES, EDIFÍCIOS E EQUIPAMENTOS PÚBLICOS NO MUNICÍPIO DE SÃO PAULO."
552105,PL 742/2020,PL,742,2020,"DISPÕE SOBRE A PRESTAÇÃO DOS SERVIÇOS DE ATIVIDADES EDUCACIONAIS NO MUNICÍPIO DE SÃO PAULO ANTES, DURANTE E APÓS TEMPOS DE CRISES OCASIONADOS POR MOLÉSTIAS CONTAGIOSAS OU CATÁSTROFES NATURAIS."
552864,PL 747/2020,PL,747,2020,"AUTORIZA OS CEMITÉRIOS PÚBLICOS A REALIZAR O SEPULTAMENTO DE ANIMAIS DOMÉSTICOS NOS JAZIGOS E CAMPAS, E DÁ OUTRAS
PROVIDÊNCIAS."
552871,PL 748/2020,PL,748,2020,"DISPÕE SOBRE A PROIBIÇÃO DE CONCESSÃO DE USO DA ÁREA PÚBLICA MUNICIPAL DO CONJUNTO DESPORTIVO CONSTÂNCIO VAZ GUIMARÃES, O DECLARA COMO PATRIMÔNIO ARQUITETÔNICO, PAISAGÍSTICO, CULTURAL E HISTÓRICO E DÁ OUTRAS PROVIDÊNCIAS."
553551,PL 764/2020,PL,764,2020,"ALTERA A REDAÇÃO DOS ARTIGOS 10, 17 E 18, E CRIA O ART. 29-A, TODOS NA LEI Nº 14.803, DE 26 DE JUNHO DE 2008, E ACRESCENTA O § 4º AO ART. 123 DA LEI Nº 13.748, DE 30 DE DEZEMBRO DE 2002, E DÁ OUTRAS PROVIDÊNCIAS."
554038,PL 767/2020,PL,767,2020,"CRIA O CONSELHO MUNICIPAL DE PREVENÇÃO E CONTROLE DO CÂNCER DE SÃO PAULO, ESTABELECENDO SUAS ATRIBUIÇÕES E COMPOSIÇÃO, E
DÁ OUTRAS PROVIDÊNCIAS."
556589,PL 12/2021,PL,12,2021,"DISPÕE SOBRE A VEDAÇÃO DO USO DE NOVAS FORMAS DE FLEXÃO DE GÊNERO E DE NÚMERO DAS PALAVRAS DA LÍNGUA PORTUGUESA, EM CONTRARIEDADE ÀS REGRAS GRAMATICAIS CONSOLIDADAS NO PAÍS E APROVADAS PELA COMUNIDADE LUSÓFONA, NO MUNICÍPIO DE SÃO PAULO, NA FORMA QUE MENCIONA."
558393,PL 15/2021,PL,15,2021,"DISPÕE SOBRE A PROIBIÇÃO DE CELEBRAÇÃO DE PARCERIA COM ORGANIZAÇÕES DA SOCIEDADE CIVIL NAS GESTÕES DOS CENTROS DE EDUCAÇÃO
UNIFICADOS- CEU."
558428,PL 16/2021,PL,16,2021,"ESTABELECE ISENÇÃO NO PAGAMENTO DE TARIFA NO TRANSPORTE COLETIVO DE ÔNIBUS ÀS PESSOAS COM IDADE IGUAL OU SUPERIOR A SESSENTA ANOS, NO ÂMBITO DO MUNICÍPIO DE SÃO PAULO, E DÁ OUTRAS PROVIDÊNCIAS."
558429,PL 17/2021,PL,17,2021,"REVOGA O INCISO IV, DO ARTIGO 7º DA LEI Nº 17.542, DE 22 DE DEZEMBRO DE 2020, A FIM DE RESTABELECER A ISENÇÃO DE TARIFA NO TRANSPORTE COLETIVO DE ÔNIBUS AOS IDOSOS COM IDADE IGUAL OU SUPERIOR A 60 ANOS, NO ÂMBITO DO MUNICÍPIO DE SÃO PAULO E DÁ OUTRAS PROVIDÊNCIAS."
559747,PL 19/2021,PL,19,2021,DISPÕE SOBRE A IGUALDADE DE GÊNERO NA COMPOSIÇÃO DOS QUADROS DE DIREÇÃO E CHEFIA NA ADMINISTRAÇÃO PÚBLICA NO MUNICÍPIO DE SÃO PAULO.
559748,PL 20/2021,PL,20,2021,INSTITUI O PROGRAMA MUNICIPAL DE PATROCÍNIO PARA INCENTIVO DA COLETA SELETIVA DO LIXO NO MUNICÍPIO DE SÃO PAULO.
560604,PL 31/2021,PL,31,2021,"AUTORIZA ALTERAÇÕES NA LEI Nº 14.660, DE 26 DE NOVEMBRO DE 2007, NO QUE SE REFERE À GRATIFICAÇÃO POR SERVIÇO NOTURNO."
560606,PL 33/2021,PL,33,2021,INSTITUI NOVA COMPOSIÇÃO DO CONSELHO MUNICIPAL DE EDUCAÇÃO E DÁ OUTRAS PROVIDÊNCIAS.
560901,PL 34/2021,PL,34,2021,RECONHECE A PRATICA DE ATIVIDADES FÍSICAS E DO EXERCÍCIO FÍSICO COMO ESSENCIAIS E DA OUTRAS PROVIDENCIAS.
563344,PL 48/2021,PL,48,2021,"DISPÕE SOBRE A ISENÇÃO DE PAGAMENTO DE TARIFA NAS LINHAS URBANAS DE ÔNIBUS NO ÂMBITO DO MUNICÍPIO DE SÃO PAULO ÀS PESSOAS COM IDADE IGUAL OU MAIOR A SESSENTA ANOS, E DÁ OUTRAS PROVIDÊNCIAS"
563759,PL 57/2021,PL,57,2021,INSTITUI A CAMPANHA DE EQUIDADE DE GÊNERO E COMBATE AO MACHISMO NAS ESCOLAS PÚBLICAS DA CIDADE DE SÃO PAULO
563760,PL 58/2021,PL,58,2021,"DISPÕEM SOBRE A CRIAÇÃO DO “CADASTRO MUNICIPAL DE VOLUNTÁRIOS PARA A ATENÇÃO AOS IDOSOS DE BAIXA RENDA E INSTITUIÇÕES SEM FINS LUCRATIVOS”, QUE DESENVOLVAM ATIVIDADES DE PREVENÇÃO E QUALIDADE DE VIDA NA TERCEIRA IDADE NA CIDADE DE SÃO PAULO E, DÁ OUTRAS PREVIDÊNCIAS"
563811,PLO 1/2021,PLO,1,2021,ASSEGURA O INGRESSO E O ACESSO DE NEGROS E NEGRAS NO SERVIÇO PÚBLICO MUNICIPAL ATRAVÉS DE COTAS RACIAIS
564421,PL 71/2021,PL,71,2021,CRIA O SISTEMA DE COTAS SOCIAIS PARA CANDIDATOS JÁ INSCRITOS EM PROGRAMAS SOCIAIS; REVOGA A RESERVA DE VAGAS PARA AQUELES QUE SE AUTODECLARAREM PRETOS OU PARDOS E DÁ OUTRAS PROVIDÊNCIAS.
564675,PL 78/2021,PL,78,2021,"""DISPÕE SOBRE A OBRIGATORIEDADE DA COLOCAÇÃO DE PLACAS NAS ENTRADAS DOS LOCAIS QUE ESPECIFICA COM OS SEGUINTES DIZERES: ""A EXPLORAÇÃO SEXUAL DE CRIANÇAS E ADOLESCENTES É CRIME, PUNIDO COM RECLUSÃO DE 4 A 10 ANOS E MULTA”, E DÁ OUTRAS PROVIDÊNCIAS."""
565280,PL 84/2021,PL,84,2021,"""AUTORIZA ALTERAÇÕES NA LEI Nº 15.963, DE 15 DE JANEIRO DE 2014, QUE ACRESCENTA REFERÊNCIAS À ESCALA DE PADRÕES DE VENCIMENTOS DO QUADRO DO MAGISTÉRIO MUNICIPAL DO QUADRO DOS PROFISSIONAIS DE
EDUCAÇÃO - QPE, E DÁ OUTRAS PROVIDÊNCIAS.”"
565297,PL 85/2021,PL,85,2021,“PROGRAMA GUI (GUIA DE UNIFICAÇÃO DE INFORMAÇÕES) NA PREVENÇÃO E CONTROLE DA DIABETES EM CRIANÇAS E ADOLESCENTES MATRICULADOS NAS ESCOLAS DA REDE PÚBLICA DA CIDADE DE SÃO PAULO”.
565317,PL 86/2021,PL,86,2021,"ACRESCENTA ITEM À SEÇÃO 16.2 DA LEI Nº 11.228/92 - CÓDIGO DE OBRAS E EDIFICAÇÕES DO MUNICÍPIO DE SÃO PAULO, E DÁ OUTRAS PROVIDÊNCIAS."
565404,RDP 10/2021,RDP,10,2021,"SOLICITA QUE SEJA FORMADO PROCESSO PARA A COMISSÃO DE ADMINISTRAÇÃO PÚBLICA REFERENTE
AO ANO DE 2021 PARA FINS DE ORGANIZAÇÃO DE DOCUMENTOS VIABILIZANDO ARQUIVAMENTO DA DOCUMENTAÇÃO PERTINENTE E DO REGISTRO DOS TRABALHOS DESTA COMISSÃO"
566337,PL 95/2021,PL,95,2021,“CRIA O FUNDO MUNICIPAL DE COMBATE AO ABUSO INFANTIL E DA OUTRAS PROVIDENCIAS.”
566351,PL 96/2021,PL,96,2021,“DISPÕE SOBRE A TRANSPARÊNCIA E A DIVULGAÇÃO DA LISTA DE VACINADOS NO PLANO MUNICIPAL DE VACINAÇÃO CONTRA O COVID-19 E DA OUTRAS PROVIDENCIAS.”
567349,PLO 2/2021,PLO,2,2021,ALTERA A REDAÇÃO DO INCISO III DO ART. 225 PARA ASSEGURAR A GRATUIDADE DO TRANSPORTE COLETIVO URBANO PARA IDOSOS MAIORES DE 60 (SESSENTA) ANOS
568244,RDP 17/2021,RDP,17,2021,"COM O OBJETIVO DE APERFEIÇOAR OS MÉTODOS DE ORGANIZAÇÃO DE DOCUMENTOS E COM O FIM DE VIABILIZAR O ARQUIVAMENTO DA DOCUMENTAÇÃO PERTINENTE E DO REGISTRO DOS TRABALHOS DESTA COMISSÃO, SOLICITO QUE SEJA FORMADO PROCESSO DIGITAL PARA A COMISSÃO DE CONSTITUIÇÃO, JUSTIÇA E LEGISLAÇÃO PARTICIPATIVA REFERENTE AO ANO DE 2021."
568246,RDP 18/2021,RDP,18,2021,"COM O OBJETIVO DE APERFEIÇOAR OS MÉTODOS DE ORGANIZAÇÃO DE DOCUMENTOS E COM O FIM DE VIABILIZAR O ARQUIVAMENTO DA DOCUMENTAÇÃO PERTINENTE E DO REGISTRO DOS TRABALHOS DESTA COMISSÃO, SOLICITO QUE SEJA FORMADO PROCESSO DIGITAL PARA A COMISSÃO DE EDUCAÇÃO, CULTURA E ESPORTES REFERENTE AO ANO DE 2021."
568247,RDP 19/2021,RDP,19,2021,"COM O OBJETIVO DE APERFEIÇOAR OS MÉTODOS DE ORGANIZAÇÃO DE DOCUMENTOS E COM O FIM DE VIABILIZAR O ARQUIVAMENTO DA DOCUMENTAÇÃO PERTINENTE E DO REGISTRO DOS TRABALHOS DESTA COMISSÃO, SOLICITO QUE SEJA FORMADO PROCESSO DIGITAL PARA A COMISSÃO DE SAÚDE, PROMOÇÃO SOCIAL, TRABALHO E MULHER REFERENTE AO ANO DE 2021."
568249,RDP 20/2021,RDP,20,2021,"COM O OBJETIVO DE APERFEIÇOAR OS MÉTODOS DE ORGANIZAÇÃO DE DOCUMENTOS E COM O FIM DE VIABILIZAR O ARQUIVAMENTO DA DOCUMENTAÇÃO PERTINENTE E DO REGISTRO DOS TRABALHOS DESTA COMISSÃO, SOLICITO QUE SEJA FORMADO PROCESSO DIGITAL PARA A COMISSÃO DE TRÂNSITO, TRANSPORTE, ATIVIDADE ECONÔMICA, TURISMO, LAZER E GASTRONOMIA REFERENTE AO ANO DE 2021."
568957,PR 12/2021,PR,12,2021,"DISPÕE SOBRE A CRIAÇÃO, NO ÂMBITO DA CÂMARA MUNICIPAL DE SÃO PAULO, A FRENTE PARLAMENTAR DE COMBATE A PANDEMIA DA COVID-19, E DÁ OUTRAS PROVIDÊNCIAS."
570052,PDL 6/2021,PDL,6,2021,"DISPÕE SOBRE A AÇÃO DE SUSTAR OS EFEITOS DO DECRETO Nº 60.107 DE 4 DE MARÇO DE 2021 DO PREFEITO DO MUNICÍPIO DE SÃO PAULO, QUE DETERMINA MEDIDAS RESTRITIVAS DE CARÁTER OBRIGATÓRIO NA FASE VERMELHA DO PLANO SÃO PAULO NO ÂMBITO DO MUNICÍPIO DE SÃO PAULO, VISANDO O ISOLAMENTO SOCIAL COMO MEIO PARA O ENFRENTAMENTO DA EMERGÊNCIA DE SAÚDE PÚBLICA CAUSADA PELA PANDEMIA DA COVID-19."
570079,PL 124/2021,PL,124,2021,"DISPÕE SOBRE A INCLUSÃO, DOS PROFISSIONAIS DA ÁREA DA EDUCAÇÃO E DAS MÃES SELECIONADAS PARA O PROGRAMA OPERAÇÃO TRABALHO - POT VOLTA ÀS AULAS, COMO GRUPO PRIORITÁRIO NO PLANO DE VACINAÇÃO CONTRA A COVID-19 NO MUNICÍPIO DE SÃO PAULO E DÁ OUTRAS PROVIDÊNCIAS."
570080,PL 125/2021,PL,125,2021,"""AUTORIZA O PODER EXECUTIVO A DESTINAR EQUIPAMENTOS DE SAÚDE UTILIZADOS EM HOSPITAIS DE CAMPANHA A HOSPITAIS PÚBLICOS DO MUNICÍPIO DE SÃO PAULO E, DÁ OUTRAS PROVIDENCIAS.”"
570459,PL 140/2021,PL,140,2021,"AUTORIZA A RETOMADA DA GESTÃO ADMINISTRATIVA E PEDAGÓGICA DE EQUIPAMENTOS PÚBLICOS MUNICIPAIS
(CEIS) REPASSADOS À GESTÃO INDIRETA POR ASSOCIAÇÕES E ORGANIZAÇÕES SOCIAIS CONVENIADAS (OSCIPS) PARA
PROVIMENTO DA EDUCAÇÃO INFANTIL DE 0 A 3 ANOS E PROÍBE O REPASSE DA GESTÃO DE NOVAS UNIDADES."
570644,PL 147/2021,PL,147,2021,“CRIA O DOSSIÊ MULHER PAULISTANA E DÁ OUTRAS PROVIDÊNCIAS.”
570833,PL 148/2021,PL,148,2021,"INSTITUI A CRIAÇÃO DO BILHETE ÚNICO ESPECIAL DO TRABALHADOR DESEMPREGADO NO ÂMBITO MUNICIPAL
E DÁ OUTRAS PROVIDÊNCIAS."
570857,PL 149/2021,PL,149,2021,"DISPÕE SOBRE A INSTITUIÇÃO DA RENDA SOLIDÁRIA PAULISTANA NO ÂMBITO DO MUNICÍPIO DE SÃO PAULO, E
DEMAIS PROVIDÊNCIAS."
570930,PL 151/2021,PL,151,2021,"""DISPÕE SOBRE A ALTERAÇÃO DA DENOMINAÇÃO DA ATUAL PRAÇA SONETO PARA PRAÇA VALERIA KHALIL E DÁ OUTRAS PROVIDÊNCIAS."""
571227,PL 167/2021,PL,167,2021,"ESTABELECE DIRETRIZES PARA A CRIAÇÃO DO PROGRAMA CENTRO DE PARTO NORMAL E CASA DE PARTO, PARA ATENDIMENTO À PESSOA
GRÁVIDA DURANTE PERÍODO GRAVÍDICOPUERPERAL, E DÁ OUTRAS PROVIDÊNCIAS."
571229,PL 168/2021,PL,168,2021,INSTITUI O PROGRAMA DE ATENÇÃO HUMANIZADA AO ABORTO LEGAL E JURIDICAMENTE AUTORIZADO NO ÂMBITO NO MUNICÍPIO DE SÃO PAULO
572933,PL 187/2021,PL,187,2021,"ESTABELECE ALÍQUOTA COMPLEMENTAR RELATIVA DO IMPOSTO PREDIAL E TERRITORIAL URBANO AOS CONTRIBUINTES COM PATRIMÔNIO IMOBILIÁRIO SUPERIOR A SEIS MILHÕES E DUZENTOS MIL REAIS, E DÁ OUTRAS PROVIDÊNCIAS."
572997,PL 194/2021,PL,194,2021,"ALTERA O ART. 7º DA LEI N° 16.885, DE 16 DE ABRIL DE 2018, QUE ESTABELECE REGRAS PARA IMPLANTAÇÃO DAS CICLOFAIXAS NAS VIAS E LOGRADOUROS PÚBLICOS NO ÂMBITO DO MUNICÍPIO DE SÃO PAULO E DÁ OUTRAS PROVIDÊNCIAS."
573254,PL 201/2021,PL,201,2021,COMPATIBILIZA A PARTICIPAÇÃO SOCIAL PREVISTA NO ARTIGO 69-A DA LEI ORGÂNICA DO MUNICÍPIO COM SITUAÇÕES DE EMERGÊNCIA E CALAMIDADE PÚBLICA.
573338,PL 204/2021,PL,204,2021,"PROÍBE O USO DE ESTABELECIMENTOS DESTINADOS A ATIVIDADES ESSENCIAIS PARA O COMÉRCIO OU PRESTAÇÃO DE SERVIÇOS NÃO ESSENCIAIS, BEM COMO A VENDA DE PRODUTOS NÃO ESSENCIAIS DURANTE A FASE EMERGENCIAL."
573535,PL 209/2021,PL,209,2021,DISPÕE SOBRE O DIREITO A INTERNET GRATUITA AOS CURSINHOS POPULARES E AS COMUNIDADES ONDE SE ENCONTRAM OS ESTUDANTES PRÉ-VESTIBULANDOS.
573617,PR 24/2021,PR,24,2021,DISPÕE SOBRE A PARIDADE DE GÊNERO NA COMPOSIÇÃO DA CORREGEDORIA DA CÂMARA MUNICIPAL.
573839,PL 218/2021,PL,218,2021,DETERMINA A OBRIGATORIEDADE DA DISPONIBILIZAÇÃO  DO  RESULTADO  DO EXAME  CITOPATOLÓGICO DO COLO DO ÚTERO NO PRAZO MÁXIMO DE 30 DIAS A PARTIR DA COLETA DO EXAME.
573840,PL 219/2021,PL,219,2021,"FIXA A OBRIGATORIEDADE E DEFINE PRAZO PARA AS  CONCESSIONÁRIAS  E  PERMISSIONÁRIAS  DE SERVIÇOS  PÚBLICOS,  COM  ATUAÇÃO  NO MUNICÍPIO, COMUNICAREM AOS CONSUMIDORES A REALIZAÇÃO DE SUSPENSÃO OU INTERRUPÇÃO DOS SERVIÇOS."
573850,PL 223/2021,PL,223,2021,"EXCLUI DAS PRIORIDADES ESTABELECIDAS PARA  OPERACIONALIZAÇÃO DO PLANO NACIONAL DE IMUNIZAÇÕES NO ÂMBITO DO MUNICÍPIO DE
SÃO PAULO, OS CIDADÃOS FLAGRADOS, IDENTIFICADOS E QUE TENHAM SUBSCRITO TERMO CIRCUNSTANCIADO POR PARTICIPAÇÃO EM AGLOMERAÇÕES IRREGULARES EM DESOBEDIÊNCIAS ÀS NORMAS VIGENTES RELATIVAS À PANDEMIA COVID-19."
574625,PL 239/2021,PL,239,2021,"AUTORIZA O PODER EXECUTIVO A ALTERAR OS CRITÉRIOS DA EVOLUÇÃO FUNCIONAL DOS INTEGRANTES DAS CARREIRAS DO QUADRO
DE APOIO À EDUCAÇÃO DO QUADRO DOS PROFISSIONAIS DE EDUCAÇÃO."
574626,REC 2/2021,REC,2,2021,"TENDO EM VISTA A RECUSA INFUNDADA DIANTE DO PEDIDO TEMPESTIVO DE VISTA AO PL N° 117/2021, REALIZADO PELA VEREADORA SONAIRA FERNANDES, MEMBRO DA COMISSÃO DE EDUCAÇÃO, CULTURA E ESPORTE, NÃO RESTA OUTRA ALTERNATIVA, SE NÃO RECORRER POR MEIO DO PRESENTE INSTRUMENTO, A FIM DE REQUERER O INTEGRAL PROVIMENTO DO PRESENTE RECURSO, A FIM DE CONCEDER A VISTA A ESTA RECORRENTE, COM A CONSEQUENTE ANULAÇÃO DE TODOS OS ATOS PRATICADOS APÓS ESTE PEDIDO, QUE REPISA-SE, FOI REALIZADO TEMPESTIVAMENTE."
574847,PL 243/2021,PL,243,2021,"DISPÕE SOBRE A CRIAÇÃO DE 4 (QUATRO) HOSPITAIS PÚBLICOS VETERINÁRIOS NOS BAIRROS JABAQUARA, BUTANTÃ, BRASILÂNDIA E IPIRANGA NO MUNICÍPIO DE SÃO PAULO."
575607,PL 259/2021,PL,259,2021,PROÍBE A INSTALAÇÃO DE PONTOS DE BICICLETA EM FRENTE A ENTRADA DE PEDESTRES DE PRÉDIOS COMERCIAIS E RESIDENCIAIS E DÁ OUTRAS PROVIDÊNCIAS.
575705,PL 266/2021,PL,266,2021,"DISPÕE SOBRE SUGERIR AO PODER EXECUTIVO A INSTALAÇÃO DE REDES NA SAÍDA DOS TUBOS DE ESGOTO NA CIDADE DE SÃO PAULO, E DÁ OUTRAS PROVIDÊNCIAS."
575933,PL 269/2021,PL,269,2021,"AUTORIZA  O  EXECUTIVO  A INSTITUIR  O  HOSPITAL PÚBLICO  VETERINÁRIO  NO  DISTRITO  DE  BRASILÂNDIA PARA  ATENDIMENTOS  DE  ANIMAIS  E,  DÁ  OUTRAS PROVIDÊNCIAS."
575964,PL 273/2021,PL,273,2021,"DENOMINA “PRAÇA DONA EVA ANGELICAL RAMOS GONÇALVES” A PRAÇA INOMINADA, LOCALIZADA ENTRE A RUA GIOVANNI NASCO NA COORDENADA GEOGRÁFICA 23°36'17.1""S 46°29'56.0""W, E A RUA GIOVANNI NASCO NA COORDENADA GEOGRÁFICA 23°36'22.5""S 46°29'56.5""W, NO BAIRRO TEOTÔNIO VILELA NA SUBPREFEITURA DE SAPOPEMBA, E DÁ OUTRAS PROVIDÊNCIAS."
576202,PL 280/2021,PL,280,2021,"ALTERA A LEI N° 14.485, DE 19 DE JULHO DE 2007, PARA INCLUIR, NO CALENDÁRIO OFICIAL DO MUNICÍPIO DE SÃO PAULO, O DIA MARIELLE FRANCO DE ENFRENTAMENTO À VIOLÊNCIA POLÍTICA CONTRA MULHERES NEGRAS, LGBTQIA+ E PERIFÉRICAS, A SER COMEMORADO ANUALMENTE NO DIA 14 DE MARÇO."
576529,PL 283/2021,PL,283,2021,"DISPÕE SOBRE CRIAÇÃO E IMPLANTAÇÃO DO HOSPITAL VETERINÁRIO MUNICIPAL NOS DISTRITOS DO ITAIM PAULISTA E SÃO MIGUEL PAULISTA, E DÁ OUTRAS PROVIDÊNCIAS."
576530,PL 284/2021,PL,284,2021,"DISPÕE SOBRE AUTORIZAÇÃO PARA TRANSPORTAR ANIMAIS DOMÉSTICOS, DE QUALQUER TAMANHO E PESO, NOS ÔNIBUS MUNICIPAIS DA CIDADE DE SÃO PAULO E DÁ OUTRAS PROVIDÊNCIAS."
576662,REC 6/2021,REC,6,2021,"INTERPÕE O VEREADOR FARIA DE SÁ RECURSO CONTRA A DECISÃO PROLATADA NA SESSÃO PLENÁRIA REALIZADA EM 05/05/2021, EM QUE O VEREADOR APREGOOU PROJETO DE SUA AUTORIA."
576679,PL 287/2021,PL,287,2021,"“DISPÕES SOBRE A MORTE OU REDUÇÃO DA CAPACIDADE LABORAL, DECORRENTE DO CONTÁGIO DA DOENÇA COVID-19 CAUSADA PELO CORONAVÍRUS, AOS PROFESSORES E DEMAIS SERVIDORES DA EDUCAÇÃO E DÁ OUTRAS PROVIDÊNCIAS”."
576792,PL 289/2021,PL,289,2021,"DISPÕE SOBRE A CRIAÇÃO DE ESPAÇOS COM POLTRONAS PARA FINS DE ALEITAMENTO MATERNO, NA CIDADE DE SÃO PAULO, E DÁ OUTRAS PROVIDÊNCIAS"
577333,PL 295/2021,PL,295,2021,"DISPÕE SOBRE AMPLIAÇÃO  TEMPORÁRIA  DA  ÁREA  DE ATENDIMENTO DE BARES E RESTAURANTES, COMO FORMA DE FAVORECER  O  DISTANCIAMENTO  SOCIAL  ENTRE  OS FREQUENTADORES,  MEDIANTE  A  AUTORIZAÇÃO  PARA  A COLOCAÇÃO  DE  MESAS  E  CADEIRAS  EM  EXTENSÕES TEMPORÁRIAS DAS CALÇADAS E DÁ OUTRAS PROVIDÊNCIAS."
577366,PL 296/2021,PL,296,2021,PADRONIZA O USO DAS PISTAS PÚBLICAS UTILIZADAS PARA PRÁTICA DE ESPORTES RADICAIS NO ÂMBITO DA CIDADE DE SÃO PAULO.
577771,PL 301/2021,PL,301,2021,INSTITUI NA CIDADE DE SÃO PAULO O CONSELHO MUNICIPAL DE POLÍTICAS LGBTQIA+ E DÁ OUTRAS PROVIDÊNCIAS.
577786,PL 302/2021,PL,302,2021,"AUTORIZA O PODER EXECUTIVO MUNICIPAL A CELEBRAR CONVÊNIOS INTERSECRETARIAS ENTRE A SECRETARIA MUNICIPAL DE SAÚDE E A
SECRETARIA MUNICIPAL DE EDUCAÇÃO PARA CRIAR UM PROGRAMA DE PREVENÇÃO A ENDOMETRIOSE NA REDE MUNICIPAL DE EDUCAÇÃO, E DÁ OUTRAS PROVIDÊNCIAS."
578506,PL 319/2021,PL,319,2021,DISPÕE SOBRE O DESCONTO DO IPTU DOS IMÓVEIS CUJOS CONTRIBUINTES ADOTAREM CÃES E GATOS CASTRADOS E VACINADOS DO CENTRO DE CONTROLE DE ZOONOSES E ONG’S CADASTRADAS.
578581,PL 322/2021,PL,322,2021,"ESTABELECE PRIORIDADE DE VACINAÇÃO CONTRA A COVID-19 PARA AS GESTANTES, PUÉRPERAS E LACTANTES NO ÂMBITO DO MUNICÍPIO DE SÃO PAULO."
578672,PL 327/2021,PL,327,2021,INSTITUI A CAMPANHA INFORMATIVA PARA EMPRESAS SOBRE EPILEPSIA É DÁ OUTRAS PROVIDÊNCIAS.
578750,PL 330/2021,PL,330,2021,"DISPÕE SOBRE A CRIAÇÃO DO POLO ECOTURISTICO HISTÓRICO CULTURAL REPRESAS GUARAPIRANGA E BILLINGS, E DÁ OUTRAS PROVIDÊNCIAS."
579382,PL 342/2021,PL,342,2021,CRIA A BOLSA-ATLETA A SER CONCEDIDA A PESSOAS FÍSICAS COM DEFICIÊNCIA E DÁ OUTRAS PROVIDÊNCIAS.
579642,PL 352/2021,PL,352,2021,"DETERMINA A DESTINAÇÃO DE PARTE DOS RECURSOS PROVENIENTES DA EXPLORAÇÃO DO SISTEMA DE ESTACIONAMENTO ROTATIVO ZONAL
AZUL AO SISTEMA CICLOVIÁRIO DO MUNICÍPIO DE SÃO PAULO – SICLO E ALTERA A LEI MUNICIPAL Nº 16.235/2015."
579827,PL 355/2021,PL,355,2021,"DISPÕE SOBRE A CRIAÇÃO DA FEIRA DE ARTE, CULTURA, ARTESANATO E GASTRONOMIA DA VILA MARIA E DÁ OUTRAS PROVIDÊNCIAS."
579829,PL 356/2021,PL,356,2021,"DISPÕE SOBRE A CRIAÇÃO DE ESPAÇO PERMANENTE PARA REALIZAÇÃO DE FEIRAS E EVENTOS CULTURAIS NA PRAÇA SANTO EDUARDO, LOCALIZADA NA VILA MARIA, E DÁ OUTRAS PROVIDÊNCIAS."
579893,PL 358/2021,PL,358,2021,AUTORIZA O PODER EXECUTIVO A INSTITUIR RESTAURANTES POPULARES NO MUNICÍPIO DE SÃO PAULO
579943,PL 359/2021,PL,359,2021,"ALTERA O PARÁGRAFO ÚNICO DO ARTIGO 4º DA LEI Nº 16.050, DE 31 DE JULHO DE 2014 E DÁ OUTRAS PROVIDÊNCIAS (REF. ADIAMENTO DO PRAZO PARA ENCAMINHAMENTO DE PROPOSTA DE REVISÃO DO PLANO DIRETOR)."
580458,PL 369/2021,PL,369,2021,ALTERA A LEI MUNICIPAL 16.311 DE 12 DE NOVEMBRO DE 2015 QUE DISPÕE SOBRE A ATIVIDADE DE FRETAMENTO NO ÂMBITO DO MUNICÍPIO DE SÃO PAULO E DÁ OUTRAS PROVIDÊNCIAS.
580566,PL 371/2021,PL,371,2021,"“ALTERA A LEI Nº 13.766, DE 21 DE JANEIRO DE 2004, A FIM DE ESTENDER ININTERRUPTAMENTE O SERVIÇO DO HOSPITAL DO SERVIDOR PÚBLICO MUNICIPAL AOS FILHOS DOS SERVIDORES QUE
TENHAM INICIADO TRATAMENTO ANTES DOS 18 ANOS ATÉ SEU RESPECTIVO TÉRMINO OU A COMPLETUDE DE SEUS 21 OU, CASO MATRICULADOS EM INSTITUIÇÕES DE ENSINO SUPERIOR, 24 ANOS”."
580575,PL 372/2021,PL,372,2021,"AUTORIZA ALTERAÇÕES NA LEI Nº 15.963, DE 15 DE JANEIRO DE 2014, QUE ACRESCENTA REFERÊNCIAS À ESCALA DE PADRÕES DE VENCIMENTOS DO QUADRO DO MAGISTÉRIO MUNICIPAL DO
QUADRO DOS PROFISSIONAIS DE EDUCAÇÃO - QPE, E DÁ OUTRAS PROVIDÊNCIAS."
580576,PL 373/2021,PL,373,2021,"INSTITUI CONSELHOS DE ACOMPANHAMENTO E CONTROLE DA DEMANDA ESCOLAR, E DÁ OUTRAS PROVIDÊNCIAS"
580579,PL 375/2021,PL,375,2021,AUTORIZA O PODER EXECUTIVO A ESTENDER AOS PROFESSORES READAPTADOS O DIREITO À OBTENÇÃO DE CERTIFICADOS PARA FINS DE EVOLUÇÃO FUNCIONAL
580786,PL 379/2021,PL,379,2021,ALTERA O ARTIGO 15 DO DISPOSITIVO DA LEI 17.340/2020 DE 30 DE ABRIL DE 2020 ONDE A SECRETARIA DE ASSISTÊNCIA E DESENVOLVIMENTO SOCIAL ELABORARÁ E DISTRIBUIRÁ O SELO “EMPRESA PARCEIRA DA CIDADE DE SÃO PAULO NO COMBATE À COVID-19” E DÁ OUTRAS PROVIDÊNCIAS.
580927,PL 383/2021,PL,383,2021,DISPÕE SOBRE A DISPONIBILIZAÇÃO DE ABSORVENTES HIGIÊNICOS NAS UNIDADES PENITENCIÁRIAS FEMININAS SITUADAS NO ÂMBITO DO MUNICÍPIO E DÁ OUTRAS PROVIDÊNCIAS.
580943,PL 384/2021,PL,384,2021,DISPÕE SOBRE A DISTRIBUIÇÃO DE ABSORVENTES NAS ESCOLAS DA REDE PUBLICA DO MUNICÍPIO DE SÃO PAULO E DÁ OUTRAS PROVIDÊNCIAS.
580968,PL 385/2021,PL,385,2021,DISPÕE SOBRE A DISTRIBUIÇÃO DE ABSORVENTES NAS UNIDADES BÁSICAS DE SAÚDE E POSTOS DE SAÚDE SITUADOS NO MUNICÍPIO DE SÃO PAULO E DÁ OUTRAS PROVIDÊNCIAS.
581453,REC 17/2021,REC,17,2021,"INTERPÕE A VEREADORA JULIANA CARDOSO RECURSO EM FACE DE DELIBERAÇÃO TOMADA EM 17/06/2021 PELA COMISSÃO PERMANENTE DE SAÚDE, PROMOÇÃO SOCIAL, TRABALHO E MULHER."
581624,PR 35/2021,PR,35,2021,"FICA O PLENÁRIO 1º DE MAIO DA CÂMARA MUNICIPAL DE SÃO PAULO DENOMINADO “PLENÁRIO 1º DE MAIO BRUNO COVAS”, E DÁ OUTRAS PROVIDÊNCIAS."
581783,PDL 23/2021,PDL,23,2021,"SUSTA, INTEGRALMENTE, A INSTRUÇÃO NORMATIVA SME Nº 21, DE 17 DE JUNHO DE 2021, QUE “ACRESCENTA PARÁGRAFO A INSTRUÇÃO NORMATIVA SME Nº 36, DE 15/10/2020, QUE DISPÕE SOBRE DIRETRIZES, PROCEDIMENTOS E PERÍODOS PARA A REALIZAÇÃO DE MATRÍCULAS – 2021 NA EDUCAÇÃO INFANTIL, NO ENSINO FUNDAMENTAL, NA EDUCAÇÃO DE JOVENS E ADULTOS – EJA DA REDE MUNICIPAL DE ENSINO E NAS INSTITUIÇÕES PRIVADAS DE EDUCAÇÃO INFANTIL DA REDE PARCEIRA, E DÁ OUTRAS PROVIDÊNCIAS”."
581791,PL 405/2021,PL,405,2021,“ALTERA O SERVIÇO DE MEDIDAS SOCIOEDUCATIVAS EM MEIO ABERTO (SMSE/MA) PARA CONSTITUÍ-LO EM PROGRAMA DE EFETIVAÇÃO DAS MEDIDAS SOCIOEDUCATIVAS EM MEIO ABERTO (PEMSE/MA) NO MUNICÍPIO DE SÃO PAULO E DÁ OUTRAS PROVIDÊNCIAS.”
582355,PL 415/2021,PL,415,2021,"INSTITUI NO MUNICÍPIO A POSSIBILIDADE E O DIREITO AOS MUNÍCIPES DE ACESSO A MEIOS E FORMAS DE PAGAMENTO DIGITAIS PARA QUITAÇÃO DE DÉBITOS DE NATUREZA TRIBUTÁRIA E NÃO TRIBUTÁRIA, COMO PIX E OPERAÇÕES DE CARTÃO DE DÉBITO E CRÉDITO."
582585,PL 421/2021,PL,421,2021,INSTITUI O PROGRAMA TRANSCIDADANIA NO MUNICÍPIO DE SÃO PAULO E DÁ OUTRAS PROVIDÊNCIAS.
582660,PL 424/2021,PL,424,2021,"DECLARA PATRIMÔNIO HISTÓRICO, SOCIAL E CULTURAL A SEDE DO SINDICATO DOS METROVIÁRIOS DE SÃO PAULO E DÁ PROVIDÊNCIAS CORRELATAS."
582906,PL 430/2021,PL,430,2021,DISPÕE SOBRE A CRIAÇÃO DO SISTEMA ÚNICO DE CADASTRO PARA DOAÇÃO DE SOBRAS DE MATERIAIS DE CONSTRUÇÃO ORIUNDOS DE CONSTRUTORAS E OBRAS PARTICULARES PARA EDIFICAÇÃO DE MORADIAS PARA A POPULAÇÃO CARENTE NO MUNICÍPIO DE SÃO PAULO E DÁ OUTRAS PROVIDÊNCIAS
582941,PL 433/2021,PL,433,2021,"DISPÕE SOBRE OS FUNCIONÁRIOS DA REDE DE EDUCAÇÃO, PÚBLICA E PRIVADA, NO ÂMBITO DO MUNICÍPIO DE SÃO PAULO, REALIZAREM COMUNICAÇÃO DE MAUS-TRATOS SOFRIDOS POR MENORES."
582978,PR 38/2021,PR,38,2021,ALTERA O REGIMENTO INTERNO PARA DISPOR SOBRE OS PROJETOS DE INICIATIVA POPULAR NA CIDADE DE SÃO PAULO E DÁ OUTRAS PROVIDÊNCIAS.
583070,PL 436/2021,PL,436,2021,DISPÕE SOBRE A COOFICIALIZAÇÃO DA LÍNGUA GUARANI NO MUNICÍPIO DE SÃO PAULO.
583077,PL 438/2021,PL,438,2021,"DISPÕE SOBRE A COMUNICAÇÃO, POR PARTE DOS CONJUNTOS HABITACIONAIS, CONDOMÍNIOS RESIDENCIAIS E CONGÊNERES SOBRE OS CASOS DE VIOLÊNCIA DOMÉSTICA, NO ÂMBITO DO MUNICÍPIO DE SÃO PAULO."
583971,PL 453/2021,PL,453,2021,DISPÕE SOBRE PERMISSÃO DE VENDEDORES AMBULANTES COMERCIALIZAR PRODUTOS E PRESTAR SERVIÇOS EM TODOS OS CENTROS ESPORTIVOS DA CIDADE DE SÃO PAULO E DÁ OUTRAS PROVIDENCIAS
584112,PL 454/2021,PL,454,2021,"DISPÕE SOBRE A CRIAÇÃO DO PARQUE MUNICIPAL PÔR DO SOL, E DÁ OUTRAS PROVIDÊNCIAS."
585801,PL 468/2021,PL,468,2021,DISPÕE SOBRE A CASSAÇÃO DO ALVARÁ E DA LICENÇA DE FUNCIONAMENTO DE POSTOS DE COMBUSTÍVEIS QUE ADULTERAREM E/OU VENDEREM COMBUSTÍVEIS ADULTERADOS E DÁ OUTRAS PROVIDÊNCIAS.
585802,PL 469/2021,PL,469,2021,DISPÕE SOBRE O DESCONTO DO IPTU DOS IMÓVEIS QUE TENHAM SISTEMA DE CAPTAÇÃO DE ÁGUA DA CHUVA PARA SUA REUTILIZAÇÃO E DÁ OUTRAS PROVIDÊNCIAS.
586146,PL 475/2021,PL,475,2021,DECLARA PATRIMÔNIO CULTURAL MATERIAL DO MUNICÍPIO DE SÃO PAULO O “SANTA MARINA ATLÉTICO CLUBE DA ÁGUA BRANCA”
587051,PL 493/2021,PL,493,2021,"DISPÕE SOBRE A CRIAÇÃO DE UM PROGRAMA MUNICIPAL DE IMPLEMENTAÇÃO DA EDUCAÇÃO PARA A IGUALDADE DE GÊNERO E
RACIAL NAS ESCOLAS DE ACORDO COM AS DIRETRIZES DO CURRÍCULO DA CIDADE DE SÃO PAULO."
587073,PL 494/2021,PL,494,2021,"DECLARA PATRIMÔNIO HISTÓRICO, SOCIAL E CULTURAL A BIBLIOTECA PÚBLICA MUNICIPAL INFANTO-JUVENIL MONTEIRO LOBATO E DÁ OUTRAS PROVIDÊNCIAS."
587088,PL 495/2021,PL,495,2021,DISPÕE SOBRE O ABONO DE FALTA AO SERVIÇO AOS SERVIDORES EFETIVOS DO QUADRO DE APOIO À EDUCAÇÃO.
587209,PDL 37/2021,PDL,37,2021,"SUSTAR INTEGRALMENTE O DECRETO N° 60.442, DE 06 DE AGOSTO DE 2021, QUE DISPÕE SOBRE O DEVER DE VACINAÇÃO CONTRA COVID-19 DOS SERVIDORES E EMPREGADOS PÚBLICOS DA ADMINISTRAÇÃO DIRETA, AUTARQUIAS E FUNDAÇÕES."
587674,PL 518/2021,PL,518,2021,"DISPÕE SOBRE A CRIAÇÃO DE ÁREAS DE SEGURANÇA ESCOLAR SP NA CIDADE DE SÃO PAULO, E DA OUTRAS PROVIDÊNCIAS."
587688,PL 529/2021,PL,529,2021,"ALTERA A LEI Nº 14.485 DE 19 DE JULHO DE 2007 PARA INCLUIR NO CALENDÁRIO DA CIDADE DE SÃO PAULO A SEMANA DA CONSCIENTIZAÇÃO SOBRE A IMPORTÂNCIA DA FAMÍLIA TRADICIONAL SP, E DÁ OUTRAS PROVIDÊNCIAS."
587721,PL 530/2021,PL,530,2021,ESTABELECE MECANISMOS PARA DESESTIMULAR A APLICAÇÃO DE MULTAS INDEVIDAS NO MUNICÍPIO DE SÃO PAULO E DÁ OUTRAS PROVIDÊNCIAS.
588481,PL 545/2021,PL,545,2021,"CRIA O EVENTO ANUAL DENOMINADO ""VIRADA SOCIAL PAULISTANA"" NOS TERMOS EM QUE ESPECIFICA, E DÁ OUTRAS PROVIDÊNCIAS."
588627,PL 557/2021,PL,557,2021,DISPÕE SOBRE A INSTALAÇÃO DE PLACAS DE NOMENCLATURA LUMINOSAS COM ALIMENTAÇÃO POR ENERGIA FOTOVOLTAICA
588635,PL 558/2021,PL,558,2021,CRIA O PROGRAMA AMBULATORIAL DE FISIOTERAPIA RESPIRATÓRIA PARA TRATAR SEQUELAS RESPIRATÓRIAS DOS PACIENTES QUE TIVERAM COVID-19 E DÁ OUTRAS PROVIDÊNCIAS.
589129,PL 569/2021,PL,569,2021,"INSTITUI A POLÍTICA MUNICIPAL DE FORNECIMENTO DE MEDICAMENTOS FORMULADOS À BASE DE CANABIDIOL, EM ASSOCIAÇÃO COM OUTRAS SUBSTÂNCIAS CANABINÓIDES, INCLUINDO O TETRAHIDROCANABIDIOL, EM CARÁTER EXCEPCIONAL PELO PODER EXECUTIVO NAS UNIDADES DE SAÚDE PÚBLICA MUNICIPAL E PRIVADA CONVENIADA AO SISTEMA ÚNICO DE SAÚDE - SUS, GARANTINDO O TRATAMENTO AOS PACIENTES QUE COMPROVADAMENTE TERÃO SUAS CONSEQUÊNCIAS CLÍNICAS E SOCIAIS DESSAS PATOLOGIAS DIMINUÍDAS COM O USO DESSES MEDICAMENTOS."
589138,PL 571/2021,PL,571,2021,"DISPÕE SOBRE A PROTEÇÃO DA SAÚDE E INCENTIVO ÀS PESQUISAS CIENTÍFICAS COM A “CANNABIS MEDICINAL” E À DIFUSÃO DE INFORMAÇÃO ACERCA DO ASSUNTO, COM O OBJETIVO DE GARANTIR SUPORTE INSTITUCIONAL E ORIENTAÇÃO PARA PACIENTES E SEUS FAMILIARES."
589220,PL 573/2021,PL,573,2021,AUTORIZA O PODER EXECUTIVO A IMPLEMENTAR O SISTEMA DE GESTÃO COMPARTILHADA EM ESCOLAS DE ENSINO FUNDAMENTAL E MÉDIO DA REDE PÚBLICA MUNICIPAL DE ENSINO EM PARCERIA COM ORGANIZAÇÕES DA SOCIEDADE CIVIL SEM FINS LUCRATIVOS E DÁ OUTRAS PROVIDÊNCIAS.
589385,PL 575/2021,PL,575,2021,CRIA O CENTRO DE REFERÊNCIA E APOIO A FAMILIARES E VÍTIMAS DA VIOLÊNCIA DO ESTADO
589580,PDL 44/2021,PDL,44,2021,SUSTAR INTEGRALMENTE O DECRETO N° 60.488 DE 27 DE AGOSTO DE 2021 QUE DISPÕE SOBRE A INSTITUIÇÃO DO PASSAPORTE DA VACINA E ESTABELECE A SUA EXIGÊNCIA PARA ACESSO A ESTABELECIMENTOS.
589777,PL 579/2021,PL,579,2021,"DENOMINA PRAÇA GERALDO CORRÊA O ESPAÇO LIVRE LOCALIZADO NA AVENIDA BUTURUSSU, SUBPREFEITURA ERMELINO MATARAZZO, E DÁ OUTRAS PROVIDÊNCIAS."
589788,PL 582/2021,PL,582,2021,DISPÕE SOBRE A IMPLANTAÇÃO DA CASA DO AUTISTA NO MUNICÍPIO DE SÃO PAULO.
589789,PL 583/2021,PL,583,2021,"INSTITUI O “PROGRAMA PERMANENTE DE INSPEÇÃO DE PONTES E VIADUTOS”, NO MUNICÍPIO DE SÃO PAULO."
589794,PL 584/2021,PL,584,2021,DISPÕE SOBRE A FORMA DE PUBLICIDADE DOS PREÇOS NOS POSTOS DE COMBUSTÍVEIS E DÁ OUTRAS PROVIDÊNCIAS.
589847,PL 585/2021,PL,585,2021,"DENOMINA PRAÇA ANTÔNIO GOMES DE OLIVEIRA (TONINHO) O ESPAÇO PÚBLICO QUE ESPECIFICA LOCALIZADO NO BAIRRO JABAQUARA, SUBPREFEITURA JABAQUARA."
589902,PL 590/2021,PL,590,2021,DISPÕE SOBRE INSTITUIÇÃO DE BOAS PRÁTICAS EM SERVIÇOS NOTARIAIS PARA POPULAÇÃO LGBTQIA+ NO MUNICÍPIO DE SÃO PAULO.
589903,PL 591/2021,PL,591,2021,DISPÕE SOBRE A IMPLEMENTAÇÃO DE CAPACITAÇÃO ANUAL PARA PROFISSIONAIS DA SAÚDE EM SAÚDE INTEGRAL DE MULHERES LÉSBICAS E BISSEXUAIS.
589941,PL 592/2021,PL,592,2021,"CRIA A CARTEIRA DE IDENTIFICAÇÃO DA PESSOA COM FIBROMIALGIA NO MUNICÍPIO, ESTABELECE PRIORIDADE EM ATENDIMENTOS, E DÁ OUTRAS PROVIDÊNCIAS."
590033,PL 595/2021,PL,595,2021,INSTITUI O PROGRAMA GRATUITO DE ASSISTÊNCIA À SAÚDE ANIMAL – PASA NO MUNICÍPIO DE SÃO PAULO E DÁ OUTRAS PROVIDÊNCIAS.
590730,PL 605/2021,PL,605,2021,"INSTITUI A UTILIZAÇÃO DE PULSEIRA OU CARTÃO COM QRCODE PARA IDENTIFICAÇÃO DE IDOSOS, DEFICIENTES FÍSICOS, PORTADORES DE PATOLOGIAS MENTAIS, IMUNODEFICIÊNCIAS E DISTÚRBIOS HORMONAIS E METABÓLICOS NO MUNICÍPIO DE SÃO PAULO"
590905,PL 609/2021,PL,609,2021,"ACRESCENTA O NOME SEOUL À DENOMINAÇÃO RUA TRÊS RIOS, E DÁ OUTRAS PROVIDÊNCIAS."
591065,PL 612/2021,PL,612,2021,"RECONHECE A PROFISSÃO DE ÁRBITRO NO MUNICÍPIO DE SÃO PAULO, E DÁ OUTRAS PROVIDÊNCIAS."
591066,PL 613/2021,PL,613,2021,"AUTORIZA AO EXECUTIVO MUNICIPAL ASSEGURAR AO PROFISSIONAL DE EDUCAÇÃO FÍSICA QUE PRESTA SERVIÇOS PERSONALIZADOS (PERSONAL TRAINER) LIVRE ACESSO, SEM ÔNUS, A UNIDADES DE PROMOÇÃO DE SAÚDE FÍSICA, ACADEMIAS E SIMILARES NOS HORÁRIOS DE ATENDIMENTO AOS SEUS ALUNOS REGULARMENTE MATRICULADOS NESSAS UNIDADES."
591149,PL 617/2021,PL,617,2021,"DISPÕE SOBRE A OBRIGATORIEDADE DE ESTABELECIMENTOS BANCÁRIOS E CONGÊNERES, QUE POSSUAM MÁQUINAS DE AUTOATENDIMENTO QUE CONTAM COM O USO DE IDENTIFICAÇÃO BIOMÉTRICA, FORNECEREM MEIOS DE HIGIENIZAÇÃO DAS MÃOS, BEM COMO OUTROS ESTABELECIMENTOS PÚBLICOS E PRIVADOS DE GRANDE CIRCULAÇÃO E DÁ OUTRAS PROVIDÊNCIAS"
591170,PL 618/2021,PL,618,2021,"DENOMINA PRAÇA VALTER MARASSI, O LOGRADOURO PÚBLICO INOMINADO, LOCALIZADO NO SETOR 126, QUADRA 296, LOTE 0005, ESQUINA ENTRE AS RUAS MARCOS ANTONIO COM BARRA DO JACARÉ, VILA HERMÍNIA – FREGUESIA DO Ó."
591171,PL 619/2021,PL,619,2021,AUTORIZA O PODER EXECUTIVO A INSTALAR TOTENS PARA RECARREGAMENTO DE BICICLETAS E PATINETES MOVIDOS A ENERGIA ELÉTRICA EM VIAS PÚBLICAS DO MUNICÍPIO DE SÃO PAULO.
591213,PR 48/2021,PR,48,2021,"ALTERA O ARTIGO 348 DA RESOLUÇÃO Nº 2, DE 4 DE ABRIL DE 1991 - REGIMENTO INTERNO DA CÂMARA MUNICIPAL DE SÃO PAULO, E DÁ OUTRAS PROVIDÊNCIAS."
591420,PL 628/2021,PL,628,2021,DISPÕE SOBRE A PRORROGAÇÃO DE PRAZOS DE VIGÊNCIA DOS CONCURSOS DA SECRETARIA MUNICIPAL DE EDUCAÇÃO.
591771,PL 632/2021,PL,632,2021,"EQUIPARA OS CONSELHEIROS TUTELARES DO MUNICÍPIO DE SÃO PAULO À SERVIDORES
PÚBLICOS NO ÂMBITO MUNICIPAL PARA UTILIZAÇÃO DO HOSPITAL DO SERVIDOR PÚBLICO MUNICIPAL, ACRESCENTA O INCISO III AO ARTIGO 13º, DA LEI Nº 13.766, DE 21 DE JANEIRO DE 2004 E DÁ OUTRAS PROVIDÊNCIAS."
591772,PL 633/2021,PL,633,2021,DISPÕE SOBRE A CRIAÇÃO E ATRIBUIÇÕES DA EQUIPE TÉCNICA MULTIDISCIPLINAR DO CONSELHO TUTELAR E DÁ OUTRAS PROVIDENCIAS
591774,PL 634/2021,PL,634,2021,DISPÕE SOBRE O CRIAÇÃO E DISPONIBILIZAÇÃO DE CURSO DE CAPACITAÇÃO AOS PROFISSIONAIS ENVOLVIDOS NO ATENDIMENTO ÀS CRIANÇAS E ADOLESCENTES E DÁ OUTRAS PROVIDÊNCIAS
591844,PL 635/2021,PL,635,2021,"REVOGA A LEI Nº 15.399 DE 6 DE JULHO DE 2011, QUE “DISPÕE SOBRE DESAFETAÇÃO DE ÁREA MUNICIPAL E AUTORIZA O EXECUTIVO A ALIENAR, MEDIANTE LICITAÇÃO, NA MODALIDADE CONCORRÊNCIA, IMÓVEL SITUADO NA AVENIDA ALCÂNTARA MACHADO, DISTRITO DA MOOCA, SUBPREFEITURA DA MOOCA”, E DÁ OUTRAS PROVIDÊNCIAS."
592180,PL 636/2021,PL,636,2021,"AUTORIZA O PODER EXECUTIVO ALTERAR O ART. 230 DA LEI Nº 8.989, DE 29 DE OUTUBRO DE 1979, PROIBINDO A SUSPENSÃO DE PAGAMENTOS DE VENCIMENTOS DEVIDO À DEMORA NOS TRÂMITES ADMINISTRATIVOS."
592899,PL 655/2021,PL,655,2021,CRIA A CÉDULA DE IDENTIDADE FUNCIONAL DOS CONSELHEIROS TUTELARES DO MUNICÍPIO DE SÃO PAULO.
593396,PL 661/2021,PL,661,2021,"INSTITUI POLÍTICAS SOCIAIS PARA A SAÚDE DOS CADEIRANTES COM RETENÇÃO URINÁRIA DE LESÃO MEDULAR, E DÁ OUTRAS PROVIDÊNCIAS."
593511,PL 662/2021,PL,662,2021,"INSTITUI NO ÂMBITO DO MUNICÍPIO DE SÃO PAULO O PROGRAMA DE SAÚDE “CUIDANDO DE QUEM CUIDA ”, CRIA A CARTEIRA DE IDENTIFICAÇÃO DO CUIDADOR, E DÁ OUTRAS PROVIDÊNCIAS."
594502,PL 681/2021,PL,681,2021,"SUSPENDE A APLICAÇÃO DA RESOLUÇÃO BCB Nº 1, DE 12 DE AGOSTO DE 2020, NA FORMA QUE ESPECIFICA NO ÂMBITO DO MUNICÍPIO DE SÃO PAULO E DÁ OUTRAS PROVIDÊNCIAS."
595227,PL 692/2021,PL,692,2021,DISPÕE SOBRE O ESTABELECIMENTO DO PROGRAMA MUNICIPAL DE PROTEÇÃO À POPULAÇÃO CONTRA A COVID-19.
595398,PL 694/2021,PL,694,2021,INSTITUI O SERVIÇO DE CASAS DE ACOLHIMENTO INSTITUCIONAL DE JOVENS E ADOLESCENTES LGBTS NO MUNICÍPIO DE SÃO PAULO E DÁ OUTRAS PROVIDÊNCIAS.
595431,PL 696/2021,PL,696,2021,"INSTITUI O PROGRAMA CLUBE AMIGO DA CRIANÇA, COM O OBJETIVO DE ASSEGURAR O EXERCÍCIO DO DIREITO DE BRINCAR E DE PRATICAR ESPORTES SEGUROS."
595885,PL 701/2021,PL,701,2021,DISPÕE SOBRE ASSISTÊNCIA PSICOLÓGICA NAS ESCOLAS DA REDE PÚBLICA E PRIVADA DO MUNICÍPIO DE SÃO PAULO E DÁ OUTRAS PROVIDÊNCIAS.
595890,PL 702/2021,PL,702,2021,"DISPÕE SOBRE A INSTITUIÇÃO DO CIRCUITO CULTURAL, GASTRONÔMICO, TURÍSTICO E DE LAZER LAPAPACAEMBU E DÁ PROVIDÊNCIAS CORRELATAS."
596373,REC 26/2021,REC,26,2021,RECURSO LEGISLATIVO SOBRE DECISÃO PROFERIDA EM SESSÃO EXTRAORDINÁRIA DO DIA 14 DE OUTUBRO DE 2021 - PLO 7/21 - OFERECIDO PELO VEREADOR CELSO GIANNAZI. SOLICITA NULIDADE DOS VOTOS DOS VEREADORES VOTANTES DO EXTERIOR NA SESSÃO EXTRAORDINÁRIA DO DIA 14/10/21.
596561,PL 717/2021,PL,717,2021,"DISPÕE SOBRE A IMPLANTAÇÃO DO PERÍMETRO DE REGULAÇÃO URBANÍSTICA - PRU PARA A ZONA DE OCUPAÇÃO ESPECIAL (ZOE) DO COMPLEXO DESPORTIVO CONSTÂNCIO VAZ GUIMARÃES – GINÁSIO DO IBIRAPUERA, E DÁ OUTRAS PROVIDÊNCIAS."
597020,PL 723/2021,PL,723,2021,DISPÕE  SOBRE  A  OBRIGATORIEDADE  DE  OS HIPERMERCADOS LOCALIZADOS  NO MUNICÍPIO DE SÃO PAULO  UTILIZAREM  AVISO  SONORO  PARA  ATENDIMENTO DE PESSOAS COM DEFICIÊNCIA VISUAL
597254,PL 726/2021,PL,726,2021,"ALTERA A LEI Nº 14.488 DE 19 DE JULHO DE 2007 QUE “DISPÕE SOBRE A CRIAÇÃO DO FUNDO MUNICIPAL DE DESENVOLVIMENTO DE TRÂNSITO - FMDT”, PARA ESTABELECER QUE PERCENTUAIS MÍNIMOS DE INVESTIMENTO DOS RECURSOS DO REFERIDO FUNDO SEJAM APLICADOS EM MOBILIDADE ATIVA E TRANSPORTE COLETIVO, E DÁ OUTRAS PROVIDÊNCIAS."
597436,PL 728/2021,PL,728,2021,"AUTORIZA O PODER EXECUTIVO A DECLARAR DE INTERESSE SOCIAL PARA FINS DE DESAPROPRIAÇÃO O TERRENO PARTICULAR LOCALIZADO NA RUA  DO BOMBEIRO AO LADO DO NÚMERO 10.100, SUBPREFEITURA M’BOI MIRIM, E DÁ OUTRAS PROVIDÊNCIAS."
597644,PL 732/2021,PL,732,2021,DISPÕE SOBRE A INCLUSÃO DO ENSINO RELIGIOSO COMO DISCIPLINA OBRIGATÓRIA NA GRADE CURRICULAR NOS ESTABELECIMENTOS DA REDE PÚBLICA DE ENSINO DO MUNICÍPIO DE SÃO PAULO.
597656,PL 733/2021,PL,733,2021,"AUTORIZA O PODER EXECUTIVO ALTERAR O ARTIGO 230 DA LEI Nº 8.989, DE 29 DE OUTUBRO DE 1979, PROIBINDO A SUSPENSÃO DE PAGAMENTOS DE VENCIMENTOS DEVIDO À DEMORA NOS TRÂMITES ADMINISTRATIVOS."
597946,PL 739/2021,PL,739,2021,"DENOMINA PRAÇA VISTA VERDE, O LOGRADOURO PÚBLICO INOMINADO, LOCALIZADO NA RUA DESEMBARGADOR MANOEL CARLOS DA COSTA LEITE, 47 - CONJ. RES. VISTA VERDE – SUBPREFEITURA DE PIRITUBA."
598512,PL 753/2021,PL,753,2021,DECRETA O ESTADO DE EMERGÊNCIA CLIMÁTICA NO MUNICÍPIO DE SÃO PAULO E DÁ OUTRAS PROVIDÊNCIAS.
598557,PR 52/2021,PR,52,2021,INSTITUI O PROGRAMA CARBONO ZERO PARA NEUTRALIZAR AS EMISSÕES DE CARBONO GERADAS PELA CÂMARA MUNICIPAL DE SÃO PAULO.
598559,PL 754/2021,PL,754,2021,"DISPÕE SOBRE A CRIAÇÃO DO APLICATIVO DIRETOS PCD, CONTENDO O CATÁLOGO DE LEGISLAÇÃO REFERENTE À PESSOA COM DEFICIÊNCIA, NO ÂMBITO FEDERAL, ESTADUAL E MUNICIPAL, E DÁ OUTRAS PROVIDÊNCIAS."
598563,PL 755/2021,PL,755,2021,"REDENOMINA COMO AVENIDA CALIM EID - TIQUATIRA O LOGRADOURO DENOMINADO COMO AVENIDA CALIM EID, SITUADO NOS DISTRITOS DE PONTE RASA, PENHA E ARTHUR ALVIM."
598615,PL 758/2021,PL,758,2021,"CLASSIFICA OS ABSORVENTES HIGIÊNICOS COMO ITEM ESSENCIAL, NA FORMA QUE ESPECIFICA, E DÁ OUTRAS PROVIDÊNCIAS."
598902,PL 765/2021,PL,765,2021,"INSTITUI AOS GUARDAS CIVIS METROPOLITANOS A OBRIGATORIEDADE DE FORMAÇÃO EM RELAÇÕES ÉTNICO-RACIAIS E DIREITOS HUMANOS, E DÁ OUTRAS PROVIDÊNCIAS."
598903,PL 766/2021,PL,766,2021,"INSTITUI O CANAL DE ATENDIMENTO PARA DENÚNCIAS DE PRÁTICAS DE RACISMO E CONDUTAS ANÁLOGAS NA CIDADE DE SÃO PAULO, E DÁ OUTRAS PROVIDÊNCIAS."
598904,PL 767/2021,PL,767,2021,"INSTITUI A OBRIGATORIEDADE DO ENSINO DE AFRICANIDADES, HISTÓRIA INDÍGENA E RELAÇÕES ÉTNICO-RACIAIS NO ÂMBITO DA EDUCAÇÃO INFANTIL MUNICIPAL, E DÁ OUTRAS PROVIDÊNCIAS."
598905,PL 768/2021,PL,768,2021,"INSTITUI A IMPLEMENTAÇÃO DE FORMAÇÃO ANUAL EM SAÚDE INTEGRAL DA POPULAÇÃO NEGRA DESTINADA AOS PROFISSIONAIS MUNICIPAIS DA SAÚDE, E DÁ OUTRAS PROVIDÊNCIAS."
598910,PL 772/2021,PL,772,2021,"IMPLEMENTA A OBRIGATORIEDADE DE CAPACITAÇÃO AOS PARTICIPANTES DO PROGRAMA JOVEM MONITOR CULTURAL, ARTE EDUCADORES E PRODUTORES CULTURAIS PARA ATUAREM NA PROMOÇÃO DA CULTURA NEGRA E INDÍGENA, E DÁ OUTRAS PROVIDÊNCIAS."
599381,PL 780/2021,PL,780,2021,"ALTERA A LEI Nº 15.939, DE 23 DE DEZEMBRO DE 2013, PARA ESTABELECER O CHAMAMENTO MÍNIMO DE 20% DOS CANDIDATOS NEGROS, NEGRAS E AFRODESCENDENTES"
600356,PL 810/2021,PL,810,2021,"DETERMINA QUE OS SERVIÇOS TERCEIRIZADOS PELO PODER PÚBLICO QUE UTILIZAM VEÍCULOS, CAMINHÕES E MÁQUINAS PARA A PRESTAÇÃO DE SERVIÇOS SEJAM EQUIPADOS COM GPS PARA RASTREAMENTO, E DÁ OUTRAS PROVIDÊNCIAS."
601267,PL 821/2021,PL,821,2021,"DISPÕE A CRIAÇÃO DE COTAS PARA PESSOAS PORTADORAS DA SÍNDROME DE DOWN NOS ÓRGÃOS DA ADMINISTRAÇÃO PÚBLICA MUNICIPAL, NA FORMA QUE ESPECIFICA, E DÁ OUTRAS PROVIDÊNCIAS."
601269,PL 822/2021,PL,822,2021,"DISPÕE SOBRE O RECOLHIMENTO DE OSSOS E RESÍDUOS NOS ESTABELECIMENTOS QUE COMERCIALIZAM CARNES, E DÁ OUTRAS PROVIDÊNCIAS."
601482,PL 827/2021,PL,827,2021,"INSTITUI O DIA DA MEMÓRIA, VERDADE E JUSTIÇA PARA A JUVENTUDE E FAMILIARES VÍTIMAS DE VIOLÊNCIA DE ESTADO PRATICADA NAS PERIFERIAS, A SER CELEBRADO EM 1º DE DEZEMBRO."
601803,PL 832/2021,PL,832,2021,INSTITUI O PROGRAMA “RESPEITO TEM NOME” VOLTADO À PROMOÇÃO DA CIDADANIA DE PESSOAS TRANS E TRAVESTIS NO MUNICÍPIO DE SÃO PAULO E DÁ OUTRAS PROVIDÊNCIAS.
602060,PL 836/2021,PL,836,2021,AUTORIZA O PODER EXECUTIVO MUNICIPAL A CELEBRAR CONVÊNIOS ENTRE ÓRGÃOS E ENTIDADES DE DIFERENTES ENTES FEDERATIVOS PARA CRIAR PROTOCOLO ESTRATÉGICO DE ATENÇÃO À SAÚDE DE MUNÍCIPES QUE NECESSITEM DA REALIZAÇÃO DE PROCEDIMENTOS ESTÉTICO-REPARADORES.
602202,PL 841/2021,PL,841,2021,"AUTORIZA O PODER EXECUTIVO A CRIAR O PROGRAMA ""LUZ DIGITAL"" INSTITUÍDO NO ÂMBITO DA AGÊNCIA SÃO PAULO DE DESENVOLVIMENTO - ADE SAMPA"
602976,PL 854/2021,PL,854,2021,"DISPÕE SOBRE A CONCESSÃO DE ISENÇÃO PARCIAL, DE 50% (CINQUENTA POR CENTO) NO VALOR DO IMPOSTO PREDIAL E TERRITORIAL URBANO - IPTU PARA OS IMÓVEIS LOCALIZADOS NO TRECHO DA RUA ONDE ESTÃO IMPLANTADAS CICLOVIAS, E DÁ OUTRAS PROVIDÊNCIAS"
603469,PL 860/2021,PL,860,2021,"ALTERA A REDAÇÃO DO INCISO III, DO ARTIGO 64, DA LEI Nº 8.989, DE 29 DE OUTUBRO DE 1979, DÁ OUTRAS PROVIDÊNCIAS."
603599,PLO 10/2021,PLO,10,2021,"ALTERA A LEI ORGÂNICA DO MUNICÍPIO DE SÃO PAULO PARA VEDAR O EMPREGO DE TÉCNICAS DE ARQUITETURA HOSTIL, DESTINADAS A AFASTAR PESSOAS EM SITUAÇÃO DE RUA E OUTROS SEGMENTOS DA POPULAÇÃO."
603798,PL 865/2021,PL,865,2021,"DENOMINA PRAÇA GALDINO OLIVEIRA TEIXEIRA, O ESPAÇO LIVRE LOCALIZADO NA RUA LUIS BORDESE, ENTRE OS Nº43 E Nº188, SUBPREFEITURA CIDADE TIRADENTES, E DÁ OUTRAS PROVIDÊNCIAS."
604020,PL 867/2021,PL,867,2021,"DISPÕE SOBRE A AUTORIZAÇÃO DA PRORROGAÇÃO DOS CONTRATOS POR TEMPO DETERMINADO DE PROFESSORES, ALTERA A LEI Nº 17.437, DE 12 DE AGOSTO DE 2020, E DÁ OUTRAS PROVIDÊNCIAS."
604224,PL 870/2021,PL,870,2021,"DISPÕE SOBRE A ALTERAÇÃO DO QUADRO 7, ANEXO À LEI Nº 16.050, DE 31 DE JULHO DE 2014, QUE DISPÕE SOBRE A POLÍTICA DE DESENVOLVIMENTO URBANO, O SISTEMA DE PLANEJAMENTO URBANO E O PLANO DIRETOR ESTRATÉGICO DO MUNICÍPIO DE SÃO PAULO, PARA INCLUIR A CRIAÇÃO DO PARQUE MUNICIPAL SANTUÁRIO CHÁCARA ALFOMARES."
604459,PL 874/2021,PL,874,2021,DISPÕE SOBRE A IMPLANTAÇÃO DO PROGRAMA “ESCOLA 360” E DÁ OUTRAS PROVIDÊNCIAS.
605103,PDL 3/2022,PDL,3,2022,"SUSTA DECRETO Nº 60.967 DE 28 DE DEZEMBRO DE 2021, E TODOS OS SEUS EFEITOS."
605104,PL 4/2022,PL,4,2022,"DISPÕE SOBRE A DELIMITAÇÃO DAS ÁREAS DE PRESERVAÇÃO PERMANENTE NO MUNICÍPIO DE SÃO PAULO, E DÁ OUTRAS PROVIDÊNCIAS."
605687,PL 12/2022,PL,12,2022,"DENOMINA O LOGRADOURO PÚBLICO INOMINADO LOCALIZADO NA CONFLUÊNCIA DA RUA TAVARES GUERREIRO COM A RUA GOMES DE MELO, JARDIM NOVE DE JULHO – DISTRITO SÃO MATEUS – JOSÉ AUGUSTO DE SOUZA E DÁ OUTRAS PROVIDÊNCIAS"
605772,PL 20/2022,PL,20,2022,"ESTABELECE NORMAS PARA QUE O PODER PÚBLICO POR TPU, PERMITA O USO DE TODAS AS PRAÇAS PÚBLICAS DO MUNICÍPIO PARA INSTALAÇÃO DE BANCAS DE FLORES E/OU FRUTAS, NOS TERMOS QUE ESPECIFICA E DÁ OUTRAS PROVIDENCIAS."
605773,PL 21/2022,PL,21,2022,"DISPÕE SOBRE O RESPEITO DOS SERVIÇOS PÚBLICOS À DIGNIDADE ESPECIAL DE CRIANÇAS E ADOLESCENTES, PESSOAS EM DESENVOLVIMENTO E EM CONDIÇÃO ESPECIAL DE FRAGILIDADE PSICOLÓGICA NO MUNICÍPIO DE SÃO PAULO."
606047,PL 29/2022,PL,29,2022,"DISPÕE SOBRE A OBRIGATORIEDADE DE TRADUTOR E INTÉRPRETE DE LÍNGUA BRASILEIRA DE SINAIS – LIBRAS EM TODAS AS INSTITUIÇÕES FINANCEIRAS DO SETOR PRIVADO NO MUNICÍPIO DE SÃO PAULO, E DÁ OUTRAS PROVIDÊNCIAS."
606724,PL 37/2022,PL,37,2022,"DISPÕE SOBRE A DESTINAÇÃO ÀS MULHERES VÍTIMAS DE VIOLÊNCIA DOMÉSTICA, DE 5% DAS UNIDADES DE PROGRAMAS DE LOTEAMENTOS SOCIAIS E DE HABITAÇÃO POPULAR."
606877,PL 41/2022,PL,41,2022,"INSTITUI A POLÍTICA MUNICIPAL DE COMBATE COMUNITÁRIO À VIOLÊNCIA DOMÉSTICA E FAMILIAR CONTRA A MULHER, ESTABELECE DIRETRIZES E DÁ OUTRAS PROVIDÊNCIAS."
607012,RDP 1/2022,RDP,1,2022,"COM O OBJETIVO DE APERFEIÇOAR OS MÉTODOS DE ORGANIZAÇÃO DE DOCUMENTOS E COM O FIM DE VIABILIZAR O ARQUIVAMENTO DA DOCUMENTAÇÃO PERTINENTE E DO REGISTRO DOS TRABALHOS DESTA COMISSÃO, SOLICITO QUE SEJA FORMADO PROCESSO PARA A COMISSÃO DE EDUCAÇÃO, CULTURA E ESPORTES, REFERENTE AO ANO DE 2022."
607267,PL 50/2022,PL,50,2022,"DISPÕE SOBRE A AUTORIZAÇÃO PARA O PODER EXECUTIVO INSTITUIR A RENDA EMERGENCIAL PARA SITUAÇÕES DE EMERGÊNCIA DECORRENTES DE EVENTOS
HIDROLÓGICOS EXTREMOS NO MUNICÍPIO DE SÃO PAULO E DÁ OUTRAS PROVIDÊNCIAS."
607429,PL 58/2022,PL,58,2022,"ALTERA A LEI Nº 14.485, DE 19 DE JULHO DE 2007, PARA INCLUIR NO CALENDÁRIO DE EVENTOS DA CIDADE DE SÃO PAULO O DIA DA FAMÍLIA NA ESCOLA."
607446,PL 60/2022,PL,60,2022,"DISPÕE SOBRE A COMPENSAÇÃO FINANCEIRA A SER PAGA PELO MUNICÍPIO DE SÃO PAULO AOS ATINGIDOS POR DESASTRES, E DEMAIS PROVIDÊNCIAS."
607496,PL 62/2022,PL,62,2022,"ESTABELECE PERCENTUAL MÍNIMO NOS EDITAIS DE LICITAÇÃO PARA CONTRATAÇÃO DE SERVIÇOS PELA ADMINISTRAÇÃO PÚBLICA MUNICIPAL, DE ORIUNDOS OU EGRESSOS DO SISTEMA PRISIONAL, PARA FINS DE RESSOCIALIZAÇÃO, NA FORMA QUE ESPECIFICA E DÁ OUTRAS PROVIDÊNCIAS."
607497,PL 63/2022,PL,63,2022,"DENOMINA JORGE ALVES DE OLIVEIRA, A PRAÇA LOCALIZADA NO JARDIM SÃO FRANCISCO, NO DISTRITO DE CANGAÍBA, E DÁ OUTRAS PROVIDÊNCIAS."
607500,PL 65/2022,PL,65,2022,"ESTABELECE NORMAS PARA CARGA E DESCARGA EM CONDOMÍNIOS RESIDENCIAIS E COMERCIAIS, NA FORMA QUE ESPECIFICA, E DÁ OUTRAS PROVIDÊNCIAS."
607608,RDP 4/2022,RDP,4,2022,"COM O OBJETIVO DE APERFEIÇOAR OS MÉTODOS DE ORGANIZAÇÃO DE DOCUMENTOS E COM O FIM DE VIABILIZAR O ARQUIVAMENTO DA DOCUMENTAÇÃO PERTINENTE E DO REGISTRO DOS TRABALHOS DESTA COMISSÃO, SOLICITO QUE SEJA FORMADO PROCESSO PARA A COMISSÃO DE TRÂNSITO, TRANSPORTE E ATIVIDADE ECONÔMICA REFERENTE AO ANO DE 2022."
607610,RDP 5/2022,RDP,5,2022,"COM O OBJETIVO DE APERFEIÇOAR OS MÉTODOS DE ORGANIZAÇÃO DE DOCUMENTOS E COM O FIM DE VIABILIZAR O ARQUIVAMENTO DA DOCUMENTAÇÃO PERTINENTE E DO REGISTRO DOS TRABALHOS DESTA COMISSÃO, SOLICITO QUE SEJA FORMADO PROCESSO PARA A COMISSÃO DE ADMINISTRAÇÃO PÚBLICA REFERENTE AO ANO DE 2022."
607616,PL 70/2022,PL,70,2022,"AUTORIZA O EXECUTIVO A PROMOVER O CURSO EXTRACURRICULAR DE EMPREENDEDORISMO, JUNTO AOS ALUNOS DO ENSINO MÉDIO DAS ESCOLAS PÚBLICAS DO MUNICÍPIO DE SÃO PAULO."
607618,PL 71/2022,PL,71,2022,"DISPÕE A PADRONIZAÇÃO DE QUADRAS ESPORTIVAS NO MUNICÍPIO DE SÃO PAULO, NA FORMA QUE ESPECIFICA E DÁ OUTRAS PROVIDÊNCIAS."
607671,PL 75/2022,PL,75,2022,"DETERMINA A IMPLANTAÇÃO DE BRINQUEDOS PARA CRIANÇAS COM NECESSIDADES ESPECIAIS NAS PRAÇAS PÚBLICAS DO MUNICÍPIO DE SÃO PAULO, E DÁ OUTRAS PROVIDÊNCIAS"
608181,PL 82/2022,PL,82,2022,"""INSTITUI O PROGRAMA PLANTANDO O FUTURO NO MUNICÍPIO DE SÃO PAULO."""
608205,PL 84/2022,PL,84,2022,"""CRIA A OBRIGATORIEDADE DE IMPLANTE DE CHIPS DE IDENTIFICAÇÃO EM CÃES E GATOS DOADOS OU VENDIDOS NO MUNICÍPIO DE SÃO PAULO."""
608699,PL 98/2022,PL,98,2022,"INSTITUI A ""SEMANA DA CIDADANIA"" NA REDE MUNICIPAL DE ENSINO NO MUNICÍPIO DE SÃO PAULO E DÁ OUTRAS PROVIDÊNCIAS"
608703,PL 99/2022,PL,99,2022,"DISPÕE SOBRE A SINALIZAÇÃO DE LIXEIRAS COM FITA FLUORESCENTE, NA FORMA QUE ESPECIFICA E DÁ OUTRAS PROVIDÊNCIAS."
608705,PL 101/2022,PL,101,2022,DISPÕE SOBRE A INSTITUIÇÃO DO “AUXÍLIOCUIDAR” PARA AS CRIANÇAS E ADOLESCENTES QUE PERDERAM OS PAIS NA FORMA QUE ESPECIFICA E DÁ OUTRAS PROVIDÊNCIAS.
609042,PL 107/2022,PL,107,2022,DISPÕE SOBRE O ESTÍMULO AO APADRINHAMENTO AFETIVO DE IDOSOS NO MUNICÍPIO DE SÃO PAULO
609043,PL 108/2022,PL,108,2022,"ALTERA A LEI Nº 12.523, DE 28 DE NOVEMBRO DE 1997, PARA DISPOR SOBRE A PROIBIÇÃO DE ESTABELECIMENTO ROTATIVO PAGO, ZONA AZUL, NAS RUAS QUE CIRCUNDAM AS UNIDADES DE SAÚDE E
DE PRONTO ATENDIMENTO NO MUNICÍPIO DE SÃO PAULO."
609626,PL 122/2022,PL,122,2022,"DISPÕE SOBRE A REQUALIFICAÇÃO, OPERAÇÃO, MANUTENÇÃO E CONSERVAÇÃO DOS RESERVATÓRIOS DE DETENÇÃO DE ÁGUAS PLUVIAIS DA CIDADE DE SÃO PAULO E DÁ OUTRAS PROVIDÊNCIAS."
609739,PL 126/2022,PL,126,2022,"DENOMINA PRAÇA RITA DE CÁSSIA DE SOUZA SILVA A EXTREMIDADE DO CANTEIRO CENTRAL QUE ESPECIFICA, SITUADA NA SUBPREFEITURA JAÇANÃ-TREMEMBÉ, DISTRITO DO JAÇANÃ."
610003,PL 127/2022,PL,127,2022,"ALTERA OS CRITÉRIOS PARA CONTAGEM DE TEMPO COMO PERÍODO AQUISITIVO NECESSÁRIO PARA CONCESSÃO DE QUINQUÊNIOS E SEXTA PARTE PARA TODOS OS SERVIDORES PÚBLICOS MUNICIPAIS, NOS TERMOS DA LEI COMPLEMENTAR Nº 191/2022"
610004,PL 128/2022,PL,128,2022,"ESTABELECE DIRETRIZES PARA IMPLANTAÇÃO DA POLÍTICA PÚBLICA MUNICIPAL DE COMBATE À VIOLÊNCIA DOMÉSTICA E FAMILIAR CONTRA A MULHER, E DÁ OUTRAS PROVIDÊNCIAS"
610005,PL 129/2022,PL,129,2022,"DISPÕE SOBRE A INCLUSÃO DE MEDIDAS PARA CONSCIENTIZAÇÃO, PREVENÇÃO E COMBATE À EROTIZAÇÃO INFANTIL NAS ESCOLAS DA REDE PÚBLICA DO MUNICÍPIO DE SÃO PAULO, E DÁ OUTRAS PROVIDÊNCIAS."
610058,PL 130/2022,PL,130,2022,DISPÕE SOBRE A DESOBRIGAÇÃO DO USO DE MÁSCARA FACIAL NO TERRITÓRIO DO MUNICÍPIO DE SÃO PAULO.
610583,PL 135/2022,PL,135,2022,"DISPÕE SOBRE A CRIAÇÃO DO ""FUNDO DE ASSISTÊNCIA E SOLIDARIEDADE DO MUNICÍPIO DE SÃO PAULO - FAS SÃO PAULO, E DÁ OUTRAS PROVIDÊNCIAS"
610586,PL 137/2022,PL,137,2022,"DISPÕE SOBRE PARCERIAS COM TATUADORES PARA ATENDIMENTO DAS MULHERES QUE SOFRERAM TRAUMAS, QUEIMADURAS E DIFERENTES OCORRÊNCIAS, QUE RESULTARAM EM MARCAS E CICATRIZES NA PELE, NA FORMA QUE ESPECIFICA E DÁ OUTRAS PROVIDÊNCIAS."
611110,PL 151/2022,PL,151,2022,"DISPÕE SOBRE A ISENÇÃO NO PAGAMENTO DE TARIFA NO TRANSPORTE COLETIVO DE ÔNIBUS ÀS PESSOAS COM A DOENÇA FALCIFORME, NO ÂMBITO DO MUNICÍPIO DE SÃO PAULO, E DÁ OUTRAS PROVIDÊNCIAS."
611346,PL 155/2022,PL,155,2022,ESTABELECE A OBRIGATORIEDADE DE AUTORIZAÇÃO EXPRESSA E POR ESCRITO DOS PAIS OU RESPONSÁVEIS PARA VACINAÇÃO DE MENORES DE 18 ANOS.
611380,PL 156/2022,PL,156,2022,"CONCEDE ISENÇÃO DO IMPOSTO SOBRE SERVIÇOS DE QUALQUER NATUREZA – ISS PARA OS ENTES PARAESTATAIS QUE CELEBRARAM CONTRATO DE GESTÃO OU TERMO DE PARCERIA COM O MUNICÍPIO DE SÃO
PAULO E DÁ OUTRAS PROVIDÊNCIAS."
611490,PL 160/2022,PL,160,2022,"DA NOVA REDAÇÃO AO INCISO I, INSERE O INCISO V AO § 1º, DO ARTIGO 2º E CONFERE NOVA REDAÇÃO AO INCISO IV DO ARTIGO 6º DO DECRETO Nº 59.120, DE 4 DE DEZEMBRO DE 2019, E DÁ OUTRAS PROVIDÊNCIAS."
612343,PL 173/2022,PL,173,2022,INSTITUI O CURSO PARA USUÁRIOS DE VEÍCULOS DO TIPO BICICLETA E SIMILARES DE PROPULSÃO HUMANA.
612649,PL 179/2022,PL,179,2022,"O PRESENTE PROJETO, TEM POR FINALIDADE A FIXAÇÃO DE ALÍQUOTA DIFERENCIADAS PARA AS EMPRESAS QUE FAZEM O TRANSPORTE DE MEDICAMENTOS RADIOFÁRMACOS E ONCOLÓGICOS."
612723,PL 180/2022,PL,180,2022,"O PRESENTE PROJETO, TEM POR FINALIDADE A ISENÇÃO DO RODIZIO E A PERMISSÃO DA CIRCULAÇÃO EM FAIXA EXCLUSIVA DE ÔNIBUS PARA OS VEÍCULOS QUE FAZEM O TRANSPORTE DE MEDICAMENTOS RADIOFÁRMACOS E ONCOLÓGICOS CUJO A VIDA ÚTIL POSSA SER COMPROMETIDA PELO TEMPO DE DESLOCAMENTO. ASSIM, INCLUI À ALÍNEA “Q” NO INCISO VIII DO ARTIGO 3º DO DECRETO Nº 58.584, 
DE 20 DE DEZEMBRO DE 2018, QUE REGULAMENTA AS LEIS Nº 12.490, DE 3 DE OUTUBRO DE 1997, Nº 12.632, DE 6 DE MAIO DE 1998, Nº 14.751, DE 28 DE MAIO DE 2008, E Nº 16.813, DE 1º DE FEVEREIRO DE 2018, APLICÁVEIS AO RODÍZIO MUNICIPAL, NO ÂMBITO DO MUNICÍPIO DE SÃO PAULO."
612957,PL 187/2022,PL,187,2022,CRIA PROGRAMA DE COMBATE À VIOLÊNCIA CONTRA AS MULHERES NO ÂMBITO DO MUNICÍPIO DE SÃO PAULO E DÁ OUTRAS PROVIDÊNCIAS.
613057,PL 190/2022,PL,190,2022,"DISPÕE SOBRE A AUTORIZAÇÃO DE CONCESSÃO DE ISENÇÃO DE PAGAMENTO DE TARIFAS DE ÔNIBUS QUE INTEGRAM OS SERVIÇOS DO SISTEMA MUNICIPAL DE TRANSPORTE POR MEIO DO “PASSE LIVRE
PRÓ EMPREGO”, PARA OS MUNÍCIPES QUE ESTEJAM DESEMPREGADOS E DÁ OUTRAS PROVIDÊNCIAS"
613065,PL 192/2022,PL,192,2022,"DISPÕE SOBRE A INSERÇÃO DE MECANISMOS E INSTRUMENTOS NO AMBIENTE ESCOLAR, PARA DETECÇÃO DE VIOLÊNCIA DOMÉSTICA CONTRA CRIANÇAS E ADOLESCENTES"
613066,PL 193/2022,PL,193,2022,CRIA O CADASTRO MUNICIPAL DE INFORMAÇÕES PARA O COMBATE À VIOLÊNCIA CONTRA A MULHER
613761,PL 208/2022,PL,208,2022,ESTABELECE O SEXO BIOLÓGICO COMO O ÚNICO CRITÉRIO PARA DEFINIÇÃO DE GÊNERO DE COMPETIDORES EM PARTIDAS ESPORTIVAS OFICIAIS DO MUNICÍPIO DE SÃO PAULO
613780,PL 209/2022,PL,209,2022,"ALTERA A LEI MUNICIPAL 13.478, DE 2002, QUE DISPÕE SOBRE A ORGANIZAÇÃO DO SISTEMA DE LIMPEZA URBANA NO MUNICÍPIO DE SÃO PAULO, A FIM DE DISPOR SOBRE PENALIDADE PARA QUEM JOGA LIXO EM VIAS E LOGRADOUROS DO MUNICÍPIO"
613787,PL 211/2022,PL,211,2022,"ALTERA A LEI MUNICIPAL Nº 17.675, DE 08 DE OUTUBRO DE 2021, E DÁ OUTRAS PROVIDÊNCIAS. (MODIFICA CRITÉRIOS PARA INDICAÇÃO DE LOCAL DE LOTAÇÃO DE SERVIDOR PÚBLICO)"
613883,PL 213/2022,PL,213,2022,"ALTERA A LEI Nº 16.061, DE 13 DE AGOSTO DE 2014.(INSTITUI O PROGRAMA CUIDADOR DE IDOSOS NO ÂMBITO DO MUNICÍPIO DE SÃO PAULO E DÁ OUTRAS PROVIDÊNCIAS.)"
613894,PL 216/2022,PL,216,2022,"INSTITUI O DIREITO DE UTILIZAÇÃO DE ÁREAS E DE ESPAÇOS PÚBLICOS PARA GRUPOS RELIGIOSOS, ENTIDADES OU ORGANIZAÇÕES SOCIAIS, PARA PROMOVEREM ASSISTÊNCIA E DISTRIBUIÇÃO DE
ALIMENTOS ÀS PESSOAS QUE SE ENCONTRAM EM SITUAÇÃO DE VULNERABILIDADE."
613937,PL 217/2022,PL,217,2022,"ALTERA A DENOMINAÇÃO DA TRAVESSA HELIODORA, QUE PASSA A DENOMINAR-SE TRAVESSA MANUEL JORGE CAETANO, O LOGRADOURO PÚBLICO DELIMITADO PELA RUA HELIODORA E AVENIDA BRAZ LEME, SITUADO NO BAIRRO DE SANTANA – ZONA NORTE."
614246,PL 223/2022,PL,223,2022,"“ALTERA A LEI Nº 14.660, DE 26 DE DEZEMBRO DE 2007, QUE CONSOLIDOU O ESTATUTO DOS PROFISSIONAIS DA EDUCAÇÃO MUNICIPAL, PARA DISPOR SOBRE A EVOLUÇÃO FUNCIONAL DOS INTEGRANTES DO QUADRO DE APOIO À EDUCAÇÃO, E REVOGA DISPOSITIVOS DA LEI Nº 14.715, DE 8 DE ABRIL DE 2008”."
614315,PL 224/2022,PL,224,2022,"DISPÕE SOBRE A INSTALAÇÃO DE EQUIPAMENTOS PÚBLICOS DE ACOLHIMENTO TEMPORÁRIO, E DÁ OUTRAS PROVIDÊNCIAS."
614385,PL 228/2022,PL,228,2022,"DISPÕE SOBRE A CAPACITAÇÃO DE FUNCIONÁRIOS DE ESTABELECIMENTOS NA FORMA QUE ESPECIFICA, A FIM DE HABILITÁLOS A IDENTIFICAR E COMBATER O ASSÉDIO SEXUAL E A CULTURA DO ESTUPRO PRATICADOS CONTRA AS MULHERES, E DÁ OUTRAS
PROVIDÊNCIAS."
614405,PL 238/2022,PL,238,2022,"AUTORIZA A ADMINISTRAÇÃO MUNICIPAL A DESTINAR ÁREA E CONSTRUIR EDIFICAÇÃO COM A FINALIDADE DE SERVIR COMO
CREMATÓRIO PÚBLICO DE ANIMAIS NO MUNICÍPIO DE SÃO PAULO."
614793,PL 241/2022,PL,241,2022,ALTERA A LEI MUNICIPAL N. 14.660 DE 26 DE DEZEMBRO DE 2007 E DÁ OUTRAS PROVIDÊNCIAS.
614933,PL 245/2022,PL,245,2022,ALTERA A DENOMINAÇÃO DA RUA MARGINAL DOIS PARA RUA PROFESSOR JAIME JESUS LEAL LOCALIZADA NO BAIRRO JARDIM APURÁ - SUBPREFEITURA DA CIDADE ADEMAR.
614938,PL 246/2022,PL,246,2022,"DISPÕE SOBRE A PRIORIDADE PARA ATENDIMENTO E EMISSÃO DE LAUDOS PELAS UNIDADES DA REDE PÚBLICA DE SAÚDE DO MUNICÍPIO DE SÃO PAULO, PARA MULHERES VÍTIMAS DE VIOLÊNCIA DOMÉSTICA E FAMILIAR E VÍTIMAS DE ESTUPRO DE VULNERÁVEIS E DÁ OUTRAS PROVIDÊNCIAS."
614941,PL 247/2022,PL,247,2022,INSTITUI POLÍTICAS PÚBLICAS PARA IDOSOS NO MUNICÍPIO DE SÃO PAULO.
614984,PL 248/2022,PL,248,2022,ESTABELECE DIRETRIZES PARA A INSTITUIÇÃO DO “PROGRAMA ÓRFÃOS DO FEMINICÍDIO” NO ÂMBITO DO MUNICÍPIO DE SÃO PAULO.
615266,PL 256/2022,PL,256,2022,"CRIA A POLÍTICA MUNICIPAL DE COMBATE AO FASCISMO NA CIDADE DE SÃO PAULO, E DÁ 
OUTRAS PROVIDÊNCIAS"
615937,PL 264/2022,PL,264,2022,"INSTITUI DIRETRIZES PARA O APOIO MÉDICO E PSICOLÓGICO AOS SERVIDORES DA DEFESA CIVIL MUNICIPAL, E DÁ OUTRAS PROVIDÊNCIAS."
616408,PL 278/2022,PL,278,2022,“AUTORIZA O PODER EXECUTIVO A ADOTAR MEDIDAS EXCEPCIONAIS NO ÂMBITO DO HOSPITAL DO SERVIDOR PÚBLICO PARA A OTIMIZAÇÃO DO ATENDIMENTO DE SERVIDORES PÚBLICOS MUNICIPAIS COM MÉDICOS ESPECIALISTAS”.
616478,PL 282/2022,PL,282,2022,"ALTERA A DENOMINAÇÃO DA RUA TABOÃO, SITUADA NO BAIRRO DE SUMARÉ, PARA RUA DESEMBARGADOR VALENTIM ALVES DA SILVA."
616595,PL 283/2022,PL,283,2022,"DISPÕE SOBRE O DIREITO DE ORIENTAÇÃO E AUXÍLIO AOS USUÁRIOS DO TRANSPORTE COLETIVO DA CIDADE DE SÃO PAULO, E DÁ OUTRAS PROVIDÊNCIAS."
616983,PL 291/2022,PL,291,2022,"PROPÕE NOMEAÇÃO DO ESPAÇO PÚBLICO INOMINADO, COMO AUDITÓRIO MARIA DE HOLANDA INTEGRADO AO COMPLEXO CEU PARQUE DO CARMO. SITUADO NA RUA GUERRA DE AGUIAR, 63­237 ­ JARDIM NOSSA SRA. DO CARMO, SÃO PAULO ­ SP, 08270­000 E DÁ OUTRAS PROVIDÊNCIAS"
617105,PL 294/2022,PL,294,2022,"DISPÕE SOBRE A OBRIGATORIEDADE DA PRESENÇA DE PESSOA TREINADAS PARA REALIZAR O TESTE DE GLICEMIA CAPILAR E ADMINISTRAR INSULINA NAS UNIDADES DE EDUCAÇÃO INFANTIL E DE ENSINO 
FUNDAMENTAL NA CIDADE DE SÃO PAULO."
617449,PL 299/2022,PL,299,2022,"INSTITUI NO MUNICÍPIO DE SÃO PAULO O PROGRAMA ""PEQUENOS ATLETAS""."
617468,PL 304/2022,PL,304,2022,"ACRESCE, REVOGA E ALTERA DISPOSITIVOS DA LEI 13.712 DE 7 DE JANEIRO DE 2004, QUE DISPÕE SOBRE INCENTIVOS FISCAIS A CINEMAS QUE FUNCIONEM EM IMÓVEIS CUJO ACESSO SEJA POR LOGRADOURO PÚBLICO OU EM ESPAÇOS SEMIPÚBLICOS DE CIRCULAÇÃO EM GALERIAS, MEDIANTE CONTRAPARTIDAS SOCIOCULTURAIS."
617615,PL 307/2022,PL,307,2022,AUTORIZA A CRIAÇÃO DO HOSPITAL VETERINÁRIO DE ITAQUERA NO ÂMBITO DO MUNICÍPIO DE SÃO PAULO E DÁ OUTRAS PROVIDÊNCIAS.
617760,PL 311/2022,PL,311,2022,"DISPÕE  SOBRE A GRATUIDADE  DOS TRANSPORTES PÚBLICOS MUNICIPAIS NOS DIAS DE REALIZAÇÃO DAS PROVAS DO  EXAME  NACIONAL  DO  ENSINO
MÉDIO (ENEM) E  DEMAIS VESTIBULARES DE UNIVERSIDADES PÚBLICAS COM PROVAS REALIZADAS NO MUNICÍPIO DE SÃO PAULO."
618205,PL 315/2022,PL,315,2022,"ACRESCENTA ART. 32-A À LEI 14.660, DE 26 DE DEZEMBRO DE 2007, E DÁ OUTRAS PROVIDÊNCIAS. (PREVÊ UM PROCESSO INICIAL ANUAL DE ESCOLHA/ATRIBUIÇÃO PARA O ANO LETIVO, NORMATIZANDO A DELEGAÇÃO DE ATRIBUIÇÕES DOS MEMBROS DO QUADRO DE APOIO À EDUCAÇÃO DA REDE MUNICIPAL DE EDUCAÇÃO)"
618418,PL 323/2022,PL,323,2022,DISPÕE SOBRE A OBRIGATORIEDADE DOS NOVOS PRÉDIOS E CONSTRUÇÕES DE EFETUAR O ENTERRAMENTO DOS FIOS DA RESPECTIVA QUADRA E DÁ OUTRAS PROVIDÊNCIAS.
619111,PL 333/2022,PL,333,2022,"CONSIDERA COMO LICENÇA POR ACIDENTE DE TRABALHO/DOENÇA PROFISSIONAL, NA FORMA DO ARTIGO 160 DA LEI 8989/79, O PERÍODO DE AFASTAMENTO PARA TRATAMENTO DA SAÚDE DO SERVIDOR DA GUARDA CIVIL METROPOLITANA EM RAZÃO DE INFECÇÃO POR COVID19, E DÁ OUTRAS PROVIDÊNCIAS."
619426,PL 338/2022,PL,338,2022,"DISPÕE SOBRE ALTERAÇÃO A LEI MUNICIPAL Nº 13.766/2004 REGULADA PELO DECRETO 50.564/2009. (TRATA DA ALTERAÇÃO DO ARTIGO 13º DESTA LEI, REFERENTE AOS DEPENDENTES DOS SERVIDORES MUNICIPAIS PARA OS SERVIÇOS DE ASSISTÊNCIA MÉDICA, HOSPITALAR, DOMICILIAR, ODONTOLÓGICA E FARMACÊUTICA DO HSPM)"
620406,PL 346/2022,PL,346,2022,"INSTITUI SANÇÃO ADMINISTRATIVA ÀS PESSOAS FÍSICAS, JURÍDICAS OU AGENTES PÚBLICOS QUE DISCRIMINAREM AS PESSOAS COM TRANSTORNO DO ESPECTRO AUTISTA (TEA) NO MUNICÍPIO DE SÃO PAULO, E DÁ OUTRAS PROVIDÊNCIAS."
620538,PL 348/2022,PL,348,2022,"DISPÕE SOBRE A RENOVAÇÃO DOS ALVARÁS DAS FARMÁCIAS SITUADAS NO MUNICÍPIO DE SÃO PAULO, NA FORMA QUE ESPECIFICA E DÁ OUTRAS PROVIDÊNCIAS."
620607,PL 350/2022,PL,350,2022,"PROÍBE A CELEBRAÇÃO OU RENOVAÇÃO DE CONTRATOS, EMISSÃO DE ALVARÁS E LICENÇAS PARA ENTIDADES E PESSOAS JURÍDICAS QUE TENHAM EM SEU QUADRO DE SÓCIOS, GESTORES, ADMINISTRADORES E FUNCIONÁRIOS, INDIVÍDUOS CONDENADOS POR CRIME DE MAUS TRATOS A ANIMAIS E DÁ OUTRAS PROVIDENCIAS."
620608,PL 351/2022,PL,351,2022,"INSTITUI A “FICHA LIMPA NAS CRECHES E ESCOLAS”, ALTERA A LEI Nº 11.123, DE 22 DE NOVEMBRO DE 1991 E DÁ OUTRAS PROVIDÊNCIAS."
621286,PL 363/2022,PL,363,2022,AUTORIZA O PODER EXECUTIVO A ALTERAR REQUISITOS DOS DEPENDENTES PARA FINS DE UTILIZAÇÃO DOS SERVIÇOS DO HOSPITAL DO SERVIDOR PÚBLICO MUNICIPAL – HSPM.
621541,PL 367/2022,PL,367,2022,"DENOMINA PRAÇA OSCAR GONÇALVES O ESPAÇO PÚBLICO INOMINADO, LOCALIZADO NA RUA PEDRO MACIEL, ALT. DO Nº 232, VILA JACUÍ, SUBPREFEITURA SÃO MIGUEL PAULISTA, E DÁ OUTRAS PROVIDÊNCIAS."
621847,PL 369/2022,PL,369,2022,CRIA O PROGRAMA DE ALFABETIZAÇÃO DIGITAL DA TERCEIRA IDADE.
622129,PL 373/2022,PL,373,2022,"GARANTE O ABONO DE FALTA AO TRABALHO DE PAIS E RESPONSÁVEIS POR ALUNOS, PARA PARTICIPAÇÃO EM REUNIÕES BIMESTRAIS OFICIALIZADA NO CALENDÁRIO ESCOLAR DAS ESCOLAS PÚBLICAS E PRIVADAS DO MUNICÍPIO DE SÃO PAULO"
622231,PL 378/2022,PL,378,2022,"PROÍBE MANIFESTAÇÕES DE CUNHO ELEITORAL COM APOIO EXPLÍCITO A UM PARTIDO OU CANDIDATO POR PARTE DE ARTISTAS E EMPRESAS CONTRATADAS COM VERBA PÚBLICA, FIXANDO PENA DE RETENÇÃO DO PAGAMENTO DO CACHÊ E DÁ OUTRAS PROVIDÊNCIAS."
622232,PL 379/2022,PL,379,2022,"DISPÕE SOBRE A DISPENSA DOS AGENTES COMUNITÁRIOS DE SAÚDE - ACS, CONSTANTES DO QUADRO DE SERVIDORES DO MUNICÍPIO, DO PAGAMENTO DE TARIFA NOS VEÍCULOS DO SISTEMA DE TRANSPORTE COLETIVO URBANO DE PASSAGEIROS DO MUNICÍPIO DE SÃO PAULO"
622805,PL 390/2022,PL,390,2022,DISPÕE SOBRE A CRIAÇÃO DO PARQUE MUNICIPAL DO INSTITUTO DE APOSENTADORIAS E PENSÕES DOS INDUSTRIÁRIOS - I.A.P.I E DÁ OUTRAS PROVIDÊNCIAS.
623495,PL 397/2022,PL,397,2022,"DENOMINA ""PRAÇA ANTÔNIO JOSÉ MENDES TEIXEIRA (TONINHO DO JORNAL)"" O ESPAÇO PÚBLICO LOCALIZADO NA RUA AMÉRICO GOMES DA COSTA, S/N - SÃO MIGUEL PAULISTA - SP, CODLOG 012002, E DÁ OUTRAS PROVIDÊNCIAS."
624044,PL 402/2022,PL,402,2022,"DISPÕE SOBRE A INCLUSÃO NO CALENDÁRIO DE EVENTOS DA CIDADE DE SÃO PAULO, A CAMINHADA DO SILÊNCIO PELAS VÍTIMAS DE VIOLÊNCIA DO ESTADO, A SER REALIZADA ANUALMENTE NO 1º DOMINGO DE ABRIL, E DÁ OUTRAS PROVIDÊNCIAS."
624293,PL 406/2022,PL,406,2022,DISPÕE SOBRE A CRIAÇÃO DO PARQUE DA CASA VERDE E DÁ OUTRAS PROVIDÊNCIAS.
624466,PL 412/2022,PL,412,2022,"ACRESCENTA À DENOMINAÇÃO DA UNIDADE BÁSICA DE SAÚDE – UBS/AMA PARQUE DOROTEIA, O NOME OTACÍLIO MADEIRA."
624721,PL 415/2022,PL,415,2022,"DENOMINA PRAÇA CANHOBA O ESPAÇO LIVRE SEM DENOMINAÇÃO, SITUADO AO LADO DO SQL: 187.059.0039-4, NO ÂMBITO DA SUBPREFEITURA
PERUS."
624723,PL 416/2022,PL,416,2022,"ALTERA A LEI Nº 13.307, DE 23 DE JANEIRO DE 2002, PARA INSTITUIR A OBRIGATORIEDADE DE LETRAS GRANDES NOS PREÇOS DOS PRODUTOS POSTOS À VENDA."
624742,PL 418/2022,PL,418,2022,INSTITUI O PROGRAMA DE REABILITAÇÃO SOCIAL DAS PESSOAS COM DEFICIÊNCIA AUDITIVA E DÁ OUTRAS PROVIDÊNCIAS.
624765,PL 419/2022,PL,419,2022,DISPÕE SOBRE A RESTRIÇÃO DO USO DE TECNOLOGIAS DE RECONHECIMENTO FACIAL PELO PODER PÚBLICO NO MUNICÍPIO DE SÃO PAULO.
624867,PL 420/2022,PL,420,2022,ALTERA A DENOMINAÇÃO DA AVENIDA ENGENHEIRO GEORGE CORBISIER E DÁ OUTRAS PROVIDÊNCIAS.
624898,PL 422/2022,PL,422,2022,ALTERA A DENOMINAÇÃO DA PRAÇA SALVADOR SABATÉ PARA PRAÇA BÍBLICA SALVADOR SABATÉ.
624953,PDL 66/2022,PDL,66,2022,"SUSTA A PORTARIA CONJUNTA SECRETARIA MUNICIPAL DA SAÚDE - SMS; SECRETARIA MUNICIPAL DE EDUCAÇÃO - SME Nº 377 DE 20 DE JUNHO DE 2022, E TODOS OS SEUS EFEITOS. (DISPÕE SOBRE AS MEDIDAS A SEREM ADOTADAS FRENTE A CASOS POSITIVOS E SURTOS DE SÍNDROME GRIPAL POR COVID-19, EM INSTITUIÇÕES DE ENSINO.)"
625866,PL 439/2022,PL,439,2022,"UNIFICA AS RUAS ALESSANDRO GIULIO DELL’ARINGA E PADRE ANTHONY SAMMUT, NO DISTRITO DE SÃO MATHEUS, QUE PASSAM A SER DENOMINADAS RUA AZUSA E DÁ OUTRAS PROVIDÊNCIAS."
625867,PL 440/2022,PL,440,2022,"DENOMINA PRAÇA PASTOR ANTONIO DA SILVA PAIVA A PRAÇA INOMINADA LOCALIZADA NA CONFLUÊNCIA DAS RUAS SALVADOR FONTOURA, ASSIS PACHECO NETO E FERNÃO MENDES PINTO, VILA CISPER, DISTRITO DE ERMELINO MATARAZZO E DÁ OUTRAS PROVIDÊNCIAS."
626484,PL 448/2022,PL,448,2022,"DISPÕE SOBRE A CONCESSÃO DE DESCONTO NO IPTU INCIDENTE SOBRE OS TERRENOS OU IMÓVEIS, LOCALIZADOS NAS ZONAS ESPECIAIS DE INTERESSE SOCIAL (ZEIS), E DÁ OUTRAS PROVIDÊNCIAS"
626515,PL 450/2022,PL,450,2022,"DENOMINA ESTRADA FRANCISCA DE ARAÚJO PEREIRA, A VIA LOCAL CONHECIDA COMO ESTRADA DO PÔRTO, CODLOG 383082, NO JARDIM MARILDA, E DÁ OUTRAS PROVIDÊNCIAS."
626523,PL 453/2022,PL,453,2022,"INSERE INCISO III AO ART. 67 DA LEI MUNICIPAL Nº 14.660, DE 26 DE DEZEMBRO DE 2007, E DÁ OUTRAS PROVIDÊNCIAS. [PERMITE QUE SERVIDORES PERTENCENTES AO QUADRO DE APOIO À EDUCAÇÃO EXERÇAM CARGOS COMISSIONADOS NA CÂMARA MUNICIPAL DE SÃO PAULO]"
626619,PDL 72/2022,PDL,72,2022,"SUSTA OS EFEITOS DO DECRETO Nº 61.242, DE 20 DE ABRIL DE 2022 QUE REGULAMENTA AS LEIS Nº 17.708, DE 3 DE NOVEMBRO DE 2021, E Nº 17.720, DE 2 DE DEZEMBRO DE 2021, COM ALTERAÇÕES 
SUBSEQUENTES, DISPONDO SOBRE OS CARGOS DE PROVIMENTO EM COMISSÃO E AS FUNÇÕES DE CONFIANÇA DA ADMINISTRAÇÃO PÚBLICA MUNICIPAL, E TODOS OS SEUS EFEITOS"
626833,PL 457/2022,PL,457,2022,"DISPÕE SOBRE A CRIAÇÃO DO PROGRAMA DE INCENTIVO “TÔ DE BIKE” NA CIDADE DE SÃO PAULO, E DÁ OUTRAS PROVIDÊNCIAS."
626834,PL 458/2022,PL,458,2022,"DISPÕE SOBRE A INSTALAÇÃO DE ESTACIONAMENTO PARA BICICLETAS OU BICICLETÁRIOS NOS IMÓVEIS QUE ESPECÍFICA, E DÁ OUTRAS PROVIDÊNCIAS."
626835,PL 459/2022,PL,459,2022,"DISPÕE SOBRE A OBRIGATORIEDADE DA IMPLANTAÇÃO DE CICLOVIAS EM NOVOS PROJETOS URBANÍSTICOS NO MUNICÍPIO DE SÃO PAULO, E DÁ OUTRAS PROVIDÊNCIAS."
626899,PL 463/2022,PL,463,2022,DISPÕE SOBRE A DECLARAÇÃO DE UTILIDADE PÚBLICA DA “ONG + AÇÃO MENINOS DA CRATERA”.
627007,PL 465/2022,PL,465,2022,DISPÕE SOBRE AS COTAS RACIAIS NO MUNICÍPIO DE SÃO PAULO E DÁ OUTRAS PROVIDÊNCIAS.
627088,PL 468/2022,PL,468,2022,DISPÕE SOBRE A CRIAÇÃO DO HOSPITAL PÚBLICO VETERINÁRIO DE PEDREIRA.
627089,PL 469/2022,PL,469,2022,DISPÕE SOBRE A CRIAÇÃO DO HOSPITAL PÚBLICO VETERINÁRIO DE PARELHEIROS.
627253,PL 474/2022,PL,474,2022,"ESTABELECE O TEMPO DE OPERAÇÃO DE VEÍCULO UTILIZADO NA EXPLORAÇÃO DE ATIVIDADES DE TRANSPORTE INDIVIDUAL REMUNERADA E DA OUTRAS
PROVIDÊNCIAS."
627256,PL 475/2022,PL,475,2022,"ESTABELECE A OBRIGATORIEDADE DAS ESCOLAS PÚBLICAS E PRIVADAS A DISPONIBILIZAREM ALIMENTOS ALTERNATIVOS PARA ALUNOS QUE TENHAM INTOLERÂNCIA OU ALERGIA A ALGUNS ALIMENTOS, OU RESTRIÇÕES ALIMENTARES EM RAZÃO DE QUESTÕES RELIGIOSAS, NA FORMA QUE ESPECIFICA E DA OUTRAS PROVIDÊNCIAS."
627312,PL 477/2022,PL,477,2022,"DENOMINA RAIMUNDA DA CONCEIÇÃO, A PRAÇA INOMINADA LOCALIZADA ENTRE AS RUAS NELSON CAMARGO, INÁCIO VICENTE RODRIGUES E AV BENTO GIL DE RIBEIRO, NO JARDIM VIRGÍNIA - ITAIM PAULISTA, E DÁ OUTRAS PROVIDÊNCIAS."
627364,PL 479/2022,PL,479,2022,"PROÍBE A COBRANÇA DE INGRESSO AOS MENORES DE 06 ANOS EM ESPETÁCULOS, CASAS DE SHOW E ATIVIDADES DESPORTIVAS REALIZADAS EM ESTÁDIOS E GINÁSIOS NO MUNICÍPIO DE SÃO PAULO."
627648,PL 484/2022,PL,484,2022,"DISPÕE SOBRE OS CRITÉRIOS DE REVISÃO ADMINISTRATIVA DE LANÇAMENTO DO IPTU, E DÁ OUTRAS PROVIDÊNCIAS."
627820,PL 485/2022,PL,485,2022,DISPÕE SOBRE A OBRIGATORIEDADE DOS ÓRGÃOS MUNICIAIS FORMALIZAREM AS NOTIFICAÇÕES DE AUTUAÇÕES ATRAVÉS DE SMS EM ATÉ 48 HORAS DA DATA DE SUA EMISSÃO E DÁ OUTRAS PROVIDÊNCIAS.
627821,PL 486/2022,PL,486,2022,ESTABELECE MECANISMOS PARA DESESTIMULAR A APLICAÇÃO DE PENALIDADES DESNECESSÁRIAS NO ÂMBITO DO MUNICÍPIO DE SÃO PAULO.
628164,PL 493/2022,PL,493,2022,"DISPÕE SOBRE A REMISSÃO DOS DÉBITOS DO IMPOSTO PREDIAL E TERRITORIAL URBANO - IPTU, RELATIVOS AO EXERCÍCIO DE 2022 E, ALTERNATIVAMENTE, SOBRE A ISENÇÃO DO MESMO TRIBUTO 
RELATIVO AO EXERCÍCIO DE 2023, E INCIDENTES SOBRE OS IMÓVEIS ATINGIDOS PELO INCÊNDIO INICIADO NO DIA 10 DE JULHO DE 2022."
628247,PL 495/2022,PL,495,2022,"INSTITUI, NO MUNICÍPIO DE SÃO PAULO, O COMBATE AO ACESSO DA CRIANÇA A CONTEÚDO PORNOGRÁFICO"
628358,PL 499/2022,PL,499,2022,"AUTORIZA A CRIAÇÃO DO AUXÍLIO APOSENTADORIA DESTINADO AOS CÃES APOSENTADOS E DOADOS, DO CANIL DA GUARDA CIVIL MUNICIPAL DO MUNICÍPIO DE SÃO PAULO."
628713,PL 502/2022,PL,502,2022,"DISPÕE SOBRE A OBRIGATORIEDADE DE COMUNICAÇÃO, POR PARTE DE INSTITUIÇÕES HOSPITALARES DO MUNICÍPIO DE SÃO PAULO, DE RECÉM-NASCIDOS COM FISSURA LABIOPALATAL ÀS INSTITUIÇÕES QUE ESPECIFICA, E DÁ OUTRAS PROVIDÊNCIAS."
628716,PL 503/2022,PL,503,2022,"DENOMINA PONTE JÔ SOARES, A PONTE DE LIGAÇÃO DOS 
BAIRROS LAPA/PIRITUBA E DÁ OUTRAS PROVIDÊNCIAS."
629342,PL 511/2022,PL,511,2022,"DISPÕE SOBRE A GRATUIDADE DO TRANSPORTE PÚBLICO MUNICIPAL PARA ESTUDANTES DE NÍVEL TÉCNICO E SUPERIOR, NO CUMPRIMENTO DE CARGA HORÁRIA OBRIGATÓRIA DE ESTÁGIO, CONFORME RESOLUÇÕES PRÓPRIAS DO MINISTÉRIO DA EDUCAÇÃO - MEC E DÁ OUTRAS PROVIDÊNCIAS."
629889,PL 517/2022,PL,517,2022,"ALTERA A LEI Nº 12.556, DE 8 DE JANEIRO DE 1998, PARA INSTITUIR O PROGRAMA DE SAÚDE 
ODONTOLÓGICA ESPECIAL PARA PACIENTES COM NECESSIDADES ESPECIAIS EM ATENDIMENTO DOMICILIAR (AD), AMBULATÓRIOS E CENTROS CIRÚRGICOS, EM TODAS AS COORDENADORIAS DE SAÚDE DE SÃO PAULO."
630536,PL 526/2022,PL,526,2022,AUTORIZA O PODER EXECUTIVO A CRIAR O PARQUE LINEAR CONJUNTO HABITACIONAL INSTITUTO ADVENTISTA E DÁ OUTRAS PROVIDÊNCIAS.
630585,PL 528/2022,PL,528,2022,"DISPÕE SOBRE A CRIAÇÃO DE COMISSÕES QUE TENHAM COMO OBJETIVO A CONSCIENTIZAÇÃO, PREVENÇÃO E ENFRENTAMENTO A QUALQUER TIPO DE VIOLÊNCIA, E PROMOVE OS DIREITOS DA CRIANÇA E DO ADOLESCENTE NAS ESCOLAS MUNICIPAIS DE SÃO PAULO."
630631,PL 531/2022,PL,531,2022,"DISPÕE SOBRE A UTILIZAÇÃO DE COLETES BALÍSTICOS PARA CÃES DA GCM-GUARDA CIVIL METROPOLITANA, QUANDO EM OPERAÇÕES COM ALTA PERICULOSIDADE, E DÁ OUTRAS PROVIDÊNCIAS."
630741,PL 534/2022,PL,534,2022,INSTITUI NO MUNICIPIO DE SÃO PAULO O PROGRAMA DE COMBATE E CONSCIENTIZAÇÃO DA APOROFOBIA.
631047,PL 537/2022,PL,537,2022,"ALTERA A LEI Nº 15.997, DE 27 DE MAIO DE 2014, PARA DISPOR SOBRE A INSTALAÇÃO DE ESTAÇÃO DE RECARGA PARA VEÍCULOS ELÉTRICOS PERTENCENTES À FROTA DO TRANSPORTE PÚBLICO INDIVIDUAL REMUNERADO DE PASSAGEIROS DO MUNICIPIO DE SÃO PAULO."
631318,PDL 83/2022,PDL,83,2022,"SUSTA O §1º DO ART. 7º DO DECRETO Nº 59.196, DE 29 DE JANEIRO DE 2020 E DÁ OUTRAS PROVIDENCIAS [SUSTA A VEDAÇÃO À INICIATIVA PRIVADA DE CONSTRUÇÃO DE CREMATÓRIOS OU NOVOS 
CEMITÉRIOS PARTICULARES NO MUNICÍPIO DE SÃO PAULO]"
631396,PL 541/2022,PL,541,2022,"DISPÕE SOBRE A DENOMINAÇÃO DA PRAÇA ANESIO DI BORTOLO, EM ESPAÇO PÚBLICO INOMINADO, NA ALTURA DO Nº 127 DA RUA SERRA NOVA COM A RUA SETE ESTRELAS, JARDIM BARTIRA E DÁ OUTRAS PROVIDÊNCIAS."
631421,PL 542/2022,PL,542,2022,AUTORIZA O PODER EXECUTIVO A CRIAR O AUXÍLIO-MÃE-CUIDADORA PARA CRIANÇAS COM DEFICIÊNCIA QUE NECESSITEM DE CUIDADOS ESPECIAIS PARA REALIZAÇÃO DAS ATIVIDADES DE VIDA DIÁRIA E DÁ OUTRAS PROVIDÊNCIAS.
631425,PL 545/2022,PL,545,2022,"ALTERA A LEI Nº 10.032, DE 27 DE DEZEMBRO DE 1985, PARA DISPOR SOBRE A APRESENTAÇÃO DE RELATÓRIOS TRIMESTRAIS SOBRE O ANDAMENTO DE PROCESSOS PELO CONSELHO MUNICIPAL DE PRESERVAÇÃO DO PATRIMÔNIO HISTÓRICO, CULTURAL E AMBIENTAL DA CIDADE DE SÃO PAULO - CONPRESP, E DÁ OUTRAS PROVIDÊNCIAS."
631727,PL 548/2022,PL,548,2022,ALTERA O NOME DA PRAÇA RODRIGO DE ABREU PARA “PRAÇA PATRIARCA IGNÁTIOS IV (HAZIM)”
631770,PL 549/2022,PL,549,2022,DISPÕE SOBRE A OBRIGATORIEDADE DA EXISTÊNCIA DE CATEGORIA “ADAPTADA” PARA DEFICIENTES FÍSICOS EM COMPETIÇÕES ESPORTIVAS OFICIAIS PÚBLICOS E/OU PARTICULARES REALIZADAS NO MUNICÍPIO DE SÃO PAULO.
632297,PL 558/2022,PL,558,2022,"DISPÕE SOBRE A CRIAÇÃO DO PRÊMIO “ALUNO NOTA DEZ”, PARA ESTUDANTES DO ENSINO FUNDAMENTAL DA REDE MUNICIPAL DE ENSINO DO MUNICÍPIO DE SÃO PAULO, E DÁ OUTRAS PROVIDÊNCIAS."
632406,PL 560/2022,PL,560,2022,"AUTORIZA A INSTITUIÇÃO DE FOMENTO AO MOVIMENTO HIP HOP NA CIDADE DE SÃO PAULO COM BASE NA APLICAÇÃO DA LEI FEDERAL 13.019/2014 ALTERADA PELA LEI 13.204/2015 E DÁ OUTRAS 
PROVIDÊNCIAS"
632610,PL 563/2022,PL,563,2022,"ALTERA A DENOMINAÇÃO DA ATUAL AVENIDA GUILHERME, PARA AVENIDA GUILHERME PRAUN DA SILVA – FUNDADOR DO BAIRRO DE VILA GUILHERME - DISTRITO VILA GUILHERME, E DÁ OUTRAS PROVIDENCIAS."
633362,PL 574/2022,PL,574,2022,"ALTERA A REDAÇÃO DO INCISO III DO ART. 9º DA LEI MUNICIPAL Nº 17.638, 09 DE SETEMBRO DE 2021, PARA DETERMINAR UM PERCENTUAL NO PROGRAMA PODE ENTRAR."
634111,PL 586/2022,PL,586,2022,"INSTITUI A LEI “MERENDA É UM DIREITO”, QUE DÁ LIVRE ACESSO AOS ESTUDANTES DA REDE MUNICIPAL DE ENSINO À MERENDA ESCOLAR, SEM RESTRIÇÃO DE PORÇÕES, REPETIÇÕES OU DE QUALQUER 
OUTRA ESPÉCIE DE RACIONAMENTO OU LIMITAÇÃO DA ALIMENTAÇÃO."
634128,PL 588/2022,PL,588,2022,"ALTERA A LEI Nº 14.454, DE 27 DE JUNHO DE 2007 PARA INCLUIR A VEDAÇÃO DE DENOMINAÇÃO DE VIA OU LOGRADOURO PÚBLICO COM NOME DE CÔNJUGE, COMPANHEIRO OU PARENTE, ATÉ
TERCEIRO GRAU, DA AUTORIDADE COMPETENTE PROPONENTE DO ATO DE DENOMINAÇÃO OU ALTERAÇÃO DE DENOMINAÇÃO, E DÁ OUTRAS PROVIDÊNCIAS"
634395,PL 593/2022,PL,593,2022,"DISPÕE SOBRE A GRATUIDADE EM ESTACIONAMENTOS LOCALIZADOS NOS ESTABELECIMENTOS HOSPITALARES PARTICULARES OU ESTABELECIMENTOS CORRELATOS, EM CASOS DE URGÊNCIA, EMERGÊNCIA, PARA PACIENTES INTERNADOS E SEUS ACOMPANHANTES, E DÁ OUTRAS PROVIDÊNCIAS"
634396,PL 594/2022,PL,594,2022,INSTITUI O PROGRAMA SOLIDÁRIO PET­ FARMÁCIA VETERINÁRIA SOLIDÁRIA
634397,PL 595/2022,PL,595,2022,INSTITUI A POLÍTICA MUNICIPAL DE INCENTIVO AOS CURSINHOS POPULARES E COMUNITÁRIOS
634399,PL 597/2022,PL,597,2022,"DISPÕES SOBRE A REALIZAÇÃO DE SESSÕES DE CINEMA ESPECIFICAS ADAPTADAS A CRIANÇAS E ADOLESCENTES COM TRANSTORNO DO ESPECTRO AUTISTA (TEA) E SUAS FAMÍLIAS, NO MUNICÍPIO DE SÃO PAULO"
634575,PL 600/2022,PL,600,2022,ACRESCENTA À DENOMINAÇÃO DA RUA JACEGUAI O NOME DE SERGIO MAMBERTI.
634707,PL 602/2022,PL,602,2022,"DISPÕE SOBRE A OBRIGATORIEDADE DE INSTALAÇÃO DE BANHEIROS QUÍMICOS EM FEIRAS LIVRES, FEIRAS ORGÂNICAS, FEIRAS DE ARTESANATO E SIMILARES E DÁ OUTRAS PROVIDÊNCIAS."
634746,PDL 92/2022,PDL,92,2022,"SUSTA, PARCIALMENTE, O DECRETO Nº 61.151, DE 18 DE MARÇO DE 2022, QUE DISPÕE SOBRE O CUSTEIO DO REGIME PRÓPRIO DE PREVIDÊNCIA SOCIAL DOS SERVIDORES PÚBLICOS DO MUNICÍPIO DE SÃO PAULO E ADESÃO AO REGIME DE PREVIDÊNCIA COMPLEMENTAR."
634917,PL 605/2022,PL,605,2022,"DENOMINA A PRAÇA COMPREENDIDA ENTRE A AVENIDA MASAO WATANABE E A RUA SOBRADINHO, SITUADA NO DISTRITO DA CACHOEIRINHA, SUBPREFEITURA CASA
VERDE/CACHOEIRINHA, COMO “PRAÇA ALDA AUGUSTO CONSTANTE”."
635264,PL 609/2022,PL,609,2022,"DISPÕE SOBRE A REVOGAÇÃO DA COBRANÇA DE 14% DE INCIDENTES SOBRE O VALOR DA PARCELA DOS PROVENTOS DE APOSENTADOS E PENSIONISTAS DO REGIME DE PREVIDÊNCIA SOCIAL DO MUNICÍPIO DE SÃO PAULO, E DÁ OUTRAS PROVIDÊNCIAS."
635693,PL 615/2022,PL,615,2022,"DISPÕE SOBRE A CONCESSÃO DE JORNADA ESPECIAL PARA SERVIDOR PÚBLICO COM DEFICIÊNCIA E SERVIDOR QUE TENHA CÔNJUGE, FILHO OU DEPENDENTE COM DEFICIÊNCIA, E DÁ OUTRAS PROVIDÊNCIAS."
636325,PL 620/2022,PL,620,2022,"DISPÕE SOBRE A DENOMINAÇÃO DA ESCOLA MUNICIPAL DE MÚSICA GAL COSTA, E DÁ OUTRAS PROVIDÊNCIAS."
636366,PL 621/2022,PL,621,2022,DISPÕE SOBRE A OBRIGATORIEDADE DAS ENTIDADES QUE GERENCIAM OS CDCS (CLUBES DA COMUNIDADE) PRESTAREM CONTAS AO TRIBUNAL DE CONTAS DO MUNICÍPIO DE SÃO PAULO E À CÂMARA MUNICIPAL DE SÃO PAULO E DÁ OUTRAS PROVIDÊNCIAS.
636492,PL 624/2022,PL,624,2022,"DISPÕE SOBRE O PROJETO ESTRATÉGICO DE INTERVENÇÃO URBANA PARA A CRIAÇÃO DA CHINATOWN SÃO PAULO EM ÁREA ESPECIFICADA NA REGIÃO DO CENTRO DE SÃO PAULO, E FIXA TODAS AS PROVIDÊNCIAS."
636515,PL 628/2022,PL,628,2022,AUTORIZA A CRIAR A CAMPANHA MAMOGRAFIA PREVENTIVA PARA MULHERES COM IDADE ENTRE 35 E 50 ANOS NO MUNICÍPIO DE SÃO PAULO E DÁ OUTRAS PROVIDÊNCIAS.
636625,PL 631/2022,PL,631,2022,"DENOMINA TRAVESSA RECREIO ALEGRE, O LOGRADOURO INOMINADO LOCALIZADO NO ENTRONCAMENTO ENTRE A RUA ALICE BASTIDE, CODLOG 378909 E A RUA GABRIEL BARCO, CODLOG 378879, NA VILA ROSCHEL, ZONA SUL, E DÁ OUTRAS PROVIDÊNCIAS."
637161,PL 646/2022,PL,646,2022,"ESTABELECE A TRAVESSIA SEGURA NAS ÁREAS ESCOLARES DO MUNICÍPIO DE SÃO PAULO, SEGURANÇA COMO PRIORIDADE ESPECIAL DO PODER PÚBLICO MUNICIPAL E DÁ OUTRAS PROVIDÊNCIAS."
637517,PL 653/2022,PL,653,2022,DISPÕE SOBRE O PROGRAMA DE IMPLANTAÇÃO DE COMPOSTEIRAS NAS ESCOLAS DA REDE PÚBLICA MUNICIPAL DE SÃO PAULO.
637554,PL 655/2022,PL,655,2022,"INSTITUI, NO MUNICÍPIO DE SÃO PAULO, O USO DO COLAR DE GIRASSOL COMO INSTRUMENTO AUXILIAR DE ORIENTAÇÃO PARA IDENTIFICAÇÃO DE PESSOAS COM
DEFICIÊNCIA NÃO VISÍVEL OU OCULTA."
637624,PL 657/2022,PL,657,2022,DISPÕE SOBRE A EXECUÇÃO DO HINO NACIONAL E DO HINO DO MUNICÍPIO DE SÃO PAULO NAS ESCOLAS DA REDE MUNICIPAL DE ENSINO E DÁ OUTRAS PROVIDÊNCIAS.
637803,PL 659/2022,PL,659,2022,"DISPÕE NO ÂMBITO DO MUNICÍPIO DE SÃO PAULO SOBRE A AUTORIZAÇÃO DE FORNECIMENTO E DISTRIBUIÇÃO DE FRALDAS DESCARTÁVEIS INFANTIS PARA FAMÍLIAS DE BAIXA RENDA, E DÁ OUTRAS PROVIDÊNCIAS."
637805,PL 660/2022,PL,660,2022,"DENOMINA PAULO PROUSHAN, O TÚNEL INOMINADO LOCALIZADO NA AVENIDA REBOUÇAS ABAIXO DA AVENIDA DR ARNALDO, E DÁ OUTRAS PROVIDÊNCIAS."
637870,PL 661/2022,PL,661,2022,"ALTERA A DENOMINAÇÃO DA ATUAL RUA UM, JARDIM SÃO LUÍS, SÃO PAULO/SP, CEP 37414-171, PARA RUA MARIA ODÍLIA TEIXEIRA, E DÁ OUTRAS PROVIDÊNCIAS."
637871,PL 662/2022,PL,662,2022,"ALTERA A DENOMINAÇÃO DA ATUAL RUA UM, JARDIM SÃO NICOLAU, PARELHEIROS, SÃO PAULO/SP, PARA RUA MARIA BEATRIZ NASCIMENTO, E DÁ OUTRAS PROVIDÊNCIAS."
637872,PL 663/2022,PL,663,2022,"ALTERA A DENOMINAÇÃO DA ATUAL RUA TRÊS, JARDIM SÃO NICOLAU, PARELHEIROS, SÃO PAULO/SP, CEP 04884-043, PARA RUA ABDIAS DO NASCIMENTO, E DÁ OUTRAS PROVIDÊNCIAS."
637873,PL 664/2022,PL,664,2022,"ALTERA A DENOMINAÇÃO DA ATUAL RUA DOIS, JARDIM SÃO NICOLAU, SÃO PAULO/SP, CEP 04884-035, PARA RUA GERALDO FILME DE SOUSA, E DÁ OUTRAS PROVIDÊNCIAS."
637875,PL 665/2022,PL,665,2022,"ALTERA A DENOMINAÇÃO DA ATUAL RUA DOIS, JARDIM PALMARES, SÃO PAULO/SP, CEP 02328-150, PARA RUA THEODOSINA ROSÁRIO RIBEIRO, E DÁ OUTRAS PROVIDÊNCIAS."
637876,PL 666/2022,PL,666,2022,"ALTERA A DENOMINAÇÃO DA ATUAL RUA DOIS, VILA ZAT, SÃO PAULO/SP, CEP 02977-320, PARA RUA JOÃO BATISTA ACAIABE, E DÁ OUTRAS PROVIDÊNCIAS."
637877,PL 667/2022,PL,667,2022,"ALTERA A DENOMINAÇÃO DA ATUAL RUA TRÊS, JARDIM PAQUETÁ, SÃO PAULO/SP, CEP 02952-205, PARA RUA ELZA SOARES, E DÁ OUTRAS PROVIDÊNCIAS."
637878,PL 668/2022,PL,668,2022,"ALTERA A DENOMINAÇÃO DA ATUAL RUA DOIS, JARDIM APUANA, CEP 02325610, SÃO PAULO-SP, PARA RUA ADHEMAR FERREIRA DA SILVA, E DÁ OUTRAS PROVIDÊNCIAS."
637953,PL 671/2022,PL,671,2022,DISPÕE SOBRE A OBRIGATORIEDADE DE CAPACITAÇÃO SOBRE O TRANSTORNO DO ESPECTRO AUTISTA (TEA) PARA PROFESSORES E SERVIDORES DAS ESCOLAS DA REDE PÚBLICA MUNICIPAL DE SÃO PAULO.
638140,PL 674/2022,PL,674,2022,"AUTORIZA O PODER EXECUTIVO A INSTITUIR A BOLSA AUXÍLIO PERMANÊNCIA PARA ESTUDANTES DA MODALIDADE EDUCAÇÃO DE JOVENS E ADULTOS – EJA DA REDE
MUNICIPAL DE ENSINO."
638264,PL 675/2022,PL,675,2022,DISPÕE SOBRE A IMPLEMENTAÇÃO DO PROGRAMA ‘ESCOLA SEM NAZISMO’ NO ÂMBITO DAS ESCOLAS DA REDE MUNICIPAL DE ACORDO COM AS DIRETRIZES DO CURRÍCULO DA CIDADE DE SÃO PAULO
638290,PL 676/2022,PL,676,2022,"DISPÕE SOBRE A CRIAÇÃO DO PROGRAMA MUNICIPAL DE TELEASSISTÊNCIA A PESSOA IDOSA OU PORTADORA DE DEFICIÊNCIA DA CIDADE DE SÃO PAULO, ""BOTÃO DE PÂNICO PARA O IDOSO"", E DÁ OUTRAS PROVIDÊNCIAS."
638442,PL 680/2022,PL,680,2022,INSTITUI O PROGRAMA DE DIVULGAÇÃO DE VAGAS ESCOLARES PARA O PÚBLICO DA EDUCAÇÃO ESPECIAL” NO MUNICÍPIO DE SÃO PAULO.
638861,PL 685/2022,PL,685,2022,"ALTERA A LEI Nº 17.731, DE 06 DE JANEIRO DE 2022, QUE ""ESTABELECE AS DIRETRIZES GERAIS PARA A PRORROGAÇÃO E RELICITAÇÃO DOS CONTRATOS DE PARCERIA ENTRE O MUNICÍPIO DE SÃO PAULO E A INICIATIVA PRIVADA ""."
638968,PL 686/2022,PL,686,2022,AUTORIZA A INCLUSÃO DO ESTUDO DA FILOSOFIA NO CURRÍCULO ESCOLAR DOS ANOS DO ENSINO FUNDAMENTAL I E II.
638982,PL 687/2022,PL,687,2022,CONFERE VALIDADE INDETERMINADA AOS LAUDOS MÉDICOS QUE ATESTEM DEFICIÊNCIA PERMANENTE PARA FINS DE ACESSO A PROGRAMAS E SERVIÇOS PÚBLICOS MUNICIPAIS E DÁ OUTRAS PROVIDÊNCIAS.
639356,PL 689/2022,PL,689,2022,"DISPÕE SOBRE AUTORIZAR A CRIAÇÃO DO POLO GASTRONÔMICO E CULTURAL DE VILA MARIA, VILA GUILHERME E VILA MEDEIROS, E DÁ OUTRAS PROVIDÊNCIAS."
639730,PL 693/2022,PL,693,2022,DISPÕE SOBRE AS REGRAS PARA TRANSIÇÃO DE GOVERNO PELO CANDIDATO ELEITO PARA O CARGO DE PREFEITO E DÁ OUTRAS PROVIDÊNCIAS.
639747,PL 694/2022,PL,694,2022,"AUTORIZA O PODER EXECUTIVO MUNICIPAL REPASSAR INCENTIVO FINANCEIRO ADICIONAL AOS AGENTES DE SAÚDE - ACS, E AOS AGENTES DE COMBATE ÀS ENDEMIAS, E DÁ OUTRAS PROVIDÊNCIAS."
639791,PL 695/2022,PL,695,2022,AUTORIZA  O  PODER  EXECUTIVO  A  CRIAR  O “PROGRAMA  DE  SAÚDE  MENTAL  PARA COMUNIDADE ESCOLAR NAS UNIDADES ESCOLARES PÚBLICAS MUNICIPAIS DE SÃO PAULO”.
639808,PL 697/2022,PL,697,2022,"DISPÕE SOBRE A OBRIGATORIEDADE DE FIXAÇÃO DE PLACAS INFORMATIVAS OU COMUNICADOS, NAS UNIDADES PÚBLICAS E PRIVADAS DE SAÚDE DO MUNICÍPIO DE SÃO PAULO, VERSANDO SOBRE A ENTREGA LEGAL, INSTITUÍDA PELA LEI Nº 13.509, DE 22/11/2017."
639839,PL 699/2022,PL,699,2022,ESTABELECE A LINHA OFICIAL DE POBREZA DA CIDADE DE SÃO PAULO E DÁ OUTRAS PROVIDÊNCIAS.
639904,PL 700/2022,PL,700,2022,"DISPÕE SOBRE A INCLUSÃO ENTRE AS DIRETRIZES E BASES DA EDUCAÇÃO MUNICIPAL DA NEUTRALIDADE POLÍTICA, IDEOLÓGICA E RELIGIOSA DO MUNICÍPIO
DE SÃO PAULO."
639955,PL 701/2022,PL,701,2022,AUTORIZA O PODER EXECUTIVO A CONCEDER ISENÇÃO DO IMPOSTO PREDIAL E TERRITORIAL URBANO – IPTU E CONTRIBUIÇÃO DE MELHORIAS ÀS PESSOAS ACIMA DE 70 (SETENTA) ANOS E DE BAIXA RENDA E DÁ OUTRAS PROVIDÊNCIAS.
640226,PL 706/2022,PL,706,2022,"DENOMINA PRAÇA NELSON RAMOS DOS SANTOS O ESPAÇO PÚBLICO INOMINADO, LOCALIZADO NA AVENIDA PADRE ARLINDO VIEIRA, Nº 2480, SITUADO NO JARDIM CLÍMAX E DÁ OUTRAS PROVIDÊNCIAS."
640430,PL 711/2022,PL,711,2022,INCLUI A OZONIOTERAPIA DENTRE OS TRATAMENTOS OFERECIDOS PELAS UNIDADES DE SAÚDE DO SUS
640622,PL 1/2023,PL,1,2023,RECONHECE A PRÁTICA ESPORTIVA ELETRÔNICA DENOMINADA “E-SPORTS” COMO ESPORTE PROFISSIONAL E INSTITUI A POLÍTICA MUNICIPAL DE INCENTIVO E FOMENTO AO “E-SPORT” NO ÂMBITO DO MUNICÍPIO DE SÃO PAULO E DÁ OUTRAS PROVIDÊNCIAS.
640656,PL 3/2023,PL,3,2023,"ALTERA DENOMINAÇÃO DE LOGRADOURO PÚBLICO DA ATUAL RUA JAVARI, NO BAIRRO DA MOOCA, PARA RUA JAVARI REI PELÉ"
641229,PL 13/2023,PL,13,2023,DISPÕE SOBRE A ALTERAÇÃO DA DENOMINAÇÃO DA AMA/UBS INTEGRADA JARDIM JOAMAR PARA AMA/UBS INTEGRADA CLAUDIO ALESSANDRO SANCHES E DÁ OUTRAS PROVIDÊNCIAS.
641379,PL 16/2023,PL,16,2023,"DISPÕE SOBRE IMPLEMENTAÇÃO DO PROTOCOLO “NÃO SE CALE”, QUE VISA INTEGRAR MEDIDAS DE COMBATE À VIOLÊNCIA SEXUAL CONTRA MULHERES EM ESPAÇOS DE LAZER NOTURNO NA CIDADE DE SÃO PAULO."
641477,PL 20/2023,PL,20,2023,"INSTITUI O PROGRAMA DITADURA NUNCA MAIS, DEMOCRACIA PARA SEMPRE."
641486,PR 1/2023,PR,1,2023,DISPÕE SOBRE A CRIAÇÃO DA “FRENTE PARLAMENTAR EM DEFESA DA TARIFA ZERO”.
641630,PL 26/2023,PL,26,2023,PROÍBE A REALIZAÇÃO OU CUSTEIO DE QUAISQUER TRATAMENTOS OU PROCEDIMENTOS HORMONAIS E CIRÚRGICOS PARA MUDANÇA DE GÊNERO EM MENORES DE DEZOITO ANOS NO ÂMBITO DO MUNICÍPIO DE SÃO PAULO E DÁ OUTRAS PROVIDÊNCIAS.
641635,PR 4/2023,PR,4,2023,"INSTITUI O PRÊMIO IMPRENSA JOVEM JORNALISTA GLÓRIA MARIA, QUE HOMENAGEIA AS AÇÕES QUE PROMOVAM O PROTAGONISMO INFANTIL E JUVENIL, O DIREITO À COMUNICAÇÃO E À LIBERDADE DE EXPRESSÃO POR MEIO, INCLUSIVE, DA APROPRIAÇÃO DE RECURSOS MIDIÁTICOS DE APRENDIZAGEM NA REDE PÚBLICA E PARTICULAR DA CIDADE DE SÃO PAULO, E DÁ OUTRAS PROVIDÊNCIAS."
641684,PL 33/2023,PL,33,2023,"DISPÕE SOBRE A FISCALIZAÇÃO DA VELOCIDADE MEDIDA POR INSTRUMENTO OU EQUIPAMENTO HÁBIL, EM RODOVIAS, VIAS DE TRÂNSITO RÁPIDO, VIAS ARTERIAIS E DEMAIS VIAS, NO MUNICÍPIO DE SÃO PAULO"
642030,PL 36/2023,PL,36,2023,"INSTITUI A SEMANA DE PREVENÇÃO À SÍNDROME ALCOÓLICA FETAL (SAF), BEM COMO DISPÕE SOBRE A OBRIGATORIEDADE DE ADVERTÊNCIA DOS RISCOS RELACIONADOS AO CONSUMO DE BEBIDAS ALCOÓLICAS DURANTE A GRAVIDEZ E DÁ OUTRAS PROVIDÊNCIAS."
642326,PL 39/2023,PL,39,2023,"DECLARA DE UTILIDADE PÚBLICA, PARA FINS DE DESAPROPRIAÇÃO, A ÁREA LOCALIZADA NA RUA QUINTANA, 206, SETOR 085, QUADRA 176, LOTE 0001, DISTRITO ITAIM BIBI, SUBPREFEITURA DE PINHEIROS, PARA CRIAÇÃO DE PARQUE PÚBLICO, E DÁ OUTRAS PROVIDÊNCIAS."
642798,PL 41/2023,PL,41,2023,DISPÕE SOBRE O PROGRAMA DE COMBATE AO DIABETES E À OBESIDADE INFANTIL NA REDE PÚBLICA E PRIVADA DE ENSINO DA CIDADE DE SÃO PAULO E DÁ OUTRAS PROVIDÊNCIAS
642799,PL 42/2023,PL,42,2023,"ALTERA A LEI Nº 16.739, DE 07 DE NOVEMBRO DE 2017, PARA INCLUIR UMA FARMÁCIA POPULAR 24 HORAS EM CADA UNIDADE DE PRONTO ATENDIMENTO DO MUNICÍPIO DE SÃO PAULO"
642840,PL 43/2023,PL,43,2023,INSTITUI “CAMPANHA DE CONSCIENTIZAÇÃO SOBRE A ESTEATOSE HEPÁTICA” E DÁ OUTRAS PROVIDENCIAS
642919,PL 45/2023,PL,45,2023,"INSTITUI O USO DO ""CORDÃO QUEBRA-CABEÇA E A CARTEIRA DE IDENTIFICAÇÃO DA PESSOA COM TRANSTORNO DO ESPECTRO AUTISTA"" COMO INSTRUMENTOS AUXILIARES NA IDENTIFICAÇÃO DE PESSOAS COM TRANSTORNO DO ESPECTRO AUTISTA (TEA)"
643031,PL 48/2023,PL,48,2023,DISPÕE SOBRE IMPLEMENTAÇÃO DE UM CANAL DE DENÚNCIAS CONTRA O ASSÉDIO SEXUAL NAS INSTITUIÇÕES DA REDE MUNICIPAL DE ENSINO.
643214,PL 57/2023,PL,57,2023,DISPÕE SOBRE A CRIAÇÃO DE BEBEDOUROS E COMEDOUROS PÚBLICOS PARA ANIMAIS NA CIDADE DE SÃO PAULO E DÁ OUTRAS PROVIDÊNCIAS.
643218,PLO 1/2023,PLO,1,2023,"DÁ NOVA REDAÇÃO AO ARTIGO 33 DAS DISPOSIÇÕES GERAIS E TRANSITÓRIAS, QUE DISPÕE SOBRE A ALÍQUOTA DE CONTRIBUIÇÃO DEVIDA PELOS APOSENTADOS E PENSIONISTAS DO REGIME PRÓPRIO DE PREVIDÊNCIA SOCIAL."
643760,PL 63/2023,PL,63,2023,ACRESCENTA À DENOMINAÇÃO DA ESTRADA M´BOI MIRIM O NOME PADRE JAIME CROWE.
643960,PL 67/2023,PL,67,2023,"AUTORIZA O PODER EXECUTIVO A DESTINAR AUTORIZAÇÕES TEMPORÁRIAS PARA O COMÉRCIO NAS VIAS PÚBLICAS A PESSOAS PORTADORES DE DEFICIÊNCIA E
MOBILIDADE REDUZIDA."
643990,PL 68/2023,PL,68,2023,"ALTERA A DENOMINAÇÃO DA ESCADARIA DO BEXIGA, PARA ESCADARIA DO BEXIGA – WALTER TAVERNA, E DÁ OUTRAS PROVIDÊNCIAS."
644314,PL 73/2023,PL,73,2023,"DISPÕE SOBRE A INSTITUIÇÃO DO PROGRAMA MUNICIPAL DE PREVENÇÃO E COMBATE ÀS
ENCHENTES NO MUNICÍPIO DE SÃO PAULO, E DÁ OUTRAS PROVIDÊNCIAS."
644695,PL 78/2023,PL,78,2023,INSTITUI COTAS DE PASSAGEM GRATUITAS PARA OS ESTUDANTES DE CURSINHOS POPULARES PRÉ-VESTIBULAR NOS SERVIÇOS DE TRANSPORTE COLETIVO DO MUNICÍPIO.
645347,PL 88/2023,PL,88,2023,"CONCEDE AOS PROFISSIONAIS DE EDUCAÇÃO FÍSICA QUE PRESTAM SEUS SERVIÇOS PROFISSIONAIS COMO PERSONAL TRAINNER, ACESSO LIVRE ÀS ACADEMIAS PARA ACOMPANHAR SEUS CLIENTES, E DÁ OUTRAS PROVIDÊNCIAS."
645416,PL 89/2023,PL,89,2023,"DENOMINA PRAÇA DR. GERSON FERREIRA DE OLIVEIRA, O LOGRADOURO PÚBLICO INOMINADO EXISTENTE NO DISTRITO DO ITAIM PAULISTA, E DÁ
OUTRAS PROVIDÊNCIAS."
646450,PL 102/2023,PL,102,2023,ESTABELECE MULTAS E SANÇÕES ADMINISTRATIVAS A QUEM PRATICAR INVASÕES CONTRA PROPRIEDADES PÚBLICAS OU PRIVADAS NO ÂMBITO DO MUNÍCIPIO DE SÃO PAULO E DÁ OUTRAS PROVIDENCIAS
646577,PDL 11/2023,PDL,11,2023,DISPÕE SOBRE A OUTORGA DE TÍTULO DE CIDADÃO PAULISTANO AO SENHOR TARCÍSIO GOMES DE FREITAS.
646713,PL 109/2023,PL,109,2023,INSTITUI O ESTATUTO DO NASCITURO NO ÂMBITO DO MUNICÍPIO DE SÃO PAULO E DÁ OUTRAS PROVIDÊNCIAS.
646929,PL 110/2023,PL,110,2023,"RESTRINGE A ENTRADA DE PESSOAS CONDENADAS POR SENTENÇA CRIMINAL COM TRÂNSITO EM JULGADO PELOS CRIMES CONTRA A DIGNIDADE SEXUAL,  VIOLÊNCIA DOMÉSTICA, RACISMO E LGBTFOBIA NOS CENTROS ESPORTIVOS (CES) MUNICIPAIS."
646952,PL 111/2023,PL,111,2023,"ALTERA  A  LEI  Nº  15.947,  DE  26  DE DEZEMBRO DE 2013 (SOMENTE ÀS PESSOAS COM DEFICIÊNCIA SERÁ  AUTORIZADA  A  INSTALAÇÃO  DE 
EQUIPAMENTOS PARA COMERCIALIZAÇÃO PREVISTA NO INCISO II DO PARÁGRAFO ÚNICO DO ART. 3º DESTA LEI PARA AS ZONAS ESTRITAMENTE RESIDENCIAIS – ZER."
646956,PL 112/2023,PL,112,2023,"ALTERA A LEI Nº 8.989, DE 29 DE OUTUBRO DE 1979, PARA PROIBIR A NOMEAÇÃO PARA CARGOS PÚBLICOS DE PESSOA  CONDENADA  POR  CRIMES  CONTRA  DIGNIDADE SEXUAL, RACISMO, INJÚRIA RACIAL E LGTBFOBIA."
646958,PL 113/2023,PL,113,2023,"DISPÕE SOBRE O PROGRAMA PARA IDENTIFICAÇÃO, DIAGNÓSTICO, TRATAMENTO E ACOMPANHAMENTO INTEGRAL DE EDUCANDOS COM DISLEXIA, DISCALCULIA OU TRANSTORNO DO DÉFICIT DE ATENÇÃO E HIPERATIVIDADE (TDAH), NA REDE PÚBLICA E PRIVADA DE EDUCAÇÃO DO MUNICÍPIO DE SÃO PAULO E DÁ OUTRAS
PROVIDÊNCIAS."
646959,PL 114/2023,PL,114,2023,"DISPÕE SOBRE A OBRIGATORIEDADE DOS ESTABELECIMENTOS QUE COMERCIALIZAM PRODUTOS ALIMENTÍCIOS A DISPOREM EM LOCAL ÚNICO, ESPECÍFICO E COM
DESTAQUE, OS PRODUTOS DESTINADOS AOS INDIVÍDUOS DIABÉTICOS, CELÍACOS E QUE TENHAM INTOLERÂNCIA À LACTOSE."
647069,PL 120/2023,PL,120,2023,"DISPÕE SOBRE A IMPLEMENTAÇÃO DE SENHAS COM AVISOS SONOROS EM REPARTIÇÕES PÚBLICAS E PRIVADAS, PARA GARANTIR A INCLUSÃO DAS PESSOAS COM DEFICIÊNCIA VISUAL, NO ÂMBITO MUNICIPAL, E DÁ OUTRAS PROVIDÊNCIAS."
647528,PL 125/2023,PL,125,2023,"DISPÕE SOBRE A OBRIGAÇÃO DE PETSHOPS, CLÍNICAS VETERINÁRIAS E ESTABELECIMENTOS CONGÊNERES A FIXAREM CARTAZES QUE FACILITEM E INCENTIVEM A ADOÇÃO DE ANIMAIS E DÁ OUTRAS PROVIDÊNCIAS."
647633,PL 126/2023,PL,126,2023,"DENOMINA PRAÇA JOSÉ GERALDO REIS LOBO, O LOGRADOURO PÚBLICO INOMINADO LOCALIZADO ENTRE A RUAS TAMBÉ, RUA ARARIPINA E AV. LOPES DE AZEVEDO, NO DISTRITO DO MORUMBI."
647866,PR 11/2023,PR,11,2023,"DISPÕE SOBRE A CRIAÇÃO, NO ÂMBITO DA CÂMARA MUNICIPAL DE SÃO PAULO, DA FRENTE PARLAMENTAR CONTRA A PRIVATIZAÇÃO DA SABESP, E DÁ OUTRAS
PROVIDÊNCIAS."
648048,PL 130/2023,PL,130,2023,AUTORIZA O EXECUTIVO A RESERVAR ÁREAS PARA IMPLEMENTAÇÃO DE SISTEMAS PRODUTIVOS DE AGRICULTURA URBANA OU PERIURBANA NO ÂMBITO DE PROGRAMAS HABITACIONAIS PÚBLICOS REALIZADOS PELA SECRETARIA MUNICIPAL DA HABITAÇÃO.
648081,PL 134/2023,PL,134,2023,DISPÕE SOBRE A CRIAÇÃO DO SISTEMA ÚNICO DE CADASTRO PARA DOAÇÃO DE SOBRAS DE FRESA DE ASFALTO DOS PROGRAMAS DE RECAPEAMENTO E ASFALTAMENTO DO MUNICÍPIO DE SÃO PAULO.
648222,PL 135/2023,PL,135,2023,"AUTORIZA O EXECUTIVO A CONCEDER INCENTIVO FISCAL PARA AS EMPRESAS, INDÚSTRIAS, LOJAS E ESTABELECIMENTOS COMERCIAIS DO MUNICÍPIO DE SÃO PAULO, QUE DOAREM UM KIT DE INSTRUMENTOS PARA A SECRETARIA DE CULTURA."
648356,PL 136/2023,PL,136,2023,DISPÕE SOBRE A PERMANÊNCIA EFETIVA E FIXA DA GUARDA CIVIL METROPOLITANA DE SÃO PAULO EM TODAS AS UNIDADES ESCOLARES DO MUNICÍPIO DE SÃO PAULO E FIXA OUTRAS PROVIDÊNCIAS.
648385,PL 137/2023,PL,137,2023,"DISPÕE, NO ÂMBITO DO MUNICÍPIO DE SÃO PAULO, SOBRE O ACOMPANHAMENTO E ASSISTÊNCIA PSICOLÓGICA ÀS MULHERES MASTECTOMIZADAS."
648589,PL 141/2023,PL,141,2023,DISPÕE SOBRE A CELEBRAÇÃO DE CONTRATOS DE IMPACTO SOCIAL NO ÂMBITO DO MUNÍCIPIO DE SÃO PAULO E DÁ OUTRAS PROVIDÊNCIAS
648680,PL 142/2023,PL,142,2023,"ACRESCENTA A LEI MUNICIPAL Nº 13.725, DE 09 DE JANEIRO DE 2004, QUE INSTITUI O CÓDIGO SANITÁRIO DO MUNICÍPIO DE SÃO PAULO, OS ARTS. 74-A A 74-D, E INCISO XXVI DO ART. 129 E ALTERA OS ARTS. 86 A 88, QUE VISA A OBRIGATORIEDADE DO PREENCHIMENTO INTEGRAL DA DECLARAÇÃO DE NASCIDO VIVO E DO ATESTADO DE ÓBITO."
648820,PL 144/2023,PL,144,2023,"AUTORIZA O PODER EXECUTIVO A IMPLEMENTAR A SEGURANÇA NAS ESCOLAS MUNICIPAIS ATRAVÉS DA GUARDA CIVIL METROPOLITANA (GCM), NO ÂMBITO DO MUNICÍPIO DE SÃO PAULO E DÁ OUTRAS PROVIDÊNCIAS"
649426,PL 153/2023,PL,153,2023,"DENOMINA PRAÇA FELÍCIO HERALDO ZAMBON, O LOGRADOURO PÚBLICO INOMINADO, LOCALIZADO NA CONFLUÊNCIA DA PONTE DAS BANDEIRAS SENTIDO CASTELO BRANCO DA MARGINAL SUBPREFEITURA DE
SANTANA/TUCURUVI, DISTRITO DO MANDAQUI”."
649841,PL 156/2023,PL,156,2023,"AUTORIZA A OZONIOTERAPIA COMO TRATAMENTO DE CARÁTER INTEGRATIVO E COMPLEMENTAR NO MUNICÍPIO DE SÃO PAULO, E DÁ OUTRAS PROVIDÊNCIAS."
649852,PL 157/2023,PL,157,2023,"ALTERA A LEI Nº 13.766, DE 21 DE JANEIRO DE 2004, PARA DISPOR QUE OS PAIS DE ALUNOS DE ESCOLAS MUNICIPAIS SEJAM ATENDIDOS PELO HOSPITAL DO SERVIDOR PÚBLICO."
649958,PL 158/2023,PL,158,2023,DISPÕE SOBRE A INSTALAÇÃO DE SISTEMA ELETRÔNICO DE SEGURANÇA DO TIPO BOTÃO DE PÂNICO NAS ESCOLAS PÚBLICAS DA REDE DE EDUCAÇÃO MUNICIPAL.
649966,PL 160/2023,PL,160,2023,"ALTERA A LEI Nº 12.490, DE 04 DE OUTUBRO DE 1997, PARA EXCLUIR OS VEÍCULOS DOS CENTROS DE FORMAÇÃO DE CONDUTORES DO RODÍZIO MUNICIPAL DE VEÍCULOS."
649968,PL 161/2023,PL,161,2023,"ALTERA A DENOMINAÇÃO DA ATUAL RUA DOUTOR AMÂNCIO DE CARVALHO, VILA MARIANA, SÃO PAULO/SP, CEP 04012-090, PARA RUA JACINTA MARIA DE SANTANA, E DÁ OUTRAS PROVIDÊNCIAS."
650345,PL 168/2023,PL,168,2023,"INSTITUI TAXA DE FISCALIZAÇÃO DE POLUIÇÃO E RUÍDO AERONÁUTICO - TFRA E FUNDO MUNICIPAL DE MITIGAÇÃO DE DANOS
SOCIOAMBIENTAIS DE RUÍDO AERONÁUTICO – FMDRA."
650346,PL 169/2023,PL,169,2023,CRIA A POLÍTICA MUNICIPAL DE MONITORAMENTO DA QUALIDADE DO AR POR MEIO DE SENSORES DE BAIXO CUSTO E DÁ OUTRAS PROVIDÊNCIAS.
650699,PL 173/2023,PL,173,2023,"DENOMINA POLO CULTURAL GETÚLIO CINTRA O ESPAÇO LIVRE LOCALIZADO NA TRAVESSA LÁZARO MERONO S/N°, CONJUNTO HABITACIONAL BRIGADEIRO EDUARDO GOMES, CEP: 02815-120, SUBPREFEITURA DE PIRITUBA/JARAGUÁ E DÁ OUTRAS PROVIDÊNCIAS."
650999,PL 178/2023,PL,178,2023,DISPÕE SOBRE A IMPLEMENTAÇÃO DE CURSO DE FORMAÇÃO PARA PROFISSIONAIS DA EDUCAÇÃO ACERCA DA IDENTIFICAÇÃO DE POSSÍVEIS ATAQUES E ATENTADOS NO AMBIENTE ESCOLAR.
651025,PL 179/2023,PL,179,2023,DISPÕE SOBRE A INCLUSÃO DE CONTEÚDOS DE CRÍTICA A DISCURSOS DE ÓDIO NA INTERNET NO CURRÍCULO ESCOLAR DA REDE MUNICIPAL DE ENSINO.
651433,PL 190/2023,PL,190,2023,INSTITUI O PROGRAMA DE REDUÇÃO DE DÉBITOS E REGULARIZAÇÃO FISCAL PARA AS SOCIEDADES UNIPROFISSIONAIS DESENQUADRADAS DO REGIME DE RECOLHIMENTO ESPECIAL RELATIVA AO IMPOSTO SOBRE SERVIÇOS DE QUALQUER NATUREZA NO MUNICÍPIO DE SÃO PAULO.
651687,PL 194/2023,PL,194,2023,AUTORIZA A ISENÇÃO DO RODÍZIO MUNICIPAL PARA CARROS QUE TRANSPORTAM GÁS E DÁ OUTRAS PROVIDÊNCIAS.
651767,PL 195/2023,PL,195,2023,"FICA O PODER EXECUTIVO AUTORIZADO A IMPLEMENTAR NO MUNICÍPIO DE SÃO PAULO, O PROCEDIMENTO DE ESCUTA ESPECIALIZADA DE CRIANÇAS E ADOLESCENTES VÍTIMAS OU TESTEMUNHAS DE VIOLÊNCIA, CONFORME DISPOSTO NA LEI Nº 13.431, DE 4 DE ABRIL DE 2017, REGULAMENTADA PELO DECRETO Nº 9.603, DE 10 DE DEZEMBRO DE 2018 E CRIAR O NÚCLEO MUNICIPAL DE ESCUTA ESPECIALIZADA."
651770,PL 196/2023,PL,196,2023,"ALTERA A LEI Nº 13.399, DE 1º DE AGOSTO DE 2002, PARA ESTABELECER REQUISITOS NECESSÁRIOS À INVESTIDURA NO CARGO DE SUBPREFEITO.[CRIAÇÃO, ESTRUTURA E ATRIBUIÇÕES DAS SUBPREFEITURAS NO MUNICÍPIO DE SÃO PAULO]"
651785,PL 197/2023,PL,197,2023,"ALTERA A LEI Nº 14.413, DE 31 DE MAIO DE 2007, PARA DISPOR SOBRE A OBRIGATORIEDADE DE INCLUSÃO DE PODÓLOGOS NAS EQUIPES MULTIPROFISSIONAIS DAS UNIDADES BÁSICAS DE SAÚDE DO MUNICÍPIO DE SÃO PAULO, NAS AÇÕES DE PREVENÇÃO E TRATAMENTO DE PODOPATIAS CAUSADAS PELO DIABETES."
651874,PL 199/2023,PL,199,2023,DISPÕE SOBRE O CADASTRAMENTO DOS TRABALHADORES DE MOVIMENTAÇÃO DE MERCADORIAS E DISPÕE SOBRE O LICENCIAMENTO DE SEUS EQUIPAMENTOS DE TRANSPORTE SOBRE RODAS NAS VIAS PÚBLICAS DO MUNICÍPIO DE SÃO PAULO E DÁ OUTRAS PROVIDÊNCIAS.
652102,PL 202/2023,PL,202,2023,"REGULAMENTA O SISTEMA DE IDENTIFICAÇÃO PARA O CONTROLE DE ENTRADA E SAÍDA EM UNIDADES DE EDUCAÇÃO DA REDE PÚBLICA DIRETA E PARCEIRA, CRECHES E ESCOLAS, DO MUNICÍPIO DE SÃO PAULO."
652211,PL 203/2023,PL,203,2023,AUTORIZA O PODER EXECUTIVO MUNICIPAL A CRIAR A FUNÇÃO DE PROFESSOR MEDIADOR NO ÂMBITO DA REDE MUNICIPAL DE ENSINO.
652383,PL 204/2023,PL,204,2023,"AUTORIZA O PODER EXECUTIVO MUNICIPAL A CRIAR CARGOS DE EQUIPE MULTIDISCIPLINAR E MULTIPROFISSIONAL FORMADA POR PSICÓLOGO, ASSISTENTE SOCIAL E PSICOPEDAGOGO NO ÂMBITO DA REDE MUNICIPAL DE ENSINO."
653415,PL 209/2023,PL,209,2023,"ALTERA A LEI Nº 14.413, DE 31 DE MAIO DE 2007, PARA INCLUIR EQUIPES MULTIDISCIPLINARES DE ATENDIMENTO EM PSICOLOGIA, OFTALMOLOGIA, NUTROLOGIA E FONOAUDIOLOGIA NAS UNIDADES DO SISTEMA MUNICIPAL DE ENSINO."
653520,PL 210/2023,PL,210,2023,DISPÕE SOBRE A DISPONIBILIDADE DE ACESSO GRATUITO À INTERNET NAS COMUNIDADES NO MUNICÍPIO DE SÃO PAULO.
653524,PL 211/2023,PL,211,2023,"DENOMINA RUA NOVA SUÍÇA, NO BAIRRO JARDIM SANTA CRUZ, SÃO PAULO – SP, CEP 04.182-135, A RUA C, CEP 04.182-135, SUBPREFEITURA DO IPIRANGA."
653841,PL 213/2023,PL,213,2023,"DISPÕE SOBRE PRINCÍPIOS, NORMAS DE GOVERNANÇA E DE GESTÃO A SEREM OBSERVADOS PELAS EMPRESAS PÚBLICAS, SOCIEDADES DE ECONOMIA MISTA E RESPECTIVAS SUBSIDIÁRIAS DAS QUAIS O MUNICÍPIO DE SÃO PAULO DETENHA O CONTROLE, E DÁ OUTRAS PROVIDÊNCIAS."
653866,PL 214/2023,PL,214,2023,"CONCEDE AO PAI SERVIDOR PÚBLICO MUNICIPAL O DIREITO A LICENÇA-PATERNIDADE NOS MOLDES DA LICENÇA-MATERNIDADE, NO CASO DE FALECIMENTO DA MÃE, EM DECORRÊNCIA DE COMPLICAÇÕES NO 
PARTO OU LOGO APÓS, E DÁ OUTRAS PROVIDÊNCIAS."
653925,PL 215/2023,PL,215,2023,"FICA DENOMINADA COMO PRAÇA SEBASTIÃO JOAQUIM LINO A PRAÇA INOMINADA, QUE FICA NA ALTURA DO NÚMERO 98 DA RUA MARCOS DE NORONHA E BRITO, JARDIM FERNANDES, NO DISTRITO DA CIDADE 
LÍDER- PREFEITURA REGIONAL DE ITAQUERA"
654259,PL 219/2023,PL,219,2023,DISPÕE SOBRE A CRIAÇÃO DA POLÍTICA “CHAVE POR CHAVE” PARA REMOÇÃO DE POPULAÇÃO DE ÁREA DE RISCO E REMOÇÃO PARA FINS DE INTERESSE PÚBLICO.
654667,PL 227/2023,PL,227,2023,INSTITUI O “DIA DO TEMPLÁRIO” NO MUNICÍPIO DE SÃO PAULO E DÁ OUTRAS PROVIDÊNCIAS.
654817,PR 19/2023,PR,19,2023,"DISPÕE SOBRE A CRIAÇÃO, NO ÂMBITO DA CÂMARA MUNICIPAL DE SÃO PAULO, A FRENTE PARLAMENTAR DE REGULARIZAÇÃO FUNDIÁRIA, DIREITO À MORADIA POPULAR E PRESERVAÇÃO AMBIENTAL"
655394,PL 244/2023,PL,244,2023,INSTITUI NO ÂMBITO DO MUNICÍPIO DE SÃO PAULO A CAMPANHA DE ORIENTAÇÃO ÀS PESSOAS IDOSAS CONTRA FRAUDES E GOLPES NO SETOR DO COMÉRCIO ELETRÔNICO E NA INTERNET E DÁ OUTRAS PROVIDÊNCIAS.
655669,PL 247/2023,PL,247,2023,DISPÕE SOBRE NORMAS E PROCEDIMENTOS PARA INCLUSÃO DE CRIANÇA COM DEFICIÊNCIA AUDITIVA NAS ESCOLAS DA REDE PÚBLICA DO MUNICÍPIO DE SÃO PAULO E DÁ OUTRAS PROVIDÊNCIAS.
655721,PL 250/2023,PL,250,2023,"DENOMINA RITA LEE, A ÁREA PÚBLICA INOMINADA LOCALIZADA NO NÚMERO 247, COM FRENTE PARA A RUA DR. JOSÉ ÁUREO BUSTAMANTE, NO DISTRITO DE SANTO AMARO."
655744,PL 251/2023,PL,251,2023,"ALTERA A LEI Nº 13.399, DE 01 DE AGOSTO DE 2002. [ESTABELECE NA LEI EM VIGOR A POSSIBILIDADE DE ANALISAR PROCESSOS EM DIVERSAS ÁREAS COMO DE EDIFICAÇÕES, REFORMAS, REGULARIZAÇÕES, DEMOLIÇÕES, CERTIFICADO DE ACESSIBILIDADE E LICENÇAS DE FUNCIONAMENTO, PARA EDIFICAÇÕES COM ÁREA MENOR QUE 1500,00 M², NA SUBPREFEITURA]"
655748,PL 252/2023,PL,252,2023,DISPÕE SOBRE AS DIRETRIZES A SEREM OBSERVADAS NA ELABORAÇÃO E EXECUÇÃO DO PROGRAMA MUNICIPAL DE CULTURA PARA A PESSOA IDOSA - PCPI E DÁ OUTRAS PROVIDÊNCIAS.
656082,PL 256/2023,PL,256,2023,"DISPÕE SOBRE A ALTERAÇÃO DA DENOMINAÇÃO DO VIADUTO IMIGRANTE NORDESTINO PARA VIADUTO IMIGRANTE NORDESTINO - DEPUTADO JOSÉ MASCI DE ABREU, E DÁ OUTRAS PROVIDÊNCIAS."
656203,PL 258/2023,PL,258,2023,"DENOMINA RUA MAURITA FLÔR DA SILVA, LOGRADOURO INOMINADO LOCALIZADO NA MARGINAL DA LINHA FÉRREA, ENTRE A ESTRADA DE ITAQUERA GUAIANAZES E RUA HILÁRIO PIRES, BAIRRO JARDIM HELENA, SUBPREFEITURA DE GUAIANAZES, E DÁ OUTRAS PROVIDÊNCIAS."
656206,PL 261/2023,PL,261,2023,"AUTORIZA O CENTRO DE ZOONOSES A RECEBER E RECOLHER OS ANIMAIS ABANDONADOS EM ÁREAS DE DESFAZIMENTO E DESAPROPRIAÇÕES, E DÁ OUTRAS PROVIDÊNCIAS."
656207,PL 262/2023,PL,262,2023,"AUTORIZA OS CORREIOS A CRIAR CEP PROVISÓRIO EM RUAS DE ÁREAS ONDE HÁ PROCESSOS DE REGULARIZAÇÃO FUNDIÁRIA NA CIDADE DE SÃO PAULO, E DÁ OUTRAS PROVIDÊNCIAS."
656229,PL 264/2023,PL,264,2023,"DISPÕE SOBRE TORNAR A PRAÇA DA SÉ POLO CULTURAL, HISTÓRICO E TURÍSTICO DA CIDADE DE SÃO PAULO E DÁ OUTRAS PROVIDÊNCIAS."
656421,PL 268/2023,PL,268,2023,DISPÕE SOBRE A CRIAÇÃO DO HOSPITAL PÚBLICO VETERINÁRIO DE M’BOI MIRIM.
656550,PL 269/2023,PL,269,2023,"DENOMINA “UNIDADE BÁSICA DE SAÚDE ANTÔNIO JOSÉ MENDES TEIXEIRA (TONINHO DO JORNAL)”, A UBS JARDIM LAPENNA, LOCALIZADA NA RUA SERRA DA JURUOCA, 367 - SÃO MIGUEL PAULISTA - CEP 08071180 - SÃO PAULO - SP, E DÁ OUTRAS PROVIDÊNCIAS."
657353,PL 282/2023,PL,282,2023,"ALTERA A LEI 8.989, DE 29 DE OUTUBRO DE 1979 (ESTATUTO DOS FUNCIONÁRIOS PÚBLICOS DO MUNICÍPIO DE SÃO PAULO) PARA CONSTAR COMO HIPÓTESES DE PENALIDADES DISCIPLINARES OS 
ATOS DE ASSÉDIO MORAL COMETIDOS CONTRA SERVIDORES PÚBLICOS."
657365,PL 285/2023,PL,285,2023,DISPÕE SOBRE A CRIAÇÃO E O FUNCIONAMENTO DO PARQUE MUNICIPAL TRÊS LAGOS E DÁ OUTRAS PROVIDÊNCIAS
657682,PL 290/2023,PL,290,2023,DISPÕE SOBRE A CRIAÇÃO E O FUNCIONAMENTO DE FUNDOS PATRIMONIAIS VINCULADOS AO FINANCIAMENTO DE INSTITUIÇÕES PÚBLICAS MUNICIPAIS - ENDOWMENT
658006,PL 298/2023,PL,298,2023,"FICA DENOMINADA COMO PASSARELA FLORIPES DA SILVA ABREU, LOCAL INOMINADO QUE LIGA A RUA JOAQUIM MARRA COM A ESTAÇÃO DO METRÔ VILA MATILDE, NA ALTURA NO N° 418, NO DISTRITO DA VILA MATILDE - SUBPREFEITURA PENHA."
658154,PL 301/2023,PL,301,2023,"CRIA A ÁREA DE PROTEÇÃO AMBIENTAL MUNICIPAL DO EMBURA-JACEGUAVA, E DÁ OUTRAS PROVIDÊNCIAS"
658339,PL 303/2023,PL,303,2023,"ALTERA REDAÇÃO DA LEI Nº 14.072, DE 18 DE OUTUBRO DE 2005, PARA ACRESCENTAR TRÊS INCISOS AO ARTIGO 2º E DÁ OUTRAS PROVIDÊNCIAS. [ESTENDE A ISENÇÃO A EVENTOS DESPORTIVOS OU DE LAZER]"
658664,PL 306/2023,PL,306,2023,"AUTORIZA O EXECUTIVO A CRIAR UM CADASTRO MUNICIPAL DE AGRESSORES DE MULHERES CONDENADOS NA CIDADE DE SÃO PAULO, E DÁ OUTRAS PROVIDÊNCIAS."
658668,PDL 37/2023,PDL,37,2023,"DISPÕE SOBRE A OUTORGA DE MEDALHA ANCHIETA E DIPLOMA DE GRATIDÃO DA CIDADE DE SÃO PAULO AO SR. GILBERTO VENTURA, E DÁ OUTRAS PROVIDÊNCIAS."
658691,PL 309/2023,PL,309,2023,DISPÕE SOBRE A CRIAÇÃO DO PARQUE MUNICIPAL LINEAR PASTOR CÍCERO CANUTO DE LIMA E DÁ OUTRAS PROVIDÊNCIAS.
658960,PL 314/2023,PL,314,2023,"CRIA O PROGRAMA MUNICIPAL DE ANIMAIS PERDIDOS, EM CONDIÇÃO DE ABANDONO OU APTOS PARA ADOÇÃO, VOLTADO À DIVULGAÇÃO DA REDE DE COMPUTAORES, DE FOTOGRAFIAS E INFORMAÇÕES NO ÂMBITO DO MUNICIPIO DE SÃO PAULO."
658963,PL 316/2023,PL,316,2023,"AUTORIZA AS REPARTIÇÕES PÚBLICAS, DE ECONOMIA  MISTA E PRIVADAS A CONCEDEREM A LICENÇA-DOENÇA REMUNERADA PARA MÃES SOLO NA CIDADE DE SÃO PAULO, E DÁ OUTRAS PROVIDÊNCIAS."
658964,PL 317/2023,PL,317,2023,"DENOMINA PRAÇA MARIA APARECIDA DOS SANTOS ZANARDO PRAÇA INOMINADA À R. PIRES DE ÁVILA, ALTURA NÚMERO 77 - JARDIM SÃO PAULO (ZONA LESTE), SUBPREFEITURA DE GUAIANAZES, E DÁ OUTRAS PROVIDÊNCIAS."
659858,PL 329/2023,PL,329,2023,DISPÕE SOBRE A CRIAÇÃO DO PROGRAMA DE LIÇÕES DE ÉTICA E CIDADANIA NA REDE PÚBLICA E PRIVADA DE ENSINO DO MUNICÍPIO DE SÃO PAULO.
660386,PL 338/2023,PL,338,2023,REDENOMINA TRECHOS DA AVENIDA RUA DOUTOR ARAÚJO DE CASTRO (CODLOG 782270)
660424,PL 339/2023,PL,339,2023,DISPÕE SOBRE A CRIAÇÃO DO HOSPITAL PÚBLICO VETERINÁRIO DE CAMPO LIMPO.
660948,PL 351/2023,PL,351,2023,"AUTORIZA O EXECUTIVO A INCLUIR NO ROL DE EXAMES OBRIGATÓRIOS A SEREM REALIZADOS PELAS GESTANTES ATENDIDAS PELA REDE MUNICIPAL DE SAÚDE A ULTRASSONOGRAFIA TRANSVAGINAL, E DÁ OUTRAS PROVIDÊNCIAS."
661144,PL 354/2023,PL,354,2023,DISPÕE SOBRE A INSTITUIÇÃO DO CIRCUITO PERMANENTE E POPULAR DE GASTRONOMIA PERIFÉRICA DA CIDADE DE SÃO PAULO E DÁ PROVIDÊNCIAS CORRELATAS.
662459,PL 378/2023,PL,378,2023,DISPÕE SOBRE A DISPONIBILIZAÇÃO DE TRATAMENTO DE HEMODIÁLISE POR HEMODIAFILTRAÇÃO ONLINE PELO SISTEMA MUNICIPAL DE SAÚDE NO ÂMBITO DO MUNICÍPIO DE SÃO PAULO E DÁ OUTRAS PROVIDÊNCIAS.
662705,PL 383/2023,PL,383,2023,"DENOMINA RUA IPAVA, O LOGRADOURO INOMINADO LOCALIZADO NA ALTURA DO NÚMERO 113 DA RUA CATANGUÁ NO BAIRRO DE CIDADE IPAVA, E DÁ OUTRAS PROVIDÊNCIAS."
662732,PL 389/2023,PL,389,2023,"AUTORIZA O EMBARQUE E DESEMBARQUE DE PASSAGEIROS FORA DOS PONTOS DE PARADA OBRIGATÓRIOS, DAS 22H ÀS 5H NA CIDADE DE SÃO PAULO, O CHAMADO PONTO DE ÔNIBUS VIRTUAL, E DÁ OUTRAS PROVIDÊNCIAS."
662741,PL 390/2023,PL,390,2023,DISPÕE SOBRE A INSTALAÇÃO DE BEBEDOUROS PÚBLICOS EM PRAÇAS PÚBLICAS DA CIDADE DE SÃO PAULO.
662817,PL 392/2023,PL,392,2023,"DENOMINA DRAMATURGO JOSÉ CELSO MARTINES CORRÊA O LOGRADOURO INOMINADO QUE ESPECÍFICA, LOCALIZADO NA SUBPREFEITURA DA SÉ, E DÁ OUTRAS PROVIDÊNCIAS."
662937,PL 400/2023,PL,400,2023,AUTORIZA OS PODERES EXECUTIVO E LEGISLATIVO E O TRIBUNAL DE CONTAS DO MUNICÍPIO DE SÃO PAULO A REALIZAR A CONTAGEM DE TEMPO COMO PERÍODO AQUISITIVO NECESSÁRIO PARA CONCESSÃO DE QUINQUÊNIOS E SEXTA PARTE
662948,PL 402/2023,PL,402,2023,"DISPÕE SOBRE A IMPLANTAÇÃO DO PROGRAMA MUNICIPAL DE SEGURANÇA DO PACIENTE (PMSP), NO MUNICÍPIO DE SÃO PAULO."
663026,PL 404/2023,PL,404,2023,"TRANSFORMA A PRAÇA WALDIR AZEVEDO EM PARQUE MUNICIPAL, E DÁ OUTRAS PROVIDÊNCIAS."
663083,PL 406/2023,PL,406,2023,"DISPÕE SOBRE A AUTORIZAÇÃO DE OPERAÇÕES DE CARGA OU DESCARGA NAS VIAS PÚBLICAS PRÓXIMAS ÀS ESCOLAS DA REDE MUNICIPAL DE ENSINO, PELO PERÍODO MÁXIMO DE 5 (CINCO) HORAS."
663084,PL 407/2023,PL,407,2023,"DISPÕE SOBRE A AUTORIZAÇÃO DE OPERAÇÕES DE CARGA OU DESCARGA NAS VIAS PÚBLICAS PRÓXIMAS AOS ÓRGÃOS PÚBLICOS MUNICIPAIS, PELO PERÍODO MÁXIMO DE 5 (CINCO) HORAS."
663085,PL 408/2023,PL,408,2023,INSTITUI NO MUNICÍPIO DE SÃO PAULO A CASA DOS ARTESÃOS DE PARELHEIROS.
663544,PL 416/2023,PL,416,2023,"ALTERA A DENOMINAÇÃO DA “AVENIDA JABAQUARA”, QUE PASSA A DENOMINAR-SE “AVENIDA JABAQUARA - FARIA DE SÁ”."
663807,PL 423/2023,PL,423,2023,INSTITUI O PROJETO TURISMO PEDAGÓGICO NA REDE PÚBLICA MUNICIPAL DE ENSINO E DÁ OUTRAS PROVIDÊNCIAS.
664132,PL 425/2023,PL,425,2023,DISPÕE SOBRE NORMAS E CONDUTAS PARA A PROTEÇÃO DE PASSAGEIROS EM SITUAÇÃO DE VULNERABILIDADE DURANTE O TRANSPORTE INDIVIDUAL REMUNERADO DE UTILIDADE PÚBLICA E DÁ OUTRAS PROVIDÊNCIAS.
664156,PL 426/2023,PL,426,2023,DECLARA DE UTILIDADE PÚBLICA A CASA DE REABILITAÇÃO REINO DE SALEM.
664331,PL 431/2023,PL,431,2023,"DISPÕE SOBRE A IMPLANTAÇÃO DE MICROCHIP, GRATUITAMENTE, EM ANIMAIS DOMÉSTICOS, NA CIDADE DE SÃO PAULO E DÁ OUTRAS PROVIDÊNCIAS."
664463,PL 432/2023,PL,432,2023,"DISPÕE SOBRE A IMPLEMENTAÇÃO DE CANAIS DE COMUNICAÇÃO VISANDO AMPLIAR O ALCANCE DO PROTOCOLO “NÃO SE CALE” ESTABELECIDO PELA LEI Nº 17.951, DE 23 DE MAIO DE 2023."
664665,PL 434/2023,PL,434,2023,INSTITUI O “PASSE LIVRE DA SAÚDE” - COTAS DE PASSAGENS GRATUITAS PARA OS USUÁRIOS DOS EQUIPAMENTOS MUNICIPAIS DE SAÚDE NOS SERVIÇOS DE TRANSPORTE COLETIVO DO MUNICÍPIO.
664950,PL 439/2023,PL,439,2023,"DISPÕE SOBRE NORMAS DE MANUTENÇÃO DE INSTALAÇÕES DE AQUECIMENTO DE ÁGUA EM EDIFICAÇÕES, COM O OBJETIVO DE PREVENIR ACIDENTES QUE PONHAM EM RISCO A SAÚDE E A VIDA DOS MUNÍCIPES OU ACARRETEM DANOS ÀS SUAS PROPRIEDADES E BENS, E DÁ OUTRAS PROVIDÊNCIAS."
665072,PL 440/2023,PL,440,2023,INSTITUI A POLÍTICA MUNICIPAL DE INCENTIVO AO JOVEM EMPREENDEDOR EM SÃO PAULO.
665101,PL 441/2023,PL,441,2023,INSTITUI PROGRAMA INTERDISCIPLINAR DE PARTICIPAÇÃO COMUNITÁRIA PARA PREVENÇÃO E COMBATE À VIOLÊNCIA NAS ESCOLAS DA REDE PÚBLICA DE ENSINO DO MUNICÍPIO DE SÃO PAULO.
665130,PL 443/2023,PL,443,2023,"DISPÕE NO ÂMBITO DO MUNICÍPIO DE SÃO PAULO SOBRE A OBRIGATORIEDADE DE REPRESENTANTES DA ILUMINA NAS REUNIÕES DO CONSEG, E DÁ OUTRAS PROVIDÊNCIAS."
665238,PL 446/2023,PL,446,2023,"DÁ NOVA REDAÇÃO AO INCISO VIII, DO ARTIGO 3º, DA LEI Nº 13.991/2005, QUE DISPÕE SOBRE À DESTINAÇÃO DE RECURSOS FINANCEIROS ÀS ASSOCIAÇÕES DE PAIS E MESTRES DAS UNIDADES EDUCACIONAIS DA REDE MUNICIPAL DE ENSINO."
665724,PL 456/2023,PL,456,2023,"DENOMINA PRAÇA VISTA DAS CORUJAS, O LOGRADOURO PÚBLICO INOMINADO, LOCALIZADO NA RUA DESEMBARGADOR MANOEL CARLOS DA COSTA LEITE, 47, CONJ. RES. VISTA VERDE – SUBPREFEITURA DE PIRITUBA."
665819,PDL 66/2023,PDL,66,2023,"SUSTA OS EFEITOS DO DECRETO Nº 62.555, DE 12 DE JULHO DE 2023, QUE REGULAMENTA O CAPÍTULO VII DA LEI Nº 17.722, DE 7 DE DEZEMBRO DE 2021, QUE DISPÕE SOBRE AS CONDIÇÕES E OS CRITÉRIOS PARA A AQUISIÇÃO E GOZO DE FÉRIAS PELO SERVIDOR PÚBLICO MUNICIPAL, A ACUMULAÇÃO E A ORGANIZAÇÃO DA ESCALA DE FÉRIAS, A CONVERSÃO DE FÉRIAS EM TEMPO DE SERVIÇO, O PAGAMENTO DE FÉRIAS E A INDENIZAÇÃO POR FÉRIAS NÃO GOZADAS, BEM COMO ESTABELECE OUTRAS MEDIDAS CORRELATAS AO TEMA, NAS HIPÓTESES E CONDIÇÕES QUE ESPECIFICA"
665840,PL 458/2023,PL,458,2023,"ACRESCENTA A EXPRESSÃO “SÃO PAULO É DO SENHOR JESUS CRISTO” À PRAÇA CAMPO DE BAGATELLE (CODLOG 218766) LOCALIZADA NA CONFLUÊNCIA DA AVENIDA SANTOS DUMONT, COM AVENIDA OLAVO FONTOURA E COM A RUA PAINEIRA DE CAMPO E DÁ OUTRAS PROVIDÊNCIAS."
666466,PL 467/2023,PL,467,2023,"CRIA O SISTEMA MUNICIPAL DE CULTURA DE SÃO PAULO, E DÁ OUTRAS PROVIDÊNCIAS."
666633,PL 469/2023,PL,469,2023,"DISPÕE SOBRE A IMPLEMENTAÇÃO DE ÁREAS DE LAZER PARA ANIMAIS DE ESTIMAÇÃO, DENOMINADAS COMO “ESPAÇO DO AMIGUINHO” NO PERÍMETRO URBANO DA CAPITAL E DÁ OUTRAS PROVIDÊNCIAS."
666655,PL 470/2023,PL,470,2023,"DISPÕE SOBRE A PODA DE ÁRVORE PELAS EMPRESAS CONCESSIONÁRIAS DE ENERGIA ELÉTRICA, NA FORMA QUE ESPECIFICA E DÁ OUTRAS PROVIDÊNCIAS."
666902,PL 476/2023,PL,476,2023,"INSTITUIR O PROGRAMA TARIFA ZERO, COM O OBJETIVO DE ASSEGURAR O TRANSPORTE COLETIVO GRATUITO NO MUNICÍPIO DE SÃO PAULO."
666909,PL 477/2023,PL,477,2023,"DENOMINA PAULO GUSTAVO O LOGRADOURO QUE ESPECÍFICA, LOCALIZADO NA SUBPREFEITURA DE PINHEIROS, E DÁ OUTRAS PROVIDÊNCIAS."
666987,PL 478/2023,PL,478,2023,"DISPÕE SOBRE A IMPLANTAÇÃO DE MONUMENTO COMEMORATIVO EM HOMENAGEM E MEMÓRIA AO LEVANTE NO FERRO'S, E DÁ OUTRAS PROVIDÊNCIAS."
667095,PL 482/2023,PL,482,2023,INSTITUI A POLÍTICA DE ATENÇÃO À ONCOLOGIA PEDIÁTRICA NO ÂMBITO DO MUNICÍPIO DE SÃO PAULO.
667634,PL 486/2023,PL,486,2023,"ACRESCENTA ARTIGO À LEI Nº 16.277, DE 5 DE OUTUBRO DE 2015, PARA PREVER A IMPLEMENTAÇÃO DE TELHADOS VERDES EM PONTOS DE ÔNIBUS ESTRATÉGICOS, A FIM DE AMPLIAR A ÁREA SUSTENTÁVEL NO MUNICÍPIO DE SÃO PAULO E DÁ OUTRAS PROVIDÊNCIAS."
667780,PL 488/2023,PL,488,2023,"ALTERA A DENOMINAÇÃO DA AVENIDA JANGADEIRO [CADLOG 9913-9], QUE PASSA A DENOMINAR-SE AVENIDA DO JANGADEIRO – BENJAMIN RIBEIRO DA SILVA, O LOGRADOURO PÚBLICO SITUADO NO BAIRRO CIDADE DUTRA, ÂMBITO DA SUBPREFEITURA DE CAPELA DO SOCORRO – ZONA SUL."
667865,PL 489/2023,PL,489,2023,"DENOMINA RUA PROFESSORA MARIA APARECIDA DA COSTA SOUZA, O LOGRADOURO QUE ESPECÍFICA, LOCALIZADO NA SUBPREFEITURA DE CIDADE ADEMAR, E DÁ OUTRAS PROVIDÊNCIAS."
667899,PL 490/2023,PL,490,2023,"RECONHECE OS PORTADORES DE FIBROMIALGIA COMO PESSOAS COM DEFICIÊNCIA NO ÂMBITO DO MUNICÍPIO DE SÃO PAULO, INSTITUI A CARTEIRA DE IDENTIFICAÇÃO DA PESSOA COM FIBROMIALGIA E DÁ OUTRAS PROVIDÊNCIAS."
667903,PL 491/2023,PL,491,2023,DECLARA DE UTILIDADE PÚBLICA A “ASSOCIAÇÃO COMUNITÁRIA DE EDUCAÇÃO FILHOS DO FUTURO - ACEFF” E DÁ OUTRAS PROVIDÊNCIAS.
667943,PL 493/2023,PL,493,2023,"ALTERA A LEI Nº 17.437, DE 12 DE AGOSTO DE 2020, PARA INCLUIR A MOCHILA COMO ITEM DO UNIFORME ESCOLAR DOS ESTUDANTES MATRICULADOS NA REDE PÚBLICA DO MUNICÍPIO DE SÃO PAULO."
667947,PL 494/2023,PL,494,2023,"INSTITUI PROGRAMA DE FORMAÇÃO CONTINUADA PARA OS TRABALHADORES DOS SERVIÇOS DE ATENDIMENTO ÀS MULHERES VÍTIMAS DE VIOLÊNCIA DE GÊNERO, E DÁ OUTRAS PROVIDÊNCIAS."
667957,PR 37/2023,PR,37,2023,"INSTITUI O PRÊMIO ROSELY ROTH  DE DIVERSIDADE, E DÁ OUTRAS PROVIDÊNCIAS"
668016,PL 496/2023,PL,496,2023,"DENOMINA PRAÇA DORIVAL AURIANI, PRAÇA SEM NOMINAÇÃO, LOCALIZADA NO BAIRRO DA LAPA, MUNICÍPIO DE SÃO PAULO - SP."
668286,PL 500/2023,PL,500,2023,"DENOMINA PRAÇA PROFESSOR BENJAMIN RIBEIRO DA SILVA, A PRAÇA INOMINADA LOCALIZADA NO ENTRONCAMENTO ENTRE A RUA OCIDENTAL COM RUA PERSÉPOLIS – CIDADE DUTRA, E DÁ OUTRAS PROVIDÊNCIAS."
668534,PL 503/2023,PL,503,2023,"INCLUI O §3º NA LEI Nº 16.563, DE 7 DE NOVEMBRO DE 2016, QUE “DISPÕE SOBRE DIRETRIZES PARA A CONSCIENTIZAÇÃO SOBRE A SÍNDROME ALCOÓLICA FETAL E DÁ OUTRAS PROVIDÊNCIAS”, PARA ESTABELECER A OBRIGATORIEDADE DE QUE TODA A REDE MUNICIPAL ATUANTE NO PRÉ-NATAL ORIENTE OS PACIENTES SOBRE A IMPORTÂNCIA DO ZERO CONSUMO DE ÁLCOOL DURANTE A GRAVIDEZ A FIM DE PREVENIR A SÍNDROME ALCOÓLICA FETAL (SAF)."
668976,PL 512/2023,PL,512,2023,"DISPÕE SOBRE A CONCESSÃO À PESSOA COM DEFICIÊNCIA AUDITIVA GESTANTE, O DIREITO A UM INTÉRPRETE DA LÍNGUA BRASILEIRA DE SINAIS – LIBRAS, PARA ACOMPANHAR A CONSULTA DE PRÉ-NATAL E O TRABALHO DE PARTO."
669023,PL 513/2023,PL,513,2023,ESTABELECE O USO DA HASHTAG #PRATODOSVEREM NAS PUBLICAÇÕES ELETRÔNICAS DA ADMINISTRAÇÃO DIRETA E INDIRETA DO MUNICÍPIO DE SÃO PAULO.
669024,PL 514/2023,PL,514,2023,INSTITUI O PROGRAMA VACINA NA ESCOLA.
669025,PL 515/2023,PL,515,2023,DISPÕE SOBRE A IDENTIFICAÇÃO DOS PONTOS E RESPECTIVAS LINHAS DE ÔNIBUS DO MUNICÍPIO EM BRAILE.
669026,PL 516/2023,PL,516,2023,ESTABELECE A OBRIGATORIEDADE DE AGENDAMENTO DE CONSULTAS RELACIONADAS À INTERNAÇÃO APÓS OBTENÇÃO DE ALTA HOSPITALAR.
669027,PL 517/2023,PL,517,2023,"ALTERA A LEI Nº 14.485, DE 19 DE JULHO DE 2007, PARA ATRIBUIR NOVA DENOMINAÇÃO A EVENTO DEDICADO À DIPLOMACIA DE CIDADES, INSERIDO NO CALENDÁRIO DE EVENTOS DA CIDADE DE SÃO PAULO."
669148,PL 519/2023,PL,519,2023,"DISPÕE SOBRE A PROTEÇÃO DA PESSOA IDOSA NOS PROCEDIMENTOS DE CONTRATAÇÃO DE EMPRÉSTIMO CONSIGNADO, DE CARTÃO DE CRÉDITO CONSIGNADO E DE SERVIÇO CUJO DESCONTO INCIDA SOBRE A FOLHA DE PAGAMENTO."
669257,PL 524/2023,PL,524,2023,"DISPÕE SOBRE A ALTERAÇÃO DA DENOMINAÇÃO DA RUA EMBAIXADOR CÂMARA CANTO, LOCALIZADA NO BAIRRO PIQUERI, QUE PASSA A DENOMINAR-SE RUA VERA SILVIA MAGALHÃES."
669497,PL 528/2023,PL,528,2023,"DISPÕE SOBRE A PROTEÇÃO DE CONSCIÊNCIA E DE CRENÇA NAS INSTITUIÇÕES RELIGIOSAS, E DÁ OUTRAS PROVIDÊNCIAS."
669888,PDL 75/2023,PDL,75,2023,"SUSTA A INSTRUÇÃO NORMATIVA SME Nº 24, DE 04 DE SETEMBRO DE 2023, QUE AMPLIA A ABRANGÊNCIA DO PROGRAMA “SÃO PAULO INTEGRAL – SPI”, INSTITUÍDO PELA PORTARIA SME Nº 7.464, DE 2015, NAS ESCOLAS MUNICIPAIS DE EDUCAÇÃO INFANTIL - EMEIS, CENTROS MUNICIPAIS DE EDUCAÇÃO INFANTIL – CEMEIS, ESCOLAS MUNICIPAIS DE ENSINO FUNDAMENTAL - EMEFS, ESCOLAS MUNICIPAIS DE ENSINO FUNDAMENTAL E MÉDIO – EMEFMS E ESCOLAS MUNICIPAIS DE EDUCAÇÃO BILINGUE PARA SURDOS - EMEBSS DA REDE MUNICIPAL DE ENSINO E DÁ OUTRAS PROVIDÊNCIAS."
670005,PL 531/2023,PL,531,2023,"DENOMINA O ESPAÇO PÚBLICO INOMINADO “PRAÇA LUIZ GONZAGA GALDINO”, SITUADO NO BAIRRO VILA SILVIA – SUBPREFEITURA PENHA, E DÁ OUTRAS PROVIDÊNCIAS"
670033,PL 533/2023,PL,533,2023,"AUTORIZA O PODER EXECUTIVO A REALIZAR PARCERIAS COM AS INSTITUIÇÕES DE ENSINO PÚBLICO E PRIVADO, PARA A REALIZAÇÃO DE ATIVIDADES FÍSICAS NAS PRAÇAS, E ESPAÇOS PÚBLICOS PARA CRIANÇAS, JOVENS, ADULTOS E IDOSOS."
670219,PL 540/2023,PL,540,2023,"DISPÕE SOBRE A “CARTEIRINHA DO TIPO SANGUÍNEO”, NA FORMA QUE ESPECIFICA E DÁ OUTRAS PROVIDÊNCIAS."
670401,PL 545/2023,PL,545,2023,"DENOMINA A RUA COMPREENDIDA ENTRE R. ALBANO RODRIGUES DOS SANTOS - JAGUARÉ, SÃO PAULO - SP, 02675-031 E A RUA ANDRIES BOTH, 806 - JAGUARÉ, SÃO PAULO - SP, 05320-010  COMO “RUA JOAQUIM PAULINO DA SILVA” E DÁ OUTRAS PROVIDÊNCIAS."
670409,PL 546/2023,PL,546,2023,"INSTITUI O ""PLANO DE CONTINGÊNCIA PARA ONDAS DE CALOR"", BUSCANDO AMPARAR AS PESSOAS EM SITUAÇÃO DE RUA EM CASOS DE ELEVADAS TEMPERATURAS"
670614,PL 549/2023,PL,549,2023,DISPÕE SOBRE A CAPACITAÇÃO DAS EQUIPES DE SAÚDE EM PROCEDIMENTOS HUMANIZADOS E QUALIFICADOS DE ATENÇÃO A MULHERES VÍTIMAS DE VIOLÊNCIA.
670636,PR 39/2023,PR,39,2023,"DISPÕE SOBRE A CRIAÇÃO DO PRÊMIO LUIZ GONZAGA, A SER CONCEDIDO ANUALMENTE EM AGOSTO PARA AQUELES QUE SE DESTACAREM NO CENÁRIO SÓCIO, POLÍTICO E ECONÔMICO NA COMUNIDADE NORDESTINA, NO MUNICÍPIO DE SÃO PAULO, POR SEUS TRABALHOS E DÁ OUTRAS PROVIDÊNCIAS."
670637,PL 552/2023,PL,552,2023,"ACRESCENTA O § 3º AO ART. 175 DO CAPÍTULO VI DA LEI Nº Nº 8.989, DE 29 DE OUTUBRO DE 1979 (ESTATUTO DO SERVIDOR MUNICIPAL), PARA DISPOR SOBRE ALOCAÇÃO À SERVIDORA PÚBLICA EM SITUAÇÃO DE ASSÉDIO SEXUAL, MORAL, VIOLÊNCIA DOMÉSTICA E FAMILIAR OU QUALQUER SITUAÇÃO QUE IMPUTE VULNERABILIDADE OU RISCO DE VIDA, GARANTINDO ALOCAÇÃO EM OUTRA UNIDADE PARA PRESTAÇÃO DE SERVIÇO, A FIM DE RESGUARDAR SUA INTEGRIDADE FÍSICA E PSICOLÓGICA."
670815,PL 556/2023,PL,556,2023,"DENOMINA VIELA WILMA COSTA DE ALMEIDA, O LOGRADOURO QUE ESPECIFICA, LOCALIZADO NA RUA BARÃO DE SANTO ÂNGELO Nº 54 – CEP 02842-000, SETOR 107 QUADRA 090 LOTE 00010, JARDIM DO TIRO - SÃO PAULO, E DÁ OUTRAS PROVIDÊNCIAS."
670817,PL 557/2023,PL,557,2023,"ALTERA A LEI Nº 14.485, DE 19 DE JULHO DE 2007, PARA INCLUIR O DIA MUNICIPAL DA VISIBILIDADE BISSEXUAL, A SER REALIZADO ANUALMENTE, NO DIA 23 DE SETEMBRO E DÁ OUTRAS PROVIDÊNCIAS."
670993,PL 561/2023,PL,561,2023,"TRANSFORMA A PRAÇA HELENA MARCOS ARISTIDES, CEP 04177-400 - JARDIM VERGUEIRO, SÃO PAULO - SP EM PARQUE MUNICIPAL E DÁ OUTRAS PROVIDÊNCIAS."
671006,PDL 81/2023,PDL,81,2023,"CONCEDE SALVA DE PRATA PARA O COLÉGIO NOTARIAL DO BRASIL, SEÇÃO SÃO PAULO"
671041,PL 562/2023,PL,562,2023,"DENOMINA PRAÇA ANGELO GAZOLLI, PRAÇA SEM NOMINAÇÃO, LOCALIZADA NO BAIRRO DA ALTO DA LAPA, MUNICÍPIO DE SÃO PAULO - SP"
671192,PL 563/2023,PL,563,2023,CRIA O PACTO MUNICIPAL DE ENFRENTAMENTO DA VIOLÊNCIA CONTRA A MULHER.
671193,PL 564/2023,PL,564,2023,"DENOMINA PRAÇA DOMINGOS FRAGA, O ESPAÇO LIVRE INOMINADO SITUADO NO BAIRRO DA BARRA FUNDA, DISTRITO DE SANTA CECÍLIA, SUBPREFEITURA SÉ."
671195,PL 566/2023,PL,566,2023,"AUTORIZA A CRIAÇÃO DA CARTEIRA DE “PASSE LIVRE LEGAL”, NO ÂMBITO DO MUNICÍPIO DE SÃO PAULO, E DÁ OUTRAS PROVIDÊNCIAS."
671517,PL 572/2023,PL,572,2023,"DISPÕE SOBRE CONTROLE DE POPULAÇÃO E CONTROLE DE ZOONOSES NO MUNICÍPIO DE SÃO PAULO, E DÁ OUTRAS PROVIDÊNCIAS."
671847,PL 582/2023,PL,582,2023,"ASSEGURA, POR MOTIVO DE FORÇA MAIOR, MEDIDAS PARA QUE OS SERVIDORES PÚBLICOS MUNICIPAIS LOTADOS EM UNIDADES EDUCACIONAIS, DE SAÚDE, DA SEGURANÇA URBANA, DA ASSISTÊNCIA SOCIAL, SERVIÇO FUNERÁRIO E DEMAIS CATEGORIAS EM RAZÃO DE GREVE NO SISTEMA DE TRANSPORTE PÚBLICO NÃO TENHAM PREJUÍZOS EM SEUS VENCIMENTOS E CARREIRA"
671856,PL 584/2023,PL,584,2023,"ALTERAR A DENOMINAÇÃO DA TRAVESSA LIRIO ASTECA, LOCALIZADA À RUA EUCLIDES PACHECO, 738 – TATUAPÉ, PARA TRAVESSA ANTONIO DAS NEVES, E DÁ OUTRAS PROVIDÊNCIAS."
672447,PDL 85/2023,PDL,85,2023,CONCEDE SALVA DE PRATA À CORPORAÇÃO MUSICAL OPERÁRIA DA LAPA E DÁ OUTRAS PROVIDÊNCIAS.
672871,PL 592/2023,PL,592,2023,DISPÕE SOBRE A CRIAÇÃO DO PROGRAMA DE APOIO PSICOLÓGICO AOS PROFISSIONAIS DA EDUCAÇÃO E DÁ OUTRAS PROVIDÊNCIAS.
672957,PL 595/2023,PL,595,2023,"FICA DENOMINADA COMO PRAÇA JOÃO OLIBONI A PRAÇA INOMINADA, QUE FICA NA ALTURA DO NÚMERO 30 DA RUA CATARINA VIEIRA, VILA DALILA, NO DISTRITO DA PENHA- PREFEITURA REGIONAL DA PENHA."
673065,PL 600/2023,PL,600,2023,"DISPÕE SOBRE A CAPACITAÇÃO ESCOLAR DA PRIMEIRA INFÂNCIA, CRIANÇAS E ADOLESCENTES PARA IDENTIFICAÇÃO E PREVENÇÃO DE SITUAÇÃO DE VIOLÊNCIA."
673186,PL 602/2023,PL,602,2023,"ALTERA A LEI Nº 16.337, DE 30 DE DEZEMBRO DE 2015, PARA INCLUIR AS PESSOAS COM SÍNDROME DE DOWN OU OUTRAS CORRELATAS ENTRE OS BENEFICIÁRIOS DO SERVIÇO DE ATENDIMENTO ESPECIAL – SERVIÇO ATENDE."
673197,DOCREC 671/2023,DOCREC,671,2023,"ENCAMINHA CÓPIA DAS INFORMAÇÕES PRESTADAS PELA SECRETARIA MUNICIPAL DAS SUBPREFEITURAS (SMSUB), LEVANTADAS JUNTO À SECRETARIA MUNICIPAL DE SEGURANÇA URBANA (SMSU) E ÀS SUBPREFEITURAS, A RESPEITO DAS MULTAS LAVRADAS POR VIOLAÇÃO ÀS DISPOSIÇÕES DA LEI Nº 16.647, DE 15 DE MAIO DE 2017."
673311,PL 605/2023,PL,605,2023,"PERMITE A COMERCIALIZAÇÃO, PROPAGANDA E CONSUMO DE BEBIDA ALCOÓLICA EM EVENTOS ESPORTIVOS NOS ESTÁDIOS DE FUTEBOL E ARENAS ESPORTIVAS LOCALIZADAS NO MUNICÍPIO DE SÃO PAULO E DÁ OUTRAS PROVIDÊNCIAS."
673317,PR 41/2023,PR,41,2023,"DISPÕE SOBRE A CRIAÇÃO, NO ÂMBITO DA CÂMARA MUNICIPAL DE SÃO PAULO, DA COMISSÃO EXTRAORDINÁRIA PERMANENTE DA PESSOA COM DEFICIÊNCIA, E DÁ OUTRAS PROVIDÊNCIAS"
673438,PL 608/2023,PL,608,2023,"ACRESCENTA NA DENOMINAÇÃO DA AVENIDA PACAEMBU A EXTENSÃO REI PELÉ, E DÁ OUTRAS PROVIDÊNCIAS."
674126,PL 615/2023,PL,615,2023,"DENOMINA PRAÇA TATINHO – CLODOALDO MACIEL, O ESPAÇO LIVRE, LOCALIZADO NA RUA FÉLIX ALVES PEREIRA, CODLOG 753823, SETOR 108, QUADRA 007, LOTE 0001, DISTRITO DE CACHOEIRINHA, NA SUBPREFEITURA CASA VERDE LIMÃO/CACHOEIRINHA, ENTRE O ECOPONTO VILA NOVA CACHOEIRINHA, N° 113, E O ENTRONCAMENTO DA AVENIDA INAJAR DE SOUZA COM A RUA JULIÃO FERREIRA DA SILVA."
674144,PL 616/2023,PL,616,2023,"AUTORIZA A DECLARAÇÃO DE UTILIDADE PÚBLICA, PARA FINS DE DESAPROPRIAÇÃO, DOS LOTES F0015, F0014, F 0022, F0021, F0020, F0019, F0023 E F0024, SITUADOS NA QUADRA F136 DO SETOR 012, LOCALIZADOS NA SUBPREFEITURA DA LAPA."
674173,PL 618/2023,PL,618,2023,DISPÕE SOBRE A PROIBIÇÃO DE INSTALAÇÃO E FUNCIONAMENTO DE FERROS-VELHOS E ATIVIDADES CORRELATAS NA REGIÃO CENTRAL DO MUNICÍPIO DE SÃO PAULO E DÁ OUTRAS PROVIDÊNCIAS.
674207,PL 622/2023,PL,622,2023,"DENOMINA PRAÇA FELÍCIO HERALDO ZAMBON, O LOGRADOURO PÚBLICO INOMINADO, LOCALIZADO NO CANTEIRO CENTRAL DA AVENIDA SANTOS DUMONT, DISTRITO DE SANTANA, SUBPREFEITURA DE SANTANA/TUCURUVI, E DÁ OUTRAS PROVIDÊNCIAS."
674435,PL 629/2023,PL,629,2023,"DISPÕE SOBRE NORMAS PARA INSTALAÇÃO DE LIXEIRAS E CAIXAS DE RESÍDUOS, E DÁ OUTRAS PROVIDÊNCIAS."
674436,PL 630/2023,PL,630,2023,"DENOMINA “HOSPITAL DIA PENHA VEREADOR TONINHO PAIVA”, O ESPAÇO PÚBLICO QUE ESPECIFICA, LOCALIZADO NA PRAÇA NOSSA SENHORA DA PENHA, Nº 55, PENHA DE FRANÇA, E DÁ OUTRAS PROVIDÊNCIAS"
674437,PL 631/2023,PL,631,2023,"DENOMINA COMO “PRAÇA ALESSANDRO DE SOUSA ALVES”, O ESPAÇO PÚBLICO DE LAZER LOCALIZADO NA RUA DAS OLIVEIRAS, 11 - VILA SULINA, SÃO PAULO - SP, 05263-010 E DÁ OUTRAS PROVIDÊNCIAS."
674443,PL 632/2023,PL,632,2023,"INSTITUI A CAMPANHA “OFTALMOLOGISTA NA ESCOLA”, QUE DISPÕE SOBRE A OBRIGATORIEDADE DA REALIZAÇÃO DE EXAMES OFTALMOLÓGICOS PARA ALUNOS DA REDE PÚBLICA DE ENSINO DO MUNICÍPIO DE SÃO PAULO, E DÁ OUTRAS PROVIDÊNCIAS."
674533,PL 636/2023,PL,636,2023,"DISPÕE SOBRE A CRIAÇÃO DO PARQUE ECOLÓGICO DO ENCOSTA NORTE, NO ITAIM PAULISTA E DÁ OUTRAS PROVIDÊNCIAS."
674643,PL 645/2023,PL,645,2023,"CONCEDE INCENTIVO FISCAL ÀS UNIDADES DE LOJAS MAÇÔNICAS, AS DO LIONS CLUB E AS DO ROTARY CLUB, SEDIADAS NO MUNICÍPIO DE SÃO PAULO E DÁ OUTRAS PROVIDÊNCIAS."
674713,PL 646/2023,PL,646,2023,"DENOMINA PRAÇA URBANO SANTANA DA SILVA – ZURURBANO, O ESPAÇO LIVRE LOCALIZADO NA RUA CAPITÃO OLIVEIRA CARVALHO, ENTRE OS NÚMEROS 360 E 356, JARDIM RINCÃO, CODLOG 633615, CEP: 02991-090, SUBPREFEITURA DE PIRITUBA/JARAGUÁ, E DÁ OUTRAS PROVIDÊNCIAS."
674768,PL 650/2023,PL,650,2023,"TRANSFORMA A PRAÇA DA REPÚBLICA EM PARQUE MUNICIPAL, E DÁ OUTRAS PROVIDÊNCIAS."
674977,PL 652/2023,PL,652,2023,"DISPÕE SOBRE A POLÍTICA MUNICIPAL DE PROTEÇÃO DOS DIREITOS DA PESSOA COM TRANSTORNO DO ESPECTRO AUTISTA – TEA, COM A GARANTIA DE ACOMPANHANTE ESPECIALIZADO NO ÂMBITO ESCOLAR E DÁ OUTRAS PROVIDÊNCIAS."
675233,PL 655/2023,PL,655,2023,"AUTORIZA QUE A PREFEITURA CRIE REGULAMENTAÇÃO QUE POSSA EXIGIR DAS EMPRESAS DE ÔNIBUS A CONSTRUÇÃO DE GUARITAS PARA OS FUNCIONÁRIOS NAS PARADAS FINAIS DOS ÔNIBUS, QUE VISA GARANTIR CONDIÇÕES DIGNAS DE TRABALHO E SAÚDE."
675804,PL 660/2023,PL,660,2023,"AUTORIZA A CRIAÇÃO DO POLO CULTURAL GASTRONÔMICO E TURÍSTICO DO BIXIGA, E DÁ OUTRAS PROVIDÊNCIAS."
675824,PL 661/2023,PL,661,2023,"ALTERA A LEI 8.989, DE 29 DE OUTUBRO DE 1979, PARA INCLUIR HORÁRIO ESPECIAL PARA SERVIDOR COM DEFICIÊNCIA E PARA SERVIDOR QUE TENHA CÔNJUGE OU FILHO OU DEPENDENTE DEFICIENTE."
675899,PL 663/2023,PL,663,2023,"AUTORIZA A DECLARAÇÃO DE UTILIDADE PÚBLICA, PARA FINS DE DESAPROPRIAÇÃO, DAS QUADRAS F165, F166, F167 DO SETOR 185 E DEMAIS LOTES E QUADRAS DO SETOR 201 NECESSÁRIAS PARA A IMPLANTAÇÃO INTEGRAL DO PARQUE DA MATA ESMERALDA, SUBPREFEITURA DO BUTANTÃ."
676025,PL 664/2023,PL,664,2023,"DENOMINA PRAÇA RAIMUNDA ALVES DA SILVA, NO BAIRRO VILA ANTONIETA, SÃO PAULO – SP, CEP 03474-017, SUBPREFEITURA DE ARICANDUVA FORMOSA/CARRÃO."
676140,PL 667/2023,PL,667,2023,"""DISPÕE SOBRE A MANUTENÇÃO DE LICENÇAS E DIREITOS DE ALOCAÇÃO, OCUPAÇÃO, PERMANÊNCIA E FUNCIONAMENTO CONCEDIDOS OU A SE CONCEDER A EMPRESAS PÚBLICAS OU PRIVADAS DEVIDAMENTE CONSTITUÍDAS NO MUNICÍPIO DE SÃO PAULO”."
676150,PL 668/2023,PL,668,2023,DISPÕE SOBRE A CRIAÇÃO DE CENTROS DE ATENDIMENTO TERAPÊUTICO E DE SOCIABILIDADES DE ADULTOS COM TEA – TRANSTORNO DO ESPECTRO AUTISTA
676524,PL 677/2023,PL,677,2023,"AUTORIZA O PODER EXECUTIVO A OBRIGAR QUE ESTÁDIOS DE FUTEBOL, CASAS DE ESPETÁCULO E ORGANIZADORES DE GRANDES EVENTOS NA CIDADE DE SÃO PAULO DISTRIBUAM, DE FORMA GRATUITA, AOS SEUS CLIENTES, ÁGUA POTÁVEL FILTRADA À VONTADE."
676536,PL 679/2023,PL,679,2023,"CRIA O SISTEMA DE MONITORAMENTO, GESTÃO E REDUÇÃO DE RISCOS PARTICIPATIVA E INTEGRADA, NO ÂMBITO DO MUNICÍPIO DE SÃO PAULO E DÁ OUTRAS PROVIDÊNCIAS."
677128,PL 690/2023,PL,690,2023,"DISPÕE SOBRE A DISPONIBILIZAÇÃO DE ÁREA RESERVADA PARA FAMÍLIAS EM GINÁSIOS, ESTÁDIOS E ESPAÇOS PÚBLICOS E PRIVADOS, NAS SITUAÇÕES QUE ESPECIFICA E DÁ OUTRAS PROVIDÊNCIAS."
677475,PL 692/2023,PL,692,2023,"DISCIPLINA A COLOCAÇÃO DE PAINÉIS DE LED NAS BANCAS DE JORNAIS, E DÁ OUTRAS PROVIDÊNCIAS."
677486,PL 693/2023,PL,693,2023,"INSTITUI, NO MUNÍCIPIO DE SÃO PAULO, A NECESSIDADE DE MAJORAÇÃO DO PERÍODO DE UTILIZAÇÃO DO BILHETE ÚNICO PARA PAGAMENTO DE TARIFAS NO SERVIÇO DE TRANSPORTE COLETIVO PÚBLICO DE PASSAGEIROS NA CIDADE DE SÃO PAULO, JÁ EXISTENTE NOS DIAS ÚTEIS, BEM COMO ALTERAR AOS DOMINGOS E FERIADOS, PASSANDO ESTES A SEREM PERÍODOS DE GRATUIDADE, DANDO OUTRAS PROVIDÊNCIAS."
677487,PL 694/2023,PL,694,2023,"INSTITUI AOS VEÍCULOS CADASTRADOS PARA FINS DE TRANSPORTE ESCOLAR DE CRIANÇAS NO MUNICÍPIO DE SÃO PAULO, INDEPENDENTE DA CATEGORIA DO VEÍCULO, A NECESSIDADE DE TEREM EM SEU INTERIOR, INSTALADOS SENSORES DE PRESENÇA E MOVIMENTO DE PESSOAS, COM ALERTA DE EMBARQUE E DESEMBARQUE VIA APLICATIVO COM COMPARTILHAMENTO DE LOCALIZAÇÃO REAL VIA APS, NA CIDADE DE SÃO PAULO, E DÁ OUTRAS PROVIDÊNCIAS."
677609,PL 699/2023,PL,699,2023,"INSTITUI, NO MUNICÍPIO DE SÃO PAULO, A CAMPANHA PERMANENTE DE ORIENTAÇÃO, PREVENÇÃO E CONSCIENTIZAÇÃO DA DEPRESSÃO, TRANSTORNO DE ANSIEDADE E SÍNDROME DO PÂNICO."
677718,PL 702/2023,PL,702,2023,AUTORIZA A CRIAÇÃO DO PARQUE MATA ESMERALDA NA SUBPREFEITURA DO BUTANTÃ
677797,PL 703/2023,PL,703,2023,"DISPÕE SOBRE A IMPLEMENTAÇÃO DO PROTOCOLO PROTEÇÃO E CULTURA DE PAZ NAS ESCOLAS, VISANDO ESTABELECER PARÂMETROS COMUNS DE PROCEDIMENTO RELATIVOS ÀS RELAÇÕES ENTRE A COMUNIDADE ESCOLAR, NO ÂMBITO DA REDE MUNICIPAL DE ENSINO E AS FORÇAS DE SEGURANÇA PÚBLICA."
678091,PL 707/2023,PL,707,2023,AUTORIZA O PODER EXECUTIVO A PERMITIR A UTILIZAÇÃO DE ANIMAIS EM AMBIENTES EDUCACIONAIS NO MUNICÍPIO DE SÃO PAULO.
678332,PL 713/2023,PL,713,2023,"ALTERA A LEI Nº 14.485 DE 19 DE JULHO DE 2007, PARA INCLUIR NO CALENDÁRIO DE EVENTOS DA CIDADE DE SÃO PAULO O DIA DO LENÇO A SER COMEMORADO NO DIA 27 DE MARÇO, E DÁ OUTRAS PROVIDÊNCIAS."
678451,PL 717/2023,PL,717,2023,"""DISPÕE SOBRE A DISPONIBILIZAÇÃO DA BÍBLIA SAGRADA EM “BRAILLE” NAS BIBLIOTECAS MUNICIPAIS E DÁ OUTRAS PROVIDÊNCIAS”."
678542,PL 718/2023,PL,718,2023,"INSTITUI A CAMPANHA “CORAÇÃO DOURADO”, E DÁ OUTRAS PROVIDÊNCIAS"
678546,PL 720/2023,PL,720,2023,"“DISPÕE SOBRE A CRIAÇÃO DO QR CODESP NA CIDADE DE SÃO PAULO, E DÁ OUTRAS PROVIDÊNCIAS”."
678547,PL 721/2023,PL,721,2023,"""DISPÕE SOBRE A OBRIGATORIEDADE DE EXPOSIÇÃO DOS SELOS DE REVISÃO DO APARELHO DE AR CONDICIONADO NOS TRANSPORTES COLETIVOS DO MUNICIPIO DE SÃO PAULO, SEJAM CONCESSIONÁRIOS OU PERMISSIONÁRIAS, E DÁ OUTRAS PROVIDÊNCIAS""."
678640,PL 723/2023,PL,723,2023,DETERMINA A OBRIGATORIEDADE DE SISTEMA DE ATERRAMENTO NAS NOVAS EDIFICAÇÕES NO MUNICÍPIO DE SÃO PAULO.
678680,PL 726/2023,PL,726,2023,"“DISPÕE SOBRE A CRIAÇÃO DO PROGRAMA MEU PERSONAL É CERTIFICADO, NO ÂMBITO DO MUNICÍPIO DE SÃO PAULO, E FIXA OUTRAS PROVIDÊNCIAS.”"
678799,PL 728/2023,PL,728,2023,DISPÕE SOBRE A IMPLEMENTAÇÃO DO PROGRAMA EDUCACIONAL SOBRE ANSIEDADE E DEPRESSÃO NAS ESCOLAS PÚBLICAS MUNICIPAIS E PRIVADAS DO MUNICÍPIO DE SÃO PAULO.
678839,PL 730/2023,PL,730,2023,"INSTITUI, NO MUNÍCIPIO DE SÃO PAULO, A NECESSIDADE DA CRIAÇÃO DE UMA LEI PARA IMPLANTAÇÃO DE ESTEIRAS OU ESCADAS ROLANTES NOS ESCADÕES EXISTENTES NOS BAIRROS E COMUNIDADES DO MUNICÍPIO DE SÃO PAULO."
678902,PL 737/2023,PL,737,2023,INSTITUI A OBRIGATORIEDADE DE O MUNICÍPIO CONSULTAR OS MORADORES AO DECIDIR POR IMPLANTAR EQUIPAMENTOS PÚBLICOS GERADORES DE IMPACTO NA COMUNIDADE.
678903,PL 738/2023,PL,738,2023,AUTORIZA AS AGÊNCIAS DE COMUNICAÇÃO EM CONTRATOS COM A PREFEITURA DE SÃO PAULO A SUBCONTRATAREM PERFIS E CONTAS DIGITAIS DE BAIRROS COM CNPJ QUE VEICULAM NOTÍCIAS DIÁRIAS DE INTERESSE PÚBLICO AO CIDADÃO NA CIDADE DE SÃO PAULO.
678919,PL 741/2023,PL,741,2023,"DISPÕE SOBRE A INCLUSÃO NA DENOMINAÇÃO DA UPA JD. PERI DO NOME DE MARIA CRISTINA HELLMESISTER DE ABREU, E DÁ OUTRAS PROVIDÊNCIAS."
678963,PR 53/2023,PR,53,2023,"DISPÕE SOBRE A CRIAÇÃO DO PRÊMIO VIDA ALVES, A SER CONCEDIDO ANUALMENTE EM SETEMBRO PARA AQUELES QUE SE DESTACAREM NO CENÁRIO ARTÍSTICO E CULTURAL NA RÁDIO E TV E QUE PRESERVAM A MEMÓRIA DA TV ATRAVÉS DE SEUS TRABALHOS, NO MUNICÍPIO DE SÃO PAULO E DÁ OUTRAS PROVIDÊNCIAS."
678974,PL 744/2023,PL,744,2023,"ALTERA A REDAÇÃO DO ART. 22 DA LEI MUNICIPAL Nº 17.202 DE 16 DE OUTUBRO DE 2019, COM A REDAÇÃO DADA PELA LEI Nº 17.346/2020 DE 25 DE JUNHO DE 2020 BEM COMO A REDAÇÃO DO ART. 7º DA LEI 16.886 E DÁ OUTRAS PROVIDÊNCIAS. [PRAZO PARA A REGULARIZAÇÃO DE EDIFICAÇÕES]"
679082,PL 748/2023,PL,748,2023,"DENOMINA PRAÇA JOÃO TAVARES DA SILVA, PRAÇA INOMINADA LOCALIZADA NA RUA DOMINGOS ESCÓRCIO, ALTURA NÚMERO 30, E DÁ OUTRAS PROVIDÊNCIAS."
679122,PL 756/2023,PL,756,2023,INSTITUI A ALFABETIZAÇÃO EM BRAILLE NAS ESCOLAS DA REDE MUNICIPAL DE ENSINO E DÁ OUTRAS PROVIDÊNCIAS.
679124,PL 758/2023,PL,758,2023,"INSTITUI O PARQUE VERDE DA VILA EMA, E DÁ OUTRAS PROVIDÊNCIAS."
679421,PL 765/2023,PL,765,2023,"DISPÕE SOBRE A OBRIGATORIEDADE NA CONTRATAÇÃO DE AGENTE DE TRANSPORTE NAS EMPRESAS DE TRANSPORTES PÚBLICOS NO MUNICÍPIO DE SÃO PAULO, E DÁ OUTRAS PROVIDÊNCIAS"
679566,PL 772/2023,PL,772,2023,"DENOMINA TRAVESSA (PASSAGEM) YVONE BURATTINI LEITE, NO BAIRRO ALTO DA LAPA, SÃO PAULO – SP, CEP 05059-050, SUBPREFEITURA DA LAPA"
679698,PL 774/2023,PL,774,2023,"DENOMINA UBS JARDIM HELIAN/RODRIGO MARTINS REIS O 
SERVIÇO DE SAÚDE SITUADO NA RUA JOÃO 
BARREIROS, 22 - PARQUE DO CARMO, SÃO 
PAULO - SP, 08265-130."
679918,PL 776/2023,PL,776,2023,"INSTITUI, NO MUNÍCIPIO DE SÃO PAULO, SOBRE A NECESSIDADE DA PRESENÇA DE PROFISSIONAIS DE ENFERMAGEM OBSTÉTRICA EM MATERNIDADES, CASAS DE PARTO E ESTABELECIMENTOS HOSPITALARES
CONGÊNERES, DA REDE PÚBLICA E PRIVADA DO MUNICÍPIO."
680064,PL 781/2023,PL,781,2023,"INSTITUI O PROGRAMA MUNICIPAL DE CAPACITAÇÃO PARA MONITOR QUE ATUA NOS VEÍCULOS UTILIZADOS NO TRANSPORTE ESCOLAR DE ALUNOS, COM ATÉ 11 (ONZE) ANOS DE IDADE, NA CIDADE DE SÃO PAULO."
680206,PL 782/2023,PL,782,2023,AUTORIZA A CONCESSÃO DE ISENÇÃO DE 10% DO IMPOSTO PREDIAL E TERRITORIAL URBANO - IPTU AOS IMÓVEIS COMERCIAIS NAS ÁREAS ADJACENTES AOS BLOCOS CARNAVALESCOS DA CIDADE.
680230,PL 784/2023,PL,784,2023,"DENOMINA PRAÇA ESPAÇO FIGUEIRAS O LOGRADOURO PÚBLICO EXISTENTE NO DISTRITO DA VILA PRUDENTE, NA SUBPREFEITURA DA VILA PRUDENTE, E DÁ OUTRAS PROVIDÊNCIAS."
680275,PL 785/2023,PL,785,2023,DISPÕE SOBRE DISTRIBUIÇÃO DE MERENDA DURANTE AS FÉRIAS ESCOLARES.
680277,PL 786/2023,PL,786,2023,"FICA DENOMINADO COMO TEATRO VIDA ALVES O ESPAÇO PÚBLICO INOMINADO INTEGRADO AO COMPLEXO CÉU JAGUARÉ, SITUADO NA AVENIDA  KENKITI SIMOMOTO, 80 - JAGUARÉ, SÃO PAULO."
680280,PR 55/2023,PR,55,2023,"INSTITUI O PRÊMIO “MULHER EMPREENDEDORA”, A SER CONCEDIDO ÀS MULHERES EMPREENDEDORAS QUE TENHAM SE DESTACADO NO SETOR DE EMPREENDEDORISMO E DÁ OUTRAS PROVIDÊNCIAS."
680474,PL 787/2023,PL,787,2023,"ESTABELECE A SUBSTITUIÇÃO DE EXEMPLARES ARBÓREOS EM SITUAÇÃO DE RISCO, NOS TERMOS EM QUE ESPECIFICA E DÁ OUTRAS PROVIDÊNCIAS"
680477,PL 788/2023,PL,788,2023,"AUTORIZA O PODER EXECUTIVO A CRIAR O PROGRAMA ""SEGUNDA CARREIRA 60+"" NOS TERMOS EM QUE ESPECIFICA, E DÁ OUTRAS PROVIDÊNCIAS"
680637,PDL 1/2024,PDL,1,2024,"SUSTA, PARCIALMENTE, A PORTARIA SME Nº 9.734, DE 20 DE DEZEMBRO DE 2023, QUE DISPÕE SOBRE A CONCESSÃO DE HORÁRIO ESPECIAL DE TRABALHO NOS TERMOS DO DECRETO Nº 62.835, DE 11 DE OUTUBRO DE 2023."
680716,PL 3/2024,PL,3,2024,FICA O PODER EXECUTIVO AUTORIZADO A DESTINAR UNIDADES RESIDENCIAIS DO PROJETO COHAB A SERVIDORES MUNICIPAIS DA ADMINISTRAÇÃO DIRETA E DÁ OUTRAS PROVIDÊNCIAS.
681133,PL 15/2024,PL,15,2024,"INSTITUI, NO MUNÍCIPIO DE SÃO PAULO, A CRIAÇÃO DO SERVIÇO PÚBLICO DE LOTERIAS NO MUNICÍPIO DE SÃO PAULO, DENOMINADO LOTERIA PAULISTA - LOTESP."
681135,PL 17/2024,PL,17,2024,"INSTITUI NO MUNÍCIPIO DE SÃO PAULO O PROGRAMA DE ATENDIMENTO GRATUITO NA REDE PÚBLICA MUNICIPAL E POR MEIO DE PARCERIAS PÚBLICO PRIVADA, COM FOCO NA SAÚDE E EDUCAÇÃO INFANTIL, EM ESPECIAL A PREVENÇÃO E OS CUIDADOS PARA COM AS CRIANÇAS DIAGNOSTICADAS COM TRANSTORNO DO ESPECTRO AUTISTA – TEA, BEM COMO AS SUPERDOTADAS - ALTAS HABILIDADES, DANDO AINDA OUTRAS PROVIDÊNCIAS."
681143,PL 21/2024,PL,21,2024,"DISPÕE SOBRE O ATENDIMENTO DE SAÚDE E PSICOLÓGICO NO QUADRO DA REDE MUNICIPAL DE ENSINO DO MUNICÍPIO DE SÃO PAULO, E DÁ OUTRAS PROVIDÊNCIAS."
681228,PL 31/2024,PL,31,2024,"ALTERA A LEI 14.485, DE 19 DE JULHO DE 2007, PARA INCLUIR NO CALENDÁRIO OFICIAL DE EVENTOS DA CIDADE DE SÃO PAULO, “O DIA DE CONSCIENTIZAÇÃO SOBRE A NEUROMIELITE ÓPTICA”, A SER COMEMORADO ANUALMENTE NA ÚLTIMA QUINTA-FEIRA DO MÊS DE AGOSTO E, DÁ OUTRAS PROVIDÊNCIAS."
681310,PL 45/2024,PL,45,2024,"AUTORIZA O PODER EXECUTIVO MUNICIPAL INSTITUIR POLÍTICA MUNICIPAL DE ATENÇÃO PSICOSSOCIAL NAS COMUNIDADES ESCOLARES E, DÁ OUTRAS PROVIDÊNCIAS."
681320,PL 48/2024,PL,48,2024,DISPÕE SOBRE A CRIAÇÃO E O FUNCIONAMENTO DO PARQUE MUNICIPAL DA BRASILÂNDIA E DÁ OUTRAS PROVIDÊNCIAS.
681345,PL 51/2024,PL,51,2024,"DISPÕE SOBRE A GARANTIA DOS DIREITOS 
REPRODUTIVOS E O DIREITO À ESCOLHA DO 
MÉTODO CONTRACEPTIVO E ORIENTAÇÃO 
ADEQUADA NAS UNIDADES DE SAÚDE DA 
CIDADE DE SÃO PAULO, E DÁ OUTRAS 
PROVIDÊNCIAS"
681352,PL 52/2024,PL,52,2024,"DISPÕE SOBRE A ALTERAÇÃO DA DENOMINAÇÃO DA PRAÇA TORONTO QUE PASSA A SER DENOMINADA ""PRAÇA PROFESSOR HORÁCIO ROSÁRIO"" E DÁ OUTRAS PROVIDÊNCIAS."
681354,PL 54/2024,PL,54,2024,"DENOMINA COMO “PRAÇA ZAGALLO”, O ESPAÇO PÚBLICO DE LAZER LOCALIZADO NA AV. INAJAR DE SOUZA, ALTURA DO Nº 4618 – BAIRRO DO LIMÃO, SÃO PAULO - SP E DÁ OUTRAS PROVIDÊNCIAS."
681360,PL 57/2024,PL,57,2024,"INSTITUI NO MUNÍCIPIO DE SÃO PAULO A NECESSIDADE DA DISTRIBUIÇÃO GRATUITA
DE SUPLEMENTOS VITAMÍNICOS EM PÓ, SEM SABOR, A MAIORES DE 60 ANOS DE
IDADE, RESIDENTES NO MUNICÍPIO DE SÃO PAULO."
681378,PL 61/2024,PL,61,2024,"FICA DENOMINADO ESPAÇO PÚBLICO DE CONVIVÊNCIA “ADILSON TADEU ESTEVES CYPRIANO” O ESPAÇO PÚBLICO INOMINADO EXISTENTE NA CONFLUÊNCIA DA RUA LEONOR FERNANDES COSTA ZACARIAS E AVENIDA GUILHERME, SITUADO NO DISTRITO DE VILA GUILHERME, SUBPREFEITURA VILA MARIA/VILA GUILHERME E DÁ OUTRAS PROVIDÊNCIAS,"
681528,PL 64/2024,PL,64,2024,"INSTITUI NO MUNÍCIPIO DE SÃO PAULO A NECESSIDADE DE QUE TODO ÓRGÃO DA
ADMINISTRAÇÃO PÚBLICA DIRETA OU INDIRETA DISPONIBILIZE ACESSO GRATUITO À
REDE INTERNET."
681549,PL 68/2024,PL,68,2024,ESTABELECE A OBRIGATORIEDADE DE REALIZAÇÃO DE CONSULTA PÚBLICA PARA A LIBERAÇÃO DE BLOCOS DE RUA NO MUNICÍPIO DE SÃO PAULO.
681571,PR 3/2024,PR,3,2024,"FICA INSTITUÍDA, NO ÂMBITO DA CÂMARA MUNICIPAL DE SÃO PAULO, A “MEDALHA DE HONRA AO MÉRITO”, A SER CONCEDIDA ANUALMENTE NO DIA 03 DE SETEMBRO, AOS APOSENTADOS DA GUARDA CIVIL METROPOLITANA E DÁ OUTRAS PROVIDÊNCIAS."
681868,PL 75/2024,PL,75,2024,"ALTERA A LEI 11.614, DE 13 DE JULHO DE 1994, PARA DISPOR SOBRE A NÃO INCIDÊNCIA DE IMPOSTO PREDIAL E TERRITORIAL URBANO – IPTU SOBRE IMÓVEIS DE ENTIDADES DE ASSISTÊNCIA SOCIAL SEM FINS LUCRATIVOS NO MUNICÍPIO DE SÃO PAULO, E DÁ OUTRAS PROVIDÊNCIAS."
681870,PL 76/2024,PL,76,2024,DISPÕE SOBRE MEDIDAS PARA O CONTROLE DA POLUIÇÃO SONORA NO AMBITO DO MUNICÍPIO DE SÃO PAULO.
681968,PL 80/2024,PL,80,2024,"DISPÕE SOBRE A CRIAÇÃO DO POLO ECOTURÍSTICO HISTÓRICO CULTURAL ZONA LESTE, E DÁ OUTRAS PROVIDÊNCIAS."
682130,PL 85/2024,PL,85,2024,INSTITUI NO MUNÍCIPIO DE SÃO PAULO A PERMISSÃO DE VISITAS DE ANIMAIS DE ESTIMAÇÃO A LEITOS HOSPITALARES DA REDE PÚBLICA OU PRIVADA.
682132,PL 87/2024,PL,87,2024,"INSTITUI NO MUNÍCIPIO DE SÃO PAULO A CRIAÇÃO DE CURSO DE PRIMEIROS SOCORROS PARA PAIS E OU RESPONSÁVEIS POR BEBÊS DE ATÉ 2 (DOIS) ANOS (LACTENTES), CURSO VOLTADO PARA A ASPIRAÇÃO DE CORPOS ESTRANHOS E DE SÍNDROME DE MORTE SÚBITA RELACIONADA A FAIXA ETÁRIA."
682219,PL 94/2024,PL,94,2024,"DISPÕE SOBRE A CRIAÇÃO DO PROGRAMA ""VANEN - VIOLÊNCIA AQUI NÃO ENTRA"", INSTITUI O DIA DA PROTEÇÃO INFANTIL NO MUNICÍPIO DE SÃO PAULO E DÁ OUTRAS PROVIDÊNCIAS"
682224,PL 98/2024,PL,98,2024,"“DISPÕE SOBRE A CRIAÇÃO DE UM PROGRAMA DE ARBORIZAÇÃO URBANA EFICIENTE NA CIDADE DE SÃO PAULO, PARA O CUIDADO DAS ÁRVORES, E FIXA OUTRAS PROVIDÊNCIAS.”"
682250,PL 102/2024,PL,102,2024,"ALTERA A DENOMINAÇÃO DA RUA AMÉRICA CENTRAL, LOCALIZADA NO BAIRRO DE SANTO AMARO, PARA RUA AMÉRICA CENTRAL - IRENE GIUGNI SPALLICCI, E DÁ OUTRAS PROVIDÊNCIAS."
682444,PL 108/2024,PL,108,2024,"""DENOMINA PARQUE LINEAR ITAPAIÚNA – RENATA EUGÊNIA, O PARQUE LOCALIZADO NO DISTRITO DA VILA ANDRADE, E DÁ OUTRAS PROVIDÊNCIAS."""
682543,PL 110/2024,PL,110,2024,"DISPÕE SOBRE A CONCESSÃO DE USO DA ÁREA PÚBLICA MUNICIPAL SITUADA NO DISTRITO DA SAÚDE, SUBPREFEITURA DA VILA MARIANA, À ASSOCIAÇÃO BRASIL PARKINSON, E DÁ OUTRAS PROVIDÊNCIAS."
682633,PL 112/2024,PL,112,2024,"DENOMINA PRAÇA JOSÉ ROSA BISPO, PRAÇA INOMINADA NA ESQUINA DA RUA JOSÉ BORGES DO CANTO COM RUA ITAJUÍBE, CEP 08142-000, ITAIM PAULISTA, (ZONA LESTE), E DÁ OUTRAS PROVIDÊNCIAS."
682655,PL 113/2024,PL,113,2024,"DISPÕE SOBRE A DISTRIBUIÇÃO GRATUITA NA REDE MUNICIPAL DE SAÚDE, DE REPELENTES DO MOSQUITO AEDES AEGYPTI: PROGRAMA SÃO PAULO SEM DENGUE."
682811,PDL 6/2024,PDL,6,2024,DISPÕE SOBRE A OUTORGA DA SALVA DE PRATA AOS JOGADORES DA SELEÇÃO BRASILEIRA DE FUTEBOL TETRACAMPEÃ DA COPA DE MUNDO DE 1994 EM HOMENAGEM AOS 30 ANOS DA CONQUISTA.
683153,PL 117/2024,PL,117,2024,"CRIA PROTOCOLO PARA PREVENÇÃO À VIOLÊNCIA E/OU À DISCRIMINAÇÃO POR ORIENTAÇÃO SEXUAL E/OU IDENTIDADE DE GÊNERO E PARA PROTEÇÃO À VÍTIMA DE HOMOTRANSFOBIA, E DÁ OUTRAS PROVIDÊNCIAS."
683249,PL 119/2024,PL,119,2024,"DENOMINA PRAÇA DAS ARTES – POETA PAULO BOMFIM O LOGRADOURO PÚBLICO EXISTENTE NO DISTRITO DA REPÚBLICA, NA SUBPREFEITURA DA SÉ, E DÁ OUTRAS PROVIDÊNCIAS."
683661,PL 121/2024,PL,121,2024,"ALTERA A LEI MUNICIPAL N° 16.612 DE 20 DE FEVEREIRO DE 2017, MAJORANDO OS VALORES DAS MULTAS PREVISTAS APLICADA EM CASOS DE PICHAÇÃO EM IMÓVEIS PÚBLICOS E PRIVADOS NO ÂMBITO DO MUNÍCIPIO DE SÃO PAULO, E DÁ OUTRAS PROVIDÊNCIAS."
683698,PDL 12/2024,PDL,12,2024,"SUSTA O DECRETO Nº 63.233, DE 27 DE FEVEREIRO DE 2024, QUE DISPÕE SOBRE A CRIAÇÃO DE ESCOLAS MUNICIPAIS DE ENSINO FUNDAMENTAL EM VIRTUDE DA MUNICIPALIZAÇÃO DE ESCOLAS ESTADUAIS POR MEIO DE CONVÊNIO CELEBRADO ENTRE A SECRETARIA MUNICIPAL DE EDUCAÇÃO E A SECRETARIA DE EDUCAÇÃO DO ESTADO DE SÃO PAULO NO ÂMBITO DO PROGRAMA DE AÇÃO DE PARCERIA EDUCACIONAL ESTADO-MUNICÍPIO."
683725,PL 122/2024,PL,122,2024,"DISPÕE SOBRE A INSTITUIÇÃO DO BILHETE CIDADE EDUCADORA PARA UTILIZAÇÃO PELAS ESCOLAS MUNICIPAIS PARA FINS DE DESLOCAMENTOS PELA CIDADE DE SÃO PAULO E EFETIVAÇÃO DE ATIVIDADES DE EXPANSÃO CURRICULAR COM VISTA À FORMAÇÃO, DESENVOLVIMENTO E APRENDIZAGEM DOS EDUCANDOS ESTUDANTES DA REDE MUNICIPAL DE ENSINO"
683836,PL 124/2024,PL,124,2024,"DENOMINA PRAÇA AUGUSTO MARQUES RIBEIRO, PRAÇA INOMINADA NA ESQUINA DA RUA PIO XI Nº 1.041, ESQUINA COM A RUA CAATIVA Nº 516, CEP 05059-040, ALTO DA LAPA, E DÁ OUTRAS PROVIDÊNCIAS."
684073,PL 126/2024,PL,126,2024,"INSTITUI, A NECESSIDADE DA EXCLUSÃO DA OBRIGATORIEDADE DA PRESENÇA DE ACOMPANHANTES DE USUÁRIOS COM TRANSTORNO DO ESPECTRO AUTISTA NAS VIAGENS DO PROJETO ATENDE, DANDO AINDA OUTRAS PROVIDÊNCIAS."
684429,PL 133/2024,PL,133,2024,"AUTORIZA A DECLARAÇÃO DE UTILIDADE PÚBLICA, PARA FINS DE DESAPROPRIAÇÃO, DAS QUADRAS F165, F166, F167 DO SETOR 185 E DEMAIS LOTES E QUADRAS DO SETOR 201 NECESSÁRIAS PARA A IMPLANTAÇÃO INTEGRAL DO PARQUE DA MATA ESMERALDA, SUBPREFEITURA DO BUTANTÃ."
684634,PL 136/2024,PL,136,2024,"DISPÕE SOBRE A CRIAÇÃO DE COTA DE 5% (CINCO POR CENTO) EM CURSOS TÉCNICOS E PROFISSIONALIZANTES DA REDE PÚBLICA MUNICIPAL PARA ADOLESCENTES QUE, EM VIRTUDE DE DECISÃO JUDICIAL, FORAM SUBMETIDOS ÀS MEDIDAS DE PROTEÇÃO DE ENCAMINHAMENTO PARA PROGRAMAS DE ACOLHIMENTO INSTITUCIONAL, E DÁ OUTRAS PROVIDÊNCIAS."
684969,PL 140/2024,PL,140,2024,"DENOMINA PRAÇA VIRGILIO PAVANI, O LOGRADOURO PÚBLICO INOMINADO, LOCALIZADO NA ALTURA DO Nº 70 DA RUA ANTÔNIO CUBAS - VILA DOS REMÉDIOS."
685100,PL 141/2024,PL,141,2024,"DENOMINA PRAÇA ANTONIO CARDOSO FRANCO, O LOGRADOURO PÚBLICO INOMINADO, LOCALIZADO NA ESQUINA ENTRE A AV BRIGADEIRO FARIA LIMA E RUA TUCUMÃ – SUBPREFEITURA DE PINHEIROS."
685400,PL 152/2024,PL,152,2024,"DISPÕE SOBRE A DENOMINAÇÃO DA PRAÇA MACIONILIO DOS SANTOS - SERGIPE, EM ESPAÇO PÚBLICO INOMINADO, NA ALTURA DO Nº 18 DA RUA FREGUESIA DAS VARGES - VILA ITAIM, 08190-530, SÃO PAULO E DÁ OUTRAS PROVIDÊNCIAS."
685401,PL 153/2024,PL,153,2024,"DISPÕE SOBRE A DENOMINAÇÃO DA VIELA MARIA DOLORES PRAZERES, EM ESPAÇO PÚBLICO INOMINADO, NA ALTURA DO Nº 23 DA RUA OLEIROS, VILA CARMOSINA, SÃO PAULO - SP, 08270-050 E DÁ OUTRAS PROVIDÊNCIAS."
685468,PL 154/2024,PL,154,2024,"OBRIGA A IDENTIFICAÇÃO EM BRAILE DOS PRODUTOS E PREÇOS NAS PRATELEIRAS DE SUPERMERCADOS, PADARIAS, FARMÁCIAS E ESTABELECIMENTOS COMERCIAIS SIMILARES NO MUNICÍPIO DE SÃO PAULO, E DÁ OUTRAS PROVIDÊNCIAS."
685476,PL 156/2024,PL,156,2024,INSTITUI POLÍTICA DE ATENÇÃO INTEGRAL AO PORTADOR DA DOENÇA ESCLEROSE LATERAL AMIOTRÓFICA (ELA) NO MUNICÍPIO DE SÃO PAULO
685993,PL 167/2024,PL,167,2024,INSTITUI O PROGRAMA MUNICIPAL DE SEGURANÇA COMUNITÁRIA DENOMINADO “PROJETO VIZINHANÇA SOLIDÁRIA” NO MUNICÍPIO DE SÃO PAULO E DÁ OUTRAS PROVIDÊNCIAS.
686068,PL 173/2024,PL,173,2024,"“INSTITUI O MÉTODO WOLBACHIA COMO DIRETRIZ COMPLEMENTAR DE CONTROLE BIOLÓGICO DE COMBATE AO MOSQUITO DENOMINADO AEDES AEGYPTI, TRANSMISSOR DA DENGUE E DE OUTRAS DOENÇAS NO ÂMBITO DA CIDADE DE SÃO PAULO”"
686099,PL 174/2024,PL,174,2024,"ESTABELECE INCENTIVO À UTILIZAÇÃO DE VEÍCULOS AUTOMOTORES MOVIDOS À PROPULSÃO HÍBRIDA OU ELÉTRICA, E DÁ OUTRAS PROVIDÊNCIAS"
686102,PL 175/2024,PL,175,2024,"INSTITUI, NO ÂMBITO DO MUNÍCIPIO DE SÃO PAULO, SANÇÕES ADMINISTRATIVAS DE MULTA E MEDIDAS EDUCATIVAS A QUEM REALIZAR APOLOGIA AO GOLPE MILITAR DE 1964 E AO PERÍODO DA DITADURA MILITAR (1964-1985), TANTO DE SEUS ATOS QUANTO DE SEUS AUTORES CRIMINOSOS, E DÁ OUTRAS PROVIDÊNCIAS"
686103,PL 176/2024,PL,176,2024,DISPÕE SOBRE A CRIAÇÃO DO SELO EMPRESA AMIGA DA MULHER VÍTIMA DE VIOLÊNCIA
686216,PL 177/2024,PL,177,2024,“DISPÕE SOBRE A CRIAÇÃO DO PROGRAMA DE COOPERAÇÃO MUNICIPAL PELA ELIMINAÇÃO DA DISPARIDADE SALARIAL ENTRE HOMENS E MULHERES.”
686257,PL 179/2024,PL,179,2024,"ACRESCENTA A DENOMINAÇÃO ATUAL PRAÇA ANTÔNIO PRADO, CENTRO DE SÃO PAULO, PARA PRAÇA ANTÔNIO PRADO - LARGO DO ROSÁRIO DOS PRETOS, E DÁ OUTRAS PROVIDÊNCIAS."
686270,PL 180/2024,PL,180,2024,"ESTABELECE CONSULTA POPULAR ATRAVÉS DE PLEBISCITO PARA PROCESSOS DE DESESTATIZAÇÃO OU CONCESSÃO, E DÁ OUTRAS PROVIDÊNCIAS."
686292,PL 181/2024,PL,181,2024,PROÍBE A CONVERSÃO DA REMUNERAÇÃO DOS SERVIDORES PÚBLICOS DOS SERVIÇOS ESSENCIAIS EM SUBSÍDIOS PELO PODER EXECUTIVO MUNICIPAL DE SÃO PAULO.
686648,PL 184/2024,PL,184,2024,"TORNA OBRIGATÓRIA A INSTALAÇÃO DE SALA DE AULA MULTISSENSORIAL, NAS ESCOLAS DA REDE MUNICIPAL DE ENSINO BÁSICO (EDUCAÇÃO INFANTIL, FUNDAMENTAL E MÉDIO), PARA AS CRIANÇAS E JOVENS COM DEFICIÊNCIA INTELECTUAL E/OU MÚLTIPLA, BEM COMO COM TRANSTORNO DO ESPECTRO AUTISTA (TEA), E DÁ OUTAS PROVIDENCIAS."
686661,PL 186/2024,PL,186,2024,FICA DETERMINADO QUE O EXECUTIVO MUNICIPAL SOMENTE FIRMARÁ CONTRATOS COM EMPRESAS QUE DESTINE 10% DE SUAS VAGAS DE EMPREGO PARA BENEFICIÁRIOS DO PROGRAMA BOLSA FAMÍLIA E DÁ OUTRAS PROVIDÊNCIAS
686682,PL 187/2024,PL,187,2024,"“ALTERA A REDAÇÃO DO INCISO II, DO ARTIGO 178, DA LEI Nº 8.989, DE 29 DE OUTUBRO DE 1979,  DÁ OUTRAS PROVIDÊNCIAS”."
686722,PL 189/2024,PL,189,2024,"DENOMINA COMO “ANDERSON GOMES DE CARVALHO - SAPO” A PRAÇA INOMINADA SITUADA ENTRE A RUA ALEXANDRE SILVA - BRASILÂNDIA, CEP: 02859-010 E A RUA JOAQUIM GONÇALVES ROCHA, 252-292, JARDIM BRASÍLIA (ZONA NORTE), SÃO PAULO/SP, CEP: 02859-030."
686817,PL 192/2024,PL,192,2024,DISPÕE SOBRE AFIXAÇÃO DE CARTAZ INFORMATIVO SOBRE O ATENDIMENTO DE PESSOAS COM GESTAÇÃO INDESEJADA NO ÂMBITO DO MUNICÍPIO DE SÃO PAULO.
686940,PL 193/2024,PL,193,2024,INSTITUI O PROGRAMA CASA SEGURA PARA A ADAPTAÇÃO DO AMBIENTE DOMÉSTICO DE PESSOAS IDOSAS E PESSOAS COM DEFICIÊNCIA DE BAIXA RENDA.
687342,PL 202/2024,PL,202,2024,DISPÕE SOBRE A CRIAÇÃO DO PROGRAMA DE ENFRENTAMENTO À CRISE E EMERGÊNCIA CLIMÁTICA NAS UNIDADES EDUCACIONAIS DA REDE MUNICIPAL DE ENSINO.
687702,PL 207/2024,PL,207,2024,DISPÕE SOBRE A DISTRIBUIÇÃO GRATUITA DE ABAFADOR DE RUÍDO PARA AS PESSOAS COM HIPERSENSIBILIDADE NO CRAS - CENTRO DE REFERÊNCIA DE ASSISTÊNCIA SOCIAL.
687784,PL 209/2024,PL,209,2024,"ALTERA A LEI 17.827/2022 QUE DISPÕE SOBRE A ESTRUTURA, ORGANIZAÇÃO E FUNCIONAMENTO DOS CONSELHOS TUTELARES NO MUNÍCIPIO DE SÃO PAULO, E DÁ OUTRAS PROVIDÊNCIAS."
687788,PL 210/2024,PL,210,2024,"DISPÕE SOBRE A DISPONIBILIZAÇÃO DE SALAS EXCLUSIVAS PARA ALUNOS AUTISTAS NAS ESCOLAS DA REDE PÚBLICAS DO MUNICÍPIO DE SÃO PAULO, NA FORMA QUE ESPECIFICA, E DÁ OUTRAS PROVIDÊNCIAS."
688296,PL 216/2024,PL,216,2024,"DISPÕE SOBRE A VACINAÇÃO GRATUITA CONTRA O HPV, PAPILOMA VÍRUS HUMANO, PARA MENINAS, MULHERES E PESSOAS COM ÚTERO NA REDE MUNICIPAL DE SAÚDE DO MUNICÍPIO E DÁ OUTRAS PROVIDÊNCIAS."
688326,PL 217/2024,PL,217,2024,"DISPÕE SOBRE A CONCESSÃO DE ÁREA MUNICIPAL LOCALIZADA NA RUA CAPITÃO JOÃO NORONHA, 208, BAIRRO DO MANDAQUI, SÃO PAULO/SP, E DÁ OUTRAS PROVIDÊNCIAS."
688589,PL 224/2024,PL,224,2024,"ALTERA A DENOMINAÇÃO DA RUA NAIR DE TEFFÉ, NO DISTRITO DE BOM RETIRO, PARA RUA SÃO DEGUN KIM."""
688631,PL 226/2024,PL,226,2024,"DENOMINA-SE COMO RUA CANAÃ DOS PÁSSAROS A RUA INOMINADA LOCALIZADA NO JARDIM MARILDA, SÃO PAULO/SP."
688634,PL 227/2024,PL,227,2024,"ALTERA E ATUALIZA A LEI 14.181/2006, QUE REGULA O ENSINO RELIGIOSO NAS ESCOLAS PÚBLICAS MUNICIPAIS DE SÃO PAULO, E DÁ OUTRAS PROVIDÊNCIAS."
688664,PL 229/2024,PL,229,2024,INSTITUI REDE DE APOIO PARA ESTUDANTES MÃES NA EDUCAÇÃO DE JOVENS E ADULTOS (EJA) NAS ESCOLAS DA REDE PÚBLICA DE ENSINO DO MUNICÍPIO DE SÃO PAULO.
689048,PL 235/2024,PL,235,2024,DISPÕE SOBRE A TRANSFORMAÇÃO DAS CICLOFAIXAS EM CICLOVIAS NO ÂMBITO DO MUNICÍPIO DE SÃO PAULO E DA OUTRAS PROVIDÊNCIAS.
689087,PL 238/2024,PL,238,2024,AUTORIZA O PODER EXECUTIVO A CRIAR O MEMORIAL EM HOMENAGEM ÀS VÍTIMAS DA COVID-19 NO MUNICÍPIO DE SÃO PAULO.
689124,PL 239/2024,PL,239,2024,INSTITUI A ISENÇÃO DE TAXAS FUNERÁRIAS PARA OS FAMILIARES DE FALECIDOS PELA COVID-19 NO MUNICÍPIO DE SÃO PAULO.
689148,PL 241/2024,PL,241,2024,"DISPÕE SOBRE A COMPENSAÇÃO DE PERDAS FINANCEIRAS POR CONTA DO ABSENTEÍSMO NAS VAGAS DO SUS, E O INCENTIVO A ESTUDOS E PESQUISAS MÉDICAS POR MEIO DE PROGRAMA DE RESIDÊNCIA MÉDICA NO ÂMBITO DA SECRETARIA MUNICIPAL DE SAÚDE DE SÃO PAULO, E DÁ OUTRAS PROVIDÊNCIAS."
689576,PL 243/2024,PL,243,2024,DENOMINA “TRAVESSA VÓ CLEMÊNCIA” O LOGRADOURO PÚBLICO INOMINADO EM NOSSO MUNICÍPIO E DÁ OUTRAS PROVIDÊNCIAS.
689615,PL 244/2024,PL,244,2024,"ALTERA A LEI N° 17.960, DE 12 DE JUNHO DE 2023, COM A FINALIDADE DE INCLUIR FUNÇÕES DO CIEJA (CENTROS INTEGRADOS DE EDUCAÇÃO DE JOVENS E ADULTOS, NA RESPECTIVA LEGISLAÇÃO."
689693,PL 248/2024,PL,248,2024,"ALTERA O ZONEAMENTO DAS QUADRAS E LOTES DO SETOR 081 PARA ZONA PREDOMINANTEMENTE RESIDENCIAL (ZPR) NO MAPA DA LEI Nº 16.402, DE 22 DE MARÇO DE 2016, SUBPREFEITURA DE PINHEIROS E DÁ OUTRAS PROVIDÊNCIAS."
689694,PL 249/2024,PL,249,2024,"ALTERA O MAPA 2 DA LEI Nº 16.402, DE 22 DE MARÇO DE 2016, PARA INCLUIR O IMÓVEL LOCALIZADO NA RUA FRADIQUE COUTINHO, 361 (SETOR 015, QUADRA F008, LOTE CD08) COMO ZEPEC APC (ÁREA DE PROTEÇÃO CULTURAL) E DÁ OUTRAS PROVIDÊNCIAS."
689695,PL 250/2024,PL,250,2024,"ALTERA O MAPA 2 DA LEI Nº 16.402, DE 22 DE MARÇO DE 2016, PARA INCLUIR A REGIÃO CONHECIDA COMO O “BECO DO BATMAN” (LOTES DE FRENTE PARA A RUA MEDEIROS DE ALBUQUERQUE E GONÇALO AFONSO DAS QUADRAS 174 E 209 NO SETOR 081) COMO ZEPEC AUE (ÁREAS DE URBANIZAÇÃO ESPECIAL) E DÁ OUTRAS PROVIDÊNCIAS."
689740,PL 251/2024,PL,251,2024,"DENOMINA-SE PRAÇA ANTÔNIO RODRIGUES SOBRINHO, O LOGRADOURO PÚBLICO INOMINADO LOCALIZADO NO DISTRITO DE AGUA RASA, SUBPREFEITURA DA MOOCA, E DÁ OUTRAS PROVIDÊNCIAS."
689971,PR 11/2024,PR,11,2024,"CRIA A FRENTE PARLAMENTAR EM DEFESA DA VIDA, DA FAMÍLIA E DO DIREITO NATURAL"
690234,PL 259/2024,PL,259,2024,"DISPÕE SOBRE A CRIAÇÃO DO PROGRAMA EMPREENDEDORISMO PRATEADO, VISANDO A INSERÇÃO DE PESSOAS IDOSAS NO MERCADO DE TRABALHO, E DÁ OUTRAS PROVIDÊNCIAS."
690512,PL 266/2024,PL,266,2024,"FICA DENOMINADA COMO PRAÇA MARIETA DA HORA A PRAÇA INOMINADA, LOCALIZADA NA ALTURA DO NÚMERO 160 DA RUA DOUTOR CELSO PACHECO BENTIM, NO DISTRITO DE ITAQUERA NA       SUBPREFEITURA DE ITAQUERA."""
690617,PL 268/2024,PL,268,2024,"DENOMINA COMO “RUA JOSÉ BATISTA DE SOUZA” A RUA INOMINADA (CADLOG 00021N-R) PERPENDICULAR À R. JOÃO DE SOUSA CARVALHO (CADLOG 511811-R), JARDIM PAULO VI,  SÃO PAULO - SP, NA ALTURA DO Nº 4A."
690673,PL 272/2024,PL,272,2024,"DISPÕE SOBRE O ESTABELECIMENTO DE PARCERIA PÚBLICO PRIVADA ENTRE EMPRESAS PRIVADAS E AS UNIDADES ESCOLARES DA REDE MUNICIPAL DE ENSINO DO MUNICÍPIO DE SÃO PAULO, E DÁ OUTRAS PROVIDÊNCIAS."
690760,PDL 51/2024,PDL,51,2024,"DISPÕE SOBRE A OUTORGA DE TÍTULO DE CIDADÃ PAULISTANA PARA LUIZA ERUNDINA, E DÁ OUTRAS PROVIDÊNCIAS."
690765,PL 275/2024,PL,275,2024,"FICA DENOMINADA COMO PRAÇA NILZA PEREIRA BARAGLIO, A PRAÇA INOMINADA, LOCALIZADA NA ALTURA DO NÚMERO 754 DA AVENIDA OSVALDO VALLE CORDEIRO, NO DISTRITO DE ITAQUERA, NA SUBPREFEITURA DE ITAQUERA DE DÁ OUTRAS PROVIDÊNCIAS"
690780,PL 276/2024,PL,276,2024,"DENOMINA PRAÇA INOMINADA LOCALIZADA NA AVENIDA AGUIAR DA BEIRA, ALTURA DO Nº 1152, PQ. SANTO EDUARDO, CEP 03384-050,  COMO ""PRAÇA MARIA XISTA ANTÃO"", E DÁ OUTRAS PROVIDÊNCIAS."
690781,PL 277/2024,PL,277,2024,"DENOMINA ""PASSARELA BENEDITO DA SILVA"" O LOGRADOURO PÚBLICO INOMINADO SITUADO NA AVENIDA AGUIAR DA BEIRA, ALTURA DO Nº 290, PQ SANTO EDUARDO, CEP:03384-050, NO MUNICÍPIO DE SÃO PAULO"
690805,PL 279/2024,PL,279,2024,CRIA O PRÊMIO LITERÁRIO ZIRALDO – LER É MELHOR QUE ESTUDAR NO MUNICÍPIO DE SÃO PAULO.
690806,PL 280/2024,PL,280,2024,"DISPÕE SOBRE A OBRIGATORIEDADE DA PRESENÇA DE UM FISIOTERAPEUTA NAS MATERNIDADES NO MOMENTO DO PRÉ-PARTO, PARTO E PUERPÉRIO NO MUNICÍPIO DE SÃO PAULO E DÁ OUTRAS PROVIDÊNCIAS."
690978,PL 283/2024,PL,283,2024,"DISPÕE SOBRE ASSEGURAR A GRATUIDADE DE ENTERRO PARA PESSOAS COM RENDA INFERIOR A DOIS SALÁRIOS-MÍNIMOS, BEM COMO DA TANATOPRAXIA DOS DOADORES DE ÓRGÃOS, NA FORMA QUE ESPECIFICA, E DÁ OUTRAS PROVIDÊNCIAS"
691105,PL 285/2024,PL,285,2024,"ALTERA A LEI MUNICIPAL Nº DA LEI Nº 14.471, DE 10 DE JULHO DE  2007,  PARA  DECLARAR  A  CIDADE  DE  GUANGHZOU, LOCALIZADA  NA  PROVÍNCIA  DE  GUANGDONG (CANTÃO), NA 
REPÚBLICA  POPULAR  DA  CHINA,  COMO  CIDADE  IRMÃ  DA CIDADE DE SÃO PAULO."
691291,PL 288/2024,PL,288,2024,"DENOMINA “RUA TUPY”, O LOGRADOURO INOMINADO LOCALIZADO NA ALTURA DO Nº 36 DA RUA ANACREONTE, CEP 04855-420 – JARDIM MORAES PRADO – CAPELA DO SOCORRO, E DÁ OUTRAS PROVIDÊNCIAS."
691292,PL 289/2024,PL,289,2024,"DENOMINA-SE PRAÇA QUATRO MARIAS, A PRAÇA LOCALIZADA ENTRE AS RUAS BARÃO DOMINGOS DE TABATINGA, NÚMERO 07  E ARISTIDES DE BASILE, E DÁ OUTRAS PROVIDÊNCIAS."
691293,PL 290/2024,PL,290,2024,"DISPÕE SOBRE A DISPONIBILIDADE DE BANHEIROS QUÍMICOS EM EVENTOS ESPORTIVOS EM LOCAIS PÚBLICOS NO MUNICÍPIO DE SÃO PAULO, E DÁ OUTRAS PROVIDÊNCIAS."
691299,PL 296/2024,PL,296,2024,DISPÕE SOBRE A CRIAÇÃO DO BANCO DE DOAÇÃO DE CABELOS NO ÂMBITO DO MUNICÍPIO DE SÃO PAULO E DÁ OUTRAS PROVIDÊNCIAS.
691322,PL 298/2024,PL,298,2024,"ALTERA A LEI Nº 14.485, DE 19 DE JULHO DE 2007, PARA INCLUIR O DIA DO PASSEIO CICLÍSTICO DO JARDIM DAS CAMÉLIAS, NO CALENDÁRIO DE EVENTOS DO MUNICÍPIO DE SÃO PAULO, E DÁ OUTRAS PROVIDÊNCIAS."
691386,PL 302/2024,PL,302,2024,"DISPÕE SOBRE A REGULAMENTAÇÃO DE BOLSÕES DE COMÉRCIO AMBULANTE, E DÁ OUTRAS PROVIDÊNCIAS SOBRE O COMÉRCIO AMBULANTE EM VIAS E LOGRADOUROS PÚBLICOS."
691659,PL 304/2024,PL,304,2024,"TRANSFORMA A PRAÇA PADRE ALEIXO MONTEIRO MAFRA EM PARQUE MUNICIPAL, DANDO AINDA OUTRAS PROVIDÊNCIAS."
691805,PL 306/2024,PL,306,2024,"DECLARA PATRIMÔNIO CULTURAL IMATERIAL A REGIÃO DO AROUCHE, COMO REPRESENTANTE DA COMUNIDADE LGBTQIAPN+ DE SÃO PAULO, E DÁ OUTRAS PROVIDÊNCIAS."
691845,PL 307/2024,PL,307,2024,DISPÕE SOBRE A INSTITUIÇÃO DE OPÇÃO DE ALIMENTAÇÃO VEGANA NOS ESTABELECIMENTOS ASSISTENCIAIS NO MUNICÍPIO DE SÃO PAULO E DÁ OUTRAS PROVIDÊNCIAS.
691957,PL 309/2024,PL,309,2024,"ALTERA A LEI Nº 15.023, DE 06 DE NOVEMBRO DE 2009 E A LEI Nº 17.703, DE 3 DE NOVEMBRO DE 2021 PARA O FIM DE AMPLIAR E SALVAGUARDAR A PROTEÇÃO DE ANIMAIS EM TRANSPORTE"
692187,PL 310/2024,PL,310,2024,"VEDA O USO DE INTELIGÊNCIA ARTIFICIAL COMO PARÂMETRO DE REFERÊNCIA E DE MÉTRICA PARA O DESENVOLVIMENTO DE MATERIAL PEDAGÓGICO, BEM COMO FERRAMENTA DE AVALIAÇÃO DE DESEMPENHO ESCOLAR, A SER UTILIZADO PELA REDE PÚBLICA DE ENSINO DO MUNICÍPIO DE SÃO PAULO, E DÁ OUTRAS PROVIDÊNCIAS CORRELATAS"
692257,PL 311/2024,PL,311,2024,AUTORIZA O PODER EXECUTIVO A INSTITUIR O PROGRAMA VIDA ATIVA SP DESTINADO A CONCEDER AUXÍLIO FINANCEIRO A IDOSOS NA FORMA QUE ESPECIFICA
692481,PL 313/2024,PL,313,2024,"INSTITUI A “SEMANA MUNICIPAL DO DIREITO AO BRINCAR” NO CALENDÁRIO DAS UNIDADES ESCOLARES DO MUNICÍPIO DE SÃO PAULO, A FIM DE GARANTIR A FRUIÇÃO DESSE DIREITO FUNDAMENTAL PELOS BEBÊS, CRIANÇAS E ADOLESCENTES, À LUZ DA CONVENÇÃO DOS DIREITOS DA CRIANÇA E DO ADOLESCENTE; E ALTERA A LEI Nº 14.485, DE 19 DE JULHO DE 2007."
692850,PL 315/2024,PL,315,2024,"CRIAÇÃO DO ESCUDO DO BAIRRO PENHA DE FRANÇA, DANDO AINDA OUTRAS PROVIDÊNCIAS."
692851,PL 316/2024,PL,316,2024,"CRIAÇÃO DO ESCUDO DO BAIRRO ARTUR ALVIM, DANDO AINDA OUTRAS PROVIDÊNCIAS."
692852,PL 317/2024,PL,317,2024,"CRIAÇÃO DO ESCUDO DO BAIRRO CANGAÍBA, DANDO AINDA OUTRAS PROVIDÊNCIAS."
692853,PL 318/2024,PL,318,2024,"ALTERA A LEI Nº 13.604/03 QUE ESTABELECE AS DIRETRIZES PARA OFICIALIZAÇÃO DA BANDEIRA DO DISTRITO DO TATUAPÉ, DANDO AINDA OUTRAS PROVIDÊNCIAS."
692869,PL 319/2024,PL,319,2024,DENOMINA COMO PRAÇA NEIDE DE CAMPOS BARBEZANE O LOGRADOURO PÚBLICO INOMINADO LOCALIZADO ENTRE AS RUAS MONSENHOR MAXIMIANO LEITE E PROF.º JOSÉ FELICIANO DE OLIVEIRA E DÁ OUTRAS PROVIDÊNCIAS.
693157,PL 322/2024,PL,322,2024,"PROÍBE A UTILIZAÇÃO DE VIAS PÚBLICAS, PRAÇAS, PARQUES, JARDINS E DEMAIS LOGRADOUROS PÚBLICOS PARA REALIZAÇÃO DE PANCADÕES, BAILES FUNKS E EVENTOS SEM AUTORIZAÇÃO, BEM COMO DÁ OUTRAS PROVIDÊNCIAS."
693370,PL 324/2024,PL,324,2024,"ALTERA A LEI Nº 14.485, DE 19 DE JULHO DE 2007, PARA INCLUIR NO CALENDÁRIO DE EVENTOS DA CIDADE DE SÃO PAULO A VIRADA DO ALVARÁ LEGAL – A SER REALIZADA ANUALMENTE NO DIA 31 DE OUTUBRO - DIA NACIONAL DA DESBUROCRATIZAÇÃO"
693514,PL 327/2024,PL,327,2024,"CRIA O PROGRAMA “RESGATE DE ANIMAIS”, COM A FORMAÇÃO DE UM GRUPO DE SERVIDORES RESPONSÁVEIS PELO RESGATE DE ANIMAIS DE RUA DOMÉSTICOS, COM O INTUITO DE ESTABELECER UM PROGRAMA DE CASTRAÇÃO, ADOÇÃO E TUTORIA, DIMINUINDO ASSIM A POPULAÇÃO DE ANIMAIS ABANDONADOS NAS RUAS DA CIDADE DE SÃO PAULO."
693612,PL 330/2024,PL,330,2024,"DENOMINA COMO PRAÇA NOEMIA FERREIRA AFFONSO, O ESPAÇO LIVRE PÚBLICO DELIMITADO PELAS RUAS SANTA IZILDINHA E AVELINO (SETOR 141 – QUADRA-4), DISTRITO DE ITAQUERA, SUBPREFEITURA DE ITAQUERA, E DÁ OUTRAS PROVIDÊNCIAS."
693614,PL 331/2024,PL,331,2024,"DENOMINA PRAÇA TEREZINHA PEREIRA RAMOS, NO BAIRRO CIDADE TIRADENTES, SÃO PAULO – SP, CEP 08470-800, SUBPREFEITURA DE CIDADE TIRADENTES."
693699,PL 333/2024,PL,333,2024,"ALTERA A LEI Nº. 14.485, DE 19 DE JULHO DE 2007, COM A FINALIDADE DE INCLUIR NO CALENDÁRIO OFICIAL DE EVENTOS DA CIDADE DE SÃO PAULO O DIA DO IMIGRANTE BOLIVIANO, E DÁ OUTRAS PROVIDÊNCIAS."
693857,PL 338/2024,PL,338,2024,"DENOMINA VIELA NEWTON MARTINS PEREIRA O LOGRADOURO QUE ESPECIFICA, LOCALIZADO NO DISTRITO DA CACHOEIRINHA, NA SUBPREFEITURA DE CASA VERDE-CACHOEIRINHA."
694196,PL 340/2024,PL,340,2024,"DENOMINA PRAÇA CAQUI – PALMO BRESSIANI, O ESPAÇO LIVRE, LOCALIZADO NA ESQUINA FORMADA PELA AVENIDA ENGENHEIRO CAETANO ALVARES CODLOG 038130 COM A RUA ÁGUAS VIRTUOSAS CODLOG 003719, SETOR 075, QUADRA 023, LOTE 0001."
694212,PL 342/2024,PL,342,2024,CRIA A SUBPREFEITURA DO GRAJAÚ E ALTERA OS LIMITES TERRITORIAIS DA SUBPREFEITURA DA CAPELA DO SOCORRO E DÁ OUTRAS PROVIDÊNCIAS.
694389,PL 345/2024,PL,345,2024,"INSTITUI O “PROGRAMA BOLSA AUXÍLIO” PARA ASSEGURAR O AUTOSSUSTENTO E A INSERÇÃO SOCIAL, BEM COMO ACOMPANHAR E APOIAR O PROCESSO DE DESLIGAMENTO DOS ADOLESCENTES E JOVENS EM SITUAÇÃO DE ACOLHIMENTO, E DÁ OUTRAS PROVIDÊNCIAS."
694517,PL 347/2024,PL,347,2024,DISPÕE SOBRE A APLICAÇÃO DE METADE DA TAXA DE USO DE SOLO PAGA PELOS MOTORISTAS DE APLICATIVOS EM INVESTIMENTOS NA PRÓPRIA CATEGORIA E DÁ OUTRAS PROVIDÊNCIAS.
694519,PL 348/2024,PL,348,2024,DISPÕE SOBRE O ESTABELECIMENTO DE BOLSÕES TEMPORÁRIOS PARA EMBARQUE E DESEMBARQUE DE PASSAGEIROS PARA VEÍCULOS AUTOMOTORES UTILIZADOS NO SERVIÇO DE TRANSPORTE INDIVIDUAL DE PASSAGEIROS POR APLICATIVOS NOS ARREDORES DOS GRANDES EVENTOS E DÁ OUTRAS PROVIDÊNCIAS.
694913,PL 360/2024,PL,360,2024,"CRIAÇÃO DO ESCUDO DO DISTRITO DE VILA MATILDE, DANDO AINDA OUTRAS PROVIDÊNCIAS."
694937,PL 361/2024,PL,361,2024,"EXTENDE O HORÁRIO DE FUNCIONAMENTO DO PROGRAMA RUAS ABERTAS, NA AVENIDA PAULISTA, ATÉ ÀS 18 HORAS"
695060,PL 363/2024,PL,363,2024,"ESTABELECE A CRIAÇÃO DE ALA DE ENFERMAGEM COM PERMANÊNCIA DE MÉDICO E TÉCNICO OU AUXILIAR DE ENFERMAGEM NOS ESTABELECIMENTOS DE ENSINO PÚBLICO E PRIVADO, DURANTE O HORÁRIO DE AULA, E DÁ OUTRAS PROVIDÊNCIAS."
695163,PL 366/2024,PL,366,2024,"ALTERA A DENOMINAÇÃO DA RUA DA VÁRZEA  [CADLOG 194964], QUE PASSA A DENOMINAR-SE RUA DA VÁRZEA “SILVIO LUIZ”."
695259,PL 367/2024,PL,367,2024,"DENOMINA CARMO JOSÉ DA SILVA A UBS QUE ESPECIFICA, LOCALIZADA NA SUBPREFEITURA DA CAPELA DO SOCORRO, E DÁ OUTRAS PROVIDÊNCIAS."
695467,PL 370/2024,PL,370,2024,"DISPÕE SOBRE LABORATÓRIO PARA ANÁLISE DOS MATERIAIS COLETADOS NAS UNIDADES DE PRONTO ATENDIMENTO (PS, UPA E AMA) INTEGRANTES DO SISTEMA DE SAÚDE MUNICIPAL E DÁ OUTRAS PROVIDÊNCIAS."
695505,PL 372/2024,PL,372,2024,VEDA A INSTITUIÇÃO E/OU ADESÃO A QUALQUER PROGRAMA DE CARÁTER CÍVICO-MILITAR NAS ESCOLAS MUNICIPAIS DA REDE DE ENSINO DE EDUCAÇÃO BÁSICA.
695510,PL 373/2024,PL,373,2024,"DENOMINA LARGO DO SOCORRO - IGNÊS FONTANA TATTO, O ATUAL LARGO DO SOCORRO - SUBPREFEITURA CAPELA DO SOCORRO, SÃO PAULO-SP."
695525,PL 375/2024,PL,375,2024,"DENOMINA “PRAÇA JOSÉ DA SILVA GOMES” A PRAÇA INOMINADA SITUADA ENTRE A RUA CELSO LAGAR, ALTURA DO NÚMERO 211, JARDIM ESTER YOLANDA, CEP: 05374-040 (CADLOG: 243655), E A RUA GERTRUDES CUNHA, 327, JARDIM ESTER YOLANDA, CEP: 05374-050 (CADLOG: 243.647), SÃO PAULO/SP."
695579,PL 376/2024,PL,376,2024,"TRANSFORMA A PRAÇA INOMINADA EM PRAÇA VALENTIM MORCELLI, DANDO AINDA OUTRAS PROVIDÊNCIAS."
695613,PL 377/2024,PL,377,2024,"TRANSFORMA A PRAÇA PEDRO QUARTO MARINI EM PARQUE MUNICIPAL, E DÁ OUTRAS PROVIDÊNCIAS."
695721,PL 378/2024,PL,378,2024,"INSTITUI O ENSINO RELIGIOSO COMO DISCIPLINA CURRICULAR NA REDE PÚBLICA DE EDUCAÇÃO DO MUNICÍPIO DE SÃO PAULO, E DÁ OUTRAS PROVIDÊNCIAS CORRELATAS."
695724,PL 379/2024,PL,379,2024,AUTORIZA A CONCESSÃO DE ISENÇÃO DE IMPOSTOS E TAXAS MUNICIPAIS PARA AS SITUAÇÕES QUE ESPECIFICA.
695725,PR 18/2024,PR,18,2024,DISPÕE SOBRE A CRIAÇÃO DA FRENTE PARLAMENTAR CONTRA AS ESCOLAS CÍVICO-MILITARES
695726,PL 380/2024,PL,380,2024,"ALTERA O § 4º, DO ART. 23, DA LEI 16.119/2015, QUE DISPÕE SOBRE A CRIAÇÃO DO QUADRO DE ANALISTAS DA ADMINISTRAÇÃO PÚBLICA MUNICIPAL – QAA, DANDO AINDA OUTRAS PROVIDÊNCIAS."
695996,PL 386/2024,PL,386,2024,"ALTERA A DENOMINAÇÃO DA RUA AMAURI [CADLOG 01.027-8], QUE PASSA A DENOMINAR-SE RUA AMAURI E JOÃO PAULO DINIZ."
696099,PL 393/2024,PL,393,2024,AUTORIZA O PODER EXECUTIVO A REGULAMENTAR QUE EMPRESAS DE ÔNIBUS PASSEM A ADOTAR PREFERENCIALMENTE O REGIME 5X2 (CINCO POR DOIS) PARA OS MOTORISTAS E COBRADORES DO SISTEMA DE TRANSPORTE PÚBLICO DA CIDADE DE SÃO PAULO.
696100,PL 394/2024,PL,394,2024,"AUTORIZA O PODER EXECUTIVO A MUNICIPALIZAR TRECHOS URBANOS, LOCALIZADOS NA ZONA OESTE DO MUNICÍPIO DE SÃO PAULO, DA RODOVIA ESTADUAL SP270 - RODOVIA RAPOSO TAVARES"
696135,PL 396/2024,PL,396,2024,"ALTERA A REDAÇÃO DO ART. 14 DA LEI Nº 17.794, DE 27 DE ABRIL DE 2022, QUE “DISCIPLINA A ARBORIZAÇÃO URBANA, QUANTO AO SEU MANEJO, VISANDO À CONSERVAÇÃO E À PRESERVAÇÃO, E DÁ OUTRAS PROVIDÊNCIAS”."
696207,PL 398/2024,PL,398,2024,INCLUI OS MÉTODOS DE NEUROMODULAÇÃO NÃO INVASIVA DENTRE OS TRATAMENTOS OFERECIDOS PELAS UNIDADES DE SAÚDE DO SUS.
696613,PL 401/2024,PL,401,2024,"DENOMINA UBS JARDIM PERI – DR. OSWALDO PEREIRA GUIMARÃES, O PRÓPRIO QUE ESPECIFICA, E DÁ OUTRAS PROVIDÊNCIAS"
696828,PL 409/2024,PL,409,2024,DISPÕE SOBRE O ATENDIMENTO VETERINÁRIO TELEPRESENCIAL NO MUNICÍPIO DE SÃO PAULO.
696951,PL 412/2024,PL,412,2024,"DISPÕE SOBRE AS CASAS DE PERMANÊNCIA (CP-TEA) PARA ACOLHIMENTO E TRATAMENTO ÀS CRIANÇAS E ADOLESCENTES COM TRANSTORNO DO ESPECTRO AUTISTA (TEA), E ALTERA A LEI Nº 17.502, DE 03 DE NOVEMBRO DE 2020."
697150,PL 415/2024,PL,415,2024,"DECLARA O LIVRE EXERCÍCIO DA PROFISSÃO DE PROFESSOR DE EDUCAÇÃO FÍSICA NA REDE DE ENSINO DE EDUCAÇÃO BÁSICA, PÚBLICA E PRIVADA, NA CIDADE DE SÃO PAULO EM CONFORMIDADE COM O PREVISTO NOS ART. 5º, INCISOS IX E XIII E 170, PARÁGRAFO ÚNICO, DA CONSTITUIÇÃO FEDERAL, E DÁ OUTRAS PROVIDÊNCIAS"
697151,PL 416/2024,PL,416,2024,"ALTERA A LEI MUNICIPAL N° 14.072 DE 18 DE OUTUBRO DE 2005, QUE AUTORIZA A COMPANHIA DE ENGENHARIA DE TRÁFEGO - CET A COBRAR PELOS CUSTOS OPERACIONAIS DE SERVIÇOS PRESTADOS EM EVENTOS, RELATIVOS À OPERAÇÃO DO SISTEMA VIÁRIO."
697297,PL 418/2024,PL,418,2024,"AUTORIZA O PODER EXECUTIVO MUNICIPAL A INSTITUIR E EXPLORAR, MEDIANTE CONCESSÃO À PESSOA JURÍDICA DE DIREITO PRIVADO OU A CONSÓRCIO DE EMPRESAS, OS SERVIÇOS LOTÉRICOS NO MUNICÍPIO DE SÃO PAULO E DÁ OUTRAS PROVIDÊNCIAS."
697440,PL 428/2024,PL,428,2024,CRIA E DENOMINA A PRAÇA DO ALVORECER  NO ESPAÇO PÚBLICO QUE ESPECIFICA NA SUBPREFEITURA DE PINHEIROS.
697455,PL 429/2024,PL,429,2024,AUTORIZA A RESTRIÇÃO À CIRCULAÇÃO E A IMPLANTAÇÃO DE PORTARIA ELETRÔNICA NO BAIRRO CITY BOAÇAVA.
697550,PL 430/2024,PL,430,2024,CRIA A LEI OBRA AMIGA DA VIZINHANÇA E DA OUTRAS PROVIDÊNCIAS.
697579,PL 432/2024,PL,432,2024,"ALTERA A LEI N° 17.580, DE 26 DE JULHO DE 2021 PARA INCLUIR OS TUTORES COM DEFICIÊNCIA OU NECESSIDADES ESPECIAIS NO RECEBIMENTO DE RAÇÕES."
697790,PL 435/2024,PL,435,2024,"DISPÕE SOBRE A DEMARCAÇÃO DE ESPAÇOS PARA 
EMBARQUE E DESEMBARQUE DE PASSAGEIROS DE 
ÔNIBUS DE TURISMO, TÁXIS E VEÍCULOS DE 
APLICATIVOS NAS PROXIMIDADES DE HOTÉIS NO 
MUNICÍPIO DE SÃO PAULO."
697951,PL 442/2024,PL,442,2024,DISPÕE SOBRE A PUBLICAÇÃO DO BOLETIM INFORMATIVO NA REDE DE ATENÇÃO PSICOSSOCIAL DO MUNICÍPIO DE SÃO PAULO
697987,PL 443/2024,PL,443,2024,ALTERA A LEI Nº 14.660 DE 26 DE DEZEMBRO DE 2007 PARA INSTITUIR A FUNÇÃO DE AUXILIAR DA VIDA ESCOLAR E DÁ OUTRAS PROVIDÊNCIAS.
698599,PL 450/2024,PL,450,2024,"ALTERA A LEI 17.336, DE 30 DE MARÇO DE 2020, QUE DISPÕE SOBRE A PREVISÃO DE SOLUÇÃO PARA CARREGAMENTO DE VEÍCULOS ELÉTRICO."
698661,PL 452/2024,PL,452,2024,INSTITUI A “CARTEIRA DE IDENTIFICAÇÃO DA PESSOA COM PARKINSON – CIPP” COMO INSTRUMENTO AUXILIAR DE ORIENTAÇÃO E IDENTIFICAÇÃO DE PESSOAS DIAGNOSTICADAS COM PARKINSON NA CIDADE DE SÃO PAULO
698662,PL 453/2024,PL,453,2024,INSTITUI NO MUNÍCIPIO DE SÃO PAULO A “DIETA SEM GLÚTEN” NOS HOSPITAIS PARA PACIENTES PORTADORES DE DOENÇA CELÍACA NO MUNICÍPIO DE SÃO PAULO.
698856,PL 458/2024,PL,458,2024,"INSTITUI O PROGRAMA BOLSA RÁPIDA NO ATENDIMENTO DE PACIENTES OSTOMIZADOS NA REDE MUNICIPAL DE SAÚDE E NAS CONVENIADAS AO SISTEMA ÚNICO DE SAÚDE – SUS, NO MUNICÍPIO DE SÃO PAULO E ALTERA A LEI Nº 14.413, DE 31 DE MAIO DE 2007."
698926,PL 461/2024,PL,461,2024,LEI DE PREVENÇÃO E COMBATE AO FURTO DE FIOS E CABOS NA CIDADE DE SÃO PAULO.
699239,PL 465/2024,PL,465,2024,"ALTERA A LEI N° 16.337, DE 30 DE DEZEMBRO DE 2015, QUE DISCIPLINA O PROGRAMA ATENDE, PARA INCLUIR ATENDIMENTO PARA IDOSOS ACIMA DOS 80 (OITENTA) ANOS."
699396,PL 471/2024,PL,471,2024,"AUTORIZA A PREFEITURA A OFERECER REFEIÇÃO DIÁRIA AOS FINAIS DE SEMANA E FERIADOS, OU CESTA BÁSICA ALTERNATIVAMENTE, AOS ALUNOS EM SITUAÇÃO DE VULNERABILIDADE SOCIAL MATRICULADOS NA REDE PÚBLICA MUNICIPAL."
699397,PL 472/2024,PL,472,2024,"DENOMINA VIADUTO PLINIO SALES LISBOA O LOGRADOURO PÚBLICO INOMINADO LOCALIZADO NA AV. MUTINGA, 962 - VILA PIRITUBA-SP DÁ OUTRAS PROVIDÊNCIAS"
699846,PL 476/2024,PL,476,2024,"DENOMINA A PRAÇA LOCALIZADA NO BAIRRO VILA DO CASTELO, NO MUNICÍPIO DE SÃO PAULO, DE PRAÇA NOÊMIA VIEIRA FERRAZ, SUBPREFEITURA DE SANTO AMARO."
699848,PL 477/2024,PL,477,2024,"FICA DENOMINADA UBS VILA RAMOS - NÍVEA PIMENTA RODRIGUES, A UNIDADE BÁSICA DE SAÚDE QUE ESPECIFICA E DÁ OUTRAS PROVIDENCIAS."
700320,PL 484/2024,PL,484,2024,ALTERA A DENOMINAÇÃO DO PARQUE MUNICIPAL DO BIXIGA PARA PARQUE MUNICIPAL DO BIXIGA - JOSÉ CELSO MARTINEZ CORRÊA.
700343,PL 485/2024,PL,485,2024,"DISPÕE SOBRE A DENOMINAÇÃO DA PRAÇA DIOLINDA MARIA DO NASCIMENTO DE LIRA, EM ESPAÇO PÚBLICO INOMINADO NA RUA LUÍS PERCORE, 333 - CIDADE LÍDER, SÃO PAULO - SP, 03587-060 E DÁ OUTRAS PROVIDÊNCIAS."
700506,PL 488/2024,PL,488,2024,"“DENOMINA PRAÇA JOÃO CARLOS RODRIGUES BARBOSA O ESPAÇO PÚBLICO INOMINADO, LOCALIZADO ENTRE A AV. DO ORATÓRIO E RUA ITAMBARACA, SUBPREFEITURA VILA PRUDENTE, E DÁ OUTRAS PROVIDÊNCIAS. ”"
700604,PL 489/2024,PL,489,2024,"ALTERA O DISPOSTO NO ARTIGO 19 DA LEI MUNICIPAL 17.812 DE 09 DE JUNHO DE 2022 E DÁ OUTRAS PROVIDÊNCIAS. [DISPÕE SOBRE A REMUNERAÇÃO PELO REGIME DE SUBSÍDIO DOS INTEGRANTES DO QUADRO TÉCNICO DOS PROFISSIONAIS DA GUARDA CIVIL METROPOLITANA – QTG, DA PREFEITURA DO MUNICÍPIO DE SÃO PAULO]"
700631,PDL 110/2024,PDL,110,2024,"ALTERA A REDAÇÃO DO INCISO IV, DO ARTIGO 15 - D, DO DECRETO Nº 56.981, DE 10 DE AGOSTO DE 2016, E DÁ OUTRAS PROVIDÊNCIAS."
700645,PL 493/2024,PL,493,2024,"DISPÕE SOBRE A OFERTA DE CAPELOS PARA CABELOS CRESPOS E VOLUMOSOS NAS SOLENIDADES DE FORMATURA EM QUE SE FAÇA O USO DO ACESSÓRIO, REALIZADO NO MUNICÍPIO DE SÃO PAULO, E DÁ OUTRAS PROVIDÊNCIAS"
700646,PL 494/2024,PL,494,2024,ESTABELECE A POLÍTICA MUNICIPAL DE ASSISTÊNCIA INTEGRAL ÀS PESSOAS COM ERISIPELA.
700687,PL 496/2024,PL,496,2024,"CRIA O CADASTRO MUNICIPAL DE COWORKINGS E ESCRITÓRIOS VIRTUAIS NO MUNICÍPIO DE SÃO PAULO, REGULAMENTA A INFORMAÇÃO DE INATIVIDADE DE EMPRESAS EM SEUS ENDEREÇOS E DÁ OUTRAS PROVIDÊNCIAS."
700720,PL 498/2024,PL,498,2024,ACRESCENTA À DENOMINAÇÃO DA AVENIDA PACAEMBU O NOME EDSON ARANTES DO NASCIMENTO - REI PELÉ.
700839,PL 503/2024,PL,503,2024,"DENOMINA-SE COMO RUA PANKARARU A RUA INOMINADA LOCALIZADA NO REAL PARQUE, SÃO PAULO/SP."
700903,PL 505/2024,PL,505,2024,DISPÕE DA OBRIGATORIEDADE DE UMA EQUIPE ODONTOLÓGICA NOS CENTROS ESPECIALIZADOS EM REABILITAÇÃO (CER) DO MUNICÍPIO DE SÃO PAULO E DÁ OUTRAS PROVIDÊNCIAS.
700936,PL 506/2024,PL,506,2024,"DENOMINA PRAÇA ROBSON DE JESUS MONTAGNA, O LOGRADOURO PÚBLICO INOMINADO EXISTENTE NO BAIRRO DE VILA FORMOSA, E DÁ OUTRAS PROVIDÊNCIAS."
700937,PL 507/2024,PL,507,2024,"FICA DENOMINADO COMO RUA JOÃO ESTEVAM DA SILVA O LOGRADOURO PÚBLICO INOMINADO LOCALIZADO NA QUADRA 061 045, SETOR 143, ENTRE AS RUAS SYLVIO TORRES E TRAVESSA BERTA BECKER, NO DISTRITO DA PENHA, SÃO PAULO E DÁ OUTRAS PROVIDÊNCIAS."
700941,PL 508/2024,PL,508,2024,"DENOMINA COMO “PRAÇA BRAS PEREIRA”, O ESPAÇO PÚBLICO DE LAZER LOCALIZADO NA ALTURA DO Nº 3100 DA AVENIDA IMIRIM, - IMIRIM, SÃO PAULO - SP, 02464-500 E DÁ OUTRAS PROVIDÊNCIAS."
700982,PL 509/2024,PL,509,2024,"DENOMINA PRAÇA JOÃO DE JESUS FILHO O ESPAÇO LIVRE QUE ESPECIFICA, LOCALIZADO NO DISTRITO DE VILA MATILDE, NA SUBPREFEITURA DA PENHA."
701212,PL 513/2024,PL,513,2024,CRIA O CADASTRO MUNICIPAL DE ORGANIZAÇÕES RELIGIOSAS QUE SE VOLUNTARIAM A COOPERAR EM AÇÕES DE ATENDIMENTO AO PÚBLICO NOS CASOS DE EMERGÊNCIAS OU CALAMIDADES.
701257,PL 516/2024,PL,516,2024,"ACRESCENTA PARÁGRAFO AO ARTIGO 8º   DA LEI 15.380, DE 27 DE MAIO DE 2011 (ESTABELECE QUE 10 % (DEZ CENTO) DOS
INGRESSOS DAS APRESENTAÇÕES DAS ESCOLAS DE DANÇA DE SÃO PAULO (EDASP) E ESCOLA MUNICIPAL DE MÚSICA
(EMM), SERÃO DESTINADOS PARA OS ALUNOS DA ESCOLAS PÚBLICAS DE EDUCAÇÃO BÁSICA, COM GARANTIA DO TRANSPORTE."
701740,PL 522/2024,PL,522,2024,"INSTITUI A UTILIZAÇÃO DE CADASTRO COM FOTOGRAFIA DOS FREQUENTADORES NAS CASAS NOTURNAS, BARES E SIMILARES NO ÂMBITO DO MUNICÍPIO DE SÃO PAULO E DÁ OUTRAS PROVIDÊNCIAS."
701784,PL 524/2024,PL,524,2024,AUTORIZA O PODER EXECUTIVO A INSTITUIR O OBSERVATÓRIO MUNICIPAL DE EDUCAÇÃO ANTIRRACISTA – OMEA - NA CIDADE DE SÃO PAULO.
701828,PL 526/2024,PL,526,2024,"DISPÕE SOBRE A DENOMINAÇÃO DE PRAÇA NARCISO VASCO LEITE, A PRAÇA INOMINADA ENTRE AS RUAS FREI HENRIQUE DE COIMBRA, RUA CLAUDIO E RUA TITO, VILA ROMANA, CEP 05043-040, ZONA OESTE, SP, DANDO AINDA OUTRAS PROVIDÊNCIAS."
701829,PL 527/2024,PL,527,2024,"DISPÕE SOBRE A DENOMINAÇÃO DA VIELA CORAÇÃO DE ESTUDANTE, JARDIM SANTA TEREZINHA (ZONA LESTE), DANDO AINDA OUTRAS PROVIDÊNCIAS."
701973,PL 529/2024,PL,529,2024,"DISPÕE SOBRE A DENOMINAÇÃO DE PRAÇA DORIVAL DE SOUZA VIANA, A PRAÇA INOMINADA ENTRE AS RUAS DJALMA DE ANDRADE E OSWALDO BARRETO, ITAIM PAULISTA, CEP 08131-260, ZONA LESTE, SP, DANDO AINDA OUTRAS PROVIDÊNCIAS."
702038,PL 532/2024,PL,532,2024,"ALTERA A LEI Nº 17.638, DE 9 DE SETEMBRO DE 2021, PARA INCLUIR A PRIORIDADE NO ATENDIMENTO DAS FAMÍLIAS DE QUE FAÇAM PARTE PACIENTES DIAGNOSTICADAS COM NEOPLASIA MALIGNA – CÂNCER, EM TRATAMENTO SEM REMISSÃO NOS ÚLTIMOS (CINCO) ANOS."
702155,PL 535/2024,PL,535,2024,"AUTORIZA O PODER EXECUTIVO A DISPOR SOBRE AS REGRAS DE PROMOÇÃO DOS GUARDAS CIVIS METROPOLITANOS AO NÍVEL IMEDIATO DE PROGRESSÃO NA CARREIRA, CONCEDENDO-LHES O DIREITO DE APOSENTADORIA AO CARGO IMEDIATAMENTE SUPERIOR AO ÚLTIMO POSTO DA ATIVA."
702180,PL 536/2024,PL,536,2024,"ALTERA A LEI Nº 13.179, DE 25 DE SETEMBRO DE 2001, QUE DEFINE OS CRÉDITOS DE PEQUENO VALOR PARA OS FINS PREVISTOS NO ARTIGO 100, § 3º DA CONSTITUIÇÃO FEDERAL E ARTIGO 78 DO ATO DAS DISPOSIÇÕES CONSTITUCIONAIS TRANSITÓRIAS, E DÁ OUTRAS PROVIDÊNCIAS"
702200,PL 537/2024,PL,537,2024,"PROÍBE A INCITAÇÃO, A DEFESA OU A APOLOGIA A ATO OU IDEIA REALIZADO POR INDIVÍDUOS OU GRUPOS EXTREMISTAS QUE TENHAM PRATICADO TERRORISMO OU CRIME CONTRA A HUMANIDADE."
702304,PL 540/2024,PL,540,2024,"INSTITUI O “AUXÍLIO DO CUIDADO” PARA AS PESSOAS QUE SAEM DE SEUS EMPREGOS PARA CUIDAR DE INDIVÍDUOS QUE SE ENCONTRAM ACAMADOS, E DÁ OUTRAS PROVIDÊNCIAS."
702306,PL 542/2024,PL,542,2024,"INSTITUI A COORDENADORIA DE ASSUNTOS RELIGIOSOS EM CADA SUBPREFEITURA DO MUNICÍPIO DE SÃO PAULO, E DÁ OUTRAS PROVIDÊNCIAS"
702307,PL 543/2024,PL,543,2024,"DISPÕE SOBRE ASSEGURAR A GRATUIDADE DE ENTERRO PARA PESSOAS COM RENDA INFERIOR A DOIS SALÁRIOS-MÍNIMOS, BEM COMO DO ENTERRO E DA TANATOPRAXIA DOS DOADORES DE ÓRGÃOS, NA FORMA QUE ESPECIFICA, E DÁ OUTRAS PROVIDÊNCIAS"
702308,PL 544/2024,PL,544,2024,"POSSIBILITA A DISTRIBUIÇÃO GRATUITA DE UNIFORMES, FRALDAS DESCARTÁVEIS E ROUPAS ÍNTIMAS ÀS CRIANÇAS DAS CRECHES DO MUNICÍPIO DE SÃO PAULO E DÁ OUTRAS PROVIDÊNCIAS."
702312,PL 545/2024,PL,545,2024,DISPÕE SOBRE A INSTALAÇÃO DE SISTEMA DE MONITORAMENTO POR CÂMERAS E SOBRE A PROIBIÇÃO DA TROCA DE ROUPAS EM LOCAIS PÚBLICOS DOS ESTABELECIMENTOS MUNICIPAIS ASSISTENCIAIS E DA OUTRAS PROVIDÊNCIAS.
702334,PL 548/2024,PL,548,2024,"DENOMINA PRAÇA JONATAS CONCEIÇÃO DOS SANTOS O ESPAÇO PÚBLICO, LOCALIZADO ENTRE A RUA MILAGRE DOS PEIXES E RUA AVE DE PRATA, SUBPREFEITURA VILA PRUDENTE, E DÁ OUTRAS PROVIDÊNCIAS."
702372,PL 552/2024,PL,552,2024,"INSTITUI O PROGRAMA “CUIDAR DE QUEM CUIDA DE MIM”, QUE CONCEDE AUXÍLIO FINANCEIRO ÀS MÃES ATÍPICAS SOLO, NO ÂMBITO DO MUNICÍPIO DE SÃO PAULO, E DÁ OUTRAS PROVIDÊNCIAS."
702379,PL 556/2024,PL,556,2024,"INSTITUI A “CAMPANHA IDOSOS ÓRFÃOS DE FILHOS VIVOS”, QUE VISA CONSCIENTIZAR E COMBATER O ABANDONO DE IDOSOS, NO MUNICÍPIO DE SÃO PAULO."
702465,PL 565/2024,PL,565,2024,"DECLARA PATRIMÔNIO CULTURAL IMATERIAL O GÊNERO MUSICAL FUNK, COMO REPRESENTANTE DA CULTURA NEGRA E PERIFÉRICA PAULISTANA."
702469,PL 566/2024,PL,566,2024,ALTERA A DENOMINAÇÃO DA PRAÇA TRISTÃO DA CUNHA PARA PRAÇA DO SÃO PAULINO – TRISTÃO DA CUNHA E DÁ OUTRAS PROVIDÊNCIAS.
702558,PL 569/2024,PL,569,2024,AUTORIZA O PODER EXECUTIVO A INSTITUIR O “PROGRAMA MUNICIPAL DE FOMENTO E DIVULGAÇÃO À ENTREGA VOLUNTÁRIA” E DÁ OUTRAS PROVIDÊNCIAS.
703050,PL 573/2024,PL,573,2024,"DISPÕE SOBRE A CRIAÇÃO DO “SELO CARTÃO VERMELHO CONTRA O ASSÉDIO E VIOLÊNCIAS”, QUE VISA COIBIR E EDUCAR CONTRA AS PRÁTICAS DE ASSÉDIO E DE INTOLERÂNCIA NO MEIO ESPORTIVO."
703227,PL 576/2024,PL,576,2024,"ALTERA A LEI Nº 14.485, DE 19 DE JULHO DE 2007, PARA INCLUIR A “SEMANA MUNICIPAL DA AMAMENTAÇÃO”, A SER COMEMORADA NA PRIMEIRA SEMANA DE AGOSTO"
703306,PL 578/2024,PL,578,2024,"INSTITUI A POLÍTICA DE CONSCIENTIZAÇÃO E INCENTIVO DA DOAÇÃO DE SANGUE, ÓRGÃOS, TECIDOS E LEITE – PROMOÇÃO 3D, NO MUNICÍPIO DE SÃO PAULO, E DÁ OUTRAS PROVIDÊNCIAS"
703336,PL 579/2024,PL,579,2024,"ALTERA A LEI Nº 13.172, DE 15 DE AGOSTO DE 2001 [INCLUSÃO, NAS UNIDADES PÚBLICAS DE SAÚDE DO MUNICÍPIO, DE ATENDIMENTO PÚBLICO ESPECIALIZADO PARA MULHERES DURANTE A MENOPAUSA]"
703417,PL 581/2024,PL,581,2024,"ALTERA A LEI Nº 8.989, DE 29 DE OUTUBRO DE 1979, QUE DISPÕE SOBRE O ESTATUTO DOS FUNCIONÁRIOS PÚBLICO DO MUNICÍPIO DE SÃO PAULO PARA RESTABELECER O DIREITO A 10 (DEZ) ABONOS DAS FALTAS DE SERVIÇO."
703433,PL 583/2024,PL,583,2024,CRIA O PROGRAMA MUNICIPAL DE FOMENTO À EDUCAÇÃO POPULAR NO MUNICÍPIO DE SÃO PAULO E DÁ OUTRAS PROVIDÊNCIAS.
703476,PL 585/2024,PL,585,2024,"DISPÕE SOBRE A AUTORIZAÇÃO DE EVENTOS PARA PRATICA ESPORTIVA DE WHEELING, POPULARMENTE CONHECIDA COMO EMPINAR A MOTO OU DAR GRAU, DANDO AINDA OUTRAS PROVIDÊNCIAS."
703495,PL 586/2024,PL,586,2024,"DENOMINA “PRAÇA JOGLI FONTOURA GOULART”, O LOGRADOURO PÚBLICO INOMINADO EXISTENTE NO BAIRRO DE VILA FORMOSA, E DÁ OUTRAS PROVIDÊNCIAS."
703539,PL 588/2024,PL,588,2024,"DISPÕE SOBRE A CELEBRAÇÃO DE CONTRATOS, CONVÊNIOS OU QUAISQUER OUTROS TIPOS DE AJUSTES NECESSÁRIOS COM CLÍNICAS ESPECIALIZADAS EM CIRURGIA PARA CORREÇÃO EM MULHERES QUE SOFRAM DE EXOFTALMIA OU PROPTOSE OCULAR (OLHOS SALIENTES, RESSALTADOS) EM VIRTUDE DA DOENÇA OCULAR DA TIREÓIDE, CONHECIDA COMO SÍNDROME DE GRAVES QUE PROVOCA O HIPERTIROIDISMO."
703627,PDL 115/2024,PDL,115,2024,"DISPÕE SOBRE A CONCESSÃO DA HONRARIA DE TÍTULO DE MEDALHA ANCHIETA AO SR. GUILHERME RODRIGUES MONTEIRO MENDES, E FIXA PROVIDÊNCIAS”"
703664,PL 591/2024,PL,591,2024,CRIA O PROGRAMA MUNICIPAL DE INCENTIVO A JOVENS MULHERES NO ESPORTE “MENINA ATLETA” NO ÂMBITO DA SECRETARIA MUNICIPAL DE ESPORTES E LAZER E DÁ OUTRAS PROVIDÊNCIAS.
704013,PL 592/2024,PL,592,2024,"DISPÕE SOBRE A DECLARAÇÃO DE UTILIDADE PÚBLICA [DUP], PARA FINS DE DESAPROPRIAÇÃO A ÁREA DE 2.594 M2 [S-172, Q-268, L-0237-5], LOCALIZADA À RUA ROLANDO CURTI, S/Nº - VILA CLARA, ÂMBITO DE CIDADE DE ADEMAR"
704182,PL 595/2024,PL,595,2024,ESTABELECE A ÁREA HOSPITALAR DE SEGURANÇA E ACESSIBILIDADE NO ÂMBITO DO MUNICÍPIO DE SÃO PAULO E DÁ OUTRAS PROVIDÊNCIAS.
704264,PL 596/2024,PL,596,2024,"DENOMINA COMO “PRAÇA PADRE PIO DE PIETRELCINA”, O ESPAÇO PÚBLICO INOMINADO LOCALIZADO NA ALTURA DO Nº 2235 DA AV. JORNALISTA ROBERTO MARINHO – CIDADE MONÇÕES, SÃO PAULO - SP, 04576-010 E DÁ OUTRAS PROVIDÊNCIAS."
704306,PL 597/2024,PL,597,2024,"TRANSFORMA A PRAÇA INOMINADA EM PRAÇA MARIA DO SOCORRO TORRES DOS SANTOS, DANDO AINDA OUTRAS PROVIDÊNCIAS."
704716,PL 600/2024,PL,600,2024,"ALTERA O NOME DA RUA DOS CAMARÉS, LOCALIZADA NO MUNICÍPIO DE SÃO PAULO, PARA RUA DOS CAMARÉS SILVIO SANTOS E DÁ OUTRAS PROVIDÊNCIAS."
704717,PL 601/2024,PL,601,2024,"“ALTERA A DENOMINAÇÃO DA PRAÇA REGÊNCIA LOCALIZADA NA LAPA, CEP: 05057-050, SÃO PAULO – SP, PARA PRAÇA REGÊNCIA MAESTRO SAMUEL KERR”."
704774,PL 602/2024,PL,602,2024,"DENOMINA O PARQUE MUNICIPAL DO BIXIGA COMO ""PARQUE SILVIO SANTOS"", E DÁ OUTRAS PROVIDÊNCIAS"
704972,PL 606/2024,PL,606,2024,"FICA DENOMINADA COMO RUA PURIM O LOGRADOURO INOMINADO LOCALIZADO NA QUADRA 085, SETOR 138, ENTRE AS RUAS AMANARI E RUA SENADOR AMARAL FURLAN E DÁ OUTRAS PROVIDÊNCIAS."
704973,PL 607/2024,PL,607,2024,INSTITUI A CAMPANHA DE ESTÍMULO À CRIAÇÃO DE BANCOS DE SANGUE PARA ANIMAIS DOMÉSTICOS.
704976,PL 608/2024,PL,608,2024,"ALTERA A LEI Nº 16.059, DE 13 DE AGOSTO DE 2014. [ACESSIBILIDADE E SEGURANÇA DOS FREQUENTADORES DE PISCINA CONFORME A SUA CONDIÇÃO DE SAÚDE]"
704977,PL 609/2024,PL,609,2024,CRIA A SUBPREFEITURA DO JARDIM HELENA.
705060,PL 613/2024,PL,613,2024,FICA INSTITUÍDO O PRÊMIO MUNICIPAL DE ADVOCACIA POPULAR NO ÂMBITO DO MUNICÍPIO DE SÃO PAULO
705268,PL 621/2024,PL,621,2024,"DENOMINA RUA HEITOR DANTAS SILVA, O LOGRADOURO PÚBLICO INOMINADO, LOCALIZADO NO BAIRRO JARDIM ÍRIS, ZONA OESTE DE SÃO PAULO."
705363,PL 623/2024,PL,623,2024,"DISPÕE SOBRE OS ESTABELECIMENTOS PÚBLICOS E PRIVADOS LOCALIZADOS NO MUNICÍPIO DE SÃO PAULO A INSERIREM, NAS PLACAS DE ATENDIMENTO PRIORITÁRIO, O SÍMBOLO MUNDIAL DO AUTISMO, E DÁ OUTRAS PROVIDÊNCIAS"
705501,PL 627/2024,PL,627,2024,"DISPÕE SOBRE A PROIBIÇÃO DA CURATELA INSTITUCIONAL DE MORADORES DE SERVIÇOS DE RESIDÊNCIA TERAPÊUTICA (SRTS) E DEMAIS BENEFICIÁRIOS DE POLÍTICAS PÚBLICAS MUNICIPAIS E PROÍBE A ADMINISTRAÇÃO  INDIRETA DESSES SERVIÇOS, E DÁ OUTRAS PROVIDÊNCIAS."
705583,PL 628/2024,PL,628,2024,"DISPÕE SOBRE A DEMARCAÇÃO DE VAGAS DE ESTACIONAMENTO PARA EMBARQUE E DESEMBARQUE DE PASSAGEIROS PARA VEÍCULOS EM GERAL, NAS VIAS PÚBLICAS, NOS TERMOS QUE ESPECIFICA."
705585,PL 630/2024,PL,630,2024,ESTABELECE A OBRIGATORIEDADE DE ASSISTÊNCIA FARMACÊUTICA INTEGRAL EM UNIDADES PÚBLICAS E PRIVADAS DE SAÚDE.
705587,PL 631/2024,PL,631,2024,DISPÕE SOBRE O DIREITO DOS PROPRIETÁRIOS QUE TEM SUAS CALÇADAS DANIFICADAS POR ÁRVORES PLANTADAS PELA PREFEITURA E OU PELO PODER PÚBLICO E DÁ OUTRAS PROVIDÊNCIAS.
705608,PL 632/2024,PL,632,2024,AUTORIZA A INSTALAÇÃO DE ESTÁTUA EM HOMENAGEM AO CANTOR ELVIS AARON PRESLEY NO PARQUE JACINTHO ALBERTO E DÁ OUTRAS PROVIDÊNCIAS.
705657,PL 633/2024,PL,633,2024,"FICA CRIADO, NAS DEPENDÊNCIAS DO PARQUE JACINTHO ALBERTO, O ESPAÇO DE CONVIVÊNCIA ELVIS AARON PRESLEY E DÁ OUTRAS PROVIDÊNCIAS."
705687,PL 637/2024,PL,637,2024,"INSTITUI O PLANO MUNICIPAL DE CIDADE INTELIGENTE, SUSTENTÁVEL, RESILIENTE E VERDE, DE ACORDO COM AS DETERMINAÇÕES ESTABELECIDAS PELA LEI GERAL DE PROTEÇÃO DE DADOS (LGPD) E CARTA BRASILEIRA DE CIDADES INTELIGENTES TAMBÉM TRAZ SUA DEFINIÇÃO FUNCIONAL E, DÁ OUTRAS PROVIDÊNCIAS."
705745,PL 647/2024,PL,647,2024,"DISPÕE SOBRE A PRESTAÇÃO DE SERVIÇOS PSICOLÓGICOS REALIZADOS POR MEIO DE TECNOLOGIAS DA INFORMAÇÃO E DA COMUNICAÇÃO (TIC) NO MUNICÍPIO DE SÃO PAULO, E DÁ OUTRAS PROVIDÊNCIAS."
705746,PL 648/2024,PL,648,2024,"ALTERA A LEI N° 14.223, DE 26 DE SETEMBRO DE 2006, QUE DISCIPLINA SOBRE A ORDENAÇÃO DOS ELEMENTOS QUE COMPÕEM A PAISAGEM URBANA DO MUNICÍPIO DE SÃO PAULO; ALTERA A LEI N° 16.703, DE 4 DE OUTUBRO DE 2017, QUE DISCIPLINA AS CONCESSÕES E PERMISSÕES DE SERVIÇOS, OBRAS E BENS PÚBLICOS QUE SERÃO REALIZADAS NO ÂMBITO DO PLANO MUNICIPAL DE DESESTATIZAÇÃO – PMD, E DÁ OUTRAS PROVIDÊNCIAS."
705773,PR 26/2024,PR,26,2024,INSTITUI A FRENTE PARLAMENTAR LATINO AMERICANA E DE NAÇÕES NO ÂMBITO DA CÂMARA MUNICIPAL DE SÃO PAULO.
705782,PL 651/2024,PL,651,2024,"AUTORIZA A DECLARAÇÃO DE UTILIDADE PÚBLICA, PARA FINS DE DESAPROPRIAÇÃO, DO IMÓVEL SITUADO NA AVENIDA DO ANASTÁCIO Nº 740, LOCALIZADO NA SUBPREFEITURA DA PIRITUBA."
705826,PL 656/2024,PL,656,2024,DENOMINA “PRAÇA CAMISA DOZE” O ESPAÇO PÚBLICO SITUADO NA RUA INTEGRADA E DÁ OUTRAS PROVIDÊNCIAS.
705906,PL 665/2024,PL,665,2024,CRIA “REDES DE APOIO FAMILIAR” PARA FAMÍLIAS DE PESSOAS COM TRANSTORNO DO ESPECTRO AUTISTA (TEA) NAS UNIDADES DE SAÚDE DO SUS.
706336,PL 679/2024,PL,679,2024,ALTERA A LEI NO 14.485 DE 19 DE JULHO DE 2007 PARA INCLUIR NO CALENDÁRIO OFICIAL DA CIDADE DE SÃO PAULO A SEMANA MUNICIPAL DO URBANISMO SOCIAL.
706496,PR 28/2024,PR,28,2024,ALTERA O CAPUT E INSERE INCISOS AO ARTIGO 1º DA RESOLUÇÃO 03 DE 24 DE JUNHO DE 2014 E DÁ OUTRAS PROVIDÊNCIAS.
706498,PL 682/2024,PL,682,2024,"DÁ NOVA REDAÇÃO À LEI Nº 13.973, DE 12 DE MAIO DE 2005 (ALTERA A ALÍQUOTA DE CONTRIBUIÇÃO PREVIDENCIÁRIA DOS APOSENTADOS E PENSIONISTAS DO MUNICÍPIO)."
706572,PL 686/2024,PL,686,2024,"ESTABELECE OS CRITÉRIOS PARA DOCUMENTOS SUBSCRITOS POR PROFISSIONAIS DE SAÚDE, TAIS COMO GUIAS DE EXAME, REFERÊNCIA E CONTRA REFERÊNCIA E PRESCRIÇÕES EMITIDAS, APRESENTADAS E/OU ASSINADAS POR MEIO ELETRÔNICO NAS ÁREAS DE ATENDIMENTO MÉDICO NO ÂMBITO DA REDE BÁSICA E DE ESPECIALIDADES DO MUNICÍPIO DE SÃO PAULO."
706579,PL 689/2024,PL,689,2024,"VEDA A UTILIZAÇÃO DE CONTRAPARTIDAS, OBRIGAÇÕES E COMPENSAÇÕES NAS ÁREAS DE PARQUES E PRAÇAS MUNICIPAIS E DÁ OUTRAS PROVIDÊNCIAS."
706648,PL 691/2024,PL,691,2024,"ESTABELECE NORMAS EDUCACIONAIS EXCEPCIONAIS A SEREM ADOTADAS NAS ESCOLAS PÚBLICAS MUNICIPAIS, DA REDE DIRETA E PARCEIRA, EM CASOS DE CONDIÇÕES CLIMÁTICAS EXTREMAS, E DÁ OUTRAS PROVIDÊNCIAS"
706814,PL 698/2024,PL,698,2024,"REVOGA O INCISO II DO ARTIGO 6º DA LEI 13.697, DE 22 DE DEZEMBRO DE 2003 E DÁ OUTRAS PROVIDÊNCIAS.[REMOVE O CRITÉRIO DE MENOR FAIXA ETÁRIA PARA DEFINIÇÃO DOS ALUNOS A SEREM ATENDIDOS PELO PROGRAMA DE TRANSPORTE ESCOLAR MUNICIPAL GRATUITO]"
706920,PL 700/2024,PL,700,2024,"DISPÕE SOBRE A CRIAÇÃO DO PROGRAMA CRECHE GARANTIDA, E DÁ OUTRAS PROVIDÊNCIAS."
707011,PL 706/2024,PL,706,2024,"ALTERA A LEI MUNICIPAL N° 11.677 DE 14 DE NOVEMBRO DE 1994, QUE PROÍBE A COMERCIALIZAÇÃO, NO MUNICÍPIO DE SÃO PAULO, DE ARMAS DE BRINQUEDO QUE NÃO POSSUAM CORES E FORMATOS DISTINTOS DAS ARMAS VERDADEIRAS E DÁ OUTRAS PROVIDÊNCIAS."
707012,PL 707/2024,PL,707,2024,AUTORIZA O PODER EXECUTIVO A INSTITUIR PROGRAMA QUE GARANTA A GRATUIDADE NO SISTEMA DE TRANSPORTE COLETIVO PÚBLICO DE PASSAGEIROS NA CIDADE DE SÃO PAULO AOS PAIS OU RESPONSÁVEIS DE CRIANÇAS MATRICULADAS NAS UNIDADES PÚBLICAS DE EDUCAÇÃO INFANTIL DO MUNICÍPIO.
707121,PR 29/2024,PR,29,2024,DISPÕE SOBRE A CRIAÇÃO DE UM ESPAÇO ECUMÊNICO NA CÂMARA MUNICIPAL DE SÃO PAULO.
707164,PL 710/2024,PL,710,2024,AUTORIZA A CRIAÇÃO DO FUNDO MUNICIPAL  DE PERDAS E DANOS PARA PESSOAS ATINGIDAS POR EVENTOS CLIMÁTICOS EXTREMOS.
707206,PL 714/2024,PL,714,2024,"INSTITUI O “SELO HUMANITÁRIO DE COMBATE À FOME – PADRE JÚLIO LANCELLOTTI”, NO ÂMBITO DO MUNÍCIPIO DE SÃO PAULO, E DÁ OUTRAS PROVIDÊNCIAS.
A CÂMARA"
707268,PL 718/2024,PL,718,2024,"ACRESCENTA DISPOSITIVO À LEI Nº 17.502, DE 03 DE NOVEMBRO DE 2020, QUE “INSTITUI A POLÍTICA PÚBLICA MUNICIPAL DE PROTEÇÃO DOS DIREITOS DAS PESSOAS COM TRANSTORNO DO ESPECTRO AUTISTA”, PARA FIXAR PRAZO DE INÍCIO DO TRATAMENTO APÓS DIAGNÓSTICO, E DÁ OUTRAS PROVIDÊNCIAS."
707358,PL 722/2024,PL,722,2024,"ALTERA A LEI Nº 14.485, DE 19 DE JULHO DE 2007, PARA INCLUIR NO CALENDÁRIO DE DATAS E EVENTOS DA CIDADE DE SÃO PAULO O DIA MUNICIPAL DA QUALIDADE DO AR INTERIOR, A SER COMEMORADO ANUALMENTE NO DIA 14 DE AGOSTO."
707484,PL 724/2024,PL,724,2024,"DENOMINA ALAMEDA GUARANI PINDO MIRIM O LOGRADOURO PÚBLICO INOMINADO, LOCALIZADO NO DISTRITO DE ANHANGUERA ATÉ A TERRA INDÍGENA DO JARAGUÁ, SUBPREFEITURA DE PERUS, ZONA NORTE DE SÃO PAULO, E DÁ OUTRAS PROVIDÊNCIAS."
707487,PL 726/2024,PL,726,2024,DENOMINA O LOGRADOURO PÚBLICO INOMINADO COMO RUA INACIO PAES BEZERRA  E DÁ OUTRAS PROVIDÊNCIAS.
707547,PL 730/2024,PL,730,2024,DISPÕE SOBRE A CRIAÇÃO DO ISS VERDE PARA AS EMPRESAS DE PEQUENO PORTE QUE ADOTAREM PRÁTICAS SUSTENTÁVEIS EM SEUS ESTABELECIMENTOS E DÁ OUTRAS PROVIDÊNCIAS.
707548,PL 731/2024,PL,731,2024,"DECLARA DE UTILIDADE PÚBLICA, PARA FINS DE DESAPROPRIAÇÃO, OS LOTES F0315 E F0001 DA QUADRA 025, E O LOTE F0007 A QUADRA F256, DO SETOR 075, LOCALIZADOS NA SUBPREFEITURA DA CASA VERDE/CACHOEIRINHA."
707593,PL 735/2024,PL,735,2024,"ALTERA O MAPA DO ZONEAMENTO DA LEI Nº 16402/16, NA SUBPREFEITURA DA LAPA, DOS LOTES F0071 E F0055, DA QUADRAS 159 DO SETOR 011 PARA ZCOR3 (ZONA CORREDOR 3)."
707596,PL 737/2024,PL,737,2024,"ALTERA A REDAÇÃO DO PARÁGRAFO ÚNICO DO ART. 4º DA LEI MUNICIPAL Nº 17.333/2020 QUE DISPÕE SOBRE O HORÁRIO DE FUNCIONAMENTO DOS CENTROS DE EDUCAÇÃO INFANTIL – CEI DA REDE MUNICIPAL DE ENSINO, PARCEIROS OU MANTIDOS PELA PREFEITURA DO MUNICÍPIO DE SÃO PAULO."
707671,PL 740/2024,PL,740,2024,DESTINA 5% (CINCO POR CENTO) DE VAGAS PARA IMIGRANTES NOS CARGOS DA ADMINISTRAÇÃO PÚBLICA E DÁ OUTRAS PROVIDÊNCIAS
707698,PL 742/2024,PL,742,2024,"TRANSFORMA A ÁREA PÚBLICA DA RUA ATOR PAULO GUSTAVO Nº 270, CEP 03965-005, SÃO MATEUS, SP, EM PRAÇA ATOR PAULO GUSTAVO, DANDO AINDA OUTRAS PROVIDÊNCIAS."
707737,PL 743/2024,PL,743,2024,DISPÕE SOBRE A FORMAÇÃO DE PROFESSORES BILÍNGUES (LIBRAS E PORTUGUÊS) DOS PROFESSORES NAS ESCOLAS DA REDE PÚBLICA DO MUNICÍPIO E DÁ OUTRAS PROVIDÊNCIAS.
707839,PL 745/2024,PL,745,2024,"DISPÕE SOBRE A DISPENSA DO EXPEDIENTE DE AULAS E ESCOLAS EM CELEBRAÇÃO AO DIA DOS PROFESSORES, EM 15 DE OUTUBRO."
708016,PL 748/2024,PL,748,2024,"DISPÕE SOB A CRIAÇÃO DO PROGRAMA DE CONSCIENTIZAÇÃO DO AUTOEXAME ANUAL PARA PREVENÇÃO E COMBATE AO CÂNCER, DANDO AINDA OUTRAS PROVIDÊNCIAS."
708246,PL 750/2024,PL,750,2024,"DISPÕE SOBRE A CRIAÇÃO DO CENTRO DE SAÚDE MENTAL E DIVERSIDADE ESCOLAR (CSMDE) NAS INSTITUIÇÕES DE ENSINO PÚBLICO, DANDO AINDA OUTRAS PROVIDÊNCIAS."
708247,PL 751/2024,PL,751,2024,"ALTERA A LEI Nº 14.485, DE 19 DE JULHO DE 2007, PARA INCLUIR A SEMANA NACIONAL DE PREVENÇÃO A ACIDENTES COM MOTOCICLISTAS, NO CALENDÁRIO DE EVENTOS DO MUNICÍPIO DE SÃO PAULO, E DÁ OUTRAS PROVIDÊNCIAS."
708251,PL 752/2024,PL,752,2024,DISPÕE SOBRE A REGULAMENTAÇÃO DA EDUCAÇÃO DOMICILIAR (HOMESCHOOLING) NO MUNICÍPIO DE SÃO PAULO E DÁ OUTRAS PROVIDÊNCIAS.
708255,PL 756/2024,PL,756,2024,DISPÕE SOBRE A ISENÇÃO DE IPTU (IMPOSTO PREDIAL E TERRITORIAL URBANO) PARA MULHERES CHEFES DE FAMÍLIA MONOPARENTAL.
708256,PL 757/2024,PL,757,2024,DISPÕE SOBRE A CRIAÇÃO DE INCENTIVOS FISCAIS PARA EMPRESAS QUE SE INSTALAREM EM ÁREAS PERIFÉRICAS DO MUNICÍPIO DE SÃO PAULO E QUE CONTRATAREM FUNCIONÁRIOS RESIDENTES NA LOCALIDADE.
708309,PL 760/2024,PL,760,2024,"DENOMINA “PRAÇA PASTOR DAVI DE ARAUJO”, O LOGRADOURO PÚBLICO INOMINADO EXISTENTE NO BAIRRO DE VILA FORMOSA, E DÁ OUTRAS PROVIDÊNCIAS."
708338,PL 761/2024,PL,761,2024,"INSTITUI A CAMPANHA PERMANENTE DE COMBATE AO CÂNCER NO MUNICÍPIO DE SÃO PAULO, PREVENDO A REALIZAÇÃO DE EXAMES E A AMPLA DIVULGAÇÃO DOS PROTOCOLOS DE ATENDIMENTOS E SERVIÇOS DO SUS."
708340,PL 763/2024,PL,763,2024,DISPÕE SOBRE A CRIAÇÃO DO SISTEMA ÚNICO MUNICIPAL DE ATENÇÃO À SAÚDE DO ANIMAL DOMÉSTICO NO MUNICÍPIO DE SÃO PAULO – SUS AD.
708341,PL 764/2024,PL,764,2024,"ALTERA A LEI MUNICIPAL N° 16.685, DE 10 DE JULHO DE 2017, QUE DISPÕE SOBRE O PROGRAMA WI-FI LIVRE SAMPA, GRATUITO, EM TODOS OS ESPAÇOS E PRÉDIOS PÚBLICOS MUNICIPAIS E DÁ OUTRAS PROVIDÊNCIAS."
708342,PL 765/2024,PL,765,2024,"ALTERA A LEI MUNICIPAL N° 17.734, DE 11 DE JANEIRO DE 2022, QUE REGULAMENTA, NO ÂMBITO DO MUNICÍPIO DE SÃO PAULO, OS PROCEDIMENTOS APLICÁVEIS À REGULARIZAÇÃO FUNDIÁRIA, PARA INCLUIR O PROGRAMA WI-FI LIVRE SAMPA EM ÁREAS EM PROCESSO DE REGULARIZAÇÃO FUNDIÁRIA, E DÁ OUTRAS PROVIDÊNCIAS."
708343,PL 766/2024,PL,766,2024,"DISPÕE SOBRE A GARANTIA DE ACESSO UNIVERSAL E IGUALITÁRIO AOS SERVIÇOS DE SAÚDE NO MUNICÍPIO DE SÃO PAULO, ESTABELECENDO PRAZOS MÁXIMOS PARA A REALIZAÇÃO DE CONSULTAS, EXAMES E PROCEDIMENTOS, EM CONFORMIDADE COM AS DIRETRIZES DA ANS PADRONIZANDO AOS DOS PLANOS PRIVADOS, E DÁ OUTRAS PROVIDÊNCIAS."
708344,PL 767/2024,PL,767,2024,"DISPÕE SOBRE O SERVIÇO DO TIPO “COUVERT ARTÍSTICO” NO MUNICÍPIO, E DÁ OUTRAS PROVIDÊNCIAS."
708345,PL 768/2024,PL,768,2024,AUTORIZA A PREFEITURA A INSTITUIR O PROGRAMA DE INTERCÂMBIO INTERNACIONAL CULTURAL E ACADÊMICO PARA ALUNOS E PROFESSORES DO MUNICÍPIO.
708489,PL 772/2024,PL,772,2024,"DISPÕE SOBRE A POLÍTICA MUNICIPAL DE CRIAÇÃO E REGULAMENTAÇÃO DE BAIRROS INTELIGENTES, ESTABELECE DIRETRIZES PARA A OFERTA DE SERVIÇOS ESSENCIAIS E CRIA A FIGURA JURÍDICA DE GESTÃO INTEGRADA DOS BAIRROS INTELIGENTES."
708490,PL 773/2024,PL,773,2024,AUTORIZA O PODER EXECUTIVO A INSTITUIR A AGÊNCIA SÃO PAULO DE INFRAESTRUTURA TECNOLÓGICA E SERVIÇOS PARA CIDADE INTELIGENTE - SP INTELIGENTE.
708533,PL 774/2024,PL,774,2024,ACRESCENTA À DENOMINAÇÃO DO PARQUE MUNICIPAL DO BIXIGA O NOME ADONIRAN BARBOSA.
708563,PL 775/2024,PL,775,2024,“DISPÕE SOBRE A CRIAÇÃO DE POLÍTICAS PÚBLICAS DE COMBATE AO ANTISSEMITISMO E DÁ OUTRAS PROVIDÊNCIAS”.
708574,PR 31/2024,PR,31,2024,CRIA A FRENTE PARLAMENTAR DE COMBATE AO ANTISSEMITISMO E AO ÓDIO CONTRA ISRAEL.
708604,PL 777/2024,PL,777,2024,REGULAMENTA O USO DO BRACELETE AZUL PARA PESSOAS DIABÉTICAS NO ÂMBITO DO MUNICÍPIO DE SÃO PAULO.
708949,PL 779/2024,PL,779,2024,"ALTERA A DENOMINAÇÃO ATUAL PRAÇA CÍVICA BOSQUE DO XERIFE, COLÔNIA - ZONA SUL, PARA PRAÇA RODRIGO VERISSIMO, E DÁ OUTRAS PROVIDÊNCIAS."
708952,PR 32/2024,PR,32,2024,"INCLUI OS PARÁGRAFOS 1º E 2º NO ART. 9º DO REGIMENTO INTERNO DA CÂMARA MUNICIPAL DE SÃO PAULO, E DÁ OUTRAS PROVIDÊNCIAS (LIMITA REELEIÇÃO A CARGO DA MESA DIRETORA)"
708954,PLO 2/2024,PLO,2,2024,"ALTERA O ARTIGO 26 DA LEI ORGÂNICA DO MUNICÍPIO E DÁ OUTRAS PROVIDÊNCIAS (LIMITA OS MANDATOS DA MESA DIRETORA A UM ANO, PERMITIDA UMA REELEIÇÃO)"
708986,PL 782/2024,PL,782,2024,DISPÕE SOBRE A OBRIGATORIEDADE DE INFRAESTRUTURA BÁSICA NOS LOCAIS DE APLICAÇÃO DE PROVAS PRÁTICAS PARA OBTENÇÃO DA CARTEIRA NACIONAL DE HABILITAÇÃO (CNH) NA CIDADE DE SÃO PAULO E DÁ OUTRAS PROVIDÊNCIAS.
709008,PL 783/2024,PL,783,2024,"DISPÕE SOBRE A CRIAÇÃO E A MANUTENÇÃO DE ESPAÇOS FÍSICOS RESERVADOS À MEDITAÇÃO E/OU REFLEXÃO RELIGIOSA NOS ESTABELECIMENTOS DA REDE PÚBLICA E PRIVADA DE ENSINO NO ÂMBITO DO MUNICÍPIO DE SÃO PAULO, E DÁ OUTRAS PROVIDÊNCIAS."
709010,PL 785/2024,PL,785,2024,"INSERE ALÍNEA ‘M’, NO INCISO II, DO ARTIGO 18 DA LEI Nº 6.989/66 QUE DISPÕE SOBRE O SISTEMA TRIBUTÁRIO DO MUNICÍPIO DE SÃO PAULO, E DÁ OUTRAS PROVIDÊNCIAS, ISENTANDO AS ORGANIZAÇÕES DA SOCIEDADE CIVIL (OSCS) DO IMPOSTO PREDIAL E TERRITORIAL URBANO (IPTU)."
709173,PL 788/2024,PL,788,2024,"DENOMINA RUA ENG. CIRO TUTTOILMONDO NETO, O ESPAÇO PÚBLICO INOMINADO LOCALIZADO NA ALTURA DO Nº 347 DA AV. SAPOPEMBA."
709252,PL 789/2024,PL,789,2024,"ALTERA PARA RUA ROSA MARIA DA SILVA A ÁREA PÚBLICA HOJE NOMINADA COMO RUA PARTICULAR, LOCALIZADA NO BAIRRO COLÔNIA, ZONA LESTE-, SÃO PAULO-SP, 04892-175."
709378,PL 790/2024,PL,790,2024,DENOMINA-SE COMO PRAÇA SILVAL ROSA O ESPAÇO PÚBLICO INOMINADO SITUADO NA CONFLUÊNCIA DA RUA CAP. JÚLIO ALFREDO MONTES COM A RUA CRUÇAI NO BAIRRO DO IPIRANGA-SP.
709549,PL 791/2024,PL,791,2024,INSTITUI A SEMANA DOS POVOS CIGANOS E DÁ OUTRAS PROVIDÊNCIAS.
709843,PL 792/2024,PL,792,2024,"ALTERA A LEI Nº 14.485, DE 19 DE JULHO DE 2007, PARA INCLUIR O “DIA DO DOG WALKER” NO CALENDÁRIO OFICIAL DE EVENTOS DA CIDADE."
709982,PL 793/2024,PL,793,2024,DECLARA DE UTILIDADE PÚBLICA O INSTITUTO MARIA JOSÉ FONSECA DE BARROS - CASA DE MARIAS.
710063,PL 795/2024,PL,795,2024,DECLARA A FESTA DE COSME E DAMIÃO COMO PATRIMÔNIO IMATERIAL E CULTURAL DO MUNICÍPIO DE SÃO PAULO E DÁ OUTRAS PROVIDÊNCIAS.
710405,PL 798/2024,PL,798,2024,DISPÕE SOBRE A OBRIGATORIEDADE DE IMPLEMENTAÇÃO DE SALAS MULTISSENSORIAIS  NOS LOCAIS QUE ESPECIFICA PARA PESSOAS COM TRANSTORNO DO ESPECTRO AUTISTA (TEA) E OUTRAS NEURODIVERGÊNCIAS.
710408,PL 799/2024,PL,799,2024,"DISPÕE SOBRE A ALTERAÇÃO DO MAPA 2 CONSTANTE DO ART. 383, INCISO I, DA LEI MUNICIPAL Nº 16.050, DE 2014, BEM COMO ESTABELECE O ÓRGÃO COMPETENTE PARA A DEFINIÇÃO DA ÁREA BENEFICIÁRIA DE COMPENSAÇÃO AMBIENTAL."
710807,PR 34/2024,PR,34,2024,DISPÕE SOBRE A CRIAÇÃO DO PRÊMIO “JUVENTUDE NEGRA VIVA E LIVRE” E DÁ OUTRAS PROVIDÊNCIAS.
710824,PL 806/2024,PL,806,2024,DISPÕE SOBRE CRITÉRIOS DE LICITAÇÃO PARA EMPRESAS CONTRATADAS PELO MUNICÍPIO DE SÃO PAULO QUE NÃO UTILIZEM A ESCALA DE TRABALHO 6X1.
710932,PL 807/2024,PL,807,2024,"ALTERA A LEI 16.402, DE 22 DE MARÇO DE 2016, PARA INCLUIR AS UNIDADES ESCOLARES, PÚBLICAS OU PRIVADAS, NO ROL DE EXCEÇÕES DA PROIBIÇÃO DE EMISSÃO DE RUÍDOS QUANDO ESTIVEREM CUMPRINDO COMPONENTE CURRICULAR OBRIGATÓRIO DA EDUCAÇÃO FÍSICA."
710934,PL 808/2024,PL,808,2024,"DISPÕE SOBRE A OBRIGATORIEDADE DE CONSULTA POPULAR PARA A ANÁLISE DE PROPOSTAS DE REAJUSTE OU ALTERAÇÃO NAS REMUNERAÇÕES DOS VEREADORES DA CIDADE DE SÃO PAULO, E DÁ OUTRAS PROVIDÊNCIAS."
711328,PL 813/2024,PL,813,2024,"DECLARA COMO PATRIMÔNIO HISTÓRICO, SOCIAL, CULTURAL E DE LAZER A FEIRA DE ANTIGUIDADES DA PAULISTA, QUE SE REALIZA NO VÃO LIVRE DO MUSEU DE ARTE DE SÃO PAULO."
711329,PDL 127/2024,PDL,127,2024,"SUSTA O DESPACHO DO SR. PREFEITO, DE 1º DE NOVEMBRO DE 2024, PROCESSO SEI 6011.2023/0002019-3, QUE AUTORIZA A CONCESSÃO ADMINISTRATIVA DE USO AO MUSEU DE ARTE DE SÃO PAULO “ASSIS CHATEAUBRIAND” DA ÁREA DO VÃO LIVRE."
711482,PL 815/2024,PL,815,2024,"FICA PROIBIDO, AOS ESTUDANTES MATRICULADOS NAS ESCOLAS PÚBLICAS E PRIVADAS DO MUNICÍPIO DE SÃO PAULO, DURANTE O PERÍODO ESCOLAR, O USO DE CELULARES E DEMAIS DISPOSITIVOS ELETRÔNICOS E DÁ OUTRAS PROVIDÊNCIAS."
711549,PL 816/2024,PL,816,2024,"DENOMINA A TRAVESSA DA RUA R. CEL. JOSÉ VENÂNCIO DIAS, ALTURA DO Nº 840-A - VILA JARAGUÁ, SÃO PAULO - SP, 05160-030 COMO “RUA FERNANDO ALVES DOS SANTOS”."
711792,PL 817/2024,PL,817,2024,"DENOMINA A VIA COMPREENDIDA ENTRE A RUA ORLANDO VILAS BOAS, ALTURA DO Nº 37 E A RUA ANTÔNIO GONÇALVES VALIM, ALTURA DO Nº 326 - VILA JAGUARI, SÃO PAULO - SP, 05162-020 COMO “RUA ANTONIO LOPES”"
712350,PL 822/2024,PL,822,2024,DISPÕE SOBRE A CRIAÇÃO DE OUVIDORIA EXTERNA PARA A GUARDA CIVIL METROPOLITANA DA CIDADE DE SÃO PAULO E OUTRAS PROVIDÊNCIAS.
712386,PL 824/2024,PL,824,2024,"DISPÕE SOBRE ALTERAÇÃO DA CARGA HORÁRIA DO CARTÃO DE ESTACIONAMENTO ROTATIVO - ZONA AZUL, DE 1 (UMA) PARA 2 (DUAS) HORAS, EXCEPCIONALMENTE, NO EM TORNO DOS HOSPITAIS E POSTOS DE SAÚDE E CENTROS DE REFERÊNCIA DO MUNICÍPIO, DANDO AINDA OUTRAS PROVIDÊNCIAS."
712948,PL 830/2024,PL,830,2024,"ALTERA A LEI MUNICIPAL Nº DA LEI Nº 14.471, DE 10 DE JULHO DE 2007, PARA DECLARAR AS CIDADES DE HEFEI, FUZHOU, LANZHOU, GUIYANG, HAIKOU, SHIJIAZHUANG, HARBIN, ZHENGZHOU, CHANGSHA, NANJING, NANCHANG, CHANGCHUN, SHENYANG, XINING, XI'AN, JINAN, TAIYUAN, CHENGDU, KUNMING E HANGZHOU, LOCALIZADAS NA REPÚBLICA POPULAR DA CHINA, COMO CIDADES-IRMÃS DA CIDADE DE SÃO PAULO."
713235,PL 831/2024,PL,831,2024,"INSTITUI O “PROGRAMA REMÉDIO EM CASA”, COM O OBJETIVO DE ENVIAR DIRETAMENTE OS MEDICAMENTOS DE USO CONTINUO PARA CIDADÃOS EM TRATAMENTO E EM SITUAÇÃO DE VULNERABILIDADE, NO ÂMBITO DO MUNICÍPIO DE SÃO PAULO."
713236,PL 832/2024,PL,832,2024,"CRIA OS CENTROS DE ATENÇÃO PSICOSSOCIAL (CAPS) MÓVEIS NO MUNICÍPIO DE SÃO PAULO E, DÁ OUTRAS PROVIDÊNCIAS"""
713237,PL 833/2024,PL,833,2024,"“DENOMINA-SE CEI LUIZ DE OLIVEIRA SILVA, O CENTRO EDUCACIONAL INFANTIL, SITUADO NA SUBPREFEITURA DO BUTANTÃ, E DÁ OUTRAS PROVIDÊNCIAS”."
713304,PL 839/2024,PL,839,2024,"A ACADEMIA DE FORMAÇÃO EM SEGURANÇA URBANA DA GUARDA CIVIL METROPOLITANA, PASSA A SER DENOMINADA ACADEMIA DE FORMAÇÃO EM SEGURANÇA PÚBLICA COMANDANTE GERAL GILSON PEREIRA DE MENEZES"
713564,PL 846/2024,PL,846,2024,"CRIA A POLÍTICA DE INCENTIVO À PRODUÇÃO AGROECOLOGICA E ORGÂNICA POR PEQUENOS AGRICULTORES FAMILIARES NO MUNICÍPIO DE SÃO PAULO E, DÁ OUTRAS PROVIDÊNCIAS."
713565,PL 847/2024,PL,847,2024,"CRIA OS CENTROS DE ATENÇÃO PSICOSSOCIAL (CAPS) MÓVEIS NO MUNICÍPIO DE SÃO PAULO E, DÁ OUTRAS PROVIDÊNCIAS."
713972,PDL 133/2024,PDL,133,2024,"SUSTA, PARCIALMENTE, A INSTRUÇÃO NORMATIVA SME Nº 37, DE 09 DE DEZEMBRO DE 2024, QUE DISPÕE SOBRE O PROCESSO INICIAL DE ESCOLHA/ATRIBUIÇÃO DO MÓDULO DOCENTE AOS PROFESSORES DE EDUCAÇÃO INFANTIL E DE TURNOS DE TRABALHO AOS AUXILIARES DE DESENVOLVIMENTO INFANTIL, LOTADOS E/OU EM EXERCÍCIO NOS CENTROS DE EDUCAÇÃO INFANTIL E CENTROS MUNICIPAIS DE EDUCAÇÃO INFANTIL DA SECRETARIA MUNICIPAL DE EDUCAÇÃO, E DÁ OUTRAS PROVIDÊNCIAS."
714051,PL 857/2024,PL,857,2024,"ALTERA, NOS TERMOS DA LEI MUNICIPAL 14.454/2007, A DENOMINAÇÃO DA AVENIDA PRESIDENTE CASTELO BRANCO, QUE PASSARÁ A DENOMINAR-SE AVENIDA DA DEMOCRACIA E DÁ OUTRAS PROVIDÊNCIAS."
714270,PDL 134/2024,PDL,134,2024,"DISPÕE SOBRE A OUTORGA DE TÍTULO DE CIDADÃO PAULISTANO AO SR. NELSON RAMON AGUILERA JUNIOR, E DÁ OUTRAS PROVIDÊNCIAS."
714304,PL 892/2024,PL,892,2024,"DENOMINA PRAÇA ROBERTO SCHIOPPA, O LOGRADOURO SEM DENOMINAÇÃO, SITUADO NA CONFLUÊNCIA DAS RUAS MARIA AUGUSTA SARAIVA, EGITO E AVENIDA SANTO AMARO, SUBPREFEITURA DE PINHEIROS E DÁ OUTRAS PROVIDÊNCIAS"
714400,PL 893/2024,PL,893,2024,"DISPÕE AO PODER PÚBLICO, DA CONCESSÃO E GARANTIA PARA TODAS AS MULHERES, COM OU SEM GESTAÇÃO ANTERIOR, DO DIREITO DE ESCOLHA PELO MÉTODO CONTRACEPTIVO “MIRENA”, INDEPENDENTEMENTE DE REQUISITOS, POR SER UM PROCEDIMENTO QUE ALÉM DE PREVENIR A GESTAÇÃO NÃO PLANEJADA, TRAZ BENEFÍCIOS PARA A SAÚDE DA MULHER"
714431,PL 894/2024,PL,894,2024,"DENOMINA “BOULEVARD SÃO JUDAS TADEU”, O FUTURO ESPAÇO PÚBLICO LOCALIZADO NA ALAMEDA DOS GUAIÓS, ENTRE OS NÚMEROS 136 E 149 (CODLOG 082740), SITUADO NO BAIRRO DO PLANALTO PAULISTA, SUBPREFEITURA VILA MARIANA."
714465,PL 895/2024,PL,895,2024,"“DENOMINA-SE PRAÇA JOSÉ ARCANJO DE ARAÚJO, A PRAÇA LOCALIZADA ENTRE AS RUAS CÉSAR DOMENICO, Nº 85 E GIACOMO QUIRINO, Nº 791, E DÁ OUTRAS PROVIDÊNCIAS”."
714466,PL 896/2024,PL,896,2024,"DISPÕE SOBRE RENOMEAÇÃO DE LOGRADOUROS PÚBLICOS NO MUNICÍPIO DE SÃO PAULO, PRIORIZANDO A MEMÓRIA DEMOCRÁTICA E A REPARAÇÃO HISTÓRICA"
714472,PL 898/2024,PL,898,2024,"DISPÕE AO PODER PÚBLICO, DA INSERÇÃO E DISPONIBILIZAÇÃO DO MEDICAMENTO “UTROGESTAN” PARA TODAS AS MULHERES GESTANTES COM RISCO DE PARTO PREMATURO COMO AS COM DIAGNÓSTICOS COLO CURTO, INSUFICIÊNCIA CERVICAL NA GESTAÇÃO ATUAL OU HISTÓRIA PRÉVIA E AS DE GESTAÇÕES GEMELARES, POR SER UM MEDICAMENTO QUE PARA ESSE GRUPO EVITA O PARTO PREMATURO."
714524,PL 900/2024,PL,900,2024,"ALTERA A LEI 14.485, DE 19 DE JULHO DE 2007, PARA INCLUIR NO CALENDÁRIO OFICIAL DE EVENTOS DA CIDADE DE SÃO PAULO, O DIA DO CICLISMO PAULISTANO, A SER COMEMORADO ANUALMENTE NO SEGUNDO DOMINGO DO MÊS DE JULHO, E DÁ OUTRAS PROVIDÊNCIAS."
714533,PL 901/2024,PL,901,2024,"AUTORIZA A PREFEITURA A REALIZAR O FECHAMENTO TEMPORÁRIO DE VIAS PÚBLICAS PARA USO EXCLUSIVO DE CICLISTAS, EM PERÍODO ESPECÍFICO DA MADRUGADA, E DÁ OUTRAS PROVIDÊNCIAS."
714601,PDL 142/2024,PDL,142,2024,CONCEDE A MEDALHA ANCHIETA E O DIPLOMA DE GRATIDÃO DA CIDADE DE SÃO PAULO AO DESEMBARGADOR FERNANDO ANTONIO TORRES GARCIA
714631,PL 902/2024,PL,902,2024,INSTITUI A OBRIGATORIEDADE DA INSTALAÇÃO DE TEMPORIZADORES EM SEMÁFOROS NOS PRINCIPAIS CRUZAMENTOS E NAQUELES COM RADARES DE CONTROLE DE VELOCIDADE NO MUNICÍPIO DE SÃO PAULO E DÁ OUTRAS PROVIDÊNCIAS.
714826,PDL 143/2024,PDL,143,2024,DISPÕE SOBRE A OUTORGA DE TÍTULO DE CIDADÃ PAULISTANA A LINIKER DE BARROS FERREIRA CAMPOS E DÁ OUTRAS PROVIDÊNCIAS.
714967,PL 1/2025,PL,1,2025,DISPÕE SOBRE O ACRÉSCIMO DE FAIXA DE COBRANÇA DE IPTU DE MILIONÁRIOS COM DESTINAÇÃO DO RECURSO PARA O SISTEMA ÚNICO DE SAÚDE DO MUNICÍPIO DE SÃO PAULO.
715227,PL 5/2025,PL,5,2025,ESTABELECE O SEXO BIOLÓGICO COMO O ÚNICO CRITÉRIO PARA DEFINIÇÃO DO GÊNERO DE COMPETIDORES EM PARTIDAS ESPORTIVAS OFICIAIS DO MUNICÍPIO DE SÃO PAULO.
715228,PL 6/2025,PL,6,2025,"INSTITUI AULAS DE EDUCAÇÃO FINANCEIRA, EMPREENDEDORISMO E NOÇÕES BÁSICAS DE DIREITO EXTRACURRICULAR."
715632,PL 7/2025,PL,7,2025,PROÍBE A REALIZAÇÃO OU CUSTEIO DE QUAISQUER TRATAMENTOS OU PROCEDIMENTOS HORMONAIS E CIRÚRGICOS PARA A MUDANÇA DE GÊNERO EM MENORES DE DEZOITO ANOS NO ÂMBITO DO MUNICÍPIO DE SÃO PAULO E DÁ OUTRAS PROVIDÊNCIAS.
715651,PDL 1/2025,PDL,1,2025,"SUSTA, PARCIALMENTE, A INSTRUÇÃO NORMATIVA SME Nº 41, DE 16 DE DEZEMBRO DE 2024, QUE DISPÕE SOBRE O CALENDÁRIO DE ATIVIDADES PARA 2025 DAS UNIDADES EDUCACIONAIS DE  EDUCAÇÃO INFANTIL DIRETAS, INDIRETAS E PARCEIRAS, DE ENSINO FUNDAMENTAL, DE ENSINO FUNDAMENTAL E MÉDIO, DE EDUCAÇÃO DE JOVENS E ADULTOS E DAS ESCOLAS MUNICIPAIS DE EDUCAÇÃO BILÍNGUE PARA SURDOS DA REDE MUNICIPAL DE ENSINO"
715950,PL 8/2025,PL,8,2025,"ESTABELECE A INSTALAÇÃO DE BANHEIRO UNISSEX EM AMBIENTES COLETIVOS, PÚBLICOS OU PRIVADOS, E DA OUTRAS PROVIDÊNCIAS"
716300,PL 9/2025,PL,9,2025,"PROÍBE QUE A ADMINISTRAÇÃO PÚBLICA DIRETA E INDIRETA COMPRE PRODUTOS AGRÍCOLAS E PECUARISTAS ORIUNDOS DE TERRAS INVADIDAS OU DE MOVIMENTOS DE INVASÃO DE TERRA, NO ÂMBITO DO MUNICÍPIO DE SÃO PAULO."
716375,PL 10/2025,PL,10,2025,"ESTABELECE O FIM DA ESCALA DE TRABALHO 6X1 NAS TERCEIRIZAÇÕES, CONTRATAÇÕES DE OBRAS E SERVIÇOS, E NAS CELEBRAÇÕES DE PARCERIAS PÚBLICAS OU PRIVADAS REALIZADAS PELA ADMINISTRAÇÃO PÚBLICA DO MUNICÍPIO DE SÃO PAULO, E DÁ OUTRAS PROVIDÊNCIAS."
716547,PDL 2/2025,PDL,2,2025,"SUSTA A LEI Nº 18.221/2024, DE 27 DE DEZEMBRO DE 2024, QUE INTRODUZ ALTERAÇÕES NA LEGISLAÇÃO DE PESSOAL DO MUNICÍPIO DE SÃO PAULO, EM ESPECIAL NA LEI Nº 8.989, DE 29 DE OUTUBRO DE 1979, QUE DISPÕE SOBRE O ESTATUTO DOS FUNCIONÁRIOS PÚBLICOS DO MUNICÍPIO DE SÃO PAULO E OUTRAS."
717145,PL 11/2025,PL,11,2025,"DISPÕE SOBRE OS CRITÉRIOS DE CONTROLE DA EMISSÃO DE RUÍDOS POR VEÍCULOS AUTOMOTORES, CONSIDERANDO O INTERESSE LOCAL, NO MUNICÍPIO DE SÃO PAULO E DÁ OUTRAS PROVIDÊNCIAS."
717146,PR 4/2025,PR,4,2025,CRIA FRENTE PARLAMENTAR ANTIWOKE NO ÂMBITO DA CÂMARA MUNICIPAL DE SÃO PAULO.
717147,PR 5/2025,PR,5,2025,CRIA O PRÊMIO OLAVO DE CARVALHO DE DEFESA DA FAMÍLIA NO ÂMBITO DO MUNICÍPIO DE SÃO PAULO E DÁ OUTRAS PROVIDÊNCIAS.
718422,PL 15/2025,PL,15,2025,"DISPÕE SOBRE A DENOMINAÇÃO DA PRAÇA JOSÉ MARIA MARQUES, EM ESPAÇO PÚBLICO INOMINADO, NA RUA BOM JESUS DO MONTE, 467 - JARDIM MARÍLIA, SÃO PAULO - SP, 03579-000 E DÁ OUTRAS PROVIDÊNCIAS."
718959,PL 17/2025,PL,17,2025,"DISPÕE SOBRE A REGULAMENTAÇÃO DO SERVIÇO DE TRANSPORTE REMUNERADO PRIVADO INDIVIDUAL DE PASSAGEIROS EM MOTOCICLETAS INTERMEDIADO POR EMPRESAS OPERADORAS DE APLICATIVOS, E DÁ OUTRAS PROVIDÊNCIAS."
719155,PL 18/2025,PL,18,2025,DISPÕE SOBRE REGRAS DE REINTEGRAÇÃO DE POSSE NO MUNICÍPIO DE SÃO PAULO.
719309,PL 19/2025,PL,19,2025,AUTORIZA O PODER EXECUTIVO A IMPLANTAR O PROGRAMA MUNICIPAL DAS ESCOLAS CÍVICO-MILITARES JUNTO À REDE MUNICIPAL DE ENSINO DO MUNICÍPIO DE SÃO PAULO; CRIA A ESCOLA CÍVICO-MILITAR E DÁ OUTRAS PROVIDÊNCIAS.
720000,PL 21/2025,PL,21,2025,"DECRETA O ESTADO DE EMERGÊNCIA CLIMÁTICA NO MUNICÍPIO DE SÃO PAULO, ESTABELECE DIRETRIZES E AÇÕES PARA ENFRENTAMENTO DA SITUAÇÃO DE EMERGÊNCIA E DÁ OUTRAS PROVIDÊNCIAS"
720001,PL 22/2025,PL,22,2025,“ALTERA LEI 18.038 DE 8 DE DEZEMBRO DE 2023 PARA AUTORIZAR O PODER EXECUTIVO A  INCLUIR OS  PROFISSIONAIS DA GUARDA CIVIL METROPOLITANA NO SISTEMA DE GRATIFICAÇÃO CONCEDIDO AOS POLICIAIS CIVIS E MILITARES PELO CUMPRIMENTO DA OPERAÇÃO DELEGADA ENQUANTO OPERAM NA REGIÃO CENTRAL DA CIDADE.”
720320,PR 6/2025,PR,6,2025,CRIA A FRENTE PARLAMENTAR CONTRA A PRIVATIZAÇÃO DA EDUCAÇÃO NO MUNICÍPIO DE SÃO PAULO.
721426,PDL 3/2025,PDL,3,2025,DECLARA O SR. FERNANDO HADDAD PERSONA NON GRATA NO MUNICÍPIO DE SÃO PAULO
721552,PR 8/2025,PR,8,2025,"DISPÕE SOBRE A CRIAÇÃO, NO ÂMBITO DA CÂMARA MUNICIPAL DE SÃO PAULO, DA FRENTE PARLAMENTAR DE APOIO À IMPLEMENTAÇÃO DO PROGRAMA DAS ESCOLAS CÍVICO-MILITAR NO MUNICIPIO DE SÃO PAULO."
721553,PR 9/2025,PR,9,2025,"DISPÕE SOBRE A CRIAÇÃO, NO ÂMBITO DA CÂMARA MUNICIPAL DE SÃO PAULO, DA FRENTE PARLAMENTAR DE APOIO À VIDA E PREVENÇÃO AO SUICÍDIO."
721937,PL 31/2025,PL,31,2025,"DISCIPLINA O TRANSPORTE REMUNERADO DE PASSAGEIROS EM ÂMBITO LOCAL, PARA PROIBIR A OPERAÇÃO NA MODALIDADE “MOTO TÁXI” ATÉ QUE OS ÍNDICES DE MORTALIDADE NO TRÂNSITO ATINJAM, NO MÁXIMO, 4,5 POR CEM (100) MIL HABITANTES."
723870,PL 34/2025,PL,34,2025,"ALTERA A LEI Nº 14.485, DE 19 DE JULHO DE 2007, COM A FINALIDADE DE INCLUIR NO CALENDÁRIO OFICIAL DE EVENTOS DA CIDADE DE SÃO PAULO O “DIA DA FESTA DE DONA MARIA MULAMBO” NO MUNICÍPIO DE SÃO PAULO E DÁ OUTRAS PROVIDÊNCIAS"
724300,PL 38/2025,PL,38,2025,"PROÍBE EVENTOS PÚBLICOS DE APOIO, INCITAÇÃO OU APOLOGIA A ATOS PRATICADOS POR INDIVÍDUOS OU GRUPOS EXTREMISTAS QUE CONFIGUREM TERRORISMO OU CRIMES CONTRA A HUMANIDADE NO MUNICIPIO DE SÃO PAULO."
724355,PL 39/2025,PL,39,2025,ALTERA LEI N° 14.493 DE 9 DE AGOSTO DE 2007 PARA INCLUIR DANOS CAUSADOS POR ENCHENTES A VEÍCULOS AUTOMOTORES.
724483,PL 40/2025,PL,40,2025,DISPÕE SOBRE A PROIBIÇÃO DE HOMENAGENS A ESCRAVOCRATAS NO MUNICÍPIO DE SÃO PAULO E DÁ OUTRAS PROVIDÊNCIAS.
724571,PL 44/2025,PL,44,2025,"DISPÕE SOBRE A INSTALAÇÃO E O COMPARTILHAMENTO DE IMAGENS DE CÂMERAS DE SEGURANÇA NO ÂMBITO DO MUNICÍPIO DE SÃO 
PAULO E DÁ OUTRAS PROVIDÊNCIAS."
724572,PL 45/2025,PL,45,2025,"RESERVA ÀS PESSOAS TRANS E TRAVESTIS 5% (CINCO POR CENTO) DAS VAGAS OFERECIDAS NOS CURSOS E PROGRAMAS OFERECIDOS PELOS POLOS DE APOIO PRESENCIAL E PELA UNIVERSIDADE NOS CENTROS EDUCACIONAIS UNIFICADOS - UNICEU DO MUNICÍPIO DE SÃO PAULO, E DÁ OUTRAS PROVIDÊNCIAS."
724575,PL 48/2025,PL,48,2025,"ALTERA A LEI N° 14.485, DE 19 DE JULHO DE 2007, PARA INCLUIR NO CALENDÁRIO DE EVENTOS OFICIAL DO MUNICÍPIO DE SÃO PAULO, A ""MARCHA DO ORGULHO TRANS DA CIDADE DE SÃO PAULO"", A SER COMEMORADA ANUALMENTE NO DIA 31 DE MAIO, E DÁ OUTRAS PROVIDÊNCIAS."
724580,PL 50/2025,PL,50,2025,DISPÕE SOBRE A REALIZAÇÃO DE EVENTOS LGBTQIA+ NO MUNICÍPIO DE SÃO PAULO.
724581,PL 51/2025,PL,51,2025,ESTABELECE PRINCÍPIOS PARA ELABORAÇÃO DO PLANO MUNICIPAL DE SAÚDE DO MUNICÍPIO DE SÃO PAULO E DÁ OUTRAS PROVIDÊNCIAS.
724594,PL 52/2025,PL,52,2025,"ESTE PROJETO DE LEI CONCRETIZA A ABSOLUTA PRIORIDADE PARA A SAÚDE DAS CRIANÇAS, MEDIANTE A GARANTIA DE ATENDIMENTO POR PEDIATRA, SEJA NO ÂMBITO DOS ATENDIMENTOS FEITOS PELAS EQUIPES DE SAÚDE DA FAMÍLIA, SEJA NAS UNIDADES BÁSICAS DE SAÚDE, DENTRE OUTRAS PROVIDÊNCIAS."
724606,PL 53/2025,PL,53,2025,"AUTORIZA O PODER EXECUTIVO A ENCAMINHAR E/OU INTERNAR EM CENTROS DE REABILITAÇÃO, INDIVÍDUOS QUE NÃO SE ENCONTRAM EM SEU PLENO ESTADO DE SAÚDE MENTAL, DECORRENTE DO USO DE DROGAS E DÁ OUTRAS PROVIDÊNCIAS."
724618,PL 55/2025,PL,55,2025,DISPÕE SOBRE REGRAS DA NORMA CULTA DA LÍNGUA PORTUGUESA NO MUNICÍPIO DE SÃO PAULO.
724621,PL 57/2025,PL,57,2025,"INSTITUI A EXECUÇÃO DO HINO NACIONAL 
BRASILEIRO NAS ESCOLAS DA REDE MUNICIPAL DE 
ENSINO E DÁ OUTRAS PROVIDÊNCIAS."
724623,PL 58/2025,PL,58,2025,DECLARA PATRIMÔNIO CULTURAL E IMATERIAL A PARADA DO ORGULHO LGBT+ DE SÃO PAULO.
724624,PL 59/2025,PL,59,2025,AUTORIZA O PODER EXECUTIVO A CRIAR NO MUNICÍPIO DE SÃO PAULO IDENTIFICAÇÃO ELETRÔNICA DE GRATUIDADE PARA AS CRIANÇAS 03 A 06 ANOS QUE SÃO DISPENSADAS DO PAGAMENTO DE PASSAGEM
724672,PR 14/2025,PR,14,2025,DISPÕE SOBRE A CRIAÇÃO DO FÓRUM MUNICIPAL DE DEFESA DA ESCOLA PÚBLICA.
724674,PL 61/2025,PL,61,2025,IMPLANTAÇÃO DE CÂMERAS CORPORAIS PARA SERVIDORES DE FISCALIZAÇÃO MUNICIPAL.
724675,PL 62/2025,PL,62,2025,DISPÕE SOBRE A TRANSFORMAÇÃO DO CEMITÉRIO DA VILA FORMOSA EM CEMITÉRIO VERTICAL E PARQUE.
724676,PL 63/2025,PL,63,2025,"DISPÕE SOBRE A CRIAÇÃO DO PROGRAMA MUNICIPAL DE FORTALECIMENTO DA CULTURA DE RUA E DA DESCENTRALIZAÇÃO CULTURAL, COM FOCO NAS PERIFERIAS DA CIDADE DE SÃO PAULO."
724679,PL 65/2025,PL,65,2025,"ALTERA A LEI Nº 14.485, DE 19 DE JANEIRO DE 2007, PARA INCLUIR O DIA DE IEMANJÁ, NO CALENDÁRIO OFICIAL DA CIDADE."
724689,PL 67/2025,PL,67,2025,"DISPÕE SOBRE O TETO DE VAGAS RESERVADAS EM EVENTOS, PROGRAMAS, FESTIVAIS, PROCESSOS SELETIVOS E CONCURSOS FINANCIADOS COM RECURSOS PÚBLICOS MUNICIPAIS, E DÁ OUTRAS PROVIDÊNCIAS."
724690,PL 68/2025,PL,68,2025,CRIA O RETIRO DOS ARTISTAS DE SÃO PAULO NO MUNICÍPIO DE SÃO PAULO.
724694,PL 70/2025,PL,70,2025,DENOMINA PRAÇA MANOEL PEREIRA DA SILVA O LOGRADOURO SITUADO NO PARQUE ARARIBA E DÁ OUTRAS PROVIDÊNCIAS.
724695,PL 71/2025,PL,71,2025,"DISPÕE SOBRE A DENOMINAÇÃO DA PRAÇA IARA CÉLIA REZENDE, EM ESPAÇO PÚBLICO INOMINADO, LOCALIZADO NA AV. TOMÁS LOPES DE CAMARGO, 656 - JARDIM ROMANO, SÃO PAULO - SP, 08191-230 E DÁ OUTRAS PROVIDÊNCIAS."
724696,PL 72/2025,PL,72,2025,"ESTABELECE A OBRIGATORIEDADE DE CONTRATAÇÃO DE SEGURO COM COBERTURA PARA ACIDENTES PESSOAIS DE PILOTOS, PASSAGEIROS E TERCEIROS POR TODOS APLICATIVOS DE TRANSPORTE QUE OPEREM O SERVIÇO DE MOTOTÁXI NO MUNICÍPIO DE SÃO PAULO."
724705,PL 76/2025,PL,76,2025,"AUTORIZA O PODER EXECUTIVO A EXONERAR SERVIDOR PÚBLICO, EFETIVO OU CARGO EM COMISSÃO, QUE PARTICIPE DE EVENTOS OU MANIFESTAÇÕES QUE APOIEM, INCITEM OU FAÇA APOLOGIA A ATOS QUE CONFIGUREM TERRORISMO OU CRIMES CONTRA A HUMANIDADE NO MUNICIPIO DE SÃO PAULO."
724709,PL 78/2025,PL,78,2025,DISPÕE  OBRIGATORIEDADE DE INSTALAÇÃO E MANUTENÇÃO DE TERMÔMETRO INDICANDO A TEMPERATURA AMBIENTE NOS VEÍCULOS DE TRANSPORTE COLETIVO (ÔNIBUS) E DÁ OUTRAS PROVIDÊNCIAS.
724714,PL 79/2025,PL,79,2025,"DISPÕE SOBRE A PROIBIÇÃO DE COMERCIALIZAÇÃO E O USO DE ESCAPAMENTOS PARA MOTOCICLETAS QUE PRODUZAM RUÍDOS ACIMA DO LIMITE MÁXIMO PERMITIDO, NO ÂMBITO DO MUNICÍPIO DE SÃO PAULO E DÁ OUTRAS PROVIDÊNCIAS."
724735,PL 86/2025,PL,86,2025,"INSTITUI MEDIDAS DE CONSCIENTIZAÇÃO E COMBATE À DEPRESSÃO INFANTIL, NA ADOLESCÊNCIA E NA JUVENTUDE."
724736,PL 87/2025,PL,87,2025,CRIA O PROGRAMA DE INCENTIVO À CONTRATAÇÃO DE PACIENTES RENAIS EM DIÁLISE E TRANSPLANTADOS.
724737,PL 88/2025,PL,88,2025,INSTITUI O PLANO DE ENSINO PARA IDENTIFICAÇÃO E COMBATE DE FAKE NEWS NAS ESCOLAS PÚBLICAS E PRIVADAS NO MUNICÍPIO DE SÃO PAULO.
724738,PL 89/2025,PL,89,2025,"INSTITUI O PRÊMIO “ESPORTE NAS ESCOLAS”, A SER CONCEDIDO, ANUALMENTE, AOS MELHORES ESTUDANTES ATLETAS DA EDUCAÇÃO BÁSICA PÚBLICA DE SÃO PAULO."
724740,PR 18/2025,PR,18,2025,"ALTERA O PARÁGRAFO ÚNICO DO ART. 374 E O ART. 377 DO REGIMENTO INTERNO DESTA CASA, RESOLUÇÃO N. 2 DE 26 DE ABRIL DE 1991."
724751,PR 19/2025,PR,19,2025,DISPÕE SOBRE A CRIAÇÃO DA FRENTE PARLAMENTAR DE PREVENÇÃO À VIOLÊNCIA CONTRA CRIANÇAS E ADOLESCENTES.
724753,PL 90/2025,PL,90,2025,"TORNA OBRIGATÓRIO O FORNECIMENTO DE ARROZ E FEIJÃO, AO MENOS UMA VEZ AO DIA, DURANTE TODOS OS DIAS LETIVOS, NA ALIMENTAÇÃO ESCOLAR NA REDE PÚBLICA DE ENSINO DO MUNICÍPIO."
724767,PL 92/2025,PL,92,2025,"VEDA A RESERVA DE VAGAS ESPECÍFICAS PARA PESSOAS ""TRANSGÊNERO"" EM CONCURSOS PÚBLICOS NO ÂMBITO DO MUNICÍPIO DE SÃO PAULO E DÁ OUTRAS PROVIDÊNCIAS"
724773,PL 93/2025,PL,93,2025,ESTABELECE DEVERES DAS ESCOLAS PÚBLICAS E PRIVADAS DO MUNICÍPIO DE SÃO PAULO E DÁ OUTRAS PROVIDÊNCIAS.
724819,PL 96/2025,PL,96,2025,"DISPÕE SOBRE A NECESSIDADE DE AUTORIZAÇÃO PRÉVIA POPULAR PARA PERMISSÃO DE DESFILES DE BLOCOS CARNAVALESCOS EM VIAS PÚBLICAS NO MUNICÍPIO DE SÃO PAULO, ALTERA DISPOSITIVO DA LEI Nº 16.402, DE 22 DE MARÇO DE 2016 E DA OUTRAS PROVIDÊNCIAS."
724882,PR 20/2025,PR,20,2025,CRIA A FRENTE PARLAMENTAR PRÓ-VIDA DESDE A CONCEPÇÃO.
724884,PL 98/2025,PL,98,2025,"DISPÕE SOBRE A VEDAÇÃO AO REPASSE FINANCEIRO ENTRE DIFERENTES RUBRICAS ORÇAMENTÁRIAS SEM JUSTIFICATIVA TÉCNICA E APROVAÇÃO, E DÁ OUTRAS PROVIDÊNCIAS."
724889,PL 99/2025,PL,99,2025,"DISPÕE SOBRE A OBRIGATORIEDADE DE DISPONIBILIZAÇÃO DE DATAS GRATUITAS PARA APRESENTAÇÕES ARTÍSTICAS EM EQUIPAMENTOS CULTURAIS PÚBLICOS MUNICIPAIS, E DÁ OUTRAS PROVIDÊNCIAS."
724890,PL 100/2025,PL,100,2025,DISPÕE SOBRE A PROIBIÇÃO DE REALIZAÇÃO DE EVENTOS PESSOAIS POR SERVIDORES PÚBLICOS EM ESPAÇOS CULTURAIS FINANCIADOS COM RECURSOS DA ADMINISTRAÇÃO PÚBLICA MUNICIPAL E DÁ OUTRAS PROVIDÊNCIAS.
724891,PL 101/2025,PL,101,2025,"DISPÕE SOBRE A INABILITAÇÃO DE SECRETÁRIOS MUNICIPAIS POR INEXECUÇÃO ORÇAMENTÁRIA OU MÁ GESTÃO APURADA PELO TRIBUNAL DE CONTAS DO MUNICÍPIO, E DÁ OUTRAS PROVIDÊNCIAS."
724892,PL 102/2025,PL,102,2025,"DISPÕE SOBRE A VEDAÇÃO DE NOMEAÇÃO PARA CARGOS COMISSIONADOS NO ÂMBITO DA PREFEITURA E SEUS ÓRGÃOS VINCULADOS DE INDIVÍDUOS CONDENADOS POR IMPROBIDADE ADMINISTRATIVA, E DÁ OUTRAS PROVIDÊNCIAS."
724893,PL 103/2025,PL,103,2025,"INSTITUI O PROGRAMA DE AUXÍLIO CALAMIDADE CLIMÁTICA DA CIDADE DE SÃO PAULO, QUE DISPÕE SOBRE O
REPASSE DE RECURSOS VIA AUXÍLIO EMERGENCIAL, AUXÍLIO MOBILIÁRIO E AUXÍLIO EMPREENDEDOR(A) PARA PESSOAS E FAMÍLIAS VÍTIMAS DE DESASTRES E EVENTOS CLIMÁTICOS EXTREMOS, E DÁ OUTRAS PROVIDÊNCIAS."
725024,PL 107/2025,PL,107,2025,"DISPÕE AO PODER PÚBLICO, DA PROIBIÇÃO DE QUALQUER TIPO DE EMISSÃO DE AUTORIZAÇÃO E REALIZAÇÃO DE EVENTOS EM RUAS E ESPAÇOS PÚBLICOS NA CIDADE DE SÃO PAULO QUE CONTENHA A PRÁTICA DO “GRAU” POR MOTOCICLETAS."
725037,PL 110/2025,PL,110,2025,DISPÕE AO PODER PÚBLICO SOBRE A AMPLIAÇÃO DO PARQUE LINEAR IPIRANGUINHA E DÁ OUTRAS PROVIDÊNCIAS.
725038,PL 111/2025,PL,111,2025,"DISPÕE AO PODER PÚBLICO SOBRE A CRIAÇÃO DO PARQUE LINEAR RIACHO DO IPIRANGA DA AVENIDA TERESA CRISTINA, E DÁ OUTRAS PROVIDÊNCIAS."
725043,PL 112/2025,PL,112,2025,"DISPÕE SOBRE A ALTERAÇÃO DO ART. 43 DA LEI Nº 17.719/2021, QUE AUTORIZA A CRIAÇÃO PELO PODER EXECUTIVO DO CARTÃO EMERGENCIAL, A SER PAGO EM PARCELA ÚNICA NOS CASOS DE RISCO IMINENTE, DESASTRE, SITUAÇÃO DE CALAMIDADE PÚBLICA E EMERGÊNCIA CLIMÁTICA, E DÁ OUTRAS PROVIDÊNCIAS."
725050,PL 113/2025,PL,113,2025,"ALTERA REDAÇÃO DO ART. 146 LEI Nº 16.402, DE 22 DE MARÇO DE 2016, QUE DISCIPLINA O PARCELAMENTO, O USO E A OCUPAÇÃO DO SOLO NO MUNICÍPIO DE SÃO PAULO."
725061,PL 115/2025,PL,115,2025,"DISPÕE SOBRE A REVOGAÇÃO DA PORTARIA Nº 1 DE 31 DE JANEIRO DE 2024 DA EMPRESA DE CINEMA E AUDIOVISUAL DE SÃO PAULO S.A. (SPCINE), VEDA O ESTABELECIMENTO DE NOVOS ATOS NORMATIVOS NO MESMO SENTIDO, DETERMINA A REVISÃO DE FILMES EXCLUÍDOS DOS CIRCUITOS DA SPCINE E DÁ OUTRAS PROVIDÊNCIAS."
725063,PL 116/2025,PL,116,2025,"ALTERA A LEI 14.485, DE 19 DE JULHO DE 2007, COM A FINALIDADE DE INCLUIR NO CALENDÁRIO OFICIAL DE EVENTOS DA CIDADE DE SÃO PAULO O DIA DE COMBATE À CRISTOFOBIA NO MUNICÍPIO DE SÃO PAULO E DÁ OUTRAS PROVIDÊNCIAS."
725064,PL 117/2025,PL,117,2025,"ANISTIA MULTAS, APREENSÕES DE MOTOCICLETAS E DEMAIS SANÇÕES APLICADAS PELA PREFEITURA MUNICIPAL DE SÃO PAULO EM DECORRÊNCIA DE AUTUAÇÕES E APREENSÕES RELACIONADAS A UTILIZAÇÃO DE MOTOCICLETAS PARA A PRESTAÇÃO DO SERVIÇO DE TRANSPORTE INDIVIDUAL REMUNERADO DE PASSAGEIROS."
725090,PL 118/2025,PL,118,2025,"ALTERA A LEI Nº 14.485, DE 19 DE JULHO DE 2007, COM A FINALIDADE DE INCLUIR NO CALENDÁRIO OFICIAL DE EVENTOS DA CIDADE DE SÃO PAULO O “DIA DO BARBEIRO” NO MUNICÍPIO DE SÃO PAULO E DÁ OUTRAS PROVIDÊNCIAS"
725451,PL 120/2025,PL,120,2025,ESTA LEI DISPÕE SOBRE A CRIAÇÃO DO PROGRAMA MUNICIPAL DE MONITORAMENTO DA SAÚDE ESTUDANTIL (PROMOSE) NAS ESCOLAS DA REDE PÚBLICA MUNICIPAL E DÁ OUTRAS PROVIDÊNCIAS.
725455,PL 122/2025,PL,122,2025,"ALTERA A LEI Nº 14.485, DE 19 DE JULHO DE 2007, COM A FINALIDADE DE INCLUIR NO CALENDÁRIO OFICIAL DE EVENTOS DA CIDADE DE SÃO PAULO O “DIA DO NUTRICIONISTA” NO MUNICÍPIO DE SÃO PAULO E DÁ OUTRAS PROVIDÊNCIAS"
725495,PL 124/2025,PL,124,2025,ESTA LEI DISPÕE SOBRE A INSTALAÇÃO E MANUTENÇÃO DE GERADORES DE ENERGIA ELÉTRICA NAS UNIDADES BÁSICAS DE SAÚDE (UBS) E NAS UNIDADES DE PRONTO ATENDIMENTO E DÁ OUTRAS PROVIDÊNCIAS.
725596,PL 128/2025,PL,128,2025,DISPÕE SOBRE A GRATUIDADE NOS TRANSPORTES PÚBLICOS MUNICIPAIS PARA MÃES LACTANTES COM FILHO PREMATURO INTERNADO EM UNIDADE DE TERAPIA INTENSIVA NEONATAL NO MUNICÍPIO DE SÃO PAULO
725647,PL 129/2025,PL,129,2025,"ALTERA A LEI 16.612, DE 20 DE FEVEREIRO DE 2017 PARA MAJORAR O VALOR DAS MULTAS RELATIVAS A PICHAÇÕES"
725669,PL 130/2025,PL,130,2025,DISPÕE SOBRE A ISENÇÃO DE PAGAMENTOS AOS ESTUDANTES BOLSISTA DE INSTITUIÇÕES DE ENSINO PRIVADO NO SERVIÇO DE TRANSPORTE COLETIVO DE PASSAGEIROS NA CIDADE DE SÃO PAULO E DÁ OUTRAS PROVIDÊNCIAS.
725670,PL 131/2025,PL,131,2025,DISPÕE SOBRE A CRIAÇÃO DE AULAS TEMÁTICAS NO PERÍODO DE FÉRIAS ESCOLARES PARA CRIANÇAS DE 0 A 8 ANOS NA REDE PÚBLICA DE ENSINO DO MUNICÍPIO DE SÃO PAULO.
725672,PL 132/2025,PL,132,2025,"DISPÕE SOBRE A PRIORIZAÇÃO DE MEMBROS DA GUARDA CIVIL METROPOLITANA COM FORMAÇÃO MULTIDISCIPLINAR PARA O PREENCHIMENTO DE VAGAS NA CASA DE ATENÇÃO, ESTABELECE DIRETRIZES PARA A ESTRUTURAÇÃO E FUNCIONAMENTO DO SERVIÇO, REGULAMENTAÇÃO DO FUNCIONAMENTO DA CASA DE ATENÇÃO, PROMOVE A INTEGRAÇÃO DE EQUIPES MULTIPROFISSIONAIS, INCENTIVA PARCERIAS COM INSTITUIÇÕES DE ENSINO E ORGANIZAÇÕES DA SOCIEDADE CIVIL, E GARANTE TRANSPARÊNCIA E PARTICIPAÇÃO DA CORPORAÇÃO NA GESTÃO DO ATENDIMENTO."
725713,PR 23/2025,PR,23,2025,"DÁ NOVA REDAÇÃO AOS PARÁGRAFOS DO ARTIGO 38 E ACRESCENTA INCISO XV AO ARTIGO 47 DA RESOLUÇÃO N° 02, DE 26 DE ABRIL DE 1991, PARA CRIAR A COMISSÃO PERMANENTE EXTRAORDINÁRIA DE ENFRENTAMENTO DA CRISE CLIMÁTICA E PREVENÇÃO DE RISCOS."
725793,PL 136/2025,PL,136,2025,"DISPÕE SOBRE A CRIAÇÃO DO PROGRAMA “EMPRESA AMIGA DO ESPORTE E LAZER”, NO MUNICÍPIO DE SÃO PAULO, E DÁ OUTRAS PROVIDÊNCIAS"
725809,PL 138/2025,PL,138,2025,ASSEGURA TRANSPARÊNCIA NA FILA DA SAÚDE POR MEIO DA OBRIGATORIEDADE DA DIVULGAÇÃO DA ORDEM DE ESPERA DE PACIENTES QUE AGUARDAM A REALIZAÇÃO DE PROCEDIMENTOS OFERTADOS PELAS UNIDADES DO SISTEMA ÚNICO DE SAÚDE (SUS) NO MUNICÍPIO DE SÃO PAULO.
725811,PL 139/2025,PL,139,2025,ESTABELECE QUE AS MATERNIDADES PÚBLICAS MUNICIPAIS E OS MATERNIDADES PRIVADAS LOCALIZADAS NO MUNICÍPIO DE SÃO PAULO OFEREÇAM LEITO SEPARADO PARA AS MÃES DE NATIMORTO E MÃES COM ÓBITO FETAL
725831,PL 141/2025,PL,141,2025,"INSTITUI O ""PROGRAMA DE VALORIZAÇÃO DA VIDA” NO MUNICÍPIO DE SÃO PAULO E DÁ OUTRAS PROVIDÊNCIAS"
725850,PL 142/2025,PL,142,2025,"ALTERA A LEI 14.485, DE 19 DE JULHO DE 2007, COM A FINALIDADE DE INCLUIR NO CALENDÁRIO OFICIAL DE EVENTOS DA CIDADE DE SÃO PAULO SEMANA DA VALORIZAÇÃO DA VIDA NO MUNICÍPIO DE SÃO PAULO E DÁ OUTRAS PROVIDÊNCIAS."
725853,PL 143/2025,PL,143,2025,ESTABELECE DIRETRIZES PARA A PROMOÇÃO DE CONSCIENTIZAÇÃO SOBRE BONS TRATOS AOS ANIMAIS NA REDE DE ENSINO PÚBLICO E PRIVADO NO MUNICÍPIO DE SÃO PAULO.
725856,PL 144/2025,PL,144,2025,"TORNA OBRIGATÓRIA  A APRESENTAÇÃO DE BOLETIM DE  OCORRÊNCIA  QUE  ATESTE  A  VERACIDADE  DO  ESTUPRO, PARA REALIZAÇÃO DE ABORTO DECORRENTE DE VIOLÊNCIA  SEXUAL NO ÂMBITO DO MUNICÍPIO DE SÃO PAULO E DÁ  OUTRAS PROVIDÊNCIAS."
725858,PL 145/2025,PL,145,2025,DISPÕE SOBRE A IMPOSIÇÃO DE MULTA PARA A PRÁTICA DE MAUS-TRATOS CONTRA ANIMAIS E CRIA O FUNDO MUNICIPAL DE PROTEÇÃO ANIMAL - FUMUPA.
725865,PL 146/2025,PL,146,2025,DISPÕE SOBRE AFIXAÇÃO DE CARTAZES EDUCATIVOS ACERCA DOS PROCEDIMENTOS DE ABORTO NOS LOCAIS QUE ESPECIFICA E DÁ OUTRAS PROVIDÊNCIAS.
725867,PL 147/2025,PL,147,2025,DISPÕE SOBRE A OBRIGATORIEDADE DE INFORMAR AOS GENITORES OU RESPONSÁVEL LEGAL SOBRE O DIREITO DE EXPEDIR A DECLARAÇÃO DE ÓBITO EM CASOS DE ÓBITO FETAL NOS HOSPITAIS E MATERNIDADES DE SÃO PAULO E DÁ OUTRAS PROVIDÊNCIAS.
725952,PL 150/2025,PL,150,2025,"DISPÕE SOBRE A INSTALAÇÃO DE BEBEDOUROS PÚBLICOS COM ÁGUA POTÁVEL EM PRAÇAS, ESPAÇOS DE TRANSPORTE PÚBLICO COLETIVO E DEMAIS ESPAÇOS DE PÚBLICOS NO MUNICÍPIO DE SÃO PAULO."
725998,PL 152/2025,PL,152,2025,CRIA A GRATIFICAÇÃO DE ATENDIMENTO AO PÚBLICO NO ÂMBITO DO HOSPITAL DO SERVIDOR PÚBLICO MUNICIPAL
726191,PL 153/2025,PL,153,2025,"DISPÕE SOBRE A DENOMINAÇÃO DA PRAÇA AGENOR RAMOS DE BRITO, EM ESPAÇO PÚBLICO INOMINADO, LOCALIZADO NA RUA JABUTI MEMBECA, 47 - JARDIM BRASILIA, SÃO PAULO - SP, 35840-060 E DÁ OUTRAS PROVIDÊNCIAS."
726226,PL 155/2025,PL,155,2025,"DISPÕE SOBRE A FIXAÇÃO DE CARTAZES DE DIVULGAÇÃO DOS CANAIS DE CONTATO DO MINISTÉRIO PÚBLICO DO ESTADO DE SÃO PAULO, DA DEFENSORIA PÚBLICA DO ESTADO DE SÃO PAULO E DA OUVIDORIA DA POLÍCIA DO ESTADO DE SÃO PAULO PARA DENÚNCIAS DE VIOLAÇÕES DE DIREITOS EM OPERAÇÕES POLICIAIS NO ÂMBITO DO MUNICÍPIO DE SÃO PAULO."
726230,PL 157/2025,PL,157,2025,AUTORIZA O PODER PÚBLICO A IMPLANTAR E DISTRIBUIR MATERIAL INFORMATIVO DE CIVISMO A TODOS OS ALUNOS DAS INSTITUIÇÕES PÚBLICAS DE ENSINO NO PRIMEIRO DIA DE AULA DE CADA ANO LETIVO.
726277,PL 160/2025,PL,160,2025,"INSTITUI O PROGRAMA DE ACESSO CULTURAL GRATUITO E DIÁRIO PARA PESSOAS DE BAIXA RENDA E EM SITUAÇÃO DE VULNERABILIDADE SOCIAL NO MUNICÍPIO DE SÃO PAULO, E DÁ OUTRAS PROVIDÊNCIAS."
726278,PL 161/2025,PL,161,2025,"DISPÕE E REGULAMENTA SOBRE A JORNADA LABORAL DE TRABALHADORES TERCEIRIZADOS E SERVIDORES PÚBLICOS QUE EXERCEM SUAS FUNÇÕES AO AR LIVRE EM DIAS DE CALOR EXTREMO, ESTABELECENDO MEDIDAS PREVENTIVAS À SAÚDE DESSES TRABALHADORES."
726279,PL 162/2025,PL,162,2025,DISPÕE SOBRE A DESTINAÇÃO DE ORÇAMENTO MÍNIMO DAS SECRETARIAS E DEMAIS ÓRGÃOS MUNICIPAIS PARA AS FAVELAS DA CIDADE DE SÃO PAULO.
726342,PL 163/2025,PL,163,2025,"DISPÕE SOBRE A ISENÇÃO DE PAGAMENTO DE PREÇO PÚBLICO PARA EMISSÃO DA CERTIDÃO DE TEMPO DE CONTRIBUIÇÃO – CTC PARA EMPREGADOS PÚBLICOS, SERVIDORES ATIVOS, INATIVOS E PENSIONISTAS."
726348,PL 164/2025,PL,164,2025,"ALTERA A LEI Nº 14.485 DE 19 DE JULHO DE 2007, PARA INCLUIR NO CALENDÁRIO DE EVENTOS DA CIDADE DE SÃO PAULO O MÊS DE FEVEREIRO COMO O MÊS DE CONSCIENTIZAÇÃO AO LUTO PERINATAL E DÁ OUTRAS PROVIDÊNCIAS."
726396,PL 165/2025,PL,165,2025,"DISPÕE SOBRE A EXIGÊNCIA DE CERTIDÃO DE ANTECEDENTES CRIMINAIS E LAUDO TOXICOLÓGICO PERIÓDICOS AOS SERVIDORES PÚBLICOS QUE ATUEM DIRETAMENTE COM CRIANÇAS NO ÂMBITO DA ADMINISTRAÇÃO PÚBLICA NO MUNICÍPIO DE SÃO PAULO, E DÁ OUTRAS PROVIDÊNCIAS."
726398,PDL 4/2025,PDL,4,2025,DISPÕE SOBRE A OUTORGA DE SALVA DE PRATA AO SERPRO - SERVIÇO FEDERAL DE PROCESSAMENTO DE DADOS PELOS SEUS 60 (SESSENTA) ANOS DE ATUAÇÃO.
726406,PDL 5/2025,PDL,5,2025,"SUSTA, PARCIALMENTE, A INSTRUÇÃO NORMATIVA SME Nº 9, DE 13 DE FEVEREIRO DE 2025 QUE  DISPÕE SOBRE O CALENDÁRIO DE ATIVIDADES PARA 2025 DAS UNIDADES EDUCACIONAIS DE EDUCAÇÃO DA REDE MUNICIPAL DE ENSINO."
726544,PR 24/2025,PR,24,2025,DISPÕE SOBRE A CRIAÇÃO DA FRENTE PARLAMENTAR PELA PRIMEIRA INFÂNCIA.
726545,PL 166/2025,PL,166,2025,DISPÕE SOBRE CRITÉRIOS PARA A INSTALAÇÃO DE CÂMERAS DE VIGILÂNCIA EM LOGRADOUROS PÚBLICOS NO ÂMBITO DO PROGRAMA SMART SAMPA.
726691,PL 167/2025,PL,167,2025,"ALTERA A LEI Nº 14.485, DE 19 DE JULHO DE 2007, PARA INCLUIR O DIA DA JUVENTUDE CELEBRAI, NO CALENDÁRIO DE EVENTOS DO MUNICÍPIO DE SÃO PAULO, E DÁ OUTRAS PROVIDÊNCIAS."
726737,PL 168/2025,PL,168,2025,"DISPÕE SOBRE A OBRIGATORIEDADE DE IMPLANTAÇÃO DE UM PROGRAMA CONTRA O USO DE CIGARROS ELETRÔNICOS NAS ESCOLAS DE SÃO PAULO, DENOMINADO “ABRIL SEM CIGARRO ELETRÔNICO”."
726743,PL 169/2025,PL,169,2025,AUTORIZA O PODER EXECUTIVO A CRIAR O CENTRO ESPORTIVO/CLUBE ESCOLA NO DISTRITO DO JARDIM HELENA E DÁ OUTRAS PROVIDÊNCIAS.
726748,PL 170/2025,PL,170,2025,DISPÕE SOBRE A CRIAÇÃO DE UM SISTEMA ÚNICO DE SAÚDE PARA ANIMAIS DE ESTIMAÇÃO (SUSA) NO MUNICÍPIO DE SÃO PAULO.
726750,PL 171/2025,PL,171,2025,AUTORIZA O PODER EXECUTIVO A CRIAR A ESCOLA TÉCNICA MUNICIPAL DE FORMAÇÃO DE PROFISSIONAIS EM SAÚDE ANIMAL E DÁ OUTRAS PROVIDÊNCIAS.
726751,PL 172/2025,PL,172,2025,"INSTITUI A CRIAÇÃO E DENOMINAÇÃO DO PARQUE PET VILA ALPINA, UM ESPAÇO PÚBLICO DE LAZER PARA ANIMAIS DE ESTIMAÇÃO, NO BAIRRO VILA ALPINA, SÃO PAULO."
726755,PL 173/2025,PL,173,2025,"DISPÕE SOBRE A OBRIGATORIEDADE DA CRIAÇÃO DE 5 UNIDADES DE ENSINO ESPECIALIZADAS EM TADOMA PARA PESSOAS SURDO CEGAS, NO MUNICÍPIO DE SÃO PAULO."
726763,PL 174/2025,PL,174,2025,"ALTERA A LEI Nº 14.485, DE 19 DE JULHO DE 2007, COM A FINALIDADE DE INCLUIR NO CALENDÁRIO OFICIAL DE EVENTOS DA CIDADE DE SÃO PAULO O “DIA DO LOWTON” NO MUNICÍPIO DE SÃO PAULO E DÁ OUTRAS PROVIDÊNCIAS."
726815,PL 175/2025,PL,175,2025,"ALTERAM OS INCISOS XI E XLIII, DO ART. 19, SUPRIME O INCISO VII, DO ART. 20, SUPRIME O ART. 29, ALTERA O ART. 47, SUPRIMEM OS ART. 100, 101 E 102 E ALTERAM OS INCISOS I E II, DO ART. 155, TODOS DA LEI Nº 13.530, DE 14 DE MARÇO DE 2003. [ALTERA DISPOSITIVOS DO REGULAMENTO DISCIPLINAR DOS SERVIDORES DO QUADRO DOS PROFISSIONAIS DA GUARDA CIVIL METROPOLITANA]"
726889,PL 176/2025,PL,176,2025,"DISPÕE SOBRE O PLANO MUNICIPAL DA ARBORIZAÇÃO VIÁRIA DE SÃO PAULO, E DÁ OUTRAS PROVIDÊNCIAS."
727178,PL 180/2025,PL,180,2025,"INSTITUI ARENAS RADICAIS NO MUNICÍPIO DE SÃO PAULO PARA A PRÁTICA DE EMPINAR MOTOS E REALIZAÇÃO DE EVENTOS DE SHOWS DE CARRO, INCLUINDO ARRANCADAS, E DÁ OUTRAS PROVIDÊNCIAS."
727195,PL 181/2025,PL,181,2025,"“DISPÕE SOBRE A OBRIGATORIEDADE DA PRESENÇA DE UM TÉCNICO EM SAÚDE BUCAL (TSB) EM TODAS AS UNIDADES BÁSICAS DE SAÚDE (UBS), UNIDADES DE PRONTO ATENDIMENTO (UPAS) E DEMAIS ESTABELECIMENTOS PÚBLICOS DE SAÚDE NO MUNICÍPIO DE SÃO PAULO E DÁ OUTRAS PROVIDÊNCIAS.”"
727281,PL 183/2025,PL,183,2025,"DENOMINA PRAÇA MANUEL RECENA QUEVEDO, A PRAÇA INOMINADA LOCALIZADA NO ENTRONCAMENTO DAS AVENIDAS ENGENHEIRO GEORGE CORBISTER E A AVENIDA GENERAL VALDOMIRO DE LIMA"
727304,PL 184/2025,PL,184,2025,DISPÕE SOBRE A DISPONIBILIZAÇÃO DE CADEIRAS DE RODAS NOS TERMINAIS RODOVIÁRIOS DO MUNICÍPIO DE SÃO PAULO.
727321,PL 185/2025,PL,185,2025,"DENOMINA A PRAÇA INOMINADA, SITUADA NA ESQUINA ENTRE RUA FRANCISCO COELHO, JARDIM SANTO ELIAS - CEP: 05136-030 COM PASSAGEM SUB. FANDI CHAFIC KALIL, DE PRAÇA LUANA BARBOSA DOS REIS"
727325,PR 28/2025,PR,28,2025,INSTITUI A FRENTE PARLAMENTAR DO FÓRUM DOS CONSELHOS DE SAÚDE DA CIDADE SÃO PAULO E DÁ OUTRAS PROVIDÊNCIAS
727400,PL 186/2025,PL,186,2025,DISPÕE SOBRE A CRIAÇÃO DO PROGRAMA DE APOIO AOS JOVENS COM CÂNCER EM SITUAÇÃO DE VULNERABILIDADE SOCIAL NO MUNICÍPIO DE SÃO PAULO.
727432,PL 187/2025,PL,187,2025,"ACRESCENTA O INCISO X  AO ARTIGO 1° DA LEI Nº 15.776/2013, COM A FINALIDADE DE PROIBIR MANIFESTAÇÕES DE NUDEZ OU APRESENTAÇÕES DE CUNHO SEXUAL DE ARTISTAS DE RUA NOS LOGRADOUROS PÚBLICOS DO MUNICÍPIO DE SÃO PAULO"
727433,PL 188/2025,PL,188,2025,INSTITUI A SEMANA DE AÇÃO PELA SAÚDE DAS MÃES ATÍPICAS – MUTIRÃO DE EXAMES E APOIO INTEGRAL NAS UNIDADES BÁSICAS DE SAÚDE DA CIDADE DE SÃO PAULO.
727441,PL 191/2025,PL,191,2025,"DISPÕE SOBRE A INCLUSÃO DOS SERVIDORES PÚBLICOS MUNICIPAIS NA PRIORIDADE DE ACESSO À VACINAÇÃO CONTRA A DENGUE NO MUNICÍPIO DE SÃO PAULO, E DÁ OUTRAS PROVIDÊNCIAS."
727547,PL 194/2025,PL,194,2025,"ALTERA A LEI Nº 14.485, DE 19 DE JULHO DE 2007, PARA INCLUIR NO CALENDÁRIO DE EVENTOS DO MUNICÍPIO DE SÃO PAULO, O DIA DA FESTA JUNINA DA PARÓQUIA NOSSA SENHORA DA CONCEIÇÃO - PRAÇA SILVIO ROMERO - TATUAPÉ, DANDO AINDA OUTRAS PROVIDÊNCIAS."
727552,PL 196/2025,PL,196,2025,"DISPÕE SOBRE A IDENTIFICAÇÃO DE ENTREGADORES E VEÍCULOS DE ENTREGA POR MEIO DE QR CODE VINCULADO AO SISTEMA SMARTSAMPA, VISANDO O AUMENTO DA SEGURANÇA PÚBLICA."
727553,PL 197/2025,PL,197,2025,"INSTITUI MEDIDAS EMERGENCIAIS E PERMANENTES PARA O ENFRENTAMENTO DE ALAGAMENTOS, INUNDAÇÕES E OUTROS DANOS CAUSADOS POR CHUVAS INTENSAS NA CIDADE DE SÃO PAULO E DÁ OUTRAS PROVIDÊNCIAS."
727690,PL 203/2025,PL,203,2025,"DISPÕE AO PODER PÚBLICO A GARANTIA DE ISENÇÃO DO PAGAMENTO DE TAXAS DE INSCRIÇÃO EM CONCURSOS PÚBLICOS, PROCESSOS SELETIVOS MUNICIPAIS E VESTIBULARES PARA AS MULHERES DOADORAS DE LEITE MATERNO."
727706,PL 206/2025,PL,206,2025,"INSTITUI A OBRIGATORIEDADE DA INSTALAÇÃO DE SISTEMAS DE CLIMATIZAÇÃO, INCLUINDO APARELHOS DE AR CONDICIONADO, NAS SALAS DE AULA DAS ESCOLAS PÚBLICAS MUNICIPAIS, E DÁ OUTRAS PROVIDÊNCIAS."
727708,PL 207/2025,PL,207,2025,"DETERMINA A DISTRIBUIÇÃO DE ÁGUA POTÁVEL DE FORMA GRATUITA, PELO PODER PÚBLICO, PARA A POPULAÇÃO VÍTIMA DE ENCHENTES NO MUNICÍPIO DE SÃO PAULO."
727709,PL 208/2025,PL,208,2025,"ALTERA A LEI  Nº 16.050,  DE   31   DE   JULHO   DE   2014, QUE “APROVA A POLÍTICA DE DESENVOLVIMENTO URBANO E O PLANO DIRETOR ESTRATÉGICO DO MUNICÍPIO DE SÃO PAULO E REVOGA A LEI Nº 13.430/2002.”"
727774,PL 210/2025,PL,210,2025,"INSTITUI O PLANO EMERGENCIAL DE ADAPTAÇÃO CLIMÁTICA NOS CEIS, EMEIS, EMEFS, EMIAS E CEUS DO MUNICÍPIO DE SÃO PAULO E DÁ AS DEVIDAS PROVIDÊNCIAS."
727957,PL 211/2025,PL,211,2025,LIMITA O NÚMERO DE CRIAS POR MATRIZ NA CRIAÇÃO COMERCIAL DE CANÍDEOS E FELÍDEOS NO MUNICÍPIO DE SÃO PAULO E DÁ OUTRAS PROVIDÊNCIAS.
727962,PL 212/2025,PL,212,2025,PROÍBE A CRIAÇÃO E A VENDA DE ANIMAIS DE ESTIMAÇÃO CUJOS CRUZAMENTOS GENÉTICOS PROVOQUEM PREJUÍZOS À SAÚDE E AO BEM-ESTAR DA PROLE.
727964,PL 213/2025,PL,213,2025,PROÍBE O USO DE COMPARTIMENTOS ARTIFICIAIS COM A FINALIDADE DE FORÇAR O COITO DE ANIMAIS DE ESTIMAÇÃO PARA FINS COMERCIAIS NO MUNICÍPIO DE SÃO PAULO.
727971,PL 216/2025,PL,216,2025,ESTABELECE DIRETRIZES PARA ASSEGURAR PROTEÇÃO E ACOLHIMENTO A ANIMAIS DE ESTIMAÇÃO RESGATADOS EM VIRTUDE DE DESASTRES CLIMÁTICOS E AMBIENTAIS.
728034,PL 219/2025,PL,219,2025,INSTITUI A LICENÇA-PATERNIDADE DE 20 (VINTE) DIAS CONSECUTIVOS PARA OS GUARDAS CIVIS MUNICIPAIS DA CIDADE DE SÃO PAULO.
728042,PL 220/2025,PL,220,2025,"DISPÕE, NO MUNICÍPIO DE SÃO PAULO, SOBRE O PROGRAMA “OLHO VIVO - INSTALE SUA CÂMERA” E DÁ OUTRAS PROVIDÊNCIAS."
728043,PL 221/2025,PL,221,2025,"ALTERA O INCISO IV, DO ART. 3º, O INCISO VII, DO ART. 5º, O ART. 15, E ACRESCENTA O § 2º, NO ART. 15, DA LEI 13.396, DE 26 DE JULHO DE 2002."
728047,PL 223/2025,PL,223,2025,CRIA O PROGRAMA EMBAIXADORES AMBIENTAIS COMO PROGRAMA DE EDUCAÇÃO SOCIOAMBIENTAL NA REDE PÚBLICA MUNICIPAL DE SÃO PAULO.
728049,PL 224/2025,PL,224,2025,DISPÕE SOBRE AS BASES PARA ELABORAÇÃO DA “POLÍTICA MUNICIPAL DE ATENÇÃO ÀS EMERGÊNCIAS CLIMÁTICAS E O COMBATE AO RACISMO AMBIENTAL” NO MUNICÍPIO DE SÃO PAULO E DÁ OUTRAS PROVIDÊNCIAS.
728052,PL 225/2025,PL,225,2025,DISPÕE SOBRE A OBRIGATORIEDADE DE CÂMERAS CORPORAIS PELA GUARDA CIVIL METROPOLITANA NO MUNICÍPIO DE SÃO PAULO E OUTRAS PROVIDÊNCIAS.
728071,PR 31/2025,PR,31,2025,CRIA A FRENTE PARLAMENTAR CONTRA A ESCALA 6X1.
728076,PL 228/2025,PL,228,2025,PROÍBE O FINANCIAMENTO PÚBLICO A ESCOLAS DE SAMBA E APRESENTAÇÕES ARTÍSTICAS QUE PROMOVAM INTOLERÂNCIA RELIGIOSA E DÁ OUTRAS PROVIDÊNCIAS.
728229,PL 229/2025,PL,229,2025,"DENOMINA-SE PRAÇA JOSÉ ARCANJO DE ARAÚJO, A PRAÇA LOCALIZADA ENTRE AS RUAS CÉSAR DOMENICO, Nº 85 E GIACOMO QUIRINO, Nº 791, E DÁ OUTRAS PROVIDÊNCIAS"
728271,PL 230/2025,PL,230,2025,"DISPÕE AO PODER PÚBLICO, DO ESTABELECIMENTO PARA QUE AS SALAS UTILIZADAS PARA SESSÕES DE TERAPIAS E FISIOTERAPIAS NO TRATAMENTO DE PESSOAS COM O TRANSTORNO DO ESPECTRO AUTISTA, DEFICIÊNCIA INTELECTUAL E MÚLTIPLA SEJAM FECHADAS COM VIDRO OU ALGUM MEIO QUE FACILITE O ACOMPANHAMENTO, SEM ATRAPALHAR AS SESSÕES, E DÁ OUTRAS PROVIDÊNCIAS."
728314,PL 235/2025,PL,235,2025,"ALTERA A LEI Nº 14.977, DE 11 DE SETEMBRO DE 2009, PARA INCENTIVAR O USO DE BICICLETAS PELOS POLICIAIS MILITARES E CIVIS QUE EXERCEM ATIVIDADE MUNICIPAL DELEGADA AO ESTADO DE SÃO PAULO POR MEIO DE CONVÊNIO CELEBRADO COM O MUNICÍPIO DE SÃO PAULO."
728315,PDL 11/2025,PDL,11,2025,"SUSTA A APLICABILIDADE DO COMUNICADO 137/2024, DE 20/06/2024, EDITADO POR COGEP/DRH/DEH E DO DECRETO MUNICIPAL N.º 61.242 DE 20 DE ABRIL DE 2022 AOS PROFISSIONAIS DA EDUCAÇÃO, VINCULADOS À SECRETARIA MUNICIPAL DE EDUCAÇÃO – SME, DISCIPLINADOS PELA LEI MUNICIPAL N.º 14.660, DE 26 DE DEZEMBRO DE 2007"
728316,PL 236/2025,PL,236,2025,"DISPÕE SOBRE A INSTALAÇÃO, FUNCIONAMENTO E FISCALIZAÇÃO DE ESTABELECIMENTOS DENOMINADOS FERRO-VELHO E DÁ OUTRAS PROVIDÊNCIAS."
728318,PL 237/2025,PL,237,2025,"DISPÕE SOBRE A PROIBIÇÃO DE VASOS DE PLANTAS E SIMILARES NAS ESCOLAS MUNICIPAIS DE SÃO PAULO PARA EVITAR A PROLIFERAÇÃO DO MOSQUITO AEDES AEGYPTI, E DÁ OUTRAS PROVIDÊNCIAS."
728334,PL 239/2025,PL,239,2025,"DISPÕE SOBRE UMA DESTINAÇÃO MÍNIMA DE 5% DA RECEITA CORRENTE LÍQUIDA DO MUNICÍPIO DE SÃO PAULO PARA O FINANCIAMENTO DA POLÍTICA MUNICIPAL DE ASSISTÊNCIA SOCIAL, GARANTINDO A MANUTENÇÃO E AMPLIAÇÃO DA REDE SOCIOASSISTENCIAL, E DÁ OUTRAS PROVIDÊNCIAS."
728347,PL 241/2025,PL,241,2025,PROÍBE O CONFINAMENTO DE ANIMAIS NO MUNICÍPIO DE SÃO PAULO E DÁ OUTRAS PROVIDÊNCIAS.
728348,PL 242/2025,PL,242,2025,PROÍBE O ACORRENTAMENTO DE ANIMAIS DOMÉSTICOS NO MUNICÍPIO DE SÃO PAULO E DÁ OUTRAS PROVIDÊNCIAS.
728355,PL 243/2025,PL,243,2025,"DENOMINA “PRAÇA PASTOR ANTONIÊTO GRANGEIRO SOBRINHO”, O LOGRADOURO PÚBLICO INOMINADO, LOCALIZADO NA RUA FRANCISCO MANUEL BERANGER, EXISTENTE NO BAIRRO DE VILA FORMOSA, E DÁ OUTRAS PROVIDÊNCIAS."
728383,PL 244/2025,PL,244,2025,"ALTERA A DENOMINAÇÃO DA RUA DA GRAÇA, LOCALIZADA NO BAIRRO BOM RETIRO, CEP 01125-001, PARA RUA DA GRAÇA - FAMÍLIA BIBAS."
728418,PL 246/2025,PL,246,2025,"AUTORIZA A CRIAÇÃO DO POLO CULTURAL GASTRONÔMICO E TURÍSTICO DE PERUS, E DÁ OUTRAS PROVIDÊNCIAS."
728419,PL 247/2025,PL,247,2025,INCLUI NA RELAÇÃO MUNICIPAL DE MEDICAMENTOS (REMUME) PARA DISTRIBUIÇÃO GRATUITA AOS PORTADORES DE DIABETES MELLITUS (TIPO 1 E 2) O MEDIDOR CONTÍNUO DE GLICEMIA.
728421,PL 249/2025,PL,249,2025,"CRIA NOS CORREDORES DE MOTOCICLETAS, NAS VIAS MARGINAIS E AVENIDAS DO CENTRO/CENTRO EXPANDIDO DA CIDADE DE SÃO PAULO PONTOS DE REPOUSO E ASSISTÊNCIA AOS MOTOBOYS PARA DESCANSO, RECARGA DE CELULARES, HIDRATAÇÃO, ALIMENTAÇÃO E PROTEÇÃO DE CHUVAS E TEMPORAIS."
728423,PL 251/2025,PL,251,2025,"INSTITUI O PROGRAMA AINDA ESTAMOS AQUI, QUE DISPÕE SOBRE A ALTERAÇÃO DA DENOMINAÇÃO DE LOGRADOUROS E EQUIPAMENTOS PÚBLICOS QUE HOMENAGEIAM PESSOAS ASSOCIADAS À PRÁTICA DE GRAVES VIOLAÇÕES DE DIREITOS HUMANOS NO CONTEXTO DA DITADURA MILITAR, E DÁ OUTRAS PROVIDÊNCIAS."
728547,PL 253/2025,PL,253,2025,"INSTITUI O PROGRAMA MULHER VÍTIMA DE VIOLÊNCIA DOMÉSTICA “NUNCA MAIS”, NO MUNICÍPIO DE SÃO PAULO, E DÁ OUTRAS PROVIDÊNCIAS."
728764,PL 255/2025,PL,255,2025,INSTITUI  O PROGRAMA DE RESPEITO À  RELIGIÃO EM EVENTOS CULTURAIS NO MUNICÍPIO DE SÃO PAULO E DÁ OUTRAS PROVIDÊNCIAS.
728765,PR 33/2025,PR,33,2025,INSTITUI A PLATAFORMA DE SUGESTÕES LEGISLATIVAS NA CÂMARA MUNICIPAL DE SÃO PAULO.
728766,PL 256/2025,PL,256,2025,"DISPÕE SOBRE A INSTALAÇÃO DE REDES DE PROTEÇÃO EM UNIDADES HABITACIONAIS DESTINADAS A FAMÍLIAS COM PESSOAS COM DEFICIÊNCIA, CRIANÇAS DE ATÉ 12 (DOZE) ANOS E IDOSOS PROVENIENTES DE  PROGRAMAS HABITACIONAIS DA PREFEITURA DO MUNICÍPIO DE SÃO PAULO."
728767,PL 257/2025,PL,257,2025,DISPÕE SOBRE O ACESSO SIMPLIFICADO E UNIFICADO PARA DESBUROCRATIZAR OS PROCESSOS DE AUTOS DE INFRAÇÃO DOS ÓRGÃOS PÚBLICOS MUNICIPAIS DA CIDADE DE SÃO PAULO.
728768,PL 258/2025,PL,258,2025,"DISPÕE SOBRE A CRIAÇÃO, MANUTENÇÃO, PROTEÇÃO, REGRAS DE VISITAÇÃO E ATIVIDADES PERMITIDAS, BEM COMO A FISCALIZAÇÃO DE BOSQUES URBANOS NO MUNICÍPIO DE SÃO PAULO, EM CONSONÂNCIA COM A LEGISLAÇÃO AMBIENTAL FEDERAL E ESTADUAL, ESPECIALMENTE O SISTEMA NACIONAL DE UNIDADES DE CONSERVAÇÃO DA NATUREZA (LEI Nº 9.985, DE 18 DE JULHO DE 2000), O CÓDIGO FLORESTAL (LEI Nº 12.651, DE 25 DE MAIO DE 2012) E AS DIRETRIZES DO PLANO DIRETOR ESTRATÉGICO DO MUNICÍPIO DE SÃO PAULO."
728769,PL 259/2025,PL,259,2025,CRIA O SELO MUNICIPAL SUSTENTÁVEL PARA CONDOMÍNIOS RESIDENCIAIS QUE ADOTAM PRÁTICAS SUSTENTÁVEIS NO ÂMBITO DO MUNICÍPIO DE SÃO PAULO.
728770,PL 260/2025,PL,260,2025,"DISPÕE SOBRE A OPÇÃO DE “RETIRADA” NO PROTOCOLO E NA SISTEMATIZAÇÃO DA DISPENSAÇÃO DA FRALDA DESCARTÁVEL, DE CARÁTER SUPLEMENTAR, ÀS PESSOAS COM INCONTINÊNCIA URINÁRIA E/OU FECAL DA SECRETARIA MUNICIPAL DE SAÚDE - SMS."
728771,PL 261/2025,PL,261,2025,DISPÕE SOBRE O FORNECIMENTO DE RESULTADO DE EXAMES NAS UNIDADES BÁSICAS DE SAÚDE.
728940,PL 264/2025,PL,264,2025,DENOMINA NEWTON MARTINS PEREIRA O ESCADÃO LOCALIZADO NA RUA LAURO BENTO COM A RUA FRANKILN DO AMARAL (VIELA 1) E DÁ OUTRAS PROVIDÊNCIAS.
728941,PL 265/2025,PL,265,2025,"DENOMINA PRAÇA COMENDADOR SEBASTIÃO BRANDÃO O LOGRADOURO LOCALIZADO NA R. MAL. HASTIMPHILO DE MOURA X R. DR. JOSÉ DE ANDRADE FIGUEIRA, VILA SUZANA, CAMPO LIMPO, E DÁ OUTRAS PROVIDÊNCIAS."
728943,PL 266/2025,PL,266,2025,"INSTITUI O PROGRAMA MOVE MARIAS, QUE DISPÕE SOBRE A GRATUIDADE TEMPORÁRIA DAS TARIFAS DO TRANSPORTE COLETIVO ÀS PESSOAS EM SITUAÇÃO DE VIOLÊNCIA FAMILIAR E/OU DOMÉSTICA E SEUS DEPENDENTES, NO MUNICÍPIO DE SÃO PAULO, E DÁ OUTRAS PROVIDÊNCIAS."
728944,PL 267/2025,PL,267,2025,"INSTITUI AS PRATELEIRAS MARIA DA PENHA NAS ESCOLAS E BIBLIOTECAS MUNICIPAIS DE SÃO PAULO, E DÁ OUTRAS PROVIDÊNCIAS."
728946,PL 269/2025,PL,269,2025,"ACRESCENTA O INCISO VIII AO ARTIGO 138 DA LEI MUNICIPAL Nº 8.989 DE 29 DE OUTUBRO DE 1979, QUE DISPÕE SOBRE O ESTATUTO DOS FUNCIONÁRIOS PÚBLICOS DO MUNICÍPIO DE SÃO PAULO, PARA GARANTIR LICENÇA MENSTRUAL DE TRÊS DIAS CONSECUTIVOS, A CADA MÊS, PARA PESSOAS QUE COMPROVEM SINTOMAS GRAVES ASSOCIADOS AO FLUXO MENSTRUAL."
728948,PR 35/2025,PR,35,2025,INSTITUI A PROCURADORIA DA MULHER NO ÂMBITO DA CÂMARA MUNICIPAL DE SÃO PAULO E DÁ OUTRAS PROVIDÊNCIAS.
729106,PL 270/2025,PL,270,2025,"INSTITUI QUE AS UNIDADES BÁSICAS DE SAÚDE, AS UPAS (UNIDADES DE PRONTO ATENDIMENTO) E PRONTO SOCORRO DEVERÃO TER DISPONIBILIZADO AR CONDICIONADO EM SUAS UNIDADES, E DÁ OUTRAS PROVIDÊNCIAS."
729126,PL 271/2025,PL,271,2025,"INSTITUI O CADASTRO MUNICIPAL DE PESSOAS CONDENADAS POR CRIME DE MAUS-TRATOS AOS ANIMAIS E CRIA ESTRATÉGIA PARA QUE O AGRESSOR NÃO SE APROXIME DO ANIMAL, NO ÂMBITO DO MUNICÍPIO DE SÃO PAULO E DÁ OUTRAS PROVIDÊNCIAS."
729137,PL 272/2025,PL,272,2025,"ALTERA A LEI Nº 14.485, DE 19 DE JULHO DE 2007, COM A FINALIDADE DE INCLUIR NO CALENDÁRIO OFICIAL DE EVENTOS DA CIDADE DE SÃO PAULO O “ABRIL GRENÁ” NO MUNICÍPIO DE SÃO PAULO E DÁ OUTRAS PROVIDÊNCIAS."
729138,PL 273/2025,PL,273,2025,"ALTERA A LEI MUNICIPAL Nº 11.359, DE 17 DE MAIO DE 1993, QUE PROÍBE A REALIZAÇÃO DE RODEIOS, TOURADAS OU EVENTOS SIMILARES, E DÁ OUTRAS PROVIDÊNCIAS."
729152,PL 274/2025,PL,274,2025,"DISPÕE SOBRE A PROIBIÇÃO DE REALIZAÇÃO DE BLOCOS DE CARNAVAL DE RUA EM UM RAIO DE 1 KM (UM QUILÔMETRO) DE HOSPITAIS, TEMPLOS RELIGIOSOS, ASILOS E INSTITUIÇÕES EDUCACIONAIS, E INSTITUI MULTA PARA OS ORGANIZADORES EM CASO DE DESCUMPRIMENTO."
729157,PL 275/2025,PL,275,2025,"DISPÕE SOBRE A ALTERAÇÃO DO ARTIGO 43 DA LEI 17.719/2021, REFERENTE AO CARTÃO EMERGENCIAL PARA OS CASOS DE RISCO IMINENTE, DESASTRE OU SITUAÇÃO DE CALAMIDADE PÚBLICA."
729265,PL 276/2025,PL,276,2025,"DISPÕE SOBRE A CRIAÇÃO DO FUNDO EMERGENCIAL PARA ESCOLAS EM SITUAÇÕES DE DESASTRES CLIMÁTICOS NO MUNICÍPIO DE SÃO PAULO, E DÁ OUTRAS PROVIDÊNCIAS"
729288,PL 278/2025,PL,278,2025,ACRESCENTA À DENOMINAÇÃO DO VIADUTO SANTO AMARO O NOME PROFª LISETE ARELLARO.
729354,PL 281/2025,PL,281,2025,"DECLARA ""CIDADES IRMÃS"" AS CIDADES DE “MAR DEL PLATA” E SÃO PAULO, E DÁ OUTRAS PROVIDÊNCIAS."
729378,PLO 1/2025,PLO,1,2025,INSERE O PARÁGRAFO 3º NO ARTIGO 88 DA LEI ORGÂNICA DO MUNICÍPIO DE SÃO PAULO. [AUTORIZA PATRULHAMENTO OSTENSIVO DA GCM NOS HORÁRIOS E LOCAIS QUE ESPECIFICA]
729395,PL 282/2025,PL,282,2025,"FICA DENOMINADA COMO PRAÇA FERNANDO CELESTINO DA SILVA O LOGRADOURO PÚBLICO INOMINADO, LOCALIZADO NA ALTURA DO NUMERO 374 DA AVENIDA NACIONALISTA EM CONFLUÊNCIA COM A RUA EVARISTO PERCOSE, NO DISTRITO DA VILA RICA NA SUBPREFEITURA DE SAPOPEMBA."
729417,PR 37/2025,PR,37,2025,"ACRESCENTA O §2º AO ART. 5º DA RESOLUÇÃO Nº 02, DE 26 DE ABRIL DE 1991 – REGIMENTO INTERNO DA CÂMARA MUNICIPAL DE SÃO PAULO."
729419,PL 283/2025,PL,283,2025,DISPÕE SOBRE A CLIMATIZAÇÃO DAS UNIDADES ESCOLARES DA REDE MUNICIPAL DE ENSINO DO MUNICÍPIO DE SÃO PAULO E DÁ OUTRAS PROVIDÊNCIAS.
729452,PL 284/2025,PL,284,2025,"DISPÕE SOBRE A INCLUSÃO DA SEMANA MARIELLE FRANCO DE ENFRENTAMENTO À VIOLÊNCIA POLÍTICA CONTRA MULHERES NEGRAS, LGBTQIAPN+, QUILOMBOLAS E PERIFÉRICAS NO CALENDÁRIO OFICIAL DE EVENTOS DO MUNICÍPIO DE SÃO PAULO."
729647,PL 286/2025,PL,286,2025,DISPÕE SOBRE A FIXAÇÃO DE CARTAZES EDUCATIVOS SOBRE A IDENTIDADE DE GÊNERO DE CRIANÇAS TRANS NOS LOCAIS QUE ESPECIFICA E DÁ OUTRAS PROVIDÊNCIAS.
729714,PL 288/2025,PL,288,2025,"DISPÕE SOBRE A CRIAÇÃO DO PLANO MUNICIPAL DE ATENÇÃO À DOENÇA VIRAL MPOX, CAUSADA PELO VÍRUS MPXV, E DÁ OUTRAS PROVIDÊNCIAS."
729740,PL 291/2025,PL,291,2025,"ALTERA A LEI Nº 14.485, DE 19 DE JULHO DE 2007, COM A FINALIDADE DE INCLUIR NO CALENDÁRIO OFICIAL DE EVENTOS DA CIDADE DE SÃO PAULO O “DIA DO RADIOLOGISTA” NO MUNICÍPIO DE SÃO PAULO E DÁ OUTRAS PROVIDÊNCIAS."
729797,PL 292/2025,PL,292,2025,ALTERA A LEI 14.485 DE 19 DE JULHO DE 2007 PARA INCLUIR NO CALENDÁRIO DE EVENTOS DA CIDADE DE SÃO PAULO O DIA DO HERÓI E HEROÍNA DA POLÍCIA MUNICIPAL DA CIDADE DE SÃO PAULO
730043,PL 296/2025,PL,296,2025,"ALTERA A LEI Nº 14.485, DE 19 DE JULHO DE 2007, COM A FINALIDADE DE INCLUIR NO CALENDÁRIO OFICIAL DE EVENTOS DA CIDADE DE SÃO PAULO O “DIA DA BIOLOGIA” NO MUNICÍPIO DE SÃO PAULO E DÁ OUTRAS PROVIDÊNCIAS."
730058,PL 298/2025,PL,298,2025,"DISPÕE SOBRE A REGULAMENTAÇÃO PARA DISPONIBILIZAÇÃO E UTILIZAÇÃO DE INSTRUMENTOS DE MENOR POTENCIAL OFENSIVO (ARMA DE CHOQUE), PELO AGENTES MUNICIPAIS DE TRÂNSITO, DANDO AINDA OUTRAS PROVIDÊNCIAS."
730059,PL 299/2025,PL,299,2025,"DISPÕE SOBRE A OBRIGATORIEDADE DA PRESENÇA DE UM PROFISSIONAL DE FONOAUDIOLOGIA EM TODAS AS UNIDADES BÁSICAS DE SAÚDE (UBS), UNIDADES DE PRONTO ATENDIMENTO (UPAS) E DEMAIS ESTABELECIMENTOS PÚBLICOS DE SAÚDE NO MUNICÍPIO DE SÃO PAULO E DÁ OUTRAS PROVIDÊNCIAS."
730075,PL 302/2025,PL,302,2025,"ALTERA A LEI Nº 14.485, DE 19 DE JULHO DE 2007, COM A FINALIDADE DE INCLUIR NO CALENDÁRIO OFICIAL DE EVENTOS DA CIDADE DE SÃO PAULO O “DIA DA PSICOLOGIA” NO MUNICÍPIO DE SÃO PAULO E DÁ OUTRAS PROVIDÊNCIAS."
730212,PL 303/2025,PL,303,2025,"ALTERA A LEI Nº 12.546, DE 7 DE JANEIRO DE 1998, QUE DISPÕE SOBRE O CONSELHO MUNICIPAL DE SAÚDE, E DÁ OUTRAS PROVIDÊNCIAS."
730223,PL 304/2025,PL,304,2025,INSTITUI DIRETRIZES PARA O PROGRAMA DE PROTEÇÃO A DEFENSORAS E DEFENSORES DE DIREITOS HUMANOS NO MUNICÍPIO DE SÃO PAULO E DÁ OUTRAS PROVIDÊNCIAS.
730260,PL 306/2025,PL,306,2025,"DISPÕE SOBRE A ORGANIZAÇÃO, OS PRINCÍPIOS  E AS DIRETRIZES DA POLÍCIA MUNICIPAL E DÁ  OUTRAS PROVIDÊNCIAS."
730807,PDL 13/2025,PDL,13,2025,"ALTERA O DECRETO Nº 58.584, DE 20 DE DEZEMBRO DE 2018, QUE REGULAMENTA O RODÍZIO MUNICIPAL DE VEÍCULOS PARA PESSOAS COM DEFICIÊNCIA NO MUNICÍPIO DE SÃO PAULO, ESTENDENDO O PRAZO DE RENOVAÇÃO PARA 5 (CINCO) ANOS E DÁ OUTRAS PROVIDÊNCIAS."
731081,PL 308/2025,PL,308,2025,"ASSEGURA ÀS PESSOAS COM TRANSTORNOS DO NEURODESENVOLVIMENTO E DEFICIÊNCIAS OCULTAS O DIREITO À PRESTAÇÃO GRATUITA DO SERVIÇO DE TRANSPORTE COLETIVO MUNICIPAL, E DÁ OUTRAS PROVIDÊNCIAS."
731157,PL 309/2025,PL,309,2025,"ALTERA A LEI N° 8.394 DE 28 DE MAIO DE 1976 [AUTORIZA A CONSTITUIÇÃO DA COMPANHIA DE ENGENHARIA DE TRÁFEGO — CET, E DÁ OUTRAS PROVIDÊNCIAS.]"
731353,PL 310/2025,PL,310,2025,AUTORIZA O PODER EXECUTIVO A CELEBRAR CONVÊNIOS COM ORGANIZAÇÕES DA SOCIEDADE CIVIL PARA VIABILIZAR O RESGATE DE ANIMAIS DOMÉSTICOS EM CONDIÇÕES DE MAUS-TRATOS.
731354,PL 311/2025,PL,311,2025,PROÍBE O USO DE VIOLÊNCIA FÍSICA E PSICOLÓGICA NO ADESTRAMENTO DE ANIMAIS DOMÉSTICOS.
731355,PL 312/2025,PL,312,2025,"DISPÕE SOBRE A PROIBIÇÃO DE INTERRUPÇÃO DE ACOMPANHAMENTO EDUCACIONAL ESPECIALIZADO, TERAPIAS E TRATAMENTOS PARA TRANSTORNOS DO NEURODESENVOLVIMENTO POR MOTIVO DE IDADE."
731357,PL 314/2025,PL,314,2025,"ALTERA A LEI Nº 14.483, DE 16 DE JULHO DE 2007, PARA DETERMINAR NOVAS REGRAS PARA O EXERCÍCIO DAS ATIVIDADES DE CRIAÇÃO E COMERCIALIZAÇÃO DE ANIMAIS DE ESTIMAÇÃO."
731463,PL 315/2025,PL,315,2025,"DISPÕE SOBRE O PROGRAMA MUNICIPAL DE PECÚLIO ESPECIAL - PMPE, RELATIVAMENTE AOS POLICIAIS MUNICIPAIS DA ATIVA E APOSENTADOS DA CIDADE DE SÃO PAULO E DÁ OUTRAS PROVIDÊNCIAS."
731484,PR 38/2025,PR,38,2025,"DISPÕE SOBRE A CRIAÇÃO, NO ÂMBITO DA CÂMARA MUNICIPAL DE SÃO PAULO, DA FRENTE PARLAMENTAR EM DEFESA DA CULTURA DO HIP - HOP NA CIDADE DE SÃO PAULO, E DÁ OUTRAS PROVIDÊNCIAS."
731637,PL 317/2025,PL,317,2025,"DISPÕE SOBRE A PROIBIÇÃO DO CONSUMO DE MACONHA E SUBSTÂNCIAS ENTORPECENTES EM AMBIENTES DE USO COLETIVO, PÚBLICO OU PRIVADO, NO MUNICÍPIO DE SÃO PAULO, E DÁ OUTRAS PROVIDÊNCIAS."
731746,PL 318/2025,PL,318,2025,"DISPÕE SOBRE A UNIFICAÇÃO DOS BENEFÍCIOS SOCIAIS DA PREFEITURA DE SÃO PAULO E, DÁ OUTRAS PROVIDÊNCIAS."
731747,PL 319/2025,PL,319,2025,DISPÕE SOBRE A CRIAÇÃO DOS OASES– CENTROS INTEGRADOS DE EMPREGABILIDADE E DESENVOLVIMENTO PESSOAL NO MUNICÍPIO DE SÃO PAULO E DÁ OUTRAS PROVIDÊNCIAS.
731814,PL 322/2025,PL,322,2025,"DISPÕE SOBRE A PROIBIÇÃO DO PLANTIO DE ""TODAS AS ESPÉCIES FÍCUS"" NOS LOGRADOUROS PÚBLICOS MUNICIPAIS, E DÁ OUTRAS PROVIDÊNCIAS."
731815,PL 323/2025,PL,323,2025,DISPÕE SOBRE OBRIGATORIEDADE DE APRESENTAÇÃO DE LAUDO TÉCNICO DE MANUTENÇÃO PARA EDIFÍCIOS PÚBLICOS E PRIVADOS COM MAIS DE QUATRO PAVIMENTOS NO MUNICÍPIO DE SÃO PAULO E DÁ OUTRAS PROVIDÊNCIAS.
732293,PL 325/2025,PL,325,2025,DISPÕE SOBRE A RESERVA DE VAGAS PARA PESSOAS COM DEFICIÊNCIA OU NOS CURSOS DE QUALIFICAÇÃO PROFISSIONAL OFERECIDOS PELA ADMINISTRAÇÃO PÚBLICA DIRETA E INDIRETA DO MUNICÍPIO DE SÃO PAULO E DÁ OUTRAS PROVIDÊNCIAS.
732294,PL 326/2025,PL,326,2025,DISPÕE SOBRE O ACESSO DE CUIDADORES DE PESSOAS COM TRANSTORNO DO ESPECTRO AUTISTA A AÇÕES E SERVIÇOS DE SAÚDE MENTAL.
732492,PL 327/2025,PL,327,2025,DISPÕE SOBRE A OBRIGATORIEDADE DE TODOS OS ÓRGÃOS PÚBLICOS MUNICIPAIS DISPONIBILIZAREM TRADUTOR E INTÉRPRETE DE LIBRAS PARA ATENDIMENTO A PESSOAS SURDAS NO ÂMBITO DO MUNICÍPIO DE SÃO PAULO.
732692,PL 331/2025,PL,331,2025,DISPÕE SOBRE INCENTIVOS FISCAIS E PRIORIDADE EM PROGRAMAS HABITACIONAIS PARA PROPRIETÁRIOS DE IMÓVEIS DESAPROPRIADOS NO MUNICÍPIO DE SÃO PAULO.
732693,PL 332/2025,PL,332,2025,DISPÕE SOBRE O EXAME TOXICOLÓGICO URINÁRIO NO PROCEDIMENTO DE ATRIBUIÇÃO DE VAGAS NOS CONCURSOS MUNICIPAIS E DÁ OUTRAS PROVIDÊNCIAS.
732694,PL 333/2025,PL,333,2025,"DISPÕE SOBRE A INCLUSÃO EDUCACIONAL DE ESTUDANTES COM TRANSTORNO GLOBAL DO DESENVOLVIMENTO (TGD) E TRANSTORNOS DO NEURODESENVOLVIMENTO SEGUNDO O DSM-5, ESTABELECENDO MEDIDAS VIÁVEIS PARA SUA IMPLEMENTAÇÃO E DÁ OUTRAS PROVIDÊNCIAS."
732695,PL 334/2025,PL,334,2025,"ALTERA A LEI 14.485, DE 19 DE JULHO DE 2007, COM A FINALIDADE DE INCLUIR NO CALENDÁRIO OFICIAL DE EVENTOS DA CIDADE DE SÃO PAULO O “DIA DA LIBERDADE DE EXPRESSÃO” NO MUNICÍPIO DE SÃO PAULO E DÁ OUTRAS PROVIDÊNCIAS."
732742,PL 335/2025,PL,335,2025,"ALTERA A LEI Nº 14.063, DE 14 DE OUTUBRO DE 2005, QUE INSTITUI O SISTEMA DE AVALIAÇÃO DE APROVEITAMENTO ESCOLAR DOS ALUNOS DA REDE MUNICIPAL DE ENSINO DE SÃO PAULO, PARA INCLUIR NOVOS OBJETIVOS AO SISTEMA DE AVALIAÇÃO E  MODIFICAR A PERIODICIDADE DAS AVALIAÇÕES."
732743,PL 336/2025,PL,336,2025,"DISPÕE SOBRE A CRIAÇÃO E O INCENTIVO ÀS OLIMPÍADAS CIENTÍFICAS NAS ESCOLAS MUNICIPAIS DO 6º AO 9º ANO DO MUNICÍPIO DE SÃO PAULO, ESTABELECENDO A NOMEAÇÃO DE PROFESSORES ESPECIALIZADOS PARA AULAS PREPARATÓRIAS, UM PROGRAMA DE BOLSAS PARA ESTUDANTES MEDALHISTAS EM COMPETIÇÕES SELECIONADAS, E DÁ OUTRAS PROVIDÊNCIAS."
732777,PL 338/2025,PL,338,2025,"DISPÕE SOBRE A OBRIGATORIEDADE DE PLANTIO E CONSERVAÇÃO, PELO PODER PÚBLICO, DE NO MÍNIMO UMA ÁRVORE DE ESPÉCIE NATIVA EM FRENTE A CADA IMÓVEL PÚBLICO MUNICIPAL DE SÃO PAULO."
733040,PL 339/2025,PL,339,2025,"AUTORIZA O PODER EXECUTIVO A CRIAR, DENTRO DOS CENTROS DE ATENÇÃO PSICOSSOCIAL (CAPS), UM PROGRAMA DE REINTEGRAÇÃO AO MERCADO DE TRABALHO PARA PESSOAS EM PROCESSO DE REABILITAÇÃO E RECUPERAÇÃO DE DEPENDÊNCIA QUÍMICA E USO DE SUBSTÂNCIAS PSICOATIVAS."
733611,PL 340/2025,PL,340,2025,"ESTA LEI SUSTA OS ARTIGOS 3º, II, ALÍNEA F E 64 DO DECRETO Nº 58.199, DE 18 DE ABRIL DE 2018 [DISPÕE SOBRE A REORGANIZAÇÃO DA SECRETARIA MUNICIPAL DE SEGURANÇA URBANA, ALTERA A DENOMINAÇÃO E A LOTAÇÃO DOS CARGOS DE PROVIMENTO EM COMISSÃO E FUNÇÕES GRATIFICADAS QUE ESPECIFICA, BEM COMO INTRODUZ ALTERAÇÕES EM DISPOSITIVOS DOS DECRETOS Nº 52.649, DE 15 DE SETEMBRO DE 2011, Nº 55.003, DE 4 DE ABRIL DE 2014, Nº 42.819, DE 31 DE JANEIRO DE 2003, E Nº 50.945, DE 26 DE OUTUBRO DE 2009]. INSTITUI A CRIAÇÃO DA OUVIDORIA DA GUARDA CIVIL METROPOLITANA - POLÍCIA MUNICIPAL AUTÔNOMA, E DO CONSELHO MUNICIPAL DA SEGURANÇA URBANA (COMSU) E DÁ OUTRAS PROVIDÊNCIAS."
733627,PL 341/2025,PL,341,2025,DISPÕE SOBRE A CLIMATIZAÇÃO DAS ESCOLAS DA REDE PÚBLICA DE ENSINO NA CIDADE DE SÃO PAULO E DÁ OUTRAS PROVIDÊNCIAS.
733628,PL 342/2025,PL,342,2025,"DISPÕE SOBRE A PROIBIÇÃO DE EXIGÊNCIAS E COBRANÇAS PARA GUARDAR, ESTACIONAR OU VIGIAR VEÍCULO AUTOMOTOR ESTACIONADO EM VIA PÚBLICA, SEM AUTORIZAÇÃO DO PODER PÚBLICO MUNICIPAL OU FORA DAS HIPÓTESES PREVISTAS EM LEI NO ÂMBITO DO MUNICÍPIO DE SÃO PAULO."
733629,PL 343/2025,PL,343,2025,"PROÍBE A OUTORGA DE TÍTULOS, HONRARIAS, CONDECORAÇÕES, MEDALHAS, HOMENAGENS OU QUALQUER OUTRA FORMA DE RECONHECIMENTO OFICIAL NO ÂMBITO DO MUNICÍPIO DE SÃO PAULO PARA PESSOAS CONDENADAS POR CRIMES HEDIONDOS OU EQUIPARADOS."
733632,PL 344/2025,PL,344,2025,"DISPÕE SOBRE A PROIBIÇÃO DA COMERCIALIZAÇÃO E ENTREGA DE CIGARROS ELETRÔNICOS CONHECIDOS COMO “VAPE”, “POD” E SIMILARES PELAS PLATAFORMAS DIGITAIS DE DELIVERY E APLICATIVOS DE ENTREGA, E DÁ OUTRAS PROVIDÊNCIAS."
733633,PL 345/2025,PL,345,2025,"DISPÕE SOBRE A FIXAÇÃO DE CARTAZES EDUCATIVOS, SOBRE OS RISCOS DO USO DE CIGARROS ELETRÔNICOS, NOS LOCAIS QUE ESPECIFICA E DÁ OUTRAS PROVIDÊNCIAS."
733848,PL 347/2025,PL,347,2025,"ALTERA A LEI N° 10.032, DE 27 DE DEZEMBRO DE 1985, PARA DISPOR SOBRE A APRESENTAÇÃO DE RELATÓRIOS TRIMESTRAIS SOBRE O ANDAMENTO DE PROCESSOS PELO CONSELHO MUNICIPAL DE PRESERVAÇÃO DO PATRIMÔNIO HISTÓRICO, CULTURAL E AMBIENTAL DA CIDADE DE SÃO PAULO - CONPRESP, E DÁ OUTRAS PROVIDÊNCIAS."
733877,PL 348/2025,PL,348,2025,"INSTITUI O DIA MUNICIPAL DO DJ NO CALENDÁRIO OFICIAL DO MUNICÍPIO DE SÃO PAULO, E DÁ OUTRAS PROVIDÊNCIAS."
734160,PL 349/2025,PL,349,2025,"DISPÕE SOBRE O PROGRAMA RAÍZES LIVRES, QUE VISA LIBERTAR AS RAÍZES ARBÓREAS ASFIXIADAS POR CONTA DA PRÁTICA IRREGULAR DE CONCRETAGEM DA BASE DE ÁRVORES NA CIDADE DE SÃO PAULO."
734164,PL 350/2025,PL,350,2025,ESTABELECE DIRETRIZES PARA A POLÍTICA MUNICIPAL DE INCLUSÃO DE PESSOAS COM NANISMO.
734167,PL 352/2025,PL,352,2025,ALTERA A LEI N° 16.684 DE 10 DE JULHO DE 2017 E DÁ OUTRAS PROVIDÊNCIAS. [INCLUI PRÉDIOS RESIDENCIAIS COMO LOCAIS EM QUE A DIVULGAÇÃO DO DISQUE DENÚNCIA DA VIOLÊNCIA CONTRA A MULHER É OBRIGATÓRIA.]
734168,PL 353/2025,PL,353,2025,"DISPÕE SOBRE A REALIZAÇÃO DE TESTEGENÉTICO OBRIGATÓRIO PARA SÍNDROME DE PRADER-WILLI, NO MUNICÍPIO DE SÃO PAULO E DÁ OUTRAS PROVIDÊNCIAS."
734230,PL 355/2025,PL,355,2025,"INTRODUZ ALTERAÇÕES NA LEI Nº 16.703, DE 04 DE OUTUBRO DE 2017 [ALTERA DISPOSITIVOS DO PLANO MUNICIPAL DE DESESTATIZAÇÃO – PMD]."
734257,PL 356/2025,PL,356,2025,"DISPÕE SOBRE A INSTITUIÇÃO DA ALIMENTAÇÃO VEGANA SUSTENTÁVEL NAS INSTITUIÇÕES DE ENSINO, REPARTIÇÕES PÚBLICAS, HOSPITAIS, ENTIDADES E DEMAIS ÓRGÃOS MUNICIPAIS QUE FORNEÇAM REFEIÇÕES AOS FUNCIONÁRIOS PÚBLICOS DO MUNICÍPIO DE SÃO PAULO, E DÁ OUTRAS PROVIDÊNCIAS."
734354,PL 359/2025,PL,359,2025,DISPÕE SOBRE A INSTALAÇÃO DE LIXEIRAS SUBTERRÂNEAS NO MUNICÍPIO DE SÃO PAULO E DÁ OUTRAS PROVIDÊNCIAS.
734437,PL 361/2025,PL,361,2025,"ALTERA A DENOMINAÇÃO DO LOGRADOURO PÚBLICO MUNICIPAL DA RUA PRESIDENTE VARGAS, CODLOG 289248, PARA RUA HERÓIS DE 32."
734451,PL 362/2025,PL,362,2025,"RECONHECE AS CASAS E COMUNIDADES TRADICIONAIS DE MATRIZES AFRICANAS, INDÍGENAS E QUILOMBOLAS COMO ESPAÇOS DE SAÚDE, ASSISTÊNCIA, BEM-ESTAR E ACOLHIMENTO NO MUNICÍPIO DE SÃO PAULO, E DÁ OUTRAS PROVIDÊNCIAS."
734453,PL 363/2025,PL,363,2025,DISPÕE SOBRE PREFERÊNCIA DE VAGAS PARA CRIANÇAS FILHAS DE MULHERES VÍTIMAS DE VIOLÊNCIA DOMÉSTICA OU COM MEDIDA PROTETIVA NO ÂMBITO DA EDUCAÇÃO MUNICIPAL DA CIDADE DE SÃO PAULO.
734454,PL 364/2025,PL,364,2025,"ALTERA A LEI MUNICIPAL N° 8.989, A FIM DE AGRAVAR A CONSEQUÊNCIA SOBRE AS PRÁTICAS DE CRIME DE CORRUPÇÃO NO MUNICÍPIO DE SÃO PAULO."
734455,PL 365/2025,PL,365,2025,"ALTERA A LEI MUNICIPAL N° 16.598, A FIM DE EXPANDIR PROJETOS DE CIRCOS ITINERANTES EM REGIÕES MAIS CARENTES DE ATIVIDADES CULTURAIS, BEM COMO AUMENTAR A PUBLICIDADE DO PROGRAMA MUNICIPAL DE FOMENTO AO CIRCO."
734472,PL 366/2025,PL,366,2025,"DISPÕE SOBRE A IMPLEMENTAÇÃO DE DIRETRIZES PARA A RESPOSTA RÁPIDA AOS DESASTRES AMBIENTAIS DE ENCHENTES, ALAGAMENTOS E DESLIZAMENTOS PROVOCADOS POR CHUVAS INTENSAS NO MUNICÍPIO DE SÃO PAULO, INCLUINDO ACESSO A LINHAS DE CRÉDITO ESPECIAIS E DÁ OUTRAS PROVIDÊNCIAS."
734473,PL 367/2025,PL,367,2025,"DISPÕE SOBRE A OBRIGATORIEDADE DE FORMAÇÃO SOBRE PRÁTICAS ANTIDISCRIMINATÓRIAS, DIREITOS DO CIDADÃOS, DIREITOS HUMANOS E DIREITOS DOS MOVIMENTOS SOCIAIS NO CONTEÚDO CURRICULAR DA FORMAÇÃO DA GUARDA CIVIL METROPOLITANA DE SÃO PAULO."
734474,PL 368/2025,PL,368,2025,DISPÕE SOBRE A INSTITUIÇÃO DE PASSE LIVRE NO TRANSPORTE COLETIVO MUNICIPAL PARA OS PROFESSORES E DEMAIS PROFISSIONAIS DAS ESCOLAS PÚBLICAS DO MUNICÍPIO DE SÃO PAULO.
734907,PL 371/2025,PL,371,2025,"DISPÕE SOBRE A CRIMINALIZAÇÃO DE CONDUTAS QUE ATENTEM CONTRA A MORAL E OS PRINCÍPIOS DAS RELIGIÕES DE MATRIZ CRISTÃ NO MUNICÍPIO DE SÃO PAULO, ESTABELECE A REPARAÇÃO POR DANO MORAL À IMAGEM DAS RELIGIÕES EM CASO DE OFENSA PÚBLICA E DÁ OUTRAS PROVIDÊNCIAS."
734939,PL 372/2025,PL,372,2025,"DISPÕE SOBRE A CRIAÇÃO DO PROGRAMA ""ACOLHA UM IDOSO"", NO ÂMBITO DO MUNICÍPIO DE SÃO PAULO."
735014,PL 375/2025,PL,375,2025,DISPÕE SOBRE A CRIAÇÃO DE CARTILHA EDUCATIVA SOBRE A IMPORTÂNCIA DA SALIVA E DOS TESTES CLÍNICOS SALIVARES NO MUNICÍPIO DE SÃO PAULO.
735036,PL 376/2025,PL,376,2025,REVOGA OS PARÁGRAFOS 8º E 9º - E RESPECTIVOS INCISOS - DO ART. 47 DA LEI MUNICIPAL Nº 16.050/2014 [APROVA A POLÍTICA DE DESENVOLVIMENTO URBANO E O PLANO DIRETOR ESTRATÉGICO DO MUNICÍPIO DE SÃO PAULO E REVOGA A LEI Nº 13.430/2002].
735158,PR 44/2025,PR,44,2025,INSTITUI A FRENTE PARLAMENTAR EM DEFESA DO ESPORTE E LAZER NA CIDADE DE SÃO PAULO.
735185,PL 377/2025,PL,377,2025,"DENOMINA “VIADUTO MARIA SALETE AMÂNCIO DA SILVA” O LOGRADOURO PÚBLICO INOMINADO LOCALIZADO NA AVENIDA DR. JOSÉ ARTHUR NOVA, Nº 542, ZONA LESTE, E DÁ OUTRAS PROVIDÊNCIAS."
735286,PL 380/2025,PL,380,2025,"DISPÕE SOBRE O SEPULTAMENTO DIGNO DE NASCITUROS E DE NATIMORTOS, NO ÂMBITO DO MUNICÍPIO DE SÃO PAULO E DÁ OUTRAS PROVIDÊNCIAS."
735498,PL 383/2025,PL,383,2025,"ALTERA A DENOMINAÇÃO DA UBS NOVO CAMINHO, LOCALIZADA NO JARDIM SÃO LUÍS, ZONA SUL, PARA “UBS NOVO CAMINHO PADRE EDMUNDO DA MATA”, E DÁ OUTRAS PROVIDÊNCIAS."
735961,PL 384/2025,PL,384,2025,DECLARA O DESFILE DE 9 DE JULHO COMO PATRIMÔNIO IMATERIAL E CULTURAL DO MUNICÍPIO DE SÃO PAULO.
736212,PL 386/2025,PL,386,2025,DISPÕE SOBRE A REGULAMENTAÇÃO DOS SERVIÇOS DE INTERMEDIAÇÃO E HOSPEDAGENS DE TEMPORADA OU CURTA DURAÇÃO E DÁ OUTRAS PROVIDÊNCIAS.
736301,PL 388/2025,PL,388,2025,"ALTERA A LEI Nº 14.485 DE 19 DE JULHO DE 2007, PARA INCLUIR NO CALENDÁRIO DE EVENTOS DA CIDADE DE SÃO PAULO, A SEMANA MUNICIPAL DA MENOPAUSA FELIZ, A SER COMEMORADA ANUALMENTE NA SEMANA DO DIA 18 DE OUTUBRO E DÁ OUTRAS PROVIDÊNCIAS."
736319,PL 389/2025,PL,389,2025,"DISPÕE SOBRE A GARANTIA DE RESERVA PARA PESSOAS TRANSGÊNERO E TRAVESTIS DE 3% (TRÊS POR CENTO) DAS VAGAS OFERECIDAS NOS CONCURSOS PÚBLICOS PARA PROVIMENTO DE CARGOS EFETIVOS E DE EMPREGOS PÚBLICOS, NO ÂMBITO DOS PODERES EXECUTIVO E LEGISLATIVO DO MUNICÍPIO DE SÃO PAULO."
736330,PL 391/2025,PL,391,2025,"ALTERA A DENOMINAÇÃO DO LOGRADOURO PÚBLICO MUNICIPAL DA PASSARELA GETÚLIO VARGAS, CODLOG 473448, PARA PASSARELA VETERANOS DE 32 - MMDC, NO DISTRITO BELA VISTA, NA SUBPREFEITURA DA SÉ."
736331,PL 392/2025,PL,392,2025,DISPÕE SOBRE A PROIBIÇÃO DE DESPESAS PÚBLICAS QUE PROMOVAM OU INCENTIVEM INVASÕES DE PROPRIEDADES E GRUPOS TERRORISTAS NO MUNICÍPIO DE SÃO PAULO E DÁ OUTRAS PROVIDÊNCIAS.
736492,PL 394/2025,PL,394,2025,DISPÕE SOBRE A EDUCAÇÃO ESPECIAL E INCLUSIVA PARA O ATENDIMENTO DE EDUCANDOS COM TRANSTORNOS DO NEURODESENVOLVIMENTO NO MUNICÍPIO DE SÃO PAULO E DÁ OUTRAS PROVIDÊNCIAS.
736497,PL 395/2025,PL,395,2025,DISPÕE SOBRE O DIAGNÓSTICO PRECOCE E A ATENÇÃO INTEGRAL ÀS PESSOAS COM TRANSTORNOS DO NEURODESENVOLVIMENTO NO MUNICÍPIO DE SÃO PAULO E DÁ OUTRAS PROVIDÊNCIAS.
736499,PR 45/2025,PR,45,2025,INSTITUI A FRENTE PARLAMENTAR DE APOIO AOS TRANSPORTADORES REGULARES DE RESÍDUOS SÓLIDOS NO MUNICÍPIO SÃO PAULO E DÁ OUTRAS PROVIDÊNCIAS.
736500,PL 396/2025,PL,396,2025,"DISPÕE SOBRE A DISPONIBILIZAÇÃO DE ACESSO GRATUITO À INTERNET VIA REDE WI-FI NAS UNIDADES BÁSICAS DE SAÚDE (UBSS), ASSISTÊNCIAS MÉDICAS AMBULATORIAIS (AMAS), HOSPITAIS MUNICIPAIS, CENTROS DE ATENÇÃO PSICOSSOCIAL (CAPS), UNIDADES DE PRONTO ATENDIMENTO (UPAS) E DEMAIS UNIDADES DE ATENDIMENTO DA REDE  MUNICIPAL DE SAÚDE DE SÃO PAULO, E DÁ OUTRAS PROVIDÊNCIAS."
736507,PL 397/2025,PL,397,2025,DISPÕE SOBRE A PERMISSÃO DE USO DAS FAIXAS EXCLUSIVAS E CORREDORES DE ÔNIBUS POR VEÍCULOS QUE TRANSPORTAM PESSOAS COM DEFICIÊNCIA E EM TRATAMENTO DE DOENÇAS GRAVES E DÁ OUTRAS PROVIDÊNCIAS.
736509,PL 398/2025,PL,398,2025,DISPÕE SOBRE A PRESENÇA DE ATENDENTE PESSOAL NA REDE DE ENSINO PÚBLICO E PRIVADO NO MUNICÍPIO DE SÃO PAULO E DÁ PROVIDÊNCIAS CORRELATAS.
736540,PL 399/2025,PL,399,2025,"ALTERA A LEI Nº 14.485, DE 19 DE JULHO DE 2007, PARA INCLUIR NO CALENDÁRIO DE EVENTOS DA CIDADE DE SÃO PAULO O “DIA MUNICIPAL DA SAÚDE DO CORAÇÃO - DIA DEDICADO A CONSCIENTIZAR A POPULAÇÃO SOBRE AS DOENÇAS CARDÍACAS E AS MEDIDAS PREVENTIVAS""."
736820,PL 401/2025,PL,401,2025,"ALTERA A LEI 18.038 DE 8 DE DEZEMBRO DE 2023 PARA QUE OS PROFISSIONAIS DA SEGURANÇA PÚBLICA NO EXERCÍCIO DA OPERAÇÃO DELEGADA, POSSAM INTERPOR OPERAÇÕES EM ÁREAS COM EXCESSIVOS RUÍDOS SONOROS PROVOCADOS POR FESTAS IRREGULARES E DÁ OUTRAS PROVIDÊNCIAS."
736956,PL 403/2025,PL,403,2025,"DETERMINA QUE A INTERRUPÇÃO DE GESTAÇÃO DECORRENTE DE ESTUPRO SEJA NOTIFICADA À AUTORIDADE POLICIAL, BEM COMO QUE TECIDOS FETAIS OU EMBRIONÁRIOS SEJAM PRESERVADOS PARA FINS DE PERÍCIA GENÉTICA E DÁ OUTRAS PROVIDÊNCIAS."
737032,PL 404/2025,PL,404,2025,"ALTERA O CAPUT DO ART. 1º, DA LEI 17.572, DE 24 DE JUNHO DE 2021 [DISPÕE SOBRE A PERMISSÃO DE USO DAS FAIXAS EXCLUSIVAS E CORREDORES DE ÔNIBUS POR VEÍCULOS INTEGRANTES DA FROTA DE TRANSPORTE PÚBLICO INDIVIDUAL POR TÁXI, INCLUSIVE COM INSUFILM, NO MUNICÍPIO DE SÃO PAULO E DÁ OUTRAS PROVIDÊNCIAS]."
737462,PL 406/2025,PL,406,2025,"DISPÕE SOBRE A PROMOÇÃO DA POLÍTICA ALIMENTAR SUSTENTÁVEL E A REDUÇÃO DO IMPACTO AMBIENTAL E PROTEÇÃO DE ESPÉCIES NO MUNICÍPIO DE SÃO PAULO, E DÁ OUTRAS PROVIDÊNCIAS."
737506,PL 408/2025,PL,408,2025,"INSTITUI “O DIA DE SOLIDARIEDADE ÀS MÃES ATÍPICAS”, DETERMINANDO AOS COMÉRCIOS DO MUNICÍPIO DE SÃO PAULO, A SUSPENSÃO DA EMISSÃO DE SOM, UMA VEZ POR SEMANA,  PARA QUE AS MÃES ATÍPICAS POSSAM REALIZAR SUAS COMPRAS JUNTAMENTE AOS SEUS FILHOS COM TRANSTORNO DO ESPECTRO AUTISTA – TEA, PROMOVENDO UM AMBIENTE MAIS ACESSÍVEL E INCLUSIVO, E DÁ OUTRAS PROVIDÊNCIAS."
737648,PL 411/2025,PL,411,2025,AUTORIZA O EXECUTIVO A CRIAR O PROGRAMA UMA BANDA DE FANFARRA POR ESCOLA E DÁ OUTRAS PROVIDÊNCIAS.
737721,PL 412/2025,PL,412,2025,"ALTERA A LEI Nº 17.812, DE 9 DE JUNHO DE 2022, PARA ESTABELECER VERBA INDENIZATÓRIA AOS INTEGRANTES DO QUADRO TÉCNICO DOS PROFISSIONAIS DA GUARDA CIVIL METROPOLITANA – QTG, DA PREFEITURA DO MUNICÍPIO DE SÃO PAULO RELATIVA ÀS CUSTAS, DESPESAS PROCESSUAIS E HONORÁRIOS ADVOCATÍCIOS EM PROCESSOS CRIMINAIS E INQUÉRITOS POLICIAIS GERADOS EM RAZÃO DO EXERCÍCIO DE SUAS ATIVIDADES POLICIAIS NOS CASOS DE ABSOLVIÇÃO E DÁ OUTRAS PROVIDÊNCIAS."
737754,PL 413/2025,PL,413,2025,DETERMINA A DISPONIBILIZAÇÃO DE ABAFADORES DE RUÍDO PARA PACIENTES COM HIPERSENSIBILIDADE SENSORIAL INTERNADOS EM UNIDADES DE TERAPIA INTENSIVA (UTI) NO MUNICÍPIO DE SÃO PAULO.
737756,PR 46/2025,PR,46,2025,"ACRESCENTA § ÚNICO AO ART. 9º DO REGIMENTO INTERNO DA CÂMARA MUNICIPAL DE SÃO PAULO, APROVADO PELA RESOLUÇÃO Nº 2, DE 26 DE ABRIL DE 1991. [ESTABELECE QUE A PRESIDÊNCIA DA MESA SERÁ EXERCIDA POR UMA VEREADORA EM PELO MENOS UMA SESSÃO LEGISLATIVA DE CADA LEGISLATURA.]"
737767,PL 414/2025,PL,414,2025,"DISPÕE SOBRE A SUSPENSÃO DO CUMPRIMENTO DE MANDADO JUDICIAL DE REINTEGRAÇÃO DE POSSE DE IMÓVEL, URBANO OU RURAL, PÚBLICO OU PRIVADO, DURANTE A VIGÊNCIA DE ESTADO DE CALAMIDADE PÚBLICA, NAS HIPÓTESES QUE ESPECIFICA."
737772,PL 415/2025,PL,415,2025,"ACRESCENTA O ARTIGO 2-A NA LEI Nº 15.367/11, COM A FINALIDADE DE GRATIFICAR O INTEGRANTE DA GUARDA MUNICIPAL DE SÃO PAULO POR APREENSÕES E DEMAIS RESULTADOS DA ATIVIDADE DE POLICIAMENTO NO MUNICÍPIO DE SÃO PAULO."
738069,PL 418/2025,PL,418,2025,DISPÕE SOBRE A CRIAÇÃO DO OBSERVATÓRIO DA VIOLÊNCIA POLÍTICA DIGITAL DE GÊNERO E/OU RAÇA CONTRA MULHERES NO ÂMBITO MUNICIPAL E DÁ OUTRAS PROVIDÊNCIAS.
738121,PLO 2/2025,PLO,2,2025,"ALTERA A LEI ORGÂNICA DO MUNICÍPIO DE SÃO PAULO, PARA ACRESCENTAR O INCISO VI EM SEU ARTIGO 203, COM A FINALIDADE DE INCLUIR O DIREITO À EDUCAÇÃO FINANCEIRA NA LEI ORGÂNICA DO MUNICÍPIO."
738122,PLO 3/2025,PLO,3,2025,"ALTERA A LEI ORGÂNICA DO MUNICÍPIO DE SÃO PAULO, PARA ACRESCENTAR OS INCISOS IX E X EM SEU ARTIGO 160, COM A FINALIDADE DE ESTABELECER A LIBERDADE ECONÔMICA NA LEI ORGÂNICA DO MUNICÍPIO."
738130,PLO 4/2025,PLO,4,2025,"ALTERA A LEI ORGÂNICA DO MUNICÍPIO DE SÃO PAULO, PARA ACRESCENTAR O INCISO VI EM SEU ARTIGO 203, COM A FINALIDADE DE INCLUIR O DIREITO À EDUCAÇÃO CÍVICA NA LEI ORGÂNICA DO MUNICÍPIO."
738259,PL 420/2025,PL,420,2025,"PROÍBE AO CONDENADO POR FEMINICÍDIO, ESTUPRO OU ORGANIZAÇÃO CRIMINOSA ASSUMIR CARGOS PÚBLICOS MUNICIPAIS, CELEBRAR CONTRATOS COM A ADMINISTRAÇÃO PÚBLICA, PARTICIPAR DE PROGRAMAR SOCIAIS, RECEBER HOMENAGENS OU HONRARIAS E DÁ OUTRAS PROVIDÊNCIAS."
738262,PL 422/2025,PL,422,2025,"ALTERA A LEI Nº 16.694, DE 11 DE AGOSTO DE 2017, PARA ATUALIZAR EM UNIDADES FISCAIS DO ESTADO DE SÃO PAULO (UFESP) O VALOR DA INDENIZAÇÃO EM CASO DE MORTE OU INCAPACIDADE PERMANENTE DE INTEGRANTE DA GUARDA CIVIL METROPOLITANA E ESTABELECER O LIMITE MÍNIMO DE 50% DO VALOR MÁXIMO PARA ESSA INDENIZAÇÃO."
738263,PL 423/2025,PL,423,2025,"OBRIGA AO PODER PÚBLICO MUNICIPAL A ADOTAR MEDIDAS EFICAZES PARA COMBATER A CULTURA DO CRIME ORGANIZADO NO MUNICÍPIO DE SÃO PAULO, CONFORME ESPECIFICA, E DÁ OUTRAS PROVIDÊNCIAS."
738272,PL 424/2025,PL,424,2025,INSTITUI A POLÍTICA MUNICIPAL DE PROMOÇÃO DE MASCULINIDADES SAUDÁVEIS E ANTISSEXISTAS NO ÂMBITO DO MUNICÍPIO DE SÃO PAULO E DÁ OUTRAS PROVIDÊNCIAS.
738297,PL 425/2025,PL,425,2025,"DISPÕE SOBRE A CRIAÇÃO DE UMA FERRAMENTA DE CADASTRO E BANCO DE DADOS PARA INCLUSÃO DE PESSOAS COM ALZHEIMER OU OUTRAS DOENÇAS MENTAIS QUE CAUSE A PERDA DE MEMÓRIA,  NO PROGRAMA SMART SAMPA, COM O OBJETIVO DE FACILITAR A LOCALIZAÇÃO DE PESSOAS PERDIDAS."
738310,PL 427/2025,PL,427,2025,INSTITUI NO ÂMBITO DO MUNICÍPIO DE SÃO PAULO A CENTRAL “DEFICIÊNCIA SEM VIOLÊNCIA” E DÁ OUTRAS PROVIDÊNCIAS.
738379,PDL 21/2025,PDL,21,2025,DISPÕE SOBRE OUTORGA DE SALVA DE PRATA AO GRUPO ARMADO DE REPRESSÃO A ROUBOS E ASSALTOS (GARRA).
738509,PL 430/2025,PL,430,2025,"INSTITUI, NO ÂMBITO DO MUNICÍPIO DE SÃO PAULO, O SELO “ESCOLA AMIGA DA EDUCAÇÃO INCLUSIVA” E ESTABELECE CRITÉRIOS PARA SUA CONCESSÃO."
738510,PL 431/2025,PL,431,2025,"INSTITUI O CURRÍCULO LATTES ESCOLAR – PLATAFORMA MUNICIPAL DE REGISTRO DE TRAJETÓRIAS FORMATIVAS DE ESTUDANTES DO ENSINO FUNDAMENTAL E MÉDIO DA REDE MUNICIPAL DE EDUCAÇÃO DE SÃO PAULO, E DÁ OUTRAS PROVIDÊNCIAS."
738513,PL 433/2025,PL,433,2025,INSTITUI O PROGRAMA LABORATÓRIOS DE INOVAÇÃO EM MOBILIDADE NAS ESCOLAS PÚBLICAS DO MUNICÍPIO DE SÃO PAULO E DÁ OUTRAS PROVIDÊNCIAS.
738514,PL 434/2025,PL,434,2025,AUTORIZA O PODER EXECUTIVO A INSTITUIR O AUXÍLIO DE REPRESENTAÇÃO AOS MEMBROS TITULARES DOS CONSELHOS GESTORES DE UNIDADES DE SAÚDE NO MUNICÍPIO DE SÃO PAULO E DÁ OUTRAS PROVIDÊNCIAS.
738546,PL 436/2025,PL,436,2025,"DISPÕE CRIAÇÃO DO CENTRO CULTURAL E ARTÍSTICO CIGANO NO MUNICÍPIO DE SÃO PAULO, DANDO AINDA OUTRAS PROVIDÊNCIAS."
738683,PR 48/2025,PR,48,2025,"DISPÕE SOBRE A CRIAÇÃO, NO ÂMBITO DA CÂMARA MUNICIPAL DE SÃO PAULO, DE FRENTE PARLAMENTAR PARA DEBATER A ATUAÇÃO  DA  EMPRESA  ENEL  ENQUANTO CONCESSIONÁRIA RESPONSÁVEL PELO FORNECIMENTO DE ENERGIA ELÉTRICA NA CIDADE DE SÃO PAULO E DÁ OUTRAS PROVIDÊNCIAS."
738713,PL 438/2025,PL,438,2025,INSTITUI A POLÍTICA MUNICIPAL DE CUIDADO MENSTRUAL E REPRODUTIVO DA PESSOA COM DEFICIÊNCIA.
738894,PL 440/2025,PL,440,2025,"ALTERA A LEI Nº 16.612 DE 20 DE FEVEREIRO DE 2017. [AGRAVAMENTO DAS MULTAS E SANÇÕES NOS CASOS DE PICHAÇÃO DE INCITAÇÃO AO ÓDIO, BEM COMO A INCLUSÃO DE MECANISMOS PARA IDENTIFICAÇÃO E RESPONSABILIZAÇÃO DOS INFRATORES]"
739143,PL 442/2025,PL,442,2025,"DENOMINA TRAVESSA MARIA LEONOR BEZERRA CATARDO O LOGRADOURO PÚBLICO EXISTENTE NO DISTRITO DO SÃO LUCAS, NA SUBPREFEITURA DA VILA PRUDENTE, E DÁ OUTRAS PROVIDÊNCIAS."
739157,PL 443/2025,PL,443,2025,"ALTERA A LEI Nº 14.933, DE 05 DE JUNHO DE 2009 - INSTITUI A POLÍTICA DE MUDANÇA DO CLIMA NO MUNICÍPIO DE SÃO PAULO E DÁ OUTRAS PROVIDÊNCIAS."
739166,PL 444/2025,PL,444,2025,"ALTERA A LEI Nº 14.485, DE 19 DE JULHO DE 2007, PARA INCLUIR O “DIA DA HINOLOGIA CRISTÃ”, NO CALENDÁRIO DE EVENTOS DO MUNICÍPIO DE SÃO PAULO, E DÁ OUTRAS PROVIDÊNCIAS."
739187,PL 445/2025,PL,445,2025,"ALTERA A LEI Nº 11.229, DE 26 DE JUNHO DE 1992, PARA DETERMINAR QUE PROFESSORES E PROFISSIONAIS DE ENSINO DA REDE PÚBLICA REALIZEM EXAME TOXICOLÓGICO PERIÓDICO E DÁ OUTRAS PROVIDÊNCIAS."
739290,PL 446/2025,PL,446,2025,VEDA A NOMEAÇÃO PELA ADMINISTRAÇÃO PÚBLICA DIRETA E INDIRETA DE SÃO PAULO DE PESSOAS CONDENADAS PELOS CRIMES DE ABOLIÇÃO VIOLENTA DO ESTADO DEMOCRÁTICO DE DIREITO E GOLPE DE ESTADO.
739337,PL 447/2025,PL,447,2025,"ALTERA A LEI Nº 13.131, DE 18 DE MAIO DE 2001, QUE INSTITUI O CONTROLE DE ZOONOSES E A GESTÃO DE ANIMAIS DOMÉSTICOS NA CIDADE DE SÃO PAULO, PARA INCLUIR A OBRIGATORIEDADE DE CASTRAÇÃO DE ANIMAIS DESTINADOS À ADOÇÃO E REVOGAR A AUTORIZAÇÃO PARA EUTANÁSIA."
739338,PL 448/2025,PL,448,2025,DISPÕE SOBRE O ATENDIMENTO PRIORITÁRIO E DE CARÁTER EMERGENCIAL NOS ÓRGÃOS PÚBLICOS DO MUNICÍPIO DE SÃO PAULO PARA SITUAÇÕES E CASOS ENCAMINHADOS PELO CONSELHO TUTELAR OU POR SEUS CONSELHEIROS E AFINS
739567,PL 451/2025,PL,451,2025,"DENOMINA PRAÇA PAPA FRANCISCO - JORGE MARIO BERGOGLIO  A ÁREA PÚBLICA INOMINADA LOCALIZADA NO NÚMERO 0 DA RUA OLIVIA FEDER, NA ALÇA DE ACESSO DA PONTE ENG. ROBERTO ROSSI ZUCCOLO – SUBPREFEITURA DE PINHEIROS."
739570,PL 452/2025,PL,452,2025,"ALTERA A LEI Nº 14.485, DE 19 DE JULHO DE 2007, PARA INCLUIR A “SEMANA DE CONSCIENTIZAÇÃO POR UMA INTERNET SEGURA PARA CRIANÇAS E ADOLESCENTES” NO CALENDÁRIO DE EVENTOS DO MUNICÍPIO DE SÃO PAULO E DÁ OUTRAS PROVIDÊNCIAS."
739574,PL 453/2025,PL,453,2025,"VEDA A COMPRA, A VENDA, O FORNECIMENTO E O CONSUMO DE BEBIDAS ALCOÓLICAS NAS INSTITUIÇÕES DE ENSINO SUPERIOR, PÚBLICAS E PRIVADAS, E PROÍBE, EXPRESSAMENTE, AS CHAMADAS FESTAS ""OPEN BAR"", NESTAS MESMAS INSTITUIÇÕES, EM TODO O MUNICÍPIO DE SÃO PAULO."
739637,PL 455/2025,PL,455,2025,"ALTERA A LEI Nº 11.229, DE 26 DE JUNHO DE 1992, PARA DETERMINAR QUE PROFESSORES E PROFISSIONAIS DE ENSINO DA REDE PÚBLICA MUNICIPAL UTILIZEM CÂMERAS CORPORAIS E DÁ OUTRAS PROVIDÊNCIAS."
739785,PL 458/2025,PL,458,2025,"ALTERA A LEI MUNICIPAL Nº 14.485, DE 19 DE JULHO DE 2007, PARA INCLUIR O DIA DA IMIGRAÇÃO TAIWANESA, A SER COMEMORADO ANUALMENTE NO DIA 25 DE AGOSTO, E DÁ OUTRAS PROVIDÊNCIAS."
739955,PL 460/2025,PL,460,2025,INSERE O PARÁGRAFO 1º NO ARTIGO 34 DA LEI Nº 15.764 DE 27 DE MAIO DE 2013 DO MUNICÍPIO DE SÃO PAULO TORNANDO OBRIGATÓRIA A PRESENÇA DOS SUBPREFEITOS/SUBPREFEITAS OU CHEFIAS DE GABINETE NAS REUNIÕES DO CONSELHO PARTICIPATIVO MUNICIPAL.
740011,PL 461/2025,PL,461,2025,"DISPÕE SOBRE A CRIAÇÃO, MANUTENÇÃO E FORTALECIMENTO DAS BIBLIOTECAS ESCOLARES NAS UNIDADES DA REDE MUNICIPAL DE ENSINO DE SÃO PAULO, EM CONFORMIDADE COM AS LEIS FEDERAIS Nº  12.244/2010, Nº 14.837/2024 E Nº 13.696/2018, E DÁ OUTRAS PROVIDÊNCIAS."
740105,PL 462/2025,PL,462,2025,INSTITUI O PROGRAMA ‘FILA DA GENTILEZA’ PARA INCENTIVAR O BOM ATENDIMENTO E A CORTESIA EM ESTABELECIMENTOS PÚBLICOS E PRIVADOS.
740106,PL 463/2025,PL,463,2025,INSTITUI O PASSAPORTE DA CIDADANIA NO MUNICÍPIO DE SÃO PAULO E DÁ OUTRAS PROVIDÊNCIAS.
740116,PL 465/2025,PL,465,2025,"DISPÕE SOBRE O RECONHECIMENTO, PROTEÇÃO E CUIDADO DOS PETS COMUNITÁRIOS NO MUNICÍPIO DE SÃO PAULO, E DÁ OUTRAS PROVIDÊNCIAS."
740200,PL 467/2025,PL,467,2025,INSTITUI AS CARRETAS MÓVEIS DE SAÚDE DA MULHER E SAÚDE ODONTOLÓGICA NO MUNICÍPIO DE SÃO PAULO E DÁ OUTRAS PROVIDÊNCIAS.
740489,PL 468/2025,PL,468,2025,DISPÕE SOBRE A REALIZAÇÃO DE INTERVALO BÍBLICO NAS INSTITUIÇÕES DE ENSINO DO MUNICÍPIO DE SÃO PAULO E DÁ OUTRAS PROVIDÊNCIAS.
740495,PL 469/2025,PL,469,2025,"INSTITUI A CRIAÇÃO DA UBS DO IDOSO NO MUNICÍPIO DE SÃO PAULO E, DÁ OUTRAS PROVIDÊNCIAS."
740628,PL 470/2025,PL,470,2025,"DISPÕE SOBRE A CRIAÇÃO DO PROGRAMA CATE JOVEM, VOLTADO À ACESSIBILIDADE DAS JUVENTUDES PAULISTANAS A VAGAS DE TRABALHO DIGNO E POLÍTICAS PÚBLICAS DE RENDA E FORMAÇÃO."
740683,PL 471/2025,PL,471,2025,"DISPÕE SOBRE A OBRIGATORIEDADE DE PAVIMENTAÇÃO PERMEÁVEL, POR MEIO DE PISO INTERTRAVADO, EM ESTACIONAMENTOS, VIAS DE CIRCULAÇÃO DE PEDESTRES E VEÍCULOS, EMPREENDIMENTOS HABITACIONAIS, CONDOMÍNIOS DE ATIVIDADES ECONÔMICAS E INDUSTRIAIS E DÁ OUTRAS PROVIDÊNCIAS."
740907,PL 473/2025,PL,473,2025,"DISPÕE SOBRE A CASSAÇÃO DA LICENÇA DE FUNCIONAMENTO DE ESTABELECIMENTOS COMERCIAIS QUE VENDEM DISPOSITIVOS ""CIGARROS ELETRÔNICOS, VAPER, VAPE, POD SYSTEM, VAPER PEN"" NO MUNICÍPIO DE SÃO PAULO E DA OUTRAS PROVIDÊNCIAS."
740908,PL 474/2025,PL,474,2025,"ALTERA A LEI 17.916/2023, PROIBIR PELA ADMINISTRAÇÃO PUBLICA A CONTRATAÇÃO DE EMPRESA QUE PRATICA O DESCARTE IRREGULAR DE LIXO E DA OUTRAS PROVIDÊNCIAS."
741035,PL 478/2025,PL,478,2025,"ALTERA A LEI MUNICIPAL Nº DA LEI Nº 14.471/2007, PARA DECLARAR A CIDADE DE TÓQUIO, CAPITAL DO JAPÃO, COMO CIDADE-IRMÃ DA CIDADE DE SÃO PAULO."
741208,PL 479/2025,PL,479,2025,"DISPÕE SOBRE A DENOMINAÇÃO DA PRAÇA WALDIMIR SCHIAVINATO, EM ESPAÇO PÚBLICO INOMINADO, LOCALIZADO NA TRAVESSA BONI, 44 – VILA CARMOSINA, SÃO PAULO – SP, 08290-000 E DÁ OUTRAS PROVIDÊNCIAS."
741340,PL 480/2025,PL,480,2025,"ALTERA A LEI Nº 14.454, DE 27 DE JUNHO DE 2007, PARA ACRESCENTAR REQUISITOS À NOMEAÇÃO OFICIAL DE ESTABELECIMENTOS DE ENSINO PÚBLICO MUNICIPAL."
741342,PL 481/2025,PL,481,2025,"ALTERA O NOME DA RUA MOACIR PIZA, LOCALIZADA NO JARDIM PAULISTA, PARA RUA NENÊ ROMANO."
741460,PR 53/2025,PR,53,2025,"ALTERA O CAPUT DO ARTIGO 348 DA RESOLUÇÃO N.º 2, DE 26 DE ABRIL DE 1991 –  REGIMENTO INTERNO DA CÂMARA MUNICIPAL DE SÃO PAULO [DIMINUI O NÚMERO DE ASSINATURAS DE APOIAMENTO PARA O PROTOCOLO DE PROJETOS DE CONCESSÃO DE HONRARIA]."
741461,PL 484/2025,PL,484,2025,"INSTITUI A REDE INTEGRADA DE ATENDIMENTO À MULHER NO MUNICÍPIO DE SÃO PAULO, POR MEIO DA INSTALAÇÃO DE UNIDADES DA CASA DA MULHER PAULISTA EM CONJUNTO COM A REESTRUTURAÇÃO DAS DELEGACIAS DE POLÍCIA DE DEFESA DA MULHER (DDMS) E DA GUARDA CIVIL METROPOLITANA, E DÁ OUTRAS PROVIDÊNCIAS."
741462,PL 485/2025,PL,485,2025,"INSTITUI, NO ÂMBITO DO MUNICÍPIO DE SÃO PAULO, A INICIATIVA ‘PATRULHA DA MULHER’, VOLTADA AO FORTALECIMENTO DA PROTEÇÃO A MULHERES VÍTIMAS DE VIOLÊNCIA DOMÉSTICA E FAMILIAR, MEDIANTE INTEGRAÇÃO DA GUARDA CIVIL METROPOLITANA (GCM) COM AS DELEGACIAS DE POLÍCIA DE DEFESA DA MULHER DA CAPITAL, E DÁ OUTRAS PROVIDÊNCIAS."
741501,PL 486/2025,PL,486,2025,DISPÕE NO ÂMBITO DO MUNICÍPIO DE SÃO PAULO SOBRE A AUTORIZAÇÃO DE FORNECIMENTO E DISTRIBUIÇÃO GRATUITA DE FILTRO SOLAR NOS EQUIPAMENTOS PÚBLICOS DE SAÚDE.
741614,PL 489/2025,PL,489,2025,DISPÕE SOBRE O ABONO DE FALTAS ESCOLARES DURANTE O PERÍODO MENSTRUAL PARA ESTUDANTES AUTISTAS NA REDE PÚBLICA MUNICIPAL DE SÃO PAULO.
741616,PL 490/2025,PL,490,2025,"INSTITUI ESPAÇO PÚBLICO PARA PRÁTICA DE WHEELING (PISTA DE GRAU), NO ÂMBITO DO MUNICÍPIO DE SÃO PAULO E DÁ OUTRAS PROVIDÊNCIAS."
741637,PL 493/2025,PL,493,2025,"INSTITUI NO ÂMBITO DO MUNICÍPIO DE SÃO PAULO, O “PROGRAMA MUNICIPAL DOS DIREITOS DA TRABALHADORA TERCEIRIZADA”, E DÁ OUTRAS PROVIDÊNCIAS."
741672,PL 494/2025,PL,494,2025,"DISPÕE SOBRE A INSTITUIÇÃO DA AÇÃO CULTURAL O JOVEM PENSADOR NAS INSTITUIÇÕES DE ENSINO PÚBLICAS E PRIVADAS DE ENSINO FUNDAMENTAL E ENSINO MÉDIO NO MUNICÍPIO DE SÃO PAULO, DANDO AINDA OUTRAS PROVIDÊNCIAS."
741673,PL 495/2025,PL,495,2025,"DISPÕE SOBRE POLÍTICA PERMANENTE DE EDUCAÇÃO BILÍNGUE PARA SURDOS POR MEIO DE GARANTIA DE MANUTENÇÃO DAS ESCOLAS BILÍNGUES PARA ESTUDANTES SURDOS MATRICULADOS NAS ESCOLAS PÚBLICAS DA REDE MUNICIPAL DE ENSINO DA CIDADE DE SÃO PAULO VISANDO ZERAR A EVASÃO NESSAS UNIDADES ESCOLARES, DANDO AINDA OUTRAS PROVIDÊNCIAS."
741674,PL 496/2025,PL,496,2025,"INSTITUI O PROGRAMA DE ARTE URBANA E GRAFITE NAS COMUNIDADES NO MUNICÍPIO DE SÃO PAULO, A FIM DE REVITALIZAR ESPAÇOS PÚBLICOS, CAPACITANDO ARTISTAS LOCAIS E FOMENTANDO O TURISMO CULTURAL, DANDO AINDA OUTRAS PROVIDÊNCIAS."
741675,PL 497/2025,PL,497,2025,"DISPÕE SOBRE A CRIAÇÃO DO PROGRAMA CAPACITA TEA+ NO MUNICÍPIO DE SÃO PAULO, DANDO AINDA OUTRAS PROVIDÊNCIAS."
741676,PL 498/2025,PL,498,2025,"INSTITUI A SEMANA DE PREVENÇÃO E COMBATE AO ABUSO E À EXPLORAÇÃO SEXUAL DE CRIANÇAS E ADOLESCENTES NO CALENDÁRIO OFICIAL DAS UNIDADES ESCOLARES DA REDE PÚBLICA MUNICIPAL, ESTADUAL E DA REDE PRIVADA DO MUNICÍPIO DE SÃO PAULO, DANDO AINDA OUTRAS PROVIDÊNCIAS."
741677,PL 499/2025,PL,499,2025,"DETERMINA A REVITALIZAÇÃO DO PARQUE LINEAR DO CÓRREGO DO RIO VERDE, LOCALIZADO NO DISTRITO DE ITAQUERA, COM O OBJETIVO DE PROMOVER MELHORIAS POR MEIO DE REFORMAS E CONSERVAÇÃO DOS EQUIPAMENTOS, GARANTINDO A QUALIFICAÇÃO DO ESPAÇO E PROMOVENDO APRIMORAMENTO NA QUALIDADE DE VIDA DOS MORADORES E FREQUENTADORES DO PARQUE, DANDO AINDA OUTRAS PROVIDÊNCIAS."
741771,PL 500/2025,PL,500,2025,"DENOMINA DE TRAVESSA OBARÁ MEJI, A TRAVESSA SEM DENOMINAÇÃO, COM ENTRADA PELA RUA CORONEL JOÃO DE OLIVEIRA MELO, N° 1.125, ANTIGA RUA REFINARIA DUQUE DE CAXIAS, LOCALIZADA NO BAIRRO TATUAPÉ, NESTA CAPITAL."
741779,PL 501/2025,PL,501,2025,DISPÕE SOBRE A GARANTIA DA OBSERVÂNCIA DOS DIREITOS HUMANOS E A APLICAÇÃO DO PRINCÍPIO DA NÃO VIOLÊNCIA NO CONTEXTO DE MANIFESTAÇÕES E DE EVENTOS PÚBLICOS NO MUNICÍPIO DE SÃO PAULO.
741822,PL 502/2025,PL,502,2025,"""FICA DENOMINADA UNIDADE BÁSICA DE SAÚDE VERONICA SACLES A UNIDADE BÁSICA DO JARDIM CONQUISTA III, LOCALIZADA NO NÚMERO 341 DA TRAVESSA SOMOS TODOS IGUAIS, NO DISTRITO DE SÃO MATEUS, SUBPREFEITURA DE SÃO MATEUS”."
741845,PL 503/2025,PL,503,2025,"DISPÕE SOBRE A ALTERAÇÃO DA LEI NO 13.303, DE 18 DE JANEIRO DE 2002, INCLUINDO A APLICAÇÃO ISONÔMICA DO REAJUSTE ANUAL INFLACIONÁRIO AOS SUBSÍDIOS E VENCIMENTOS DE TODOS OS SERVIDORES PÚBLICOS MUNICIPAIS, INCLUINDO OS
OCUPANTES DE CARGOS ELETIVOS E COMISSIONADOS
DO MUNICÍPIO DE SÃO PAULO E DÁ OUTRAS
PROVIDÊNCIAS."
742109,PL 505/2025,PL,505,2025,"AUTORIZA O PODER EXECUTIVO A DECLARAR DE UTILIDADE PÚBLICA, PARA FINS DE DESAPROPRIAÇÃO, A ÁREA LOCALIZADA NA AV. LINEU DE PAULA MACHADO, 1263, DISTRITO MORUMBI, SUBPREFEITURA DO BUTANTÃ, MUNICÍPIO DE SÃO PAULO, DESTINADA À IMPLANTAÇÃO DE PARQUE PÚBLICO."
742295,PL 507/2025,PL,507,2025,DISPÕE SOBRE A LEITURA DE TRECHOS DA BÍBLIA COMO RECURSO PARADIDÁTICO NAS ESCOLAS DA REDE PÚBLICA E PRIVADA DE ENSINO DO MUNICÍPIO DE SÃO PAULO.
742431,PL 508/2025,PL,508,2025,"DISPÕE SOBRE A CRIAÇÃO, NO QUADRO DE APOIO À EDUCAÇÃO – QA, DO QUADRO DOS PROFISSIONAIS DE EDUCAÇÃO – QPE, DE CARGOS DE AUXILIAR TÉCNICO DE EDUCAÇÃO."
742531,PL 511/2025,PL,511,2025,"ALTERA A LEI Nº 14.485, DE 19 DE JULHO DE 2007, PARA INCLUIR NO CALENDÁRIO DE EVENTOS DA CIDADE DE SÃO PAULO O DIA MUNICIPAL DE COMBATE À CULTURA DENOMINADA CELIBATÁRIOS INVOLUNTÁRIOS (“INCEL”), A SER COMEMORADO ANUALMENTE EM SETEMBRO."
742532,PL 512/2025,PL,512,2025,"DISPÕE SOBRE A OBRIGATORIEDADE DA APRESENTAÇÃO DA CARTEIRA DE IDENTIDADE NACIONAL (CIN) NO ATO DA MATRÍCULA NAS UNIDADES DA REDE MUNICIPAL DE ENSINO DE SÃO PAULO, E DÁ OUTRAS PROVIDÊNCIAS."
742533,PL 513/2025,PL,513,2025,"DISPÕE SOBRE A IMPLANTAÇÃO DE TECNOLOGIA DE COLETA BIOMÉTRICA EM MATERNIDADES PÚBLICAS DO MUNICÍPIO DE SÃO PAULO, COM USO DE SISTEMA INFANT.ID, PARA VINCULAÇÃO DA BIOMETRIA DOS RECÉM-NASCIDOS, ÀS DAS MÃES, E DÁ OUTRAS PROVIDÊNCIAS."
742534,PL 514/2025,PL,514,2025,DISPÕE SOBRE A INSTITUIÇÃO DO SELO ESCOLA PROTETORA NO ÂMBITO DO MUNICÍPIO DE SÃO PAULO E DÁ OUTRAS PROVIDÊNCIAS.
742537,PL 517/2025,PL,517,2025,ESTABELECE QUE EM LOCAIS DE GRANDE FLUXO DE PESSOAS HAJA ESPAÇO DE DESCOMPRESSÃO PARA PESSOAS COM AS CRISES DE TRANSTORNO DO ESPECTRO AUTISTA - TEA E DÁ OUTRAS PROVIDÊNCIAS.
742569,PL 518/2025,PL,518,2025,INSTITUI A VIRADA INCLUSIVA NO MUNICÍPIO DE SÃO PAULO E DÁ OUTRAS PROVIDÊNCIAS.
742600,PL 519/2025,PL,519,2025,"DISPÕE SOBRE A PROIBIÇÃO DA EXIGÊNCIA DO FORNECIMENTO DO NÚMERO DO CADASTRO DE PESSOAS FÍSICAS - CPF PARA A CONCESSÃO DE DESCONTOS EM FARMÁCIAS E DROGARIAS NO MUNICÍPIO DE SÃO PAULO, E DÁ OUTRAS PROVIDÊNCIAS."
742623,PL 520/2025,PL,520,2025,"AUTORIZA A CRIAÇÃO DO PARQUE BOSQUE DOS SALESIANOS, NA SUBPREFEITURA DA LAPA E DÁ OUTRAS PROVIDÊNCIAS."
742769,PL 522/2025,PL,522,2025,AUTORIZA O ESTABELECIMENTO DE NOVOS PARÂMETROS PARA RENOVAÇÃO DE CONTRATOS DOS AUXILIARES TÉCNICOS DE EDUCAÇÃO.
742833,PLO 5/2025,PLO,5,2025,"ACRESCENTA O INCISO IX AO ARTIGO 27, DA LEI ORGÂNICA DO MUNICÍPIO DE SÃO PAULO, PARA QUE, OBRIGATORIAMENTE, NA TERCEIRA SEGUNDA FEIRA DO MÊS DE FEVEREIRO, DE CADA ANO, SEJA REALIZADA UMA AUDIÊNCIA PÚBLICA PARA PRESTAÇÃO DE CONTAS DO EXERCÍCIO ANTERIOR, DANDO AINDA OUTRAS PROVIDÊNCIAS."
742858,PL 523/2025,PL,523,2025,DISPÕE SOBRE O ABONO DE FALTAS JUSTIFICADAS AOS EMPREGADOS(AS) NOS CONTRATOS DE PRESTAÇÃO DE SERVIÇO DA ADMINISTRAÇÃO PÚBLICA MUNICIPAL E DÁ OUTRAS PROVIDÊNCIAS.
742859,PL 524/2025,PL,524,2025,"INSTITUI O “SELO EMPRESA AMIGA DO CUIDADO”, DESTINADO A RECONHECER EMPRESAS QUE ABONEM FALTAS DE SEUS EMPREGADOS E EMPREGADAS PARA ACOMPANHAMENTO DE FILHOS, TUTELADOS OU PESSOAS SOB SUA RESPONSABILIDADE EM ATENDIMENTOS DE SAÚDE OU COMPROMISSOS ESCOLARES."
742918,PL 526/2025,PL,526,2025,"ESTABELECE A OBRIGATORIEDADE DO USO DE GUIA DE CONDUÇÃO PARA CÃES DE TODAS AS RAÇAS EM ESPAÇOS PÚBLICOS DO MUNICÍPIO, COM O INTUITO DE GARANTIR A SEGURANÇA, O BEM-ESTAR DOS ANIMAIS E A PROTEÇÃO DA POPULAÇÃO, PREVENINDO ACIDENTES, ATAQUES E BRIGAS, E PROMOVENDO UMA CONVIVÊNCIA MAIS RESPONSÁVEL E HARMONIOSA ENTRE CÃES, TUTORES E CIDADÃOS."
742934,PL 527/2025,PL,527,2025,DISPÕE SOBRE A CRIAÇÃO DO CONSELHO PARTICIPATIVO MUNICIPAL DE DEFESA ANIMAL NO MUNICÍPIO DE SÃO PAULO E DÁ OUTRAS PROVIDÊNCIAS.
742957,PL 528/2025,PL,528,2025,"DISPÕE SOBRE A ISENÇÃO DA TAXA DE INSCRIÇÃO EM CONCURSOS PÚBLICOS, PROCESSOS SELETIVOS MUNICIPAIS PROMOVIDOS PELA ADMINISTRAÇÃO PÚBLICA DIRETA E INDIRETA, VESTIBULARES E CURSOS DE CAPACITAÇÃO PROFISSIONAL, PRINCIPALMENTE EAD, PARA MÃES ATÍPICAS, NO MUNICÍPIO DE SÃO PAULO E DÁ OUTRAS PROVIDÊNCIAS."
743079,PL 529/2025,PL,529,2025,"DISPÕE SOBRE A REGULAMENTAÇÃO DE DESCONTOS DE MENSALIDADES FEITAS PELAS ASSOCIAÇÕES E DEMAIS ENTIDADES DE APOSENTADOS JUNTO AOS BENEFÍCIOS PREVIDENCIÁRIOS PAGOS PELO INSTITUTO DE PREVIDÊNCIA DO MUNICÍPIO DE SÃO PAULO, E DÁ OUTRAS PROVIDÊNCIAS."
743174,PL 530/2025,PL,530,2025,"AUTORIZA A GUARDA CIVIL METROPOLITANA AMBIENTAL DO MUNICÍPIO DE SÃO PAULO A AUTUAR E DETERMINAR A IMEDIATA SUSPENSÃO OU PARALISAÇÃO DE AÇÕES VOLTADAS À DEGRADAÇÃO AMBIENTAL EM ÁREAS DE PROTEÇÃO AMBIENTAL (APA), ÁREAS DE PRESERVAÇÃO PERMANENTE (APP) E DEMAIS ÁREAS DE VEGETAÇÃO NATIVA, PELO PRAZO DE 60 DIAS OU ATÉ A APRESENTAÇÃO DA LIBERAÇÃO DAS AUTORIDADES COMPETENTES, E DÁ OUTRAS PROVIDÊNCIAS."
743208,PL 531/2025,PL,531,2025,"INSTITUI O USO DO ""CORDÃO TULIPA VERMELHA"" COMO INSTRUMENTO AUXILIAR DE ORIENTAÇÃO PARA A IDENTIFICAÇÃO DE PESSOAS COM A DOENÇA DE PARKINSON NO MUNICÍPIO DE SÃO PAULO."
743277,PL 532/2025,PL,532,2025,"DISPÕE SOBRE A DENOMINAÇÃO DE PRAÇA ORIOVALDO DE CAMPOS MELLO, A PRAÇA INOMINADA ENTRE AS RUAS FERNÃO DIAS E AVENIDA BRIGADEIRO FARIA LIMA, PINHEIROS, CEP 05426-200, SP, DANDO AINDA OUTRAS PROVIDÊNCIAS."
743379,PL 534/2025,PL,534,2025,DISPÕE SOBRE A INSTALAÇÃO PREFERENCIAL DE INSTITUIÇÕES DE LONGA PERMANÊNCIA PARA IDOSOS –ILPIS NAS SUBPREFEITURAS DO MUNICÍPIO DE SÃO PAULO E DÁ OUTRAS PROVIDÊNCIAS.
743678,PL 535/2025,PL,535,2025,"AUTORIZA O PODER EXECUTIVO A DESAPROPRIAR, PARA FINS SOCIAIS E CULTURAIS, O IMÓVEL ONDE ESTÁ INSTALADO O ""ESPAÇO DOS SATYROS"" E DÁ OUTRAS PROVIDÊNCIAS."
743714,PL 536/2025,PL,536,2025,"ESTABELECE A OBRIGATORIEDADE DE INSTALAÇÃO DE SISTEMAS DE MONITORAMENTO POR CÂMERAS DE VIGILÂNCIA, PARA VERIFICAÇÃO DE FREQUÊNCIA E CONTROLE DE OCUPAÇÃO NOS CENTROS DE ACOLHIDA DO MUNICÍPIO DE SÃO PAULO, E DÁ OUTRAS PROVIDÊNCIAS."
743732,PR 55/2025,PR,55,2025,DISPÕE SOBRE A CRIAÇÃO DA “FRENTE PARLAMENTAR DAS FAMÍLIAS E DOS TERRITÓRIOS EM DEFESA DA ESCOLA PÚBLICA” E DÁ OUTRAS PROVIDÊNCIAS.
744036,PL 537/2025,PL,537,2025,INSTITUI A POLÍTICA MUNICIPAL DE FOMENTO À CRIAÇÃO DE LARES TEMPORÁRIOS PARA ANIMAIS NO MUNICÍPIO DE SÃO PAULO.
744039,PL 538/2025,PL,538,2025,"DISPÕE SOBRE A DEMISSÃO DE SERVIDOR PÚBLICO MUNICIPAL CONDENADO POR CRIME DE MAUS-TRATOS CONTRA ANIMAIS, VEDA A INVESTIDURA EM CARGOS PÚBLICOS E A CELEBRAÇÃO DE CONTRATOS COM O PODER PÚBLICO MUNICIPAL POR PESSOAS FÍSICAS CONDENADAS."
744040,PDL 33/2025,PDL,33,2025,DISPÕE SOBRE A OUTORGA DO TÍTULO DE CIDADÃO PAULISTANO A ALFREDO ALVES CAVALCANTE.
744165,PL 540/2025,PL,540,2025,"INSTITUI O PROGRAMA MUNICIPAL DE FANFARRAS EDUCATIVAS E CULTURAIS – PROMUFEC, NO MUNICÍPIO DE SÃO PAULO, E DÁ OUTRAS PROVIDÊNCIAS."
744194,PL 541/2025,PL,541,2025,INSTITUI A LEI BRUNA OLIVEIRA QUE ASSEGURA MEDIDAS DE SEGURANÇA URBANA PARA MULHERES NOS TRAJETOS ENTRE RESIDÊNCIAS E MEIOS DE TRANSPORTE PÚBLICO E DÁ OUTRAS PROVIDÊNCIAS.
744213,PL 542/2025,PL,542,2025,"ALTERA A LEI Nº 14.485, DE 19 DE JULHO DE 2007, PARA INCLUIR NO CALENDÁRIO DE EVENTOS DA CIDADE DE SÃO PAULO, A ""SEMANA MUNICIPAL DE COMBATE AO ABANDONO ESCOLAR NA ADOLESCÊNCIA""."
744229,PL 543/2025,PL,543,2025,INSTITUI A POLÍTICA MUNICIPAL DE DESENVOLVIMENTO SUSTENTÁVEL DOS POVOS E COMUNIDADES TRADICIONAIS.
744328,PL 544/2025,PL,544,2025,"INSTITUI A CRIAÇÃO DO DEPARTAMENTO DE CULTURA DENTRO DAS 32 SUBPREFEITURAS DO MUNICÍPIO, DANDO AINDA OUTRAS PROVIDÊNCIAS."
744331,PL 545/2025,PL,545,2025,"DISPÕE SOBRE A ISENÇÃO DO IMPOSTO PREDIAL E TERRITORIAL URBANO (IPTU) PARA IMÓVEIS LOCALIZADOS EM ZONA ESPECIAL DE INTERESSE SOCIAL – ZEIS, E DÁ OUTRAS PROVIDÊNCIAS."
744337,PL 546/2025,PL,546,2025,ASSEGURA À PESSOA EM TRATAMENTO ONCOLÓGICO ASSENTO PREFERENCIAL NA REDE DE TRANSPORTE PÚBLICO MUNICIPAL.
744361,PL 547/2025,PL,547,2025,DISPÕE SOBRE A OBRIGATORIEDADE DE UNIDADES DE SAÚDE NOTIFICAREM A DELEGACIA MAIS PRÓXIMA EM CASO DE UM INDIVÍDUO BALEADO DER ENTRADA NA UNIDADE.
744368,PL 549/2025,PL,549,2025,"DISPÕE SOBRE A VEDAÇÃO DE ATENDIMENTO MÉDICO-HOSPITALAR A BONECAS DO TIPO 'BEBÊ REBORN' EM UNIDADES PÚBLICAS E PRIVADAS DE SAÚDE NO MUNICÍPIO DE SÃO PAULO, E DÁ OUTRAS PROVIDÊNCIAS."
744603,PL 555/2025,PL,555,2025,"DENOMINA PRAÇA DR. JOÃO ALMEIDA, A PRAÇA INOMINADA LOCALIZADA EM FRENTE A RUA ÂNGELO DE LÚCIA, 387 - SANTO AMARO."
744605,PL 556/2025,PL,556,2025,DISPÕE SOBRE A IMPLEMENTAÇÃO DE FILTROS DE INTERNET NAS REDES WI-FI PÚBLICAS DAS ESCOLAS E ESPAÇOS PÚBLICOS MUNICIPAIS E DÁ OUTRAS PROVIDÊNCIAS.
744671,PL 557/2025,PL,557,2025,DISPÕE SOBRE A IMPLANTAÇÃO DE UNIDADES DE DESCOMPLICA DENTRO DE CADA ESTRUTURA DAS SUBPREFEITURAS DA CIDADE DE SÃO PAULO.
744685,PL 558/2025,PL,558,2025,DENOMINA A PRAÇA DERALDO PEREIRA DE OLIVEIRA COMPREENDIDA NO ENTRONCAMENTO DAS RUAS MANUEL DOS SANTOS SIMÕES COM A RUA ÁGUAS FÉRREAS E DÁ OUTRAS PROVIDÊNCIAS.
744860,PL 562/2025,PL,562,2025,"ACRESCENTA A EXPRESSÃO ""ORGULHO"" À DENOMINAÇÃO DA PRAÇA DA REPÚBLICA, SITUADA NO CENTRO DA CIDADE DE SÃO PAULO, EM RECONHECIMENTO À SUA RELEVÂNCIA PARA A POPULAÇÃO LGBTQIA+ E DÁ OUTRAS PROVIDÊNCIAS."
744900,PL 564/2025,PL,564,2025,"DISPÕE SOBRE A PROIBIÇÃO DE PROPAGANDA DE APOSTAS (BETS) E DE BEBIDAS ALCOÓLICAS EM EQUIPAMENTOS DESTINADOS À PRÁTICA ESPORTIVA, CULTURAL E LAZER, POR CRIANÇAS E ADOLESCENTES, BEM COMO, NO ENTORNO DE ESTABELECIMENTOS EDUCACIONAIS E EM ABRIGOS DE PONTOS DE ÔNIBUS, ESTAÇÕES DE EMBARQUE E DESEMBARQUE E  DÁ OUTRAS PROVIDÊNCIAS."
744956,PL 565/2025,PL,565,2025,"ALTERA A LEI Nº 18.210, DE 26 DE DEZEMBRO DE 2024, PARA INSERIR NA EXECUÇÃO DO PROGRAMA DE SEGURANÇA ALIMENTAR E NUTRICIONAL NO MUNICÍPIO DE SÃO PAULO A PRIORIDADE DA POPULAÇÃO PORTADORA DE DIABETES MELLITUS NO PROGRAMA CIDADE SOLIDÁRIA."
745042,PL 566/2025,PL,566,2025,"CRIA A POLÍTICA MUNICIPAL INTEGRADA PARA A EFETIVAÇÃO DO DIREITO DE CRIANÇAS E ADOLESCENTES À NATUREZA E AO MEIO AMBIENTE SAUDÁVEL – PMIDCNMAS COM ABSOLUTA PRIORIDADE, ALTERA A LEI N°11.123 DE 22 DE NOVEMBRO DE 1991 E A LEI Nº 14.933, DE 5 DE JUNHO DE 2009, QUE “INSTITUI A POLÍTICA MUNICIPAL DE MUDANÇAS CLIMÁTICAS”."
745089,PL 567/2025,PL,567,2025,DISPÕE SOBRE A PROIBIÇÃO DA COMERCIALIZAÇÃO DE MASCARÁS DE LÁTEX REALISTAS NO MUNICÍPIO E DÁ OUTRAS PROVIDÊNCIAS.
745116,PL 569/2025,PL,569,2025,DISPÕE SOBRE A PROIBIÇÃO DO USO DE BONECOS REBORN EM SERVIÇOS PÚBLICOS OU ESPAÇOS PÚBLICOS DESTINADOS À CRIANÇA E ESTABELECE PENALIDADES.
745120,PL 570/2025,PL,570,2025,DISPÕE SOBRE A PROIBIÇÃO DO USO DE BONECOS REBORN PARA OBTENÇÃO INDEVIDA DE ATENDIMENTO PREFERENCIAL E ESTABELECE PENALIDADES.
745334,PL 572/2025,PL,572,2025,"ALTERA A LEI Nº 17.245, DE 11 DE DEZEMBRO DE 2019, QUE DISPÕE SOBRE INCENTIVO À PRÁTICA DE ATIVIDADES FÍSICAS E ESPORTIVAS NO MUNICÍPIO DE SÃO PAULO E DÁ OUTRAS PROVIDÊNCIAS."
745358,PL 573/2025,PL,573,2025,"ALTERA OS ARTIGOS 158 E 159 DA LEI Nº 16.050, DE 31 DE JULHO DE 2014 (PLANO DIRETOR ESTRATÉGICO DO MUNICÍPIO DE SÃO PAULO), PARA INCLUIR ENTRE OS BENEFICIÁRIOS DO PAGAMENTO POR SERVIÇOS AMBIENTAIS OS CATADORES E CATADORAS DE MATERIAIS RECICLÁVEIS E PREVER PROGRAMAS ESPECÍFICOS VOLTADOS À COLETA SELETIVA MANUAL URBANA."
745379,PR 56/2025,PR,56,2025,DISPÕE SOBRE A FRENTE PARLAMENTAR EM DEFESA DO ESPORTE E DO FUTEBOL DE VÁRZEA NA CIDADE DE SÃO PAULO.
745465,PL 576/2025,PL,576,2025,DISPÕE SOBRE A CRIAÇÃO DO PROGRAMA DE CONSCIENTIZAÇÃO E PREVENÇÃO AOS RISCOS DOS JOGOS DE APOSTAS ONLINE NAS ESCOLAS.
745616,PL 581/2025,PL,581,2025,AUTORIZA O PODER EXECUTIVO A CONCEDER GRATUIDADE NO SISTEMA DE TRANSPORTE MUNICIPAL NOS DIAS DA VIRADA CULTURAL.
745619,PL 582/2025,PL,582,2025,"INSTITUI O PROGRAMA ""ENCONTRE SEU PET"" NO MUNICÍPIO DE SÃO PAULO, QUE CONSISTE NA CRIAÇÃO DE UMA PLATAFORMA DIGITAL COM GEOLOCALIZAÇÃO E ALERTAS EM TEMPO REAL PARA LOCALIZAÇÃO DE ANIMAIS DESAPARECIDOS, E DÁ OUTRAS PROVIDÊNCIAS."
745878,PL 584/2025,PL,584,2025,"ALTERA  A  DENOMINAÇÃO  DO  LOGRADOURO  QUE  ESPECIFICA, LOCALIZADO  NO  CODLOG  18.323-7,  PARA  MARIA  DO SOCORRO  ANTUNES  KRAUTHAMER."
745879,PL 585/2025,PL,585,2025,DISPÕE SOBRE A FISCALIZAÇÃO DE IMÓVEIS UTILIZADOS REITERADAMENTE PARA PRÁTICAS ILÍCITAS NO CENTRO DO MUNICÍPIO DE SÃO PAULO E DÁ OUTRAS PROVIDÊNCIAS.
745911,PL 586/2025,PL,586,2025,"DISPÕE SOBRE A AUTORIZAÇÃO PARA QUE O MUNICÍPIO DE SÃO PAULO CELEBRE CONVÊNIOS, TERMOS DE COOPERAÇÃO OU OUTROS INSTRUMENTOS JURÍDICOS COM O ESTADO DE SÃO PAULO E A UNIÃO, VISANDO GARANTIR O DIREITO À MORADIA ADEQUADA DOS MORADORES DA COMUNIDADE DO MOINHO, MEDIANTE A ADOÇÃO DA POLÍTICA DE REALOCAÇÃO HABITACIONAL CONDICIONADA AO PRINCÍPIO DA ""CHAVE POR CHAVE""."
745942,PL 587/2025,PL,587,2025,"ALTERA A LEI MUNICIPAL Nº 8989, DE 29 DE OUTUBRO DE 1979, QUE DISPÕE SOBRE O ESTATUTO DOS FUNCIONÁRIOS PÚBLICOS DO MUNICÍPIO DE SÃO PAULO, PARA PERMITIR O ACOMPANHAMENTO DE CÔNJUGE OU COMPANHEIRA, QUANDO DO DIAGNÓSTICO E NA FASE DO TRATAMENTO DO CÂNCER DE MAMA, NOS DIAS DE SESSÕES DE QUIMIOTERAPIA, RADIOTERAPIA OU HORMONIOTERAPIA, DEVIDAMENTE COMPROVADO, E DÁ OUTRAS PROVIDÊNCIAS."
746077,PL 589/2025,PL,589,2025,"DISPÕE SOBRE A ROTA TURÍSTICA DO MUNICÍPIO DE SÃO PAULO “MEMÓRIA, VERDADE E JUSTIÇA” VOLTADA À DIFUSÃO DOS LOCAIS QUE REMETEM AO PERÍODO DA DITADURA MILITAR E DE SUAS VÍTIMAS."
746079,PL 590/2025,PL,590,2025,"DISPÕE SOBRE A CRIAÇÃO DO PROGRAMA PRIMEIRA PARADA, DESTINADO A DISTRIBUIÇÃO DE CAFÉ DA MANHÃ GRATUITO À POPULAÇÃO EM SITUAÇÃO DE VULNERABILIDADE SOCIAL E EM SITUAÇÃO DE RUA, POR MEIO DE UNIDADES MÓVEIS ITINERANTES, E DÁ OUTRAS PROVIDÊNCIAS."
746081,PL 591/2025,PL,591,2025,DISPÕE SOBRE A ISENÇÃO DE TARIFAS NO SISTEMA DE TRANSPORTE COLETIVO PÚBLICO DE PASSAGEIROS DO MUNICÍPIO DE SÃO PAULO DURANTE A REALIZAÇÃO DE GRANDES EVENTOS DA CIDADE.
746117,PL 592/2025,PL,592,2025,"DISPÕE SOBRE CRITÉRIOS PARA CONSULTA, EXECUÇÃO, SUPERVISÃO E APROVAÇÃO PARA OBRAS PÚBLICAS DE REFORMAS OU CONSTRUÇÃO DE PISTAS DE SKATE NO MUNICÍPIO DE SÃO PAULO."
746166,PL 593/2025,PL,593,2025,"DISPÕE SOBRE O FUNCIONAMENTO ININTERRUPTO DOS EQUIPAMENTOS PÚBLICOS DE SAÚDE E ASSISTÊNCIA SOCIAL VINCULADOS À SECRETARIA MUNICIPAL DA SAÚDE (SMS), À SECRETARIA MUNICIPAL DE ASSISTÊNCIA E DESENVOLVIMENTO SOCIAL (SMADS)
E ÀS SUBPREFEITURAS NOS FINAIS DE SEMANA E FERIADOS NO MUNICÍPIO DE SÃO PAULO."
746392,PL 596/2025,PL,596,2025,"INSTITUI O PROGRAMA DE TRANSPORTE GRATUITO OU SUBSIDIADO À JOVEM ADVOCACIA, NO ÂMBITO DO ESTADO DE SÃO PAULO, E DÁ OUTRAS PROVIDÊNCIAS."
746434,PDL 36/2025,PDL,36,2025,"SUSTA A INSTRUÇÃO NORMATIVA SME Nº 25, DE 25 DE ABRIL DE 2025 QUE INSTITUI O PROGRAMA JUNTOS PELA APRENDIZAGEM NA REDE MUNICIPAL DE ENSINO."
746449,PL 597/2025,PL,597,2025,DISPÕE SOBRE MEDIDAS DE SEGURANÇA PÚBLICA PARA GARANTIR O FUNCIONAMENTO ININTERRUPTO DO TRANSPORTE COLETIVO MUNICIPAL EM SÃO PAULO E COIBIR BLOQUEIOS INDEVIDOS EM VIAS PÚBLICAS.
746473,PR 58/2025,PR,58,2025,"INSTITUI, NO ÂMBITO DA CÂMARA MUNICIPAL DE SÃO PAULO, A FRENTE PARLAMENTAR EM DEFESA DA PAZ SONORA URBANA E DÁ OUTRAS PROVIDÊNCIAS."
746580,PL 600/2025,PL,600,2025,DISPÕE SOBRE A AMPLIAÇÃO DOS LIMITES DE EMISSÃO SONORA EM DECIBÉIS DURANTE A REALIZAÇÃO DE CULTOS RELIGIOSOS NO MUNICÍPIO DE SÃO PAULO E DÁ OUTRAS PROVIDÊNCIAS.
746716,PL 601/2025,PL,601,2025,AUTORIZA A CONCESSÃO DE PASSE LIVRE NO TRANSPORTE PÚBLICO MUNICIPAL AOS AGENTES COMUNITÁRIOS DE SAÚDE E DÁ OUTRAS PROVIDÊNCIAS.
746883,PL 602/2025,PL,602,2025,"ALTERA A ALÍQUOTA DO IMPOSTO SOBRE SERVIÇOS DE QUALQUER NATUREZA - ISS SOBRE AS ATIVIDADES DAS FRANQUIAS POSTAIS, PREVISTO NA LEI 13.701 DE 24 DE DEZEMBRO DE 2013, E FIXA OUTRAS PROVIDÊNCIAS."
746884,PL 603/2025,PL,603,2025,"DISPÕE SOBRE A IMPLEMENTAÇÃO DE MEDIDAS ESPECIALIZADAS VOLTADAS AO ATENDIMENTO MÉDICO, EXAMES E VACINAÇÃO DE MULHERES LÉSBICAS, BISSEXUAIS E PESSOAS TRANS COM ÚTERO."
746899,PL 604/2025,PL,604,2025,"DISPÕE SOBRE A INSTALAÇÃO OU ADEQUAÇÃO DE LINHAS DE TRANSPORTE PÚBLICO COLETIVO MUNICIPAL PARA ATENDER, PRINCIPALMENTE, A POPULAÇÃO COM POUCA MOBILIDADE ATIVA, COM DEFICIÊNCIA, MÃES COM CRIANÇAS PEQUENAS OU DE COLO, GESTANTES, IDOSOS E PESSOAS GORDAS, NO ACESSO AOS EQUIPAMENTOS PÚBLICOS DE SAÚDE NO MUNICÍPIO DE SÃO PAULO, E DÁ OUTRAS PROVIDÊNCIAS."
746914,PL 607/2025,PL,607,2025,"DENOMINA PRAÇA LEONTINA SOARES DE MORAES O ESPAÇO PÚBLICO INOMINADO LOCALIZADO NO CRUZAMENTO DA RUA BARNABÉ COUTINHO (CEP: 02730-060) COM A RUA PASCOAL DA COSTA (CEP: 02730-020), NA VILA ALBERTINA, SUBPREFEITURA DA FREGUESIA DO Ó/BRASILÂNDIA, NO MUNICÍPIO DE SÃO PAULO, E DÁ OUTRAS PROVIDÊNCIAS."
746939,PL 608/2025,PL,608,2025,"INSTITUI O DIA MUNICIPAL DE CONSCIENTIZAÇÃO SOBRE O CLIMATÉRIO, PERIMENOPAUSA E MENOPAUSA."
746940,PL 609/2025,PL,609,2025,DISPÕE SOBRE O DIREITO À LICENÇA-PATERNIDADE DO SERVIDOR MUNICIPAL E DÁ OUTRAS PROVIDÊNCIAS.
747297,PL 610/2025,PL,610,2025,INSTITUI O PROGRAMA MUNICIPAL DE EDUCAÇÃO ALIMENTAR E ATIVIDADE FÍSICA NAS ESCOLAS PARA A PREVENÇÃO DA OBESIDADE INFANTIL E DISPÕE SOBRE A CRIAÇÃO DE UM SISTEMA DE PRONTUÁRIO PARA ACOMPANHAMENTO NUTRICIONAL E FÍSICO DOS ALUNOS.
747500,PL 611/2025,PL,611,2025,"DENOMINA PRAÇA CLARICE GONSALES DOS SANTOS O ESPAÇO PÚBLICO INOMINADO, LOCALIZADO NA ROTATÓRIA ENTRE A RUA MARIA JOSÉ ALVES DE JESUS, RUA RAIMUNDO DE PAULO FREITAS E RUA BENEDITO DE SOUSA BORGES, SUBPREFEITURA ITAIM PAULISTA, E DÁ OUTRAS PROVIDÊNCIAS."
747501,PL 612/2025,PL,612,2025,"DENOMINA PRAÇA NOSSA SENHORA DO ROSÁRIO O ESPAÇO PÚBLICO INOMINADO, LOCALIZADO ENTRE A RUA CANTARRICOS, RUA ASTÚRIAS E AV. ENGENHEIRO CAETANO ALVARES, SUBPREFEITURA CASA VERDE/CACHOEIRINHA, E DÁ OUTRAS PROVIDÊNCIAS."
747516,PL 613/2025,PL,613,2025,"REGULAMENTA E CRIA ESTACIONAMENTO ROTATIVO PARA O CARAVANISTA E/OU PONTO DE APOIO AO CARAVANISTA, GRATUITO E/OU ONEROSO PARA VEÍCULOS DE RECREAÇÃO (RV’S), ESTABELECE ATIVIDADES CARAVANISTAS, RECONHECENDO-AS COMO IMPORTANTE VALOR CULTURAL, ECONÔMICO E TURÍSTICO, E DÁ OUTRAS PROVIDÊNCIAS."
747667,PL 614/2025,PL,614,2025,DETERMINA QUE UMA DAS AULAS SEMANAIS DE EDUCAÇÃO FÍSICA DA REDE MUNICIPAL DE ENSINO SEJA DESTINADA AO ENSINO DE ALGUMA MODALIDADE DE LUTA CORPORAL ÀS ALUNAS.
747695,PL 615/2025,PL,615,2025,"CRIA O PROGRAMA MUNICIPAL “DE VOLTA PARA SUA CASA”, COM A FINALIDADE DE AUXILIAR O RETORNO PARA A CIDADE NATAL DE PESSOA QUE POSSUI NATURALIDADE EM OUTRO MUNICÍPIO E QUE DESEJA RETORNAR PARA SUA CIDADE DE ORIGEM E ESTÁ EM SITUAÇÃO DE RUA, POBREZA EXTREMA, MISÉRIA OU QUE UTILIZA OS LOGRADOUROS PÚBLICOS OU ÁREAS DEGRADADAS COMO ESPAÇO DE MORADIA E DE SUSTENTO, DE FORMA TEMPORÁRIA OU PERMANENTE, BEM COMO AS UNIDADES DE ACOLHIMENTO PARA PERNOITE TEMPORÁRIO OU COMO MORADIA PROVISÓRIA, E DÁ OUTRAS PROVIDÊNCIAS."
747710,PL 616/2025,PL,616,2025,DISPÕE SOBRE NORMAS DE FUNCIONAMENTO DOS ZOOLÓGICOS E AQUÁRIOS EM SÃO PAULO E DÁ OUTRAS PROVIDÊNCIAS.
747715,PL 617/2025,PL,617,2025,"INSTITUI O SELO ""AMIGO DOS ANIMAIS"" DE RECONHECIMENTO A EMPRESAS, ASSOCIAÇÕES E FUNDAÇÕES QUE SE DESTAQUEM NA PROMOÇÃO DE INICIATIVAS DE PROTEÇÃO ANIMAL."
747718,PL 618/2025,PL,618,2025,PROÍBE O USO DE ABRAÇADEIRAS DE NYLON NA REALIZAÇÃO DE CASTRAÇÃO EM ANIMAIS DOMÉSTICOS.
747745,PL 619/2025,PL,619,2025,"AUTORIZA O PODER EXECUTIVO A REALIZAR A CONCESSÃO ADMINISTRATIVA DE USO DA ÁREA DE PROPRIEDADE MUNICIPAL SITUADA NA RUA DOS GUSMÕES, SANTA IFIGÊNIA."
747795,PL 620/2025,PL,620,2025,DISPÕE SOBRE A REGULAÇÃO DOS SERVIÇOS DE TRANSPORTE REMUNERADO PRIVADO INDIVIDUAL DE PASSAGEIROS E DE FRETE PRESTADOS POR EMPRESAS QUE OPERAM POR MEIO DE APLICATIVO NO MUNICÍPIO DE SÃO PAULO E DÁ OUTRAS PROVIDÊNCIAS.
747868,PL 623/2025,PL,623,2025,"ALTERA A LEI N º 17.703, DE 3 DE NOVEMBRO DE 2021, PARA DAR NOVA REDAÇÃO AO §4º E INCLUIR O §5º, AMBOS DO ART. 1º, E DÁ OUTRAS PROVIDÊNCIAS. [ESTABELECE REGRAS CLARAS PARA A RECEPÇÃO, RECUSA E GUARDA TEMPORÁRIA DE ANIMAIS ENTREGUES VOLUNTARIAMENTE POR CIDADÃOS OU INSTITUIÇÕES.]"
747875,PL 624/2025,PL,624,2025,"DISPÕE SOBRE A VEDAÇÃO DA OBRIGATORIEDADE DE PARTICIPAÇÃO DE SERVIDORES PÚBLICOS MUNICIPAIS EM CURSOS, TREINAMENTOS OU CAPACITAÇÕES FORA DO LOCAL DE TRABALHO SEM SUA EXPRESSA ANUÊNCIA."
747987,PL 625/2025,PL,625,2025,INSTITUI A POLÍTICA MUNICIPAL DE HUMANIZAÇÃO DO LUTO MATERNO E PARENTAL NO ÂMBITO DO MUNICÍPIO DE SÃO PAULO.
748002,PL 627/2025,PL,627,2025,"ALTERA A DENOMINAÇÃO DA PRAÇA CAIO EGYDIO DE SOUZA ARANHA, LOCALIZADA NO BAIRRO VILA DO ENCONTRO, CEP 04324-230, PARA PRAÇA CAIO DE XANGÔ."
748241,PL 630/2025,PL,630,2025,DISPÕE SOBRE A ISENÇÃO DE TARIFAS NO SISTEMA DE TRANSPORTE COLETIVO PÚBLICO DE PASSAGEIROS DO MUNICÍPIO DE SÃO PAULO DURANTE A REALIZAÇÃO DA PARADA DO ORGULHO LGBTQIA+ E DÁ OUTRAS PROVIDÊNCIAS.
748243,PL 631/2025,PL,631,2025,"DISPÕE SOBRE ALTERAÇÃO DA LEI Nº 17.913, DE 17 DE FEVEREIRO DE 2023 [DISPÕE SOBRE A CRIAÇÃO DO QUADRO DE FISCALIZAÇÃO DE POSTURAS MUNICIPAIS – QFPM, COM PLANO DE CARREIRA, REENQUADRA OS CARGOS E FUNÇÕES DE AGENTE VISTOR, DO QUADRO DE AGENTES VISTORES – QAV], RETIRANDO DO ANEXO IV DA PRESENTE LEI A OBRIGATORIEDADE DE PAGAMENTO DOS ADICIONAIS DE INSALUBRIDADE, PERICULOSIDADE E PENOSIDADE, MANTENDO APENAS A GRATIFICAÇÃO POR RISCO DE VIDA E SAÚDE, DANDO AINDA OUTRAS PROVIDÊNCIAS."
748247,PL 632/2025,PL,632,2025,"TRATA DA DISPONIBILIZAÇÃO DA ESPECIALIDADE DE GERONTOLOGIA NA REDE MUNICIPAL, A SER IMPLANTADA NOS AMBULATÓRIOS, POSTOS DE SAÚDE E UNIDADES DE REFERÊNCIA À SAÚDE DO IDOSO (URSI), DANDO AINDA OUTRAS PROVIDÊNCIAS."
748286,PR 60/2025,PR,60,2025,INSTITUI O “PRÊMIO FLÁVIO JORGE” A PROJETOS EDUCACIONAIS ANTIRRACISTAS DESENVOLVIDOS NA REDE PÚBLICA PAULISTANA.
748287,PL 634/2025,PL,634,2025,"DISPÕE SOBRE A PREVENÇÃO E O COMBATE AO RACISMO E À XENOFOBIA NA ADMINISTRAÇÃO PÚBLICA MUNICIPAL DIRETA, AUTÁRQUICA E FUNDACIONAL."
748379,PL 636/2025,PL,636,2025,"INSTITUI NA CIDADE DE SÃO PAULO A SEMANA DE COMBATE AO VÍCIO EM APOSTAS ESPORTIVAS E JOGOS DE AZAR, A SER REALIZADA NA SEGUNDA SEMANA DO MÊS DE JANEIRO."
748433,PL 638/2025,PL,638,2025,"DECLARA O TRANÇADO COMO PATRIMÔNIO IMATERIAL DO MUNICÍPIO DE SÃO PAULO, RECONHECENDO SUA RELEVÂNCIA HISTÓRICA."
748617,PLO 6/2025,PLO,6,2025,"ACRESCENTA O PARAGRÁFO ÚNICO AO ART. 224 DA LEI ORGÂNICA DO MUNICÍPIO DE SÃO PAULO, PARA DISPOR SOBRE AÇÕES PERMANENTES DE PREVENÇÃO À VIOLÊNCIA CONTRA A MULHER POR MEIO DA EDUCAÇÃO E DA CONSCIENTIZAÇÃO."
748792,PL 643/2025,PL,643,2025,DISPÕE SOBRE A CRIAÇÃO DA INSPETORIA DE ATENDIMENTO AO TURISTA DA GUARDA CIVIL METROPOLITANA – “INSPETUR” E DÁ OUTRAS PROVIDÊNCIAS.
748794,PL 644/2025,PL,644,2025,"DISPÕE SOBRE A GARANTIA DO ACESSO AO TRATAMENTO CLÍNICO ESPECIALIZADO E PRECOCE EM DISTÚRBIOS DE FALA E COMUNICAÇÃO NA INFÂNCIA NO MUNICÍPIO DE SÃO PAULO, E DÁ OUTRAS PROVIDÊNCIAS."
748841,PL 645/2025,PL,645,2025,"DISPÕE SOBRE A IMPLEMENTAÇÃO DE UM PROGRAMA NA REDE DE EDUCAÇÃO MUNICIPAL DE SÃO PAULO, ABRANGENDO INSTITUIÇÕES PÚBLICAS E PRIVADAS, PARA ORIENTAR PAIS, RESPONSÁVEIS E ALUNOS, BEM COMO CAPACITAR PROFESSORES SOBRE OS IMPACTOS NEGATIVOS DE MÚSICAS QUE CONTENHAM APOLOGIA AO CRIME, AO USO DE DROGAS, CONTEÚDO PORNOGRÁFICO E LINGUAGEM OBSCENA."
748855,PL 646/2025,PL,646,2025,"DISPÕE SOBRE A PROMOÇÃO DO BEM-ESTAR ANIMAL E PUNIÇÃO DE MAUS-TRATOS EM ESTABELECIMENTOS PRESTADORES DE SERVIÇOS DE BANHO & TOSA E CUIDADOS ESTÉTICOS, TAIS COMO PETSHOPS, E DÁ OUTRAS PROVIDÊNCIAS."
748899,PL 648/2025,PL,648,2025,"DISPÕE SOBRE A VEDAÇÃO DA EUTANÁSIA DE CÃES E GATOS NO MUNICÍPIO DE SÃO PAULO, ESTABELECE EXCEÇÕES, REVOGA DISPOSITIVO DA LEI Nº 13.131, DE 18 DE MAIO DE 2001, E DÁ OUTRAS PROVIDÊNCIAS."
748900,PL 649/2025,PL,649,2025,ESTABELECE RESTRIÇÕES ÀS MEDIDAS DE DESESTATIZAÇÃO QUE ENVOLVAM A ÁREA DO VALE DO ANHANGABAÚ.
749073,PL 650/2025,PL,650,2025,INSTITUI O FUNDO MUNICIPAL DE PROMOÇÃO DOS DIREITOS LGBTQIA+ (FUMLGBT-SP) E DÁ OUTRAS PROVIDÊNCIAS.
749121,PL 652/2025,PL,652,2025,INSTITUI O PROGRAMA DENOMINADO “LAR TRANSCESTRAL” DE ACOLHIMENTO DE LONGA PERMANÊNCIA PARA PESSOAS IDOSAS LGBTQIA+ NO MUNICÍPIO DE SÃO PAULO E DÁ OUTRAS PROVIDÊNCIAS.
749139,PL 654/2025,PL,654,2025,"DENOMINA PRAÇA OSWALDO GRANT O ESPAÇO PÚBLICO  DELIMITADO PELAS RUA CARLOS CAMARGO ARANHA E PELA RUA PROFESSOR JOAQUIM OSÓRIO DE AZEVEDO, NO DISTRITO DE SANTANA, NA SUBPREFEITURA DE SANTANA-TUCURUVI."
749240,PR 62/2025,PR,62,2025,CRIA A FRENTE PARLAMENTAR DE DEFESA DOS DIREITOS DAS PESSOAS COM DEFICIÊNCIA NA CÂMARA MUNICIPAL DE SÃO PAULO.
749272,PL 655/2025,PL,655,2025,"DISPÕE SOBRE A ELABORAÇÃO DE ESTATÍSTICAS SOBRE A VIOLÊNCIA CONTRA A POPULAÇÃO PRETA NO ÂMBITO DO MUNICÍPIO DE SÃO PAULO, E DÁ OUTRAS PROVIDÊNCIAS."
749289,PL 656/2025,PL,656,2025,"DISPÕE SOBRE A ELABORAÇÃO DE ESTATÍSTICAS SOBRE A VIOLÊNCIA CONTRA A POPULAÇÃO LGBTQIAP+ NO ÂMBITO DO MUNICÍPIO DE SÃO PAULO, E DÁ OUTRAS PROVIDÊNCIAS."
749344,PL 657/2025,PL,657,2025,"ALTERA REDAÇÃO E ACRESCENTA-SE PARÁGRAFO À LEI 14.071, DE 18 DE OUTUBRO DE 2005, E DÁ OUTRAS PROVIDÊNCIAS. [AS PENALIDADES POR INADIMPLÊNCIA PREVISTAS NA LEGISLAÇÃO NÃO DEVEM
RECAIR SOBRE AS COOPERATIVAS E ASSOCIAÇÕES GESTORAS DOS RECURSOS, MAS APENAS SOBRE OS NÚCLEOS ARTÍSTICOS E RESPECTIVOS MEMBROS QUE INCORREREM EM IRREGULARIDADES]"
749549,PL 661/2025,PL,661,2025,"CRIA O PROGRAMA DE OPORTUNIDADES PARA A JUVENTUDE NEGRA E PERIFÉRICA, DESTINADO À AMPLIAÇÃO DO ACESSO AO EMPREGO, À FORMAÇÃO PROFISSIONAL PARA JOVENS NEGROS E PERIFÉRICOS NO MUNICÍPIO DE SÃO PAULO."
749778,PL 662/2025,PL,662,2025,"DISPÕE SOBRE A ALTERAÇÃO DE DENOMINAÇÃO DA AVENIDA PRESIDENTE CASTELO BRANCO PARA AVENIDA JORNALISTA AUDÁLIO DANTAS, EM CONFORMIDADE COM O DECRETO MUNICIPAL N° 57.146/2016 QUE INSTITUI O PROGRAMA RUAS DE MEMÓRIA E DÁ OUTRAS PROVIDÊNCIAS."
749832,PL 663/2025,PL,663,2025,"NORMATIZA A EXPOSIÇÃO DE CARTAZES E OU PLACAS INFORMATIVAS, EM LOCAIS DE GRANDE CIRCULAÇÃO DE PESSOAS, COM ORIENTAÇÕES QUE FACILITAM A IDENTIFICAÇÃO DE UM ACIDENTE VASCULAR CEREBRAL (AVC), DANDO AINDA OUTRAS PROVIDÊNCIAS."
749842,PL 664/2025,PL,664,2025,"ALTERA A LEI Nº 14.485, DE 19 DE JULHO DE 2007, PARA INSTITUIR O MÊS “MAIO VERMELHO DE CONSCIENTIZAÇÃO E PREVENÇÃO DE DOENÇAS CARDIOVASCULARES, DANDO AINDA OUTRAS PROVIDÊNCIAS."
749994,PL 665/2025,PL,665,2025,DISPÕE SOBRE A INSTALAÇÃO DE CAIXAS DE CORREIOS COMUNITÁRIAS NAS FAVELAS E COMUNIDADES URBANAS DA CIDADE DE SÃO PAULO E DÁ OUTRAS PROVIDÊNCIAS.
749996,PL 666/2025,PL,666,2025,"DISPÕE SOBRE A OBRIGATORIEDADE DE PUBLICAÇÃO SEMESTRAL DE MAPAS DE CALOR URBANO DA CIDADE DE SÃO PAULO, COM METAS DE PLANTIO DE ÁRVORES OU AÇÕES DE MITIGAÇÃO TÉRMICA POR SUBPREFEITURA."
750006,PL 667/2025,PL,667,2025,FICA DENOMINADA PRAÇA PIANISTA CLEUSA RODRIGUES RODRIGUES A PRAÇA INOMINADA SITUADA NA RUA PADRE LAMBERTO MARTIM S/N - JARDIM PINHEIROS – SUBPREFEITURA DE PINHEIROS
750009,PL 668/2025,PL,668,2025,"INSTITUI O PROGRAMA ‘FALA AÍ, POLÍCIA!’ QUE VISA A INTEGRAÇÃO ENTRE A POLÍCIA MILITAR, A GUARDA CIVIL METROPOLITANA E AS ESCOLAS MUNICIPAIS DA CIDADE DE SÃO PAULO E DÁ OUTRAS PROVIDÊNCIAS."
750039,PL 669/2025,PL,669,2025,"INSTITUI O PROGRAMA MUNICIPAL DE EMPREGABILIDADE E INCLUSÃO PROFISSIONAL DE PESSOAS TRANSEXUAIS E TRAVESTIS, COM FOCO NA PROMOÇÃO DA IGUALDADE DE OPORTUNIDADES NO MERCADO DE TRABALHO, NO MUNICÍPIO DE SÃO PAULO."
750040,PL 670/2025,PL,670,2025,"INSTITUI O SELO DE DIREITOS HUMANOS E DIVERSIDADE - XICA MANICONGO, DESTINADO AO RECONHECIMENTO E FOMENTO DE INICIATIVAS DE INCLUSÃO E PROMOÇÃO DOS DIREITOS HUMANOS E DA DIVERSIDADE."
750041,PL 671/2025,PL,671,2025,"DISPÕE SOBRE O USO DO NOME SOCIAL DE PESSOAS TRANS DE FORMA PÓSTUMA NO MUNICÍPIO DE SÃO PAULO, GARANTINDO SUA INCLUSÃO EM CERTIDÕES DE ÓBITO, DOCUMENTOS RELACIONADOS E DEMAIS PRÁTICAS FUNERÁRIAS, E DÁ OUTRAS PROVIDÊNCIAS."
750042,PL 672/2025,PL,672,2025,"DISPÕE SOBRE A REQUALIFICAÇÃO URBANA DE ESPAÇOS PÚBLICOS RECONHECIDOS COMO PONTOS HISTÓRICOS DE RESISTÊNCIA, CONVIVÊNCIA E SOCIABILIDADE DA POPULAÇÃO LGBTQIAPN+."
750114,PL 675/2025,PL,675,2025,"INSTITUI O CIRCUITO SPCINE COMO POLÍTICA PÚBLICA PERMANENTE DE DEMOCRATIZAÇÃO DO ACESSO AO CINEMA E À FORMAÇÃO AUDIOVISUAL NO MUNICÍPIO DE SÃO PAULO, E DÁ OUTRAS PROVIDÊNCIAS"
750115,PL 676/2025,PL,676,2025,"INSTITUI O CIRCUITO AZUL SPCINE, COM SESSÕES ACESSÍVEIS MENSAIS DEDICADAS A PESSOAS COM TRANSTORNO DO ESPECTRO AUTISTA (TEA), NO ÂMBITO DO CIRCUITO SPCINE, E DÁ OUTRAS PROVIDÊNCIA."
750189,PL 677/2025,PL,677,2025,"INSTITUI O PROGRAMA DE ENSINO DA HISTÓRIA E CULTURA AFRO-BRASILEIRA E INDÍGENA “SÃO PAULO DE DANDARA E PIATÃ” NAS ESCOLAS DO MUNICÍPIO DE SÃO PAULO, E DÁ OUTRAS PROVIDÊNCIAS."
750190,PL 678/2025,PL,678,2025,INSTITUI O PROGRAMA DE JUSTIÇA CLIMÁTICA PARA PERIFERIAS E FAVELAS NO MUNICÍPIO DE SÃO PAULO E DÁ OUTRAS PROVIDÊNCIAS.
750194,PL 679/2025,PL,679,2025,CRIA O PLANO DE TRANSIÇÃO ENERGÉTICA PARA COMUNIDADES DE BAIXA RENDA E DÁ OUTRAS PROVIDÊNCIAS.
750370,PL 681/2025,PL,681,2025,RECONHECE A PROFISSÃO DE VIGILANTE E AGENTE DE SEGURANÇA PRIVADA COMO ATIVIDADE DE RISCO NO MUNICÍPIO DE SÃO PAULO E ESTABELECE DIRETRIZES PARA SUA REGULAMENTAÇÃO.
750377,PR 63/2025,PR,63,2025,DISPÕE SOBRE A CRIAÇÃO DA FRENTE PARLAMENTAR EM APOIO AOS CURSINHOS COMUNITÁRIOS E POPULARES PARA CURSOS TÉCNICOS E UNIVERSIDADES NO ÂMBITO DA CÂMARA MUNICIPAL DE SÃO PAULO E DÁ OUTRAS PROVIDÊNCIAS.
750419,PL 685/2025,PL,685,2025,"DENOMINA “TRAVESSA SATÉLITE NOTURNO” O LOGRADOURO PÚBLICO INOMINADO LOCALIZADO NO BAIRRO JARDIM IPORÃ, MUNICÍPIO DE SÃO PAULO."
750639,PL 689/2025,PL,689,2025,"ALTERA A REDAÇÃO DO ART. 22 DA LEI MUNICIPAL Nº 17.202, DE 16 DE OUTUBRO DE 2019, QUE DISPÕE SOBRE A REGULARIZAÇÃO DE EDIFICAÇÕES, CONDICIONADA, QUANDO NECESSÁRIO, À REALIZAÇÃO DE OBRAS, BEM COMO ALTERA O ART. 9º DA LEI 15.499, DE 2011, E DÁ OUTRAS PROVIDÊNCIAS."
750641,PL 690/2025,PL,690,2025,DISPÕE SOBRE A OBRIGATORIEDADE DE AS EMPRESAS PRESTADORAS DE SERVIÇOS DE ENTREGA DE ALIMENTOS EXIGIREM COMPROVAÇÃO DE REGULARIDADE DE ESTABELECIMENTOS DE ALIMENTAÇÃO E DÁ OUTRAS PROVIDÊNCIAS.
750781,PL 694/2025,PL,694,2025,"INSTITUI O PLANO DECENAL DE INOVAÇÃO E TECNOLOGIA DA CIDADE DE SÃO PAULO – PLANIT-SP 2025–2035, ESTABELECE SUAS DIRETRIZES, METAS, INSTRUMENTOS E OBRIGAÇÕES PARA O PODER PÚBLICO MUNICIPAL, E DÁ OUTRAS PROVIDÊNCIAS."
750785,PL 696/2025,PL,696,2025,"ALTERA A LEI Nº 14.485, DE 19 DE JULHO DE 2007 PARA INCLUIR NO CALENDÁRIO DE EVENTOS DA CIDADE DE SÃO PAULO O “DIA DA AMIZADE BRASIL-PALESTINA”, E DÁ OUTRAS PROVIDÊNCIAS."
750876,PL 701/2025,PL,701,2025,"AUTORIZA O PODER EXECUTIVO A UTILIZAR IMAGENS CAPTADAS PELO SISTEMA SMARTSAMPA PARA APLICAÇÃO DE MULTAS POR DESCARTE IRREGULAR DE RESÍDUOS SÓLIDOS A PARTIR DA IDENTIFICAÇÃO DA PLACA DO VEÍCULO INFRATOR, NO ÂMBITO DO MUNICÍPIO DE SÃO PAULO."
750877,PL 702/2025,PL,702,2025,AUTORIZA O PODER EXECUTIVO A NOMEAR PRÓPRIOS PÚBLICOS MUNICIPAIS OCUPADOS PELO CORPO DE BOMBEIROS EM HOMENAGEM A BOMBEIROS QUE FALECERAM NO EXERCÍCIO DA FUNÇÃO EM DECORRÊNCIA DO ATENDIMENTO DE OCORRÊNCIAS.
750920,PL 703/2025,PL,703,2025,ESTABELECE O PROTOCOLO DE CONTROLE DE SAÍDA DOS ALUNOS DAS ESCOLAS DA REDE PÚBLICA MUNICIPAL DE ENSINO E DÁ OUTRAS PROVIDÊNCIAS.
751050,PL 706/2025,PL,706,2025,"INSTITUI O PROGRAMA MUNICIPAL DE MICROCRÉDITO VERDE, DESTINADO AO FOMENTO DE PEQUENOS NEGÓCIOS SUSTENTÁVEIS DE BAIRRO."
751051,PL 707/2025,PL,707,2025,"INSTITUI O PROGRAMA DE OFICINAS DE EDUCAÇÃO PARENTAL NO MUNICÍPIO DE SÃO PAULO, VOLTADO A PAIS, MÃES OU RESPONSÁVEIS LEGAIS ENVOLVIDOS EM SITUAÇÕES DE VIOLÊNCIA LEVE OU NEGLIGÊNCIA CONTRA CRIANÇAS E ADOLESCENTES."
751053,PL 708/2025,PL,708,2025,"INSTITUI O PROGRAMA SAÚDE ANIMAL DE BAIRRO, NO ÂMBITO DO MUNICÍPIO DE SÃO PAULO, E DÁ OUTRAS PROVIDÊNCIAS."
751091,PL 710/2025,PL,710,2025,"DENOMINA PRAÇA SEBASTIÃO RIBEIRO SALGADO JÚNIOR, O ESPAÇO PÚBLICO INOMINADO, LOCALIZADO NA RUA SÃO BONIFÁCIO, 200, BAIRRO CIDADE JARDIM – SUBPREFEITURA DE PINHEIROS."
751092,PL 711/2025,PL,711,2025,ASSEGURA AO PACIENTE COM FIBROMIALGIA ASSENTO PREFERENCIAL NA REDE DE TRANSPORTE PÚBLICO MUNICIPAL.
751245,PL 712/2025,PL,712,2025,"ALTERA A LEI Nº 14.485, DE 19 DE JULHO DE 2007, PARA INCLUIR NO CALENDÁRIO DE EVENTOS DA CIDADE DE SÃO PAULO O DIA DE CONSCIENTIZAÇÃO SOBRE A ATAXIA DE FRIEDREICH, A SER COMEMORADO ANUALMENTE NO DIA 3 DE SETEMBRO, E DÁ OUTRAS PROVIDÊNCIAS."
751442,PL 713/2025,PL,713,2025,"ALTERA A LEI Nº 14.485, DE 19 DE JULHO DE 2007, COM A FINALIDADE DE INCLUIR NO CALENDÁRIO OFICIAL DE EVENTOS DA CIDADE DE SÃO PAULO O “DIA DO TEABRAÇO” NO MUNICÍPIO DE SÃO PAULO E DÁ OUTRAS PROVIDÊNCIAS."
751626,PL 714/2025,PL,714,2025,"ALTERA A LEI N°. 14.485 DE 19 DE JULHO DE 2007, PARA INCLUIR NO CALENDÁRIO OFICIAL DA CIDADE DE SÃO PAULO O DIA MUNICIPAL DO ASSESSOR PARLAMENTAR"
751635,PL 716/2025,PL,716,2025,"ALTERA A LEI N°. 14.485 DE 19 DE JULHO DE 2007, PARA INCLUIR NO CALENDÁRIO OFICIAL DA CIDADE DE SÃO PAULO O DIA MUNICIPAL DO CATADOR DE MATERIAIS REUTILIZÁVEIS E RECICLÁVEIS."
751637,PL 717/2025,PL,717,2025,"ALTERA A LEI MUNICIPAL Nº 14.933, DE 5 DE JUNHO DE 2009, QUE INSTITUI A POLÍTICA DE MUDANÇA DO CLIMA NO MUNICÍPIO DE SÃO PAULO, E DÁ OUTRAS PROVIDÊNCIAS. [INCLUI PRINCÍPIO DE JUSTIÇA CLIMÁTICA, RESILIÊNCIA, CONTRATAÇÕES SUSTENTÁVEIS, EDUCAÇÃO CLIMÁTICA E O FUNDO MUNICIPAL DE INOVAÇÃO CLIMÁTICA]"
751638,PR 65/2025,PR,65,2025,INSTITUI O “PRÊMIO SP + INCLUSIVA” COMO RECONHECIMENTO ÀS ENTIDADES QUE DESENVOLVEM AÇÕES PARA PESSOAS COM TRANSTORNO DO ESPECTRO AUTISTA (TEA) A SER CONCEDIDO BIANUALMENTE PELA CÂMARA MUNICIPAL DE SÃO PAULO
751648,PL 719/2025,PL,719,2025,"INSTITUI O ""ÔNIBUS ROSA"" NO SISTEMA DE TRANSPORTE PÚBLICO DO MUNICÍPIO DE SÃO PAULO, COM O OBJETIVO DE AUMENTAR A SEGURANÇA DAS MULHERES, ESPECIALMENTE NOS PERÍODOS DE MAIOR INCIDÊNCIA DE CRIMES SEXUAIS, E DÁ OUTRAS PROVIDÊNCIAS"
751650,PL 720/2025,PL,720,2025,"DISPÕE SOBRE A CONCESSÃO DE BENEFÍCIO TARIFÁRIO PARA PESSOAS DESEMPREGADAS NO SISTEMA DE TRANSPORTE PÚBLICO COLETIVO ALTERANDO A LEI MUNICIPAL N° 16.235, DE 2 DE JULHO DE 2015"
751652,PL 721/2025,PL,721,2025,"DISPÕE SOBRE A OFERTA GRATUITA DE CURSOS PRESENCIAIS DE CAPACITAÇÃO EM TECNOLOGIA E INCLUSÃO DIGITAL PARA IDOSOS NO MUNICÍPIO DE SÃO PAULO, POR MEIO DA SECRETARIA MUNICIPAL DE DESENVOLVIMENTO ECONÔMICO E TRABALHO – SMDET, E DÁ OUTRAS PROVIDÊNCIAS"
751655,PL 723/2025,PL,723,2025,"ALTERA A LEI Nº 17.638, DE 9 DE SETEMBRO DE 2021, QUE DISCIPLINA O PROGRAMA PODE ENTRAR, PARA INCLUIR COMO GRUPO PRIORITÁRIO AS EMPREGADAS DOMÉSTICAS CHEFES DE FAMÍLIA E SEM IMÓVEL PRÓPRIO."
751699,PL 724/2025,PL,724,2025,"DISPÕE SOBRE A POLÍTICA MUNICIPAL DE ESCOLA ABERTA, QUE POSSIBILITA A UTILIZAÇÃO DAS QUADRAS E DEMAIS ESPAÇOS DAS ESCOLAS MUNICIPAIS AOS FINAIS DE SEMANA E FERIADOS COM O OBJETIVO DE PROMOVER ATIVIDADES CULTURAIS, ESPORTIVAS E DE LAZER, VISANDO O FORTALECIMENTO DO VÍNCULO ENTRE A ESCOLA E A COMUNIDADE, À PREVENÇÃO DA VIOLÊNCIA E À REDUÇÃO DE SITUAÇÕES DE RISCO PARA CRIANÇAS E JOVENS NAS ESCOLAS SOB GESTÃO MUNICIPAL"
751700,PL 725/2025,PL,725,2025,"INCLUIR A PROIBIÇÃO E AÇÕES FISCALIZATÓRIAS RELATIVAS AOS DISPOSITIVOS ELETRÔNICOS VAPES E SIMILARES NO MUNICÍPIO DE SÃO PAULO, ALTERANDO A LEI Nº 14.805, DE 4 DE JULHO DE 2008"
751701,PL 726/2025,PL,726,2025,"DISPÕE SOBRE A OBRIGATORIEDADE DE ATENDIMENTO E ENCAMINHAMENTO AOS MUNÍCIPES NOS SERVIÇOS DA REDE SOCIOASSISTENCIAL DO MUNICÍPIO DE SÃO PAULO, INDEPENDENTEMENTE DA EXIGÊNCIA DE PRÉ-AGENDAMENTO OU RETIRADA DE SENHA NOS EQUIPAMENTOS PÚBLICOS DE ASSISTÊNCIA SOCIAL, E DÁ OUTRAS PROVIDÊNCIAS"
751887,PL 727/2025,PL,727,2025,DISPÕE SOBRE A ISENÇÃO DE TARIFAS NO SISTEMA DE TRANSPORTE COLETIVO PÚBLICO DE PASSAGEIROS DO MUNICÍPIO DE SÃO PAULO PARA CRIANÇAS E ADOLESCENTES ATENDIDOS PELO SERVIÇO DE ACOLHIMENTO INSTITUCIONAL PARA CRIANÇAS E ADOLESCENTES (SAICA) E DÁ OUTRAS PROVIDÊNCIAS.
751888,PL 728/2025,PL,728,2025,DISPÕE SOBRE A DISTRIBUIÇÃO GRATUITA DE ABSORVENTES HIGIÊNICOS POR MEIO DE ENTIDADES DA SOCIEDADE CIVIL PARCEIRAS DA SECRETARIA MUNICIPAL DE ASSISTÊNCIA E DESENVOLVIMENTO SOCIAL
751901,PL 729/2025,PL,729,2025,INSTITUI DIRETRIZES PARA A ADOÇÃO OBRIGATÓRIA DE SOLUÇÕES BASEADAS NA NATUREZA (SBN) EM OBRAS DE REQUALIFICAÇÃO DE PRAÇAS E PARQUES NO MUNICÍPIO DE SÃO PAULO.
751902,PL 730/2025,PL,730,2025,"INSTITUI O PROGRAMA “ATENDE MEU PET” NO ÂMBITO DO MUNICÍPIO DE SÃO PAULO, E DÁ OUTRAS PROVIDÊNCIAS."
751950,PL 731/2025,PL,731,2025,DISPÕE SOBRE A REGULAMENTAÇÃO DO USO DE AERONAVES REMOTAMENTE PILOTADAS (DRONES) NO MUNICÍPIO DE SÃO PAULO E ESTABELECE DIRETRIZES PARA SUA OPERAÇÃO E FISCALIZAÇÃO.
751953,PL 732/2025,PL,732,2025,"DISPÕE SOBRE A OBRIGATORIEDADE DOS CENTROS DE TRATAMENTO DE TRANSTORNO DO ESPECTRO AUTISTA (TEA) NO MUNICÍPIO DE SÃO PAULO A DISPOR SOBRE O LAUDO DE DIAGNÓSTICO PRECOCE, VISANDO MELHOR RESULTADO DO TRATAMENTO, E DÁ OUTRAS PROVIDÊNCIAS."
752027,PDL 46/2025,PDL,46,2025,"CONCEDE A HORARIA SALVA DE PRATA A BIBLIOTECA MARIO DE ANDRADE - BMA PELO SEU CENTENÁRIO, E DÁ OUTRAS PROVIDÊNCIAS."
752031,PDL 47/2025,PDL,47,2025,"CONCEDE A OUTORGA DA MEDALHA ANCHIETA A MARIA ALICE SETÚBAL, E DÁ OUTRAS PROVIDÊNCIAS."
752606,PL 734/2025,PL,734,2025,"DISPÕE SOBRE A PRIORIDADE DAS PESSOAS SURDAS NA OCUPAÇÃO DO CARGO DE PROFESSOR(A) DE LÍNGUA BRASILEIRA DE SINAIS, LIBRAS NAS INSTITUIÇÕES PÚBLICAS MUNICIPAIS DE ENSINO DO MUNICÍPIO DE  SÃO PAULO, E DÁ OUTRAS PROVIDÊNCIAS."
752645,PL 735/2025,PL,735,2025,"ALTERA A LEI Nº 14.485, DE 19 DE JULHO DE 2007, PARA INCLUIR, NO CALENDÁRIO OFICIAL DE EVENTOS DA CIDADE DE SÃO PAULO, O ""DIA DO COMBATE AO COMUNISMO E CONSCIENTIZAÇÃO SOBRE A
DITADURA EM CUBA"", A SER REALIZADO ANUALMENTE NO DIA 20 DE OUTUBRO, E DÁ OUTRAS PROVIDÊNCIAS."
752729,PL 736/2025,PL,736,2025,"ALTERA A LEI Nº 14.485, DE 19 DE JULHO DE 2007, PARA INCLUIR, NO CALENDÁRIO DE EVENTOS DA CIDADE DE SÃO PAULO, O DIA DO JORNALISTA ESPORTIVO, A SER COMEMORADO ANUALMENTE NO DIA 16 DE JUNHO E DÁ OUTRAS PROVIDÊNCIAS."
752730,PL 737/2025,PL,737,2025,"PROÍBE A AQUISIÇÃO DE ARMAMENTOS, ARTEFATOS, DISPOSITIVOS E EQUIPAMENTOS DE DEFESA OU INTELIGÊNCIA PROVENIENTES DO ESTADO DE ISRAEL, PELOS ÓRGÃOS E INSTITUIÇÕES DA CIDADE DE SÃO PAULO."
752779,PL 739/2025,PL,739,2025,"ACRESCENTA O INCISO XII À LEI N° 17.529, DE 19 DE NOVEMBRO DE 2020, PARA INCLUIR NO ROL DE FINALIDADES DO FUNDO MUNICIPAL DO TRABALHO, EMPREGO E RENDA, O FOMENTO DE INICIATIVAS PARA A  INCLUSÃO DE PESSOAS LGBTQIA+ NO MERCADO DE TRABALHO."
752940,PL 741/2025,PL,741,2025,INSTITUI A POLÍTICA MUNICIPAL DE SAÚDE MENTAL PARA PESSOAS TRANS E TRAVESTIS NA CIDADE DE SÃO PAULO.
752941,PL 742/2025,PL,742,2025,DISPÕE SOBRE A DISTRIBUIÇÃO OBRIGATÓRIA DE CARTILHAS INFORMATIVAS RELATIVAS AOS DIREITOS E CUIDADOS EM SAÚDE DE BEBÊS INTERSEXOS NAS MATERNIDADES PÚBLICAS E PRIVADAS DO MUNICÍPIO DE SÃO PAULO.
752948,PL 743/2025,PL,743,2025,"DISPÕE SOBRE O FORTALECIMENTO DA SEGURANÇA PRIVADA NO MUNICÍPIO DE SÃO PAULO, ESTABELECE DIRETRIZES DE INTEGRAÇÃO COM OS ÓRGÃOS DE SEGURANÇA PÚBLICA E CRIA MECANISMOS DE VALORIZAÇÃO E INCENTIVOS FISCAIS ÀS EMPRESAS DO SETOR"
752966,PL 744/2025,PL,744,2025,OBRIGA OS PET SHOPS E ESTABELECIMENTOS QUE TRABALHAM COM ESTÉTICA ANIMAL A DISPONIBILIZAREM ÁREA DE VISUALIZAÇÃO PARA OS TUTORES E A INSTALAREM CÂMERAS DE SEGURANÇA INTERNAS COM ARMAZENAMENTO DE IMAGENS
752984,PL 746/2025,PL,746,2025,"DISPÕE SOBRE A OBRIGATORIEDADE DA PRIORIZAÇÃO DA UTILIZAÇÃO DE IMÓVEIS PRÓPRIOS DA ADMINISTRAÇÃO PÚBLICA MUNICIPAL PARA A INSTALAÇÃO DE EQUIPAMENTOS PÚBLICOS, COM O OBJETIVO DE REDUZIR DESPESAS COM ALUGUÉIS, E DÁ OUTRAS PROVIDÊNCIAS."
752985,PL 747/2025,PL,747,2025,DISPÕE SOBRE A CRIAÇÃO DE ESPAÇOS DE DESCANSO EM ÁREA EXTERNA PARA OS TRABALHADORES NAS UNIDADES DE SAÚDE DO MUNICÍPIO DE SÃO PAULO E DÁ OUTRAS PROVIDÊNCIAS.
752989,PL 748/2025,PL,748,2025,"DISPÕE SOBRE A DETERMINAÇÃO DE DIVULGAÇÃO, PELOS CARTÓRIOS DO MUNICÍPIO DE SÃO PAULO, DOS CASOS DE GRATUIDADE, ISENÇÃO OU REDUÇÃO PREVISTOS EM LEI PARA SERVIÇOS NOTARIAIS E REGISTRAIS, E DÁ OUTRAS PROVIDÊNCIAS."
752990,PL 749/2025,PL,749,2025,"DENOMINA “PRAÇA SEBASTIÃO MARTINS DA SILVA”, O LOGRADOURO PÚBLICO INOMINADO, LOCALIZADO NA AVENIDA DOUTOR TORRES NETO, COM A RUA ADA, EXISTENTE NO BAIRRO CIDADE JÚLIA, E DÁ OUTRAS PROVIDÊNCIAS."
753153,PL 751/2025,PL,751,2025,"AUTORIZA O EXECUTIVO A RETIRAR MATERIAIS CONTENDO AMIANTO (MCA) DAS ESCOLAS PÚBLICAS MUNICIPAIS, E DÁ OUTRAS PROVIDÊNCIAS."
753172,PL 752/2025,PL,752,2025,"DISPÕE SOBRE A OBRIGATORIEDADE DE UTILIZAÇÃO DE PAVIMENTOS DRENANTES NAS REFORMAS E AMPLIAÇÕES DE LOGRADOUROS PÚBLICOS CLASSIFICADOS COMO VIAS DE TRÂNSITO LOCAL EM ÁREAS AMBIENTALMENTE SENSÍVEIS, INCLUINDO MARGENS DE ÁREAS DE PRESERVAÇÃO PERMANENTE (APPS) OU COM HISTÓRICO DE ALAGAMENTO NO MUNICÍPIO DE SÃO PAULO, E DÁ OUTRAS PROVIDÊNCIAS."
753174,PL 753/2025,PL,753,2025,DISPÕE SOBRE A DEFINIÇÃO DE ZONA ESPECIAL DE INTERESSE SOCIAL - ZEIS . DA ÁREA DEMARCADA COMO ZPDS NO DISTRITO PARELHEIROS - SUBPREFEITURA DE PARELHEIROS E DÁ OUTRAS PROVIDÊNCIAS.
753408,PL 754/2025,PL,754,2025,DISPÕE SOBRE A INSTITUIÇÃO DE ATIVIDADES EXTRACURRICULARES DE ROBÓTICA NAS ESCOLAS PÚBLICAS MUNICIPAIS.
753409,PL 755/2025,PL,755,2025,"DISPÕE SOBRE A CRIAÇÃO DAS CASAS DE APOIO MUNICIPAL PARA MULHERES EMPREENDEDORAS, COM OFERTA DE ESPAÇOS GRATUITOS E APOIO TÉCNICO PARA O DESENVOLVIMENTO DE NEGÓCIOS LOCAIS LIDERADOS POR MULHERES."
753582,PL 756/2025,PL,756,2025,"ALTERA O PARÁGRAFO ÚNICO DO ART. 16  DA LEI MUNICIPAL Nº 13.131 DE 18 DE MAIO DE 2001, QUE DISPÕE SOBRE A RESPONSABILIDADE DO CONDUTOR DE ANIMAL EM VIAS E LOGRADOUROS PÚBLICOS, E DÁ OUTRAS PROVIDÊNCIAS."
753678,PL 758/2025,PL,758,2025,"DISPÕE SOBRE A REGULARIZAÇÃO E A CONCESSÃO DE PERMISSÕES DE USO DOS SALÕES MULTIUSO LOCALIZADO EM PRAÇAS E DEMAIS ESPAÇOS PÚBLICOS MUNICIPAIS, E DÁ OUTRAS PROVIDÊNCIAS."
753737,PL 759/2025,PL,759,2025,DISPÕE SOBRE A CRIAÇÃO DO PROGRAMA MUNICIPAL DE DISTRIBUIÇÃO GRATUITA DE ABSORVENTES GERIÁTRICOS PARA MULHERES  COM DEFICIÊNCIA COM INCONTINÊNCIA URINÁRIA LEVE A MODERADA E DÁ OUTRAS PROVIDÊNCIAS.
753782,PDL 59/2025,PDL,59,2025,"DECLARA O SR. KANYE WEST PERSONA NON GRATA NO MUNICÍPIO DE SÃO PAULO. 

ART. 1º.  DECLARA O SR. KANYE WEST PERSONA NON GRATA NO MUNICÍPIO DE SÃO PAULO. 
ART. 2º. ESTE DECRETO LEGISLATIVO ENTRA EM VIGOR NA DATA DE SUA PUBLICAÇÃO. 
SALA DAS SESSÕES, 02 DE JULHO DE 2025."
753798,PL 761/2025,PL,761,2025,VEDA A CONTRATAÇÃO PELA PREFEITURA DO MUNICÍPIO DE SÃO PAULO DE SERVIÇOS E INSUMOS DESTINADOS À PINTURA DO MEIO-FIO E DÁ OUTRAS PROVIDÊNCIAS.
753824,PL 762/2025,PL,762,2025,"INSTITUI O PROGRAMA PERMANENTE DE CASTRAÇÃO, IDENTIFICAÇÃO E BEM-ESTAR ANIMAL NO MUNICÍPIO DE SÃO PAULO, COMO POLÍTICA PÚBLICA DE SAÚDE E PROTEÇÃO ANIMAL, E DÁ OUTRAS PROVIDÊNCIAS."
753846,PL 764/2025,PL,764,2025,"DISPÕE SOBRE A OBRIGATORIEDADE DE ADEQUAÇÕES PARA ACESSIBILIDADE EM TODOS OS CONDOMÍNIOS EDILÍCIOS DA CIDADE DE SÃO PAULO, INDEPENDENTEMENTE DA DATA DE SUA CONSTRUÇÃO."
753849,PL 766/2025,PL,766,2025,"DISPÕE SOBRE A CRIAÇÃO DO PROGRAMA DE COZINHA SOLIDÁRIA NO MUNICÍPIO DE SÃO PAULO, COM BASE NA LEI FEDERAL Nº 14.628, DE 20 DE JULHO DE 2023, E DÁ OUTRAS PROVIDÊNCIAS."
753868,PL 767/2025,PL,767,2025,"DENOMINA COMO “PRAÇA OLEAN CASARES CRIADO” O ESPAÇO PÚBLICO DE LAZER LOCALIZADO ENTRE A AVENIDA GIOVANNI GRONCHI, A RUA CORGIE ASSAD ABDALLA E A RUA JOÃO DA CRUZ MELÃO, NO BAIRRO DO MORUMBI, SÃO PAULO - SP, 05653-070 E DÁ OUTRAS PROVIDÊNCIAS."
753926,PL 768/2025,PL,768,2025,"AUTORIZA A PREFEITURA NO MUNICÍPIO DE SÃO PAULO A CRIAR TERMINAIS INTERMODAIS PARA TRANSBORDO DE CARGAS NO ENTRONCAMENTO DE RODOVIAS COM A ÁREA URBANA DO MUNICÍPIO, E DÁ OUTRAS PROVIDÊNCIAS."
753995,PL 769/2025,PL,769,2025,"DISPÕE SOBRE A OBRIGATORIEDADE DA DENOMINAÇÃO E IDENTIFICAÇÃO DE TODAS AS PARADAS DE ÔNIBUS NA CIDADE DE SÃO PAULO, E DÁ OUTRAS PROVIDÊNCIAS."
754251,PL 771/2025,PL,771,2025,PROÍBE A COBRANÇA PELO RESTABELECIMENTO DE SERVIÇOS PÚBLICOS NO MUNICÍPIO DE SÃO PAULO E DÁ OUTRAS PROVIDÊNCIAS.
754252,PL 772/2025,PL,772,2025,PROÍBE A REALIZAÇÃO DE CORRIDAS COMPETITIVAS COM CÃES E ATIVIDADES DE MESMA NATUREZA.
754253,PL 773/2025,PL,773,2025,ESTABELECE A CAPACITAÇÃO EM LÍNGUA BRASILEIRA DE SINAIS - LIBRAS COMO CRITÉRIO DE DESEMPATE EM CONCURSOS PÚBLICOS E PROCESSOS SELETIVOS EM ÂMBITO MUNICIPAL.
754262,PL 774/2025,PL,774,2025,"ALTERA A LEI Nº 16.239, DE 19 DE JULHO
DE 2015 (CONCEDE GRATIFICAÇÃO AOS GUARDAS CIVIS METROPOLITANOS QUE SEGUIREM AS DIRETRIZES DE BOA PERFORMANCE POR UM ANO)."
754269,PL 775/2025,PL,775,2025,DISPÕE SOBRE A CRIAÇÃO DE PROGRAMA MUNICIPAL DE OFICINAS DE EDUCAÇÃO FINANCEIRA NO ÂMBITO DO MUNICÍPIO DE SÃO PAULO.
754287,PL 776/2025,PL,776,2025,"AUTORIZA O PODER EXECUTIVO A ESTIMULAR O DESENVOLVIMENTO DE AÇÕES DE SOLUÇÃO DE MICROACESSIBILIDADE PARA SEGURANÇA, ORIENTAÇÃO E CONFORTO NO DESLOCAMENTO EM TODOS OS PERCURSOS URBANOS, COM FOCO NA PESSOA IDOSA, PESSOA COM DEFICIÊNCIA E PESSOA COM MOBILIDADE REDUZIDA, CONTRIBUINDO PARA A CONSOLIDAÇÃO DE SÃO PAULO COMO CIDADE CUIDADORA DE REFERÊNCIA NACIONAL."
754300,PL 778/2025,PL,778,2025,"INSTITUI NO ÂMBITO DO MUNICÍPIO DE SÃO PAULO O DISQUE AUTISMO, E DÁ OUTRAS PROVIDÊNCIAS"
754322,PL 779/2025,PL,779,2025,INSTITUI A POLÍTICA MUNICIPAL DE VALORIZAÇÃO DA GASTRONOMIA PAULISTANA E RECONHECE O INTERESSE PÚBLICO NA CRIAÇÃO DO MUSEU DA GASTRONOMIA DA CIDADE DE SÃO PAULO.
754332,PL 780/2025,PL,780,2025,"VEDA O USO DE RECURSOS PÚBLICOS EM PUBLICIDADE E/OU PROPAGANDA GOVERNAMENTAL E INSTITUCIONAL, FORA DAS HIPÓTESES CONSTITUCIONAIS, E DÁ OUTRAS PROVIDÊNCIAS."
754396,PL 781/2025,PL,781,2025,"AUTORIZA A PREFEITURA NO MUNICÍPIO DE SÃO PAULO A CONCEDER MORADIA GRATUITA E EMERGENCIAL ÀS MULHERES VÍTIMAS DE VIOLÊNCIA DOMÉSTICA, NAS FORMAS QUE DETERMINA, E DÁ OUTRAS PROVIDÊNCIAS."
754399,PL 782/2025,PL,782,2025,"AUTORIZA O ABATIMENTO DE DÍVIDAS COM A MUNICIPALIDADE DE HOSPITAIS PRIVADOS E FILANTRÓPICOS, MEDIANTE A PRESTAÇÃO DE SERVIÇOS COMPLEMENTARES AO SISTEMA ÚNICO DE SAÚDE (SUS) NA CIDADE DE SÃO PAULO, E DÁ OUTRAS PROVIDÊNCIAS."
754405,PL 783/2025,PL,783,2025,"AUTORIZA O PODER EXECUTIVO A INSTITUIR POLÍTICAS DE INCENTIVO À PESQUISA, DESENVOLVIMENTO E APLICAÇÃO DE INOVAÇÕES TECNOLÓGICAS VOLTADAS À ÁREA DA SAÚDE NO ÂMBITO DO MUNICÍPIO DE SÃO PAULO, E DÁ OUTRAS PROVIDÊNCIAS"
754406,PL 784/2025,PL,784,2025,"ALTERA A LEI Nº 7.957 DE 20 DE NOVEMBRO DE 1973, QUE ESTABELECE REGIME ESPECIAL DE TRABALHO E OUTRAS VANTAGENS PARA OS SERVIDORES MUNICIPAIS QUE OPERAM COM “RAIOS X E SUBSTÂNCIAS RADIOATIVAS” NO MUNICÍPIO DE SÃO PAULO, E DÁ OUTRAS PROVIDÊNCIAS."
754408,PL 785/2025,PL,785,2025,"AUTORIZA O PODER EXECUTIVO A IMPLANTAR E UTILIZAR MÉTODOS NÃO DESTRUTIVOS PARA A INSTALAÇÃO, MANUTENÇÃO E MODERNIZAÇÃO DE INFRAESTRUTURA URBANA NO MUNICÍPIO DE SÃO PAULO, E DÁ OUTRAS PROVIDÊNCIAS"
754410,PL 786/2025,PL,786,2025,"AUTORIZA O PODER EXECUTIVO A IMPLANTAR PROTOCOLOS DE SEGURANÇA NO EMBARQUE E DESEMBARQUE DE CRIANÇAS NO TRANSPORTE ESCOLAR NO MUNICÍPIO DE SÃO PAULO, E DÁ OUTRAS PROVIDÊNCIAS."
754424,PL 787/2025,PL,787,2025,"AUTORIZA O PODER EXECUTIVO A IMPLANTAR E AMPLIAR O USO DE TECNOLOGIAS DE MONITORAMENTO INTELIGENTE E INTEGRAÇÃO DE DADOS PARA A PREVENÇÃO E REPRESSÃO DE CRIMES NO MUNICÍPIO DE SÃO PAULO, E DÁ OUTRAS PROVIDÊNCIAS."
754509,PL 788/2025,PL,788,2025,"DENOMINA PRAÇA NAIR JOSÉ DE CARVALHO SILVA A ÁREA DELIMITADA PELA RUA DOS MUTIRANTES (CODLOG 444871), PELA QUADRA FISCAL 197 DO SETOR 167, PELA TRAVESSA LOURO DA BEIRA (CODLOG 445185) E PELA QUADRA FISCAL 193 DO SETOR 167, SITUADA NO DISTRITO DE CAPÃO REDONDO, SUBPREFEITURA DE CAMPO LIMPO, E DÁ OUTRAS PROVIDÊNCIAS."
754592,PL 791/2025,PL,791,2025,DISPÕE SOBRE A CASSAÇÃO DA INSCRIÇÃO MUNICIPAL E DA LICENÇA DE FUNCIONAMENTO DE EMPRESAS QUE PRATIQUEM MAUS-TRATOS CONTRA ANIMAIS E DÁ OUTRAS PROVIDÊNCIAS.
754593,PL 792/2025,PL,792,2025,DISPÕE SOBRE A POLÍTICA MUNICIPAL DE CUIDADOS ÀS PESSOAS COM TRANSTORNO DE ACUMULAÇÃO COMPULSIVA DE ANIMAIS E DÁ OUTRAS PROVIDÊNCIAS.
754594,PL 793/2025,PL,793,2025,DISPÕE SOBRE O ATENDIMENTO VETERINÁRIO ITINERANTE PARA AVALIAR E TRATAR ANIMAIS COMUNITÁRIOS E ANIMAIS DE ESTIMAÇÃO TUTELADOS POR PESSOAS DE BAIXA RENDA.
754596,PL 794/2025,PL,794,2025,"AUTORIZA O PODER EXECUTIVO A INSTITUIR O PROGRAMA CNH SOCIAL NO MUNICÍPIO DE SÃO PAULO, DESTINADO AO CUSTEIO DA PRIMEIRA HABILITAÇÃO DE CONDUTORES DE BAIXA RENDA, COM RECURSOS PROVENIENTES DA ARRECADAÇÃO DE MULTAS DE TRÂNSITO."
754597,PL 795/2025,PL,795,2025,"DETERMINA MECANISMOS DE PREVENÇÃO E PUNIÇÃO PARA SÓCIOS E ESTABELECIMENTOS QUE SEJAM UTILIZADOS PARA LAVAGEM DE DINHEIRO OU ESTEJAM RELACIONADOS COM O CRIME ORGANIZADO, NOS TERMOS DESTA LEI."
754598,PL 796/2025,PL,796,2025,"DISPÕE SOBRE A CASSAÇÃO DE LICENÇA E AUTORIZAÇÃO DE FUNCIONAMENTO DE ESTABELECIMENTOS QUE ARMAZENAM, DISTRIBUEM OU VENDEM PRODUTOS QUE POSSUAM COMO ORIGEM ASSENTAMENTOS IRREGULARES OU TERRAS INVADIDAS."
754599,PL 797/2025,PL,797,2025,"ALTERA A LEI Nº 14.485, DE 19 DE JULHO DE 2007, PARA INCLUIR NO CALENDÁRIO OFICIAL DE EVENTOS DA CIDADE DE SÃO PAULO O DIA DA MARCHA PRÓ-VIDA E DÁ OUTRAS PROVIDÊNCIAS.”"
754601,PL 798/2025,PL,798,2025,"INSTITUI O SELO “LIVRE DE CRUELDADE” E DISPÕE SOBRE A PREFERÊNCIA, PELA ADMINISTRAÇÃO PÚBLICA DO MUNICÍPIO DE SÃO PAULO, NA CONTRATAÇÃO DE PRODUTOS E SERVIÇOS CERTIFICADOS COMO LIVRES DE CRUELDADE ANIMAL, E DÁ OUTRAS PROVIDÊNCIAS."
754604,PL 799/2025,PL,799,2025,DISPÕE SOBRE A VEDAÇÃO A MANIFESTAÇÕES DE CARÁTER ANTISSEMITA NO ÂMBITO DO MUNICÍPIO DE SÃO PAULO E DÁ OUTRAS PROVIDÊNCIAS.
754667,PL 801/2025,PL,801,2025,"INSTITUI PENALIDADES ADMINISTRATIVAS CONTRA ATOS DE VANDALISMO E DESTRUIÇÃO DE PATRIMÔNIO PÚBLICO OU DE CONCESSÃO PÚBLICA QUE AFETEM, DIRETA OU INDIRETAMENTE, A PRESTAÇÃO DO SERVIÇO PÚBLICO NO MUNICÍPIO DE SÃO PAULO."
754672,PL 802/2025,PL,802,2025,"DENOMINA PRAÇA SEBASTIÃO RIBEIRO SALGADO JÚNIOR, O ESPAÇO PÚBLICO INOMINADO, LOCALIZADO NA RUA S. BONIFÁCIO, 200, BAIRRO CIDADE JARDIM – SUBPREFEITURA DE PINHEIROS."
754673,PL 803/2025,PL,803,2025,"ALTERA A LEI Nº 14.485, DE 19 DE JULHO DE 2007 PARA INCLUIR, NO CALENDÁRIO DE EVENTOS DA CIDADE DE SÃO PAULO, A “MOSTRA INTERNACIONAL DE ARTES CÊNICAS EM ESPAÇOS NÃO CONVENCIONAIS E ALTERNATIVOS - MIACENA”, A SER COMEMORADA ANUALMENTE NA ÚLTIMA SEMANA DO MÊS DE SETEMBRO E DÁ OUTRAS PROVIDÊNCIAS."
754686,PL 805/2025,PL,805,2025,"REVOGA OS ARTIGOS 14, 15 E 16 DA LEI 18.221 DE 27 DE DEZEMBRO DE 2024 [ALTERA DISPOSITIVOS DA LEGISLAÇÃO DE PESSOAL DO MUNICÍPIO DE SÃO PAULO, INCLUINDO O ESTATUTO DOS FUNCIONÁRIOS PÚBLICOS, PLANOS DE CARREIRA, BONIFICAÇÃO POR RESULTADOS, FISCALIZAÇÃO URBANA, SUBSÍDIOS DA GUARDA CIVIL METROPOLITANA, CARGOS COMISSIONADOS, CONTRATAÇÃO TEMPORÁRIA, INCLUSÃO DE PESSOAS COM DEFICIÊNCIA E O ESTATUTO DO MAGISTÉRIO, ENTRE OUTRAS PROVIDÊNCIAS] E DÁ OUTRAS PROVIDÊNCIAS."
754690,PL 806/2025,PL,806,2025,DISPÕE SOBRE A INSTALAÇÃO DE COMEDOUROS E BEBEDOUROS FIXOS E ABRIGOS PARA ANIMAIS NA CIDADE DE SÃO PAULO.
754691,PL 807/2025,PL,807,2025,CRIA O CADASTRO MUNICIPAL DE PROTETORES E ACOLHEDORES INDEPENDENTES DE ANIMAIS E ESTABELECE DIRETRIZES PARA SEU RECONHECIMENTO E APOIO PELO PODER PÚBLICO.
754692,PL 808/2025,PL,808,2025,DISPÕE SOBRE A RESPONSABILIDADE DE CUSTEIO DE DESPESAS VETERINÁRIAS POR PARTE DE AUTORES DE MAUS-TRATOS OU ATROPELAMENTO DE ANIMAIS.
754849,PL 809/2025,PL,809,2025,CRIA A POLÍTICA MUNICIPAL DE PROMOÇÃO DOS DIREITOS E ATENÇÃO INTEGRAL  ÀS PESSOAS IDOSAS LGBTQIA+.
754923,PL 815/2025,PL,815,2025,"INSTITUI O PROGRAMA MUNICIPAL DE EMPREGABILIDADE E EMPREENDEDORISMO PARA MULHERES NEGRAS PERIFÉRICAS E CRIA O FUNDO MUNICIPAL DE ACELERAÇÃO DE NEGÓCIOS PARA MULHERES NEGRAS PERIFÉRICAS, NO ÂMBITO DO MUNICÍPIO DE SÃO PAULO, E DÁ OUTRAS PROVIDÊNCIAS."
755123,PL 819/2025,PL,819,2025,"ALTERA O ART. 14 DA LEI Nº 13.701, DE 24 DE DEZEMBRO DE 2003, PARA DISPOR SOBRE A BASE DE CÁLCULO DE ATIVIDADES DO SETOR DE BELEZA."
755169,PL 820/2025,PL,820,2025,"CRIA O PROGRAMA “ATENÇÃO E CUIDADO COM NOSSOS POLICIAIS MUNICIPAIS”, COM A FINALIDADE DE CONSCIENTIZAR E GARANTIR CUIDADOS COM A SAÚDE MENTAL E PRESTAÇÃO DE SERVIÇOS DE ATENDIMENTOS PARA APOIO PSICOLÓGICO A TODOS OS INTEGRANTES DA GUARDA CIVIL METROPOLITANA DO MUNICÍPIO DE SÃO PAULO, E DÁ OUTRAS PROVIDÊNCIAS."
755188,PR 66/2025,PR,66,2025,CRIA A FRENTE PARLAMENTAR EM DEFESA DA GESTÃO DEMOCRÁTICA NAS ESCOLAS NO ÂMBITO DA CÂMARA MUNICIPAL DE SÃO PAULO.
755189,PL 821/2025,PL,821,2025,"INSTITUI O PROGRAMA MUSEU DE ARTE DE RUA (MAR), DE FOMENTO À LINGUAGEM DE ARTE URBANA, NO MUNICÍPIO DE SÃO PAULO, E DÁ OUTRAS PROVIDÊNCIAS."
755205,PR 67/2025,PR,67,2025,"INTRODUZ ALTERAÇÕES NA RESOLUÇÃO Nº 02, DE 11 DE DEZEMBRO DE 2008, QUE INSTITUIU O PRÊMIO SABOTAGE."
755244,PL 822/2025,PL,822,2025,"ALTERA A LEI Nº 12.975/2000, PARA GARANTIR O BENEFÍCIO DA MEIA-ENTRADA A PESSOAS COM IDADE IGUAL OU SUPERIOR A 60 (SESSENTA) ANOS E, QUANDO NECESSÁRIO, AO SEU ACOMPANHANTE, EM ESPETÁCULOS CULTURAIS, ARTÍSTICOS E ESPORTIVOS PROMOVIDOS OU SUBSIDIADOS PELO PELO GOVERNO MUNICIPAL OU ÓRGÃO DA ADMINISTRAÇÃO INDIRETA."
755257,PL 825/2025,PL,825,2025,"DENOMINA COMO PRAÇA MARIA JOSÉ DA SILVA CARVALHO, O LOGRADOURO PÚBLICO LOCALIZADO NA RUA CONCEIÇÃO DE ALMEIDA, EM SÃO MIGUEL PAULISTA, E DÁ OUTRAS PROVIDÊNCIAS."
755258,PL 826/2025,PL,826,2025,"ALTERA, EM CONFORMIDADE COM A LEI N° 15.975 DE 24 DE FEVEREIRO DE 2014, A DENOMINAÇÃO DA EMEF DR. HELLIO TAVARES, PARA EMEF CLEONICE SANTOS RODRIGUES ARAÚJO, EDUCADORA, E DÁ OUTRAS PROVIDÊNCIAS."
755259,PL 827/2025,PL,827,2025,"INSTITUI NO MUNICÍPIO DE SÃO PAULO O CORDÃO DE FITA COM DESENHO DE MÃOS COLORIDAS SOBREPOSTAS POR UMA SILHUETA HUMANA COMO SÍMBOLO DE IDENTIFICAÇÃO DE PESSOAS COM DOENÇAS RARAS, E DÁ OUTRAS PROVIDÊNCIAS."
755299,PR 68/2025,PR,68,2025,"DISPÕE SOBRE A CRIAÇÃO, NO ÂMBITO DA CÂMARA MUNICIPAL DE SÃO PAULO, DA FRENTE PARLAMENTAR EM DEFESA DA AMPLIAÇÃO E IMPLANTAÇÃO DE CAMPI DA UNIVERSIDADE FEDERAL DE SÃO PAULO - UNIFESP E DO INSTITUTO FEDERAL DE SÃO PAULO - IFSP NA CIDADE DE SÃO PAULO E DÁ OUTRAS PROVIDÊNCIAS."
755307,PL 830/2025,PL,830,2025,"ALTERA A LEI 17.320 DE 2020, QUE DISPÕE SOBRE SOBRE CONCESSÃO DE AUXÍLIO-ALUGUEL ÀS MULHERES VÍTIMAS DE VIOLÊNCIA DOMÉSTICA, NO MUNICÍPIO DE SÃO PAULO, E DÁ OUTRAS PROVIDÊNCIAS"
755312,PL 831/2025,PL,831,2025,"ALTERA A LEI Nº 17.638, DE 09 DE SETEMBRO DE 2021 QUE DISCIPLINA O PROGRAMA PODE ENTRAR, ESTABELECENDO REGRAS, MECANISMOS E INSTRUMENTOS PARA SUA OPERACIONALIZAÇÃO."
755319,PL 832/2025,PL,832,2025,"INCLUI O MÉDICO-VETERINÁRIO DA FAMÍLIA NA EQUIPE MULTIPROFISSIONAL NA ATENÇÃO PRIMÁRIA À SAÚDE (EMULTI), NO ÂMBITO DO MUNICÍPIO DE SÃO PAULO, E DÁ OUTRAS PROVIDÊNCIAS."
755320,PL 833/2025,PL,833,2025,"INSTITUI A CAMPANHA MUNICIPAL DE ENFRENTAMENTO À PEDOFILIA, CYBERBULLYING E AO TRÁFICO DE CRIANÇAS E ADOLESCENTES EM AMBIENTES DIGITAIS E DÁ OUTRAS PROVIDÊNCIAS."
755322,PL 835/2025,PL,835,2025,"ALTERA O INCISO VI DO ARTIGO 2º DA LEI N. 17.547 DE 12 DE JANEIRO DE 2021 QUE INSTITUI, NO ÂMBITO DO MUNICÍPIO DE SÃO PAULO, O PROGRAMA DE APOIO ÀS PESSOAS COM DOENÇA 
DE ALZHEIMER E OUTRAS DEMÊNCIAS E AOS SEUS FAMILIARES E DÁ OUTRAS PROVIDÊNCIAS."
755331,PL 837/2025,PL,837,2025,"DISPÕE SOBRE A VEDAÇÃO À PINTURA DE MEIO-FIOS, POSTES E ÁRVORES COM TINTA BRANCA NO MUNICÍPIO DE SÃO PAULO."
755332,PL 838/2025,PL,838,2025,INSTITUI O PROGRAMA DE CONTRAPARTIDA DE MELHORIA URBANA NO MUNICÍPIO DE SÃO PAULO E DÁ OUTRAS PROVIDÊNCIAS.
755344,PL 840/2025,PL,840,2025,"INSTITUI O PROGRAMA MUNICIPAL ""LAR FELIZ"" DE FOMENTO À ADOÇÃO RESPONSÁVEL DE CÃES E GATOS, MEDIANTE A CONCESSÃO DE INCENTIVOS FISCAIS E EM SERVIÇOS MUNICIPAIS A TUTORES E LARES TEMPORÁRIOS, E ESTABELECE UM PROGRAMA PERMANENTE DE CONSCIENTIZAÇÃO SOBRE OS BENEFÍCIOS DA ADOÇÃO NO MUNICÍPIO DE SÃO PAULO."
755345,PL 841/2025,PL,841,2025,"DISPÕE SOBRE O APRIMORAMENTO DOS MECANISMOS DE IDENTIFICAÇÃO DE TUTORES QUE ABANDONAM ANIMAIS POR MEIO DO PROGRAMA SMART SAMPA, INSTITUI O PROGRAMA MUNICIPAL DE PREVENÇÃO AO ABANDONO E DE PROMOÇÃO DA GUARDA RESPONSÁVEL CONTINUADA, E PROPÕE INOVAÇÕES PARA O FORTALECIMENTO DAS POLÍTICAS DE CONTROLE POPULACIONAL, IDENTIFICAÇÃO E SAÚDE DE CÃES E GATOS NO MUNICÍPIO DE SÃO PAULO."
755346,PL 842/2025,PL,842,2025,"ALTERA DISPOSITIVOS DA LEI Nº 13.131, DE 18 DE MAIO DE 2001, PARA INSTITUIR A IDENTIFICAÇÃO POR MICROCHIP SUBCUTÂNEO COMO MÉTODO OBRIGATÓRIO PARA O REGISTRO GERAL DO ANIMAL (RGA) NO MUNICÍPIO DE SÃO PAULO, E DÁ OUTRAS PROVIDÊNCIAS."
755500,PL 845/2025,PL,845,2025,"DISPÕE SOBRE A PROIBIÇÃO DA PARTICIPAÇÃO DE CRIANÇAS E ADOLESCENTES NA MARCHA DA MACONHA E EM EVENTOS QUE FAÇAM APOLOGIA AO USO DE DROGAS ILÍCITAS, NO ÂMBITO DO MUNICÍPIO DE SÃO PAULO."
755508,PL 846/2025,PL,846,2025,"DENOMINA COMO “PRAÇA ARMANDO DIAS”, O LOGRADOURO PÚBLICO INOMINADO LOCALIZADO AO FINAL DA RUA DEMOCRACIA, NO BAIRRO DE VILA BRASILINA – CEP: 04161-060, E DÁ OUTRAS PROVIDÊNCIAS."
755523,PL 848/2025,PL,848,2025,"DISPÕE SOBRE A CRIAÇÃO DO PROGRAMA MUNICIPAL DE ISENÇÃO E RENEGOCIAÇÃO DE DÍVIDAS DE ÁGUA E SANEAMENTO PARA FAMÍLIAS EM VULNERABILIDADE SOCIAL, E DÁ OUTRAS PROVIDÊNCIAS."
755526,PL 850/2025,PL,850,2025,INSTITUI O “PORTAL TEA” NO ÂMBITO DO MUNICÍPIO DE SÃO PAULO DÁ OUTRAS PROVIDÊNCIAS.
755527,PL 851/2025,PL,851,2025,DISPÕE SOBRE A OFERTA DE VACINAÇÃO PARA LEUCEMIA FELINA (FELV) NA COBERTURA VACINAL GRATUITA DE FELINOS DOMÉSTICOS NO MUNICÍPIO DE SÃO PAULO.
755529,PL 852/2025,PL,852,2025,"ALTERA O INCISO IV DO ARTIGO 64 DA LEI MUNICIPAL Nº 8.989/1.979, O ESTATUTO DOS FUNCIONÁRIOS PÚBLICOS DO MUNICÍPIO DE SÃO PAULO, QUE DISPÕE SOBRE LICENÇA POR MOTIVO DE LUTO PELO FALECIMENTO DE PADRASTO, MADRASTA, SOGROS E CUNHADOS, PARA INCLUIR A HIPÓTESE DE FALECIMENTO DE ANIMAL DE ESTIMAÇÃO."
755531,PL 853/2025,PL,853,2025,"ALTERA A “SEÇÃO III - DA LICENÇA POR MOTIVO DE DOENÇA EM PESSOA DA FAMÍLIA” E O ARTIGO 146 DA LEI MUNICIPAL Nº 8.989/1.979 (ESTATUTO DOS FUNCIONÁRIOS PÚBLICOS DO MUNICÍPIO DE SÃO PAULO), QUE DISPÕE SOBRE LICENÇA POR MOTIVO DE DOENÇA DO CÔNJUGE, DE PARENTES ATÉ SEGUNDO GRAU, PARA INCLUIR A HIPÓTESE DE DOENÇA DE ANIMAL DE ESTIMAÇÃO."
755536,PL 855/2025,PL,855,2025,"PROÍBE A INVESTIDURA EM CARGO, EMPREGO OU FUNÇÃO PÚBLICA POR PESSOA CONDENADA PELO CRIME DE MAUS-TRATOS CONTRA ANIMAIS."
755556,PL 856/2025,PL,856,2025,"ALTERA A LEI Nº 16.974, DE 23 DE AGOSTO DE 2018, PARA DISPOR SOBRE A EXIGÊNCIA DE RESIDÊNCIA NO MUNICÍPIO DE SÃO PAULO PARA OCUPANTES DOS CARGOS DE SECRETÁRIO MUNICIPAL."
755566,PL 858/2025,PL,858,2025,"INSTITUI O PROGRAMA MUNICIPAL DE PREVENÇÃO E DETECÇÃO PRECOCE DE SÍNDROMES RARAS NO MUNICÍPIO DE SÃO PAULO, E DÁ OUTRAS PROVIDÊNCIAS."
755578,PL 859/2025,PL,859,2025,"DISPÕE SOBRE A INSTITUIÇÃO  DA CAMPANHA PERMANENTE DE ORIENTAÇÃO, CONSCIENTIZAÇÃO E COMBATE AO CAPACITISMO NO MUNICÍPIO DE SÃO PAULO E DÁ OUTRAS PROVIDÊNCIAS."
755579,PL 860/2025,PL,860,2025,"DISPÕE SOBRE A CRIAÇÃO DO SERVIÇO ITINERANTE PRIORITÁRIO DO CRAS PARA ATENDIMENTO DOMICILIAR ESPECÍFICO DE PESSOAS COM DEFICIÊNCIA E DIFICULDADES SEVERAS DE LOCOMOÇÃO, NO MUNICÍPIO DE SÃO PAULO E DÁ OUTRAS PROVIDÊNCIAS."
755580,PL 861/2025,PL,861,2025,"DISPÕE SOBRE A PROIBIÇÃO DA COMERCIALIZAÇÃO, NO MUNICÍPIO DE SÃO PAULO, DE BRINQUEDOS INFANTIS COM TECNOLOGIAS DE INTELIGÊNCIA ARTIFICIAL QUE PERMITAM INTERAÇÃO CONTÍNUA COM CRIANÇAS E DÁ OUTRAS PROVIDÊNCIAS."
755586,PL 862/2025,PL,862,2025,"ESPECIFICA A MISSÃO E OS OBJETIVOS DA POLÍCIA MUNICIPAL DE SÃO PAULO, TAMBÉM DENOMINADA GUARDA CIVIL METROPOLITANA."
755587,PL 863/2025,PL,863,2025,DISPÕE SOBRE A PROIBIÇÃO DO USO DE GRAMPOS METÁLICOS EM EMBALAGENS DE ALIMENTOS DESTINADAS À ENTREGA E DÁ OUTRAS PROVIDÊNCIAS.
755588,PL 864/2025,PL,864,2025,"INSTITUI O PROGRAMA INTEGRADO DE SEGURANÇA EM CONDOMÍNIOS VERTICAIS (PISCV), COM O OBJETIVO DE PREVENIR E COMBATER CRIMES EM EDIFÍCIOS RESIDENCIAIS E COMERCIAIS NO MUNICÍPIO DE SÃO PAULO."
755621,PL 867/2025,PL,867,2025,"INSTITUI O PROGRAMA SP TURTECH – TURISMO E TECNOLOGIA PARA SÃO PAULO, E DÁ OUTRAS PROVIDÊNCIAS."
755622,PL 868/2025,PL,868,2025,"ESTABELECE NORMAS PARA A CRIAÇÃO E FUNCIONAMENTO DE ABRIGOS TEMPORÁRIOS PARA ANIMAIS DOMÉSTICOS NO MUNICÍPIO DE SÃO PAULO, ALTERANDO A LEI MUNICIPAL Nº 10.309, DE 22 DE ABRIL DE 1987, QUE TRATA DO CONTROLE POPULACIONAL DE ANIMAIS E DAS AÇÕES DE CONTROLE DE ZOONOSES, E DÁ OUTRAS PROVIDÊNCIAS."
755623,PL 869/2025,PL,869,2025,"INSTITUI O PROGRAMA DE TRANSAÇÃO TRIBUTÁRIA PARA SAÚDE PAULISTANA, PERMITINDO A CELEBRAÇÃO DE CONTRATOS COM INSTITUIÇÕES PRIVADAS PARA ATENDIMENTO COMPLEMENTAR DE PACIENTES DO SISTEMA ÚNICO DE SAÚDE (SUS) NO MUNICÍPIO DE SÃO PAULO, MEDIANTE COMPENSAÇÃO PARCIAL DE DÉBITOS INSCRITOS EM DÍVIDA ATIVA MUNICIPAL."
755624,PL 870/2025,PL,870,2025,"DISPÕE SOBRE O ATENDIMENTO INTEGRAL À PESSOA COM DEFICIÊNCIA NA REDE PÚBLICA MUNICIPAL DE ENSINO E ESTENDE OS BENEFÍCIOS DA EDUCAÇÃO ESPECIAL AOS ALUNOS COM DEFICIÊNCIA MATRICULADOS NA REDE ESTADUAL EM UNIDADES LOCALIZADAS NO MUNICÍPIO DE SÃO PAULO, E DÁ OUTRAS PROVIDÊNCIAS."
755674,PL 871/2025,PL,871,2025,ESTABELECE PENALIDADES ADMINISTRATIVAS ÀS PESSOAS NATURAIS OU PESSOAS JURÍDICAS E AGENTES PÚBLICOS QUE PRATIQUEM ATOS DE DISCRIMINAÇÃO CONTRA PESSOAS COM TRANSTORNO DO ESPECTRO AUTISTA (TEA) NO ÂMBITO DO MUNICÍPIO DE SÃO PAULO E DÁ OUTRAS PROVIDÊNCIAS.
755684,PL 873/2025,PL,873,2025,"ALTERA A LEI MUNICIPAL Nº 17.201, DE 14 DE OUTUBRO DE 2019, QUE DISCIPLINA SOBRE A VEDAÇÃO DA EXIGÊNCIA DE CONTRAPARTIDA ADICIONAL ÀS SANTAS CASAS E ÀS UNIDADES HOSPITALARES FILANTRÓPICAS E ENTIDADES SEM FINS LUCRATIVOS, INCLUSIVE SERVIÇOS ASSISTENCIAIS COMPLEMENTARES, AMBULATORIAIS E HOSPITALARES, CONTEMPLADAS COM EMENDAS PARLAMENTARES DESTINADAS À SAÚDE NO ÂMBITO DO MUNICÍPIO DE SÃO PAULO."
755696,PL 874/2025,PL,874,2025,DISPÕE SOBRE A ISENÇÃO DE TARIFA NO SISTEMA DE TRANSPORTE COLETIVO PÚBLICO DE PASSAGEIROS DO MUNICÍPIO DE SÃO PAULO PARA LACTANTES E DOADORAS DE LEITE HUMANO E DÁ OUTRAS PROVIDÊNCIAS.
755793,PR 69/2025,PR,69,2025,DISPÕE SOBRE A CRIAÇÃO DA FRENTE PARLAMENTAR DE FOMENTO À AGENDA ESG E AO MERCADO DE CRÉDITO DE CARBONO NO MUNICÍPIO DE SÃO PAULO.
755917,PL 877/2025,PL,877,2025,"ALTERA A LEI N° 14.485, DE 19 DE JULHO DE 2007, PARA INCLUIR NO CALENDÁRIO OFICIAL DO MUNICÍPIO DE SÃO PAULO, O ""DIA MUNICIPAL DO CAMPEONATO TRANS MUSCLE BRASIL"", A SER COMEMORADO ANUALMENTE NO SEGUNDO DOMINGO DE JUNHO, E DÁ OUTRAS PROVIDÊNCIAS."
755967,PL 876/2025,PL,876,2025,"ALTERA A LEI Nº 18.078, DE 11 DE JANEIRO DE 2024, PARA EXPANDIR A APLICAÇÃO DO QUESTIONÁRIO M-CHAT (MODIFIED CHECKLIST FOR AUTISM IN TODDLERS) NOS CENTROS DE EDUCAÇÃO INFANTIL, NOS CENTROS DE REFERÊNCIA DE ASSISTÊNCIA SOCIAL, NAS UNIDADES DO SERVIÇO DE ACOLHIMENTO INSTITUCIONAL PARA CRIANÇAS E ADOLESCENTES E NOS CENTROS DE ACOLHIDA NO MUNICÍPIO DE SÃO PAULO."
755968,PDL 60/2025,PDL,60,2025,DECLARA O SR. EDUARDO BOLSONARO PERSONA NON GRATA NO MUNICÍPIO DE SÃO PAULO.
755979,PL 878/2025,PL,878,2025,DISPÕE SOBRE A COMPROVAÇÃO DE RENDA PARA O EXERCÍCIO DO DIREITO À GRATUIDADE NA CONTRATAÇÃO DE SERVIÇOS CEMITERIAIS E DÁ OUTRAS PROVIDÊNCIAS.
756146,PL 879/2025,PL,879,2025,DISPÕE SOBRE A SINALIZAÇÃO OSTENSIVA DOS EQUIPAMENTOS E APARELHOS ELETRÔNICOS DE FISCALIZAÇÃO (RADARES) IMÓVEIS NO MUNICÍPIO DE SÃO PAULO.
756147,PL 880/2025,PL,880,2025,"ALTERA O INCISO II DO ARTIGO 12 DA LEI Nº 16.239, DE 19 DE JULHO DE 2015, QUE DISPÕE SOBRE O REQUISITO DE ALTURA MÍNIMA PARA INGRESSO NO QUADRO TÉCNICO DOS PROFISSIONAIS DA GUARDA CIVIL METROPOLITANA – QTG, DA PREFEITURA DO MUNICÍPIO DE SÃO PAULO."
756192,PL 882/2025,PL,882,2025,INSTITUI O PROGRAMA MUNICIPAL DE APOIO AO ALEITAMENTO HUMANO EM EMERGÊNCIAS (PRAME) E CRIA EQUIPES DE RESPOSTA RÁPIDA PARA SUA EXECUÇÃO.
756205,PL 883/2025,PL,883,2025,"AUTORIZA O PODER EXECUTIVO A INSTITUIR O PROJETO GUARDIÃO DO IDOSO, VOLTADO À PROTEÇÃO E AO ACOMPANHAMENTO DE PESSOAS IDOSAS EM SITUAÇÃO DE VULNERABILIDADE OU VÍTIMAS DE VIOLÊNCIA DOMÉSTICA, NO MUNICÍPIO DE SÃO PAULO, E DÁ OUTRAS PROVIDÊNCIAS."
756210,PL 884/2025,PL,884,2025,"DENOMINA RUA HUM, O LOGRADOURO INOMINADO, SITUADO NOS ARREDORES DA REPRESA BILLINGS, LOCALIZADO NO DISTRITO DA CAPELA DO SOCORRO, NO MUNICÍPIO DE SÃO PAULO, E DÁ OUTRAS PROVIDÊNCIAS."
756211,PL 885/2025,PL,885,2025,"INSTITUI O PROGRAMA ""CONEXÃO ANIMAL: SMART SAMPA CONTRA O ABANDONO"", INTEGRANDO A TECNOLOGIA DIGITAL À RESPONSABILIZAÇÃO POR ABANDONO E MAUS-TRATOS DE ANIMAIS NO MUNICÍPIO DE SÃO PAULO."
756212,PL 886/2025,PL,886,2025,DISPÕE SOBRE A OBRIGATORIEDADE DE PRESTAÇÃO DE SERVIÇO COMPULSÓRIO PARA AUTORES DE ABANDONO ANIMAL NO MUNICÍPIO DE SÃO PAULO E DÁ OUTRAS PROVIDÊNCIAS.
756274,PL 887/2025,PL,887,2025,INSTITUI O PLANO MUNICIPAL DE JUSTIÇA CLIMÁTICA E DE CIDADE VERDE DO MUNICÍPIO DE SÃO PAULO.
756279,PL 889/2025,PL,889,2025,"CRIA O SELO “CONDOMÍNIO PROTETOR”, NO MUNICÍPIO DE SÃO PAULO, DESTINADO A RECONHECER CONDOMÍNIOS QUE ADOTEM PRÁTICAS DE PREVENÇÃO E ENFRENTAMENTO DA VIOLÊNCIA DOMÉSTICA E FAMILIAR CONTRA MULHERES, CRIANÇAS, ADOLESCENTES, PESSOAS IDOSAS E PESSOAS COM DEFICIÊNCIA, E DÁ OUTRAS PROVIDÊNCIAS."
756304,PL 890/2025,PL,890,2025,"INSTITUI A ISENÇÃO TEMPORÁRIA DO PAGAMENTO DA TARIFA DE ESTACIONAMENTO ROTATIVO - ZONA AZUL PARA PACIENTES EM TRATAMENTO CONTÍNUO E REGULAR DE HEMODIÁLISE, QUIMIOTERAPIA, RADIOTERAPIA, DOENÇAS ONCOLÓGICAS E HIV/AIDS, NAS VIAS PÚBLICAS SITUADAS NAS IMEDIAÇÕES DE ESTABELECIMENTOS DE SAÚDE, PÚBLICOS OU PRIVADOS, NO MUNICÍPIO DE SÃO PAULO."
756308,PL 891/2025,PL,891,2025,"ESTABELECE DIRETRIZES PARA A INCLUSÃO DE TEMAS RELACIONADOS À PREVENÇÃO DA VIOLÊNCIA CONTRA AS MULHERES E À PROMOÇÃO DA IGUALDADE DE GÊNERO NO ÂMBITO DAS ESCOLAS MUNICIPAIS DE SÃO PAULO, E DÁ OUTRAS PREVIDÊNCIAS."
756309,PL 892/2025,PL,892,2025,"DISPÕE SOBRE A OBRIGATORIEDADE DE INSTALAÇÃO DO ESPAÇO “PRAÇA AZUL – CONVIVÊNCIA E INCLUSÃO PARA FAMÍLIAS ATÍPICAS” EM EVENTOS PÚBLICOS, SHOWS, FEIRAS E DEMAIS FESTIVIDADES AUTORIZADAS OU REALIZADAS NO ÂMBITO DO MUNICÍPIO DE SÃO PAULO."
756392,PL 894/2025,PL,894,2025,"ALTERA A LEI Nº. 14.485, DE 19 DE JULHO DE 2007, COM A FINALIDADE DE INCLUIR NO CALENDÁRIO OFICIAL DE EVENTOS DA CIDADE DE SÃO PAULO O DIA DO FLASHBACK E FLASH HOUSE, E DÁ OUTRAS PROVIDÊNCIAS."
756393,PL 895/2025,PL,895,2025,"AUTORIZA O EXECUTIVO A INSTITUIR A GRATIFICAÇÃO PELO EXERCÍCIO DAS ATIVIDADES DE MÉDICO, DENTISTA E FARMACÊUTICO DA GUARDA CIVIL METROPOLITANA, A SER CONCEDIDA MENSALMENTE, AOS SERVIDORES PERTENCENTES AO QUADRO DA GUARDA CIVIL METROPOLITANA, LOTADOS E EM EFETIVO EXERCÍCIO NAS UNIDADES DA SECRETARIA MUNICIPAL DE SEGURANÇA URBANA, NAS CONDIÇÕES ESPECIFICADAS NESTA LEI, DANDO AINDA OUTRAS PROVIDÊNCIAS."
756471,PL 896/2025,PL,896,2025,"ALTERA A LEI MUNICIPAL Nº 14.471, DE 10 DE JULHO DE 2007, PARA DECLARAR A CIDADE DE NOVA IORQUE, LOCALIZADA NO ESTADO DE NOVA IORQUE, NOS ESTADOS UNIDOS DA AMÉRICA, COMO CIDADE-IRMÃ DA CIDADE DE SÃO PAULO"
756535,PL 898/2025,PL,898,2025,"INSTITUI A SEMANA PAZ NAS ESCOLAS NO CALENDÁRIO OFICIAL DA CIDADE DE SÃO PAULO, CRIA O SELO ESCOLA PELA PAZ E ESTABELECE DIRETRIZES PARA A PROMOÇÃO DA CULTURA DE PAZ NO AMBIENTE ESCOLAR."
756536,PL 899/2025,PL,899,2025,"INSTITUI O PROGRAMA “TECNOLOGIA DE QUEBRADA” NO MUNICÍPIO DE SÃO PAULO, VOLTADO À FORMAÇÃO DE JOVENS EM TECNOLOGIAS SOCIAIS APLICADAS À REALIDADE URBANA, COM FOCO EM INCLUSÃO, GERAÇÃO DE RENDA E DESENVOLVIMENTO LOCAL."
756537,PL 900/2025,PL,900,2025,"DISPÕE SOBRE A CRIAÇÃO DO APLICATIVO “EQUILIBRA”, VOLTADO À PROMOÇÃO DO USO CONSCIENTE DE DISPOSITIVOS DIGITAIS, À PREVENÇÃO DE RISCOS ASSOCIADOS À EXPOSIÇÃO EXCESSIVA ÀS TELAS E AO INCENTIVO À SAÚDE MENTAL E AO BEM-ESTAR DIGITAL DA POPULAÇÃO, NO ÂMBITO DO MUNICÍPIO DE SÃO PAULO."
756538,PL 901/2025,PL,901,2025,"ALTERA A LEI MUNICIPAL Nº 14.485, DE 19 DE JULHO DE 2007, PARA INCLUIR O DIA DO JIPE SOLIDÁRIO, A SER COMEMORADO ANUALMENTE NO DIA 31 DE MAIO, E DÁ OUTRAS PROVIDÊNCIAS."
756560,PL 902/2025,PL,902,2025,VEDA A DIVULGAÇÃO OU A EXIBIÇÃO DE PROPAGANDAS DE CASAS OU APLICATIVOS DE APOSTAS (BETS) EM EQUIPAMENTOS PÚBLICOS MUNICIPAIS.
756562,PL 904/2025,PL,904,2025,ASSEGURA AOS PROFESSORES E DEMAIS SERVIDORES DAS UNIDADES EDUCACIONAIS O DIREITO À ALIMENTAÇÃO PELO PROGRAMA DE MERENDA ESCOLAR
756563,PL 905/2025,PL,905,2025,"FICA PROIBIDA A PARTICIPAÇÃO DE CRIANÇAS EM EVENTOS, SEJAM ELES VOLTADOS AO PÚBLICO INFANTIL OU ADULTO, QUANDO ESTES APRESENTAREM CONTEÚDOS, PRÁTICAS OU INFLUÊNCIAS QUE POSSAM CONTRIBUIR PARA A ADULTIZAÇÃO PRECOCE DA INFÂNCIA."
756574,PL 906/2025,PL,906,2025,INSTITUI O PROGRAMA SPCLIMASENSORES DE MONITORAMENTO COMUNITÁRIO DE EVENTOS CLIMÁTICOS EXTREMOS NO MUNICÍPIO DE SÃO PAULO E DÁ OUTRAS PROVIDÊNCIAS.
756607,PL 908/2025,PL,908,2025,"ACRESCENTA ATRIBUIÇÃO ESPECÍFICA AO CARGO DE AGENTE DE SAÚDE, ESPECIALMENTE EM RELAÇÃO AO AGENTE DE SAÚDE – SAÚDE AMBIENTAL/COMBATE A ENDEMIAS, NO ÂMBITO DO MUNICÍPIO DE SÃO PAULO, PARA FINS DE PLANEJAMENTO E CONTROLE DE DOENÇAS POR MEIO DO RECENSEAMENTO DE ANIMAIS, E DÁ OUTRAS PROVIDÊNCIAS."
756624,PL 909/2025,PL,909,2025,"INSTITUI O PROGRAMA DE COMBATE À CIBERPEDOFILIA, E DÁ OUTRAS PROVIDÊNCIAS."
756652,PL 911/2025,PL,911,2025,"AUTORIZA A APLICAÇÃO DO PROTOCOLO CED (CAPTURA, ESTERILIZAÇÃO E DEVOLUÇÃO) PARA CONTROLE POPULACIONAL DE CÃES E GATOS DE VIDA LIVRE NO ÂMBITO DO MUNICÍPIO DE SÃO PAULO."
756679,PL 912/2025,PL,912,2025,"ALTERA A LEI N° 14.485, DE 19 DE JULHO DE 2007, PARA INCLUIR NO CALENDÁRIO OFICIAL DO MUNICÍPIO DE SÃO PAULO, O ""DIA MUNICIPAL DO ENFRENTAMENTO À LGBTFOBIA NOS ESPORTES"", A SER COMEMORADO ANUALMENTE NO DIA 17 DE JUNHO, E DÁ OUTRAS PROVIDÊNCIAS."
756681,PL 913/2025,PL,913,2025,"DISPÕE SOBRE O CONTROLE DE RUÍDOS, O USO DE ÁREAS COMUNS EM ZONAS RESIDENCIAIS OU MISTAS E A REGULAMENTAÇÃO DE ATIVIDADES COMERCIAIS NAS PROXIMIDADES DE CONDOMÍNIOS, ESTABELECENDO LIMITES TÉCNICOS DE EMISSÃO SONORA, CRITÉRIOS DE OCUPAÇÃO DE ÁREAS COMUNS, DIRETRIZES PARA EVENTOS E FUNCIONAMENTO DE COZINHAS PROFISSIONAIS, COM VISTAS À PROTEÇÃO DO SOSSEGO, SAÚDE E BEM-ESTAR DOS MORADORES, DANDO AINDA OUTRAS PROVIDÊNCIAS."
756692,PL 914/2025,PL,914,2025,"ALTERA A LEI N° 14.485, DE 19 DE JULHO DE 2007, PARA INCLUIR NO CALENDÁRIO OFICIAL DO MUNICÍPIO DE SÃO PAULO, O ""DIA MUNICIPAL EM MEMÓRIA DAS VÍTIMAS DE ACIDENTES DE TRABALHO"", A SER COMEMORADO ANUALMENTE NO DIA 28 DE ABRIL, E DÁ OUTRAS PROVIDÊNCIAS."
756701,PR 70/2025,PR,70,2025,DISPÕE SOBRE A CRIAÇÃO DA FRENTE PARLAMENTAR DE COMBATE ADULTIZAÇÃO E EROTIZAÇÃO DE CRIANÇAS E ADOLESCENTES EM AMBIENTES DIGITAIS AUDIOVISUAIS NO MUNICÍPIO DE SÃO PAULO.
756713,PL 917/2025,PL,917,2025,"PROÍBE A CONTRATAÇÃO DE SHOWS, ARTISTAS E EVENTOS ABERTOS AO PÚBLICO INFANTOJUVENIL QUE ENVOLVAM, NO DECORRER DA APRESENTAÇÃO, EXPRESSÃO DE APOLOGIA AO CRIME ORGANIZADO OU AO USO DE DROGAS ILÍCITAS, E DÁ OUTRAS PROVIDÊNCIAS."
756733,PR 71/2025,PR,71,2025,CRIA A FRENTE PARLAMENTAR DE PREVENÇÃO E COMBATE À ADULTIZAÇÃO INFANTIL NA INTERNET NO ÂMBITO DA CÂMARA MUNICIPAL DE SÃO PAULO E DÁ OUTRAS PROVIDÊNCIAS.
756765,PL 918/2025,PL,918,2025,"DISPÕE SOBRE O TOMBAMENTO, PARA FINS DE PRESERVAÇÃO HISTÓRICA E CULTURAL, DO TEATRO BIBI FERREIRA, LOCALIZADO NA CIDADE DE SÃO PAULO, E DÁ OUTRAS PROVIDÊNCIAS."
756766,PL 919/2025,PL,919,2025,"DISPÕE SOBRE A INSTITUIÇÃO DA ""ROTA INCLUSIVA"" NO MUNICÍPIO DE SÃO PAULO, CONSOLIDANDO E AMPLIANDO DIRETRIZES PARA A GARANTIA DO ACESSO PRIORITÁRIO E QUALIFICADO A TERAPIAS MULTIDISCIPLINARES, A INCLUSÃO ESCOLAR EFETIVA, O APOIO INTEGRAL ÀS FAMÍLIAS ATÍPICAS E A INFORMAÇÃO SOBRE DIREITOS DE PESSOAS COM TRANSTORNO DO ESPECTRO AUTISTA (TEA) E OUTRAS DEFICIÊNCIAS E INSTITUI A COLETA DE DADOS PARA IMPLEMENTAÇÃO DE POLÍTICAS PÚBLICAS BASEADAS EM EVIDÊNCIAS"
756777,PL 922/2025,PL,922,2025,"DISPÕE SOBRE A IMPLEMENTAÇÃO DA “CICLOVIA INTELIGENTE” NA CIDADE DE SÃO PAULO, VISANDO A SEGURANÇA, O INCENTIVO AO USO DA BICICLETA E A INTEGRAÇÃO COM O TRANSPORTE PÚBLICO, E DÁ OUTRAS PROVIDÊNCIAS."
756783,PL 923/2025,PL,923,2025,"INSTITUI A POLÍTICA MUNICIPAL DE PREVENÇÃO E COMBATE À EXPLORAÇÃO SEXUAL INFANTIL NO AMBIENTE DIGITAL, DENOMINADA “OBSERVATÓRIO MUNICIPAL DIGITAL INFANTIL”, E DÁ OUTRAS PROVIDÊNCIAS."
756839,PL 924/2025,PL,924,2025,"VEDA A PROIBIÇÃO DE INSTALAÇÃO DE TELAS E REDES DE PROTEÇÃO NAS JANELAS, SACADAS, MEZANINOS E VARANDAS DAS UNIDADES PRIVATIVAS EM CONDOMÍNIOS LOCALIZADOS NO MUNICÍPIO DE SÃO PAULO."
756840,PL 925/2025,PL,925,2025,INSTITUI O “PROGRAMA LIBRAS PARA TODOS” PARA FOMENTAR A CAPACITAÇÃO EM LÍNGUA BRASILEIRA DE SINAIS - LIBRAS GRATUITA PARA FAMILIARES DE PESSOAS SURDAS OU COM DEFICIÊNCIA AUDITIVA.
756890,PL 926/2025,PL,926,2025,"ALTERA O LOGRADOURO PÚBLICO QUE ESPECIFICA PARA “RUA MANOEL AUGUSTO”, E DÁ OUTRAS PROVIDÊNCIAS."
756892,PL 927/2025,PL,927,2025,"DISPÕE SOBRE A CRIAÇÃO DO PROGRAMA MUNICIPAL ""RECRIA SAMPA"", DESTINADO À PROMOÇÃO DA EMPREGABILIDADE E SUSTENTABILIDADE POR MEIO DO REAPROVEITAMENTO DE MATÉRIAS-PRIMAS E EQUIPAMENTOS DO SETOR TÊXTIL E CONFECCIONISTA, E DÁ OUTRAS PROVIDÊNCIAS."
757071,PL 929/2025,PL,929,2025,"ALTERA A LEI N° 14.485, DE 19 DE JULHO DE 2007, PARA INCLUIR NO CALENDÁRIO DE EVENTOS DA CIDADE DE SÃO PAULO O DIA DA PESSOA IDOSA"
757072,PL 930/2025,PL,930,2025,INSTITUI O PROGRAMA DE FOMENTO À CRIAÇÃO DE LARES TEMPORÁRIOS PARA ANIMAIS EM SITUAÇÃO DE VULNERABILIDADE E DÁ OUTRAS PROVIDÊNCIAS.
757196,PL 931/2025,PL,931,2025,"DISPÕE SOBRE A APLICAÇÃO DE MULTA INDENIZATÓRIA EM CASOS DE FALHA OU INTERRUPÇÃO NO FORNECIMENTO DE ENERGIA ELÉTRICA OU ÁGUA PELAS EMPRESAS CONCESSIONÁRIAS DO SERVIÇO PÚBLICO, EM DIAS DE INTERRUPÇÃO, NO ÂMBITO DO MUNICÍPIO DE SÃO PAULO E, DÁ OUTRAS PROVIDÊNCIAS."
757198,PDL 63/2025,PDL,63,2025,"SUSTA A EXECUÇÃO DO INCISO III DO PARÁGRAFO ÚNICO DO ART. 5º DO DECRETO MUNICIPAL Nº 49.796, DE 22 DE JULHO DE 2008, NA REDAÇÃO DADA PELO DECRETO MUNICIPAL Nº 58.805, DE 20 DE JUNHO DE 2019, POR AFRONTA À LEGISLAÇÃO MUNICIPAL VIGENTE."
757252,PL 933/2025,PL,933,2025,"DISPÕE SOBRE A INSTITUIÇÃO DA POLÍTICA MUNICIPAL DE PREVENÇÃO AO VÍCIO EM JOGOS ELETRÔNICOS, VIDEOGAMES, PLATAFORMAS DIGITAIS E REDES SOCIAIS NO ÂMBITO DAS ESCOLAS PÚBLICAS DO MUNICÍPIO DE SÃO PAULO, COM FOCO NA PROMOÇÃO DA SAÚDE MENTAL E INCLUSÃO DIGITAL CONSCIENTE, E DÁ OUTRAS PROVIDÊNCIAS."
757253,PL 934/2025,PL,934,2025,"DISPÕE SOBRE A OBRIGATORIEDADE DE CRIAÇÃO DE ESPAÇO FÍSICO ADEQUADO PARA GUARDA E IDENTIFICAÇÃO INDIVIDUALIZADA DAS OSSADAS DE VÍTIMAS DA COVID-19 SEPULTADAS EM VALAS COMUNS, NO ÂMBITO DO SERVIÇO FUNERÁRIO MUNICIPAL DE SÃO PAULO E DEMAIS ÓRGÃOS E ENTIDADES RESPONSÁVEIS PELA GESTÃO DE CEMITÉRIOS, E DÁ OUTRAS PROVIDÊNCIAS."
757263,PL 935/2025,PL,935,2025,"ALTERA A LEI Nº 14.485 DE 19 DE JULHO DE 2007, PARA INCLUIR NO CALENDÁRIO DE EVENTOS DA CIDADE DE SÃO PAULO O DIA MUNICIPAL DA CONSCIÊNCIA NEGRA DA VILA MATILDE A SER COMEMORADO ANUALMENTE NO DIA 20 DE NOVEMBRO E DÁ OUTRAS PROVIDÊNCIAS."
757543,PL 936/2025,PL,936,2025,AUTORIZA O EMBARQUE E DESEMBARQUE DE AUTOMÓVEIS PÚBLICOS OU PRIVADOS O MAIS PRÓXIMO DA ENTRADA DE EQUIPAMENTOS DE SAÚDE.
757564,PL 937/2025,PL,937,2025,"FICA DENOMINADA ESCADARIA MESTRE LUIZ RIBEIRO TÁVORA O LOGRADOURO PÚBLICO INOMINADO LOCALIZADO ENTRE A PRAÇA DR. SAMPAIO VIDAL NA ALTURA DO NÚMERO 319 E A RUA OURICURI NA ALTURA DO NÚMERO 264, NO DISTRITO DA VILA FORMOSA, SUBPREFEITURA ARICANDUVA – FORMOSA – CARRÃO."
757671,PL 938/2025,PL,938,2025,DISPÕE SOBRE A POSSIBILIDADE DE REGULARIZAÇÃO DO USO DA “ZONA AZUL” NO MUNICÍPIO DE SÃO PAULO E DÁ OUTRAS PROVIDÊNCIAS
757672,PL 939/2025,PL,939,2025,INSTITUI O PORTAL DA TRANSPARÊNCIA DO PROGRAMA OPERAÇÃO TRABALHO NO ÂMBITO DO MUNICÍPIO DE SÃO PAULO E DÁ OUTRAS PROVIDÊNCIAS
757700,PL 940/2025,PL,940,2025,"INCLUI NO CALENDÁRIO OFICIAL DE EVENTOS DA CIDADE DE SÃO PAULO O EVENTO ""LANÇAMENTO DO ÁLBUM DOS SAMBAS ENREDO DE SÃO PAULO."
757882,PL 941/2025,PL,941,2025,DISPÕE SOBRE A PREVENÇÃO E O COMBATE À ADULTIZAÇÃO E À EXPLORAÇÃO SEXUAL DIGITAL DE CRIANÇAS E ADOLESCENTES NO ÂMBITO DO MUNICÍPIO DE SÃO PAULO E DÁ OUTRAS PROVIDÊNCIAS.
757903,PL 942/2025,PL,942,2025,"ALTERA A LEI 14.485, DE 19 DE JULHO DE 2007, COM A FINALIDADE DE INCLUIR NO CALENDÁRIO OFICIAL DE EVENTOS DA CIDADE DE SÃO PAULO O “DIA DO CRISTÃO NA CIÊNCIA” NO MUNICÍPIO DE SÃO PAULO E DÁ OUTRAS PROVIDÊNCIAS."
758016,PL 945/2025,PL,945,2025,"ALTERA A LEI 14.485, DE 19 DE JULHO DE 2007, COM A FINALIDADE DE INCLUIR NO CALENDÁRIO  OFICIAL DE EVENTOS DA CIDADE DE SÃO PAULO O ANIVERSÁRIO DO PARQUE DO POVO E O DIA DO FESTIVAL MUSIC IN THE PARK PARQUE DO POVO NO MUNICÍPIO DE SÃO PAULO E DÁ OUTRAS PROVIDÊNCIAS."
758039,PL 946/2025,PL,946,2025,"INSTITUI A POLÍTICA MUNICIPAL DE PAGAMENTO POR SERVIÇOS AMBIENTAIS URBANOS – PMPSAU, NO ÂMBITO DO MUNICÍPIO DE SÃO PAULO, E DÁ OUTRAS PROVIDÊNCIAS."
758041,PR 73/2025,PR,73,2025,DISPÕE SOBRE A CRIAÇÃO DA FRENTE PARLAMENTAR LGBTQIA+ POR DIREITOS E CIDADANIA.
758072,PL 947/2025,PL,947,2025,FICA DENOMINADO ACESSO JUVENTINO GARDENGHI O LOGRADOURO PÚBLICO INOMINADO LOCALIZADO ENTRE A AVENIDA ALCÂNTARA MACHADO  (RADIAL LESTE) SAINDO PARA A AVENIDA SALIM FARAH MALUF NA ALTURA DO SETOR FISCAL 029 E DA QUADRA F0093 DISTRITO DA SUBPREFEITURA DA MOOCA.
758077,PL 948/2025,PL,948,2025,"ALTERA O CÓDIGO DE OBRAS E EDIFICAÇÕES DO MUNICÍPIO DE SÃO PAULO (LEI Nº 16.642/2017 E DECRETO Nº 57.776/2017) PARA REDEFINIR PARÂMETROS DE UTILIZAÇÃO DE JIRAUS, AMPLIANDO A OCUPAÇÃO MÁXIMA PERMITIDA PARA 70% DA ÁREA DO COMPARTIMENTO E FIXANDO O PÉ-DIREITO MÁXIMO EM 2,40M."
758102,PL 949/2025,PL,949,2025,"ALTERA A LEI Nº 14.485 DE 19 DE JULHO DE 2007, PARA INCLUIR NO CALENDÁRIO DE EVENTOS DA CIDADE DE SÃO PAULO “DIA MUNICIPAL DE CONSCIENTIZAÇÃO SOBRE O USO RACIONAL DE PLÁSTICO”, A SER CELEBRADO ANUALMENTE NO DIA 05 DE JUNHO."
758225,PL 951/2025,PL,951,2025,"CRIA O CENTRO DE APOIO E CONTROLE INTEGRADO DE FISCALIZAÇÃO NO MUNICÍPIO DE SÃO PAULO, ESTABELECENDO SUAS ATRIBUIÇÕES E DIRETRIZES DE FUNCIONAMENTO, E DÁ OUTRAS PROVIDÊNCIAS."
758235,PL 952/2025,PL,952,2025,"DISPÕE SOBRE A SIMPLIFICAÇÃO E FLEXIBILIZAÇÃO DOS REQUISITOS PARA A SOLICITAÇÃO E DOAÇÃO DE MUDAS DE ÁRVORES PELA SECRETARIA MUNICIPAL DO VERDE E DO MEIO AMBIENTE (SVMA) NO MUNICÍPIO DE SÃO PAULO, E DÁ OUTRAS PROVIDÊNCIAS."
758247,PL 953/2025,PL,953,2025,DISPÕE SOBRE A OBRIGATORIEDADE DE ADOÇÃO DE MECANISMOS DE PROTEÇÃO À INFÂNCIA DIGITAL NAS REDES PÚBLICAS DE INTERNET SOB RESPONSABILIDADE DO MUNICÍPIO DE SÃO PAULO.
758248,PL 954/2025,PL,954,2025,CRIA O SELO “CONTEÚDO RESPONSÁVEL COM PARTICIPAÇÃO INFANTIL” NO ÂMBITO DO MUNICÍPIO DE SÃO PAULO E DÁ OUTRAS PROVIDÊNCIAS.
758249,PL 955/2025,PL,955,2025,DISPÕE SOBRE A CRIAÇÃO DO PROGRAMA MUNICIPAL DE FORMAÇÃO EM COMPETÊNCIAS DIGITAIS AVANÇADAS NO ÂMBITO DO MUNICÍPIO DE SÃO PAULO.
758251,PL 956/2025,PL,956,2025,"DISPÕE SOBRE A CRIAÇÃO DO SISTEMA MUNICIPAL INTEGRADO DE DIVULGAÇÃO DE EVENTOS PÚBLICOS GRATUITOS DE CULTURA, ESPORTE E LAZER NO MUNICÍPIO DE SÃO PAULO."
758253,RSC 3/2025,RSC,3,2025,"COM O OBJETIVO DE APERFEIÇOAR OS MÉTODOS DE ORGANIZAÇÃO DE DOCUMENTOS E COM O FIM DE VIABILIZAR O ARQUIVAMENTO DA DOCUMENTAÇÃO PERTINENTE E DO REGISTRO DOS TRABALHOS DA SUBCOMISSÃO CONSTITUÍDA NO ÂMBITO DESTA COMISSÃO, SOLICITO QUE SEJA FORMADO PROCESSO DIGITAL PARA A SUBCOMISSÃO DO SERVIÇO DE TRANSPORTE INDIVIDUAL DE PASSAGEIROS POR MOTOCICLETA (SUBMOTOTAXI), DESTINADA AO ESTUDO, ANÁLISE E DISCUSSÃO DOS ASSUNTOS RELACIONADOS À REGULAMENTAÇÃO DO SERVIÇO DE TRANSPORTE DE PASSAGEIROS POR MOTOCICLETA NO MUNICÍPIO DE SÃO PAULO."
758259,PL 957/2025,PL,957,2025,PROÍBE A ADMINISTRAÇÃO PÚBLICA DE CELEBRAR CONTRATOS COM EMPRESAS ENVOLVIDAS EM GRAVES VIOLAÇÕES DE DIREITOS HUMANOS.
758338,PL 958/2025,PL,958,2025,"INSTITUI O PROGRAMA MUNICIPAL DE ATENDIMENTO OBRIGATÓRIO PARA DIAGNÓSTICO, TRATAMENTO E ACOMPANHAMENTO DE PESSOAS COM DEPRESSÃO."
758340,PL 959/2025,PL,959,2025,"INSTITUI, NO MUNICÍPIO DE SÃO PAULO, A CAMPANHA MUNICIPAL DE COMBATE À VIOLÊNCIA POLÍTICA DE GÊNERO E RAÇA CONTRA A MULHER, DENOMINADA SETEMBRO NEON DE COMBATE A VIOLÊNCIA POLÍTICA DE GÊNERO E RAÇA CONTRA A MULHER, E DÁ OUTRAS PROVIDÊNCIAS."
758386,PL 960/2025,PL,960,2025,"ALTERA A LEI N° 18.210, DE 26 DE DEZEMBRO DE 2024, PARA INCLUIR A OBRIGATORIEDADE DE FORNECIMENTO DE MOBILIÁRIO, ELETRODOMÉSTICOS E UTENSÍLIOS BÁSICOS DE USO RESIDENCIAL AOS BENEFICIÁRIOS DO AUXÍLIO REENCONTRO MORADIA."
758403,PL 961/2025,PL,961,2025,"DISPÕE SOBRE A DENOMINAÇÃO DE LOGRADOURO PÚBLICO INOMINADO COMO PRAÇA DOM ANGÉLICO, E DÁ OUTRAS PROVIDÊNCIAS."
758489,PR 74/2025,PR,74,2025,"DISPÕE SOBRE A CRIAÇÃO, NO ÂMBITO DA CÂMARA MUNICIPAL DE SÃO PAULO, DA FRENTE PARLAMENTAR PELA ANISTIA AOS ACUSADOS DOS ATOS DE 8 DE JANEIRO."
758565,PDL 70/2025,PDL,70,2025,"DISPÕE SOBRE A OUTORGA DE SALVA DE PRATA À KING SPORTS LTDA, E DÁ OUTRAS PROVIDÊNCIAS."
758612,PL 964/2025,PL,964,2025,PROÍBE O FRACIONAMENTO DE INGRESSOS DE MEIA-ENTRADA OU OUTROS BENEFÍCIOS LEGAIS POR CATEGORIA DAS PESSOAS BENEFICIÁRIAS E GARANTE SUA DISPONIBILIZAÇÃO EM CONDIÇÕES ISONÔMICAS NA CIDADE DE SÃO PAULO.
758646,PL 965/2025,PL,965,2025,"INSTITUI O PROGRAMA LAUDELINA DE CAMPOS MELO DE AUXÍLIO FINANCEIRO ÀS TRABALHADORAS DOMÉSTICAS E DE CUIDADOS, COM O OBJETIVO DE GARANTIR O DIREITO À EDUCAÇÃO E PROMOVER A ELEVAÇÃO DA ESCOLARIDADE ATRAVÉS DO INCENTIVO AO ACESSO E PERMANÊNCIA EM INSTITUIÇÕES DE ENSINO."
758740,PL 967/2025,PL,967,2025,"ALTERA A LEI Nº 11.345, DE 14 DE ABRIL DE 1993 [DISPÕE SOBRE A ADEQUAÇÃO DAS EDIFICAÇÕES À PESSOA PORTADORA DE DEFICIÊNCIA E DÁ OUTRAS PROVIDÊNCIAS], PARA ATUALIZAR A REFERÊNCIA À NORMA TÉCNICA DE ACESSIBILIDADE DA ABNT."
758743,PL 968/2025,PL,968,2025,"INSTITUI A POLÍTICA MUNICIPAL DE CAPACITAÇÃO PERMANENTE PARA O ATENDIMENTO INCLUSIVO NO TRANSPORTE COLETIVO (CAPACITRANS), ESTABELECE A OBRIGATORIEDADE DE TREINAMENTO PARA PROFISSIONAIS DO SISTEMA DE TRANSPORTE PÚBLICO MUNICIPAL SOBRE OS DIREITOS E AS NECESSIDADES DAS PESSOAS COM DEFICIÊNCIA, E DÁ OUTRAS PROVIDÊNCIAS."
758747,PDL 76/2025,PDL,76,2025,"DECLARA O MINISTRO ALEXANDRE DE MORAES, PERSONA NON GRATA PELAS DECISÕES ANTI-DEMOCRÁTICAS PROFERIDAS."
758841,PL 969/2025,PL,969,2025,DISPÕE SOBRE A INTEGRAÇÃO DOS ALUNOS COM DEFICIÊNCIA NAS AULAS DE EDUCAÇÃO FÍSICA DAS UNIDADES EDUCACIONAIS DA REDE PÚBLICA E PRIVADA DO MUNICÍPIO DE SÃO PAULO E DÁ OUTRAS PROVIDÊNCIAS.
758842,PL 970/2025,PL,970,2025,"DISPÕE SOBRE A AFIXAÇÃO DE PLACAS ORIENTATIVAS SOBRE O DIREITO A ACOMPANHANTE PARA PARTURIENTES NOS SERVIÇOS DE SAÚDE DO SISTEMA ÚNICO DE SAÚDE (SUS), DA REDE PRÓPRIA OU CONVENIADA DO MUNICÍPIO DE SÃO PAULO."
758843,PL 971/2025,PL,971,2025,"FICA DENOMINADA COMO PRAÇA RENZO OLIVEIRA DOS SANTOS O LOGRADOURO PÚBLICO INOMINADO LOCALIZADO NA RUA COPENHAGUE, ALTURA DO NÚMERO 153, GUAIANASES, SUBPREFEITURA DE GUAIANASES."
758844,PL 972/2025,PL,972,2025,"DISPÕE SOBRE A CAMPANHA PERMANENTE PELO TRABALHO DOMÉSTICO DECENTE NO ÂMBITO DO MUNICÍPIO DE SÃO PAULO, E ALTERA A LEI N° 14.007, DE 20 DE JUNHO DE 2005, PARA INSTITUIR COMO SERVIÇO DO CENTRO DE APOIO AO TRABALHO E EMPREENDEDORISMO O SUPORTE JURÍDICO E PSICOLÓGICO PARA AS TRABALHADORAS DOMÉSTICAS E DE CUIDADOS."
758870,PL 973/2025,PL,973,2025,"DISPÕE AO PODER PÚBLICO SOBRE A CRIAÇÃO DO PARQUE MUNICIPAL PROFETA ELIAS, E DÁ OUTRAS PROVIDÊNCIAS."
758883,PL 974/2025,PL,974,2025,INSTITUI O CÓDIGO DE COMBATE À NARCOCULTURA NO MUNICÍPIO DE SÃO PAULO.
758943,PL 975/2025,PL,975,2025,"ALTERA A LEI Nº 16.050, DE 31 DE JULHO DE 2014, QUE APROVA A POLÍTICA DE DESENVOLVIMENTO URBANO E O PLANO DIRETOR ESTRATÉGICO DO MUNICÍPIO DE SÃO PAULO, PARA INCLUIR AÇÕES DE ADAPTAÇÃO CLIMÁTICA ENTRE AS DESTINAÇÕES PRIORITÁRIAS DO FUNDO DE DESENVOLVIMENTO URBANO – FUNDURB E INSERIR A DEFINIÇÃO DE “ADAPTAÇÃO CLIMÁTICA” NO QUADRO 1 – CONCEITOS."
758944,PL 976/2025,PL,976,2025,"ALTERA A LEI Nº 14.934, DE 5 DE JUNHO DE 2009, PARA INCLUIR AÇÕES DE ADAPTAÇÃO CLIMÁTICA NO ROL DE APLICAÇÃO DE RECURSOS DO FUNDO MUNICIPAL DE SANEAMENTO AMBIENTAL E INFRAESTRUTURA – FMSAI, E DÁ OUTRAS PROVIDÊNCIAS."
758966,PL 977/2025,PL,977,2025,INCLUIR NO CALENDÁRIO OFICIAL DO MUNICÍPIO DE SÃO PAULO O “DIA DO ENCONTRO MUNICIPAL DOS GRÊMIOS ESTUDANTIS” E DÁ OUTRAS PROVIDÊNCIAS.
759012,PL 981/2025,PL,981,2025,"DENOMINA COMO ESPLANADA DA LIBERDADE - HIROFUMI IKESAKI O ESPAÇO PROJETADO PELA PREFEITURA NA ÁREA LOCALIZADA SOBRE A RADIAL LESTE-OESTE, ENTRE OS VIADUTOS GUILHERME DE ALMEIDA, MIE KEN, CIDADE DE OSAKA E SHUHEI UETSUKA, E DÁ OUTRAS PROVIDÊNCIAS."
759014,PL 982/2025,PL,982,2025,"REGULAMENTA OS CRITÉRIOS PARA O PROCESSO DE 
ESCOLHA DOS CONSELHEIROS TUTELARES NO MUNICÍPIO 
DE SÃO PAULO E DÁ OUTRAS PROVIDÊNCIAS."
759140,PL 983/2025,PL,983,2025,"ALTERA A LEI Nº 14.488, DE 5 DE JULHO DE 2007, PARA INCLUIR AÇÕES DE ADAPTAÇÃO CLIMÁTICA NO ROL DE APLICAÇÕES DO FUNDO MUNICIPAL DE DESENVOLVIMENTO DE TRÂNSITO – FMDT."
759147,PL 984/2025,PL,984,2025,"ALTERA OS ART. 29, INCISO III, 30, § 4O, ALÍNEA ""E"", 32, ""CAPUT"", DA LEI N.º 17.638, DE 09 DE SETEMBRO DE 2021, QUE DISCIPLINA O PROGRAMA PODE ENTRAR, ESTABELECENDO REGRAS, MECANISMOS E INSTRUMENTOS PARA SUA OPERACIONALIZAÇÃO; E, O ART. 5O, CAPUT, DA LEI N.º 17.859, DE 16 DE DEZEMBRO DE 2022, QUE DISPÕE SOBRE A REGULARIZAÇÃO FUNDIÁRIA URBANA DE EDIFICAÇÕES, LOTEAMENTOS E CONJUNTOS/EMPREENDIMENTOS HABITACIONAIS IMPLANTADOS PARA FINS DE PROVISÃO DE HABITAÇÃO DE INTERESSE SOCIAL PRODUZIDOS DIRETAMENTE PELO MUNICÍPIO, PELO ESTADO DE SÃO PAULO OU PELA UNIÃO, BEM COMO POR INTERMÉDIO DE CONCESSÕES, PARCERIAS PÚBLICO-PRIVADAS E CONVÊNIOS CONGÊNERES E SOBRE PROCEDIMENTO ADMINISTRATIVO DE AVALIAÇÃO E INDENIZAÇÃO DE CONSTRUÇÕES EM ASSENTAMENTOS URBANOS DE INTERESSE SOCIAL."
759481,PL 986/2025,PL,986,2025,"INSTITUI O PROGRAMA MUNICIPAL DE APOIO PSICOLÓGICO E JURÍDICO A PROFISSIONAIS DA EDUCAÇÃO E JOVENS ALUNOS VÍTIMAS DE VIOLÊNCIA ESCOLAR, ESTABELECE PROTOCOLOS DE ACOLHIMENTO RÁPIDO E DÁ OUTRAS PROVIDÊNCIAS."
759482,PL 987/2025,PL,987,2025,"INSTITUI O PROGRAMA MUNICIPAL JOVEM CIENTISTA, DESTINADO A FOMENTAR TALENTOS EM CIÊNCIA, TECNOLOGIA E INOVAÇÃO NO ÂMBITO DO MUNICÍPIO, COM PRIORIDADE PARA ESTUDANTES DA REDE PÚBLICA EM SITUAÇÃO DE VULNERABILIDADE SOCIAL, E DÁ OUTRAS PROVIDÊNCIAS."
759584,PL 988/2025,PL,988,2025,"INSTITUI O ""PROGRAMA MÃES DE PARAISÓPOLIS"" QUE ESTABELECE DIRETRIZES E AÇÕES DE ENFRENTAMENTO AOS IMPACTOS DA VIOLÊNCIA ESTATAL AOS FAMILIARES DE VÍTIMAS E/OU SOBREVIVENTES POR MEIO DA ATENÇÃO SOCIAL, SIMBÓLICA E DE SAÚDE, NO ÂMBITO DO MUNICÍPIO DE SÃO PAULO."
759636,PL 990/2025,PL,990,2025,"ATRIBUI AO PODER EXECUTIVO DO MUNICÍPIO DE SÃO PAULO, DIRETAMENTE OU POR MEIO DE CONTRATOS ADMINISTRATIVOS, A RESPONSABILIDADE PELA COLETA, TRANSPORTE E DESTINAÇÃO ADEQUADA DOS RESÍDUOS SÓLIDOS GERADOS EM EQUIPAMENTOS PÚBLICOS MUNICIPAIS DE ABASTECIMENTO, COMO MERCADOS E SACOLÕES."
759809,PDL 79/2025,PDL,79,2025,"CONCEDE SALVA DE PRATA AO GRÊMIO RECREATIVO E CULTURAL ESCOLA DE SAMBA CAMISA 12, E DÁ OUTRAS PROVIDÊNCIAS."
759813,PL 991/2025,PL,991,2025,FICA AUTORIZADO A INSTITUIÇÃO DO PROGRAMA DE COLETA SELETIVA NAS ESCOLAS DA REDE MUNICIPAL DE ENSINO DE SÃO PAULO E DÁ OUTRAS PROVIDÊNCIAS.
759824,PDL 80/2025,PDL,80,2025,DISPÕE SOBRE A OUTORGA DE TÍTULO DE CIDADÃO PAULISTANO AO SENHOR JORGE FERNANDO BAPTISTA SERRÃO.
759832,PL 992/2025,PL,992,2025,"INSTITUI O PROGRAMA ESCOLA VERDE –PLANTIO DE ÁRVORES NAS ESCOLAS DA REDE MUNICIPAL DE ENSINO DE SÃO PAULO, COMO AÇÃO EDUCATIVA, SOCIOAMBIENTAL E CLIMÁTICA, EM ALINHAMENTO COM A COP 30."
759836,PDL 81/2025,PDL,81,2025,"DISPÕE SOBRE A OUTORGA DE SALVA DE PRATA EM HOMENAGEM À REVISTA OESTE PELOS RELEVANTES SERVIÇOS PRESTADOS À SOCIEDADE BRASILEIRA NA PROMOÇÃO DA LIBERDADE DE IMPRENSA, DO PENSAMENTO CRÍTICO E DA INFORMAÇÃO QUALIFICADA."
759953,PL 993/2025,PL,993,2025,CRIA O FUNDO MUNICIPAL DE ATERRAMENTO E ORDENAMENTO DA FIAÇÃO URBANA E DÁ OUTRAS PROVIDÊNCIAS.
759954,PR 75/2025,PR,75,2025,"DISPÕE SOBRE A CRIAÇÃO, NO ÂMBITO DA CÂMARA MUNICIPAL DE SÃO PAULO, A FRENTE PARLAMENTAR EM DEFESA DO ATERRAMENTO E ORDENAMENTO DA FIAÇÃO URBANA E DÁ OUTRAS PROVIDÊNCIAS."
759974,PL 994/2025,PL,994,2025,"ALTERA A LEI MUNICIPAL Nº 14.471, DE 10 DE JULHO DE 2007, PARA DECLARAR A CIDADE DE BEIRUTE, CAPITAL DO LÍBANO, COMO CIDADE-IRMÃ DA CIDADE DE SÃO PAULO."
759983,PL 995/2025,PL,995,2025,DISPÕE SOBRE A INSTALAÇÃO DE EQUIPAMENTOS DE ACESSIBILIDADE PARA PESSOAS COM DEFICIÊNCIA EM ESTABELECIMENTOS COM PISCINAS ABERTAS AO PÚBLICO NO MUNICÍPIO DE SÃO PAULO.
760070,PL 997/2025,PL,997,2025,"DISPÕE SOBRE A CONCESSÃO DE AUXÍLIO-REFEIÇÃO AOS SERVIDORES MUNICIPAIS CONVOCADOS PARA PRESTAÇÃO DE SERVIÇO EXTRAORDINÁRIO, EM DIAS ÚTEIS E NÃO ÚTEIS, FORA DA JORNADA REGULAR DE TRABALHO, E DÁ OUTRAS PROVIDÊNCIAS."
760085,PL 998/2025,PL,998,2025,AUTORIZA A PREFEITURA DE SÃO PAULO A FORNECER PROTETORES AURICULARES PARA CRIANÇAS COM TRANSTORNO DO ESPECTRO AUTISTA (TEA) NA REDE PÚBLICA MUNICIPAL DE ENSINO DA CIDADE DE SÃO PAULO.
760091,PL 999/2025,PL,999,2025,DISPÕE SOBRE O FORNECIMENTO OBRIGATÓRIO DE KITS DE APOIO AO ALUNO COM DEFICIÊNCIA VISUAL NAS ESCOLAS PÚBLICAS DO MUNICÍPIO DE SÃO PAULO.
760109,PL 1000/2025,PL,1000,2025,INSTITUI A POLÍTICA MUNICIPAL DE DIAGNÓSTICO RÁPIDO E DESBUROCRATIZADO DE TRANSTORNOS DO NEURODESENVOLVIMENTO NA REDE PÚBLICA DE SAÚDE E DÁ OUTRAS PROVIDÊNCIAS.
760111,PR 76/2025,PR,76,2025,DISPÕE SOBRE A INSTITUIÇÃO DO PROGRAMA ‘CÂMARA ACESSÍVEL’ QUE TRATA DA CAPACITAÇÃO TÉCNICA DOS SERVIDORES DA CÂMARA MUNICIPAL DE SÃO PAULO NO ATENDIMENTO ÀS PESSOAS COM DEFICIÊNCIA.
760174,PL 1001/2025,PL,1001,2025,"ALTERA A LEI Nº 14.485, DE 19 DE JULHO DE 2007, PARA INCLUIR “DIA MUNICIPAL DE CONSCIENTIZAÇÃO SOBRE AS SÍNDROMES DE EHLERS-DANLOS (SED) E O TRANSTORNO DO ESPECTRO DE HIPERMOBILIDADE (TEH), NO CALENDÁRIO DE EVENTOS DO MUNICÍPIO DE SÃO PAULO, E DÁ OUTRAS PROVIDÊNCIAS."
760211,PL 1002/2025,PL,1002,2025,DISPÕE SOBRE O TREINAMENTO DOS COLABORADORES DAS EMPRESAS QUE OPERAM NA REDE DE TRANSPORTE PÚBLICO MUNICIPAL PARA ASSEGURAR O DIREITO AO TRANSPORTE E À MOBILIDADE DA PESSOA COM DEFICIÊNCIA OU COM MOBILIDADE REDUZIDA.
760307,PL 1004/2025,PL,1004,2025,"ALTERA A LEI N.° 10.309, DE 22 DE ABRIL DE 1987 PARA AUTORIZAR A PERMANÊNCIA DE ANIMAIS DOMÉSTICOS, DE ASSISTÊNCIA OU TERAPÊUTICOS EM PRÓPRIOS PÚBLICOS, SEUS ASSEMELHADOS E EM LOCAIS PRIVADOS DE USO COMUM, FIXAR MULTA EM CASO DE DESCUMPRIMENTO DA NORMA, REVOGAR O PARÁGRAFO ÚNICO DO ARTIGO 30, E DÁ OUTRAS PROVIDÊNCIAS."
760384,PL 1006/2025,PL,1006,2025,"ALTERA A LEI Nº 14.485, DE 19 DE JULHO DE 2007, COM A FINALIDADE DE INCLUIR NO CALENDÁRIO OFICIAL DE EVENTOS DA CIDADE DE SÃO PAULO O “DIA DO ANIVERSÁRIO DO BAIRRO JARDIM GAIVOTAS” NO MUNICÍPIO DE SÃO PAULO E DÁ OUTRAS PROVIDÊNCIAS."
760390,PL 1007/2025,PL,1007,2025,"ALTERA A LEI Nº 14.485, DE 19 DE JULHO DE 2007, COM A FINALIDADE DE INCLUIR NO CALENDÁRIO OFICIAL DE EVENTOS DA CIDADE DE SÃO PAULO O “DIA DO BAIRRO JARDIM ICARAÍ” NO MUNICÍPIO DE SÃO PAULO E DÁ OUTRAS PROVIDÊNCIAS."
760391,PL 1008/2025,PL,1008,2025,"ALTERA A LEI Nº 14.485, DE 19 DE JULHO DE 2007, COM A FINALIDADE DE INCLUIR NO CALENDÁRIO OFICIAL DE EVENTOS DA CIDADE DE SÃO PAULO O “DIA DO ANIVERSÁRIO DO BAIRRO CANTINHO DO CÉU” NO MUNICÍPIO DE SÃO PAULO E DÁ OUTRAS PROVIDÊNCIAS."
760392,PL 1009/2025,PL,1009,2025,"ALTERA A LEI Nº 14.485, DE 19 DE JULHO DE 2007, COM A FINALIDADE DE INCLUIR NO CALENDÁRIO OFICIAL DE EVENTOS DA CIDADE DE SÃO PAULO O “DIA DO ANIVERSÁRIO DO BAIRRO JARDIM SÃO BERNARDO” NO MUNICÍPIO DE SÃO PAULO E DÁ OUTRAS PROVIDÊNCIAS."
760691,PL 1010/2025,PL,1010,2025,"CRIA O PROGRAMA MUNICIPAL REDE DE APOIO À INFÂNCIA - CUIDAR É VIVER, NO MUNICÍPIO DE SÃO PAULO, E DÁ OUTRAS PROVIDÊNCIAS."
760697,PL 1011/2025,PL,1011,2025,"INSTITUI O PROGRAMA ""MINIBIBLIOTECAS DE VIZINHANÇA"" NO MUNICÍPIO DE SÃO PAULO, PERMITINDO QUE CIDADÃOS, EMPRESAS, ESTABELECIMENTOS COMERCIAIS E INSTITUIÇÕES ADOTEM PEQUENAS MINIBIBLIOTECAS EM ESPAÇOS PÚBLICOS, COM CURADORIA COLABORATIVA E INCENTIVO À DOAÇÃO DE LIVROS POR MEIO DE QR CODE."
760715,PL 1012/2025,PL,1012,2025,"INSTITUI O PROGRAMA BAIRRO ENTULHO ZERO NO MUNICÍPIO DE SÃO PAULO, PARA A DISPONIBILIZAÇÃO DE CAÇAMBAS PÚBLICAS EM BAIRROS DESTINADAS AO DESCARTE DE PEQUENOS VOLUMES DE ENTULHO DOMICILIAR E DÁ OUTRAS PROVIDÊNCIAS."
760716,PL 1013/2025,PL,1013,2025,"INSTITUI O “MÊS DA MÚSICA  NAS PRAÇAS”, NO ÂMBITO DO MUNICÍPIO DE SÃO PAULO E, DÁ OUTRAS PROVIDÊNCIAS."
760817,PL 1015/2025,PL,1015,2025,INSTITUI O PROGRAMA MUNICIPAL DE PROTEÇÃO ÀS MÃES ATÍPICAS E CUIDADORAS DE PESSOAS COM DEFICIÊNCIA E DÁ OUTRAS PROVIDÊNCIAS.
760820,PL 1016/2025,PL,1016,2025,INSTITUI O PROGRAMA MUNICIPAL DE APOIO À MÃE CUIDADORA DE PESSOA COM DOENÇA CRÔNICA NO MUNICÍPIO DE SÃO PAULO.
760823,PL 1017/2025,PL,1017,2025,"DISPÕE SOBRE A CAPACITAÇÃO OBRIGATÓRIA DE AGENTES COMUNITÁRIOS DE SAÚDE, AGENTES DE SAÚDE E DEMAIS PROFISSIONAIS QUE ATUAM NAS UNIDADES BÁSICAS DE SAÚDE (UBS) E NAS CASAS DE ACOLHIMENTO/CASAS DE APOIO VINCULADAS À REDE MUNICIPAL DE SAÚDE DA CIDADE DE SÃO PAULO PARA ORIENTAÇÃO, IDENTIFICAÇÃO E ENCAMINHAMENTO DE CASOS DE VIOLÊNCIA CONTRA A MULHER, E DÁ OUTRAS PROVIDÊNCIAS."
760964,PL 1019/2025,PL,1019,2025,"DISPÕE SOBRE A IMPLEMENTAÇÃO DE DISPOSITIVO ELETRÔNICO DE SEGURANÇA, DENOMINADO “BOTÃO DO PÂNICO”, NAS UNIDADES DE
SAÚDE DO MUNICÍPIO DE SÃO PAULO, DESTINADO À PROTEÇÃO DE
MÉDICOS E DEMAIS PROFISSIONAIS DE SAÚDE EM SITUAÇÕES DE AMEAÇA OU AGRESSÃO, E DÁ OUTRAS PROVIDÊNCIAS."
761131,PL 1022/2025,PL,1022,2025,DISPÕE SOBRE A REGULAMENTAÇÃO DOS TERMOS DE COMPROMISSO AMBIENTAL (TCA) NO MUNICÍPIO DE SÃO PAULO E DÁ OUTRAS PROVIDÊNCIAS.
761315,PL 1023/2025,PL,1023,2025,"ALTERA A LEI Nº 14.485, DE 19 DE JULHO DE 2007, PARA INCLUIR NO CALENDÁRIO OFICIAL DE EVENTOS DA CIDADE DE SÃO PAULO, O DIA DO MECÂNICO DE MANUTENÇÃO DE ELEVADORES EM SÃO PAULO, QUE ACONTECE ANUALMENTE NA ÚLTIMA SEMANA DE NOVEMBRO"
761322,PL 1024/2025,PL,1024,2025,CRIA E DENOMINA A PRAÇA RIO VERDE NO ESPAÇO PÚBLICO QUE ESPECIFICA NA SUBPREFEITURA DE PINHEIROS.
761533,PL 1026/2025,PL,1026,2025,INSTITUI NO ÂMBITO DO MUNICÍPIO DE SÃO PAULO A CAMPANHA DE REGISTRO E DIVULGAÇÃO DOS ÍNDICES DE VIOLÊNCIA CONTRA A MULHER.
761589,PL 1027/2025,PL,1027,2025,"ALTERA A LEI N° 12.942, DE 7 DE DEZEMBRO DE 1999, E A LEI N° 11.250, DE 1 DE OUTUBRO DE 1992, PARA INCLUIR COMO DIREITO BÁSICO DAS PESSOAS QUE VIVEM COM HIV/AIDS A ISENÇÃO DE TARIFA NO SISTEMA DE TRANSPORTE COLETIVO DO MUNICÍPIO DE SÃO PAULO."
761590,PL 1028/2025,PL,1028,2025,"INSTITUI O POLO DA CERVEJA PAULISTANA NO MUNICÍPIO DE SÃO PAULO, CRIA O DIA DA CERVEJA PAULISTANA E DÁ OUTRAS PROVIDÊNCIAS."
761682,PR 78/2025,PR,78,2025,"DISPÕE SOBRE A CRIAÇÃO DA FRENTE PARLAMENTAR MUNICIPAL DE POLÍTICAS PÚBLICAS EM HIV-AIDS/ INFECÇÕES SEXUALMENTE TRANSMISSÍVEIS, HEPATITES VIRAIS E TUBERCULOSE."
761693,PL 1031/2025,PL,1031,2025,"DENOMINA-SE RUA JOSÉ CARLOS QUEIROZ SAMPAIO, O LOGRADOURO PÚBLICO INOMINADO, E DÁ OUTRAS PROVIDÊNCIAS."
761910,PL 1032/2025,PL,1032,2025,"INSTITUI AS DIRETRIZES DE PREVENÇÃO E ENFRENTAMENTO À DESNUTRIÇÃO EM PESSOAS IDOSAS, NO ÂMBITO DO MUNICÍPIO DE SÃO PAULO, E DÁ OUTRAS PROVIDÊNCIAS."
761943,PL 1033/2025,PL,1033,2025,"ALTERA A LEI Nº 12.546, DE 7 DE JANEIRO DE 1998, QUE DISPÕE SOBRE O CONSELHO MUNICIPAL DE SAÚDE, PARA ASSEGURAR A POSSIBILIDADE DE APOIO TÉCNICO INDEPENDENTE, E DÁ OUTRAS PROVIDÊNCIAS."
761945,PL 1034/2025,PL,1034,2025,"“ALTERA A LEI Nº 12.546, DE 7 DE JANEIRO DE 1998, PARA REFORÇAR A COMPETÊNCIA DO CONSELHO MUNICIPAL DE SAÚDE NO ACOMPANHAMENTO E FISCALIZAÇÃO DOS SERVIÇOS DE SAÚDE."
761947,PL 1035/2025,PL,1035,2025,"ALTERA A LEI Nº 13.325, DE 8 DE FEVEREIRO DE 2002, PARA EXPLICITAR AS ATRIBUIÇÕES DE ACOMPANHAMENTO E VERIFICAÇÃO DOS SERVIÇOS DE SAÚDE POR PARTE DOS CONSELHOS GESTORES."
762085,PL 1037/2025,PL,1037,2025,"DENOMINA A TRAVESSA INOMINADA COMPREENDIDA ENTRE AS RUAS MINISTRO HERMENEGILDO DE BARROS E RIO VERDE, NO BAIRRO VILA BRUNA COMO TRAVESSA RACHEL MARIA DE SOUZA FREITAS CODLOGS 325482, 7401325 E 325475, 7401268."
762115,PL 1038/2025,PL,1038,2025,"ALTERA A LEI Nº 14.485, DE 19 DE JULHO DE 2007, COM A FINALIDADE DE INCLUIR NO CALENDÁRIO OFICIAL DE EVENTOS DA CIDADE DE SÃO PAULO O “DIA DO BAIRRO BALNEÁRIO NOVO SÃO JOSÉ” NO MUNICÍPIO DE SÃO PAULO E DÁ OUTRAS PROVIDÊNCIAS."
762131,PL 1039/2025,PL,1039,2025,"DISPÕE SOBRE A INCLUSÃO DE NOÇÕES E CONCEITOS DE DIREITOS FUNDAMENTAIS, CIDADANIA E SOCIAIS NO CURRÍCULO DA REDE MUNICIPAL DE ENSINO DE SÃO PAULO E DÁ OUTRAS PROVIDÊNCIAS."
762218,PL 1040/2025,PL,1040,2025,"DENOMINA COMO AVENIDA SÃO CARLO ACUTIS, O LOGRADOURO PÚBLICO INOMINADO DA AVENIDA PROJETADA (CODLOG 694673) LOCALIZADA NAS IMEDIAÇÕES DA AVENIDA CRUZEIRO DO SUL, Nº. 1.100 E RUA CANINDÉ NO DISTRITO DO PARI, SUBPREFEITURA DA MOOCA."
762224,PL 1041/2025,PL,1041,2025,"O PODER EXECUTIVO CONCEDERÁ AUTORIZAÇÃO AS PESSOAS FÍSICAS OU JURÍDICAS INSTALAREM CÂMERAS DE SEGURANÇA EM TOTENS E POSTES EM ÁREAS PÚBLICAS, DANDO AINDA OUTRAS PROVIDÊNCIAS."
762439,PL 1042/2025,PL,1042,2025,"ALTERA A LEI Nº 13.131, DE 18 DE MAIO DE 2001, QUE DISCIPLINA A CRIAÇÃO, PROPRIEDADE, POSSE, GUARDA, USO E TRANSPORTE DE CÃES E GATOS NO MUNICÍPIO DE SÃO PAULO, EM ESPECIAL PARA ELEVAR AS MULTAS APLICADAS À CONDUÇÃO E GUARDA IRRESPONSÁVEIS DE CÃES, COM DESTAQUE PARA OS DAS RAÇAS MASTIM NAPOLITANO, PIT BULL, ROTTWEILER, AMERICAN STAFFORSHIRE TERRIER, OU SEUS DERIVADOS E VARIAÇÕES."
762440,PL 1043/2025,PL,1043,2025,"INSTITUI O ""DISQUE DENÚNCIA MUNICIPAL CONTRA VIOLÊNCIA A ENTREGADORES E TRABALHADORES DE APLICATIVOS"", A SER OPERACIONALIZADO PELA SECRETARIA MUNICIPAL DE DESENVOLVIMENTO ECONÔMICO E TRABALHO (SMDET), E DÁ OUTRAS PROVIDÊNCIAS."
762449,PL 1045/2025,PL,1045,2025,"AUTORIZA O PODER EXECUTIVO A CRIAR O CARGO DE PROFESSOR DE ATENDIMENTO EDUCACIONAL ESPECIALIZADO EM MÉTODOS PEDAGÓGICOS RELACIONADOS À EDUCAÇÃO ESPECIAL NA PERSPECTIVA DA EDUCAÇÃO INCLUSIVA, NAS UNIDADES EDUCACIONAIS DO MUNICÍPIO DE SÃO PAULO."
762469,PL 1047/2025,PL,1047,2025,DISPÕE SOBRE A PRÁTICA DA TERAPIA DO RISO E HUMANIZAÇÃO  NOS EQUIPAMENTOS PÚBLICOS DE SAÚDE NO MUNICÍPIO DE SÃO PAULO E DÁ OUTRAS PROVIDÊNCIAS.
762484,PL 1048/2025,PL,1048,2025,"INCLUI NO CALENDÁRIO OFICIAL DE EVENTOS DO MUNICÍPIO DE SÃO PAULO A REALIZAÇÃO DA “AGROTECH EXPO – FEIRA INTERNACIONAL DA TECNOLOGIA DO AGRONEGÓCIO”, REALIZADA ANUALMENTE NA CIDADE, E DÁ OUTRAS PROVIDÊNCIAS."
762654,PL 1049/2025,PL,1049,2025,"INSTITUI NAS INSTITUIÇÕES DE ENSINO PÚBLICAS E PRIVADAS DE EDUCAÇÃO BÁSICA DO MUNICÍPIO DE SÃO PAULO, POLÍTICA DE PREVENÇÃO À VIOLÊNCIA CONTRA A MULHER E DÁ OUTRAS PROVIDÊNCIAS."
762693,PL 1050/2025,PL,1050,2025,"ALTERA A LEI MUNICIPAL 17.851/2022, PARA INCLUIR OS CASOS PREVISTOS (ARTIGO 121-A DO CÓDIGO PENAL) E (ARTIGO 129, § 2º DO CÓDIGO PENAL) QUE RESULTEM EM REDUÇÃO DA CAPACIDADE LABORATIVA DA MULHER."
762710,PL 1051/2025,PL,1051,2025,"INSTITUI A POLÍTICA MUNICIPAL DE INFRAESTRUTURA URBANA UNIVERSAL, DESTINADA À PROMOÇÃO DE CONDIÇÕES EQUITATIVAS DE CIRCULAÇÃO, PERMANÊNCIA E USO DOS ESPAÇOS PÚBLICOS POR PESSOAS IDOSAS, PESSOAS COM DEFICIÊNCIA, PESSOAS COM OBESIDADE E DEMAIS MUNÍCIPES, NO ÂMBITO DO MUNICÍPIO DE SÃO PAULO."
762796,PL 1052/2025,PL,1052,2025,"INSTITUI A POLÍTICA MUNICIPAL EDUCAÇÃO E CULTURA ACESSÍVEIS, DESTINADA À PROMOÇÃO DE PRÁTICAS PEDAGÓGICAS E CULTURAIS ACESSÍVEIS ÀS PESSOAS COM DEFICIÊNCIA, NO ÂMBITO DO MUNICÍPIO DE SÃO PAULO."
762798,PL 1054/2025,PL,1054,2025,"INSTITUI O BANCO MUNICIPAL DE INFORMAÇÕES SOBRE PROGRAMAS DE VOLUNTARIADO ORIENTADO, COM FOCO EM AÇÕES VOLTADAS A PESSOAS IDOSAS, PESSOAS COM DEFICIÊNCIA E PESSOAS COM MOBILIDADE REDUZIDA, NO ÂMBITO DO MUNICÍPIO DE SÃO PAULO, E DÁ OUTRAS PROVIDÊNCIAS."
762801,PL 1057/2025,PL,1057,2025,INSTITUI O PROGRAMA DE 'CASHBACK EDUCACIONAL PAULISTANO'.
762808,PL 1060/2025,PL,1060,2025,"DISPÕE SOBRE A ISENÇÃO DE TARIFA NO SISTEMA DE TRANSPORTE COLETIVO PÚBLICO DE PASSAGEIROS DO MUNICÍPIO DE SÃO PAULO PARA PESSOAS GORDAS QUE TENHAM DIFICULDADE DE MOVIMENTAR-SE, EM CARÁTER PERMANENTE OU TEMPORÁRIO, E QUE RECEBAM RENDA FAMILIAR DE ATÉ 03 SALÁRIOS MÍNIMOS E DÁ OUTRAS PROVIDÊNCIAS."
762859,PL 1061/2025,PL,1061,2025,DISPÕE SOBRE A CRIAÇÃO DO PROGRAMA MUNICIPAL DE FISCALIZAÇÃO E PREVENÇÃO AOS DANOS CAUSADOS POR CASAS DE APOSTAS ONLINE E ESTABELECE MEDIDAS DE RESTRIÇÃO DE ACESSO A MENORES DE IDADE NO ÂMBITO DO MUNICÍPIO DE SÃO PAULO.
762872,PL 1062/2025,PL,1062,2025,"DENOMINA-SE COMO PEPE MUJICA A PRAÇA LOCALIZADA NO SETOR 038, QUADRA 007, LOTE 0001, E DÁ OUTRAS PROVIDÊNCIAS."
762968,PR 80/2025,PR,80,2025,"DISPÕE SOBRE A INSTITUIÇÃO DO BANCO VERMELHO E DO VIOLENTÔMETRO NAS DEPENDÊNCIAS DA CÂMARA MUNICIPAL DE SÃO PAULO, COMO INSTRUMENTOS DE CONSCIENTIZAÇÃO E COMBATE À VIOLÊNCIA CONTRA A MULHER."
763045,PL 1064/2025,PL,1064,2025,"DISPÕE SOBRE A GARANTIA DE ESCALAS PRESENCIAIS DIFERENCIADAS PARA SERVIDORES PÚBLICOS MUNICIPAIS COM DEFICIÊNCIA NO ÂMBITO DA ADMINISTRAÇÃO PÚBLICA DIRETA, INDIRETA, AUTÁRQUICA E FUNDACIONAL DO MUNICÍPIO DE SÃO PAULO, E DÁ OUTRAS PROVIDÊNCIAS."
763284,PL 1067/2025,PL,1067,2025,"DISPÕE SOBRE REGRAS DE CIRCULAÇÃO E PERMANÊNCIA DE CÃES DE RAÇAS POTENCIALMENTE AGRESSIVAS EM ESPAÇOS PÚBLICOS E PRIVADOS DE ACESSO COLETIVO NO MUNICÍPIO DE SÃO PAULO, E DÁ OUTRAS PROVIDÊNCIAS."
763320,PL 1070/2025,PL,1070,2025,"CRIA O PROGRAMA ""PRAÇA AMIGA DO IDOSO"" NO MUNICÍPIO DE SÃO PAULO, COM FOCO NA PROMOÇÃO DE ACESSIBILIDADE, LAZER, SEGURANÇA E BEM-ESTAR DA POPULAÇÃO IDOSA."
763325,PL 1071/2025,PL,1071,2025,"INSTITUI O PROGRAMA MUNICIPAL ""RESGATE DE VIDAS"", DE ATENÇÃO INTEGRAL A CRIANÇAS E ADOLESCENTES VÍTIMAS INDIRETAS DO FEMINICÍDIO E DA VIOLÊNCIA DOMÉSTICA, NO ÂMBITO DO MUNICÍPIO DE SÃO PAULO."
763330,PL 1072/2025,PL,1072,2025,"ALTERA A LEI Nº 14.803, DE 26 DE JUNHO DE 2008, PARA ESTABELECER NOVAS REGRAS DE RESPONSABILIDADE SOLIDÁRIA DO GERADOR, DISCIPLINAR HIPÓTESES DE EXCESSO DE CARGA, MOVIMENTAÇÃO IRREGULAR E CONDIÇÕES DE USO DE CAÇAMBAS ESTACIONÁRIAS, REGULAMENTAR APREENSÃO DE CAÇAMBAS E VEÍCULOS, DISPOR SOBRE AUTORIZAÇÃO DIGITAL PARA ESTACIONAMENTO ROTATIVO, CRITÉRIOS DE APLICAÇÃO DE MULTAS E ATUALIZAÇÃO DE VALORES, BEM COMO PROMOVER AJUSTES NOS ARTS. 181 E 189 DA LEI Nº 13.478, DE 30 DE DEZEMBRO DE 2002, E NOS ARTS. 1º E 2º DA LEI Nº 17.916, DE 24 DE MARÇO DE 2023."
763400,PL 1074/2025,PL,1074,2025,ALTERA A DENOMINAÇÃO DA RUA ESTADOS UNIDOS (CODLOG 066516) PARA RUA ESTADOS UNIDOS – CHARLIE KIRK.
763436,PL 1075/2025,PL,1075,2025,"DISPÕE SOBRE A VEDAÇÃO DE EXECUÇÃO DE MÚSICAS, VIDEOCLIPES OU PEÇAS COM LETRAS E COREOGRA?AS QUE FAÇAM APOLOGIA A QUALQUER CRIME, OU EXPRESSEM CONTEÚDOS VERBAIS E NÃO VERBAIS DE CUNHO SEXUAL E ERÓTICO, NAS UNIDADES ESCOLARES DE ENSINO DO MUNICÍPIO DE SÃO PAULO, E ESTABELECE OUTRAS PROVIDÊNCIAS."
763460,PL 1076/2025,PL,1076,2025,"ALTERA A LEI N° 14.485, DE 19 DE JULHO DE 2007, PARA INCLUIR NO CALENDÁRIO OFICIAL DO MUNICÍPIO DE SÃO PAULO, O ""DIA MUNICIPAL DA MEMÓRIA DOS MORTOS E DESAPARECIDOS POLÍTICOS"", A SER COMEMORADO ANUALMENTE NO DIA 04 DE SETEMBRO, E DÁ OUTRAS PROVIDÊNCIAS."
763511,PL 1077/2025,PL,1077,2025,"INSTITUI A OBRIGATORIEDADE DE FIXAÇÃO DE PLACAS INFORMATIVAS SOBRE O DIREITO DE MULHERES, IDOSOS E PESSOAS COM DEFICIÊNCIA DESCEREM FORA DOS PONTOS DE ÔNIBUS EM LOCAL VISÍVEL NAS PARADAS E LINHAS DE ÔNIBUS DA CIDADE DE SÃO PAULO."
763601,PL 1078/2025,PL,1078,2025,"ALTERA A LEI NO 14.485, DE 19 DE JULHO DE 2007, INCLUINDO NO CALENDÁRIO OFICIAL DE EVENTOS DO MUNICÍPIO DE SÃO PAULO O DIA DA SOBERANIA NACIONAL E DÁ OUTRAS PROVIDÊNCIAS."
763651,PL 1079/2025,PL,1079,2025,"DISPÕE SOBRE A CRIAÇÃO DO SELO ""ESCOLA AMIGA DOS ANIMAIS"" NO MUNICÍPIO DE SÃO PAULO E DÁ OUTRAS PROVIDÊNCIAS."
763653,PL 1080/2025,PL,1080,2025,"DISPÕE SOBRE A CRIAÇÃO DO SELO ""COMÉRCIO AMIGO DOS ANIMAIS"" NO MUNICÍPIO DE SÃO PAULO E DÁ OUTRAS PROVIDÊNCIAS."
763686,PL 1083/2025,PL,1083,2025,"ALTERA A LEI Nº 16.806, DE 19 DE JANEIRO DE 2018, PARA ASSEGURAR A TODAS AS MULHERES O DIREITO AO IMPLANTE CONTRACEPTIVO REVERSÍVEL DE ETONOGESTREL E GARANTIR A PRESENÇA DE PROFISSIONAIS ESPECIALIZADOS PARA A REALIZAÇÃO DO PROCEDIMENTO NAS UNIDADES DE SAÚDE DO MUNICÍPIO DE SÃO PAULO."
763692,PL 1085/2025,PL,1085,2025,"REVOGA  O INCISO I DO ARTIGO 4º DA LEI Nº 14.471, DE 10 DE JULHO DE 2007, PARA EXCLUIR A CIDADE DE HAVANA, EM CUBA, DO RECONHECIMENTO COMO CIDADES-IRMÃS DA CIDADE DE SÃO PAULO."
763695,PL 1086/2025,PL,1086,2025,"ALTERA A LEI MUNICIPAL Nº 18.293, DE 02 DE SETEMBRO DE 2025, PARA AMPLIAR AS HIPÓTESES DE CONCESSÃO DE BONIFICAÇÃO POR DESEMPENHO AOS INTEGRANTES DA GUARDA CIVIL METROPOLITANA."
763757,PL 1087/2025,PL,1087,2025,"DISPÕE SOBRE A IMPLANTAÇÃO VOLUNTÁRIA DE INFRAESTRUTURA SUBTERRÂNEA DE REDES AÉREAS POR GRANDES EMPREENDIMENTOS PRIVADOS NO MUNICÍPIO DE SÃO PAULO, ESTABELECE INCENTIVOS FISCAIS, PROCEDIMENTOS E OBRIGAÇÕES, E DÁ OUTRAS PROVIDÊNCIAS."
763758,PL 1088/2025,PL,1088,2025,"DISPÕE SOBRE A PROIBIÇÃO DA FABRICAÇÃO, COMERCIALIZAÇÃO, DISTRIBUIÇÃO, ARMAZENAMENTO, TRANSPORTE E EXPOSIÇÃO PARA VENDA DE CIGARROS ELETRÔNICOS, CIGARROS A VAPOR, VAPES E QUAISQUER DISPOSITIVOS ELETRÔNICOS DE INALAÇÃO E DÁ OUTAS PROVIDÊNCIAS."
763759,PL 1089/2025,PL,1089,2025,"DISPÕE SOBRE O PROGRAMA DE APOIO PSÍQUICO AOS FAMILIARES DE VÍTIMAS DE SUICÍDIO E CRIANÇAS E ADOLESCENTES COM TENTATIVA DE SUICÍDIO NO MUNICÍPIO DE SÃO PAULO, E DÁ OUTRAS PROVIDÊNCIAS."
763855,PL 1090/2025,PL,1090,2025,"REDE LIGADA-REDE FORTE. DISPÕE SOBRE DIRETRIZES PARA A PROMOÇÃO DA INTERSETORIALIDADE NAS POLÍTICAS PÚBLICAS 
VOLTADAS À REDE MUNICIPAL DE ENSINO DE  SÃO PAULO, COM FOCO NA SUPERAÇÃO DAS VULNERABILIDADES SOCIAIS, EDUCACIONAIS E ESTRUTURAIS, E DÁ OUTRAS PROVIDÊNCIAS."
763858,PL 1091/2025,PL,1091,2025,CARTOGRAFIA PELA EQUIDADE NA EDUCAÇÃO PÚBLICA MUNICIPAL. DISPÕE SOBRE A OBRIGATORIEDADE DE DISPONIBILIZAÇÃO PÚBLICA E TRANSPARENTE DE DADOS E INDICADORES EDUCACIONAIS NO MUNICÍPIO DE SÃO PAULO.
763864,PL 1092/2025,PL,1092,2025,"ALTERA A LEI Nº 14.485, DE 19 DE JULHO DE 2007 PARA INCLUIR, NO CALENDÁRIO DE EVENTOS DA CIDADE DE SÃO PAULO, O “FEIRA DE ARTESANATO DE PIRITUBA”, QUE ACONTECE TODO SEGUNDO SÁBADO DE CADA MÊS E DÁ OUTRAS PROVIDÊNCIAS."
764055,PL 1093/2025,PL,1093,2025,"FICA DENOMINADO COMO PARQUE LINEAR FRANCISCO ROLDAN PEREIRA CHINITO, O LOGRADOURO PÚBLICO INOMINADO CONHECIDO COMO PARQUE LINEAR CÓRREGO DO RIO VERDE, LOCALIZADO ENTRE A AVENIDA ITAQUERA E A RUA CASTELO DO PIAUÍ NO DISTRITO DE ITAQUERA, SUBPREFEITURA DE ITAQUERA."
764094,PL 1094/2025,PL,1094,2025,INSTITUI A CRIAÇÃO DE CENTROS DE FORMAÇÃO EM BRAILLE PARA PROFESSORES E DEMAIS PROFISSIONAIS DA EDUCAÇÃO DA REDE MUNICIPAL DE ENSINO DE SÃO PAULO.
764108,PL 1095/2025,PL,1095,2025,DISPÕE SOBRE O SERVIÇO DE ASSISTÊNCIA VETERINÁRIA REMOTA E GRATUITA POR MEIO DA TELEMEDICINA VETERINÁRIA.
764208,PDL 92/2025,PDL,92,2025,"CONCEDE A OUTORGA DA MEDALHA ANCHIETA A ADRIANO VIEIRA SOUZA, DANDO AINDA OUTRAS PROVIDÊNCIAS."
764233,PL 1096/2025,PL,1096,2025,"DENOMINA-SE COMO PRAÇA HÉLIO ANTONIO MARTINS O ESPAÇO PÚBLICO INOMINADO NA ESQUINA DA RUA PEDRO ROMAN (CODLOG 379662) COM A ADÃO GLASSER BUENO (CODLOG 360490), JARDIM SANTA TEREZINHA (COLÔNIA ZONA SUL), SUBPREFEITURA DE PARELHEIROS."
764235,PL 1097/2025,PL,1097,2025,"DENOMINA MARIA SUELY TEIXEIRA, A PRAÇA INOMINADA, LOCALIZADA À ESQUINA DAS RUAS JANES NOVAK COM RUA HENRIQUE ABADIE - JARDIM DAS OLIVEIRAS, CEP - 08111-755, E DÁ OUTRAS PROVIDÊNCIAS."
764239,PL 1098/2025,PL,1098,2025,"TRANSFORMA O LOCAL PÚBLICO INOMINADO, EXISTENTE ENTRE A RUA SANTO EMIDIO ALTURA DO Nº 225, COM A AVENIDA PROFESSOR LUIZ IGNÁCIO ANHAIA MELLO ALTURA DO Nº 488, EM PRAÇA HIRÃO TESSARI, DANDO AINDA OUTRAS PROVIDÊNCIAS."
764241,PL 1099/2025,PL,1099,2025,"INSTITUI DIRETRIZES PARA A PROTEÇÃO DE 
CRIANÇAS E ADOLESCENTES NO MUNICÍPIO DE SÃO PAULO."
764247,PL 1100/2025,PL,1100,2025,"TRANSFORMA O LOCAL PÚBLICO INOMINADO, EM PRAÇA EURICO DOS SANTOS, DANDO AINDA OUTRAS PROVIDÊNCIAS."
764254,PL 1101/2025,PL,1101,2025,"DENOMINA PÇA. 2º SGT. PM WESLEY CARLOS TURÍBIO, O ESPAÇO PÚBLICO LIVRE LOCALIZADO NA ESQUINA DA RUA ALICANTE, COM A RUA VINTE E SEIS DE ABRIL, DISTRITO PENHA, SUBPREFEITURA DA PENHA, E DÁ OUTRAS PROVIDÊNCIAS."
764283,PL 1102/2025,PL,1102,2025,INCLUI NO CALENDÁRIO OFICIAL DE EVENTOS DO MUNICÍPIO DE SÃO PAULO A REALIZAÇÃO ANUAL DO “DESFILE CÍVICO DA URE SUL 3” E DÁ OUTRAS PROVIDÊNCIAS.
764392,PL 1104/2025,PL,1104,2025,INSTITUI A POLÍTICA MUNICIPAL DE PROTEÇÃO À LIBERDADE DE FÉ DA JUVENTUDE CRISTÃ NO ÂMBITO DAS INSTITUIÇÕES DE ENSINO PÚBLICAS E CONVENIADAS DO MUNICÍPIO DE SÃO PAULO.
764529,PL 1106/2025,PL,1106,2025,"DISPÕE SOBRE A PROIBIÇÃO DA COMERCIALIZAÇÃO, DO USO E DA POSSE DE LINHA CHILENA, LINHA COM CEROL E DEMAIS MATERIAIS CORTANTES APLICADOS EM LINHAS DE PIPA NO MUNICÍPIO DE SÃO PAULO, E DÁ OUTRAS PROVIDÊNCIAS."
764769,PL 1107/2025,PL,1107,2025,"DISPÕE SOBRE A AUTORIZAÇÃO PARA SERVIDORAS PÚBLICAS MUNICIPAIS TRABALHAREM EM REGIME DE HOME OFFICE POR ATÉ TRÊS DIAS POR MÊS, POR RAZÕES HORMONAIS, E DÁ OUTRAS PROVIDÊNCIAS."
764770,PL 1108/2025,PL,1108,2025,"ALTERA A LEI Nº 14.485, DE 19 DE JULHO DE 2007, PARA INCLUIR NO CALENDÁRIO DE EVENTOS DA CIDADE DE SÃO PAULO O DIA DOS MOTOCLUBES DE SÃO PAULO, A SER CELEBRADO NO PRIMEIRO DOMINGO DE AGOSTO."
764811,PL 1109/2025,PL,1109,2025,"DISPÕE SOBRE A DENOMINAÇÃO DA PRAÇA JOÃO CARLOS RODRIGUES BARBOSA ESPAÇO PÚBLICO INOMINADO, E DÁ OUTRAS PROVIDÊNCIAS."
764900,PL 1110/2025,PL,1110,2025,"DENOMINA VIELA MAYLO DA SILVA COSTA O ESPAÇO PÚBLICO INOMINADO, PERPENDICULAR À RUA FLOR DO  LUAR, LOCALIZADO NO DISTRITO VILA JACUÍ, SUBPREFEITURA SÃO MIGUEL."
765123,PL 1111/2025,PL,1111,2025,"DECLARA COMO PATRIMÔNIO IMATERIAL DO MUNICÍPIO DE SÃO PAULO O CALDEIRÃO DO SAMBA DA DOBRADA, TAMBÉM CONHECIDO COMO CALDEIRÃO DA DOBRADA, E DÁ OUTRAS PROVIDÊNCIAS."
765126,PL 1112/2025,PL,1112,2025,INSTITUI A POLÍTICA MUNICIPAL DE INCENTIVO À ENERGIA SOLAR FOTOVOLTAICA – “ISS VERDE” – NO MUNICÍPIO DE SÃO PAULO.
765128,PL 1113/2025,PL,1113,2025,DISPÕE SOBRE ALTERAÇÕES NA TRIBUTAÇÃO DO IMPOSTO PREDIAL E TERRITORIAL URBANO E DÁ OUTRAS PROVIDÊNCIAS.
765175,PL 1114/2025,PL,1114,2025,"INSTITUI O PROGRAMA DE MENTORIA SÊNIOR DE SÃO PAULO – ""CONECTA 60+"", E DÁ OUTRAS PROVIDÊNCIAS."
765176,PL 1115/2025,PL,1115,2025,"INSTITUI O PROGRAMA MUNICIPAL DE ACESSO A TECNOLOGIAS ASSISTIVAS – ""SÃO PAULO INCLUSIVA"", POR MEIO DA CRIAÇÃO DO BANCO MUNICIPAL DE TECNOLOGIAS ASSISTIVAS, E DÁ OUTRAS PROVIDÊNCIAS."
765178,PL 1117/2025,PL,1117,2025,"INSTITUI A POLÍTICA MUNICIPAL DE QUALIFICAÇÃO PERMANENTE DAS EQUIPES DE SAÚDE PARA O ATENDIMENTO A PESSOAS COM DEFICIÊNCIA (QUALIFICA-INCLUSÃO) E ESTABELECE O PROTOCOLO DE ATENDIMENTO INCLUSIVO (PAI) NA REDE MUNICIPAL DE SAÚDE, E DÁ OUTRAS PROVIDÊNCIAS."
765180,PL 1119/2025,PL,1119,2025,"DISPÕE SOBRE A CRIAÇÃO DO CONSELHO MUNICIPAL DE PROTEÇÃO DA CAUSA ANIMAL, DEFINE SUA COMPOSIÇÃO, FUNCIONAMENTO, COMPETÊNCIAS E A GESTÃO DO FUNDO MUNICIPAL DE PROTEÇÃO ANIMAL, COM O OBJETIVO DE PROMOVER A DEFESA, PROTEÇÃO E O BEM-ESTAR DOS ANIMAIS NO MUNICÍPIO."
765181,PL 1120/2025,PL,1120,2025,"DISPÕE SOBRE A CRIAÇÃO DA PLATAFORMA DIGITAL DE INFORMAÇÃO E COMUNICAÇÃO DA PREFEITURA DO MUNICÍPIO DE SÃO PAULO PARA DIREITOS DOS ANIMAIS, E DÁ OUTRAS PROVIDÊNCIAS."
765182,PDL 97/2025,PDL,97,2025,"SUSTA, PARCIALMENTE, A INSTRUÇÃO NORMATIVA SME Nº 40, DE 16 DE SETEMBRO DE 2025, QUE DISPÕE SOBRE O MÓDULO DE AUXILIAR TÉCNICO DE EDUCAÇÃO E DE SECRETÁRIO DE ESCOLA DAS UNIDADES EDUCACIONAIS DA REDE MUNICIPAL DE ENSINO E, DÁ OUTRAS PROVIDÊNCIAS."
765230,PL 1121/2025,PL,1121,2025,"AUTORIZA, NOS CASOS QUE ESPECIFICA, A DISPENSA PELO PODER EXECUTIVO DA ANÁLISE DE PROJETOS DE EDIFICAÇÕES REALIZADA PELO COMAER NO MUNICÍPIO DE SÃO PAULO, E DÁ OUTRAS PROVIDÊNCIAS."
765249,PL 1122/2025,PL,1122,2025,"DENOMINA-SE COMO “PRAÇA DEMÉTRIO CAMPOS” O LOGRADOURO QUE ESPECIFICA, LOCALIZADO NO DISTRITO CANGAÍBA E DÁ OUTRAS PROVIDÊNCIAS."
765287,PL 1123/2025,PL,1123,2025,"DENOMINA-SE COMO “PRAÇA ANDERSON HERZER”, O LOGRADOURO QUE ESPECIFICA, LOCALIZADO NO DISTRITO DE JACUÍ, E DÁ OUTRAS PROVIDÊNCIAS."
765419,PL 1124/2025,PL,1124,2025,"DENOMINA COMO RUA AMÉRICO SÉCIO O ESPAÇO PÚBLICO INOMINADO LOCALIZADO NO BAIRRO DA CHÁCARA SANTO ANTÔNIO, NO DISTRITO DE SANTO AMARO, SÃO PAULO - SP, CEP 04583-110, E DÁ OUTRAS PROVIDÊNCIAS."
765600,PL 1125/2025,PL,1125,2025,"ALTERA A LEI MUNICIPAL Nº 14.485, DE 19 DE JULHO DE 2007, PARA INCLUIR O DIA DO JARDIM ELEDY, A SER COMEMORADO ANUALMENTE NO DIA 12 DE OUTUBRO, E DÁ OUTRAS PROVIDÊNCIAS."
765661,PL 1126/2025,PL,1126,2025,"ESTABELECE A MAJORAÇÃO DAS MULTAS PREVISTAS NA LEI Nº 13.478, DE 30 DE DEZEMBRO DE 2002, QUE DISPÕE SOBRE A ORGANIZAÇÃO DO SISTEMA DE LIMPEZA URBANA DO MUNICÍPIO DE SÃO PAULO, ACRESCE INFRAÇÕES À REFERIDA NORMA E DÁ OUTRAS PROVIDÊNCIAS."
765669,PL 1127/2025,PL,1127,2025,"DENOMINA-SE COMO “PRAÇA PAULO VAZ”, O LOGRADOURO QUE ESPECIFICA, LOCALIZADO NO DISTRITO DE SÃO RAFAEL, E DÁ OUTRAS PROVIDÊNCIAS."
765947,PL 1129/2025,PL,1129,2025,"ALTERA A LEI Nº 17.794, DE 27 DE ABRIL DE 2022, PARA INSTITUIR O SISTEMA MUNICIPAL DE TRANSPARÊNCIA E MONITORAMENTO DA SAÚDE DAS ÁRVORES, EM CONSONÂNCIA COM AS DIRETRIZES DO PLANO MUNICIPAL DE ARBORIZAÇÃO URBANA, E DÁ OUTRAS PROVIDÊNCIAS."
766066,PL 1132/2025,PL,1132,2025,"ALTERA A LEI Nº 14.485, DE 19 DE JULHO DE 2007, PARA INCLUIR O “DIA MUNICIPAL DE CONSCIENTIZAÇÃO SOBRE A SÍNDROME DE TOURETTE”, NO CALENDÁRIO DE EVENTOS DO MUNICÍPIO DE SÃO PAULO, E DÁ OUTRAS PROVIDÊNCIAS."
766069,PL 1133/2025,PL,1133,2025,DISPÕE SOBRE O DIREITO DE PRIORIDADE NA MATRÍCULA DE DEPENDENTES LEGAIS DOS SERVIDORES PÚBLICOS DA EDUCAÇÃO BÁSICA MUNICIPAL NA UNIDADE ESCOLAR ONDE ESTEJAM LOTADOS OU EXERÇAM SUAS ATIVIDADES FUNCIONAIS E DÁ OUTRAS PROVIDÊNCIAS.
766077,PL 1134/2025,PL,1134,2025,"DENOMINA PRAÇA LUISA MARTINELLI O ESPAÇO PÚBLICO LOCALIZADO NO DISTRITO DA BELA VISTA, NA SUBPREFEITURA DA SÉ."
766078,PL 1135/2025,PL,1135,2025,DISPÕE SOBRE A OBRIGATORIEDADE DE IDENTIFICAÇÃO VISÍVEL DOS MOTORISTAS EM VEÍCULOS DE TRANSPORTE POR APLICATIVO NO MUNICÍPIO DE SÃO PAULO E DÁ OUTRAS PROVIDÊNCIAS.
766080,PL 1137/2025,PL,1137,2025,INSTITUI GARANTIAS À CRIANÇA COM DEFICIÊNCIA E/OU TRANSTORNOS DO NEURODESENVOLVIMENTO NO AMBIENTE ESCOLAR DO MUNICÍPIO DE SÃO PAULO.
766138,PL 1139/2025,PL,1139,2025,INSTITUI O PROGRAMA MUNICIPAL DE ENFRENTAMENTO A REDE RECEPTAÇÃO DE CELULARES FURTADOS E ROUBADOS E DE RECUPERAÇÃO E DÁ OUTRAS PROVIDÊNCIAS.
766143,PL 1140/2025,PL,1140,2025,DISPÕE SOBRE PENALIDADES ADMINISTRATIVAS A SEREM APLICADAS PELA PRÁTICA DE ATOS DE APOROFOBIA NA CIDADE DE SÃO PAULO.
766190,PL 1141/2025,PL,1141,2025,"ALTERA A LEI Nº 14.485, DE 19 DE JULHO DE 2007, PARA INSERIR, NO CALENDÁRIO DE EVENTOS DA CIDADE DE SÃO PAULO, A SEMANA MUNICIPAL DE INCENTIVO À EDUCAÇÃO DE JOVENS E ADULTOS – EJA E DÁ OUTRAS PROVIDÊNCIAS."
766222,PL 1142/2025,PL,1142,2025,"AUTORIZA O PODER EXECUTIVO A INSTITUIR, NO ÂMBITO DO MUNICÍPIO DE SÃO PAULO, O PROGRAMA DE TRANSPORTE PÚBLICO ESPORTIVO GRATUITO, E DÁ OUTRAS PROVIDÊNCIAS."
766376,PL 1143/2025,PL,1143,2025,"ALTERA A LEI Nº 14.485, DE 19 DE JULHO DE 2007, PARA INSERIR, NO CALENDÁRIO DE EVENTOS DA CIDADE DE SÃO PAULO, A SEMANA MUNICIPAL DE CONSCIENTIZAÇÃO DA FIBROMIALGIA E DÁ OUTRAS PROVIDÊNCIAS."
766386,PL 1145/2025,PL,1145,2025,"ALTERA DISPOSITIVOS DA LEI Nº 13.945, DE 7 DE JANEIRO DE 2005, QUE DISPÕE SOBRE A OBRIGATORIEDADE DA MANUTENÇÃO DE APARELHO DESFIBRILADOR EXTERNO AUTOMÁTICO EM LOCAIS QUE DESIGNA."
766388,PL 1146/2025,PL,1146,2025,"INSTITUI, NO ÂMBITO DO MUNICÍPIO DE SÃO PAULO, A POLÍTICA MUNICIPAL DE REPRESSÃO DE OCUPAÇÕES ILÍCITAS E DÁ OUTRAS PROVIDÊNCIAS."
766389,PL 1147/2025,PL,1147,2025,"INSTITUI, NO ÂMBITO DO MUNICÍPIO DE SÃO PAULO, O PROGRAMA EMPREENDEDOR DE BAIRRO E DÁ OUTRAS PROVIDÊNCIAS."
766394,PL 1148/2025,PL,1148,2025,"ALTERA A LEI Nº 14.485, DE 19 DE JULHO DE 2007, PARA INCLUIR NO CALENDÁRIO DE EVENTOS DA CIDADE DE SÃO PAULO O ""DIA DA SEGURANÇA PRIVADA"", A SER COMEMORADO ANUALMENTE EM 11 DE SETEMBRO, E DÁ OUTRAS PROVIDÊNCIAS."
766430,PL 1151/2025,PL,1151,2025,"DISPÕE SOBRE MEDIDAS DE FORTALECIMENTO INSTITUCIONAL E MELHORIA DA RESPOSTA DOS CONSELHOS TUTELARES NO MUNICÍPIO DE SÃO PAULO, E DÁ OUTRAS PROVIDÊNCIAS."
766431,PL 1152/2025,PL,1152,2025,"DENOMINA “RESERVA MORUMBI JOHAN DALGAS FRISCH” O ESPAÇO PÚBLICO LOCALIZADO NA PRAÇA EMATUBA, BAIRRO CIDADE JARDIM, E DÁ OUTRAS PROVIDÊNCIAS."
766432,PL 1153/2025,PL,1153,2025,"INSTITUI O PROGRAMA SINAIS – SISTEMA DE IDENTIFICAÇÃO E APOIO AO AUTISMO NA INFÂNCIA PELO SISTEMA ÚNICO DE SAÚDE (SUS), E DÁ OUTRAS PROVIDÊNCIAS."
766433,PL 1154/2025,PL,1154,2025,"INSTITUI A CRIAÇÃO DO SELO EMPRESA AMIGA DA FAMÍLIA ATÍPICA, DESTINADO A RECONHECER ESTABELECIMENTOS COMERCIAIS QUE ADOTEM POLÍTICA INTERNA DE INSERÇÃO PROFISSIONAL DE MÃES, PAIS E/OU CUIDADORES DE PESSOAS COM TRANSTORNO DO ESPECTRO AUTISTA – TEA, NO MUNICÍPIO DE SÃO PAULO."
766677,PL 1155/2025,PL,1155,2025,INSTITUI O SELO “EMPRESA INCLUSIVA” PARA AS EMPRESAS QUE ADOTAREM PRÁTICAS DE INCLUSÃO DE PESSOAS COM DEFICIÊNCIA E DÁ OUTRAS PROVIDÊNCIAS.
766678,PL 1156/2025,PL,1156,2025,PROÍBE A COMERCIALIZAÇÃO E A ADMINISTRAÇÃO DE MEDICAMENTOS ANTI CIO EM ANIMAIS DOMÉSTICOS NO MUNICÍPIO DE SÃO PAULO.
766852,PL 1157/2025,PL,1157,2025,"INSTITUI O PROGRAMA MUNICIPAL “BATEU, PAGOU” – DE RESSARCIMENTO E RESPONSABILIZAÇÃO DO AGRESSOR EM CASOS DE VIOLÊNCIA CONTRA A MULHER NO MUNICÍPIO DE SÃO PAULO."
766885,PL 1159/2025,PL,1159,2025,INCLUI O INCISO XXVII AO ARTIGO 1° DA LEI 10.328 DE 3 DE JUNHO DE 1987 (DISPÕE SOBRE MULTA PARA ESTABELECIMENTOS QUE RECEPTAREM TELEFONES CELULARES PARA REVENDA)
767254,PL 1160/2025,PL,1160,2025,"INSTITUI O PROGRAMA ""VILA PAULISTANA DO ACOLHIMENTO"", QUE ESTABELECE DIRETRIZES PARA A IMPLANTAÇÃO DE UM MODELO RESIDENCIAL INOVADOR PARA PESSOAS IDOSAS COM DEMÊNCIA"
767283,PL 1161/2025,PL,1161,2025,"ALTERA A LEI MUNICIPAL N° 14.181/2006 QUE DISPÕE SOBRE O ENSINO RELIGIOSO NA REDE PÚBLICA MUNICIPAL DE ENSINO FUNDAMENTAL, E DÁ OUTRAS PROVIDÊNCIAS."
767284,PL 1162/2025,PL,1162,2025,"DENOMINA PRAÇA OSVALDO DA SILVA SANTANA O LOGRADOURO PÚBLICO EXISTENTE E INOMINADO NO DISTRITO DA VILA PRUDENTE, NA SUBPREFEITURA DA VILA PRUDENTE, E DÁ OUTRAS PROVIDÊNCIAS."
767311,PL 1163/2025,PL,1163,2025,"AUTORIZA O PODER EXECUTIVO A CASSAR A LICENÇA DE FUNCIONAMENTO E O ALVARÁ DE ESTABELECIMENTOS COMERCIAIS QUE, NO ÂMBITO DO MUNICÍPIO DE SÃO PAULO, SEJAM FLAGRADOS NA VENDA, ARMAZENAMENTO OU DISTRIBUIÇÃO DE BEBIDAS ADULTERADAS OU FALSIFICADAS, E DÁ OUTRAS PROVIDÊNCIAS."
767318,PL 1164/2025,PL,1164,2025,"DISPÕE SOBRE A OBRIGATORIEDADE DA REALIZAÇÃO DE SESSÕES ORDINÁRIAS DESCENTRALIZADAS DO CONSELHO MUNICIPAL DE PROMOÇÃO DA IGUALDADE RACIAL – COMPIR NAS SUBPREFEITURAS DO MUNICÍPIO DE SÃO PAULO, E DÁ OUTRAS PROVIDÊNCIAS."
767346,PL 1165/2025,PL,1165,2025,"DISPÕE SOBRE A CRIAÇÃO DE NÚCLEOS DE ATENÇÃO E CONVIVÊNCIA DE PESSOAS LGBTQIA+ IDOSAS NOS CENTROS EDUCACIONAIS UNIFICADOS (CEUS), UNIDADES BÁSICAS DE SAÚDE (UBSS) E CENTROS DE REFERÊNCIA DE ASSISTÊNCIA SOCIAL (CRAS) LOCALIZADOS EM REGIÕES PERIFÉRICAS DO MUNICÍPIO DE SÃO PAULO, VISANDO À PROMOÇÃO DA SAÚDE, CULTURA, PROTEÇÃO SOCIAL E INCLUSÃO DESSA POPULAÇÃO."
767350,PL 1166/2025,PL,1166,2025,DISPÕE SOBRE A CRIAÇÃO DO PROGRAMA DE UNIDADES MÓVEIS DE CIDADANIA LGBTQIA+ PARA ATENDIMENTO PRIORITÁRIO À POPULAÇÃO IDOSA NO MUNICÍPIO DE SÃO PAULO E DÁ OUTRAS PROVIDÊNCIAS.
767420,PL 1170/2025,PL,1170,2025,"DENOMINA COMO PRAÇA SOLDADO FLAVIO CONTI O ESPAÇO PÚBLICO INOMINADO LOCALIZADO NA INTERSECÇÃO DA RUA ABRAHÃO MUSSA COM A RUA JAIME CANO, LOCALIZADAS NO SACOMÃ."
767594,PL 1173/2025,PL,1173,2025,"DISPÕE SOBRE A OBRIGATORIEDADE DE DISPONIBILIZAÇÃO DE MANTAS DE CONTENÇÃO TÉRMICA PARA COMBATE A INCÊNDIOS EM BATERIAS DE VEÍCULOS ELÉTRICOS OU HÍBRIDOS NOS CONDOMÍNIOS VERTICAIS DO MUNICÍPIO DE SÃO PAULO, E DÁ OUTRAS PROVIDÊNCIAS."
767608,PL 1174/2025,PL,1174,2025,"DISPÕE SOBRE A DESTINAÇÃO, CONTROLE E PROCEDIMENTOS PARA A DESTRUIÇÃO SEGURA DE EMBALAGENS DE VIDRO NO ÂMBITO DO MUNICÍPIO DE SÃO PAULO, NA FORMA QUE ESPECIFICA, E DÁ OUTRAS PROVIDÊNCIAS."
767661,PDL 99/2025,PDL,99,2025,CONCEDE A OUTORGA DA MEDALHA ANCHIETA AO PASTOR MOISÉS QUIRINO E DÁ OUTRAS PROVIDÊNCIAS.
767668,PL 1175/2025,PL,1175,2025,"PROÍBE A EMISSÃO DE POLUIÇÃO SONORA PROVENIENTE DE ESCAPAMENTO DE MOTOCICLETAS, CICLOMOTORES E VEÍCULOS SIMILARES NO MUNICÍPIO DE SÃO PAULO E DEFINE PUNIÇÕES AOS INFRATORES."
767690,PL 1176/2025,PL,1176,2025,DISPÕE SOBRE O MONITORAMENTO DA QUALIDADE DOS EXAMES DE MAMOGRAFIA REALIZADOS NO ÂMBITO DO MUNICÍPIO DE SÃO PAULO (LEI DA QUALIDADE MAMOGRÁFICA).
767780,PL 1178/2025,PL,1178,2025,DECLARA O GRITO CULTURAL REGGAE COMO PATRIMÔNIO CULTURAL IMATERIAL DA CIDADE DE SÃO PAULO.
767853,PL 1179/2025,PL,1179,2025,"ALTERA A LEI Nº 14.485, DE 19 DE JULHO DE 2007, PARA INCLUIR NO CALENDÁRIO DE EVENTOS DA CIDADE DE SÃO PAULO O “DIA DO ANIVERSÁRIO DO JARDIM PARANÁ”, A SER CELEBRADO ANUALMENTE NO DIA 14 DE MARÇO E DÁ OUTRAS PROVIDÊNCIAS."
767924,PL 1181/2025,PL,1181,2025,"DISPÕE SOBRE A CRIAÇÃO DE BASES DA GUARDA CIVIL METROPOLITANA (ATUAL POLÍCIA MUNICIPAL) EM BAIRROS E LOCAIS ESTRATÉGICOS, VISANDO A PROTEÇÃO E ATENDIMENTO PRIORITÁRIO DE MULHERES EM SITUAÇÃO DE VIOLÊNCIA DOMÉSTICA E FAMILIAR, ESPECIALMENTE AQUELAS QUE POSSUEM MEDIDAS PROTETIVAS DE URGÊNCIA E DÁ OUTRAS PROVIDÊNCIAS."
767925,PL 1182/2025,PL,1182,2025,DISPÕE SOBRE A DIVISÃO DA GUARDA CIVIL METROPOLITANA ATUAL POLÍCIA MUNICIPAL PARA DISPOR EM DIFERENTES REGIÕES COM BASE NOS ÍNDICES DE VIOLÊNCIA E CRIMINALIDADE NO MUNICÍPIO DE SÃO PAULO E DÁ OUTRAS PROVIDÊNCIAS.
767927,PL 1183/2025,PL,1183,2025,"INSTITUI O PROGRAMA ""ESCOLA NO ROLÊ"", DESTINADO A INCENTIVAR A REALIZAÇÃO DE ATIVIDADES PEDAGÓGICAS, CULTURAIS, ESPORTIVAS E SOCIOEDUCATIVAS EXTERNAS PELAS UNIDADES EDUCACIONAIS DA REDE MUNICIPAL DE ENSINO, E DÁ OUTRAS PROVIDÊNCIAS."
767954,PL 1185/2025,PL,1185,2025,"INSTITUI A CENTRAL MUNICIPAL DE TRADUÇÃO ONLINE PARA ATENDIMENTO A IMIGRANTES E 
REFUGIADOS NO ÂMBITO DA ADMINISTRAÇÃO PÚBLICA DIRETA E INDIRETA DO MUNICÍPIO DE 
SÃO PAULO, E DÁ OUTRAS PROVIDÊNCIAS"
768002,PL 1187/2025,PL,1187,2025,"ALTERA O INCISO II, DO § 2º, DO ART. 12, DA LEI 16.239, DE 19 DE JUNHO DE 2015 (INCLUI O REQUISITO DE ALTURA MÍNIMA DE 1,60 METROS PARA HOMENS E 1,55 METROS PARA MULHERES COMO CONDIÇÃO PARA INGRESSO NA CARREIRA DA GUARDA CIVIL METROPOLITANA (GCM) DO MUNICÍPIO DE SÃO PAULO)"
768116,PL 1188/2025,PL,1188,2025,"INSTITUI O PROTOCOLO BEBIDA SEGURA, ESTABELECE MEDIDAS DE PREVENÇÃO, FISCALIZAÇÃO E CONTROLE CONTRA A COMERCIALIZAÇÃO DE BEBIDAS ADULTERADAS OU FALSIFICADAS, E DÁ OUTRAS PROVIDÊNCIAS."
768226,PL 1191/2025,PL,1191,2025,"DISPÕE SOBRE A CRIAÇÃO DO CENTRO DE ATENDIMENTO E APOIO À POPULAÇÃO EM SITUAÇÃO DE RUA, EM ESPECIAL ÀQUELA QUE ATUA NA COLETA DE MATERIAIS RECICLÁVEIS, NO MUNICÍPIO DE SÃO PAULO, E DÁ OUTRAS PROVIDÊNCIAS."
768227,PL 1192/2025,PL,1192,2025,DISPÕE SOBRE A OBRIGATORIEDADE DE CONTRATAÇÃO DE POPULAÇÃO DE RUA PELAS EMPRESAS VENCEDORAS DE LICITAÇÃO PÚBLICA NO MUNICÍPIO DE SÃO PAULO.
768260,PL 1193/2025,PL,1193,2025,"DISPÕE SOBRE A CONVERSÃO DE DÍVIDAS TRIBUTÁRIAS DE INSTITUIÇÕES PRIVADAS E FILANTRÓPICAS EM PROGRAMAS DE FORMAÇÃO E CAPACITAÇÃO PROFISSIONAL DESTINADOS À POPULAÇÃO EM SITUAÇÃO DE RUA, NO MUNICÍPIO DE SÃO PAULO E DÁ OUTRAS PROVIDÊNCIAS."
768274,PL 1195/2025,PL,1195,2025,DISPÕE SOBRE A APLICAÇÃO DA “TRAVA” NOS VALORES DE LANÇAMENTO DO IMPOSTO PREDIAL E TERRITORIAL URBANO – IPTU DE IMÓVEIS DE PROPRIEDADE DE SERVIDORES PÚBLICOS MUNICIPAIS.
768286,PL 1197/2025,PL,1197,2025,INSTITUI O PROGRAMA DE ATIVIDADE FÍSICA ORIENTADA PARA A PESSOA IDOSA EM ESPAÇOS PÚBLICOS.
768288,PL 1198/2025,PL,1198,2025,"INSTITUI O PROGRAMA DE ABRIGO EMERGENCIAL E TEMPORÁRIO PARA PESSOAS IDOSAS VÍTIMAS DE VIOLÊNCIA - ""CASA DE PASSAGEM SÊNIOR"""
768289,PL 1199/2025,PL,1199,2025,"INSTITUI A POLÍTICA MUNICIPAL ""SP+CONECTADA E CARREGADA"", VISANDO GARANTIR O ACESSO UNIVERSAL E GRATUITO A PONTOS DE RECARGA PARA CADEIRAS DE RODAS ELÉTRICAS E OUTROS EQUIPAMENTOS DE MOBILIDADE PESSOAL MOTORIZADOS NO MUNICÍPIO DE SÃO PAULO; ESTABELECE A OBRIGATORIEDADE DE SUA INSTALAÇÃO EM EDIFICAÇÕES PÚBLICAS E LOCAIS DE GRANDE ACESSO DE PESSOAS, BEM COMO EM ESPAÇOS PÚBLICOS ABERTOS; DEFINE PADRÕES TÉCNICOS EM CONFORMIDADE COM AS NORMAS ABNT NBR 9050, NBR 5410, NBR 17019 E NBR IEC 61851-1."
768336,PL 1201/2025,PL,1201,2025,DISPÕE SOBRE A IMPLANTAÇÃO DE TELEATENDIMENTO PARA AUXILIAR NA SAÚDE MENTAL NO ÂMBITO DO MUNICÍPIO DE SÃO PAULO.
768459,PL 1203/2025,PL,1203,2025,"TRATA DA DISPONIBILIZAÇÃO, PELO PODER EXECUTIVO, NO PROJETO DE LEI COM PROPOSTA DE ATUALIZAÇÃO DA PLANTA GENÉRICA DE VALORES – PGV, DOS VALORES UNITÁRIOS DE METRO QUADRADO DE CONSTRUÇÃO E TERRENOS  EM SEQUÊNCIA NUMÉRICA CRESCENTE DA NUMERAÇÃO DO SETOR E QUADRA E DO ARQUIVO EDITÁVEL."
768460,PL 1204/2025,PL,1204,2025,"TRATA DA DISPONIBILIZAÇÃO, PELO PODER EXECUTIVO, NO PROJETO DE LEI COM PROPOSTA DE ATUALIZAÇÃO DA PLANTA GENÉRICA DE VALORES – PGV, EM SÍTIO DE INTERNET, DE SIMULADOR DOS VALORES PROPOSTOS PARA CADA NÚMERO DO CADASTRO DE CONTRIBUINTE IMOBILIÁRIO."
768570,PL 1205/2025,PL,1205,2025,"DETERMINA QUE O PODER EXECUTIVO DO MUNICÍPIO DE SÃO PAULO DIVULGUE, DE FORMA DETALHADA, OS INVESTIMENTOS PÚBLICOS POR BAIRRO, INCLUINDO AS FAVELAS E PERIFERIAS, EM FORMATO ACESSÍVEL E DÁ OUTRAS PROVIDÊNCIAS."
768571,PL 1206/2025,PL,1206,2025,DISPÕE SOBRE A IMPLEMENTAÇÃO DE PROGRAMA PERMANENTE DE CONSCIENTIZAÇÃO SOBRE PONTOS CEGO NOS VEÍCULOS DE TRANSPORTE PÚBLICO MUNICIPAL E DÁ OUTRAS PROVIDÊNCIAS.
768575,PL 1207/2025,PL,1207,2025,"DETERMINA QUE O PLANEJAMENTO ORÇAMENTÁRIO MUNICIPAL INCLUA OS INDICADORES DE DESIGUALDADE RACIAL, DE GÊNERO E TERRITORIAL PARA A PRIORIZAÇÃO DE AÇÕES AFIRMATIVAS NOS TERRITÓRIOS NO MUNICÍPIO."
768576,PL 1208/2025,PL,1208,2025,DISPÕE SOBRE A OBRIGATORIEDADE DA ELABORAÇÃO DE RELATÓRIO DE IMPACTO SOCIAL E ORÇAMENTÁRIO EM FAVELAS E PERIFERIAS PARA A REALIZAÇÃO DE GRANDES OBRAS FINANCIADAS COM RECURSOS PÚBLICOS.
768577,PDL 103/2025,PDL,103,2025,CONCEDE O TÍTULO DE CIDADÃO PAULISTANO AO EXCELENTÍSSIMO SR. MINISTRO LUIZ FUX.
768582,PL 1209/2025,PL,1209,2025,INSTITUI O FUNDO MUNICIPAL DE DESENVOLVIMENTO DAS FAVELAS E PERIFERIAS E DÁ OUTRAS PROVIDÊNCIAS.
768583,PL 1210/2025,PL,1210,2025,DISPÕE SOBRE A ISENÇÃO DO IPTU PARA IMÓVEIS LOCALIZADOS EM VIAS PÚBLICAS DESPROVIDAS DE SERVIÇOS URBANOS ESSENCIAIS NO MUNICÍPIO DE SÃO PAULO.
768675,PL 1211/2025,PL,1211,2025,"ALTERA A LEI Nº 14.485, DE 19 DE JULHO DE 2007 PARA INCLUIR NO CALENDÁRIO DE EVENTOS DA CIDADE DE SÃO PAULO, O “DIA MUNICIPAL DE COMBATE AO DESPERDÍCIO DE ALIMENTOS” E DÁ OUTRAS PROVIDÊNCIAS."
768762,PL 1212/2025,PL,1212,2025,"DISPÕE SOBRE A PROIBIÇÃO DE COMPRA, VENDA, ARMAZENAMENTO E TRANSPORTE DE GARRAFAS VAZIAS DE VIDRO DE USO ÚNICO, NÃO RETORNÁVEIS, DESTINADAS AO CONSUMO DE BEBIDAS NO MUNICÍPIO DE SÃO PAULO, E INCENTIVA A LOGÍSTICA REVERSA."
769000,PL 1213/2025,PL,1213,2025,"ALTERA A LEI Nº 14.485, DE 19 DE JULHO DE 2007, PARA INCLUIR NO CALENDÁRIO OFICIAL DE EVENTOS DA CIDADE DE SÃO PAULO, O DIA DO BOMBEIRO MILITAR VETERANO, QUE ACONTECE ANUALMENTE NA PRIMEIRA SEMANA DO MÊS DE FEVEREIRO."
769057,PL 1214/2025,PL,1214,2025,"DISPÕE SOBRE A AQUISIÇÃO DE LIVROS SAGRADOS E TEXTOS FUNDADORES DAS PRINCIPAIS TRADIÇÕES RELIGIOSAS NAS ESCOLAS DA REDE PÚBLICA MUNICIPAL DE SÃO PAULO, EM RESPEITO À PLURALIDADE CULTURAL, RELIGIOSA E À LAICIDADE DO ESTADO."
769058,PL 1215/2025,PL,1215,2025,"DISPÕE SOBRE A OBRIGATORIEDADE DA INUTILIZAÇÃO DE GARRAFAS DE BEBIDAS ALCOÓLICAS POR ESTABELECIMENTOS COMERCIAIS NO MUNICÍPIO DE SÃO PAULO, VISANDO PREVENIR O REUSO INDEVIDO E A ADULTERAÇÃO DE BEBIDAS, E DÁ OUTRAS PROVIDÊNCIAS."
769061,PL 1216/2025,PL,1216,2025,DISPÕE SOBRE O DESCARTE OBRIGATÓRIO E SEGURO DE CANETAS INJETÁVEIS DESCARTÁVEIS DE MEDICAMENTOS NO MUNICÍPIO DE SÃO PAULO E DÁ OUTRAS PROVIDÊNCIAS.
769071,PL 1218/2025,PL,1218,2025,"DISPÕE SOBRE A OBRIGATORIEDADE DE EXPOSIÇÃO DE PREÇOS DE COMBUSTÍVEIS EM FORMATO IGUALITÁRIO, EVIDENTE E VISÍVEL, NOS POSTOS DE ABASTECIMENTO DO MUNICÍPIO DE SÃO PAULO, E DÁ OUTRAS PROVIDÊNCIAS."
769086,PL 1219/2025,PL,1219,2025,"ALTERA A LEI Nº 9.939, DE 16 DE JULHO DE 1985, PARA ESTENDER A ISENÇÃO DE PAGAMENTO DE TARIFA DE ÔNIBUS INTEGRANTES DO SERVIÇO DE TRANSPORTE PÚBLICO COLETIVO DO MUNICÍPIO DE SÃO PAULO, INCLUIR BOMBEIROS DA POLÍCIA MILITAR E BOMBEIROS CIVIS ENTRE OS BENEFICIÁRIOS E DISPENSAR O USO DE UNIFORME, ADMITINDO A IDENTIDADE FUNCIONAL COMO CONDIÇÃO SUFICIENTE DE FRUIÇÃO DO BENEFÍCIO, E DÁ OUTRAS PROVIDÊNCIAS."
769087,PL 1220/2025,PL,1220,2025,"DISPÕE SOBRE A PRIORIDADE DE PESSOAS SURDAS PARA EXERCER CARGOS NAS INSTITUIÇÕES PÚBLICAS MUNICIPAIS DE EDUCAÇÃO BILÍNGUE DE SURDOS DO MUNICÍPIO DE SÃO PAULO, E DÁ OUTRAS PROVIDÊNCIAS."
769120,PL 1222/2025,PL,1222,2025,"ALTERA A LEI Nº 14.485, DE 19 DE JULHO DE 2007, COM A FINALIDADE DE INCLUIR NO CALENDÁRIO OFICIAL DE EVENTOS DA CIDADE DE SÃO PAULO O “PRÊMIO BIBI FEREIRA”."
769395,PL 1223/2025,PL,1223,2025,"DISPÕE SOBRE A NÃO OBRIGATORIEDADE DE ACESSO DE ENTREGADORES, VINCULADOS A EMPRESAS, PLATAFORMAS DIGITAIS DE INTERMEDIAÇÃO DE SERVIÇOS OU PRESTADORES AUTÔNOMOS ÀS ÁREAS INTERNAS DE CONDOMÍNIOS RESIDENCIAIS E COMERCIAIS NO MUNICÍPIO DE SÃO PAULO."
769525,PL 1225/2025,PL,1225,2025,"DISPÕE SOBRE A CRIAÇÃO DO SELO ""DOADOR DE ALIMENTOS"" NO MUNICÍPIO DE SÃO PAULO E DÁ OUTRAS PROVIDÊNCIAS."
769621,PL 1226/2025,PL,1226,2025,"ALTERA A LEI Nº 14.485, DE 19 DE JULHO DE 2007 PARA INCLUIR NO CALENDÁRIO DE EVENTOS DA CIDADE DE SÃO PAULO, O “CARNAPET” E DÁ OUTRAS PROVIDÊNCIAS."
769638,PL 1227/2025,PL,1227,2025,"INSTITUI, NO ÂMBITO DO MUNICÍPIO DE SÃO PAULO, OS CENTROS DE ATENÇÃO PSICOSSOCIAL ESPECIALIZADOS PARA PESSOAS ATÍPICAS (CAPS-PA), E DÁ OUTRAS PROVIDÊNCIAS."
769644,PL 1228/2025,PL,1228,2025,"INSTITUI O PROGRAMA SAÚDE DA FAMÍLIA ATÍPICA, NO ÂMBITO DO MUNICÍPIO, COM FOCO NO ATENDIMENTO DOMICILIAR ÀS FAMÍLIAS COM PESSOAS ATÍPICAS, E DÁ OUTRAS PROVIDÊNCIAS."
769650,PL 1229/2025,PL,1229,2025,INSTITUI O PROGRAMA DE ATENDIMENTO ODONTOLÓGICO ITINERANTE PARA PESSOAS ATÍPICAS E SEUS CUIDADORES.
769671,PL 1230/2025,PL,1230,2025,"INSTITUI O PROGRAMA DE TRANSPORTE ESPECIAL GRATUITO PARA PESSOAS ATÍPICAS – TEG ATÍPICO, DESTINADO AO DESLOCAMENTO DA RESIDÊNCIA ATÉ INSTITUIÇÕES DE ACOLHIMENTO E REABILITAÇÃO."
769769,PL 1231/2025,PL,1231,2025,"PROÍBE A COBRANÇA DE VALOR ADICIONAL NA VENDA DE INGRESSOS PARA PESSOAS GORDAS, NA CIDADE DE SÃO PAULO."
769821,PL 1232/2025,PL,1232,2025,"ALTERA  DISPOSITIVOS  DA  LEI  Nº  13.945,  DE  7  DE JANEIRO  DE  2005,  QUE  DISPÕE  SOBRE  A  OBRIGATORIEDADE  DA  MANUTENÇÃO  DE  APARELHO  DESFIBRILADOR EXTERNO AUTOMÁTICO EM LOCAIS QUE DESIGNA."
769872,PL 1233/2025,PL,1233,2025,CRIA O SISTEMA DE TRANSPARÊNCIA NAS UNIDADES DE SAÚDE NO MUNICÍPIO DE SÃO PAULO E DÁ OUTRAS PROVIDÊNCIAS
770052,PL 1234/2025,PL,1234,2025,"INSTITUI O PROGRAMA ""VIZINHANÇA AMIGA DO IDOSO"" DESTINADO A CRIAR UMA REDE DE VIGILÂNCIA COMUNITÁRIA E APOIO PARA IDENTIFICAR E AUXILIAR PESSOAS IDOSAS EM SITUAÇÃO DE VULNERABILIDADE, RISCO OU ISOLAMENTO SOCIAL."
770053,PL 1235/2025,PL,1235,2025,"ALTERA A LEI Nº 14.481, DE 12 DE JULHO DE 2007, QUE DISPÕE SOBRE A RESERVA DE VAGAS EM ESTACIONAMENTOS PARA IDOSOS, PARA ESPECIFICAR A OBRIGATORIEDADE EM EVENTOS TEMPORÁRIOS"
770054,PL 1236/2025,PL,1236,2025,"INSTITUI A POLÍTICA DE GRATUIDADE PARA A PESSOA IDOSA NO ACESSO A EVENTOS CULTURAIS, ARTÍSTICOS E DE LAZER QUE CONTEM COM FOMENTO OU PARTICIPAÇÃO DO PODER PÚBLICO MUNICIPAL."
770056,PL 1237/2025,PL,1237,2025,DENOMINA A RUA COMPREENDIDA ENTRE AS RUAS IBATIPO E ANDRÉ DE ALMEIDA NO BAIRRO JARIM NOVE DE JULHO COMO RUA ANTONIA CANSANO DE ANDRADE E DÁ OUTRAS PROVIDÊNCIAS.
770108,PL 1238/2025,PL,1238,2025,"AUTORIZA O EXECUTIVO A CRIAR A SALA TEA+ PARA ATENDIMENTO MULTIDISCIPLINAR DE CRIANÇAS E ADOLESCENTES PORTADORAS DO 
ESPECTRO AUTISMO E MÃES ATÍPICAS E DÁ OUTRAS PROVIDÊNCIAS."
770150,PL 1239/2025,PL,1239,2025,"INSTITUI O PROGRAMA “INFÂNCIA SEM TARIFA”, QUE DISPÕE SOBRE A CONCESSÃO DE ISENÇÃO DE PAGAMENTO DE TARIFAS NO SISTEMA DE TRANSPORTE COLETIVO MUNICIPAL ÀS CRIANÇAS DE ATÉ 12 ANOS QUE RESIDAM NO MUNICÍPIO DE SÃO PAULO."
770337,PL 1240/2025,PL,1240,2025,"INSTITUI O PROGRAMA CNH SOCIAL DE SÃO PAULO (HABILITA-SAMPA), DESTINADO À EMISSÃO GRATUITA DA CARTEIRA NACIONAL DE HABILITAÇÃO (CNH) PARA CIDADÃOS DE BAIXA RENDA E EM SITUAÇÃO DE VULNERABILIDADE SOCIAL."
770347,PL 1241/2025,PL,1241,2025,DISPÕE SOBRE A ATRIBUIÇÃO DE NUMERAÇÃO OFICIAL A IMÓVEIS LOCALIZADOS EM ÁREAS OCUPADAS DO MUNICÍPIO DE SÃO PAULO E DÁ OUTRAS PROVIDÊNCIAS.
770383,PL 1242/2025,PL,1242,2025,"INSTITUI, NO ÂMBITO DO MUNICÍPIO DE SÃO PAULO, O PAINEL DIGITAL DE VAGAS PRIORITÁRIAS - PESSOAS COM DEFICIÊNCIA E IDOSOS."
770384,PL 1243/2025,PL,1243,2025,"INSTITUI, NO ÂMBITO DO MUNICÍPIO DE SÃO PAULO, A CARTILHA MUNICIPAL DE PROTEÇÃO À MULHER E DEFESA DA VIDA - CANAL SEGURO DE DENÚNCIA."
770385,PL 1244/2025,PL,1244,2025,"INSTITUI, NO ÂMBITO DO MUNICÍPIO DE SÃO PAULO, O PROGRAMA MUNICIPAL DE DETECÇÃO DE METANOL - PMDM, VOLTADO À IDENTIFICAÇÃO PRECOCE DE CONTAMINAÇÃO EM BEBIDAS ALCOÓLICAS, COM FOCO NA PROTEÇÃO DA VIDA E COOPERAÇÃO TÉCNICA COM INSTITUIÇÕES CIENTÍFICAS."
770386,PL 1245/2025,PL,1245,2025,"INSTITUI, NO ÂMBITO DO MUNICÍPIO DE SÃO PAULO, A LEI VIDA MATERNA, QUE CRIA O CADASTRO MUNICIPAL DE CONTROLE DA MORTALIDADE MATERNA"
770405,PL 1247/2025,PL,1247,2025,"AUTORIZA O PODER EXECUTIVO A CRIAR E DIVULGAR O GUIA DE DIGNIDADE E RESPEITO AO IDOSO NO TRANSPORTE PÚBLICO NO MUNICÍPIO DE SÃO PAULO, E DÁ OUTRAS PROVIDÊNCIAS."
770476,PL 1248/2025,PL,1248,2025,"DENOMINA “PRAÇA GUIDO AMARAL”, O LOGRADOURO PÚBLICO INOMINADO, LOCALIZADO NO DISTRITO DE RIO PEQUENO, E DÁ OUTRAS PROVIDÊNCIAS."
770478,PL 1249/2025,PL,1249,2025,"DENOMINA “VIELA/TRAVESSA PETROLIO ALVES DE ARAUJO”, O LOGRADOURO PÚBLICO INOMINADO, LOCALIZADO NA VILA PARANAGUÁ, E DÁ OUTRAS PROVIDÊNCIAS."
770500,PL 1250/2025,PL,1250,2025,"ALTERA A LEI Nº 14.485, DE 19 DE JULHO DE 2007, PARA INCLUIR NO CALENDÁRIO OFICIAL DE EVENTOS DA CIDADE DE SÃO PAULO, O DIA DO CONGRESSO FENAUTO, QUE ACONTECE ANUALMENTE NO DIA 19 DE NOVEMBRO."
770517,PL 1251/2025,PL,1251,2025,"ALTERA A LEI Nº 14.485, DE 19 DE JULHO DE 2007, PARA INCLUIR NO CALENDÁRIO OFICIAL DE EVENTOS DA CIDADE DE SÃO PAULO, O DIA DO SINDIAUTO ALVESP SUMMIT AUTOMOTIVE, QUE ACONTECE ANUALMENTE NO DIA 16 DE ABRIL."
770561,PL 1252/2025,PL,1252,2025,"ALTERA A LEI N° 14.485, DE 19 DE JULHO DE 2007, PARA INCLUIR NO CALENDÁRIO OFICIAL DO MUNICÍPIO DE SÃO PAULO, O ""DIA MUNICIPAL DO ENFRENTAMENTO AO RACISMO AMBIENTAL"", A SER COMEMORADO ANUALMENTE NO DIA 01 FEVEREIRO, E DÁ OUTRAS PROVIDÊNCIAS."
770624,PL 1254/2025,PL,1254,2025,"ESTABELECE POLÍTICAS DE PREVENÇÃO, REGISTRO, ACOLHIMENTO E RESPOSTA A EPISÓDIOS DE VIOLÊNCIA OU ASSÉDIO CONTRA PROFISSIONAIS DE ENFERMAGEM, NO ÂMBITO DO MUNICÍPIO DE SÃO 
PAULO; INSTITUI O PROTOCOLO MUNICIPAL DE PREVENÇÃO E RESPOSTA À VIOLÊNCIA NO TRABALHO DE ENFERMAGEM; E DÁ PROVIDÊNCIAS CORRELATAS."
770726,PL 1256/2025,PL,1256,2025,DISPÕE SOBRE A PROVISÃO DE SALAS DE AMAMENTAÇÃO NAS CEIS E CEMEIS DA ADMINISTRAÇÃO DIRETA E INDIRETA NO MUNICÍPIO DE SÃO PAULO.
770760,PL 1257/2025,PL,1257,2025,DISPÕE SOBRE A ISENÇÃO DE RODÍZIO VEICULAR PARA PROFISSIONAIS DE ENFERMAGEM.
770793,PL 1258/2025,PL,1258,2025,"ALTERA A LEI Nº 14.485, DE 19 DE JULHO DE 2007, COM A FINALIDADE DE INCLUIR NO CALENDÁRIO OFICIAL DE EVENTOS DA CIDADE DE SÃO PAULO O EVENTO “JUNGLE FIGHT”, A SER COMEMORADO ANUALMENTE NO DIA 25 DE OUTUBRO."
771013,PL 1260/2025,PL,1260,2025,"DISPÕE SOBRE A DENOMINAÇÃO DA UBS IGNÊS TATTO, E DÁ OUTRAS PROVIDÊNCIAS."
771014,PL 1261/2025,PL,1261,2025,"DENOMINA PRAÇA ROBERTO GUILHERME LOTZ O LOGRADOURO QUE ESPECIFICA, LOCALIZADO NA RUA CLAUDIONOR ALVES BASTOS, S/N - (CODLOG 05067-9) - JARDIM BONFIGLIOLI – SUBPREFEITURA DO BUTANTÃ."
771026,PL 1262/2025,PL,1262,2025,"INSTITUI O PROGRAMA MUNICIPAL DE INCENTIVO ÀS BATALHAS DE RIMAS, AOS SARAUS E AOS SLAMS."
771029,PL 1263/2025,PL,1263,2025,AUTORIZA O PODER EXECUTIVO A INSTITUIR O PROGRAMA MUNICIPAL DE PREVENÇÃO E COMBATE A INCÊNDIOS EM ASSENTAMENTOS PRECÁRIOS – PREVIN E DÁ OUTRAS PROVIDÊNCIAS.
771050,PR 83/2025,PR,83,2025,"INSTITUI A MEDALHA DE ATOS HEROICOS, A SER OUTORGADA PELA CÂMARA MUNICIPAL DE SÃO PAULO, E DÁ OUTRAS PROVIDÊNCIAS."
771130,PL 1265/2025,PL,1265,2025,ACRESCE ARTIGOS 20 E 21 E RENUMERA DISPOSITIVOS DA LEI 13.866 DE 1 DE JULHO DE 2004 (MULTA ADMINISTRATIVA DEVIDA PELA OFENSA OU DESACATO A SERVIDOR PÚBLICO DA GUARDA CIVIL METROPOLITANA)
771368,PL 1266/2025,PL,1266,2025,"DENOMINA DE VIELA MARIA AMORIM, A VIELA SEM DENOMINAÇÃO, LOCALIZADA ENTRE OS NÚMEROS 92 E 155 DA RUA RUA LUÍS STOLB, BAIRRO JARDIM VILAS BOAS, NESTA CAPITAL."
771369,PL 1267/2025,PL,1267,2025,"DENOMINA DE VIELA LOLÔ MACHADO, A VIELA SEM DENOMINAÇÃO LOCALIZADA ENTRE OS NÚMEROS  78 E 06 DA R. LUÍS STOLB, NO BAIRRO JARDIM VILAS BOAS, NESTA CAPITAL."
771371,PL 1269/2025,PL,1269,2025,"DISPÕE SOBRE O MAPEAMENTO, ORGANIZAÇÃO E DIVULGAÇÃO DOS DADOS SOBRE OS IMPACTOS DA CRISE CLIMÁTICA NA VIDA DE MENINAS E MULHERES NO ÂMBITO DO MUNICÍPIO DE SÃO PAULO."
771372,PL 1270/2025,PL,1270,2025,"INSTITUI A POLÍTICA MUNICIPAL DE COMUNICAÇÃO DE RISCOS E PREVENÇÃO DE DESASTRES NO AMBIENTE ESCOLAR, ESTABELECE DIRETRIZES PARA A COMUNICAÇÃO DE ALERTAS JUNTO ÀS INSTITUIÇÕES DE ENSINO E PARA A COOPERAÇÃO ENTRE OS ÓRGÃOS DE EDUCAÇÃO E DE PROTEÇÃO E DEFESA CIVIL."
771373,PL 1271/2025,PL,1271,2025,"INSTITUI A POLÍTICA MUNICIPAL ""ALERTA CLIMA NA ESCOLA"", CRIA O MAPA COLABORATIVO DE RISCOS E SOLUÇÕES CLIMÁTICAS E ESTABELECE DIRETRIZES PARA A PARTICIPAÇÃO DA COMUNIDADE ESCOLAR NO PLANEJAMENTO DE AÇÕES DE RESILIÊNCIA URBANA."
771374,PL 1272/2025,PL,1272,2025,"INSTITUI O PROGRAMA MUNICIPAL ""MULHERES GUARDIÃS: LIDERANÇAS NA PREVENÇÃO DE RISCOS"", E DÁ OUTRAS PROVIDÊNCIAS"
771375,PL 1273/2025,PL,1273,2025,"ALTERA A LEI 14.485 DE 19 DE JULHO DE 2007, PARA INCLUIR NO CALENDÁRIO OFICIAL DE EVENTOS DA CIDADE DE SÃO PAULO O “DIA DO COMÉRCIO DA VILA MATILDE”, A SER COMEMORADO ANUALMENTE NO DIA 30 DE NOVEMBRO, E DÁ OUTRAS PROVIDÊNCIAS."
771381,PL 1275/2025,PL,1275,2025,"ALTERA A LEI Nº 14.485, DE 19 DE JULHO DE 2007 PARA INCLUIR O DIA MUNICIPAL PARA A AÇÃO CLIMÁTICA, A SER REALIZADO ANUALMENTE NO DIA 27 DE ABRIL."
771504,PL 1279/2025,PL,1279,2025,"DISPÕE  SOBRE  A  CAMPANHA  DE  CONSCIENTIZAÇÃO,  VALORIZAÇÃO  E  INCENTIVO  DA  DOAÇÃO  DE  ÓRGÃOS  E TECIDOS NA CIDADE DE SÃO PAULO."
771581,PL 1280/2025,PL,1280,2025,"ALTERA A LEI Nº 14.485, DE 19 DE JULHO DE 2007, PARA INCLUIR NO CALENDÁRIO DE EVENTOS DA CIDADE DE SÃO PAULO “O ITAIM PAULISTA FEST”, A SER COMEMORADA ANUALMENTE NO DIA 29 DE AGOSTO."
771582,PL 1281/2025,PL,1281,2025,DECLARA O BAIRRO DA BELA VISTA COMO PATRIMÔNIO IMATERIAL E CULTURAL DO MUNICÍPIO DE SÃO PAULO.
771583,PL 1282/2025,PL,1282,2025,DECLARA O BAIRRO DO ITAIM PAULISTA COMO PATRIMÔNIO IMATERIAL E CULTURAL DO MUNICÍPIO DE SÃO PAULO.
771585,PL 1283/2025,PL,1283,2025,DECLARA O BAIRRO DA CASA VERDE COMO PATRIMÔNIO IMATERIAL E CULTURAL DO MUNICÍPIO DE SÃO PAULO.
771642,PL 1284/2025,PL,1284,2025,"DENOMINA JESME ROBSON DA CONCEIÇÃO IGNÁCIO A PRAÇA INOMINADA, LOCALIZADA À ESQUINA DA RUA PEDRO GOMES PEREIRA COM JOÃO NICÁRIO ELEUTÉRIO – CIDADE NOVA SÃO MIGUEL, CEP - 08042-080, E DÁ OUTRAS PROVIDÊNCIAS."
771643,PL 1285/2025,PL,1285,2025,"DENOMINA DE “PRAÇA DAS CONSTELAÇÕES”, O ESPAÇO PÚBLICO INOMINADO, LOCALIZADO NA R. SÍRIUS, 553 - CIDADE SATÉLITE SANTA BARBARA, SÃO PAULO - SP, 08330-38 E DÁ OUTRAS PROVIDÊNCIAS."
771648,PL 1286/2025,PL,1286,2025,"AUTORIZA A IMPLANTAÇÃO DE USINAS FOTOVOLTAICAS FLUTUANTES NOS RIOS TIETÊ E PINHEIROS, ESTABELECE INCENTIVOS FISCAIS, MECANISMOS DE PARCERIAS PÚBLICO-PROVADAS, CONEXÃO À REDE PARA A GERAÇÃO DISTRIBUÍDA, E REGULAMENTA A UTILIZAÇÃO DE USO DAS ÁREAS AQUÁTICAS PARA GERAÇÃO DE ENERGIA LIMPA AO MUNICÍPIO DE SÃO PAULO."
771651,PL 1287/2025,PL,1287,2025,CRIAS ESPAÇOS INFANTIS NAS FEIRAS LIVRES DO MUNICÍPIO.
771806,PL 1289/2025,PL,1289,2025,"INSTITUI O ROTEIRO DA SAÚDE MENTAL, COM A CRIAÇÃO GRADUAL DE ESPAÇOS VERDES TERAPÊUTICOS EM PRAÇAS PÚBLICAS MUNICIPAIS, VOLTADOS À PROMOÇÃO DO BEM-ESTAR E DA SAÚDE EMOCIONAL."
771807,PL 1290/2025,PL,1290,2025,DISPÕE SOBRE A CRIAÇÃO DE PESQUEIROS PÚBLICOS NO MUNICÍPIO DE SÃO PAULO E DÁ OUTRAS PROVIDÊNCIAS.
771808,PL 1291/2025,PL,1291,2025,DISPÕE SOBRE A CONCESSÃO DE ADICIONAL DE PERICULOSIDADE AOS PORTEIROS NO ÂMBITO DO MUNICÍPIO DE SÃO PAULO.
771809,PL 1292/2025,PL,1292,2025,"DISPÕE SOBRE A CRIAÇÃO DOS CENTROS INTEGRADOS DE PROTEÇÃO À CRIANÇA E AO ADOLESCENTE (CIPCA), NO MUNICÍPIO DE SÃO PAULO."
771972,PL 1295/2025,PL,1295,2025,"DISPÕE SOBRE O TOMBAMENTO DO EDIFÍCIO DO ANTIGO PRESÍDIO DO HIPÓDROMO, LOCALIZADO NA RUA DO HIPÓDROMO, Nº 600, NO BRÁS, E  DÁ OUTRAS PROVIDÊNCIAS."
771994,PL 1296/2025,PL,1296,2025,"INSTITUI A POLÍTICA MUNICIPAL DE BEM-ESTAR, SAÚDE E QUALIDADE DE VIDA NO TRABALHO E VALORIZAÇÃO DOS PROFISSIONAIS DA EDUCAÇÃO NO ÂMBITO DO MUNICÍPIO DE SÃO PAULO."
772100,PL 1297/2025,PL,1297,2025,"INSTITUI, COMO DIRETRIZ DE POLÍTICA PÚBLICA, O PROGRAMA MUNICIPAL DE FÓRUNS REGIONAIS SOBRE DOENÇAS RARAS, NO ÂMBITO DO MUNICÍPIO DE SÃO PAULO."
772101,PL 1298/2025,PL,1298,2025,"DISPÕE SOBRE A CRIAÇÃO DO CADASTRO MUNICIPAL DE DOENÇAS RARAS, NO ÂMBITO DA POLÍTICA MUNICIPAL DE SAÚDE."
772103,PL 1299/2025,PL,1299,2025,ESTABELECE DIRETRIZES PARA O REGISTRO DE DOENÇAS RARAS NOS PRONTUÁRIOS DAS UNIDADES PÚBLICAS DE SAÚDE DO MUNICÍPIO DE SÃO PAULO E DÁ OUTRAS PROVIDÊNCIAS.
772127,PL 1300/2025,PL,1300,2025,"DISPÕE SOBRE A AMPLIAÇÃO DA TRIAGEM DE RISCO DE INSEGURANÇA ALIMENTAR E NUTRICIONAL (TRIA) NA ATENÇÃO PRIMÁRIA À SAÚDE DO MUNICÍPIO DE SÃO PAULO, PARA INCLUSÃO DAS PESSOAS DIAGNOSTICADAS COM DOENÇAS RARAS ENTRE OS DADOS QUALIFICADOS DE VULNERABILIDADE ALIMENTAR, E DÁ OUTRAS PROVIDÊNCIAS."
772129,PL 1301/2025,PL,1301,2025,"RECONHECE O TERRITÓRIO DO BRÁS, NA ZONA LESTE DO MUNICÍPIO DE SÃO PAULO, COMO POLO CULTURAL DO BRÁS, E DÁ OUTRAS PROVIDÊNCIAS."
772155,PL 1302/2025,PL,1302,2025,"RECONHECE, NO ÂMBITO DO MUNICÍPIO DE SÃO PAULO, O PROGRAMA “CUIDAR PARA CRESCER - REDE DE APOIO EMOCIONAL À CRIANÇA E AO ADOLESCENTE”, E DÁ OUTRAS PROVIDÊNCIAS."
772257,PL 1303/2025,PL,1303,2025,"DISPÕE AO PODER PÚBLICO SOBRE A CRIAÇÃO DO “PARQUE MUNICIPAL LINEAR ITAQUERUNA”, E DÁ OUTRAS PROVIDÊNCIAS."
772260,PL 1304/2025,PL,1304,2025,"DISPÕE AO PODER PÚBLICO SOBRE A CRIAÇÃO DO “PARQUE MUNICIPAL LINEAR CAGUAÇU”, E DÁ OUTRAS PROVIDÊNCIAS."
772263,PL 1305/2025,PL,1305,2025,"ALTERA A LEI Nº 14.485, DE 19 DE JULHO DE 2007, PARA INCLUIR O “DIA MUNICIPAL DE CONSCIENTIZAÇÃO E SENSIBILIZAÇÃO PARA COM AS PESSOAS OSTOMIZADAS”, NO CALENDÁRIO DE EVENTOS DO MUNICÍPIO DE SÃO PAULO, E DÁ OUTRAS PROVIDÊNCIAS."
772330,PL 1306/2025,PL,1306,2025,"ALTERA A LEI Nº 14.454, DE 27 DE JUNHO DE 2007, QUE DISCIPLINA A DENOMINAÇÃO E A ALTERAÇÃO DA DENOMINAÇÃO DE VIAS, LOGRADOUROS E PRÓPRIOS MUNICIPAIS, PARA ACRESCENTAR NOVAS HIPÓTESES DE VEDAÇÃO REFERENTES A PESSOAS CONDENADAS POR ATOS DE PRECONCEITO, DISCRIMINAÇÃO OU INTOLERÂNCIA CONTRA A FÉ CRISTÃ."
772341,PL 1307/2025,PL,1307,2025,"DISPÕE SOBRE A DISPONIBILIZAÇÃO, NO ÂMBITO DO MUNICÍPIO DE SÃO PAULO, DO TESTE DE OLFATOMETRIA NA REDE PÚBLICA DE SAÚDE E INSTITUI O PROGRAMA MUNICIPAL DE REABILITAÇÃO DO OLFATO PARA DIAGNÓSTICO, TRATAMENTO E REABILITAÇÃO DAS ALTERAÇÕES DECORRENTES DA PERDA TOTAL (ANOSMIA) OU PARCIAL (HIPOSMIA) DO OLFATO, E DÁ OUTRAS PROVIDÊNCIAS."
772348,PL 1308/2025,PL,1308,2025,"DISPÕE SOBRE A INSTITUIÇÃO, NO ÂMBITO DO MUNICÍPIO DE SÃO PAULO, DO PROGRAMA MUNICIPAL DE PREVENÇÃO E COMBATE ÀS AMPUTAÇÕES EM CRIANÇAS E ADOLESCENTES COM DIABETES, TENDO COMO OBJETIVO A DETECÇÃO PRECOCE DO PÉ DE RISCO E OUTRAS COMPLICAÇÕES ASSOCIADAS A DIABETES EM ALUNOS MATRICULADOS NA UNIDADES ESCOLARES, CRECHES, CENTROS DE CONVIVÊNCIA E DEMAIS EQUIPAMENTOS PÚBLICOS MUNICIPAIS E DÁ OUTRAS PROVIDÊNCIAS."
772375,PL 1309/2025,PL,1309,2025,INSTITUI A VACINAÇÃO DOMICILIAR PARA PESSOAS COM TRANSTORNO DO ESPECTRO AUTISTA (TEA) NO MUNICÍPIO DE SÃO PAULO E DÁ OUTRAS PROVIDÊNCIAS.
772530,PL 1311/2025,PL,1311,2025,"DISPÕE SOBRE A DISPONIBILIZAÇÃO DE PRODUTOS DE HIGIENE PESSOAL NAS UNIDADES PENITENCIÁRIAS, SITUADAS NO ÂMBITO DO MUNICÍPIO DE SÃO PAULO, E DÁ OUTRAS PROVIDÊNCIAS."
772549,PL 1312/2025,PL,1312,2025,"DENOMINA PRAÇA EMÍLIO SIMONE O LOGRADOURO QUE ESPECIFICA, LOCALIZADO NA AV. JOSÉ JOAQUIM SEABRA COM A RUA VENÂNCIO FLORES, S/N – RIO PEQUENO – SUBPREFEITURA DO BUTANTÃ."
772552,PL 1313/2025,PL,1313,2025,"DISPÕE SOBRE A CRIAÇÃO DO PROGRAMA “ÁRVORE-MESTRA” NO MUNICÍPIO DE SÃO PAULO, E DÁ OUTRAS PROVIDÊNCIAS."
772558,PL 1315/2025,PL,1315,2025,INSTITUI O DIA DOS POVOS INDÍGENAS COMO FERIADO MUNICIPAL NA CIDADE DE SÃO PAULO E DÁ OUTRAS PROVIDÊNCIAS.
772560,PL 1316/2025,PL,1316,2025,INSTITUI O PROGRAMA “GUARDIÕES DA MEMÓRIA” NO ÂMBITO DO MUNICÍPIO DE SÃO PAULO E DÁ OUTRAS PROVIDÊNCIAS.
772563,PL 1317/2025,PL,1317,2025,"DISPÕE SOBRE A CRIAÇÃO DE PRAÇAS DE ESPORTE NOS BAIRROS DO MUNICÍPIO DE SÃO PAULO, COM A INSTALAÇÃO DE QUADRAS POLIESPORTIVAS E PISTAS DE SKATE."
772564,PL 1318/2025,PL,1318,2025,"INSTITUI O SELO MUNICIPAL EMPRESA AMIGA DA IGUALDADE DE GÊNERO E DO TALENTO FEMININO, E DÁ OUTRAS PROVIDÊNCIAS."
772567,PL 1319/2025,PL,1319,2025,"INSTITUI O PROGRAMA “MULHERES QUE INSPIRAM”, QUE CRIA UM BANCO PÚBLICO DE REFERÊNCIAS FEMININAS PAULISTANAS EM DIVERSAS ÁREAS, PARA INCENTIVAR A PARTICIPAÇÃO DE MULHERES EM PALESTRAS, EVENTOS, CONSELHOS E CAMPANHAS EDUCATIVAS NO MUNICÍPIO DE SÃO PAULO."
772570,PL 1320/2025,PL,1320,2025,INSTITUI A UNIDADE BÁSICA DE SAÚDE DO IDOSO NO MUNICÍPIO DE SÃO PAULO E DISPÕE SOBRE O ATENDIMENTO INTEGRAL E ESPECIALIZADO À POPULAÇÃO IDOSA.
772645,PL 1321/2025,PL,1321,2025,"AUTORIZA O PODER EXECUTIVO A INSTITUIR O PROGRAMA MUNICIPAL LINCA-TEAN– LINHA DE CUIDADO INTEGRAL EM ATENÇÃO PRIMÁRIA À SAÚDE DAS PESSOAS COM TRANSTORNO DO ESPECTRO AUTISTA (TEA) E DEMAIS TRANSTORNOS DO NEURODESENVOLVIMENTO, E DÁ OUTRAS PROVIDÊNCIAS."
772752,PL 1322/2025,PL,1322,2025,"INSTITUI O PROGRAMA MUNICIPAL  DESTINADO À CRIAÇÃO E MANUTENÇÃO DE PLATAFORMA ELETRÔNICA PÚBLICA, EM FORMATO DE SITE E APLICATIVO MÓVEL, VOLTADA A PROMOVER A DIVULGAÇÃO, O VÍNCULO E A CONEXÃO ENTRE TUTORES E ANIMAIS PARA A ADOÇÃO RESPONSÁVEL NO MUNICÍPIO DE SÃO PAULO."
772756,PL 1323/2025,PL,1323,2025,DISPÕE SOBRE A APLICAÇÃO DE SANÇÕES ADMINISTRATIVAS CONTRA FRAUDES NO CADASTRO ÚNICO (CADÚNICO) PARA BENEFICIÁRIOS DO PROGRAMA BOLSA FAMÍLIA DO MUNICÍPIO DE SÃO PAULO E INSTITUI O PROGRAMA DE REGULARIZAÇÃO VOLUNTÁRIA.
772769,PL 1325/2025,PL,1325,2025,DECLARA AS RODAS DE SAMBA DA BARRA FUNDA PATRIMÔNIO IMATERIAL E CULTURAL DO MUNICÍPIO DE SÃO PAULO.
772779,PL 1326/2025,PL,1326,2025,CRIA O SELO “EMPRESA AMIGA DO TRÂNSITO” E DÁ OUTRAS PROVIDÊNCIAS.
772784,PL 1327/2025,PL,1327,2025,AUTORIZA O PODER EXECUTIVO A IMPLEMENTAR O PROGRAMA JOVEM CIDADÃO E DÁ OUTRAS PROVIDÊNCIAS.
772790,PL 1328/2025,PL,1328,2025,"INSTITUI O PROGRAMA “ROTA DA VIDA”, VOLTADO À CONSCIENTIZAÇÃO, PROMOÇÃO DA VIDA E DEFESA DO NASCITURO E DÁ OUTRAS PROVIDÊNCIAS"
772796,PL 1329/2025,PL,1329,2025,INSTITUI DIRETRIZES DE PROTEÇÃO AOS GUARDAS CIVIS METROPOLITANOS DO MUNICÍPIO DE SÃO PAULO EM SITUAÇÃO DE RISCO E DÁ OUTRAS PROVIDÊNCIAS.
772797,PL 1330/2025,PL,1330,2025,"ALTERA A LEI MUNICIPAL Nº 12.325, DE 16 DE ABRIL DE 1997, PARA ASSEGURAR O DIREITO À MEIA-ENTRADA A TODOS OS CIDADÃOS NO MUNICÍPIO DE SÃO PAULO E COIBIR A COBRANÇA ABUSIVA DE TAXAS NA COMERCIALIZAÇÃO, PRESENCIAL OU ELETRÔNICA, DE INGRESSOS PARA CINEMAS, TEATROS, ESPETÁCULOS ARTÍSTICO-CULTURAIS E EVENTOS ESPORTIVOS."
772805,PL 1331/2025,PL,1331,2025,DISPÕE SOBRE A AMPLIAÇÃO DO QUADRO DE  MÉDICOS  NAS  UNIDADES  DE  PRONTO  ATENDIMENTO  (UPAS  24H)  DO  MUNICÍPIO  DE SÃO PAULO.
772917,PR 85/2025,PR,85,2025,CRIA A FRENTE PARLAMENTAR SOBRE O SISTEMA PRISIONAL.
773012,PL 1333/2025,PL,1333,2025,"FICA O EXECUTIVO AUTORIZADO A INSTITUIR, NO ÂMBITO DO MUNICÍPIO DE SÃO PAULO, A OBRIGATORIEDADE DA DISPONIBILIZAÇÃO DE MEIOS DE COMUNICAÇÃO AUMENTATIVA E ALTERNATIVA."
773116,PL 1336/2025,PL,1336,2025,"ACRESCENTA O ARTIGO 15 À LEI Nº 17.109, DE 4 DE JUNHO DE 2019 (CÓDIGO MUNICIPAL DE DEFESA DO CONSUMIDOR), PARA DISPOR SOBRE A OBRIGATORIEDADE DA PRESENÇA DE, NO MÍNIMO, UM FUNCIONÁRIO PARA CADA DOIS TOTENS DE AUTOATENDIMENTO, RESPONSÁVEL TANTO PELA EFETIVAÇÃO DE PEDIDOS E PAGAMENTOS DIRETAMENTE NO CAIXA, QUANTO PELA ASSISTÊNCIA AOS CONSUMIDORES NA UTILIZAÇÃO DOS EQUIPAMENTOS."
773214,PL 1338/2025,PL,1338,2025,DENOMINA AVENIDA DOUTOR JOÃO FAVA O LOGRADOURO PÚBLICO ATUALMENTE INOMINADO EM VIA PARALELA À MARGINAL PINHEIROS.
773237,PL 1339/2025,PL,1339,2025,DISPÕE SOBRE A OBRIGATORIEDADE DE TREINAMENTOS DE PRIMEIROS SOCORROS AOS INTEGRANTES DA GUARDA CIVIL METROPOLITANA DE SÃO PAULO
773238,PL 1340/2025,PL,1340,2025,DISPÕE SOBRE A OBRIGATORIEDADE DE DISPONIBILIZAÇÃO DE KITS APH-TATICO PARA GUARDA CIVIL METROPOLITANA DE SÃO PAULO.
773239,PL 1341/2025,PL,1341,2025,"DISPÕE SOBRE A OBRIGATORIEDADE DE TREINAMENTOS PERIÓDICOS DE TIRO, TÁTICO-OPERACIONAL DA GUARDA CIVIL METROPOLITANA DE SÃO PAULO"
773240,PL 1342/2025,PL,1342,2025,CRIA PROGRAMA DE INCENTIVO A CAPACITAÇÃO FÍSICA DOS SERVIDORES DA GUARDA CIVIL METROPOLITANA E DÁ OUTRAS PROVIDÊNCIAS.
773249,PL 1343/2025,PL,1343,2025,"INSTITUI O PROGRAMA PARAOFICINA DESTINADO A PESSOAS COM DEFICIÊNCIA FÍSICA, COM OBJETIVO DE FORNECER MANUTENÇÃO GRATUITA DE OBJETOS E MEIOS AUXILIARES DE LOCOMOÇÃO, POR MEIO DE OFICINAS MÓVEIS E FIXAS NO MUNICÍPIO DE SÃO PAULO, E DÁ OUTRAS PROVIDÊNCIAS."
773271,PR 86/2025,PR,86,2025,INSTITUI  O PRÊMIO MAURICIO DE SOUSA E DÁ OUTRAS PROVIDÊNCIAS.
773336,PR 87/2025,PR,87,2025,"ALTERA O INCISO VII DO ART. 39 E O INCISO VII DO ART. 47 DA RESOLUÇÃO N.º 2, DE 26 DE ABRIL DE 1991 – REGIMENTO INTERNO DA CÂMARA MUNICIPAL DE SÃO PAULO. [ALTERA O NOME DA COMISSÃO DE SAÚDE, PROMOÇÃO SOCIAL, TRABALHO, IDOSO E MULHER PARA COMISSÃO DE SAÚDE, ASSISTÊNCIA SOCIAL, TRABALHO, IDOSO E MULHER]"
773423,PL 1344/2025,PL,1344,2025,"DISPÕE SOBRE A OBRIGATORIEDADE DE AS EMPRESAS CONTRATADAS PELO PODER PÚBLICO DO MUNICÍPIO DE SÃO PAULO PARA PRESTAÇÃO DE SERVIÇOS DE VIGILÂNCIA FORNECEREM COLETES BALÍSTICOS COMPATÍVEIS COM O BIOTIPO DOS VIGILANTES, DE USO INDIVIDUAL E DENTRO DO PRAZO DE VALIDADE."
773486,PL 1345/2025,PL,1345,2025,"ALTERA A LEI Nº 14.485, DE 19 DE JULHO DE 2007, COM A FINALIDADE DE INCLUIR NO CALENDÁRIO OFICIAL DE EVENTOS DA CIDADE DE SÃO PAULO “FESTA DAS NAÇÕES SÃO VICENTE DE PAULO”, A SER COMEMORADO ANUALMENTE NO DIA 27 DE SETEMBRO."
773513,PL 1346/2025,PL,1346,2025,"DISPÕE SOBRE A INSTITUIÇÃO DO PROGRAMA DE MICROFLORESTAS URBANAS COMUNITÁRIAS NO MUNICÍPIO DE SÃO PAULO, E DÁ OUTRAS PROVIDÊNCIAS."
773607,PL 1347/2025,PL,1347,2025,"ALTERA A LEI Nº 16.337, DE 30 DE DEZEMBRO DE 2015, PARA INCLUIR AS PESSOAS COM LÚPUS, FIBROMIALGIA E ENDOMETRIOSE ENTRE OS BENEFICIÁRIOS DO SERVIÇO DE ATENDIMENTO ESPECIAL – SERVIÇO ATENDE."
773608,PL 1348/2025,PL,1348,2025,"DISPÕE SOBRE A IMPLEMENTAÇÃO DE MECANISMOS DE MARCAÇÃO PERMANENTE EM GARRAFAS DE BEBIDAS ALCOÓLICAS APÓS O CONSUMO, COM O OBJETIVO DE PREVENIR A REUTILIZAÇÃO INDEVIDA E A COMERCIALIZAÇÃO DE PRODUTOS ADULTERADOS NO MUNICÍPIO DE SÃO PAULO."
773609,PL 1349/2025,PL,1349,2025,PROMOVE O CONTROLE DA POLUIÇÃO SONORA PROVENIENTE DE VEÍCULOS AUTOMOTORES NO ÂMBITO DO MUNICÍPIO DE SÃO PAULO E DÁ OUTRAS PROVIDÊNCIAS.
773693,PL 1350/2025,PL,1350,2025,AUTORIZA O PODER EXECUTIVO A INSTALAR RADARES ANTIRRUÍDO NO ÂMBITO DE SÃO PAULO E DÁ OUTRAS PROVIDÊNCIAS
773866,PL 1351/2025,PL,1351,2025,"DISPÕE SOBRE A CRIAÇÃO DE SALAS SENSORIAIS NAS ESCOLAS MUNICIPAIS DA CIDADE DE SÃO PAULO, PARA O ATENDIMENTO DE PESSOAS COM TRANSTORNO DO ESPECTRO AUTISTA – TEA E OUTRAS CONDIÇÕES NEUROATÍPICAS, E DÁ OUTRAS PROVIDÊNCIAS."
773867,PL 1352/2025,PL,1352,2025,"DISPÕE SOBRE A INCLUSÃO DE MENSAGEM INFORMATIVA NA CONTRACAPA DO CARNÊ DO IMPOSTO PREDIAL E TERRITORIAL URBANO – IPTU, ACERCA DOS CONTRIBUINTES QUE FAZEM JUS À ISENÇÃO DO TRIBUTO, E DÁ OUTRAS PROVIDÊNCIAS."
773873,PL 1353/2025,PL,1353,2025,"ALTERA A LEI MUNICIPAL Nº 17.750/2022, QUE DISCIPLINA A IMPLANTAÇÃO DE CREMATÓRIO E INCINERAÇÃO DE CADÁVERES ANIMAIS NO MUNICÍPIO DE SÃO PAULO, PARA AMPLIAR E APRIMORAR OS DISPOSITIVOS VIGENTES, INCORPORANDO NOVOS PONTOS DE ACESSO, ASPECTOS HUMANIZADOS E POSSIBILIDADE DE PARCERIAS PÚBLICO-PRIVADAS."
773875,PL 1354/2025,PL,1354,2025,"ALTERA A LEI MUNICIPAL N° 11.123 DE 22 DE NOVEMBRO DE 1991, QUE DISPÕE SOBRE A POLÍTICA MUNICIPAL DE ATENDIMENTO AOS DIREITOS DA CRIANÇA E DO ADOLESCENTE, INCLUINDO A PREVISÃO DE  ASSISTÊNCIA INTEGRAL E MULTIPROFISSIONAL ÀS CRIANÇAS E ADOLESCENTES DEPENDENTES QUÍMICOS E/OU COM PROBLEMAS DECORRENTES DO USO DE DROGAS."
774263,PL 1355/2025,PL,1355,2025,"CRIA O PROGRAMA SALA AZUL ITINERANTE NO ÂMBITO DO MUNICÍPIO DE SÃO  PAULO, DESTINADO A PROMOVER ESPAÇO DE ACOLHIMENTO SENSORIAL E DE  DESCOMPRESSÃO EM EVENTOS PÚBLICOS, E DÁ OUTRAS PROVIDÊNCIAS."
774326,PL 1358/2025,PL,1358,2025,"ALTERA A LEI Nº 14.485, DE 19 DE JULHO DE 2007, COM A FINALIDADE DE INCLUIR NO CALENDÁRIO OFICIAL DE EVENTOS DA CIDADE DE SÃO PAULO O “DIA DO TÉCNICO EM SAÚDE BUCAL” NO MUNICÍPIO DE SÃO PAULO E DÁ OUTRAS PROVIDÊNCIAS."
774330,PL 1359/2025,PL,1359,2025,"ALTERA A LEI Nº 14.485, DE 19 DE JULHO DE 2007, COM A FINALIDADE DE INCLUIR NO CALENDÁRIO OFICIAL DE EVENTOS DA CIDADE DE SÃO PAULO O “DIA DO AUXILIAR EM SAÚDE BUCAL” NO MUNICÍPIO DE SÃO PAULO E DÁ OUTRAS PROVIDÊNCIAS."
774465,PDL 116/2025,PDL,116,2025,DISPÕE SOBRE A OUTORGA DA SALVA DE PRATA A BANDA DA GCM (GUARDA CIVIL METROPOLITANA) E DÁ OUTRAS PROVIDÊNCIAS.
774478,PR 89/2025,PR,89,2025,"ACRESCENTA O PARÁGRAFO 4° NO ARTIGO 1° DO REGIMENTO INTERNO DA CÂMARA MUNICIPAL DE SÃO PAULO [RESOLUÇÃO N° 02, DE 26 DE ABRIL DE 1991] E DÁ OUTRAS PROVIDÊNCIAS [DETERMINA CRITÉRIOS PARA A OCUPAÇÃO E TROCA DE SALAS DE GABINETES NO PALÁCIO ANCHIETA]."
774505,PL 1362/2025,PL,1362,2025,"ALTERA A LEI Nº. 14.485, DE 19 DE JULHO DE 2007, COM A FINALIDADE DE INCLUIR NO CALENDÁRIO OFICIAL DE EVENTOS DA CIDADE DE SÃO PAULO O PRÊMIO ARCANJO, E DÁ OUTRAS PROVIDÊNCIAS."
774506,PL 1363/2025,PL,1363,2025,"DISPÕE SOBRE A ETIQUETAGEM INFORMATIVA DE PLANTAS COMERCIALIZADAS NO MUNICÍPIO DE SÃO PAULO, VISANDO A SEGURANÇA DO CONSUMIDOR, A RASTREABILIDADE E A PROTEÇÃO AMBIENTAL."
774507,PL 1364/2025,PL,1364,2025,"ALTERA A LEI 14.485 DE 19 DE JULHO DE 2007, PARA INCLUIR NO CALENDÁRIO OFICIAL DE EVENTOS DA CIDADE DE SÃO PAULO O MÊS DA FEIRA GASTRONÔMICA DOS QUITUTES, A SER REALIZADA ANUALMENTE DURANTE O MÊS DE JUNHO E DÁ OUTRAS PROVIDÊNCIAS."
774575,PL 1365/2025,PL,1365,2025,"ALTERA A LEI Nº 14.485, DE 19 DE JULHO DE 2007, PARA INCLUIR NO CALENDÁRIO DE EVENTOS DA CIDADE DE SÃO PAULO O “DIA MUNICIPAL DO IMIGRANTE BESSARABIANO, BÚLGARO E GAGAÚZO""."
774629,PL 1366/2025,PL,1366,2025,INSTITUI O USO DO CORDÃO COMO SÍMBOLO DE IDENTIFICAÇÃO E CONSCIENTIZAÇÃO SOBRE A IMPORTÂNCIA DAS PESSOAS COM DOENÇAS RARAS NO MUNICÍPIO DE SÃO PAULO.
774631,PL 1367/2025,PL,1367,2025,"INSTITUI O PROGRAMA MUNICIPAL DE INCENTIVO À INCLUSÃO PRODUTIVA DE PESSOAS NEURODIVERGENTES NO MUNICÍPIO DE SÃO PAULO, E DÁ OUTRAS PROVIDÊNCIAS."
774632,PL 1368/2025,PL,1368,2025,"DISPÕE SOBRE A INCLUSÃO DA CATEGORIA “POVO CIGANO” NOS FORMULÁRIOS E CADASTROS DE SAÚDE, EDUCAÇÃO E ASSISTÊNCIA SOCIAL DO MUNICÍPIO DE SÃO PAULO, E DÁ OUTRAS PROVIDÊNCIAS."
774689,PL 1369/2025,PL,1369,2025,"LEI “VIDAS SOBRE DUAS RODAS” - DISPÕE SOBRE CRITÉRIOS DE SEGURANÇA E RESPONSABILIDADE PARA A PRESTAÇÃO, NO MUNICÍPIO DE SÃO PAULO, DO SERVIÇO DE TRANSPORTE REMUNERADO DE PASSAGEIROS POR MOTOCICLETA, MOTONETA OU CICLOMOTOR, MEDIANTE APLICATIVO OU PLATAFORMA DIGITAL, E DÁ OUTRAS PROVIDÊNCIAS."
774694,PL 1370/2025,PL,1370,2025,"DISPÕE SOBRE A RESTITUIÇÃO DOS CRÉDITOS TRIBUTÁRIOS DO IMPOSTO PREDIAL E TERRITORIAL URBANO (IPTU), E DÁ OUTRAS PROVIDÊNCIAS."
774759,PL 1371/2025,PL,1371,2025,"ALTERA A LEI 14.485 DE 19 DE JULHO DE 2007 PARA INCLUIR NO CALENDÁRIO DE EVENTOS DA CIDADE DE SÃO PAULO O DIA DO CAC - COLECIONADOR, ATIRADOR DESPORTIVO E CAÇADOR E DÁ OUTRAS
PROVIDÊNCIAS."
774811,PL 1372/2025,PL,1372,2025,"PROÍBE A COBRANÇA DE TAXA DE RESERVA, SOBRETAXA OU QUAISQUER VALORES ADICIONAIS PARA MATRÍCULA, RENOVAÇÃO DE MATRÍCULA OU MENSALIDADE DE PESSOAS COM DEFICIÊNCIA E COM TRANSTORNOS DO DESENVOLVIMENTO, INCLUINDO ESTUDANTES COM SÍNDROME DE DOWN, TRANSTORNO DO ESPECTRO AUTISTA (TEA), TRANSTORNOS INVASIVOS DO DESENVOLVIMENTO OU OUTRAS SÍNDROMES DIAGNOSTICADAS."
774815,PL 1373/2025,PL,1373,2025,"DISPÕE SOBRE A CRIAÇÃO DO CARGO DE PROCURADOR DE SUBPREFEITURA NO ÂMBITO DA PROCURADORIA GERAL DO MUNICÍPIO, E DÁ OUTRAS PROVIDÊNCIAS."
774855,PL 1374/2025,PL,1374,2025,DISPÕE SOBRE A CRIAÇÃO DA CARTEIRINHA PAULISTANA DA PESSOA COM DEFICIÊNCIA NO MUNICÍPIO DE SÃO PAULO E DÁ OUTRAS PROVIDÊNCIAS.
774863,PL 1375/2025,PL,1375,2025,DISPÕE SOBRE A OFERTA DE CAPACITAÇÃO EM NOÇÕES BÁSICAS DE ENFERMAGEM PARA MÃES ATÍPICAS NO MUNICÍPIO DE SÃO PAULO E DÁ OUTRAS PROVIDÊNCIAS.
774864,PL 1376/2025,PL,1376,2025,"INSTITUI O PASSE LIVRE MÃE ATÍPICA PAULISTANA NO MUNICÍPIO DE SÃO PAULO, E DÁ OUTRAS PROVIDÊNCIAS."
774866,PL 1377/2025,PL,1377,2025,"TORNA OBRIGATÓRIA A INSTALAÇÃO DE BRINQUEDOTECAS NOS ÓRGÃOS E EQUIPAMENTOS PÚBLICOS QUE REALIZAM ATENDIMENTO A MULHERES VÍTIMAS DE VIOLÊNCIA DOMÉSTICA NO MUNICÍPIO DE SÃO PAULO, E DÁ OUTRAS PROVIDÊNCIAS."
775030,PDL 118/2025,PDL,118,2025,"SUSTA A PORTARIA SME Nº 10.023, DE 03 DE NOVEMBRO DE 2025, QUE DISPÕE SOBRE A OPÇÃO E INGRESSO EM JORNADA ESPECIAL INTEGRAL DE FORMAÇÃO – JEIF POR PROFESSOR EM READAPTAÇÃO FUNCIONAL, E DÁ OUTRAS PROVIDÊNCIAS."
775109,PL 1378/2025,PL,1378,2025,DISPÕE SOBRE ALTERAÇÕES NA POLÍTICA DE LOCAÇÃO DE UNIDADES HIS E HMP PRODUZIDAS POR EMPRESAS PRIVADAS NA CIDADE DE SÃO PAULO PREVISTAS NA LEI 16.050/2014.
775279,PL 1381/2025,PL,1381,2025,"FICA INSTITUÍDO, NO ÂMBITO DO MUNICÍPIO DE SÃO PAULO, O PROGRAMA MUNICIPAL DE FACILITAÇÃO AO FINANCIAMENTO E AQUISIÇÃO DE IMÓVEIS PARA PESSOAS COM SÍNDROME DE DOWN E OUTRAS COMORBIDADES DE ACARRETEM DEFICIÊNCIA E DÁ OUTRAS PROVIDÊNCIAS."
775463,PR 91/2025,PR,91,2025,"CRIA A FRENTE PARLAMENTAR DE POLÍTICAS SOBRE HIV/AIDS, INFECÇÕES SEXUALMENTE TRANSMISSÍVEIS (IST), TUBERCULOSE E HEPATITES VIRAIS NA CÂMARA MUNICIPAL DE SÃO PAULO."
775483,PDL 121/2025,PDL,121,2025,"FICA REVOGADO O DECRETO LEGISLATIVO Nº 4 DE 18 DE MARÇO DE 2015, QUE DISPÕE SOBRE A CONCESSÃO DA HONRARIA DO TITULO DE CIDADÃO PAULISTANO A JOÃO TEIXEIRA DE FARIA “JOÃO DE DEUS”, E DÁ OUTRAS PROVIDÊNCIAS."
775485,PL 1383/2025,PL,1383,2025,"DENOMINA COMO “PRAÇA JOAQUIM BERNARDO” A ÁREA PÚBLICA LOCALIZADA NA ESQUINA DAS RUAS GRAJAÚ E JOAZEIRO, NO BAIRRO DO SUMARÉ, E DÁ OUTRAS PROVIDÊNCIAS."
775498,PL 1384/2025,PL,1384,2025,"INSTITUI O MONUMENTO EM HOMENAGEM AOS POLICIAIS TOMBADOS NO CUMPRIMENTO DO DEVER, NO MUNICÍPIO DE SÃO PAULO."
775499,PL 1385/2025,PL,1385,2025,"DENOMINA  PRAÇA  NARA  LEÃO  OS  ESPAÇOS INOMINADOS  LOCALIZADO  NO  BAIRRO  VILA GOMES, SUBPREFEITURA DO BUTANTÃ."
775637,PL 1386/2025,PL,1386,2025,"DENOMINA QUARTEIRÃO DA CULTURA PROF. HELCIAS BERNARDO DE PÁDUA, O ESPAÇO DELIMITADO PELAS RUAS COJUBA, SALVADOR CARDOSO, AVENIDA HORÁCIO LAFER E RUA LOPES NETO, NO BAIRRO DO ITAIM BIBI – SUBPREFEITURA DE PINHEIROS."
775652,PL 1387/2025,PL,1387,2025,"PERMITE O USO DOS CORREDORES, PISTAS E FAIXAS EXCLUSIVAS DE ÔNIBUS, POR PARTE DOS TRANSPORTES COLETIVOS ESCOLARES CONVENIADOS AO ATENDIMENTO DO SERVIÇO ESPECIAL - SEC (LIGADO), QUANDO NO TRANSPORTE DE PESSOAS COM DEFICIÊNCIA."
775656,PL 1388/2025,PL,1388,2025,"DISPÕE SOBRE A PROTEÇÃO DA CONFIANÇA LEGÍTIMA E DA SEGURANÇA JURÍDICA DAS AUTORIZAÇÕES E INSTALAÇÕES DE PARKLETS IMPLANTADAS EM CONFORMIDADE COM AS NORMAS VIGENTES À ÉPOCA DE SUA AUTORIZAÇÃO, NO MUNICÍPIO DE SÃO PAULO, E DÁ OUTRAS PROVIDÊNCIAS."
775657,PL 1389/2025,PL,1389,2025,DISPÕE SOBRE A INSTALAÇÃO E O USO DE TOLDOS RETRÁTEIS E COBERTURAS REMOVÍVEIS POR ESTABELECIMENTOS COMERCIAIS NO MUNICÍPIO DE SÃO PAULO.
775857,PL 1391/2025,PL,1391,2025,INSTITUI O PROGRAMA MUNICIPAL DE IMUNIZAÇÃO ITINERANTE — “VACINA MÓVEL SÃO PAULO” — NO ÂMBITO DO MUNICÍPIO DE SÃO PAULO E DÁ OUTRAS PROVIDÊNCIAS.
775876,PL 1392/2025,PL,1392,2025,"INSTITUI A CAMPANHA PERMANENTE DE DOAÇÃO DE SANGUE PARA ANIMAIS DOMÉSTICOS — PET SOLIDÁRIO, DESTINADA À MANUTENÇÃO DE BANCOS DE SANGUE VETERINÁRIOS E ATENDIMENTOS NOS HOSPITAIS VETERINÁRIOS PÚBLICOS DO MUNICÍPIO DE SÃO PAULO."
775877,PL 1393/2025,PL,1393,2025,"ALTERA A LEI Nº 14.485, DE 19 DE JULHO DE 2007, PARA INCLUIR NO CALENDÁRIO DE EVENTOS DA CIDADE DE SÃO PAULO O MORUMBI FEST, A SER CELEBRADO ANUALMENTE NA “SEGUNDA SEMANA DE AGOSTO”."
775879,PL 1394/2025,PL,1394,2025,ESTABELECE DIRETRIZES PARA A IMPLEMENTAÇÃO E A OFERTA DE CONSULTÓRIOS VETERINÁRIOS MÓVEIS DE ATENDIMENTO GRATUITO AOS ANIMAIS DOMÉSTICOS DO MUNICÍPIO DE SÃO PAULO.
775882,PL 1395/2025,PL,1395,2025,DISPÕE SOBRE A CRIAÇÃO DO PROGRAMA “FARMAPET PAULISTANA” NO MUNICÍPIO DE SÃO PAULO E DÁ OUTRAS PROVIDÊNCIAS.
775884,PL 1396/2025,PL,1396,2025,"ALTERA A LEI Nº 13.478 DE 30 DE DEZEMBRO DE 2002, QUE DISPÕE SOBRE A ORGANIZAÇÃO DO SISTEMA DE LIMPEZA URBANA DO MUNICÍPIO DE SÃO PAULO; CRIA E ESTRUTURA SEU ÓRGÃO REGULADOR; AUTORIZA O PODER PÚBLICO A DELEGAR A EXECUÇÃO DOS SERVIÇOS PÚBLICOS MEDIANTE CONCESSÃO OU PERMISSÃO; INSTITUÍ A TAXA DE RESÍDUOS SÓLIDOS DOMICILIARES TRSD, A TAXA DE RESÍDUOS SÓLIDOS DE SERVIÇOS DE SAÚDE - TRSS E A TAXA DE FISCALIZAÇÃO DOS SERVIÇOS DE LIMPEZA URBANA - FISLURB; CRIA O FUNDO MUNICIPAL DE LIMPEZA URBANA - FMLU, E DÁ OUTRAS PROVIDÊNCIAS."
775973,PL 1398/2025,PL,1398,2025,"ALTERA A LEI Nº 14.485, DE 19 DE JULHO DE 2007, PARA INCLUIR NO CALENDÁRIO DE EVENTOS DA CIDADE DE SÃO PAULO O DIA DA PASTORA EVANGÉLICA E DO PASTOR EVANGÉLICO."
776014,PL 1399/2025,PL,1399,2025,"FICA DENOMINADA COMO PRAÇA MARIO FERREIRA CAMPOS A ÁREA DELIMITADA PELA RUA AFONSO FARIA (CODLOG 00269-0), PELA RUA PEDRO DA COSTA FALEIRO (CODLOG 15896-8) E PELO LOTE Nº 53 DA QUADRA 119 DO SETOR FISCAL 094, SITUADA NO DISTRITO DO JARDIM SÃO LUÍS, SUBPREFEITURA DE M’BOI MIRIM."
776022,PL 1400/2025,PL,1400,2025,AUTORIZA A CRIAÇÃO DA SECRETARIA MUNICIPAL DO IDOSO DO MUNICÍPIO DE SÃO PAULO E DÁ OUTRAS PROVIDÊNCIAS.
776104,PL 1401/2025,PL,1401,2025,"INSTITUI O CADASTRO MUNICIPAL DE UNIDADES COM DESTINAÇÃO SOCIAL (CMUDS), DISCIPLINA A OFERTA E A INTERMEDIAÇÃO DIGITAL DE UNIDADES [HABITAÇÃO DE INTERESSE SOCIAL] HIS 1, HIS 2 E HMP NO MUNICÍPIO DE SÃO PAULO, VEDA A LOCAÇÃO POR CURTA DURAÇÃO DESSAS UNIDADES E ESTABELECE LIMITES DE PREÇO PARA LOCAÇÃO POR LONGA DURAÇÃO, DEFINE OBRIGAÇÕES DE COOPERAÇÃO PARA PLATAFORMAS DIGITAIS, E DÁ OUTRAS PROVIDÊNCIAS."
776107,PR 92/2025,PR,92,2025,FRENTE PARLAMENTAR CONTRA OS INCINERADORES E EM DEFESA DE UMA POLÍTICA DE RESÍDUOS SÓLIDOS SUSTENTÁVEL.
776285,PL 1403/2025,PL,1403,2025,"DISPÕE SOBRE A ALTERAÇÃO DA DENOMINAÇÃO DA ATUAL RUA NAIR DE TEFFÉ, CODLOG 61.879-9, PARA “RUA NAIR DE TEFFÉ – SÃO KIM DEGUN” E DÁ OUTRAS PROVIDÊNCIAS."
776291,PL 1404/2025,PL,1404,2025,"DISPÕE SOBRE A CRIAÇÃO DE ESPAÇOS DE APOIO INTEGRAL À MULHER, COM ATENDIMENTO PSICOLÓGICO IMEDIATO, NOS POSTOS DE SAÚDE DO MUNICÍPIO DE SÃO PAULO."
776292,PL 1405/2025,PL,1405,2025,"INSTITUI, NO ÂMBITO DO MUNICÍPIO DE SÃO PAULO, O PROGRAMA PROFESSOR DE INCLUSÃO INDIVIDUAL, DESTINADO AO ATENDIMENTO EDUCACIONAL PERSONALIZADO DE ESTUDANTES COM TRANSTORNO DO ESPECTRO AUTISTA (TEA), TDAH E OUTRAS CONDIÇÕES QUE DEMANDEM ACOMPANHAMENTO PEDAGÓGICO ESPECIALIZADO, E DÁ OUTRAS PROVIDÊNCIAS."
776314,PL 1406/2025,PL,1406,2025,RECONHECE O DIREITO DOS PROFISSIONAIS DA REDE MUNICIPAL DE ENSINO DE SÃO PAULO À FORMAÇÃO CONTINUADA PRIORITÁRIA E INSTITUI DIRETRIZES PARA SUA EFETIVAÇÃO.
776347,PL 1407/2025,PL,1407,2025,DISPÕE SOBRE A FIXAÇÃO DE PLACAS INFORMATIVAS INDICANDO ELEVADO NÚMERO DE ASSALTOS EM REGIÕES NA CIDADE DE SÃO PAULO.
776413,PL 1409/2025,PL,1409,2025,DISPÕE SOBRE A DENOMINAÇÃO DO CAPS II AD SANTO AMARO DR. GABRIEL MARIA PETRONI.
776450,PR 93/2025,PR,93,2025,"INSTITUI O PRÊMIO MARIA DA PENHA, A SER CONCEDIDO ÀS MULHERES, ENTIDADES, ASSOCIAÇÕES E ORGANIZAÇÕES QUE SE DESTACAM NA DEFESA, PROMOÇÃO E GARANTIA DOS DIREITOS DAS MULHERES, E NO ENFRENTAMENTO À VIOLÊNCIA DOMÉSTICA E DE GÊNERO E DÁ OUTRAS PROVIDÊNCIAS."
776598,PL 1410/2025,PL,1410,2025,DISPÕE SOBRE A INSTALAÇÃO DE EQUIPAMENTO ELIMINADOR DE AR NA TUBULAÇÃO DO SISTEMA DE ABASTECIMENTO DE ÁGUA E DÁ OUTRAS PROVIDÊNCIAS.
776643,PL 1412/2025,PL,1412,2025,INSTITUI A DISTRIBUIÇÃO GRATUITA DE ABAFADORES DE SOM E DE FONES COM CANCELAMENTO ATIVO DE RUÍDO PARA PESSOAS COM DIAGNÓSTICO DE HIPERACUSIA NO MUNICÍPIO DE SÃO PAULO.
776644,PL 1413/2025,PL,1413,2025,"DISPÕE SOBRE A IMPLEMENTAÇÃO DO PROGRAMA “HORTA ESCOLAR PRÁTICA” NAS UNIDADES ESCOLARES DA REDE PÚBLICA MUNICIPAL DE SÃO PAULO E O INCLUI COMO COMPONENTE CURRICULAR PRIORITÁRIO PARA ESTUDANTES DO 8º E 9º ANOS, COM FOCO EM REGIÕES PERIFÉRICAS."
776645,PL 1414/2025,PL,1414,2025,"INSTITUI O PROGRAMA “CADERNO VERDE”, DEDICADO À COLETA E RECICLAGEM DE CADERNOS E MATERIAIS ESCOLARES AO FINAL DO ANO LETIVO NAS UNIDADES DA REDE PÚBLICA MUNICIPAL DE ENSINO DE SÃO PAULO."
776646,PL 1415/2025,PL,1415,2025,"INSTITUI O PROGRAMA “LÍNGUA QUE ACOLHE”, VOLTADO À ALFABETIZAÇÃO E À INCLUSÃO LINGUÍSTICA DE ESTUDANTES ESTRANGEIROS MATRICULADOS NA REDE PÚBLICA MUNICIPAL DE ENSINO DE SÃO PAULO."
776647,PL 1416/2025,PL,1416,2025,INSTITUI O “PROGRAMA LIBRAS PARA TODOS” NAS UNIDADES DA REDE PÚBLICA MUNICIPAL DE ENSINO DE SÃO PAULO PARA ESTUDANTES MATRICULADOS NO PROGRAMA SÃO PAULO INTEGRAL.
776648,PL 1417/2025,PL,1417,2025,"DISPÕE SOBRE A CRIAÇÃO DE PONTOS MÓVEIS DE INFORMAÇÃO E MATRÍCULA DA EDUCAÇÃO DE JOVENS E ADULTOS (EJA) NO MUNICÍPIO DE SÃO PAULO, COM PRIORIDADE PARA TERRITÓRIOS DE MAIOR VULNERABILIDADE SOCIAL."
776649,PL 1418/2025,PL,1418,2025,INSTITUI O PROGRAMA MUNICIPAL DE COMBATE AO ANALFABETISMO FUNCIONAL NO MUNICÍPIO DE SÃO PAULO.
776650,PL 1419/2025,PL,1419,2025,AUTORIZA O PODER EXECUTIVO A INSTITUIR O PROGRAMA JOVEM MONITOR DE TURISMO NO ÂMBITO DA SECRETARIA MUNICIPAL DE TURISMO.
776651,PL 1420/2025,PL,1420,2025,"INSTITUI O PROGRAMA “CASA DO FUTURO”, DESTINADO A OFERECER MORADIA, APOIO EDUCACIONAL, SOCIAL E DE DESENVOLVIMENTO PESSOAL A JOVENS QUE DEIXAM ORFANATOS E ABRIGOS NO MUNICÍPIO DE SÃO PAULO."
776763,PL 1421/2025,PL,1421,2025,"ALTERA A LEI N° 14.485, DE 19 DE JULHO DE 2007, PARA INCLUIR NO CALENDÁRIO DE EVENTOS DA CIDADE DE SÃO PAULO O DIA DA MAÇONARIA CRISTÃ."
776789,PL 1422/2025,PL,1422,2025,"ALTERA A LEI N° 14.933, DE 5 DE JUNHO DE 2009, PARA INSTITUIR O ""ORÇAMENTO SENSÍVEL AO CLIMA DA CIDADE DE SÃO PAULO”, COMO INSTRUMENTO TRANSVERSAL DO ORÇAMENTO PÚBLICO DESTINADO AO PLANEJAMENTO, CLASSIFICAÇÃO, ORDENAÇÃO, EMPENHO, EXECUÇÃO, AVALIAÇÃO E TRANSPARÊNCIA DAS DESPESAS DE ACORDO COM SEU IMPACTO NO ENFRENTAMENTO DA EMERGÊNCIA CLIMÁTICA E DO RACISMO AMBIENTAL, NA REDUÇÃO DAS EMISSÕES DE GASES DE EFEITO ESTUFA E INICIATIVAS DE MITIGAÇÃO E ADAPTAÇÃO CLIMÁTICA."
777013,PL 1423/2025,PL,1423,2025,"INSTITUI PROGRAMA MUNICIPAL “CRIPTO SAMPA”, DESTINADO A PROMOVER A INOVAÇÃO ECONÔMICA, A LIBERDADE FINANCEIRA E A INTEGRAÇÃO DE TECNOLOGIAS BASEADAS EM BLOCKCHAIN, CRIPTOMOEDAS E ATIVOS DIGITAIS E AUTORIZAR SEU USO NAS ATIVIDADES ECONÔMICAS E ADMINISTRATIVAS DO MUNICÍPIO DE SÃO PAULO."
777048,PL 1424/2025,PL,1424,2025,"INSTITUI O PROGRAMA MUNICIPAL DE OPÇÃO ALIMENTAR VEGANA E VEGETARIANA NA MERENDA ESCOLAR DA REDE PÚBLICA DE ENSINO MUNICIPAL, ASSEGURADO O DIREITO DE ESCOLHA DOS ALUNOS."
777075,PL 1425/2025,PL,1425,2025,"ALTERA A LEI Nº 14.485, DE 19 DE JULHO DE 2007, PARA INCLUIR NO CALENDÁRIO OFICIAL DE EVENTOS DA CIDADE DE SÃO PAULO O “CULTO DE LOUVORES”, A SER REALIZADO ANUALMENTE NO ÚLTIMO SÁBADO DO MÊS DE AGOSTO, E DÁ OUTRAS PROVIDÊNCIAS."
777113,PL 1426/2025,PL,1426,2025,"DISPÕE SOBRE A CONCESSÃO DE AUTORIZAÇÃO PRECÁRIA DE FUNCIONAMENTO E DE AUTORIZAÇÃO DE USO DE ÁREAS MUNICIPAIS PARA O EXERCÍCIO DE ATIVIDADES NÃO RESIDENCIAIS DE BAIXO RISCO (NR1), EM TERRITÓRIOS EM PROCESSO DE REGULARIZAÇÃO FUNDIÁRIA, E DÁ OUTRAS PROVIDÊNCIAS."
777349,PL 1429/2025,PL,1429,2025,"ALTERA A LEI MUNICIPAL Nº 13.131, DE 18 DE MAIO DE 2001, QUE “DISCIPLINA A CRIAÇÃO, PROPRIEDADE, POSSE, GUARDA, USO E TRANSPORTE DE CÃES E GATOS NO MUNICÍPIO DE SÃO PAULO”."
777525,PL 1433/2025,PL,1433,2025,"ACRESCENTA O ARTIGO 23-A À LEI N.° 13.131, DE MAIO DE 2001 [DISCIPLINA A CRIAÇÃO, PROPRIEDADE, POSSE, GUARDA, USO E TRANSPORTE DE CÃES E GATOS NO MUNICÍPIO DE SÃO PAULO.], A FIM DE PROIBIR ANIMAIS SOZINHOS EM ESPAÇOS PARTICULARES, QUANDO VAZIOS OU AUSENTES OS SEUS MORADORES, E DÁ OUTRAS PROVIDÊNCIAS."
777590,PL 1435/2025,PL,1435,2025,"DENOMINA PONTO DE APOIO RIZOLITO MOTOBOY, O PONTO DE APOIO LOCALIZADO À RUA DR ANTONINO DOS SANTOS ROCHA, ALTURA DO NÚMERO 2600, E DÁ OUTRAS PROVIDÊNCIAS."
777591,PL 1436/2025,PL,1436,2025,"INSTITUI O PROGRAMA MUNICIPAL MOEDA LITERÁRIA PAULISTANA, DESTINADO A INCENTIVAR O ACESSO À LEITURA, O FORTALECIMENTO DA ECONOMIA DO LIVRO E A VALORIZAÇÃO DAS INICIATIVAS LITERÁRIAS NAS PERIFERIAS DA CIDADE DE SÃO PAULO."
777597,PL 1437/2025,PL,1437,2025,"ALTERA A LEI Nº 16.642, DE 9 DE MAIO DE 2017 (CÓDIGO DE OBRAS E EDIFICAÇÕES DO MUNICÍPIO DE SÃO PAULO) PARA DISPOR SOBRE A PREVENÇÃO E REPRESSÃO DA FAVELIZAÇÃO, PUXADINHOS E AMPLIAÇÕES IRREGULARES EM EDIFICAÇÕES RESIDENCIAIS E COMERCIAIS, BEM COMO ESTABELECE MEDIDAS DE FISCALIZAÇÃO E SANÇÕES ADMINISTRATIVAS."
777608,PL 1438/2025,PL,1438,2025,"ALTERA A LEI Nº 17.580 DE 26 DE JULHO DE 2021, PARA DISPOR SOBRE A AMPLIAÇÃO DO PROGRAMA BANCO DE RAÇÃO PARA RECEBIMENTO DE MEDICAMENTOS, VACINAS E UTENSÍLIOS PARA ANIMAIS NO MUNICÍPIO DE SÃO PAULO; ALTERA A LEI N° 15.1434 DE 19 DE MARÇO DE 2010 PARA DISPOR SOBRE A ISENÇÃO DO IMPOSTO SOBRE SERVIÇO DE QUALQUER NATUREZA (ISS) PARA QUEM DOAR MEDICAMENTOS E VACINAS, HUMANOS OU ANIMAIS, E DÁ OUTRAS PROVIDÊNCIAS."
777623,PL 1439/2025,PL,1439,2025,INSTITUI O PROGRAMA “BIBLIOTECA DA PRIMEIRA INFÂNCIA” NO ÂMBITO DO MUNICÍPIO DE SÃO PAULO E DÁ OUTRAS PROVIDÊNCIAS.
777625,PL 1440/2025,PL,1440,2025,"INSTITUI O PROGRAMA MUNICIPAL DE OFICINAS DE ALIMENTAÇÃO SAUDÁVEL PARA PAIS E RESPONSÁVEIS, VOLTADO À PREVENÇÃO E AO COMBATE À DESNUTRIÇÃO INFANTIL, E DÁ OUTRAS PROVIDÊNCIAS."
777628,PL 1441/2025,PL,1441,2025,"DISPÕE SOBRE A CRIAÇÃO DOS ‘ESPAÇOS BRINCAR’ EM PRAÇAS, PARQUES PÚBLICOS E UNIDADES EDUCACIONAIS DO MUNICÍPIO DE SÃO PAULO, DESTINADOS À INSTALAÇÃO DE ÁREAS DE LAZER ACESSÍVEIS, SEGURAS E INCLUSIVAS PARA CRIANÇAS, E DÁ OUTRAS PROVIDÊNCIAS."
777631,PL 1442/2025,PL,1442,2025,"ESTABELECE A OBRIGATORIEDADE DE PROGRAMAS DE FORMAÇÃO CONTINUADA PERIÓDICA PARA OS PROFISSIONAIS DAS UNIDADES DE EDUCAÇÃO INFANTIL MUNICIPAIS, CONTEMPLANDO TEMAS RELACIONADOS AO NEURODESENVOLVIMENTO INFANTIL, INCLUSÃO, PREVENÇÃO DE VIOLÊNCIA E PRÁTICAS PEDAGÓGICAS ATUALIZADAS."
777632,PL 1443/2025,PL,1443,2025,INSTITUI A POLÍTICA MUNICIPAL DE PREVENÇÃO À VIOLÊNCIA NA PRIMEIRA INFÂNCIA E DÁ OUTRAS PROVIDÊNCIAS.
777633,PL 1444/2025,PL,1444,2025,"INSTITUI O PROGRAMA MUNICIPAL DE SAÚDE EMOCIONAL DA PRIMEIRA INFÂNCIA NO ÂMBITO DO MUNICÍPIO DE SÃO PAULO, E DÁ OUTRAS PROVIDÊNCIAS."
777684,PR 95/2025,PR,95,2025,DISPÕE SOBRE O PROGRAMA “BIBLIOTECA DA PRIMEIRA INFÂNCIA” NO ÂMBITO DA CÂMARA MUNICIPAL DE SÃO PAULO.
777741,PL 1448/2025,PL,1448,2025,"DENOMINA PRAÇA ANTÔNIO BORGES DOS SANTOS A ÁREA PÚBLICA INOMINADA, LOCALIZADA NA ALTURA DO NÚMERO 155 DA RUA IPÊ ROSA, NO BAIRRO ITAQUERA, NA SUBPREFEITURA DE ITAQUERA."
777743,PDL 124/2025,PDL,124,2025,"DISPÕE SOBRE A OUTORGA DE SALVA DE PRATA A SOCIEDADE RECREATIVA BENEFICENTE ESPORTIVA E ESCOLA DE SAMBA LAVAPES PIRATA NEGRO, E DÁ OUTRAS PROVIDÊNCIAS."
777790,PL 1450/2025,PL,1450,2025,"DISPÕE SOBRE O RECONHECIMENTO DA ACADEMIA DE POLÍCIA MILITAR DO BARRO BRANCO COMO BEM DO PATRIMÔNIO CULTURAL DE NATUREZA IMATERIAL DO MUNICÍPIO DE SÃO PAULO, NOS TERMOS DA LEI MUNICIPAL Nº 14.406, DE 21 DE MAIO DE 2007."
777791,PL 1451/2025,PL,1451,2025,"DISPÕE SOBRE O RECONHECIMENTO DO QUARTEL DO COMANDO GERAL DA POLÍCIA MILITAR DO ESTADO DE SÃO PAULO, COMO BEM DO PATRIMÔNIO CULTURAL DE NATUREZA IMATERIAL DO MUNICÍPIO DE SÃO PAULO, NOS TERMOS DA LEI MUNICIPAL Nº 14.406, DE 21 DE MAIO DE 2007."
777792,PL 1452/2025,PL,1452,2025,"DISPÕE SOBRE O RECONHECIMENTO DO 2º BATALHÃO DE POLÍCIA DE CHOQUE – BATALHÃO ANCHIETA, COMO BEM DO PATRIMÔNIO CULTURAL DE NATUREZA IMATERIAL DO MUNICÍPIO DE SÃO PAULO, NOS TERMOS DA LEI MUNICIPAL Nº 14.406, DE 21 DE MAIO DE 2007."
777795,PL 1453/2025,PL,1453,2025,DISPÕE SOBRE A OBRIGATORIEDADE DE CURSO DE NOÇÕES BÁSICAS DE PRIMEIROS SOCORROS PARA OS ALUNOS DAS ESCOLAS PÚBLICAS MUNICIPAIS DE SÃO PAULO.
777873,PDL 125/2025,PDL,125,2025,CONCEDE A HONRARIA TÍTULO DE CIDADÃO PAULISTANO AO SR. JOSÉ ANTÔNIO TOTÓ PARENTE.
778013,PL 1454/2025,PL,1454,2025,DISPÕE SOBRE A PRESENÇA PERMANENTE DE MÉDICOS GERIATRAS NAS UNIDADES BÁSICAS DE SAÚDE (UBSS) E NAS UNIDADES DE PRONTO ATENDIMENTO (UPAS) DO MUNICÍPIO DE SÃO PAULO E DÁ OUTRAS PROVIDÊNCIAS.
778044,PL 1455/2025,PL,1455,2025,"AUTORIZA AS COOPERATIVAS E OUTRAS FORMAS DE ASSOCIAÇÕES DE CATADORES DE MATERIAIS RECICLÁVEIS LEGALMENTE CONSTITUÍDAS A REALIZAR A RETIRADA GRATUITA DOS MATERIAIS RECICLÁVEIS DEPOSITADOS NOS ECOPONTOS (PONTOS DE ENTREGA VOLUNTÁRIA – PEVS) E NAS SEDES DAS SUBPREFEITURAS DO MUNICÍPIO DE SÃO PAULO, E DÁ OUTRAS PROVIDÊNCIAS."
778049,PL 1456/2025,PL,1456,2025,"ALTERA A REDAÇÃO DO ART. 22 DA LEI MUNICIPAL Nº 17.202, DE 16 DE OUTUBRO DE 2019, QUE DISPÕE SOBRE A REGULARIZAÇÃO DE EDIFICAÇÕES, CONDICIONADA, QUANDO NECESSÁRIO, À REALIZAÇÃO DE OBRAS, NOS TERMOS DA PREVISÃO DO ART. 367 DO PLANO DIRETOR ESTRATÉGICO, E DÁ OUTRAS PROVIDÊNCIAS."
778118,PL 1457/2025,PL,1457,2025,"DENOMINA COMO SÉRGIO DUARTE MAMBERTI A PRAÇA LOCALIZADA NO SETOR 009, QUADRA 038, LOTE 0058, E DÁ OUTRAS PROVIDÊNCIAS."
778227,PL 1458/2025,PL,1458,2025,"DISPÕE SOBRE A PROIBIÇÃO DA EXPOSIÇÃO E VENDA CONJUNTA DE PRODUTOS DECORATIVOS ALIMENTÍCIOS E PRODUTOS DECORATIVOS NÃO ALIMENTÍCIOS NAS PRATELEIRAS, GÔNDOLAS OU ESTANDES DOS ESTABELECIMENTOS COMERCIAIS DO MUNICÍPIO DE SÃO PAULO."
778354,PDL 127/2025,PDL,127,2025,OUTORGA A MEDALHA ANCHIETA E O DIPLOMA DE GRATIDÃO DA CIDADE DE SÃO PAULO AO SR. CLEVERSON SILVA.
778356,PL 1459/2025,PL,1459,2025,"DISPÕE SOBRE A OBRIGATORIEDADE DE DISPONIBILIZAÇÃO DE ABA OU PÁGINA DEDICADA A INFORMAÇÕES E FOTOGRAFIAS DE PESSOAS DESAPARECIDAS, EM ESPECIAL CRIANÇAS E ADOLESCENTES, NOS SITES QUE COMPÕEM A ADMINISTRAÇÃO MUNICIPAL DA CIDADE DE SÃO PAULO, E DÁ OUTRAS PROVIDÊNCIAS."
778683,PL 1460/2025,PL,1460,2025,"CRIA O MUSEU DO MEIO AMBIENTE DO MUNICÍPIO DE SÃO PAULO, DEDICADO À VALORIZAÇÃO DA MEMÓRIA, DA NATUREZA E DA COMUNIDADE, E DÁ OUTRAS PROVIDÊNCIAS."
778763,PL 1462/2025,PL,1462,2025,"INSTITUI A POLÍTICA MUNICIPAL DE ACESSO À ÁGUA POTÁVEL, MEDIANTE A CRIAÇÃO DE PONTOS DE ACESSO À ÁGUA POTÁVEL EM LOCAIS ESTRATÉGICOS DO MUNICÍPIO DE SÃO PAULO."
778890,PDL 128/2025,PDL,128,2025,DISPÕE SOBRE A OUTORGA DA MEDALHA DE ANCHIETA E DIPLOMA DE GRATIDÃO A MARINA ZATZ DE CAMARGO E DÁ OUTRAS PROVIDÊNCIAS.
778929,PR 97/2025,PR,97,2025,CRIA A FRENTE PARLAMENTAR CONTRA ATOS DE DESMATAMENTO NA CIDADE DE SÃO PAULO.
778931,PL 1463/2025,PL,1463,2025,"DENOMINA COMO PRAÇA JANDIRA DE OLIVEIRA FERNANDES O ESPAÇO PÚBLICO INOMINADO LOCALIZADO NO BAIRRO VILA CRUZEIRO, NO DISTRITO DE SANTO AMARO, SÃO PAULO – SP, E DÁ OUTRAS PROVIDÊNCIAS."
778936,PL 1464/2025,PL,1464,2025,"ALTERA A LEI Nº. 14.485, DE 19 DE JULHO DE 2007, COM A FINALIDADE DE INCLUIR NO CALENDÁRIO OFICIAL DE EVENTOS DA CIDADE DE SÃO PAULO A SEMANA DO SEGURO, E DÁ OUTRAS PROVIDÊNCIAS."
778994,PL 1465/2025,PL,1465,2025,"ALTERA A LEI Nº 14.485, DE 19 DE JULHO DE 2007, PARA INCLUIR NO CALENDÁRIO OFICIAL DE EVENTOS DA CIDADE DE SÃO PAULO A EXPO FAVELA INNOVATION BRASIL E DÁ OUTRAS PROVIDÊNCIAS."
779164,PL 1466/2025,PL,1466,2025,"DENOMINA JOSÉ RAMALHOSO, A PRAÇA INOMINADA, LOCALIZADA NA CONFLUÊNCIA DAS RUA PIRAJÁ E TORIBA, NO BAIRRO DA ÁGUA RASA, E DÁ OUTRAS PROVIDÊNCIAS"
779170,PL 1467/2025,PL,1467,2025,"INSTITUI O REGISTRO MUNICIPAL DE ACIDENTE VASCULAR CEREBRAL –  REMAVC-SP, ESTABELECE A NOTIFICAÇÃO COMPULSÓRIA MENSAL DE CASOS DE  AVC E AIT POR ESTABELECIMENTOS DE SAÚDE PÚBLICOS E PRIVADOS SEDIADOS NO MUNICÍPIO DE SÃO PAULO, CRIA O COMITÊ MUNICIPAL DO REGISTRO DE AVC – COMR-AVC (INSTÂNCIA ONSULTIVA E PROPOSITIVA, SEM A CRIAÇÃO DE CARGOS), DISPONDO SOBRE A TRANSPARÊNCIA E PROTEÇÃO DE DADOS, DANDO AINDA OUTRAS PROVIDÊNCIAS”"
779217,PR 98/2025,PR,98,2025,"DISPÕE SOBRE A CRIAÇÃO, NO ÂMBITO DA CÂMARA MUNICIPAL DE SÃO PAULO, DA FRENTE PARLAMENTAR EM DEFESA DOS TRABALHADORES E DAS TRABALHADORAS AMBULANTES."
779277,PL 1468/2025,PL,1468,2025,DISPÕE SOBRE A INSTALAÇÃO DE SISTEMAS DE BIODIGESTORES EM EQUIPAMENTOS PÚBLICOS E EMPREENDIMENTOS PRIVADOS NO MUNICÍPIO DE SÃO PAULO E DÁ OUTRAS PROVIDÊNCIAS.
779304,PL 1469/2025,PL,1469,2025,"DENOMINA “PASSARELA MÁRCIO LUIZ DA COSTA” A PASSARELA LOCALIZADA SOBRE A AVENIDA JOÃO DIAS, SUBPREFEITURA DE SANTO AMARO."
779305,PL 1470/2025,PL,1470,2025,INSTITUI O PROGRAMA MUNICIPAL DE ENFRENTAMENTO AO RACISMO – “SOS RACISMO MUNICIPAL” – E DÁ OUTRAS PROVIDÊNCIAS.
779307,PL 1471/2025,PL,1471,2025,"ALTERA A LEI NO 14.485 DE 19 DE JULHO DE 2007 PARA INCLUIR NO CALENDÁRIO OFICIAL DA CIDADE DE SÃO PAULO, O DIA DO MEDIADOR DE CONFLITOS DA GUARDA CIVIL METROPOLITANA, A SER COMEMORADO ANUALMENTE NO DIA 12 DE OUTUBRO, E DÁ OUTRAS PROVIDÊNCIAS."
779309,PL 1472/2025,PL,1472,2025,"DISPÕE SOBRE A OBRIGATORIEDADE DE REPRESENTATIVIDADE MÍNIMA DE PESSOAS NEGRAS EM CAMPANHAS PUBLICITÁRIAS INSTITUCIONAIS E DE UTILIDADE PÚBLICA, PRODUZIDAS OU VEICULADAS PELOS ÓRGÃOS DA ADMINISTRAÇÃO DIRETA, INDIRETA, AUTARQUIAS, EMPRESAS PÚBLICAS E FUNDAÇÕES DO MUNICÍPIO DE SÃO PAULO, E DÁ OUTRAS PROVIDÊNCIAS."
779312,PL 1473/2025,PL,1473,2025,"DISPÕE SOBRE A INCORPORAÇÃO DE ELEMENTOS SIMBÓLICOS, VISUAIS, ARTÍSTICOS E CULTURAIS REPRESENTATIVOS DA CULTURA PERIFÉRICA NAS CAMPANHAS PUBLICITÁRIAS E MATERIAIS DE COMUNICAÇÃO INSTITUCIONAL DO MUNICÍPIO DE SÃO PAULO E DÁ OUTRAS PROVIDÊNCIAS."
779313,PL 1474/2025,PL,1474,2025,"ALTERA A LEI Nº 14.485, DE 19 DE JULHO DE 2007, PARA INCLUIR NO CALENDÁRIO DE EVENTOS DA CIDADE SÃO PAULO O DIA DA SANTA MAZU."
779326,PL 1475/2025,PL,1475,2025,"DISPÕE SOBRE A OBRIGATORIEDADE DE DISPONIBILIZAÇÃO DE CARDÁPIOS ACESSÍVEIS EM ESTABELECIMENTOS PRIVADOS E EQUIPAMENTOS PÚBLICOS QUE SERVEM REFEIÇÕES NO MUNICÍPIO DE SÃO PAULO, E DÁ OUTRAS PROVIDÊNCIAS."
779361,PL 1476/2025,PL,1476,2025,DISPÕE SOBRE A REGULAMENTAÇÃO DAS LOCAÇÕES TEMPORÁRIAS DE IMÓVEIS RESIDENCIAIS POR MEIO DE PLATAFORMAS DIGITAIS NO MUNICÍPIO DE SÃO PAULO E DÁ OUTRAS PROVIDÊNCIAS.
779521,PL 1478/2025,PL,1478,2025,DISPÕE SOBRE A CRIAÇÃO DE ÁREAS PÚBLICAS (PIPÓDROMOS) DESTINADAS À PRÁTICA SEGURA DE EMPINAR PIPAS NO MUNICÍPIO E DÁ OUTRAS PROVIDÊNCIAS.
779530,PL 1479/2025,PL,1479,2025,INSTITUI O EVENTO ANUAL “CIRCUITO CULTURAL MOTO SP - CENTRO HISTÓRICO” NO MUNICÍPIO DE SÃO PAULO E DÁ OUTRAS PROVIDÊNCIAS.
779531,PL 1480/2025,PL,1480,2025,"ALTERA A LEI Nº 14.485, DE 19 DE JULHO DE 2007, PARA INCLUIR NO CALENDÁRIO OFICIAL DE EVENTOS DA CIDADE DE SÃO PAULO, A SEMANA MUNICIPAL DO EMPREENDEDOR MOTOCICLÍSTICO, A SER REALIZADA ANUALMENTE NA SEGUNDA SEMANA DO MÊS DE JULHO."
779532,PL 1481/2025,PL,1481,2025,"ALTERA A LEI Nº 14.485, DE 19 DE JULHO DE 2007, PARA INCLUIR NO CALENDÁRIO OFICIAL DE EVENTOS DA CIDADE DE SÃO PAULO, A SEMANA DA CULTURA MOTOCICLISTA, A SER REALIZADA ANUALMENTE NA PRIMEIRA SEMANA DE NOVEMBRO."
779533,PL 1482/2025,PL,1482,2025,"ALTERA A LEI Nº 14.485, DE 19 DE JULHO DE 2007, PARA INCLUIR NO CALENDÁRIO OFICIAL DE EVENTOS DA CIDADE DE SÃO PAULO, O ENCONTRO MUNICIPAL DE MOTOCICLISTAS DA GENERAL OSÓRIO, A SER REALIZADO ANUALMENTE EM JULHO."
779534,PL 1483/2025,PL,1483,2025,INSTITUI MECANISMOS DE MONITORAMENTO E RASTREABILIDADE DA ORIGEM DAS BEBIDAS ALCOÓLICAS COMERCIALIZADAS POR MEIO DE PLATAFORMAS DIGITAIS NO MUNICÍPIO DE SÃO PAULO.
779536,PL 1484/2025,PL,1484,2025,"DISPÕE SOBRE A OBRIGATORIEDADE DE VEICULAÇÃO DE CAMPANHAS INFORMATIVAS, NAS REDES SOCIAIS, SITES E DEMAIS CANAIS DE COMUNICAÇÃO DO MUNICÍPIO DE SÃO PAULO, DESTINADAS A ALERTAR A POPULAÇÃO SOBRE FRAUDES ENVOLVENDO A ADULTERAÇÃO DE BEBIDAS ALCOÓLICAS COM ETANOL, E DÁ OUTRAS PROVIDÊNCIAS."
779948,PL 1488/2025,PL,1488,2025,RECONHECE COMO DE UTILIDADE PÚBLICA MUNICIPAL A FUNDAÇÃO LUIZ DUMONT VILLARES E DÁ OUTRAS PROVIDÊNCIAS.
780116,PL 1490/2025,PL,1490,2025,INSTITUI DESCONTO TEMPORÁRIO NO IPTU PARA IMÓVEIS DIRETAMENTE IMPACTADOS POR OBRAS PÚBLICAS E PRIVADAS NO MUNICÍPIO DE SÃO PAULO E DÁ OUTRAS PROVIDÊNCIAS.
780130,PDL 134/2025,PDL,134,2025,"DISPÕE SOBRE A OUTORGA DE TÍTULO DE CIDADÃO PAULISTANO PARA EXMO. SR. MINISTRO FLÁVIO DINO, E DÁ OUTRAS PROVIDÊNCIAS."
780218,PL 1491/2025,PL,1491,2025,"DISPÕE SOBRE A SUSPENSÃO DE SALÁRIOS, ADICIONAIS E GRATIFICAÇÕES DE GUARDAS CIVIS METROPOLITANOS CONDENADOS POR CRIMES DE VIOLÊNCIA CONTRA MULHERES PRATICADOS DENTRO OU FORA DO SERVIÇO APÓS CONDENAÇÃO DEFINITIVA."
780220,PL 1492/2025,PL,1492,2025,"DISPÕE SOBRE A SUSPENSÃO DE SALÁRIOS, ADICIONAIS E GRATIFICAÇÕES DE SERVIDORES PÚBLICOS MUNICIPAIS CONDENADOS POR CRIMES DE VIOLÊNCIA CONTRA MULHERES PRATICADOS DENTRO OU FORA DO EXERCÍCIO DE SUAS FUNÇÕES, APÓS CONDENAÇÃO DEFINITIVA."
780266,PLO 7/2025,PLO,7,2025,ACRESCENTA ALÍNEA “G” AO INCISO II DO ARTIGO 17 DA LEI ORGÂNICA DO MUNICÍPIO DE SÃO PAULO E DÁ OUTRAS PROVIDÊNCIAS. [ACRESCE DISPOSITIVO À L.O.M. A FIM DE DETERMINAR O AFASTAMENTO DE VEREADOR QUE RESPONDA POR VIOLÊNCIA CONTRA IDOSO]
780268,PLO 8/2025,PLO,8,2025,ACRESCENTA ALÍNEA “F” AO INCISO II DO ARTIGO 17 DA LEI ORGÂNICA DO MUNICÍPIO DE SÃO PAULO E DÁ OUTRAS PROVIDÊNCIAS. [ACRESCE DISPOSITIVO À L.O.M. A FIM DE DETERMINAR O AFASTAMENTO DE VEREADOR QUE RESPONDA POR VIOLÊNCIA CONTRA CRIANÇA]
780269,PLO 9/2025,PLO,9,2025,ACRESCENTA ALÍNEA “E” AO INCISO II DO ARTIGO 17 DA LEI ORGÂNICA DO MUNICÍPIO DE SÃO PAULO E DÁ OUTRAS PROVIDÊNCIAS. [ACRESCE DISPOSITIVO À L.O.M. A FIM DE DETERMINAR O AFASTAMENTO DE VEREADOR QUE RESPONDA POR VIOLÊNCIA CONTRA MULHER]
780281,PL 1493/2025,PL,1493,2025,INSTITUI A POLÍTICA MUNICIPAL DE SAÚDE MENTAL E ATENÇÃO PSICOSSOCIAL PARA O ENFRENTAMENTO DA ECOANSIEDADE E DÁ OUTRAS PROVIDÊNCIAS.
780472,PLO 10/2025,PLO,10,2025,ACRESCENTA O § 6º AO ART. 200 DA LEI ORGÂNICA DO MUNICÍPIO DE SÃO PAULO A VEDAÇÃO DA PRÁTICA DE EDUCAÇÃO DOMICILIAR NO ÂMBITO DO SISTEMA MUNICIPAL DE ENSINO DE SÃO PAULO E DÁ OUTRAS PROVIDÊNCIAS.
780549,PL 1494/2025,PL,1494,2025,ACRESCENTA O NOME ANTONIO AUGUSTO AMARAL DE CARVALHO AO VIADUTO DOS IMIGRANTES (PRÓXIMO AO PARQUE DO IBIRAPUERA) E DÁ OUTRAS PROVIDÊNCIAS.
780569,PL 1495/2025,PL,1495,2025,"ALTERA O ART. 7º DA LEI MUNICIPAL Nº. 12.523, DE 28 DE NOVEMBRO DE 1997, COM A FINALIDADE DE FIXAR O FRACIONAMENTO DA COBRANÇA EM PERÍODOS DE 15 (QUINZE) MINUTOS PARA O USO DAS VAGAS NOS ESTACIONAMENTOS ROTATIVOS EM VIAS E LOGRADOUROS PÚBLICOS DO MUNICÍPIO DE SÃO PAULO, GARANTINDO AO USUÁRIO O PAGAMENTO PROPORCIONAL AO TEMPO DE UTILIZAÇÃO DA VAGA."
780609,PL 1496/2025,PL,1496,2025,INSTITUI O PROGRAMA “CUIDA MAIS” – PROGRAMA DE CAPACITAÇÃO CONTINUADA PARA PROFISSIONAIS DA REDE MUNICIPAL DE SAÚDE NO ATENDIMENTO A PESSOAS COM DEFICIÊNCIA E IDOSOS.
780633,PL 1497/2025,PL,1497,2025,"AUTORIZA O PODER EXECUTIVO A INSTITUIR O SAMU-PET – SERVIÇO DE ATENDIMENTO MÓVEL DE URGÊNCIA VETERINÁRIA NO MUNICÍPIO DE SÃO PAULO, E DÁ OUTRAS PROVIDÊNCIAS."
780634,PL 1498/2025,PL,1498,2025,"ALTERA A LEI Nº. 14.485, DE 19 DE JULHO DE 2007, COM A FINALIDADE DE INCLUIR NO CALENDÁRIO OFICIAL DE EVENTOS DA CIDADE DE SÃO PAULO A FESTA DO RANCHO FOLCLÓRICO PEDRO HOMEM DE MELLO, E DÁ OUTRAS PROVIDÊNCIAS."
780635,PL 1499/2025,PL,1499,2025,"DISPÕE SOBRE A OBRIGATORIEDADE DE MANUTENÇÃO DE PREÇOS ACESSÍVEIS NA COMERCIALIZAÇÃO DE ALIMENTOS E BEBIDAS EM EVENTOS REALIZADOS EM ESPAÇOS PÚBLICOS CEDIDOS PELA MUNICIPALIDADE, E DÁ OUTRAS PROVIDÊNCIAS."
780682,PL 1500/2025,PL,1500,2025,"DISPÕE SOBRE PARTE DOS RECURSOS ARRECADADOS COM TAXAS PARA AUTORIZAÇÃO/REALIZAÇÃO DE EVENTOS DE GRANDE PORTE NO MUNICÍPIO DE SÃO PAULO A SEREM DESTINADOS ÀS SUBPREFEITURAS DA RESPECTIVA REGIÃO QUE FOREM SEDES PARA INVESTIMENTOS EM SERVIÇOS, ZELADORIAS E OBRAS DO BAIRRO, E DÁ OUTRAS PROVIDÊNCIAS."
780823,PL 1501/2025,PL,1501,2025,"CRIA O MAPA MUNICIPAL DE MOBILIDADE ATIVA, COM APLICATIVO QUE PRIORIZA ROTAS SEGURAS E ACESSÍVEIS PARA PEDESTRES, CICLISTAS E USUÁRIOS DE TRANSPORTE PÚBLICO."
780934,PL 1502/2025,PL,1502,2025,"INSTITUI E INCLUI NO CALENDÁRIO OFICIAL DE EVENTOS DO MUNICÍPIO A ""CELEBRAÇÃO DO ANO NOVO CHINÊS""."
781017,PL 1503/2025,PL,1503,2025,DISPÕE SOBRE A IMPLEMENTAÇÃO DA TERAPIA DO RISO E AÇÕES DE HUMANIZAÇÃO NO ÂMBITO DO SERVIÇO PÚBLICO DE SAÚDE DO MUNICÍPIO DE SÃO PAULO.
781020,PL 1504/2025,PL,1504,2025,"ALTERA A REDAÇÃO DO ART. 3º DA LEI Nº 10.793, DE 21 DE DEZEMBRO DE 1989, PARA DISPOR SOBRE REGRAS PARA CONTRATAÇÃO POR TEMPO DETERMINADO NO ÂMBITO DA ADMINISTRAÇÃO PÚBLICA MUNICIPAL."
781043,PL 1505/2025,PL,1505,2025,"CRIA O POLO GASTRONÔMICO DA AVENIDA MARIA LUIZA AMERICANO, LOCALIZADO NO DISTRITO DE ITAQUERA, NO MUNICÍPIO DE SÃO PAULO, E DÁ OUTRAS PROVIDÊNCIAS."
781048,PL 1506/2025,PL,1506,2025,"DISPÕE SOBRE A INCLUSÃO DO ATENDIMENTO ONCOLÓGICO NAS CONSULTAS E TRIAGENS REALIZADAS NAS UNIDADES DE SAÚDE (AMAS, UBSS E DEMAIS EQUIPAMENTOS DA REDE MUNICIPAL DE SAÚDE) NA CIDADE DE SÃO PAULO, E DÁ OUTRAS PROVIDÊNCIAS."
781055,PL 1508/2025,PL,1508,2025,"DISCIPLINA A LICITAÇÃO SUSTENTÁVEL PARA A AQUISIÇÃO DE BENS, CONTRATAÇÃO DE SERVIÇOS OU OBRAS PELA ADMINISTRAÇÃO PÚBLICA MUNICIPAL DIRETA, AUTÁRQUICA E FUNDACIONAL, REVOGA LEI Nº 17.260/2020 E DÁ OUTRAS PROVIDÊNCIAS."
781134,PL 1509/2025,PL,1509,2025,DISPÕE SOBRE A CONCESSÃO DE GRATUIDADE NO TRANSPORTE PÚBLICO COLETIVO URBANO DO MUNICÍPIO AOS PROFISSIONAIS FISIOTERAPEUTAS E TERAPEUTAS OCUPACIONAIS
781135,PL 1510/2025,PL,1510,2025,"AUTORIZA, REGULAMENTA E ESTABELECE DIRETRIZES PARA A REALIZAÇÃO DE HEMODIÁLISE EM HOSPITAIS DE TRANSIÇÃO NO ÂMBITO DO MUNICÍPIO DE SÃO PAULO, E DÁ OUTRAS PROVIDÊNCIAS."
781207,PL 1511/2025,PL,1511,2025,"DENOMINAR COMO “TRAVESSA HELIO GOMES” A VIA COMPREENDIDA ENTRE A RUA JOSÉ RAMOS DA SILVA, ALTURA DO Nº 99 – JD. LÍBANO, SÃO PAULO - SP E A AVENIDA MUTINGA, ALTURA DO Nº 950, JD. LÍBANO, SÃO PAULO – SP E DÁ OUTRAS PROVIDÊNCIAS."
781210,PDL 137/2025,PDL,137,2025,"SUSTA AS INSTRUÇÕES NORMATIVAS SME Nº 51 E 52, DE 08 DE DEZEMBRO DE 2025, QUE DISPÕEM SOBRE O PROCESSO INICIAL DE ATRIBUIÇÃO DE CLASSES, BLOCOS, AULAS, AGRUPAMENTOS, VAGAS EM MÓDULO SEM REGÊNCIA E TURNOS DE TRABALHO AOS PROFESSORES DE EDUCAÇÃO INFANTIL, PROFESSORES DE ENSINO FUNDAMENTAL I – PEIF, PROFESSORES DE ENSINO FUNDAMENTAL II E MÉDIO E AOS AUXILIARES DE DESENVOLVIMENTO INFANTIL – ADIS DA REDE MUNICIPAL DE ENSINO – RME."
781309,PR 99/2025,PR,99,2025,"DISPÕE SOBRE A DISCUSSÃO E VOTAÇÃO DE PROPOSITURAS EM ÚNICO TURNO, ALTERANDO DISPOSITIVOS DA RESOLUÇÃO Nº 2, DE 26 DE ABRIL DE 1991, E DÁ OUTRAS PROVIDÊNCIAS."
781311,PLO 11/2025,PLO,11,2025,"DISPÕE SOBRE A DISCUSSÃO E VOTAÇÃO DE PROPOSITURAS EM ÚNICO TURNO, ALTERANDO DISPOSITIVOS DA LEI ORGÂNICA DO MUNICÍPIO DE SÃO PAULO."
781313,PR 100/2025,PR,100,2025,"ACRESCENTA DISPOSITIVOS NA SEÇÃO X DO CAPÍTULO II, TÍTULO III, DO REGIMENTO INTERNO DA CÂMARA MUNICIPAL DE SÃO PAULO, QUE TRATA DAS AUDIÊNCIAS PÚBLICAS REALIZADAS NO ÂMBITO DAS COMISSÕES PERMANENTES."
781328,PDL 138/2025,PDL,138,2025,CONCEDE A HONRARIA TÍTULO DE CIDADÃO PAULISTANO AO SR. ANDRÉ LUIS DO PRADO.
781331,PL 1512/2025,PL,1512,2025,"ALTERA A LEI Nº 14.485, DE 19 DE JULHO DE 2007, PARA INCLUIR A “SEMANA MUNICIPAL DA CANTATA DE NATAL”, NO CALENDÁRIO DE EVENTOS DO MUNICÍPIO DE SÃO PAULO, E DÁ OUTRAS PROVIDÊNCIAS."
781332,PL 1513/2025,PL,1513,2025,"DISPÕE SOBRE A DENOMINAÇÃO DA PRAÇA FRANCISCO UMBERTO PROCÓPIO NO JARDIM IDEAL, SUBPREFEITURA DE PARELHEIROS, E REVOGA A LEI Nº 18.266, DE 2 DE JUNHO DE 2025."
781398,PL 1515/2025,PL,1515,2025,"AUTORIZA A INCLUSÃO DE HOSPITAIS DE TRANSIÇÃO EM PROJETOS DE PARCERIA PÚBLICO-PRIVADA (PPP) NO ÂMBITO DO MUNICÍPIO DE SÃO PAULO, E DÁ OUTRAS PROVIDÊNCIAS."
781410,PL 1516/2025,PL,1516,2025,"ALTERA A LEI Nº. 14.485, DE 19 DE JULHO DE 2007, COM A FINALIDADE DE INCLUIR NO CALENDÁRIO OFICIAL DE EVENTOS DA CIDADE DE SÃO PAULO A ""SEMANA LITERÁRIA MACHADO DE ASSIS"" A SER REALIZADA ANUALMENTE NA SEMANA QUE ANTECEDE O DIA 21 DE JUNHO, E DÁ OUTRAS PROVIDÊNCIAS."
781458,PL 1517/2025,PL,1517,2025,DISPÕE SOBRE A CONCESSÃO DE DESCONTOS EM IMPOSTOS MUNICIPAIS A ESTABELECIMENTOS DE ENSINO DE IDIOMAS DA CIDADE DE SÃO PAULO.
781532,PL 1518/2025,PL,1518,2025,"ALTERA O INCISO I DO § 2º DO ART. 12 DA LEI MUNICIPAL Nº 16.239, DE 19 DE JULHO DE 2015, PARA ESTABELECER NOVO LIMITE DE IDADE PARA INGRESSO NA GUARDA CIVIL METROPOLITANA – GCM."
781561,PL 1520/2025,PL,1520,2025,DISPÕE SOBRE A RESERVA DE VAGAS DE ESTACIONAMENTO PARA GESTANTES E PESSOAS COM CRIANÇA DE COLO NO MUNICÍPIO DE SÃO PAULO E DÁ OUTRAS PROVIDÊNCIAS.
781571,PL 1521/2025,PL,1521,2025,"INSTITUI O SERVIÇO DE ATENDIMENTO VETERINÁRIO DE URGÊNCIA – SAVU-PET, DESTINADO AO RESGATE E SOCORRO DE ANIMAIS EM SITUAÇÃO DE EMERGÊNCIA E VULNERABILIDADE NO MUNICÍPIO DE SÃO PAULO, E DÁ OUTRAS PROVIDÊNCIAS."
781615,PL 1522/2025,PL,1522,2025,DISPÕE SOBRE A OBRIGATORIEDADE DE TRANSPARÊNCIA ATIVA DE INDICADORES DE CONTINUIDADE DO SERVIÇO DE DISTRIBUIÇÃO DE ENERGIA ELÉTRICA NO MUNICÍPIO DE SÃO PAULO.
781648,PL 1523/2025,PL,1523,2025,"DISPÕE SOBRE O RECONHECIMENTO DO SPRAY DE EXTRATOS VEGETAIS COMO INSTRUMENTO DE LEGÍTIMA DEFESA PESSOAL DE MULHERES NO ÂMBITO DO MUNICÍPIO DE SÃO PAULO, E DÁ OUTRAS PROVIDÊNCIAS."
781668,PL 1524/2025,PL,1524,2025,"DISPÕE SOBRE A CONCESSÃO DE DESCONTOS EM IMPOSTOS MUNICIPAIS A ESTABELECIMENTOS DE ENSINO QUE OFEREÇAM CURSOS PREPARATÓRIOS PARA INGRESSO NA POLÍCIA MILITAR, GUARDA CIVIL METROPOLITANA E FORÇAS ARMADAS, E DÁ OUTRAS PROVIDÊNCIAS."
781669,PL 1525/2025,PL,1525,2025,"DENOMINA COMO “PRAÇA NOEMIA VIEIRA FERRAZ” O ESPAÇO PÚBLICO INOMINADO LOCALIZADO NA BIFURCAÇÃO DA RUA ERIBERTO BARROS CAJAZEIRAS COM A RUA DR. EPAMINONDAS BARRAS, NO BAIRRO VILA DO CASTELO, ALTURA DO Nº 305, SÃO PAULO – SP, E DÁ OUTRAS PROVIDÊNCIAS."
781741,PL 1526/2025,PL,1526,2025,"DISPÕE A RESPEITO DA VALIDAÇÃO DAS HORAS DE ATIVIDADES PRÁTICAS OFERECIDAS POR ESTUDANTES DE EDUCAÇÃO FÍSICA NAS ACADEMIAS DA TERCEIRA IDADE (ATIS) COMO HORAS COMPLEMENTARES OU DE ESTÁGIO SUPERVISIONADO, E DÁ OUTRAS PROVIDÊNCIAS."
781779,PL 1527/2025,PL,1527,2025,"INSTITUI MECANISMO DE CONTROLE DE PATRIMÔNIO PÚBLICO NO MUNICÍPIO DE SÃO PAULO, DISPONDO SOBRE PROVISÕES DE ENCARGOS TRABALHISTAS A SEREM PAGOS ÀS EMPRESAS CONTRATADAS PARA PRESTAR SERVIÇOS DE FORMA CONTÍNUA NO ÂMBITO DOS PODERES PÚBLICOS."
781825,PL 1528/2025,PL,1528,2025,DISPÕE SOBRE A APOSENTADORIA DE CÃES AGENTES EM ATIVIDADES DE SEGURANÇA PÚBLICA NA GUARDA CIVIL METROPOLITANA E ESTABELECE BENEFÍCIO PARA SEUS ADOTANTES NO ÂMBITO DO MUNICÍPIO DE SÃO PAULO.
781858,PL 1529/2025,PL,1529,2025,INSTITUI DIRETRIZES PARA A FORMULAÇÃO E A IMPLEMENTAÇÃO DE PROTOCOLO DE ATENÇÃO INTEGRAL A PESSOAS EM SITUAÇÃO DE RISCO E DESASTRES DECORRENTES DA EMERGÊNCIA CLIMÁTICA.
781920,PL 1531/2025,PL,1531,2025,"DENOMINA ""PRAÇA JOÃO GOMES FONSECA"" O LOGRADOURO PÚBLICO INOMINADO, LOCALIZADO NO DISTRITO DA PENHA, E DÁ OUTRAS PROVIDÊNCIAS."
781930,PL 1532/2025,PL,1532,2025,"ALTERA A LEI Nº 14.485, DE 19 DE JULHO DE 2007, PARA INCLUIR O “DIA MUNICIPAL DE CONSCIENTIZAÇÃO SOBRE A SÍNDROME DO NARIZ VAZIO”, NO CALENDÁRIO DE EVENTOS DO MUNICÍPIO DE SÃO PAULO, E DÁ OUTRAS PROVIDÊNCIAS."
781942,PL 1534/2025,PL,1534,2025,INSTITUI O SELO “FEIRA AMIGA DO BAIRRO” NO MUNICÍPIO DE SÃO PAULO E DÁ OUTRAS PROVIDÊNCIAS.
781984,PL 1535/2025,PL,1535,2025,"ALTERA A LEI Nº 14.223, DE 26 DE SETEMBRO DE 2006 (LEI CIDADE LIMPA), PARA PERMITIR A UTILIZAÇÃO DE ATÉ 30% DA ÁREA DAS FACHADAS DE TEATROS DE RUA NÃO TOMBADOS PARA A DIVULGAÇÃO DE PEÇAS, SHOWS E ESPETÁCULOS CULTURAIS."
781985,PL 1536/2025,PL,1536,2025,DENOMINA O CENTRO CULTURAL TENDAL DA LAPA COMO “CENTRO CULTURAL TENDAL DA LAPA PAULO FRATESCHI.
781986,PL 1537/2025,PL,1537,2025,"INSTITUI A POLÍTICA MUNICIPAL DE INCENTIVO AO USO E DESENVOLVIMENTO DA ENERGIA SOLAR - PMIDES-SP NO MUNICÍPIO DE SÃO PAULO, ESTABELECE DIRETRIZES PARA A PROMOÇÃO DA ENERGIA SOLAR FOTOVOLTAICA E DÁ OUTRAS PROVIDÊNCIAS."
781988,PL 1538/2025,PL,1538,2025,"INSTITUI O PROGRAMA “TELHADO VIVO PAULISTANO”, QUE CRIA A REDE MUNICIPAL DE COBERTURAS VERDES COMUNITÁRIAS, E DÁ OUTRAS PROVIDÊNCIAS."
781989,PL 1539/2025,PL,1539,2025,DISPÕE SOBRE A CRIAÇÃO DO POSTO AVANÇADO DE SERVIÇOS PÚBLICOS MUNICIPAIS NO DISTRITO DE MARSILAC E DÁ OUTRAS PROVIDÊNCIAS.
782025,PL 1540/2025,PL,1540,2025,"DISPÕE SOBRE O ESTABELECIMENTO DE PARCERIA PÚBLICO-PRIVADA COM INSTITUIÇÕES ESPECIALIZADAS EM ALFABETIZAÇÃO DE PESSOAS COM TRANSTORNO DO ESPECTRO AUTISTA (TEA), PARA OFERTA DE ATIVIDADES EDUCACIONAIS DE EXTENSÃO E REFORÇO ESCOLAR, E DÁ OUTRAS PROVIDÊNCIAS."
782026,PL 1541/2025,PL,1541,2025,"DISPÕE SOBRE A INSTITUIÇÃO DO PROGRAMA MUNICIPAL DE TRIAGEM E ACOMPANHAMENTO AUDITIVO INFANTIL (PMTAAI) NAS CRECHES PÚBLICAS E CONVENIADAS DO MUNICÍPIO DE SÃO PAULO, E DÁ OUTRAS PROVIDÊNCIAS."
782027,PL 1542/2025,PL,1542,2025,"INSTITUI, NO ÂMBITO DO MUNICÍPIO DE SÃO PAULO, A CAMPANHA PERMANENTE DE ORIENTAÇÃO, PREVENÇÃO, CONSCIENTIZAÇÃO E CUIDADOS RELACIONADOS À SÍNDROME DO CUIDADOR, E DÁ OUTRAS PROVIDÊNCIAS"
782029,PL 1543/2025,PL,1543,2025,"DISPÕE SOBRE A IMPLANTAÇÃO DE UNIDADES MÓVEIS DE VACINAÇÃO NAS PROXIMIDADES DOS CENTROS EDUCACIONAIS UNIFICADOS – CEUS, NO MUNICÍPIO DE SÃO PAULO, E DÁ OUTRAS PROVIDÊNCIAS."
782170,PL 1544/2025,PL,1544,2025,"DECLARA COMO PATRIMÔNIO CULTURAL E IMATERIAL DO MUNICÍPIO DE SÃO PAULO A FESTA DO RANCHO FOLCLÓRICO PEDRO HOMEM DE MELLO, E DÁ OUTRAS PROVIDÊNCIAS."
782172,PL 1545/2025,PL,1545,2025,"ALTERA A LEI Nº. 14.485, DE 19 DE JULHO DE 2007, COM A FINALIDADE DE INCLUIR NO CALENDÁRIO OFICIAL DE EVENTOS DA CIDADE DE SÃO PAULO O DIA DE PROTEÇÃO E CONSCIENTIZAÇÃO AO CICLISTA, EM 10 DE MARÇO, E DÁ OUTRAS PROVIDÊNCIAS."
782197,PL 1547/2025,PL,1547,2025,"DISPÕE SOBRE A PROIBIÇÃO DA NOMEAÇÃO PARA CARGOS COMISSIONADOS OU CONTRATAÇÃO POR TEMPO DETERMINADO DE PESSOA CONDENADA POR CRIME SEXUAL CONTRA CRIANÇAS, ADOLESCENTES E OUTROS VULNERÁVEIS NO MUNICÍPIO DE SÃO PAULO, E DÁ OUTRAS PROVIDÊNCIAS."
782198,PL 1548/2025,PL,1548,2025,"DISPÕE SOBRE A INSTITUIÇÃO, NO ÂMBITO DO MUNICÍPIO DE SÃO PAULO, DO PROGRAMA MUNICIPAL DE INCENTIVO À PERMANÊNCIA DOS ESTUDANTES NA EDUCAÇÃO DE JOVENS E ADULTOS EJA DA CIDADE DE SÃO PAULO E DÁ OUTRAS PROVIDÊNCIAS."
782211,PL 1549/2025,PL,1549,2025,"INSTITUI O PROGRAMA DE BUSCA ATIVA DA EDUCAÇÃO DE JOVENS E ADULTOS - EJA, ESTABELECE RESPONSABILIDADES INTERSETORIAIS ENTRE SECRETARIAS MUNICIPAIS, CRIA MECANISMOS OFICIAIS DE DIVULGAÇÃO E MOBILIZAÇÃO E DÁ OUTRAS PROVIDÊNCIAS."
782291,PDL 140/2025,PDL,140,2025,DISPÕE SOBRE A OUTORGA DE TÍTULO DE CIDADÃO PAULISTANO AO SENHOR JORGE ANTÔNIO DE OLIVEIRA FRANCISCO.
782570,PR 101/2025,PR,101,2025,"INSTITUI O PRÊMIO ""JURISTA PROF. DR. RUI BARBOSA – ÁGUIA DE HAIA"" NA CÂMARA MUNICIPAL DE SÃO PAULO."
782676,PDL 141/2025,PDL,141,2025,DISPÕE SOBRE A MEDALHA ANCHIETA À RENATA SPALLICCI E DÁ OUTRAS PROVIDÊNCIAS.
782789,PL 1550/2025,PL,1550,2025,"DENOMINA PRAÇA GONÇALO AUGUSTO OTONI O LOGRADOURO INOMINADO SITUADO NA CONFLUÊNCIA DAS RUAS DOMICIANO LEITE RIBEIRO, OCARINA E INAJATUBA, NO DISTRITO DO JABAQUARA, SUBPREFEITURA DO JABAQUARA, E DÁ OUTRAS PROVIDÊNCIAS."
782797,PL 1551/2025,PL,1551,2025,CRIA O PROGRAMA MUNICIPAL DE SAÚDE EMOCIONAL DAS JOVENS NO ÂMBITO DO MUNICÍPIO DE SÃO PAULO.
782798,PL 1552/2025,PL,1552,2025,"CRIA O PROGRAMA MUNICIPAL DE ACOMPANHAMENTO PÓS-ALTA DE MULHERES VÍTIMAS DE VIOLÊNCIA, DENOMINADO PROGRAMA RECOMEÇAR COM DIGNIDADE, NO ÂMBITO DO MUNICÍPIO DE SÃO PAULO, E DÁ OUTRAS PROVIDÊNCIAS."
782799,PL 1553/2025,PL,1553,2025,"CRIA O BANCO MUNICIPAL DE OPORTUNIDADES PARA JOVENS EM SITUAÇÃO DE VULNERABILIDADE SOCIAL, DENOMINADO PROGRAMA OPORTUNIDADE REAL, NO ÂMBITO DO MUNICÍPIO DE SÃO PAULO, E DÁ OUTRAS PROVIDÊNCIAS."
782802,PL 1554/2025,PL,1554,2025,"CRIA O SISTEMA DE IDENTIFICAÇÃO VOLUNTÁRIA DE ESTABELECIMENTOS COMERCIAIS PARCEIROS DO ACOLHIMENTO A MULHERES EM SITUAÇÃO DE RISCO, NO ÂMBITO DO MUNICÍPIO DE SÃO PAULO, E DÁ OUTRAS PROVIDÊNCIAS."
782803,PL 1555/2025,PL,1555,2025,"INSTITUI O MAPEAMENTO DE ROTAS URBANAS COM MAIOR PERCEPÇÃO DE SEGURANÇA PARA MULHERES EM DESLOCAMENTO NOTURNO, DENOMINADO “PROGRAMA ROTA SEGURA DA MULHER”, NO ÂMBITO DO MUNICÍPIO DE SÃO PAULO, E DÁ OUTRAS PROVIDÊNCIAS."
782898,PDL 142/2025,PDL,142,2025,OUTORGA O TÍTULO DE CIDADÃ PAULISTANA À DRA. IVALDA DE OLIVEIRA ALEIXO.
782899,PL 1556/2025,PL,1556,2025,"ALTERA A LEI Nº 14.485 DE 19 DE JULHO DE 2007, PARA INCLUIR NO CALENDÁRIO DE EVENTOS DA CIDADE DE SÃO PAULO O DIA DO INVESTIDOR CULTURAL TRADICIONAL, NO DIA 15 DE MAIO (15/05), E DÁ OUTRAS PROVIDENCIAS."
782900,PL 1557/2025,PL,1557,2025,"INSTITUI O PROTOCOLO MUNICIPAL DE SOLICITAÇÃO DE AJUDA EM PONTOS DE ÔNIBUS, POR MEIO DE BOTÃO FÍSICO OU CÓDIGO DIGITAL DE EMERGÊNCIA, DENOMINADO “PROGRAMA PONTO SEGURO – CHAMADA SILENCIOSA”, NO ÂMBITO DO MUNICÍPIO DE SÃO PAULO, E DÁ OUTRAS PROVIDÊNCIAS."
782901,PL 1558/2025,PL,1558,2025,"CRIA O PROGRAMA MUNICIPAL DE PREVENÇÃO AO ABUSO DE DROGAS NAS ESCOLAS, DENOMINADO PROGRAMA JUVENTUDE LIVRE, NO ÂMBITO DO MUNICÍPIO DE SÃO PAULO, E DÁ OUTRAS PROVIDÊNCIAS."
783021,PR 102/2025,PR,102,2025,"INSTITUI O PRÊMIO “ALMIR GUINETO”, QUE HOMENAGEIA PERSONALIDADES, GRUPOS E ENTIDADES QUE SE DESTACARAM NA PROMOÇÃO, PRESERVAÇÃO E VALORIZAÇÃO DO SAMBA NO MUNICÍPIO DE SÃO PAULO, E DÁ OUTRAS PROVIDÊNCIAS."
783094,PL 1559/2025,PL,1559,2025,"DISPÕE SOBRE A OBRIGATORIEDADE DA INSTALAÇÃO DE SISTEMAS DE GERAÇÃO DE ENERGIA ELÉTRICA POR FONTE SOLAR FOTOVOLTAICA EM EMPREENDIMENTOS DE HABITAÇÃO DE INTERESSE SOCIAL (HIS) E HABITAÇÃO DO MERCADO POPULAR (HMP), PROMOVIDOS OU SUBVENCIONADOS PELO MUNICÍPIO DE SÃO PAULO, PARA ATENDIMENTO DA DEMANDA DE ÁREAS COMUNS, AQUECIMENTO DE ÁGUA E DEMAIS USOS DA ENERGIA ELÉTRICA."
783160,PL 1560/2025,PL,1560,2025,DISPÕE SOBRE A ESCOLTA DE AUTORIDADES E EX-AUTORIDADES NO MUNICÍPIO DE SÃO PAULO.
783171,PL 1561/2025,PL,1561,2025,"ESTABELECE DIRETRIZES E PRINCÍPIOS FUNDAMENTAIS PARA A ESTRUTURAÇÃO E CÁLCULO DA REMUNERAÇÃO DOS PRESTADORES DO SERVIÇO DE TRANSPORTE ACESSÍVEL POR CREDENCIAMENTO (SERVIÇO ATENDE+) VISANDO A EQUIPARAÇÃO COM O MODELO DE CUSTEIO POR DISPONIBILIDADE ADOTADO NO SERVIÇO DE ATENDIMENTO ESPECIAL (SERVIÇO ATENDE), PARA GARANTIR O PLENO EQUILÍBRIO ECONÔMICO-FINANCEIRO DOS CONTRATOS E A SUSTENTABILIDADE SOCIAL E OPERACIONAL DOS SERVIÇOS ESPECIALIZADOS DE MOBILIDADE NA CIDADE DE SÃO PAULO."
783387,PL 1563/2025,PL,1563,2025,"AUTORIZA O PODER EXECUTIVO, LEGISLATIVO,  TRIBUNAL DE CONTAS DO MUNICÍPIO DE SÃO PAULO E DEMAIS ENTES DA ADMINISTRAÇÃO PÚBLICA INDIRETA A REALIZAR OS PAGAMENTOS RETROATIVOS DE QUINQUÊNIO, SEXTA PARTE, PROGRESSÃO FUNCIONAL, PROMOÇÃO E DEMAIS MECANISMOS DE DESENVOLVIMENTO NAS CARREIRAS DOS QUADROS DE PROFISSIONAL."
783460,PL 1564/2025,PL,1564,2025,INSTITUI INFRAÇÃO ADMINISTRATIVA POR USO DE SUBSTÂNCIAS ILÍCITAS EM ESPAÇO PÚBLICO NO ÂMBITO DO MUNICÍPIO DE SÃO PAULO.
783462,PL 1565/2025,PL,1565,2025,"DENOMINA COMO RUA STEPHEN CHARLES KANITZ, O LOGRADOURO PÚBLICO INOMINADO (CODLOG 278190) LOCALIZADA NAS IMEDIAÇÕES DA RUA GALATEA, Nº. 1200 E AVENIDA ZAKI NARCHI, Nº. 1208 NO DISTRITO DE VILA GUILHERME, NA SUBPREFEITURA DA VILA MARIA/VILA GUILHERME."
783611,PR 1/2026,PR,1,2026,"INSTITUI, NO ÂMBITO DA CÂMARA MUNICIPAL DE SÃO PAULO, O PRÊMIO DESTAQUE PARADESPORTO PAULISTANO, DESTINADO A RECONHECER ATLETAS, PROFISSIONAIS, ENTIDADES, PROJETOS E PERSONALIDADES QUE SE DESTACAM NO DESENVOLVIMENTO, PROMOÇÃO E FORTALECIMENTO DO PARADESPORTO NO MUNICÍPIO DE SÃO PAULO, E DÁ OUTRAS PROVIDÊNCIAS"
783639,PL 1/2026,PL,1,2026,"INSTITUI A GRATUIDADE NO SISTEMA DE TRANSPORTE PÚBLICO MUNICIPAL PARA MÃES, PAIS OU RESPONSÁVEIS LEGAIS QUE COMPROVEM EXERCER CUIDADOS DIRETOS E PERMANENTES A PESSOAS COM DEFICIÊNCIA (PCD) OU COM TRANSTORNOS DO NEURODESENVOLVIMENTO, INCLUSIVE O TRANSTORNO DO ESPECTRO AUTISTA (TEA), E DÁ OUTRAS PROVIDÊNCIAS."
783640,PL 2/2026,PL,2,2026,"DISPÕE SOBRE A OFERTA DE ALIMENTAÇÃO DIFERENCIADA A CRIANÇAS E ADOLESCENTES COM INTOLERÂNCIA À LACTOSE, RESTRIÇÕES ALIMENTARES E CONDIÇÕES ATÍPICAS NO ÂMBITO DA REDE PÚBLICA MUNICIPAL DE ENSINO E DÁ OUTRAS PROVIDÊNCIAS."
783641,PL 3/2026,PL,3,2026,"DISPÕE SOBRE A UTILIZAÇÃO DE PRODUTOS ORIUNDOS DA AGRICULTURA FAMILIAR NA ALIMENTAÇÃO ESCOLAR DA REDE PÚBLICA MUNICIPAL DE ENSINO, E DÁ OUTRAS PROVIDÊNCIAS."
783653,PL 4/2026,PL,4,2026,"ALTERA A LEI Nº 16.816, DE 2 DE FEVEREIRO DE 2018 PARA DISPOR SOBRE O USO DO PROGRAMA SMART SAMPA COMO INSTRUMENTO DE APOIO À INVESTIGAÇÃO DE PRÁTICAS IRREGULARES RELACIONADAS À ATUAÇÃO DE GUARDADORES DE CARROS (“FLANELINHAS”) NO MUNICÍPIO DE SÃO PAULO, E DÁ OUTRAS PROVIDÊNCIAS."
783805,PL 5/2026,PL,5,2026,"DISPÕE SOBRE A DISPONIBILIZAÇÃO DE SOROS ANTIOFÍDICO E ANTIESCORPIÔNICO NAS UNIDADES DE VIGILÂNCIA EM SAÚDE E/OU UNIDADES DE URGÊNCIA E EMERGÊNCIA DO MUNICÍPIO DE SÃO PAULO, E DÁ OUTRAS PROVIDÊNCIAS."
783859,PL 7/2026,PL,7,2026,"ALTERA A LEI Nº 14.485, DE 19 DE JULHO DE 2007, COM A FINALIDADE DE INCLUIR NO CALENDÁRIO OFICIAL DE EVENTOS DA CIDADE DE SÃO PAULO O ANIVERSÁRIO DO CONJUNTO HABITACIONAL BRIGADEIRO FARIA LIMA, E DÁ OUTRAS PROVIDÊNCIAS."
783862,PL 10/2026,PL,10,2026,"ALTERA A LEI Nº 14.485, DE 19 DE JULHO DE 2007, COM A FINALIDADE DE INCLUIR NO CALENDÁRIO OFICIAL DE EVENTOS DA CIDADE DE SÃO PAULO O ANIVERSÁRIO DO BAIRRO JARDIM MIRNA, E DÁ OUTRAS PROVIDÊNCIAS."
783866,PL 11/2026,PL,11,2026,"INSTITUI O PROGRAMA MUNICIPAL DE INTERCÂMBIO EDUCACIONAL COM CIDADES-IRMÃS, DESTINADO AO INCENTIVO E FORTALECIMENTO DO ENSINO DAS LÍNGUAS INGLESA E ESPANHOLA NA REDE MUNICIPAL DE ENSINO, E DÁ OUTRAS PROVIDÊNCIAS."
783903,PL 12/2026,PL,12,2026,"INSTITUI DIRETRIZES PARA O INCENTIVO À UTILIZAÇÃO DA MUSICOTERAPIA COMO TRATAMENTO TERAPÊUTICO COMPLEMENTAR NA REDE DE SAÚDE E DE ASSISTÊNCIA SOCIAL DO MUNICÍPIO DE SÃO PAULO, E DÁ OUTRAS PROVIDÊNCIAS."
783906,PL 13/2026,PL,13,2026,"DISPÕE SOBRE DESCONTO OU REMISSÃO DE  IMPOSTOS  PARA  OS  PARTICIPANTES  DO  PROGRAMA “ADOTE UMA ÁRVORE"""
783907,PL 14/2026,PL,14,2026,"ALTERA DISPOSITIVOS DA LEI Nº 13.477, DE 30 DE DEZEMBRO DE 2002, QUE DISPÕE SOBRE A TAXA DE FISCALIZAÇÃO DE ESTABELECIMENTOS – TFE."
783910,PL 15/2026,PL,15,2026,"AUTORIZA O RECONHECIMENTO E A CONTAGEM DO TEMPO DE SERVIÇO DOS SERVIDORES PÚBLICOS MUNICIPAIS DE SÃO PAULO, NOS TERMOS DA LEI COMPLEMENTAR Nº 226, DE 2026, E DÁ OUTRAS PROVIDÊNCIAS."
783911,PL 16/2026,PL,16,2026,"AUTORIZA O RECONHECIMENTO E A CONTAGEM DO TEMPO DE EFETIVO EXERCÍCIO DOS INTEGRANTES DO QUADRO DO MAGISTÉRIO PÚBLICO MUNICIPAL, NOS TERMOS DA LEI COMPLEMENTAR Nº 226, DE 2026, E EM CONFORMIDADE COM O ESTATUTO DO MAGISTÉRIO, E DÁ OUTRAS PROVIDÊNCIAS."
783924,PL 17/2026,PL,17,2026,"AUTORIZA O PAGAMENTO RETROATIVO DE VANTAGENS FUNCIONAIS DECORRENTES DA CONTAGEM DE TEMPO DE SERVIÇO ASSEGURADA PELA LEI COMPLEMENTAR FEDERAL Nº 226, DE 12 DE JANEIRO DE 2026, AOS SERVIDORES PÚBLICOS DO MUNICÍPIO DE SÃO PAULO."
783931,PL 18/2026,PL,18,2026,"DENOMINA PRAÇA ANTONIO DOS RAMOS, O LOGRADOURO PÚBLICO INOMINADO, LOCALIZADO NA ESQUINA ENTRE A RUA DR. HOMEM DE MELO E AV SUMARÉ, PERDIZES - SUBPREFEITURA DE PINHEIROS."
783959,PL 19/2026,PL,19,2026,"CRIA O PARQUE MUNICIPAL DO EMBUAÇU, NA SUBPREFEITURA DA VILA MARIANA, E DÁ OUTRAS PROVIDÊNCIAS."
783990,PL 20/2026,PL,20,2026,"INSTITUI O PROGRAMA DE AVALIAÇÃO VISUAL COMUNITÁRIA, DESTINADO À REALIZAÇÃO PERIÓDICA DE EXAMES BÁSICOS DE VISÃO GRATUITOS EM BIBLIOTECAS PÚBLICAS MUNICIPAIS, E DÁ OUTRAS PROVIDÊNCIAS."
784031,PL 23/2026,PL,23,2026,DISPÕE SOBRE A CONCESSÃO DE PASSE LIVRE NO TRANSPORTE COLETIVO MUNICIPAL ÀS MÃES E PAIS ATÍPICOS EM SITUAÇÃO DE BAIXA RENDA E DÁ OUTRAS PROVIDÊNCIAS.
784066,PL 24/2026,PL,24,2026,"ALTERA A LEI Nº 14.485, DE 19 DE JULHO DE 2007, PARA INCLUIR NO CALENDÁRIO DE EVENTOS DA CIDADE DE SÃO PAULO O ""DIA MUNICIPAL EM MEMÓRIA DAS VÍTIMAS DE TRÂNSITO"", E DÁ OUTRAS PROVIDÊNCIAS."
784069,PL 25/2026,PL,25,2026,"ALTERA A LEI NO 14.485, DE 19 DE JULHO DE 2007, PARA INCLUIR NO CALENDÁRIO OFICIAL DE EVENTOS DA CIDADE DE SÃO PAULO O DIA DE SANTA CECÍLIA - PADROEIRA DOS MÚSICOS, A SER COMEMORADO NO DIA 22 DE NOVEMBRO, E DÁ OUTRAS PROVIDÊNCIAS."
784135,PL 26/2026,PL,26,2026,"INSTITUI A POLÍTICA MUNICIPAL DE ATENÇÃO INTEGRAL À PESSOA COM DOENÇA FALCIFORME, E DÁ OUTRAS PROVIDÊNCIAS."
784137,PL 27/2026,PL,27,2026,"DENOMINA PRAÇA STEPHEN CHARLES KANITZ O ESPAÇO PÚBLICO QUE ESPECIFICA, LOCALIZADO NO DISTRITO DE ALTO DE PINHEIROS, SUBPREFEITURA PINHEIROS."
784153,PL 28/2026,PL,28,2026,"DENOMINA NATÁLIA HIPÓLITO A PRAÇA INOMINADA, LOCALIZADA NA CONFLUÊNCIA DAS RUAS ABREU LEMOS E CAREAÇU, NO BAIRRO JARDIM FRANÇA, E DÁ OUTRAS PROVIDÊNCIAS"
784160,PL 29/2026,PL,29,2026,DISPÕE SOBRE CRITÉRIOS PARA ALTERAÇÃO DE ZONEAMENTO URBANO VINCULADA À IMPLANTAÇÃO DE LINHAS DE METRÔ NO MUNICÍPIO DE SÃO PAULO.
784197,PL 31/2026,PL,31,2026,"REGULAMENTA, NO ÂMBITO DO MUNICÍPIO DE SÃO PAULO, O DISPOSTO NO ART. 59-A DO ESTATUTO DA CRIANÇA E DO ADOLESCENTE – ECA, INCLUÍDO PELA LEI FEDERAL Nº 14.811, DE 12 DE JANEIRO DE 2024, E ESTABELECE PROCEDIMENTOS INSTITUCIONAIS RELATIVOS À EXIGÊNCIA DE CERTIDÃO DE ANTECEDENTES CRIMINAIS."
784202,PR 2/2026,PR,2,2026,"DISPÕE SOBRE A SUBSTITUIÇÃO DE FRASE CONSTANTE DA HOMENAGEM AOS EX-PREFEITOS FRANCISCO PRESTES MAIA E JOSÉ VICENTE DE FARIA LIMA NO AUDITÓRIO FREITAS NOBRE, E DÁ OUTRAS PROVIDÊNCIAS."
784209,PL 32/2026,PL,32,2026,"INSTITUI A POLÍTICA MUNICIPAL DE ENFRENTAMENTO AO HIV/AIDS E ÀS ISTS EM FAVELAS E DEMAIS ÁREAS DE VULNERABILIDADE SOCIOECONÔMICA DO MUNICÍPIO DE SÃO PAULO, E DÁ OUTRAS PROVIDÊNCIAS."
784210,PDL 1/2026,PDL,1,2026,"SUSTA COMUNICADO SME  Nº 19, DE 26 DE JANEIRO DE 2026 [DETERMINA NOVAS DIRETRIZES AOS AOS DOCENTES EM READAPTAÇÃO E OPTANTES PELA JORNADA ESPECIAL INTEGRAL DE FORMAÇÃO/JEIF A PARTIR DE 01/02/2026]."
784211,PL 33/2026,PL,33,2026,"INSTITUI, NO ÂMBITO DO MUNICÍPIO DE SÃO PAULO, OS CENTROS DE ACOLHIDA PARA PESSOAS COM DEFICIÊNCIA E ENFERMOS EM SITUAÇÃO DE RUA E ESTABELECE SUAS FINALIDADES E DIRETRIZES."
784223,PL 36/2026,PL,36,2026,"DETERMINA A DISTRIBUIÇÃO DE ÁGUA POTÁVEL, DE FORMA GRATUITA, PELO PODER PÚBLICO DO MUNICÍPIO DE SÃO PAULO, DURANTE O PERÍODO DE CARNAVAL, CRIA PONTOS DE DESCANSO PARA TRABALHADORES INFORMAIS E DÁ OUTRAS PROVIDÊNCIAS."
784226,PL 37/2026,PL,37,2026,INSTITUI O PROGRAMA MUNICIPAL “SEMANA DE CONSCIENTIZAÇÃO CÃO ORELHA”.
784231,PL 38/2026,PL,38,2026,"ALTERA A LEI Nº 14.485, DE 19 DE JULHO DE 2007, PARA INCLUIR NO CALENDÁRIO DE EVENTOS DA CIDADE DE SÃO PAULO A SEMANA MUNICIPAL DO SKATE, A SER CELEBRADA, ANUALMENTE, NA ÚLTIMA SEMANA DO MÊS DE JUNHO."
784254,PL 39/2026,PL,39,2026,"INSTITUI O PROGRAMA MUNICIPAL DE PREVENÇÃO E RETARDO DA CEGUEIRA POR DEGENERAÇÃO MACULAR RELACIONADA À IDADE (DMRI) NO ÂMBITO DO SISTEMA ÚNICO DE SAÚDE (SUS) DO MUNICÍPIO DE SÃO PAULO/SP, COM DISPONIBILIZAÇÃO DE SUPLEMENTAÇÃO NUTRICIONAL BASEADA NO ESTUDO AREDS2, E DÁ OUTRAS PROVIDÊNCIAS."
784266,PL 40/2026,PL,40,2026,"DETERMINA QUE O PODER PÚBLICO INSTAURE PROCEDIMENTO ADMINISTRATIVO DE OFÍCIO, PARA ATENDIMENTO, ENCAMINHAMENTO E ADOÇÃO DAS PROVIDÊNCIAS CABÍVEIS, INCLUINDO O PAGAMENTO DE INDENIZAÇÕES, EM FAVOR DAS VÍTIMAS E DE SEUS FAMILIARES, QUE SOFREREM PREJUÍZOS EM RAZÃO DE ALAGAMENTOS E ENCHENTES NA CIDADE DE SÃO PAULO E DÁ OUTRAS PROVIDÊNCIAS."
784267,PL 41/2026,PL,41,2026,"DECLARA PATRIMÔNIO CULTURAL IMATERIAL DO MUNICÍPIO DE SÃO PAULO O PROJETO “PIANOS NAS PRAÇAS”, E DÁ OUTRAS PROVIDÊNCIAS."
784269,PL 42/2026,PL,42,2026,"DECLARA PATRIMÔNIO CULTURAL IMATERIAL DO MUNICÍPIO DE SÃO PAULO A BIG BAND SÊNIOR, PRIMEIRO GRANDE PROJETO DA UPARS – UNIÃO PAULISTA DE ARTISTAS SENIORES, E DÁ OUTRAS PROVIDÊNCIAS."
784277,PL 43/2026,PL,43,2026,"DISPÕE SOBRE A APLICAÇÃO DE SANÇÕES ADMINISTRATIVAS E MULTAS POR MAUS-TRATOS A ANIMAIS NO MUNICÍPIO DE SÃO PAULO, ESTABELECE COMPETÊNCIAS DE FISCALIZAÇÃO E DÁ OUTRAS PROVIDÊNCIAS."
784282,PL 44/2026,PL,44,2026,"INSTITUI O SERVIÇO PÚBLICO “DISQUE-FIOS”, DESTINADO AO RECEBIMENTO DE DENÚNCIAS E AO ACIONAMENTO EMERGENCIAL DAS EMPRESAS RESPONSÁVEIS POR CABOS AÉREOS EM SITUAÇÃO DE RISCO NO MUNICÍPIO DE SÃO PAULO, E DÁ OUTRAS PROVIDÊNCIAS."
784298,PL 45/2026,PL,45,2026,"INSTITUI O PROGRAMA MUNICIPAL DE REUSO SOLIDÁRIO, AUTORIZA A CRIAÇÃO DE CENTROS DE RESTAURO EM PARCERIA COM ORGANIZAÇÕES DA SOCIEDADE CIVIL E INSTITUIÇÕES TÉCNICAS, E DÁ OUTRAS PROVIDÊNCIAS."
784306,PL 47/2026,PL,47,2026,"ALTERA A LEI Nº 14.485, DE 19 DE JULHO DE 2007 PARA INCLUIR NO CALENDÁRIO DE EVENTOS DA CIDADE DE SÃO PAULO, A “JANEIRORELHA – MÊS DE CONSCIENTIZAÇÃO SOBRE A RELAÇÃO ENTRE OS MAUS-TRATOS AOS ANIMAIS E A VIOLÊNCIA INTERPESSOAL (TEORIA DO ELO)” E DÁ OUTRAS PROVIDÊNCIAS."
784312,PL 48/2026,PL,48,2026,"INSTITUI A POLÍTICA MUNICIPAL DE PROTEÇÃO E RECONHECIMENTO
 DO CÃO E GATO COMUNITÁRIO NO MUNICÍPIO DE SÃO PAULO -
 “LEI ORELHA"", INSTITUI O CADASTRO MUNICIPAL DE AGRESSORES
 DE ANIMAIS – CMAA, ESTABELECE SANÇÕES ADMINISTRATIVAS,
 VEDAÇÕES PARA NOMEAÇÃO, CONTRATAÇÃO E RECEBIMENTO DE
 BENEFÍCIOS MUNICIPAIS, CRIA O FUNDO MUNICIPAL DE PROTEÇÃO
 E BEM-ESTAR ANIMAL, E DÁ OUTRAS PROVIDÊNCIAS."
784319,PL 49/2026,PL,49,2026,"DISPÕE SOBRE A INCLUSÃO DO MÊS ""JULHO DOURADO"" NO CALENDÁRIO OFICIAL DE EVENTOS DA CIDADE DE SÃO PAULO, DEDICADO À PROMOÇÃO DA SAÚDE ANIMAL E PREVENÇÃO DE ZOONOSES, E DÁ OUTRAS PROVIDÊNCIAS."
784322,PL 50/2026,PL,50,2026,"ALTERA E ACRESCE DISPOSITIVOS À LEI Nº 17.464, DE 9 DE SETEMBRO DE 2020, QUE ""DISPÕE SOBRE O ESTATUTO DE PROTEÇÃO, DEFESA E CONTROLE DAS POPULAÇÕES DE ANIMAIS DOMÉSTICOS DO MUNICÍPIO DE SÃO PAULO, E DÁ OUTRAS PROVIDÊNCIAS"", A FIM DE APRIMORAR A PROTEÇÃO E O BEM-ESTAR ANIMAL NO MUNICÍPIO."
784323,PR 3/2026,PR,3,2026,"DISPÕE SOBRE A CRIAÇÃO DA MEDALHA PROFESSOR EDUARDO DE OLIVEIRA, A SEREM CONCEDIDOS A PERSONALIDADES QUE SE DESTAQUEM NA PROMOÇÃO DA IGUALDADE RACIAL, DA EDUCAÇÃO, DA CULTURA AFRO-BRASILEIRA E DA JUSTIÇA SOCIAL NO MUNICÍPIO DE SÃO PAULO, E DÁ OUTRAS PROVIDÊNCIAS."
784351,PL 51/2026,PL,51,2026,"DISPÕE SOBRE A GRATUIDADE DO TRANSPORTE PÚBLICO COLETIVO MUNICIPAL NOS DIAS OFICIAIS DO PRÉ-CARNAVAL, CARNAVAL E PÓS-CARNAVAL."
784358,PL 52/2026,PL,52,2026,DETERMINA A CRIAÇÃO DA SEMANA DE CONSCIENTIZAÇÃO SOBRE AS DOENÇAS NEUROMUSCULARES QUE ATINGEM CRIANÇAS E ADOLESCENTES E DÁ OUTRAS PROVIDÊNCIAS.
784368,PL 53/2026,PL,53,2026,"ALTERA, POR MEIO DE LEI, O DECRETO Nº 38.214, DANDO MAIOR EXTENSÃO A DENOMINADA TRAVESSA MARIA MAYER, DA ALTURA DO Nº 780 AO Nº 420 DA RUA JOÃO ABREU CASTELO BRANCO, VILA CARMOSINA E DÁ OUTRAS PROVIDÊNCIAS."
784377,PL 56/2026,PL,56,2026,INSTITUI A POLÍTICA MUNICIPAL DE PROTEÇÃO AOS ANIMAIS COMUNITÁRIOS.
784402,PL 57/2026,PL,57,2026,INSTITUI O PROTOCOLO DE ENFRENTAMENTO À VIOLÊNCIA OBSTÉTRICA CONTRA PESSOAS TRANSMASCULINAS NA CIDADE DE SÃO PAULO.
784403,PL 58/2026,PL,58,2026,"RESTRINGE A EMISSÃO DE ALVARÁS DE FUNCIONAMENTO OU DE AUTORIZAÇÃO PARA ATIVIDADES GERADORAS DE INCOMODIDADE NOS ARREDORES DE SERVIÇOS DE SAÚDE LOCALIZADOS NO MUNICÍPIO DE SÃO PAULO, E DÁ OUTRAS PROVIDENCIAS."
784405,PL 59/2026,PL,59,2026,INSTITUI CAMPANHA DE CONSCIENTIZAÇÃO SOBRE O ZOOSADISMO DIGITAL.
784425,PL 60/2026,PL,60,2026,"ALTERA A LEI Nº 14.485, DE 19 DE JULHO DE 2007, PARA INCLUIR, NO CALENDÁRIO OFICIAL DE EVENTOS DA CIDADE DE SÃO PAULO, A ENCENAÇÃO DA PAIXÃO DE CRISTO DO DISTRITO DE PIRITUBA/JARAGUÁ, A SER REALIZADA ANUALMENTE NA SEXTA DA PAIXÃO, E DÁ OUTRAS PROVIDÊNCIAS."
784426,PL 61/2026,PL,61,2026,DECLARA PATRIMÔNIO CULTURAL IMATERIAL DO MUNICÍPIO DE SÃO PAULO A MARCHA PARA JESUS.
784510,PL 62/2026,PL,62,2026,"INSTITUI A POLÍTICA DE COTAS TRANS, COM RESERVA MÍNIMA DE 3% (TRÊS POR CENTO) DAS VAGAS DE TRABALHO PARA PESSOAS TRANS E TRAVESTIS EM CONTRATOS E PARCERIAS DA ADMINISTRAÇÃO PÚBLICA MUNICIPAL QUE TENHAM POR OBJETO A PRESTAÇÃO DE SERVIÇOS PÚBLICOS CONTINUADOS, NO MUNICÍPIO DE SÃO PAULO."
784542,PL 63/2026,PL,63,2026,"ALTERA A LEI Nº 13.131, DE 18 DE MAIO DE 2001, QUE DISCIPLINA A CRIAÇÃO, PROPRIEDADE, POSSE, GUARDA, USO E TRANSPORTE DE CÃES E GATOS NO MUNICÍPIO DE SÃO PAULO, PARA DISPOR SOBRE A RESPONSABILIDADE ADMINISTRATIVA DOS PAIS OU RESPONSÁVEIS POR MENORES DE 18 ANOS EM CASOS DE MAUS-TRATOS A ANIMAIS, E DÁ OUTRAS PROVIDÊNCIAS."
784548,PL 64/2026,PL,64,2026,"DISPÕE SOBRE A DEFINIÇÃO DE BARREIRA FÍSICA PARA FINS DE ACESSO AO TRANSPORTE ESCOLAR GRATUITO – TEG, E DÁ OUTRAS PROVIDÊNCIAS."
784563,PL 65/2026,PL,65,2026,"DISPÕE SOBRE A RESTRIÇÃO DA PRESENÇA DE CRIANÇAS EM EVENTOS CULTURAIS, ARTÍSTICOS, CARNAVALESCOS, LGBTQIA+ E CORRELATOS NO MUNICÍPIO DE SÃO PAULO QUE APRESENTEM CONTEÚDO INCOMPATÍVEL COM A CLASSIFICAÇÃO INDICATIVA ETÁRIA."
784641,PL 67/2026,PL,67,2026,"DENOMINA PRAÇA JOSÉ CHRISTOVAM GALLASSI, O ESPAÇO LIVRE DELIMITADO PELAS RUAS ANTÔNIO BRACARENA E MARIA DO CARMO MARIALVA ARANHA NA VILA JAGUARA, SUBPREFEITURA DA LAPA."
784669,PR 4/2026,PR,4,2026,"INSTITUI, NO ÂMBITO DA CÂMARA MUNICIPAL DE SÃO PAULO, SESSÃO SOLENE ANUAL EM HOMENAGEM À MARCHA PARA JESUS."
784681,PL 68/2026,PL,68,2026,"PROÍBE DEIXAR ANIMAIS DOMÉSTICOS SEM SUPERVISÃO HUMANA, NOS TERMOS QUE ESPECIFICA, E DÁ OUTRAS PROVIDÊNCIAS."
784755,PLO 1/2026,PLO,1,2026,"ACRESCENTA O §3° AO ARTIGO 188 DA LEI ORGÂNICA DO MUNICÍPIO DE SÃO PAULO, A FIM DE PROMOVER O BEM-ESTAR ANIMAL, COMBATER OS MAUS-TRATOS ANIMAIS, E DÁ OUTRAS PROVIDÊNCIAS."
784761,PL 71/2026,PL,71,2026,"DISPÕE SOBRE O ESTABELECIMENTO DE CRITÉRIOS E VEDAÇÕES QUANTO A AUTORIZAÇÃO, REALIZAÇÃO, DIVULGAÇÃO E PUBLICIDADE DE BLOCOS DE CARNAVAL DE RUA QUE ADOTEM DENOMINAÇÕES INCOMPATÍVEIS COM O INTERESSE PÚBLICO, O DECORO E OS VALORES FUNDAMENTAIS DA COLETIVIDADE, E DÁ OUTRAS PROVIDÊNCIAS."
784765,PL 72/2026,PL,72,2026,"DISPÕE SOBRE A GARANTIA DO TRANSPORTE ESCOLAR GRATUITO (TEG) PARA CRIANÇAS E ESTUDANTES EM SITUAÇÃO DE TRANSFERÊNCIA POR DESLOCAMENTO DE ENDEREÇO, ATÉ A EFETIVA DISPONIBILIZAÇÃO DE VAGA EM UNIDADE ESCOLAR PRÓXIMA À RESIDÊNCIA."
784766,PL 73/2026,PL,73,2026,DISPÕE SOBRE A PROTEÇÃO DE DADOS BIOMÉTRICOS NO ÂMBITO DA CIDADE DE SÃO PAULO E DÁ OUTRAS PROVIDÊNCIAS.
784769,PL 74/2026,PL,74,2026,INSTITUI A POLÍTICA MUNICIPAL DE ENFRENTAMENTO AO TRANSFEMINICÍDIO – PMET.
784777,PDL 2/2026,PDL,2,2026,DISPÕE SOBRE A CONCESSÃO DA MEDALHA ANCHIETA A ALCIONE DE ALBANESI E DÁ OUTRAS PROVIDÊNCIAS.
784805,PL 75/2026,PL,75,2026,"DISPÕE SOBRE A DENOMINAÇÃO DA PRAÇA LUCAS FERREIRA DA SILVA - PELÉ, EM ESPAÇO PÚBLICO INOMINADO, LOCALIZADO NA R. CAMPINAS DO SUL, 2 – CIDADE LÍDER, SÃO PAULO - SP, 08285-110 E DÁ OUTRAS PROVIDÊNCIAS."
784859,PL 76/2026,PL,76,2026,DISPÕE SOBRE A APREENSÃO DE BENS ADVINDOS DE TRÁFICO E DE ORGANIZAÇÕES CRIMINOSA.
784874,PL 77/2026,PL,77,2026,"ALTERA A EMENTA, O ART. 1º E O PARÁGRAFO ÚNICO DA LEI MUNICIPAL Nº 18.293, DE 02 DE SETEMBRO DE 2025, A FIM DE ACRESCENTAR O FLAGRANTE E A AUTUAÇÃO POR DESCARTE IRREGULAR E DESPEJO DE ENTULHO, LIXO E MATERIAIS EM ÁREAS PÚBLICAS, COMO UMA DAS HIPÓTESES DE CONCESSÃO DE BONIFICAÇÃO POR DESEMPENHO."
784875,PL 78/2026,PL,78,2026,"ALTERA O INC. II E REVOGA O INCISO IV DO ART. 12 DA LEI Nº 10.235, DE 16 DE DEZEMBRO DE 1986, COM A REDAÇÃO DADA PELA LEI Nº 14.256, DE 29 DE DEZEMBRO DE 2006, COM A FINALIDADE PROMOVER A ADEQUAÇÃO DO REGIME JURÍDICO DA BASE DE CÁLCULO DO IMPOSTO PREDIAL E TERRITORIAL URBANO – IPTU TENDO EM VISTA CORRIGINDO ILEGALIDADE NORMATIVA POR TRATAR “ÁREA CONSTRUÍDA BRUTA” ÁREAS PAVIMENTADAS DESCOBERTAS, TAIS COMO TERRAÇOS, SACADAS, QUADRAS ESPORTIVAS E PISCINAS, EQUIPARANDO-AS INDEVIDAMENTE À ÁREA EDIFICADA."
784879,PL 79/2026,PL,79,2026,"DISPÕE SOBRE A OBRIGATORIEDADE DE RESPONSABILIDADE TÉCNICA POR PROFISSIONAL HABILITADO PARA O CONTROLE DE QUALIDADE E MANUTENÇÃO DE ÁGUAS DE PISCINAS DE USO COLETIVO NO MUNICÍPIO DE SÃO PAULO, ALTERA A APLICAÇÃO DE PENALIDADES CONFORME O CÓDIGO SANITÁRIO MUNICIPAL, E DÁ OUTRAS PROVIDÊNCIAS."
784982,PL 81/2026,PL,81,2026,"DISPÕE SOBRE A DENOMINAÇÃO DA PRAÇA FRANCISCO UMBERTO PROCÓPIO NO JARDIM IDEAL, SUBPREFEITURA DE PARELHEIROS, E REVOGA A LEI Nº 18.266, DE 2 DE JUNHO DE 2025."
785000,PL 82/2026,PL,82,2026,"AUTORIZA O PODER EXECUTIVO A INSTITUIR, NO ÂMBITO DA GUARDA CIVIL METROPOLITANA, A INSPETORIA DE CAVALARIA, E DÁ OUTRAS
PROVIDÊNCIAS."
785028,PL 83/2026,PL,83,2026,"DISPÕE SOBRE NORMAS DE PREVENÇÃO, CONTROLE E FISCALIZAÇÃO DA POLUIÇÃO SONORA NO MUNICÍPIO DE SÃO PAULO E DÁ OUTRAS PROVIDÊNCIAS."
785045,PL 84/2026,PL,84,2026,"DISPÕE SOBRE DIRETRIZES PARA A INSTALAÇÃO DE SISTEMAS DE GERAÇÃO DE ENERGIA LIMPA EM NOVAS CONSTRUÇÕES E REFORMAS DE CENTROS ESPORTIVOS E DEMAIS EQUIPAMENTOS ESPORTIVOS PÚBLICOS, BEM COMO SOBRE SUA IMPLANTAÇÃO GRADUAL NAS UNIDADES JÁ EXISTENTES, POR MEIO DE RECURSOS PRÓPRIOS OU DE PARCERIAS COM A INICIATIVA PRIVADA."
785055,PL 85/2026,PL,85,2026,"INSTITUI A POLÍTICA MUNICIPAL DE FORTALECIMENTO DA REDE DE ATENÇÃO PSICOSSOCIAL (RAPS) E ESTABELECE DIRETRIZES PARA A FORMAÇÃO, INGRESSO, PERMANÊNCIA E VALORIZAÇÃO DE PROFISSIONAIS DA SAÚDE MENTAL."
785102,PL 86/2026,PL,86,2026,"ALTERA A LEI Nº 14.485, DE 19 DE JULHO DE 2007, PARA INCLUIR NO CALENDÁRIO DE EVENTOS DA CIDADE DE SÃO PAULO O “DIA DOS PROTETORES INDEPENDENTES DE ANIMAIS DE RUA”, A SER CELEBRADO ANUALMENTE NO DIA 04 DE ABRIL, E DÁ OUTRAS PROVIDÊNCIAS."
785110,PL 87/2026,PL,87,2026,"ALTERA A LEI MUNICIPAL Nº 14.471, DE 10 DE JULHO DE 2007, PARA DECLARAR A CIDADE DE SHENZHEN, LOCALIZADA NA REPÚBLICA POPULAR DA CHINA, COMO CIDADE-IRMÃ DA CIDADE DE SÃO PAULO."
785129,PL 88/2026,PL,88,2026,CRIA O PROGRAMA MUNICIPAL “VIDA ALÉM DO TRABALHO” E DÁ OUTRAS PROVIDÊNCIAS.
785234,PL 89/2026,PL,89,2026,"INSTITUI A CAMPANHA MUNICIPAL PREVENTIVA DE CONSCIENTIZAÇÃO SOBRE O SINAL DE FRANK COMO POSSÍVEL MARCADOR DE RISCO CARDIOVASCULAR, NO ÂMBITO DO MUNICÍPIO DE SÃO PAULO, E DÁ OUTRAS PROVIDÊNCIAS."
785238,PL 90/2026,PL,90,2026,DISPÕE SOBRE A PROMOÇÃO DA MENTALIDADE NOLT (NOVA OPORTUNIDADE DE LONGEVIDADE TRANSFORMADORA) NO MUNICÍPIO DE SÃO PAULO E DÁ OUTRAS PROVIDÊNCIAS.
785264,PL 91/2026,PL,91,2026,"DISPÕE SOBRE A INSTITUIÇÃO  DA CAMPANHA PERMANENTE “FÉRIAS SEM ABANDONO”, COM O OBJETIVO DE PREVENIR E COMBATER O ABANDONO DE ANIMAIS DOMÉSTICOS DURANTE O PERÍODO DE FÉRIAS E DÁ OUTRAS PROVIDÊNCIAS."
785277,PL 92/2026,PL,92,2026,"ALTERA A LEI Nº 14.485, DE 19 DE JULHO DE 2007, PARA INCLUIR O “DIA MUNICIPAL DE CONSCIENTIZAÇÃO DA SAÚDE BUCAL INFANTIL, NO CALENDÁRIO DE EVENTOS DO MUNICÍPIO DE SÃO PAULO, E DÁ OUTRAS PROVIDÊNCIAS."
785279,PL 93/2026,PL,93,2026,"INSTITUI DIRETRIZES PARA A AMPLIAÇÃO DESCENTRALIZADA DO ACESSO À PRÓTESE DENTÁRIA NO MUNICÍPIO DE SÃO PAULO, POR MEIO DE EQUIPAMENTOS PÚBLICOS DE EDUCAÇÃO, ASSISTÊNCIA SOCIAL E ACOLHIMENTO, E DÁ OUTRAS PROVIDÊNCIAS."
785288,PL 94/2026,PL,94,2026,"DISPÕE SOBRE A PROTEÇÃO AO LIVRE EXERCÍCIO DOS CULTOS RELIGIOSOS E À INVIOLABILIDADE DE ENTIDADES RELIGIOSAS NO MUNICÍPIO DE SÃO PAULO, VEDANDO A CONCENTRAÇÃO E REALIZAÇÃO DE BLOCOS CARNAVALESCOS NA FRENTE E NO ENTORNO DE ENTIDADES RELIGIOSAS, E DÁ OUTRAS PROVIDÊNCIAS."
785296,PL 95/2026,PL,95,2026,"ALTERA A LEI Nº 12.490, DE 3 DE OUTUBRO DE 1997, PARA EXCLUIR DO RODÍZIO MUNICIPAL DE VEÍCULOS OS AUTOMÓVEIS UTILIZADOS POR PROFISSIONAIS DA SAÚDE NO EXERCÍCIO DE ATIVIDADES ESSENCIAIS E OS VEÍCULOS INSTITUCIONAIS DOS CONSELHOS DE FISCALIZAÇÃO PROFISSIONAL DA ÁREA DA SAÚDE."
785305,PL 96/2026,PL,96,2026,"AUTORIZA QUE OS CENTROS TEA FORNEÇAM ATENDIMENTO AS PESSOAS PORTADORAS DA SINDROME DE RETT, ALÉM DAS PESSOAS COM TRANSTORNOS DE NEURODESENVOLVIMENTO."
785310,PL 97/2026,PL,97,2026,AUTORIZA O PODER EXECUTIVO A INSTITUIR VAGAS DE ESTACIONAMENTO ROTATIVO GRATUITO DE SAÚDE PARA EMBARQUE E DESEMBARQUE DE PACIENTES NO ENTORNO DAS UNIDADES DE SAÚDE NO MUNICÍPIO DE SÃO PAULO E DÁ OUTRAS PROVIDÊNCIAS.
785341,PL 98/2026,PL,98,2026,"INSTITUI A POLÍTICA MUNICIPAL DE ATENÇÃO E PREVENÇÃO À NOMOFOBIA RELACIONADA AO USO EXCESSIVO DE TELEFONES CELULARES NO MUNICÍPIO DE SÃO PAULO, E DÁ OUTRAS PROVIDÊNCIAS."
785364,PL 100/2026,PL,100,2026,DISPÕE SOBRE A ADOÇÃO DE DIRETRIZES PARA A AMPLIAÇÃO DE JARDINS DE CHUVA COMO INSTRUMENTO DE DRENAGEM URBANA SUSTENTÁVEL NO MUNICÍPIO DE SÃO PAULO.
785369,PL 101/2026,PL,101,2026,"INSTITUI O PROGRAMA MUNICIPAL “ABRIGOS COMUNITÁRIOS” PARA ACOLHIMENTO, PROTEÇÃO E PROMOÇÃO DA ADOÇÃO DE ANIMAIS DOMÉSTICOS EM SITUAÇÃO DE ABANDONO OU MAUS-TRATOS, E DÁ OUTRAS PROVIDÊNCIAS."
785372,PL 102/2026,PL,102,2026,"AUTORIZA O PODER EXECUTIVO, POR MEIO DA SECRETARIA MUNICIPAL DE EDUCAÇÃO, A PERMITIR QUE PROFESSORES E DEMAIS SERVIDORES DAS UNIDADES EDUCACIONAIS POSSAM COMPARTILHAR A MERENDA ESCOLAR."
785379,PL 103/2026,PL,103,2026,"DISPÕE SOBRE A PROIBIÇÃO DE REPASSE DE VERBAS PÚBLICAS, CONCESSÃO DE AUXÍLIOS, SUBVENÇÕES E A CESSÃO DE BENS MUNICIPAIS A ENTIDADES, ORGANIZAÇÕES E MOVIMENTOS SOCIAIS QUE PARTICIPEM DE INVASÕES DE PROPRIEDADES PRIVADAS NO MUNICÍPIO DE SÃO PAULO, E DÁ OUTRAS PROVIDÊNCIAS"
785412,PL 104/2026,PL,104,2026,"INSTITUI O PROGRAMA SP MANDARIM DE CULTURA CHINESA NO MUNICÍPIO DE SÃO PAULO, E FIXA OUTRAS PROVIDÊNCIAS."
785414,PL 105/2026,PL,105,2026,"INSTITUI O PROGRAMA 'RODÍZIO SOLIDÁRIO' NO MUNICÍPIO DE SÃO PAULO, AUTORIZANDO A CONVERSÃO DE MULTAS POR DESCUMPRIMENTO DO RODÍZIO MUNICIPAL DE VEÍCULOS EM INCENTIVO À DOAÇÃO DE SANGUE E MEDULA ÓSSEA, E DÁ OUTRAS PROVIDÊNCIAS."
785415,PL 106/2026,PL,106,2026,"DISPÕE SOBRE A OBRIGATORIEDADE DE CLAREZA NA EXIBIÇÃO DE PREÇOS DOS COMBUSTÍVEIS AUTOMOTIVOS NOS POSTOS REVENDEDORES LOCALIZADOS NO MUNICÍPIO DE SÃO PAULO, REGULA A DIFERENCIAÇÃO DE PREÇOS POR MEIOS DE PAGAMENTO OU PROGRAMAS DE FIDELIDADE, ESTABELECE SANÇÕES E DÁ OUTRAS PROVIDÊNCIAS."
785416,PL 107/2026,PL,107,2026,"DISPÕE SOBRE A GARANTIA DE PRIORIDADE DE PERMANÊNCIA E CONTINUIDADE DOS ESTUDOS, NA MESMA UNIDADE ESCOLAR DA REDE MUNICIPAL DE ENSINO DA CIDADE DE SÃO PAULO, ÀS CRIANÇAS COM TRANSTORNO DO ESPECTRO AUTISTA (TEA), E DÁ OUTRAS PROVIDÊNCIAS."
785420,PL 108/2026,PL,108,2026,"ALTERA O ARTIGO 9° DA LEI MUNICIPAL Nº 17.638 DE 9 DE SETEMBRO DE 2021, QUE DISCIPLINA O PROGRAMA PODE ENTRAR, A FIM DE ESTABELECER PERCENTUAL MÍNIMO DE VAGAS NAS UNIDADES HABITACIONAIS PARA AS MULHERES VÍTIMAS DE VIOLÊNCIA DOMÉSTICA E DÁ OUTRAS PROVIDÊNCIAS."
785421,PL 109/2026,PL,109,2026,"INSTITUI O PROGRAMA MUNICIPAL PERMANENTE DE ORIENTAÇÃO E RECOMENDAÇÃO PARA A PREVENÇÃO E O COMBATE AO DESAPARECIMENTO DE CRIANÇAS E ADOLESCENTES NO MUNICÍPIO DE SÃO PAULO, E DÁ OUTRAS PROVIDÊNCIAS."
785433,PL 110/2026,PL,110,2026,"DENOMINA PRAÇA MARIA COELHO DE PINHO DUARTE O LOGRADOURO PÚBLICO INOMINADO SITUADO NO DISTRITO DO RIO PEQUENO, SUBPREFEITURA DO BUTANTÃ, E DÁ OUTRAS PROVIDÊNCIAS."
785466,PL 111/2026,PL,111,2026,"ALTERA A LEI Nº. 14.485, DE 19 DE JULHO DE 2007, COM A FINALIDADE DE INCLUIR NO CALENDÁRIO OFICIAL DE EVENTOS DA CIDADE DE SÃO PAULO O ""DIA DA CRIANÇA TRAQUEOSTOMIZADA"", E DÁ OUTRAS PROVIDÊNCIAS."
785472,PL 112/2026,PL,112,2026,"DENOMINA AVENIDA EDUCADOR PAIVA NETTO O LOGRADOURO PÚBLICO EXISTENTE, NO DISTRITO DE SANTA CECÍLIA, NA SUBPREFEITURA DA SÉ, E DÁ OUTRAS PROVIDÊNCIAS."
785512,PL 114/2026,PL,114,2026,"DENOMINA-SE PRAÇA FRANCISCO JARRÃO, O LOGRADOURO PÚBLICO INOMINADO LOCALIZADO NA SUBPREFEITURA DE SAPOPEMBA, E DÁ OUTRAS PROVIDÊNCIAS."
785546,PL 117/2026,PL,117,2026,INSTITUI DIRETRIZES PARA O PROGRAMA MUTIRÃO AMBIENTAL NO MUNICÍPIO DE SÃO PAULO E DÁ OUTRAS PROVIDÊNCIAS.
785595,PL 118/2026,PL,118,2026,"DENOMINA “AVENIDA DOUTOR SÓCRATES BRASILEIRO” O LOGRADOURO QUE ESPECIFICA, NO DISTRITO DE ITAQUERA, SUBPREFEITURA DE ITAQUERA."
785596,PR 5/2026,PR,5,2026,DISPÕE SOBRE A CRIAÇÃO DO PRÊMIO “DR. SÓCRATES BRASILEIRO DE DIREITOS HUMANOS” E DÁ OUTRAS PROVIDÊNCIAS.
785603,PL 120/2026,PL,120,2026,"DENOMINA PRAÇA MANOEL GALAN POLIDO O ESPAÇO INOMINADO, DELIMITADO PELA RUA DR. DAVID CAMPISTA, AVENIDA BRASIL E RUA MARECHAL BITENCOURT, LOCALIZADO NO DISTRITO JARDIM PAULISTA, SUBPREFEITURA DE PINHEIROS."
785606,PL 121/2026,PL,121,2026,"INSTITUI O CENTRO MUNICIPAL DA SAÚDE MENTAL DA MULHER E CRIA O PROGRAMA MUNICIPAL DE SAÚDE MENTAL DA MULHER, NO ÂMBITO DO MUNICÍPIO DE SÃO PAULO, E DÁ OUTRAS PROVIDÊNCIAS."
785612,PL 122/2026,PL,122,2026,"DENOMINA VIELA WALTER GAGLIARD, O LOGRADOURO PÚBLICO INOMINADO LOCALIZADO ENTRE AS RUAS CARLOS MAGALHÃES E CLODOMIRO DE OLIVEIRA, NO PARQUE REBOUÇAS, E DÁ OUTRAS PROVIDÊNCIAS."
785634,PL 123/2026,PL,123,2026,DISPÕE SOBRE A INSTITUIÇÃO DA POLÍTICA MUNICIPAL DE DESPOLUIÇÃO SONORA URBANA DA CIDADE DE SÃO PAULO E DÁ OUTRAS PROVIDÊNCIAS.
785653,PL 124/2026,PL,124,2026,"DISPÕE SOBRE A MANUTENÇÃO PARCIAL DA ISENÇÃO DO IPTU CONCEDIDA A APOSENTADOS, PENSIONISTAS E BENEFICIÁRIOS DE RENDA MENSAL VITALÍCIA QUANDO DA ATUALIZAÇÃO DO VALOR VENAL DO IMÓVEL NO MUNICÍPIO DE SÃO PAULO E DÁ OUTRAS PROVIDÊNCIAS."
785654,PL 125/2026,PL,125,2026,"ALTERA A LEI N° 17.585, DE 26 DE JULHO DE 2021, PARA INCLUSÃO DO EXAME DE ULTRASSONOGRAFIA TRANSVAGINAL COM PREPARO INTESTINAL PARA O DIAGNÓSTICO E MAPEAMENTO DA ENDOMETRIOSE, NA CAMPANHA ""CHECK-UP GERAL DAS MULHERES""."
785655,PL 126/2026,PL,126,2026,"INSTITUI O PROGRAMA MUNICIPAL DE APOIO FINANCEIRO PARA ACESSO A CURSINHOS PRÉ-VESTIBULARES E PRÉ-TÉCNICOS PARA ESTUDANTES DE BAIXA RENDA NO MUNICÍPIO DE SÃO PAULO, E AUTORIZA A CELEBRAÇÃO DE PARCERIAS COM ORGANIZAÇÕES DA SOCIEDADE CIVIL."
785656,PL 127/2026,PL,127,2026,"INSTITUI O PROGRAMA MUNICIPAL DE INCENTIVO À PERMANÊNCIA ESCOLAR E COMBATE À EVASÃO, BOLSA EQUIDADE JOVEM, NO MUNICÍPIO DE SÃO PAULO."
785709,PL 129/2026,PL,129,2026,ESTABELECE DIRETRIZES DA POLÍTICA MUNICIPAL DE JUVENTUDE VOLTADAS À PROMOÇÃO DE AÇÕES EDUCATIVAS DE PREVENÇÃO E ENFRENTAMENTO DA VIOLÊNCIA DOMÉSTICA E FAMILIAR NO ÂMBITO DA REDE MUNICIPAL DE ENSINO.
785726,PL 130/2026,PL,130,2026,"ALTERA A LEI Nº 17.252, DE 26 DE DEZEMBRO DE 2019, PARA INCLUIR DIRETRIZ RELATIVA À INSERÇÃO PRODUTIVA POR MEIO DE PROGRAMAS DE FRENTE DE TRABALHO DESTINADOS À POPULAÇÃO EM SITUAÇÃO DE RUA."
785728,PL 131/2026,PL,131,2026,"DISPÕE SOBRE DIRETRIZES DO “ENFRENTAMENTO À VIOLÊNCIA CONTRA A MULHER”, NO MUNICÍPIO E DÁ OUTRAS PROVIDÊNCIAS."
785729,PL 132/2026,PL,132,2026,"ALTERA A LEI Nº 14.485, DE 19 DE JULHO DE 2007, PARA INCLUIR NO CALENDÁRIO DE EVENTOS DA CIDADE DE SÃO PAULO O DIA MUNICIPAL DE CONSCIENTIZAÇÃO DA SINDROME DE RETT, ANUALMENTE NO DIA 20 DE OUTUBRO."
785808,PL 134/2026,PL,134,2026,"DISPÕE SOBRE DIRETRIZ PARA O FORNECIMENTO GRATUITO DE MEDICAMENTOS INDICADOS PARA O TRATAMENTO DA OBESIDADE GRAVE, INCLUINDO AQUELES À BASE DE TIRZEPATIDA, NO ÂMBITO DA REDE PÚBLICA MUNICIPAL DE SAÚDE, E DÁ OUTRAS PROVIDÊNCIAS."
785843,PL 135/2026,PL,135,2026,"ALTERA, NOS TERMOS DA LEI MUNICIPAL 14.454/2007, A DENOMINAÇÃO DA ""EMEI CAPITÃO ALBERTO MENDES JUNIOR” QUE PASSARÁ A DENOMINAR-SE “EMEI MARIA DIDI ALVES FRANCISCO” E DÁ OUTRAS PROVIDÊNCIAS."
785858,PL 136/2026,PL,136,2026,"INSTITUI  O  PROGRAMA  DE  REGULARIZAÇÃO  E  COMPENSAÇÃO  DE  RESTRIÇÕES  ADMINISTRATIVAS (PROCRA), DISPÕE SOBRE CRITÉRIOS DE AVALIAÇÃO DO VALOR  VENAL  PARA  FINS  DE  IPTU  EM  ÁREAS  COM RESTRIÇÃO  AO  DIREITO  DE  CONSTRUIR  E  DÁ  OUTRAS PROVIDÊNCIAS."
785930,PL 137/2026,PL,137,2026,"INSTITUI A POLÍTICA DE EDUCAÇÃO CONTINUADA EM PREVENÇÃO À VIOLÊNCIA DE GÊNERO PARA OS SERVIDORES PÚBLICOS DA ADMINISTRAÇÃO DIRETA E INDIRETA DO MUNICÍPIO DE SÃO PAULO, ESTABELECE CRITÉRIOS DE MÉRITO PARA PROGRESSÃO FUNCIONAL, E DÁ OUTRAS PROVIDÊNCIAS."
785931,PL 138/2026,PL,138,2026,DISPÕE SOBRE A PRIORIDADE E A FLEXIBILIZAÇÃO DE REQUISITOS PARA INCLUSÃO DE MULHERES EM SITUAÇÃO DE VIOLÊNCIA DOMÉSTICA E FAMILIAR NOS PROGRAMAS HABITACIONAIS E DE ASSENTAMENTO DO SÃO PAULO
785932,PL 139/2026,PL,139,2026,DISPÕE SOBRE A TRAMITAÇÃO PRIORITÁRIA DOS PROCESSOS ADMINISTRATIVOS QUE FIGUREM COMO PARTE OU INTERESSADA A PESSOA EM SITUAÇÃO DE VIOLÊNCIA DOMÉSTICA E FAMILIAR.
785934,PDL 7/2026,PDL,7,2026,"DECRETA O ESTADO DE EMERGÊNCIA DECORRENTE DO FEMINICÍDIO E DA VIOLÊNCIA CONTRA AS MULHERES NO MUNICÍPIO DE SÃO PAULO, ESTABELECE DIRETRIZES E AÇÕES PARA PREVENÇÃO E ENFRENTAMENTO DA SITUAÇÃO E DÁ OUTRAS PROVIDÊNCIAS."
785962,PL 142/2026,PL,142,2026,"DISPÕE SOBRE A REGULARIZAÇÃO, PROTEÇÃO, DEVERES E FISCALIZAÇÃO PARA TERREIROS DE MATRIZES AFRICANAS."
785972,PL 143/2026,PL,143,2026,"DENOMINA VIADUTO VILIBALDO GARCIA CARLINI O VIADUTO LOCALIZADO NA AVENIDA RAIMUNDO PEREIRA DE MAGALHÃES, SOBRE A LINHA FÉRREA, PRÓXIMO À ALTURA DOS NÚMEROS 4700 A 5000, NAS IMEDIAÇÕES DO TERMINAL PIRITUBA, NO DISTRITO DE PIRITUBA, SUBPREFEITURA PIRITUBA/JARAGUÁ, NO MUNICÍPIO DE SÃO PAULO, E DÁ OUTRAS PROVIDÊNCIAS."
785978,PL 144/2026,PL,144,2026,"INSTITUI, NO ÂMBITO DO MUNICÍPIO DE SÃO PAULO, O ESTATUTO DA PESSOA COM DOENÇA CRÔNICA COMPLEXA E RARA, COM A FINALIDADE DE EXPANDIR OS MECANISMOS DE PROTEÇÃO E GARANTIR DIREITOS FUNDAMENTAIS."
786010,PL 145/2026,PL,145,2026,"ALTERA A LEI Nº 14.485 DE 19 DE JULHO DE 2007, PARA INCLUIR NO CALENDÁRIO DE EVENTOS DA CIDADE DE SÃO PAULO O DIA MUNICIPAL DA GESTÃO DE INOVAÇÃO E NEGÓCIOS NO ENOTURISMO E ENOCULTURA, NO DIA 02 DE MARÇO (02/03), E DÁ OUTRAS PROVIDENCIAS."
786201,PL 148/2026,PL,148,2026,"DISPÕE SOBRE A CRIAÇÃO DO FUNDO MUNICIPAL DE ENFRENTAMENTO À VIOLÊNCIA DOMÉSTICA E FAMILIAR CONTRA A MULHER – FMVD, E DÁ OUTRAS PROVIDÊNCIAS."
786219,PL 149/2026,PL,149,2026,"REVOGA AS LEIS Nº  13.791 DE 2004 E 15.939 DE 2013, INSTITUI O SISTEMA DE COTAS SOCIAIS PARA O INGRESSO POR CONCURSO PÚBLICO NOS QUADROS DA ADMINISTRAÇÃO PÚBLICA MUNICIPAL DIRETA E INDIRETA DE SÃO PAULO, E DÁ OUTRAS PROVIDÊNCIAS."
786234,PL 150/2026,PL,150,2026,"ALTERA O ART. 1º DA LEI Nº 13.689, DE 19 DE DEZEMBRO DE 2003, QUE DISPÕE SOBRE O PROGRAMA OPERAÇÃO TRABALHO – POT."
786287,PL 151/2026,PL,151,2026,"INSTITUI A CAMPANHA ""JANEIRO VERMELHO - CÃO ORELHA"" NO MUNICÍPIO DE SÃO PAULO,    DEDICADA À CONSCIENTIZAÇÃO SOBRE A PROTEÇÃO ANIMAL, PREVENÇÃO CONTRA A CRUELDADE E PROMOÇÃO DA CONVIVÊNCIA ÉTICA MULTIESPÉCIE, E DÁ OUTRAS PROVIDÊNCIAS"
786288,PL 152/2026,PL,152,2026,"AUTORIZA O PODER EXECUTIVO A IMPLANTAR O PROGRAMA MUNICIPAL DE EDUCAÇÃO HUMANITÁRIA E PROTEÇÃO ANIMAL “ESTA ESCOLA É O BICHO” NA REDE MUNICIPAL DE ENSINO DE SÃO PAULO, E DÁ OUTRAS PROVIDÊNCIAS."
786301,PL 153/2026,PL,153,2026,"ALTERA A LEI Nº 14.485, DE 19 DE JULHO DE 2007, PARA INCLUIR NO CALENDÁRIO DE EVENTOS DA CIDADE SÃO PAULO O DIA DO FESTIVAL DAS LANTERNAS (YUANXIAO JIE)."
786349,PL 156/2026,PL,156,2026,"ALTERA A LEI MUNICIPAL Nº 14.471, DE 10 DE JULHO DE 2007, PARA DECLARAR A CIDADE DE BARCELONA, NA ESPANHA, COMO CIDADE-IRMÃ DA CIDADE DE SÃO PAULO."
786361,PL 157/2026,PL,157,2026,"ALTERA A LEI MUNICIPAL Nº 14.485, DE 19 DE JULHO DE 2007, PARA INCLUIR, NO CALENDÁRIO OFICIAL DE EVENTOS DA CIDADE DE SÃO PAULO, O “DIA DA MÃE ATÍPICA”, A SER COMEMORADO NO DIA 30 DE NOVEMBRO, E DÁ OUTRAS PROVIDÊNCIAS."
786404,PL 159/2026,PL,159,2026,"INSTITUI RESERVA DE VAGAS OBRIGATÓRIA PARA MULHERES EM CARGOS COMISSIONADOS E FUNÇÕES DE CONFIANÇA DO PODER EXECUTIVO DO MUNICÍPIO DE SÃO PAULO, E DÁ OUTRAS PROVIDÊNCIAS."
786407,PL 160/2026,PL,160,2026,DISPÕE SOBRE A APLICAÇÃO DE SANÇÃO ADMINISTRATIVA AOS ESTABELECIMENTOS E PROFISSIONAIS QUE PRATICAREM ABORTO ILEGAL NA CIDADE DE SÃO PAULO.
786474,PL 161/2026,PL,161,2026,"INSTITUI A POLÍTICA MUNICIPAL DE INCLUSÃO E LETRAMENTO DIGITAL DA PESSOA IDOSA, CRIA O PROGRAMA “CONECTA 60+” E ESTABELECE DIRETRIZES PARA A PROMOÇÃO DA CIDADANIA DIGITAL NO MUNICÍPIO DE SÃO PAULO."
786519,PL 162/2026,PL,162,2026,INSTITUI O CADASTRO MUNICIPAL DE CÃES DE GRANDE PORTE OU DE RAÇAS POTENCIALMENTE AGRESSIVAS E DÁ OUTRAS PROVIDÊNCIAS.
786535,PL 163/2026,PL,163,2026,DISPÕE SOBRE O FOMENTO AO TURISMO DA CIDADE DE SÃO PAULO PELA AUTORIZAÇÃO DA COMERCIALIZAÇÃO E  CONSUMO DE BEBIDAS ALCOÓLICAS EM ESTÁDIOS E ARENAS ESPORTIVAS NO MUNICÍPIO DE SÃO PAULO.
786536,PL 164/2026,PL,164,2026,INSTITUI INFRAÇÃO ADMINISTRATIVA POR CONSUMO PESSOAL DE SUBSTÂNCIAS ENTORPECENTES ILÍCITAS EM ESPAÇO PÚBLICO NO ÂMBITO DO MUNICÍPIO DE SÃO PAULO.
786577,PR 7/2026,PR,7,2026,DISPÕE SOBRE A CRIAÇÃO DA FRENTE PARLAMENTAR DO NOVO CENTRO SP 2030 E DÁ OUTRAS PROVIDÊNCIAS.
786587,PL 165/2026,PL,165,2026,"INSTITUI A POLÍTICA MUNICIPAL DE CONSCIENTIZAÇÃO, DIAGNÓSTICO PRECOCE E SUPORTE A PESSOAS COM SÍNDROME DE LI-FRAUMENI (SLF) NO MUNICÍPIO DE SÃO PAULO E DÁ OUTRAS PROVIDENCIAS."
786665,PL 167/2026,PL,167,2026,"DENOMINA PROF. DR. LUIZ HILDEBRANDO PEREIRA DA SILVA, O ESPAÇO PÚBLICO QUE ESPECIFICA, NO DISTRITO DE PERDIZES, SUBPREFEITURA DA LAPA."
786789,PL 168/2026,PL,168,2026,"CRIA O MUSEU DA CULTURA LÉSBICA DE SÃO PAULO, DEDICADO À VALORIZAÇÃO DA MEMÓRIA E DA COMUNIDADE LÉSBICA DO MUNICÍPIO, E DÁ OUTRAS PROVIDÊNCIAS."
786790,PL 169/2026,PL,169,2026,"ALTERA A LEI N° 14.485, DE 19 DE JULHO DE 2007, PARA INCLUIR NO CALENDÁRIO OFICIAL DO MUNICÍPIO DE SÃO PAULO, O ""DIA MUNICIPAL DAS MULHERES E MENINAS NA CIÊNCIA"", A SER COMEMORADO ANUALMENTE NO DIA 11 DE FEVEREIRO E DÁ OUTRAS PROVIDÊNCIAS."
786796,PL 170/2026,PL,170,2026,"INSTITUI O PROGRAMA MUNICIPAL CAMINHOS SEGUROS PARA GARANTIR INFRAESTRUTURA, PLANEJAMENTO URBANO E SEGURANÇA PREVENTIVA COM FOCO NA PREVENÇÃO DA VIOLÊNCIA CONTRA A MULHER NO MUNICÍPIO DE SÃO PAULO."
786802,PL 171/2026,PL,171,2026,"DISPÕE SOBRE A CRIAÇÃO DO PROGRAMA MUNICIPAL DE LAVANDERIAS COMUNITÁRIAS, VIABILIZANDO EQUIPAMENTOS PÚBLICOS DESTINADOS A REDUZIR A SOBRECARGA DO TRABALHO DOMÉSTICO DAS MULHERES E REDUZIR A SOBRECARGA DO TRABALHO DE CUIDADO NÃO REMUNERADO."
786808,PL 172/2026,PL,172,2026,"ALTERA A LEI N° 14.485, DE 19 DE JULHO DE 2007, PARA INCLUIR NO CALENDÁRIO OFICIAL DO MUNICÍPIO DE SÃO PAULO, O ""DIA MUNICIPAL DE ENFRENTAMENTO AO TRANSFEMINICÍDIO - LEI LAURA VERMONT"", A SER COMEMORADO ANUALMENTE NO DIA 20 DE JUNHO, E DÁ OUTRAS PROVIDÊNCIAS."
787039,PL 173/2026,PL,173,2026,"DISPÕE SOBRE O PROGRAMA EDUCACIONAL DE PREVENÇÃO E ENFRENTAMENTO À MISOGINIA DIGITAL NAS ESCOLAS, COM OBJETIVO DE COMBATER DEEPFAKES SEXUAIS E A VIOLÊNCIA BASEADA EM GÊNERO PRATICADA NOS MEIOS DIGITAIS CONTRA MENINAS EM CONTEXTO ESCOLAR."
787200,PL 175/2026,PL,175,2026,AUTORIZA A DESCENTRALIZAÇÃO DO SERVIÇO DE VERIFICAÇÃO DE ÓBITOS DA CAPITAL E DÁ OUTRAS PROVIDÊNCIAS.
787254,PL 176/2026,PL,176,2026,"DENOMINA ESCOLA MUNICIPAL DE ENSINO FUNDAMENTAL PROFESSORA CELINA FARO KAPERAVICZUS, A ESCOLA MUNICIPAL DE ENSINO FUNDAMENTAL JARDIM FONTALIS LOCALIZADA NA RUA CRISÂNTEMO, 100 - JARDIM FLOR DE MAIO, DISTRITO DO TREMEMBÉ."
787279,PL 177/2026,PL,177,2026,"INSTITUI O PROGRAMA “CIDADE PARA TODAS”, ESTABELECE DIRETRIZES COMPLEMENTARES PARA PREVENÇÃO AO ASSÉDIO CONTRA MULHERES EM ESPAÇOS PÚBLICOS MUNICIPAIS E CRIA O SELO “ESPAÇO PÚBLICO SEGURO PARA MULHERES – CIDADE PARA TODAS”."
787280,PL 178/2026,PL,178,2026,"INSTITUI DIRETRIZES PARA A PROMOÇÃO DA ACESSIBILIDADE COMUNICACIONAL EM LÍNGUA BRASILEIRA DE SINAIS (LIBRAS) NOS SERVIÇOS MUNICIPAIS DE SEGURANÇA URBANA E ATENDIMENTO EMERGENCIAL, NO ÂMBITO DO MUNICÍPIO DE SÃO PAULO, E DÁ OUTRAS PROVIDÊNCIAS."
787281,PL 179/2026,PL,179,2026,INSTITUI DIRETRIZES PARA O PROGRAMA MUNICIPAL DE APOIO E PROTEÇÃO INTEGRAL AOS ÓRFÃOS DE FEMINICIDIO NO MUNICÍPIO DE SÃO PAULO E DÁ OUTRAS PROVIDÊNCIAS.
787320,PL 180/2026,PL,180,2026,DISPÕE SOBRE O FORNECIMENTO DE PROTETOR AURICULAR NA REDE MUNICIPAL DE SAÚDE PARA AS PESSOAS COM TRANSTORNO DO NEURODESENVOLVIMENTO OU OUTRAS CONDIÇÕES DE HIPERSENSIBILIDADE AUDITIVA E DÁ OUTRAS PROVIDÊNCIAS.
787334,PL 181/2026,PL,181,2026,"INSTITUI A POLÍTICA MUNICIPAL DE PREVENÇÃO AO EXTREMISMO MISÓGINO NAS ESCOLAS E DISPÕE SOBRE MEDIDAS DE EDUCAÇÃO, PREVENÇÃO E ENFRENTAMENTO À RADICALIZAÇÃO BASEADA EM ÓDIO DE GÊNERO NO ÂMBITO DA REDE MUNICIPAL DE ENSINO DE SÃO PAULO."
787344,PL 182/2026,PL,182,2026,"ALTERA A LEI Nº. 14.485, DE 19 DE JULHO DE 2007, COM A FINALIDADE DE INCLUIR NO CALENDÁRIO OFICIAL DE EVENTOS DA CIDADE DE SÃO PAULO O DIA DAS HORTAS COMUNITÁRIAS, E DÁ OUTRAS PROVIDÊNCIAS."
787384,PL 184/2026,PL,184,2026,"DISPÕE SOBRE O SISTEMA DE GERENCIAMENTO DA ARBORIZAÇÃO URBANA DO MUNICÍPIO DE SÃO PAULO, ALTERA O ARTIGO 3º DA LEI MUNICIPAL Nº 17.794, DE 27 DE ABRIL DE 2022, E DÁ OUTRAS PROVIDÊNCIAS."
787389,PL 185/2026,PL,185,2026,"ALTERA A LEI Nº. 14.485, DE 19 DE JULHO DE 2007, COM A FINALIDADE DE INCLUIR NO CALENDÁRIO OFICIAL DE EVENTOS DA CIDADE DE SÃO PAULO A COPA JURÍDICA DIVERSITY MOOT, E DÁ OUTRAS PROVIDÊNCIAS."
787585,PL 186/2026,PL,186,2026,"ALTERA A LEI N° 17.910, DE 17 DE JANEIRO DE 2023, PARA DISPOR SOBRE O AFASTAMENTO CAUTELAR DE AGENTES PÚBLICOS DENUNCIADOS OU MEDIDA PROTETIVA DE URGÊNCIA EM SEU DESFAVOR POR VIOLÊNCIA CONTRA A MULHER, NOS TERMOS DA LEI FEDERAL Nº 11.340, DE 7 DE AGOSTO DE 2006 (LEI MARIA DA PENHA)."
787652,PL 187/2026,PL,187,2026,"DISPÕE SOBRE O ATENDIMENTO PRIORITÁRIO A ADVOGADOS E ESTAGIÁRIOS REGULARMENTE INSCRITOS NA OAB, NO ÂMBITO DA ADMINISTRAÇÃO PÚBLICA DIRETA E INDIRETA DO MUNICÍPIO DE SÃO PAULO, QUANDO NO EXERCÍCIO DA PROFISSÃO E MUNIDOS DE PROCURAÇÃO OU DOCUMENTO EQUIVALENTE QUE COMPROVE A REPRESENTAÇÃO DE CLIENTE."
787926,PL 188/2026,PL,188,2026,INSTITUI O PROGRAMA MUNICIPAL DE TRIAGEM DIGITAL EM SAÚDE NO ÂMBITO DO MUNICÍPIO DE SÃO PAULO.
787949,PL 189/2026,PL,189,2026,"DISPÕE SOBRE A VEDAÇÃO DA CONTRATAÇÃO DE EMPRESAS TERCEIRIZADAS QUE ADOTEM O REGIME DA ESCALA 6X1 NA REDE PÚBLICA MUNICIPAL DE ENSINO, E DÁ OUTRAS PROVIDÊNCIAS."
788489,PL 190/2026,PL,190,2026,"ALTERA A LEI N°. 14.485, DE 19 DE JULHO DE 2007, PARA INCLUIR O DIA DO ENFRENTAMENTO À VIOLÊNCIA VICÁRIA – MIGUEL E BENÍCIO, A SER REALIZADO ANUALMENTE, NO DIA 12 DE FEVEREIRO"
788490,PL 191/2026,PL,191,2026,"DISPÕE SOBRE O PROCEDIMENTO DE DESMEMBRAMENTO DE IMÓVEIS PÓS-REURB, VERTICAL OU HORIZONTAL, RESULTANTES DE REGULARIZAÇÃO FUNDIÁRIA URBANA NO MUNICÍPIO DE SÃO PAULO E DÁ OUTRAS PROVIDÊNCIAS."
788576,PL 192/2026,PL,192,2026,"ALTERA A LEI MUNICIPAL Nº 16.239, DE 19 DE JULHO DE 2015, PARA INSTITUIR A PROMOÇÃO POST MORTEM E A PROMOÇÃO POR ATO DE BRAVURA NO ÂMBITO DA GUARDA CIVIL METROPOLITANA."
788577,PL 193/2026,PL,193,2026,DISPÕE SOBRE A CRIAÇÃO DO PROGRAMA “MAIS SAÚDE BUCAL NA MELHOR IDADE” E DÁ OUTRAS PROVIDÊNCIAS
788578,PL 194/2026,PL,194,2026,DISPÕE SOBRE A REGULAMENTAÇÃO DA HOSPEDAGEM DE CURTA DURAÇÃO INTERMEDIADA POR PLATAFORMAS DIGITAIS NO MUNICÍPIO DE SÃO PAULO E AUTORIZA A CRIAÇÃO DO EVISITANTESP.
788691,PL 195/2026,PL,195,2026,"INSTITUI O PROGRAMA MUNICIPAL “MURALHA DIGITAL PROTETIVA”, ESTABELECENDO DIRETRIZES PARA A UTILIZAÇÃO DE TECNOLOGIAS DE MONITORAMENTO URBANO, INTELIGÊNCIA ARTIFICIAL E GEORREFERENCIAMENTO NA PROTEÇÃO DE MULHERES VÍTIMAS DE VIOLÊNCIA DOMÉSTICA E FAMILIAR NO MUNICÍPIO DE SÃO PAULO, E DÁ OUTRAS PROVIDÊNCIAS."
788693,PL 196/2026,PL,196,2026,"INSTITUI, NO ÂMBITO DO MUNICÍPIO DE SÃO PAULO, O PROGRAMA RECICLAVOLTA, DESTINADO À DISPONIBILIZAÇÃO DE SACO REUTILIZÁVEL PARA O DESCARTE DE RESÍDUOS RECICLÁVEIS SECOS NA COLETA SELETIVA PORTA A PORTA, E DÁ OUTRAS PROVIDÊNCIAS"
788695,PL 197/2026,PL,197,2026,"DENOMINA RUA DO LAGO – CÂNDIDO MALTA, A ATUAL RUA DO LAGO, LOCALIZADA NO BAIRRO DO BUTANTÃ, E DÁ OUTRAS PROVIDÊNCIAS."
788696,PL 198/2026,PL,198,2026,"INSTITUI O PROGRAMA MUNICIPAL DE DIGNIDADE E RESPEITO AOS TRABALHADORES DA LIMPEZA URBANA (PMDR-TLU), QUE PROMOVE ACESSO A ÁGUA POTÁVEL, SANITÁRIOS E CONDIÇÕES DIGNAS DE TRABALHO AOS GARIS E DEMAIS PROFISSIONAIS DE LIMPEZA URBANA NO MUNICÍPIO DE SÃO PAULO, E DÁ OUTRAS PROVIDÊNCIAS."
788697,PL 199/2026,PL,199,2026,AUTORIZA O PODER EXECUTIVO A IMPLANTAR UNIDADE DESCENTRALIZADA DO SERVIÇO DE VERIFICAÇÃO DE ÓBITOS – SVO – NA REGIÃO DA ZONA LESTE DO MUNICÍPIO DE SÃO PAULO E DÁ OUTRAS PROVIDÊNCIAS.
788712,PL 200/2026,PL,200,2026,"DENOMINA DIONÍSIO SOARES MALTA, A PRAÇA INOMINADA, LOCALIZADA NA RUA CLODOMIRO PASCHOAL, ENTRE AS RUAS PROF. ASSIS VELOSO E IDA VANUSSI PUNTEL, E DÁ OUTRAS PROVIDÊNCIAS."
788714,PL 201/2026,PL,201,2026,"INSTITUI O PROGRAMA PERMANENTE “CIDADE SEM ENCHENTE”, DESTINADO AO PLANEJAMENTO, EXECUÇÃO E TRANSPARÊNCIA DAS AÇÕES DE DESASSOREAMENTO PREVENTIVO, LIMPEZA E MANUTENÇÃO PROGRAMADA DE RIOS, CÓRREGOS E SISTEMAS DE DRENAGEM URBANA NO MUNICÍPIO DE SÃO PAULO, E DÁ OUTRAS PROVIDÊNCIAS."
788715,PL 202/2026,PL,202,2026,"DISPÕE ALTERAÇÃO DA LEI Nº 17.913, DE 17 DE FEVEREIRO DE 2023, RETIRANDO DO ANEXO IV DA PRESENTE LEI, A OBRIGATORIEDADE DE PAGAMENTO DOS ADICIONAIS DE INSALUBRIDADE, PERICULOSIDADE E PENOSIDADE, MANTENDO APENAS A GRATIFICAÇÃO POR RISCO DE VIDA E SAÚDE, DANDO AINDA OUTRAS PROVIDÊNCIAS”."
788717,PL 203/2026,PL,203,2026,INSTITUI O PROGRAMA GUARDIÕES DA CIDADE NO MUNICÍPIO DE SÃO PAULO E DÁ OUTRAS PROVIDÊNCIAS.
788725,PL 205/2026,PL,205,2026,"ALTERA O NOME DA RUA ALBERTO PIRES, LOCALIZADA NO BAIRRO DA VILA ZATT, PARA RUA LEONOR DE CAMARGO CABRAL E DÁ OUTRAS PROVIDÊNCIAS."
788778,PL 206/2026,PL,206,2026,"INSTITUI O PROGRAMA ""SOL PAULISTANO"", DISPÕE SOBRE INCENTIVOS URBANÍSTICOS PARA A GERAÇÃO DE ENERGIA SOLAR EM EDIFICAÇÕES RESIDENCIAIS, ALTERA AS LEIS 
Nº 16.050/2014, Nº 16.402/2016 E N° 16.642/2017, E DÁ OUTRAS PROVIDÊNCIAS."
788808,PL 207/2026,PL,207,2026,"INSTITUI A POLÍTICA MUNICIPAL DE PREVENÇÃO E
ENFRENTAMENTO AO FEMINICÍDIO, CRIA O SISTEMA INTEGRADO DE PROTEÇÃO À MULHER NO ÂMBITO DO MUNICÍPIO DE SÃO PAULO, ESTABELECE DIRETRIZES PARA A ARTICULAÇÃO INTERSETORIAL DE POLÍTICAS PÚBLICAS E PARA A INTEGRAÇÃO DE TECNOLOGIAS DE MONITORAMENTO, EM CONSONÂNCIA COM O PACTO NACIONAL PELO ENFRENTAMENTO À VIOLÊNCIA CONTRA AS MULHERES, E DÁ OUTRAS PROVIDÊNCIAS."
788897,PL 208/2026,PL,208,2026,"INSTITUI O SISTEMA MUNICIPAL DE GESTÃO E DESTINAÇÃO DE BENS APREENDIDOS – SMGDBA, ESTABELECE PROCEDIMENTOS PARA ALIENAÇÃO, DOAÇÃO, REUTILIZAÇÃO OU DESCARTE DE BENS APREENDIDOS PELAS SUBPREFEITURAS, E DÁ OUTRAS PROVIDÊNCIAS."
788991,PDL 19/2026,PDL,19,2026,DISPÕE SOBRE A OUTORGA DE SALVA DE PRATA EM HOMENAGEM À EMPRESA COSECURITY COMÉRCIO E SERVIÇOS COMPARTILHADOS LTDA.
789038,PL 210/2026,PL,210,2026,"DISPÕE SOBRE A VEDAÇÃO DA CONTRATAÇÃO DE EMPRESAS TERCEIRIZADAS QUE ADOTEM O REGIME DA ESCALA 6X1 NA REDE PÚBLICA MUNICIPAL DE ENSINO, E DÁ OUTRAS PROVIDÊNCIAS."
789074,PL 211/2026,PL,211,2026,DECLARA COMO PATRIMÔNIO CULTURAL IMATERIAL DO MUNICÍPIO DE SÃO PAULO O GRÊMIO ESPORTIVO RECREATIVO CRUZ DA ESPERANÇA E RECONHECE SUA RELEVÂNCIA HISTÓRICA E CULTURAL PARA A MEMÓRIA DA CULTURA NEGRA PAULISTANA.
789117,PL 212/2026,PL,212,2026,DISPÕE SOBRE A OBRIGATORIEDADE DE TREINAMENTO DE EVACUAÇÃO EM SITUAÇÕES DE INCÊNDIO E OUTRAS EMERGÊNCIAS NAS ESCOLAS DA REDE MUNICIPAL E PRIVADA DO MUNICÍPIO DE SÃO PAULO.
789341,PDL 20/2026,PDL,20,2026,"SUSTA O DECRETO Nº 64.999, DE 10 DE MARÇO DE 2026, QUE MODIFICA PARCIALMENTE A ESTRUTURA ORGANIZACIONAL DA SECRETARIA MUNICIPAL DA SAÚDE E SEU RESPECTIVO QUADRO DE CARGOS DE PROVIMENTO EM COMISSÃO, BEM COMO INTRODUZ ALTERAÇÕES NO DECRETO Nº 59.685, DE 13 DE AGOSTO DE 2020."
789418,PL 217/2026,PL,217,2026,AUTORIZA A CRIAÇÃO DO PROGRAMA MUNICIPAL RUAS DE PARALELEPÍPEDO NAS VIAS DO MUNICÍPIO DE SÃO PAULO.
789482,PL 218/2026,PL,218,2026,"INSTITUI O ESTATUTO DA MULHER PAULISTANA, REGULA DIREITOS, ESTABELECE MEDIDAS DE ASSISTÊNCIA, PROTEÇÃO, PROMOÇÃO DA AUTONOMIA E ORGANIZAÇÃO DA REDE DE PROTEÇÃO DAS MULHERES NO MUNICÍPIO DE SÃO PAULO, E DÁ OUTRAS PROVIDÊNCIAS."
789533,PL 219/2026,PL,219,2026,"INSTITUI O POLO DE ECOTURISMO, GASTRONOMIA E CULTURA ""HORTO-CANTAREIRA-ROSEIRA"", DEFINE O TERRITÓRIO COMO TERRITÓRIO DE INTERESSE DA CULTURA E DA PAISAGEM (TICP), ESTABELECE DIRETRIZES DE MOBILIDADE SUSTENTÁVEL, INSTITUI O PROGRAMA DE RETROFIT RURAL E INCENTIVOS FISCAIS, E DÁ OUTRAS PROVIDÊNCIAS."
789541,PL 220/2026,PL,220,2026,"INSTITUI O “ESPAÇO SENSORIAL VALENTINA SALMERON BARBOSA DOS SANTOS” NOS CENTROS EDUCACIONAIS UNIFICADOS (CEUS) DO MUNICÍPIO DE SÃO PAULO, DESTINADO AO ACOLHIMENTO E REGULAÇÃO SENSORIAL DE PESSOAS COM TRANSTORNO DO ESPECTRO AUTISTA (TEA) E OUTRAS NEURODIVERGÊNCIAS."
789564,PL 221/2026,PL,221,2026,"DISPÕE SOBRE A INCLUSÃO NOS MESES DE JUNHO A JULHO DA FESTA JUNINA LEGAL DA CATEDRAL DE SÃO MIGUEL ARCANJO NO CALENDÁRIO OFICIAL DE EVENTOS DO MUNICÍPIO DE SÃO PAULO, DANDO AINDA, OUTRAS PROVIDÊNCIAS."
789640,PL 223/2026,PL,223,2026,"ALTERA A LEI 17.851, DE 27 DE OUTUBRO DE 2022, PARA AMPLIAR OS BENEFÍCIOS PARA OS “FILHOS DO FEMINICÍDIO” E DÁ OUTRAS PROVIDÊNCIAS."
789654,PL 225/2026,PL,225,2026,"ALTERA A LEI Nº 14.485, DE 19 DE JULHO DE 2007, PARA INCLUIR NO CALENDÁRIO DE EVENTOS DA CIDADE DE SÃO PAULO O DIA DO “ANIVERSÁRIO DO BAIRRO REGATAS TIETÊ”, E DÁ OUTRAS PROVIDÊNCIAS."
789814,PL 226/2026,PL,226,2026,"INSTITUI O SISTEMA MUNICIPAL DE PROTEÇÃO A AUTORIDADES – SMPA, ESTABELECE CRITÉRIOS PARA CONCESSÃO DE SEGURANÇA PESSOAL E ESCOLTA ARMADA A AUTORIDADES, EX AUTORIDADES E DEMAIS SERVIDORES MUNICIPAIS EM SITUAÇÃO DE RISCO, E DÁ OUTRAS PROVIDÊNCIAS."
789881,PL 227/2026,PL,227,2026,DISPÕE SOBRE A ALTERAÇÃO DA DENOMINAÇÃO DA RUA CARLOS MARIGHELLA PARA RUA CLERISTON PEREIRA DA CUNHA
790082,PL 228/2026,PL,228,2026,"ALTERA A LEI Nº 14.485, DE 19 DE JULHO DE 2007, PARA INCLUIR NO CALENDÁRIO OFICIAL DE EVENTOS DA CIDADE DE SÃO PAULO A “SEMANA MUNICIPAL DE MOBILIZAÇÃO PELA SAÚDE DAS MULHERES”."
790096,PL 229/2026,PL,229,2026,"DISPÕE SOBRE A ALTERAÇÃO DA RUA MOACIR PIZA PARA NENÊ ROMANO, O LOGRADOURO PÚBLICO  LOCALIZADO EM CERQUEIRA CEZAR E DÁ OUTRAS PROVIDÊNCIAS."
790173,PL 231/2026,PL,231,2026,"INSTITUI A ZONA DE SILÊNCIO EDUCACIONAL NO ENTORNO DE LOCAIS DE REALIZAÇÃO DE VESTIBULARES, EXAMES NACIONAIS E CONCURSOS PÚBLICOS NO MUNICÍPIO DE SÃO PAULO, E DÁ OUTRAS PROVIDÊNCIAS."
790303,PL 232/2026,PL,232,2026,"INSTITUI O ADICIONAL DE RISCO POR EXPOSIÇÃO À VIOLÊNCIA PARA OS AGENTES COMUNITÁRIOS DE SAÚDE, AGENTES DE COMBATE ÀS ENDEMIAS E CONSELHEIROS TUTELARES NO ÂMBITO DO MUNICÍPIO DE SÃO PAULO,  EM RAZÃO DOS RISCOS INERENTES AO EXERCÍCIO DE SUAS FUNÇÕES EM AMBIENTES EXTERNOS, E DÁ OUTRAS PROVIDÊNCIAS."
790463,PL 233/2026,PL,233,2026,"ALTERA O INCISO II DO ARTIGO 6º DA LEI Nº 13.697, DE 22 DE DEZEMBRO DE 2003, PARA ABRANGER, NO PROGRAMA DE TRANSPORTE ESCOLAR MUNICIPAL GRATUITO, OS ALUNOS DA EDUCAÇÃO INFANTIL E DE TODOS OS ANOS DO ENSINO FUNDAMENTAL DA REDE MUNICIPAL DE ENSINO, E DÁ OUTRAS PROVIDÊNCIAS."
790609,PL 234/2026,PL,234,2026,"ESTABELECE A PROIBIÇÃO DA CONCESSÃO DE HOMENAGENS A PESSOAS E ENTIDADES CONDENADAS POR ATOS ANTIDEMOCRÁTICOS PRATICADOS NO DIA 8 DE JANEIRO DE 2023; E ALTERA A LEI N° 14.454, DE 27 DE JUNHO DE 2007, PARA VEDAR A DENOMINAÇÃO E A ALTERAÇÃO DA DENOMINAÇÃO DE VIAS, LOGRADOUROS E PRÓPRIOS MUNICIPAIS EM NOME DE PESSOA QUE TENHA CONTRA SI CRIMES CONTRA O ESTADO DEMOCRÁTICO DE DIREITO."
790614,PL 235/2026,PL,235,2026,"ALTERA O ART. 3º DA LEI MUNICIPAL Nº 16.897, DE 23 DE MAIO DE 2018, QUE PROÍBE O MANUSEIO, A UTILIZAÇÃO, A QUEIMA E A SOLTURA DE FOGOS DE ESTAMPIDOS E DE ARTIFÍCIOS, ASSIM COMO DE QUAISQUER ARTEFATOS PIROTÉCNICOS DE EFEITO SONORO RUIDOSO NO MUNICÍPIO DE SÃO PAULO, PARA MAJORAR O VALOR DA MULTA APLICADA E DISCIPLINAR A AUTORIDADE RESPONSÁVEL PELA SUA APLICAÇÃO."
790669,PL 236/2026,PL,236,2026,DISPÕE SOBRE A VERIFICAÇÃO DA LEGITIMIDADE DE ANÚNCIOS DE VENDA E LOCAÇÃO DE IMÓVEIS EM PLATAFORMAS DIGITAIS NO MUNICÍPIO DE SÃO PAULO E ESTABELECE MEDIDAS DE PREVENÇÃO A FRAUDES IMOBILIÁRIAS.
790671,PDL 22/2026,PDL,22,2026,"SUSTA O DECRETO Nº 64.999, DE 10 DE MARÇO DE 2026 [MODIFICA PARCIALMENTE A ESTRUTURA ORGANIZACIONAL DA SECRETARIA MUNICIPAL DA SAÚDE E SEU RESPECTIVO QUADRO DE CARGOS DE PROVIMENTO EM COMISSÃO]."
790677,PL 237/2026,PL,237,2026,DISPÕE SOBRE A PROIBIÇÃO DE VEICULAÇÃO DE PUBLICIDADE E PROPAGANDA RELACIONADA A COMBUSTÍVEIS FÓSSEIS EM ESPAÇOS PÚBLICOS NO MUNICÍPIO DE SÃO PAULO E DÁ OUTRAS PROVIDÊNCIAS.
790678,PL 238/2026,PL,238,2026,"DENOMINA ESTÁDIO ARMANDO GARDENGHI “JACARÉ”, O CAMPO LOCALIZADO NO CENTRO ESPORTIVO BRIGADEIRO EDUARDO GOMES - PARQUE SAMPAIO MOREIRA (RUA APUCARANA, N° 233), NO DISTRITO DA MOOCA E DÁ OUTRAS PROVIDÊNCIAS."
790741,PL 239/2026,PL,239,2026,"INSTITUI O PROGRAMA MUNICIPAL DE EDUCAÇÃO PARA EMPATIA, CONVIVÊNCIA, SAÚDE MENTAL E RESPEITO AOS ANIMAIS, COM PARTICIPAÇÃO DAS FAMÍLIAS, NO ÂMBITO DA REDE MUNICIPAL DE ENSINO DE SÃO PAULO, E DÁ OUTRAS PROVIDÊNCIAS."
790742,PL 240/2026,PL,240,2026,"INSTITUI O PROGRAMA DE TRANSPORTE EDUCACIONAL GRATUITO INTEGRAL – TEGI NO MUNICÍPIO DE SÃO PAULO, NO ÂMBITO DA REDE MUNICIPAL DE ENSINO E DAS CRECHES SOB GESTÃO DA SECRETARIA MUNICIPAL DE EDUCAÇÃO, GARANTINDO O ATENDIMENTO DESDE A PRIMEIRA INFÂNCIA (BABY-TEG) ATÉ A CONCLUSÃO DA EDUCAÇÃO BÁSICA MUNICIPAL, COM MECANISMOS DE SEGURANÇA, MONITORAMENTO E TRANSPARÊNCIA, E DÁ OUTRAS PROVIDÊNCIAS."
790781,PL 241/2026,PL,241,2026,"AUTORIZA O PODER EXECUTIVO A INSTITUIR O POLO CULTURAL, GASTRONÔMICO, TURÍSTICO E DE INDÚSTRIA CRIATIVA DO BAIRRO DO LIMÃO - ""POLO LIMÃO"", ESTABELECE DIRETRIZES DE QUALIFICAÇÃO URBANA, INCENTIVOS FISCAIS E DÁ OUTRAS PROVIDÊNCIAS."
790884,PL 242/2026,PL,242,2026,"DISPÕE SOBRE A DENOMINAÇÃO DE LOGRADOURO PÚBLICO INOMINADO COMO PRAÇA MARCOS JOSÉ DA SILVA, E DÁ OUTRAS PROVIDÊNCIAS."
790995,PL 243/2026,PL,243,2026,"DENOMINA A PRAÇA INOMINADA COMPREENDIDA NO ENTRONCAMENTO ENTRE AS RUAS PAULO AVELAR, NILO LUIZ MAZZEI E CRISTOVÃO LINS, NO BAIRRO VILA IZOLINA MAZZEI COMO PRAÇA MARIA ANGÉLICA PAULA DE AQUINO E DÁ OUTRAS PROVIDÊNCIAS"
791043,PL 244/2026,PL,244,2026,"DENOMINA PRAÇA JOSE NATALE A ÁREA PÚBLICA MUNICIPAL DELIMITADA PELA RUA IAPÓ, RUA ZARA E A AVENIDA OTAVIANO ALVES DE LIMA, SITIADA NO SETOR 306, QUADRA 142 E LOTE 0028, NA SUBPREFEITURA DA CASA VERDE, LIMÃO, CACHOEIRINHA."
791278,PDL 28/2026,PDL,28,2026,DISPÕE SOBRE A OUTORGA DE TÍTULO DE CIDADÃO PAULISTANO A VALDEYR DOS SANTOS AIRES BARROS E DÁ OUTRAS PROVIDÊNCIAS.
791279,PDL 29/2026,PDL,29,2026,DISPÕE SOBRE A OUTORGA DE SALVA DE PRATA À CATEDRAL ANGLICANA DE SÃO PAULO E DÁ OUTRAS PROVIDÊNCIAS.
791280,PL 245/2026,PL,245,2026,"INSTITUI A CAMPANHA PERMANENTE DE MOBILIZAÇÃO DOS HOMENS PELO FIM DA VIOLÊNCIA CONTRA A MULHER – LAÇO BRANCO, NO ÂMBITO DO MUNICÍPIO DE SÃO PAULO, E DÁ OUTRAS PROVIDÊNCIAS."
791340,PL 247/2026,PL,247,2026,"INSTITUI A DENOMINAÇÃO TURÍSTICA “BECO DO BATMAN – POLO DE ARTE URBANA DA VILA MADALENA” NO MUNICÍPIO DE SÃO PAULO, SEM ALTERAÇÃO DOS NOMES OFICIAIS DE LOGRADOUROS, E DÁ OUTRAS PROVIDÊNCIAS."
791341,PL 248/2026,PL,248,2026,"DISPÕE SOBRE A INCLUSÃO DO EVENTO “ARRAIÁ DA PADROEIRA – QUERMESSE DA FAMÍLIA”, NOS MESES DE JUNHO A JULHO, NO CALENDÁRIO OFICIAL DE EVENTOS DO MUNICÍPIO DE SÃO PAULO"
791473,PL 249/2026,PL,249,2026,ALTERA A DENOMINAÇÃO “PRAÇA LIONS CLUBE – IMIRIM” PARA “PRAÇA LIONS CLUBE-IMIRIM - PE. AGOSTINHO”.
791656,PL 250/2026,PL,250,2026,"DENOMINA A PRAÇA COMPREENDIDA ENTRE NO ENTRONCAMENTO ENTRE A RUA AGUAS VITRUOSAS COM AVENIDA ENGENHEIRO CAETANO ALVARES, NO BAIRRO CASA VERDE COMO PRAÇA CABO ANDERSON PERONI VALENTIN E DÁ OUTRAS PROVIDÊNCIAS."
791812,PL 251/2026,PL,251,2026,"ALTERA A LEI Nº 13.299, DE 16 DE JANEIRO DE 2002, PARA PREVER A PARTICIPAÇÃO DE REPRESENTANTE DA AGÊNCIA REGULADORA DE SERVIÇOS PÚBLICOS DO MUNICÍPIO DE SÃO PAULO – SP REGULA NAS REUNIÕES DOS CONSELHOS COMUNITÁRIOS DE SEGURANÇA – CONSEG."
791929,PL 253/2026,PL,253,2026,"DENOMINA PRAÇA JOSÉ ROBERTO DE SOUZA O LOGRADOURO PÚBLICO INOMINADO, SITUADO NO DISTRITO DA FREGUESIA DO Ó, SUBPREFEITURA FREGUESIA/BRASILÂNDIA."
791952,PL 254/2026,PL,254,2026,"DENOMINA PRAÇA MARIA JOSÉ LEANDRO DA CRUZ O LOGRADOURO PÚBLICO INOMINADO, SITUADO NO DISTRITO DO ITAIM PAULISTA."
791955,PR 8/2026,PR,8,2026,DISPÕE SOBRE A CRIAÇÃO DA MEDALHA DE RECONHECIMENTO AOS 35 ANOS DE SERVIÇO NA GUARDA CIVIL METROPOLITANA E DÁ OUTRAS PROVIDÊNCIAS.
792040,PDL 32/2026,PDL,32,2026,DISPÕE SOBRE A OUTORGA DO TÍTULO DE CIDADÃO PAULISTANO AO SR. ROMEU ZEMA NETO.
792099,PL 255/2026,PL,255,2026,CRIA A POLÍTICA MUNICIPAL DE ERRADICAÇÃO DO TRABALHO INFANTIL E ENFRENTAMENTO À EXPLORAÇÃO DE CRIANÇAS E ADOLESCENTES EM SITUAÇÃO DE MENDICÂNCIA EM LOGRADOUROS PÚBLICOS DO MUNICÍPIO DE SÃO PAULO.
792197,PL 256/2026,PL,256,2026,"DISPÕE SOBRE A AUTORIZAÇÃO DE IDENTIFICAÇÃO TEMPORÁRIA DE ANIMAIS SOB CUSTÓDIA DE ESTABELECIMENTOS QUE PRESTAM SERVIÇOS DE HOSPEDAGEM, ATENDIMENTO, CUIDADOS, PROCEDIMENTOS OU MANEJO DE ANIMAIS NO MUNICÍPIO DE SÃO PAULO."
792556,PL 258/2026,PL,258,2026,INSTITUI A POLÍTICA MUNICIPAL DE ACESSIBILIDADE PARA PESSOAS COM DEFICIÊNCIA NO MUNICÍPIO DE SÃO PAULO E DÁ OUTRAS PROVIDÊNCIAS.
792682,PL 259/2026,PL,259,2026,"ALTERA A LEI Nº 15.020, DE 29 DE OUTUBRO DE 2009, QUE DISPÕE SOBRE A BOLSA-ATLETA, PARA INCLUIR A CATEGORIA FUTEBOL PARA AMPUTADOS NO PROGRAMA BOLSA-ATLETA DA CIDADE DE SÃO PAULO."
792687,PL 260/2026,PL,260,2026,DISPÕE SOBRE A ISENÇÃO DA TARIFA DE ESTACIONAMENTO ROTATIVO (ZONA AZUL) PELO PERÍODO DE 02 (DUAS) HORAS NAS VAGAS LOCALIZADAS NO ENTORNO DOS EQUIPAMENTOS DE SAÚDE E DE ASSISTÊNCIA SOCIAL.
793062,PL 262/2026,PL,262,2026,"AUTORIZA A CRIAÇÃO DO PROGRAMA MUNICIPAL PRIMEIRO OLHAR, VOLTADO À PROMOÇÃO DO DESENVOLVIMENTO EMOCIONAL NA PRIMEIRA INFÂNCIA, À ORIENTAÇÃO PARENTAL E AO FORTALECIMENTO DO VÍNCULO CUIDADOR-BEBÊ NO ÂMBITO DAS UNIDADES DA REDE MUNICIPAL DE SAÚDE E ASSISTÊNCIA SOCIAL"
793063,PL 263/2026,PL,263,2026,INSTITUI DIRETRIZES PARA CAPACITAÇÃO EM PRIMEIROS SOCORROS DOS PROFISSIONAIS QUE ATUAM EM ÁREAS DE ALIMENTAÇÃO EM SHOPPING CENTERS DO MUNICÍPIO DE SÃO PAULO E DÁ OUTRAS PROVIDÊNCIAS.
793064,PDL 33/2026,PDL,33,2026,DISPÕE SOBRE A CONCESSÃO DE TÍTULO DE CIDADÃ PAULISTANA A SENHORA IRMÃ BERNADINE ELELIA OTIRI E DÁ OUTRAS PROVIDÊNCIAS.
793065,PDL 34/2026,PDL,34,2026,DISPÕE SOBRE A OUTORGA DE TÍTULO DE CIDADÃO PAULISTANO À LUIZ GONZAGA LEITE (GUARDA LUIZINHO)
793085,PL 264/2026,PL,264,2026,"DENOMINA PRAÇA BETH CARVALHO O ESPAÇO INOMINADO LOCALIZADO NO BAIRRO VILA INDIANA, SUBPREFEITURA DO BUTANTÃ."
793175,PL 265/2026,PL,265,2026,INSTITUI A POLÍTICA MUNICIPAL DE SOBERANIA DIGITAL E DÁ OUTRAS PROVIDÊNCIAS.
793183,PL 266/2026,PL,266,2026,"DISPÕE SOBRE A ISENÇÃO DE EMOLUMENTOS E TAXAS DECORRENTES DA ALTERAÇÃO DE DENOMINAÇÃO DE LOGRADOURO PÚBLICO NO MUNICÍPIO DE SÃO PAULO, E DÁ OUTRAS PROVIDÊNCIAS."
793443,PLO 2/2026,PLO,2,2026,"ALTERA O INCISO VI DO ART. 203 E O ART. 206 DO CAPÍTULO III DO TÍTULO VI DA LEI ORGÂNICA DO MUNICÍPIO, INCLUINDO DISPOSITIVOS QUE GARANTEM A INCLUSÃO DE PESSOAS COM DEFICIÊNCIA NO SISTEMA MUNICIPAL DE EDUCAÇÃO, EM CONFORMIDADE COM A LEI BRASILEIRA DE INCLUSÃO (LBI)"
793510,PL 267/2026,PL,267,2026,"REVOGA O ART. 6º DA LEI Nº 17.970, DE 23 DE JUNHO DE 2023, QUE DISPÕE SOBRE A ESTRUTURA E FUNCIONAMENTO DA CÂMARA MUNICIPAL DE SÃO PAULO."
793532,PL 268/2026,PL,268,2026,"INTRODUZ MODIFICAÇÕES NA LEI 13.174 DE 05 DE SETEMBRO DE 2001, QUE INSTITUI AS COMISSÕES INTERNAS DE PREVENÇÃO DE ACIDENTES - CIPA'S, NO ÂMBITO DA ADMINISTRAÇÃO MUNICIPAL, E DÁ OUTRAS PROVIDÊNCIAS."
793712,PL 269/2026,PL,269,2026,"AUTORIZA O PODER EXECUTIVO A INCENTIVAR, PROMOVER E APOIAR A IMPLANTAÇÃO DE ESPAÇOS DESTINADOS À SEGREGAÇÃO E ARMAZENAMENTO DE RESÍDUOS RECICLÁVEIS EM EDIFICAÇÕES EXISTENTES NO MUNICÍPIO DE SÃO PAULO, E DÁ OUTRAS PROVIDÊNCIAS."
793713,PL 270/2026,PL,270,2026,"ESTABELECE DIRETRIZES PARA A POLÍTICA DE INTEGRIDADE E PREVENÇÃO À CAPTURA REGULATÓRIA, MEDIANTE O RODÍZIO PERIÓDICO DE AGENTES PÚBLICOS NAS ATIVIDADES DE FISCALIZAÇÃO NO ÂMBITO DAS SUBPREFEITURAS DO MUNICÍPIO DE SÃO PAULO."
793784,PL 271/2026,PL,271,2026,"INSTITUI, NO ÂMBITO DO MUNICÍPIO DE SÃO PAULO, A LEI DE PROTEÇÃO À MEMÓRIA E À DIGNIDADE DAS VÍTIMAS, QUE VISA IMPEDIR A EXPLORAÇÃO ECONÔMICA DE CRIMES POR SEUS AUTORES E DÁ OUTRAS PROVIDÊNCIAS."
793785,PL 272/2026,PL,272,2026,"INSTITUI, NO ÂMBITO DO MUNICÍPIO DE SÃO PAULO, O PROGRAMA “CRESCER COM RESPEITO”, DESTINADO À PROMOÇÃO DA CONVIVÊNCIA SAUDÁVEL, DO RESPEITO MÚTUO, DA IGUALDADE E DA PREVENÇÃO DA VIOLÊNCIA ENTRE CRIANÇAS E ADOLESCENTES, E DÁ OUTRAS PROVIDÊNCIAS."
793819,PL 273/2026,PL,273,2026,"INSTITUI O PROGRAMA MUNICIPAL “ESPAÇO DO MOTOCA”, DESTINADO AO APOIO, SEGURANÇA E INFRAESTRUTURA PARA MOTOCICLISTAS, E AUTORIZA O PODER EXECUTIVO A ESTABELECER PARCERIAS PÚBLICO-PRIVADAS PARA SUA IMPLANTAÇÃO E OPERAÇÃO."
793821,PL 274/2026,PL,274,2026,"INSTITUI, NO ÂMBITO DO MUNICÍPIO DE SÃO PAULO, O PROGRAMA LIXO ZERO – RECOMPENSA PREMIADA, DESTINADO A INCENTIVAR A POPULAÇÃO A DENUNCIAR PRÁTICAS DE DESCARTE IRREGULAR DE RESÍDUOS SÓLIDOS E DEMAIS INFRAÇÕES AMBIENTAIS URBANAS, MEDIANTE PAGAMENTO DE RECOMPENSA FINANCEIRA, E DÁ OUTRAS PROVIDÊNCIAS."
793845,PL 275/2026,PL,275,2026,"ALTERA O ART. 50 DA LEI Nº 14.223, DE 26 DE SETEMBRO DE 2006 (LEI CIDADE LIMPA), PARA ESTABELECER CRITÉRIOS DE TRANSPARÊNCIA, CONTROLE, CONTRAPARTIDA FINANCEIRA E PARTICIPAÇÃO SOCIAL NOS TERMOS DE COOPERAÇÃO COM A INICIATIVA PRIVADA, E DÁ OUTRAS PROVIDÊNCIAS."
793854,PDL 37/2026,PDL,37,2026,"DISPÕE SOBRE A CONCESSÃO DA SALVA DE PRATA AO HOSPITAL CEMA PELOS 50 ANOS DE SUA FUNDAÇÃO, E DÁ OUTRAS PROVIDÊNCIAS"
793903,PL 276/2026,PL,276,2026,"DISPÕE SOBRE A INSTITUIÇÃO DE PARCERIAS PÚBLICO-PRIVADAS COM ACADEMIAS E CENTROS DE ATIVIDADE FÍSICA PARA OFERTA DE EQUIPAMENTOS ADAPTADOS E AULAS ESPECÍFICAS DESTINADAS A PESSOAS COM DEFICIÊNCIA FÍSICA USUÁRIAS DE CADEIRA DE RODAS, E DÁ OUTRAS PROVIDÊNCIAS."
793904,PL 277/2026,PL,277,2026,"ALTERA A LEI Nº 14.485, DE 19 DE JULHO DE 2007, PARA INCLUIR O “DIA MUNICIPAL DE CONSCIENTIZAÇÃO E ORIENTAÇÃO SOBRE O LIPEDEMA”, NO CALENDÁRIO DE EVENTOS DO MUNICÍPIO DE SÃO PAULO, E DÁ OUTRAS PROVIDÊNCIAS."
793906,PL 278/2026,PL,278,2026,"INSTITUI A POLÍTICA MUNICIPAL DE ATENÇÃO E CUIDADOS ÀS MULHERES PORTADORAS DE LIPEDEMA, NO MUNICÍPIO DE SÃO PAULO E DÁ OUTRAS PROVIDÊNCIAS."
793914,PL 279/2026,PL,279,2026,"INSTITUI O “MÊS MUNICIPAL DE MOBILIZAÇÃO E RASTREAMENTO INTENSIVO DOS PRINCIPAIS CÂNCERES QUE ACOMETEM ÀS MULHERES”, NO MUNICÍPIO DE SÃO PAULO E DÁ OUTRAS PROVIDÊNCIAS."
794043,PL 280/2026,PL,280,2026,"INSTITUI, NO ÂMBITO DA REDE MUNICIPAL DE ENSINO DA CIDADE DE SÃO PAULO, A DIÁRIA DE EDUCAÇÃO DE JORNADA EXTRAORDINÁRIA – DEJEX EDUCAÇÃO, DESTINADA AO DESEMPENHO VOLUNTÁRIO DE ATIVIDADES PEDAGÓGICAS E DE REGÊNCIA DE CLASSE ALÉM DA JORNADA REGULAR, E DÁ OUTRAS PROVIDÊNCIAS."
794168,PDL 38/2026,PDL,38,2026,DISPÕE SOBRE A OUTORGA DE SALVA DE PRATA A CASA DO OLEIRO CHURCH E DÁ OUTRAS PROVIDÊNCIAS.
794207,PL 283/2026,PL,283,2026,"ALTERA A LEI Nº 16.212, DE 10 DE JUNHO DE 2015, PARA DISPOR SOBRE A COOPERAÇÃO ESPECÍFICA APLICÁVEL AOS CACHORRÓDROMOS E ESPAÇOS DESTINADOS PARA CÃES, TAMBÉM CONHECIDOS COMO PARCÃES."
794314,PL 284/2026,PL,284,2026,"ALTERA A LEI MUNICIPAL Nº DA LEI Nº 14.471/2007, PARA DECLARAR A CIDADE DE TIRANA, CAPITAL DA REPÚBLICA DA ALBÂNIA, COMO CIDADE-IRMÃ DA CIDADE DE SÃO PAULO."
794335,PL 285/2026,PL,285,2026,AUTORIZA O PODER EXECUTIVO A INSTITUIR O PROGRAMA DE SAÚDE OCULAR NO ÂMBITO DO MUNICÍPIO DE SÃO PAULO E DÁ OUTRAS PROVIDÊNCIAS.
794379,PL 286/2026,PL,286,2026,"DISPÕE SOBRE A OBRIGATORIEDADE DE TAMPAS NÃO REMOVÍVEIS, FIXAS, EM GARRAFAS DESCARTÁVEIS CONFECCIONADAS COM POLIETILENO TEREFTALATO (PET), COMERCIALIZADAS NO ÂMBITO DO MUNICÍPIO DE SÃO PAULO."
794381,PL 287/2026,PL,287,2026,DISPÕE SOBRE A ATIVIDADE DE DESCARGA DE CONCRETO E ARGAMASSA NO MUNICÍPIO DE SÃO PAULO.
794408,PL 288/2026,PL,288,2026,"DENOMINA PRAÇA VANGE LEONEL O ESPAÇO INOMINADO LOCALIZADO NO BAIRRO VILA PIRAJUSSARA, SUBPREFEITURA DO BUTANTÃ."
794409,PL 289/2026,PL,289,2026,"DENOMINA PRAÇA NANA CAYMMI O ESPAÇO INOMINADO  LOCALIZADO  NO  BAIRRO  VILA PIRAJUSSARA, SUBPREFEITURA DO BUTANTÃ."
794425,PL 290/2026,PL,290,2026,INSTITUI O PROGRAMA MUNICIPAL DE USO DE CÂMERAS CORPORAIS PELA GUARDA CIVIL METROPOLITANA NO MUNICÍPIO DE SÃO PAULO E DÁ OUTRAS PROVIDÊNCIAS.
794427,PL 291/2026,PL,291,2026,CRIA O PROGRAMA MULHERES NA CULTURA NO ÂMBITO DO MUNICÍPIO DE SÃO PAULO.
794429,PL 292/2026,PL,292,2026,"CRIA O PROGRAMA MUNICIPAL DE ATENDIMENTO JUVENIL AOS EGRESSOS DE SAICA, E DÁ OUTRAS PROVIDÊNCIAS."
794460,PL 293/2026,PL,293,2026,DISPÕE SOBRE A OBRIGATORIEDADE DE DIRECIONAMENTO PARA ATENDIMENTO HABITACIONAL DEFINITIVO DE FAMÍLIAS QUE FOREM VÍTIMAS DE DESASTRES NATURAIS OU ACIDENTES PROVOCADOS POR AÇÃO OU OMISSÃO HUMANA E DÁ OUTRAS PROVIDÊNCIAS.
794513,PL 294/2026,PL,294,2026,"DISPÕE SOBRE A GARANTIA DE ACOMPANHAMENTO E MONITORAMENTO, PRESENCIAL OU POR MEIOS INDIRETOS, POR PAIS OU RESPONSÁVEIS, EM CONSULTAS E TERAPIAS MULTIDISCIPLINARES A CRIANÇAS E ADOLESCENTES, BEM COMO A ADULTOS COM DEFICIÊNCIA OU SÍNDROMES, NO ÂMBITO DO MUNICÍPIO DE SÃO PAULO, E DÁ OUTRAS PROVIDÊNCIAS."
794634,PL 295/2026,PL,295,2026,CRIA O MEMORIAL MUNICIPAL DO SKATE DO VALE DO ANHANGABAÚ.
794635,PL 296/2026,PL,296,2026,"INSTITUI A ROTA MUNICIPAL DO SKATE PAULISTANO - “ROTA RODAS DA CIDADE, NO ÂMBITO DO MUNICÍPIO DE SÃO PAULO, E DÁ
OUTRAS PROVIDÊNCIAS."
795016,PDL 39/2026,PDL,39,2026,DISPÕE SOBRE A OUTORGA DO TÍTULO DE CIDADÃO PAULISTANO AO ILMO. SR. DENILSON GOMES DA SILVA.
795047,PL 297/2026,PL,297,2026,"ALTERA A LEI Nº 11.479, DE 13 DE JANEIRO DE 1994, E A LEI N° 14.268, DE 6 DE FEVEREIRO DE 2007, PARA DISPOR SOBRE A DISPENSA DE PAGAMENTO DE TAXAS, EMOLUMENTOS E TARIFAS DEVIDAS AO SERVIÇO FUNERÁRIO MUNICIPAL E SOBRE A GARANTIA DA GRATUIDADE DOS SERVIÇOS DE EXUMAÇÃO, EM CASO DE MORTE POR INTERVENÇÃO POLICIAL;"
795090,PL 300/2026,PL,300,2026,"DENOMINA A RUA HERBERT SPENCER COMO “RUA OS 9 (NOVE) QUE PERDEMOS”, LOCALIZADO NO BAIRRO PARAISÓPOLIS E NO DISTRITO VILA ANDRADE, E DÁ OUTRAS PROVIDÊNCIAS."
795178,PDL 41/2026,PDL,41,2026,"CONCEDE SALVA DE PRATA A PAIS&FILHOS, EM RECONHECIMENTO AO SEU RELEVANTE TRABALHO COM RELAÇÃO A FAMÍLIA E PARENTALIDADE NO BRASIL."
795287,PL 301/2026,PL,301,2026,"INSTITUI O ""PROGRAMA ÁRVORE CIDADÃ"" NO ÂMBITO DO MUNICÍPIO DE SÃO PAULO, DISPÕE SOBRE O PLANTIO PARTICIPATIVO DE ÁRVORES EM VIAS E PRAÇAS PÚBLICAS, E DÁ OUTRAS PROVIDÊNCIAS."
795293,PDL 42/2026,PDL,42,2026,CONCEDE A HONRARIA SALVA DE PRATA AO CENTRO DO PROFESSORADO PAULISTA - CPP.
795294,PDL 43/2026,PDL,43,2026,DISPÕE SOBRE A OUTORGA DE TÍTULO DE CIDADÃ PAULISTANA A SENHORA SHEILA APARECIDA PEDROSA DE MELLO.
795326,PL 302/2026,PL,302,2026,"INSTITUI DIRETRIZES PARA A POLÍTICA MUNICIPAL DE GASTRONOMIA SOCIAL NO MUNICÍPIO DE SÃO PAULO, RECONHECE SEU CARÁTER ESTRATÉGICO E ESTABELECE INSTRUMENTOS DE VALORIZAÇÃO, MAPEAMENTO E APOIO INSTITUCIONAL, E DÁ OUTRAS PROVIDÊNCIAS"
795367,PL 303/2026,PL,303,2026,INSTITUI O “PROGRAMA SAÚDE MENTAL DA JUVENTUDE NEGRA NA ESCOLA” QUE ESTABELECE DIRETRIZES E AÇÕES DE ENFRENTAMENTO AOS IMPACTOS DO RACISMO NA SAÚDE MENTAL DE CRIANÇAS E ADOLESCENTES COMUNIDADES ESCOLARES.
795420,PL 304/2026,PL,304,2026,"DISPÕE SOBRE A CRIAÇÃO DA POLÍTICA MUNICIPAL DE APOIO AOS CUIDADORES E CUIDADORAS DE IDOSOS, E DÁ OUTRAS PROVIDÊNCIAS."
795479,PL 305/2026,PL,305,2026,"ALTERA A LEI NO 14.485, DE 19 DE JULHO DE 2007, PARA INCLUIR NO CALENDÁRIO DE EVENTOS DA CIDADE DE SÃO PAULO O DIA MUNICIPAL DE CONSCIENTIZAÇÃO DA SAÚDE DA POPULAÇÃO NEGRA."
795548,PL 306/2026,PL,306,2026,"AUTORIZA O PODER EXECUTIVO A PROMOVER A MUNICIPALIZAÇÃO DAS CALÇADAS NO MUNICÍPIO DE SÃO PAULO, PARA CENTRALIZAR PROGRESSIVAMENTE A RESPONSABILIDADE PELA CONSTRUÇÃO, MANUTENÇÃO E CONSERVAÇÃO DOS PASSEIOS PÚBLICOS, ALTERA DISPOSITIVOS DA LEI Nº 15.442, DE 9 DE SETEMBRO DE 2011 E DÁ OUTRAS PROVIDÊNCIAS."
795597,PL 307/2026,PL,307,2026,INSTITUI O PROGRAMA MUNICIPAL DE RASTREAMENTO DA PESSOA COM TRANSTORNO DO ESPECTRO AUTISTA — “PROGRAMA ME ENCONTRE” — NO MUNICÍPIO DE SÃO PAULO.
795636,PL 308/2026,PL,308,2026,"DENOMINA COMO PRAÇA COMUNITÁRIA OSCAR SCHMIDT O LOGRADOURO PÚBLICO DA PRAÇA COMUNITÁRIA DA VILA MARIANA (CODLOG 451878) LOCALIZADA NA INTERSECÇÃO DA AVENIDA LINS DE VASCONCELOS COM A RUA VERGUEIRO, NO DISTRITO DE VILA MARIANA, SUBPREFEITURA DA VILA MARIANA."
795646,PL 309/2026,PL,309,2026,"INSTITUI O CADASTRO MUNICIPAL DE MATURIDADE INSTITUCIONAL DAS ORGANIZAÇÕES DA SOCIEDADE CIVIL – CMMI-OSC, NO ÂMBITO DO MUNICÍPIO DE SÃO PAULO, E DÁ OUTRAS PROVIDÊNCIAS."
795651,PL 310/2026,PL,310,2026,"DENOMINA PRAÇA DR. JOSÉ GREGORI, O ESPAÇO LIVRE LOCALIZADO NO CRUZAMENTO DAS AVENIDAS CIDADE JARDIM E FARIA LIMA, SUBPREFEITURA DE PINHEIROS."
795676,PL 311/2026,PL,311,2026,"DISPÕE SOBRE A DENOMINAÇÃO DA PASSARELA LOCALIZADA NA ESTAÇÃO SÃO MIGUEL PAULISTA DA CPTM, QUE INTERLIGA A ESTAÇÃO À RUA SALVADOR DE MEDEIROS, COMO “PASSARELA JORNALISTA GILBERTO TRAVESSO”, E DÁ OUTRAS PROVIDÊNCIAS."
795677,PL 312/2026,PL,312,2026,CRIA A PLATAFORMA DIGITAL MUNICIPAL DE APOIO ÀS MÃES E FAMÍLIAS ATÍPICAS (PAMFA) E DÁ OUTRAS PROVIDÊNCIAS.
795706,PL 313/2026,PL,313,2026,"INSTITUI O PROGRAMA MUNICIPAL DE APOIO ÀS ENTIDADES DE PROTEÇÃO ANIMAL, CRIA O PROGRAMA AGENTE PROTETOR DOS ANIMAIS E O PROGRAMA VETERINÁRIO AMIGO, AUTORIZA PARCERIAS, CONVÊNIOS E COOPERAÇÃO COM ENTIDADES SEM FINS LUCRATIVOS QUE ACOLHEM CÃES E GATOS ABANDONADOS, E ESTABELECE MEDIDAS DE INCENTIVO FISCAL E APOIO TÉCNICO-VETERINÁRIO NO MUNICÍPIO DE SÃO PAULO."
795709,PL 314/2026,PL,314,2026,"ALTERA A LEI Nº 14.485, DE 19 DE JULHO DE 2007, PARA INCLUIR NO CALENDÁRIO DE EVENTOS DA CIDADE DE SÃO PAULO O DIA DA CAMINHADA DA ADOÇÃO E MOBILIZAÇÃO PELA CONVIVÊNCIA FAMILIAR E DÁ OUTRAS PROVIDÊNCIAS."
795744,PL 315/2026,PL,315,2026,"ALTERA A LEI Nº 14.485, DE 19 DE JULHO DE 2007, PARA INCLUIR NO CALENDÁRIO OFICIAL DE EVENTOS DA CIDADE DE SÃO PAULO, O DIA DO EXPLOSIVISTA, QUE ACONTECE ANUALMENTE NO DIA 09 DE JUNHO."
795797,PL 316/2026,PL,316,2026,"ALTERA A LEI Nº 14.485, DE 19 DE JULHO DE 2007, PARA INCLUIR NO CALENDÁRIO OFICIAL DE EVENTOS DA CIDADE DE SÃO PAULO O DIA DE CONSCIENTIZAÇÃO SOBRE O XERODERMA PIGMENTOSO, A SER COMEMORADO ANUALMENTE EM 27 DE MAIO, E DÁ OUTRAS PROVIDÊNCIAS."
795854,PL 317/2026,PL,317,2026,INSTITUI O PROGRAMA CULTURA DE PROTEÇÃO ANIMAL E SEGURANÇA DIGITAL NA REDE MUNICIPAL DE ENSINO DE SÃO PAULO E DÁ OUTRAS PROVIDÊNCIAS.
795985,PL 318/2026,PL,318,2026,"INSTITUI DIRETRIZES PARA A POLÍTICA MUNICIPAL DE PREVENÇÃO DE ACIDENTES DOMÉSTICOS NA PRIMEIRA INFÂNCIA E NA INFÂNCIA, NO ÂMBITO DO MUNICÍPIO DE SÃO PAULO, E DÁ OUTRAS PROVIDÊNCIAS."
795986,PL 319/2026,PL,319,2026,"DISPÕE SOBRE DIRETRIZES PARA ASSEGURAR, NO ÂMBITO DA REDE PÚBLICA MUNICIPAL DE SAÚDE, A AVALIAÇÃO PERIÓDICA E A SUBSTITUIÇÃO DE SONDA GÁSTRICA DE LONGA PERMANÊNCIA, GASTROSTOMIA OU DISPOSITIVO EQUIVALENTE UTILIZADO POR CRIANÇAS COM DEFICIÊNCIA OU CONDIÇÃO CLÍNICA QUE EXIJA NUTRIÇÃO ENTERAL PROLONGADA, E DÁ OUTRAS PROVIDÊNCIAS."
796007,PL 320/2026,PL,320,2026,"DENOMINA PRAÇA RAIMUNDA ALVES DA SILVA, NO BAIRRO VILA ANTONIETA, SÃO PAULO – SP, CEP 03474-017, SUBPREFEITURA DE ARICANDUVA FORMOSA/CARRÃO E DÁ OUTRAS PROVIDÊNCIAS."
796036,PL 321/2026,PL,321,2026,"ALTERA A LEI Nº. 14.485, DE 19 DE JULHO DE 2007, COM A FINALIDADE DE INCLUIR NO CALENDÁRIO OFICIAL DE EVENTOS DA CIDADE DE SÃO PAULO O DIA DA CONSCIENTIZAÇÃO SOBRE A IMPORTÂNCIA DA CAPACITAÇÃO DO CUIDADOR DE IDOSOS, E DÁ OUTRAS PROVIDÊNCIAS."
796056,PL 322/2026,PL,322,2026,"ALTERA A LEI Nº 14.485, DE 19 DE JANEIRO DE 2007, PARA INCLUIR O DIA DO AFROTURISMO, NO CALENDÁRIO OFICIAL DA CIDADE."
796206,PDL 44/2026,PDL,44,2026,DISPÕE SOBRE A OUTORGA DE TÍTULO DE CIDADÃ PAULISTANA À ILUSTRÍSSIMA PROFESSORA TITULAR MARILENE PROENÇA REBELLO DE SOUZA E DÁ OUTRAS PROVIDÊNCIAS.
796208,PR 9/2026,PR,9,2026,DISPÕE SOBRE A CRIAÇÃO DA FRENTE PARLAMENTAR CRISTÃ NO ÂMBITO DA CÂMARA MUNICIPAL DE SÃO PAULO E DÁ OUTRAS PROVIDÊNCIAS.
796215,PL 323/2026,PL,323,2026,"DISPÕE SOBRE A OBRIGATORIEDADE DE FORMAÇÃO CONTINUADA PARA PROFISSIONAIS DO TRANSPORTE ESCOLAR PARTICULAR E GRATUITO NO MUNICÍPIO DE SÃO PAULO, COM FOCO NA PREVENÇÃO DO ESQUECIMENTO DE CRIANÇAS EM VEÍCULOS E DÁ OUTRAS PROVIDÊNCIAS."
796252,PL 324/2026,PL,324,2026,AUTORIZA A ORGANIZAÇÃO DE VISITAS ÀS INSTITUIÇÕES DE ACOLHIMENTO DE CRIANÇAS E ADOLESCENTES.
796261,PL 325/2026,PL,325,2026,"ESTABELECE PISO MÍNIMO PARA O BENEFÍCIO DE PROVISÃO HABITACIONAL TEMPORÁRIA, NA MODALIDADE AUXÍLIO-ALUGUEL, NO ÂMBITO DO MUNICÍPIO DE SÃO PAULO, E DÁ OUTRAS PROVIDÊNCIAS."
796272,PL 326/2026,PL,326,2026,"DISPÕE SOBRE NORMAS DE TRANSPARÊNCIA E LIVRE CONCORRÊNCIA NO TRANSPORTE ESCOLAR NO MUNICÍPIO DE SÃO PAULO, E DÁ OUTRAS PROVIDÊNCIAS."
796315,PL 327/2026,PL,327,2026,"ALTERA A LEI Nº 14.485, DE 19 DE JULHO DE 2007, PARA INCLUIR NO CALENDÁRIO DE EVENTOS DA CIDADE DE SÃO PAULO A SEMANA MUNICIPAL DE APOIO ÀS ARTES MARCIAIS, A SER CELEBRADA, ANUALMENTE, NA PRIMEIRA SEMANA DO MÊS DE AGOSTO."
796331,PDL 47/2026,PDL,47,2026,CONCEDE SALVA DE PRATA EM HOMENAGEM AO INSTITUTO ÁGUA CRISTALINA.
796369,PL 328/2026,PL,328,2026,"AUTORIZA O PODER EXECUTIVO A INSTITUIR O PROGRAMA MUNICIPAL DE ATENDIMENTO ESPECIALIZADO À PESSOA IDOSA NEURODIVERGENTE NO ÂMBITO DO MUNICÍPIO DE SÃO PAULO, E DÁ OUTRAS PROVIDÊNCIAS."
796370,PL 329/2026,PL,329,2026,"AUTORIZA O PODER EXECUTIVO A INSTITUIR O PROGRAMA MUNICIPAL DE CRECHES ESPECIALIZADAS PARA ATENDIMENTO À PESSOA NEURODIVERGENTE NO ÂMBITO DO MUNICÍPIO DE SÃO PAULO, E DÁ OUTRAS PROVIDÊNCIAS."
796469,PL 331/2026,PL,331,2026,"DENOMINA  PRAÇA  CELSO  VECCHIONE  O ESPAÇO  INOMINADO  LOCALIZADO  NO  BAIRRO PERDIZES, SUBPREFEITURA DA LAPA."
796487,PDL 48/2026,PDL,48,2026,DISPÕE SOBRE A OUTORGA DE SALVA DE PRATA EM HOMENAGEM AO SINDICATO DOS TRABALHADORES NAS INDÚSTRIAS DE LATICÍNIOS E ALIMENTAÇÃO DE SÃO PAULO – STILASP.
796526,PL 332/2026,PL,332,2026,DISPÕE SOBRE O ACESSO DOS VEREADORES A PROCESSOS ADMINISTRATIVOS NO ÂMBITO DA ADMINISTRAÇÃO PÚBLICA MUNICIPAL E DÁ OUTRAS PROVIDÊNCIAS.
796536,PL 333/2026,PL,333,2026,"FICA DENOMINADA COMO RUA ANTÔNIO BORO, O LOGRADOURO PÚBLICO INOMINADO, LOCALIZADO ENTRE A A RUA VICTORIO SANTIM ALTURA 2.497 E RUA CARRI VELHO ALTURA. 234, NO DISTRITO DE ITAQUERA, SUBPREFEITURA DE ITAQUERA."
796541,PL 334/2026,PL,334,2026,"INSTITUI O PROGRAMA MUNICIPAL DE MONITORAMENTO DINÂMICO EM ÁREAS SENSÍVEIS, E DÁ OUTRAS PROVIDÊNCIAS."
796543,PL 335/2026,PL,335,2026,"DISPÕE SOBRE A JORNADA DE TRABALHO DOS PSICÓLOGOS NO ÂMBITO DA ADMINISTRAÇÃO PÚBLICA DO MUNICÍPIO DE SÃO PAULO, E DÁ OUTRAS PROVIDÊNCIAS."
796641,PL 336/2026,PL,336,2026,INSTITUI O PROGRAMA TRÂNSITO SEGURO E DISPÕE SOBRE A CONCESSÃO DO SELO MOTO SEGURA/TRÂNSITO SEGURO E DÁ OUTRAS PROVIDÊNCIAS.
796699,PL 337/2026,PL,337,2026,"DENOMINA PRAÇA JOSÉ GAC, O LOGRADOURO SEM DENOMINAÇÃO, SITUADO NA ALTURA DO NÚMERO 926 DA RUA MIGUEL RACHID, ONDE FAZ CRUZAMENTO COM A RUA VICTORIA SIMIONATO, VILA ROBERTINA, ERMELINO MATARAZZO, E DÁ OUTRAS PROVIDÊNCIAS"
796729,PDL 49/2026,PDL,49,2026,"DISPÕE SOBRE A OUTORGA DE SALVA DE PRATA À IGREJA CRISTO SALVA – MINISTÉRIO TIO CÁSSIO, E DÁ OUTRAS PROVIDÊNCIAS."
796755,PL 338/2026,PL,338,2026,"DISPÕE SOBRE DIRETRIZES MUNICIPAIS PARA A ORDENAÇÃO DO USO DO SOLO, LICENCIAMENTO E FUNCIONAMENTO DE INFRAESTRUTURA URBANA DE APOIO À MOBILIDADE AÉREA AVANÇADA, INCLUINDO VERTIPORTOS, VERTIPONTOS, MICRO-HUBS LOGÍSTICOS E PONTOS DE APOIO OPERACIONAL, NO MUNICÍPIO DE SÃO PAULO, E DÁ OUTRAS PROVIDÊNCIAS."
796764,PL 339/2026,PL,339,2026,"DENOMINA PISTA SKATISTA MAILTON DOS SANTOS VIEIRA A PISTA PÚBLICA DE SKATE EXISTENTE SITUADA NA SUBPREFEITURA DA VILA PRUDENTE, E DÁ OUTRAS PROVIDÊNCIAS."
796765,PL 340/2026,PL,340,2026,"DENOMINA QUADRA DE BASQUETE OSCAR SCHMIDT A QUADRA PÚBLICA DE BASQUETE EXISTENTE SITUADA NA SUBPREFEITURA DA VILA PRUDENTE, E DÁ OUTRAS PROVIDÊNCIAS."
796778,PL 341/2026,PL,341,2026,"INSTITUI O PROGRAMA MUNICIPAL DE FOMENTO À CAPOEIRA: SALVAGUARDA, DIFUSÃO CULTURAL E INCLUSÃO RACIAL, E DÁ OUTRAS PROVIDÊNCIAS."
796801,PDL 52/2026,PDL,52,2026,"DISPÕE SOBRE A CONCESSÃO DA HONRARIA TÍTULO DE CIDADÃO PAULISTANO AO SR. RAUL CORRÊA DA SILVA, E FIXA PROVIDÊNCIAS."
796977,PR 10/2026,PR,10,2026,"DISPÕE SOBRE A JORNADA DE TRABALHO E A ESCALA DE TRABALHO ADOTADA NAS CONTRATAÇÕES DE PRESTAÇÃO DE SERVIÇOS COM REGIME DE DEDICAÇÃO EXCLUSIVA E COM PREDOMINÂNCIA DE MÃO DE OBRA NO ÂMBITO DA CÂMARA MUNICIPAL DE SÃO PAULO, E DÁ OUTRAS PROVIDÊNCIAS."
797054,PR 11/2026,PR,11,2026,"ALTERA A RESOLUÇÃO Nº 2, DE 26 DE ABRIL DE 1991 – REGIMENTO INTERNO DA CÂMARA MUNICIPAL DE SÃO PAULO, PARA CRIAR A COMISSÃO EXTRAORDINÁRIA DE MONITORAMENTO E AVALIAÇÃO DO PLANO MUNICIPAL DE EDUCAÇÃO."
797170,PDL 55/2026,PDL,55,2026,CONCEDE A HONRARIA MEDALHA ANCHIETA E O DIPLOMA DE GRATIDÃO DA CIDADE DE SÃO PAULO AO EXCELENTÍSSIMO SENHOR CARLOS NOBRE.
797182,PL 342/2026,PL,342,2026,AUTORIZA O PODER EXECUTIVO A IMPLANTAR O PROJETO ONDA VERDE PARA PRIORIZAÇÃO DE VEÍCULOS DE EMERGÊNCIA NO SISTEMA SEMAFÓRICO DO MUNICÍPIO DE SÃO PAULO.
797184,PL 343/2026,PL,343,2026,"ALTERA A LEI Nº 14.485, DE 19 DE JULHO DE 2007, PARA INCLUIR NO CALENDÁRIO OFICIAL DE EVENTOS DA CIDADE DE SÃO PAULO, O DIA “D” ESCOLA SEGURA - TREINAMENTO PRÁTICO DE SEGURANÇA NO AMBIENTE ESCOLAR, QUE ACONTECE ANUALMENTE NA PRIMEIRA SEMANA DE OUTUBRO."
797225,PL 344/2026,PL,344,2026,"INSTITUI E INCLUI NO CALENDÁRIO OFICIAL DE EVENTOS DO MUNICÍPIO DE SÃO PAULO O MÊS ""ABRIL PRATA – MÊS DE CONSCIENTIZAÇÃO E PREVENÇÃO A VIOLÊNCIA E A ATAQUES NO AMBIENTE ESCOLAR"", DEDICADO À INTELIGÊNCIA PREVENTIVA, À CONSCIENTIZAÇÃO CIBERNÉTICA E À BLINDAGEM CONTRA A VIOLÊNCIA E OS ATAQUES EM AMBIENTE ESCOLAR, E DÁ OUTRAS PROVIDÊNCIAS."
797272,PL 345/2026,PL,345,2026,"ALTERA A LEI Nº 14.485, DE 19 DE JULHO DE 2007, PARA INCLUIR NO CALENDÁRIO OFICIAL DE EVENTOS DA CIDADE DE SÃO PAULO A ""SEMANA MUNICIPAL DE CONSCIENTIZAÇÃO SOBRE ALERGIA ALIMENTAR""."
797283,PL 346/2026,PL,346,2026,"INSTITUI O PROGRAMA ""RECOMEÇO MULHER"", DESTINADO À REABILITAÇÃO INTEGRAL DE MULHERES QUE TIVERAM CÂNCER, NO ÂMBITO DOS EQUIPAMENTOS PÚBLICOS DE SAÚDE, E DÁ OUTRAS PROVIDÊNCIAS."
797329,PL 347/2026,PL,347,2026,"AUTORIZA O PODER EXECUTIVO A INSTITUIR O PROGRAMA DE APOIO AO DESLOCAMENTO COMUNITÁRIO EM SITUAÇÕES DE VELÓRIO NO MUNICÍPIO DE SÃO PAULO, E DÁ OUTRAS PROVIDÊNCIAS."
797382,PL 349/2026,PL,349,2026,"DISPÕE SOBRE A EXCLUSÃO DE BENEFÍCIOS FINANCEIROS OU ISENÇÕES DE TAXAS OU IMPOSTOS MANTIDOS NO ÂMBITO MUNICIPAL, AS PESSOAS QUE TENHAM SIDO CONDENADOS POR CRIMES DE VIOLÊNCIA SEXUAL, PSICOLÓGICA OU TORTURA CONTRA CRIANÇAS E ADOLESCENTES, E DÁ OUTRAS PROVIDÊNCIAS."
797439,PL 350/2026,PL,350,2026,DISPÕE SOBRE DENOMINAÇÃO DE LOGRADOURO INOMINADO COMO “PRAÇA JOSÉ FELICIANO DA SILVA”.
797513,PL 351/2026,PL,351,2026,"ESTABELECE DIRETRIZES PARA O FOMENTO DA PRÁTICA DE JIU-JITSU E ARTES MARCIAIS NO CONTRATURNO DAS ESCOLAS PÚBLICAS MUNICIPAIS, INSTITUI O PROGRAMA ""TATAME CIDADÃO"" COMO INSTRUMENTO DE PROMOÇÃO DA SAÚDE MENTAL E INCLUSÃO DE ALUNOS COM NEURODIVERGENTES, DEMAIS PESSOAS COM DEFICIÊNCIA E PESSOAS EM SITUAÇÃO DE VULNERABILIDADE SOCIAL E DÁ OUTRAS PROVIDÊNCIAS."
797515,PL 352/2026,PL,352,2026,"ALTERA A LEI NO 16.684, DE 10 DE JULHO DE 2017, QUE “DISPÕE SOBRE A OBRIGATORIEDADE DE AFIXAÇÃO, NO ÂMBITO DO MUNICÍPIO DE SÃO PAULO, DE AVISOS COM O NÚMERO DO DISQUE DENÚNCIA DA VIOLÊNCIA CONTRA A MULHER (DISQUE 180)""."
797686,PL 353/2026,PL,353,2026,ALTERA A DENOMINAÇÃO DO LOGRADOURO PÚBLICO CONHECIDO COMO PRAÇA SKAL PARA PRAÇA PADRE AFONSO MARIA RUBSAMEN.
797733,PL 355/2026,PL,355,2026,DISPÕE SOBRE A IMPLEMENTAÇÃO DE POLÍTICAS DE PREVENÇÃO E ENFRENTAMENTO À VIOLÊNCIA DE GÊNERO NAS ESCOLAS DA REDE PÚBLICA MUNICIPAL DE SÃO PAULO E DÁ OUTRAS PROVIDÊNCIAS.
797741,PL 356/2026,PL,356,2026,"DISPÕE SOBRE A CRIAÇÃO DE MEDIDAS DE PROTEÇÃO SOCIAL, RENEGOCIAÇÃO E READEQUAÇÃO DE DÉBITOS NO ÂMBITO DOS PROGRAMAS HABITACIONAIS VINCULADOS AO SISTEMA DE PARCERIA PARA DESENVOLVIMENTO HABITACIONAL – SPDA NA CIDADE DE SÃO PAULO E, E DÁ OUTRAS PROVIDÊNCIAS."
797956,PL 357/2026,PL,357,2026,"ALTERA A LEI N° 14.485, DE 19 DE JULHO DE 2007, PARA INCLUIR A CORRIDA PRÓ-MARCHA PARA JESUS NO CALENDÁRIO OFICIAL DE EVENTOS DA CIDADE DE SÃO PAULO E DÁ OUTRAS PROVIDÊNCIAS."
797967,PL 358/2026,PL,358,2026,"INSTITUI O PROGRAMA QUEBRADA VERDE, DESTINADO À IMPLANTAÇÃO DE VASOS COM PLANTAS E ELEMENTOS DE PAISAGISMO URBANO EM CALÇADAS DE ÁREAS PERIFÉRICAS DO MUNICÍPIO DE SÃO PAULO, E DÁ OUTRAS PROVIDÊNCIAS."
797979,PL 359/2026,PL,359,2026,DISPÕE SOBRE A CONCESSÃO DE ISENÇÃO DE IMPOSTO PREDIAL E TERRITORIAL URBANO — IPTU AOS IMÓVEIS UTILIZADOS POR LIVRARIAS DE RUA NO MUNICÍPIO DE SÃO PAULO E DÁ OUTRAS PROVIDÊNCIAS.
798013,PDL 58/2026,PDL,58,2026,DISPÕE SOBRE A OUTORGA DO TÍTULO DE CIDADÃO PAULISTANO A BENTO OLIVEIRA SILVA
798026,PL 360/2026,PL,360,2026,"DENOMINA PRAÇA LILIAN KNAPP O LOGRADOURO PÚBLICO EXISTENTE, NO DISTRITO DO IPIRANGA, NA SUBPREFEITURA DO IPIRANGA, E DÁ OUTRAS PROVIDÊNCIAS"
798226,PDL 59/2026,PDL,59,2026,"CONCEDE SALVA DE PRATA AO HOSPITAL MORIAH, EM RECONHECIMENTO À SUA EXCELÊNCIA ASSISTENCIAL E À CONSOLIDAÇÃO DO CONCEITO INOVADOR DE “HOSPITAL SMART PREMIUM”, QUE O POSICIONA COMO O PRIMEIRO NO BRASIL A CUMPRIR INTEGRALMENTE OS CRITÉRIOS DESTA CATEGORIA."
798245,PDL 60/2026,PDL,60,2026,"CONCEDE A HONRARIA SALVA DE PRATA A ASSOCIAÇÃO GASTRONOMIA PERIFÉRICA QUE PROMOVE EDUCAÇÃO, IGUALDADE E SUSTENTABILIDADE POR MEIO DA COMIDA."
798248,PL 362/2026,PL,362,2026,"ALTERA A LEI Nº. 14.485, DE 19 DE JULHO DE 2007, COM A FINALIDADE DE INCLUIR NO CALENDÁRIO OFICIAL DE EVENTOS DA CIDADE DE SÃO PAULO O DIA DO EMPRESÁRIO LOJISTA DO COMÉRCIO, E DÁ OUTRAS PROVIDÊNCIAS."
798274,PDL 61/2026,PDL,61,2026,CONCEDE SALVA DE PRATA EM HOMENAGEM AO INSTITUTO AROMEIAZERO.
798291,PDL 62/2026,PDL,62,2026,"CONCEDE SALVA DE PRATA EM HOMENAGEM À ASSOCIAÇÃO BRASILEIRA MOSTRA INTERNACIONAL DE CINEMA (ABMIC), PELOS 50 ANOS DA MOSTRA INTERNACIONAL DE CINEMA DE SÃO PAULO."
798387,PL 363/2026,PL,363,2026,DISPÕE SOBRE A CONCESSÃO DA GRATUIDADE NO TRANSPORTE COLETIVO MUNICIPAL AOS MUNÍCIPES EM SITUAÇÃO DE BAIXA RENDA E DÁ OUTRAS PROVIDÊNCIAS.
798389,PL 364/2026,PL,364,2026,"ALTERA A LEI MUNICIPAL Nº 13.131, DE 18 DE MAIO DE 2001, QUE “DISCIPLINA A CRIAÇÃO, PROPRIEDADE, POSSE, GUARDA, USO E TRANSPORTE DE CÃES E GATOS NO MUNICÍPIO DE SÃO PAULO”."
798391,PL 365/2026,PL,365,2026,DISPÕE SOBRE A CIRCULAÇÃO DE ANIMAIS DOMÉSTICOS NAS ÁREAS COMUNS DOS CONDOMÍNIOS DE CASAS OU APARTAMENTOS NO MUNICÍPIO DE SÃO PAULO E DÁ PROVIDÊNCIAS CORRELATAS.
798566,PL 366/2026,PL,366,2026,"INSTITUI O ESTATUTO MUNICIPAL DOS DIREITOS DO PACIENTE NO ÂMBITO DO MUNICÍPIO DE SÃO PAULO, E DÁ OUTRAS PROVIDÊNCIAS."
798594,PDL 63/2026,PDL,63,2026,"DISPÕE SOBRE A OUTORGA DE TÍTULO DE CIDADÃO PAULISTANO AO SR. JOSÉ MARILTON DA CRUZ, CONHECIDO COMO ""CHAPINHA"" DO SAMBA DA VELA."
798778,PL 367/2026,PL,367,2026,DISPÕE SOBRE A JORNADA DE TRABALHO E A ESCALA DE TRABALHO ADOTADAS NAS CONTRATAÇÕES DE PRESTAÇÃO DE SERVIÇOS COM REGIME DE DEDICAÇÃO EXCLUSIVA E COM PREDOMINÂNCIA DE MÃO DE OBRA NO ÂMBITO DA ADMINISTRAÇÃO PÚBLICA DIRETA E INDIRETA DO MUNICÍPIO DE SÃO PAULO.
798835,PDL 64/2026,PDL,64,2026,DISPÕE SOBRE A OUTORGA DO TÍTULO DE CIDADÃO PAULISTANO AO PADRE ANTONIO ARAÚJO DA SILVA
798847,PL 368/2026,PL,368,2026,"ALTERA A LEI Nº 14.761, DE 5 DE JUNHO DE 2008 PARA INCLUIR A NOTIFICAÇÃO OBRIGATÓRIA AOS ÓRGÃOS DE SEGURANÇA PÚBLICA EM CASO DE MAUS-TRATOS ANIMAIS NOS ESTABELECIMENTOS QUE ESPECIFICA, E DÁ OUTRAS PROVIDÊNCIAS."
798867,PL 369/2026,PL,369,2026,"ALTERA A LEI Nº 14.485, DE 19 DE JULHO DE 2007, PARA INCLUIR O DIA DA TERRA, A SER REALIZADO ANUALMENTE, NO DIA 22 DE ABRIL E DÁ OUTRAS PROVIDÊNCIAS."
798988,PR 12/2026,PR,12,2026,"ALTERA O INCISO VII DO ART. 39 DA RESOLUÇÃO N.º 2, DE 26 DE ABRIL DE 1991 – REGIMENTO INTERNO DA CÂMARA MUNICIPAL DE SÃO PAULO (ALTERA O NOME DA COMISSÃO DE SAÚDE, PROMOÇÃO SOCIAL, TRABALHO E MULHER PARA COMISSÃO DE SAÚDE, PROMOÇÃO SOCIAL, TRABALHO, MULHER E PESSOA COM DEFICIÊNCIA)."
799196,PL 370/2026,PL,370,2026,"INSTITUI A OBRIGAÇÃO DE FIXAÇÃO, NA SEDE SOCIAL DE ENTIDADES PRIVADAS QUE RECEBEM RECURSOS DO PODER PÚBLICO, DE PLACA INFORMANDO O RECEBIMENTO DE VERBAS PÚBLICAS E DÁ OUTRAS PROVIDÊNCIAS."
799198,PL 371/2026,PL,371,2026,"INSTITUI O APLICATIVO SAMPAACCESS, VOLTADO À PROMOÇÃO DA ACESSIBILIDADE URBANA PARA PESSOAS COM DEFICIÊNCIA E MOBILIDADE REDUZIDA NO MUNICÍPIO DE SÃO PAULO, E DÁ OUTRAS PROVIDÊNCIAS."
799219,PDL 65/2026,PDL,65,2026,DISPÕE SOBRE A OUTORGA DE TÍTULO DE CIDADÃO PAULISTANO A CORONEL PM GLAUCE ANSELMO CAVALLI E DÁ OUTRAS PROVIDÊNCIAS.
799319,PL 372/2026,PL,372,2026,"INSTITUI O PROGRAMA DE CAPACITAÇÃO PARA A VIDA AUTÔNOMA (PCVA) DESTINADO A ADOLESCENTES DE 15 A 17 ANOS VIVENDO EM ABRIGOS INSTITUCIONAIS MUNICIPAIS, VISANDO A SUA PREPARAÇÃO PROFISSIONAL E INSERÇÃO SOCIAL PARA A VIDA ADULTA."
799320,PL 373/2026,PL,373,2026,TORNA OBRIGATÓRIA A DISPONIBILIZAÇÃO DE PLACAS INFORMATIVAS NO FORMATO DA LINGUAGEM BRASILEIRA DE SINAIS (LIBRAS) EM ESTABELECIMENTOS E INSTITUIÇÕES PÚBLICAS NO MUNICÍPIO DE SÃO PAULO.
799444,PL 376/2026,PL,376,2026,"FICA DENOMINADA COMO RUA SEVERINO CRISPINIANO DA SILVA O LOGRADOURO PÚBLICO INOMINADO, LOCALIZADO NA RUA RIO DO OESTE, ALTURA ENTRE OS NÚMEROS 5 E 56B NO DISTRITO DA SUBPREFEITURA DE ITAQUERA."
799446,PL 377/2026,PL,377,2026,"FICA DENOMINADA COMO PRAÇA JORNALISTA JOSÉ CARLOS GUTIERREZ O ESPAÇO PÚBLICO INOMINADO, LOCALIZADO NA AV. PROF.º EDGAR SANTOS, ALTURA DO NÚMERO 1.119 NO DISTRITO DO ARTUR ALVIM NA SUBPREFEITURA DA PENHA."
799495,PL 378/2026,PL,378,2026,"ALTERA A DENOMINAÇÃO PRAÇA JATAÍ – CIDADE VARGAS – DISTRITO DO JABAQUARA, PARA PRAÇA ITUE OGATA."
799661,PL 379/2026,PL,379,2026,"ALTERA A LEI Nº 14.485, DE 19 DE JULHO DE 2007, PARA INCLUIR O DIA MUNICIPAL DAS MULHERES DO AGRO NO CALENDÁRIO DE EVENTOS DO MUNICÍPIO DE SÃO PAULO, E DÁ OUTRAS PROVIDÊNCIAS.."
799816,PL 380/2026,PL,380,2026,ESTABELECE DIRETRIZES DE CONSCIENTIZAÇÃO SOBRE OS RISCOS ASSOCIADOS ÀS APOSTAS ELETRÔNICAS (BETS) NO ÂMBITO DO MUNICÍPIO E DÁ OUTRAS PROVIDÊNCIAS.
799817,PL 381/2026,PL,381,2026,"INSTITUI A SEMANA MUNICIPAL DE CONSCIENTIZAÇÃO SOBRE OS RISCOS DAS APOSTAS ELETRÔNICAS (BETS), E DÁ OUTRAS PROVIDÊNCIAS."
799818,PL 382/2026,PL,382,2026,INSTITUI O “PROGRAMA MUNICIPAL DE TRANSPORTE SEGURO – ESPAÇO MULHER” NO SISTEMA MUNICIPAL DE TRANSPORTE COLETIVO POR ÔNIBUS E DÁ OUTRAS PROVIDÊNCIAS.
799909,PDL 66/2026,PDL,66,2026,OUTORGA AO DR. JOSÉ OSMAR MEDINA DE ABREU PESTANA A MEDALHA ANCHIETA E O DIPLOMA DE GRATIDÃO DA CIDADE DE SÃO PAULO.
800077,PDL 69/2026,PDL,69,2026,DISPÕE SOBRE A CONCESSÃO DA MEDALHA ANCHIETA E O DIPLOMA DE GRATIDÃO DA CIDADE DE SÃO PAULO A FELICIO RAMUTH.
800111,PDL 71/2026,PDL,71,2026,DISPÕE SOBRE A OUTORGA DE MEDALHA ANCHIETA E DIPLOMA DE GRATIDÃO DA CIDADE DE SÃO PAULO AO SR. FRANCISCO EDUARDO LOUREIRO.
800129,PL 384/2026,PL,384,2026,INSTITUI O SELO “IGREJA ACOLHEDORA” NO ÂMBITO DO MUNICÍPIO DE SÃO PAULO E DÁ OUTRAS PROVIDÊNCIAS.
800132,PL 385/2026,PL,385,2026,"AUTORIZA A CRIAÇÃO DO POLO BRÁS 360º – CIRCUITO CULTURAL, GASTRONÔMICO, TURÍSTICO E EMPREENDEDOR, E DÁ OUTRAS PROVIDÊNCIAS."
800241,PL 387/2026,PL,387,2026,"DISPÕE SOBRE A OBRIGATORIEDADE DE RESSARCIMENTO AO MUNICÍPIO DE SÃO PAULO DAS DESPESAS COM SERVIÇO PÚBLICO DE SAÚDE, SOCORRO, TRÂNSITO E INFRAESTRUTURA DECORRENTES DE ACIDENTES DE TRÂNSITO CAUSADOS POR CONDUTORES EM ESTADO DE EMBRIAGUEZ OU SOB EFEITOS DE SUBSTÂNCIAS PSICOATIVAS, E DÁ OUTRAS PROVIDÊNCIAS."
800290,PL 389/2026,PL,389,2026,"INSTITUI O REGIME EMERGENCIAL DE PROTEÇÃO ARBÓREA NO MUNICÍPIO DE SÃO PAULO, ESTABELECE MEDIDAS EXCEPCIONAIS DE PROTEÇÃO DA VEGETAÇÃO ARBÓREA URBANA, ORIENTA AÇÕES PARA GARANTIR A AMPLIAÇÃO DA COBERTURA VEGETAL, DEFINE CRITÉRIOS MÍNIMOS PARA NOVA LEGISLAÇÃO A SER APRESENTADA, ALTERA A LEI MUNICIPAL Nº 14.887, DE 15 DE JANEIRO DE 2009 E DÁ OUTRAS PROVIDÊNCIAS."
800327,PL 390/2026,PL,390,2026,"DISPÕE SOBRE ALTERAÇÃO DA LEI 17.089 DE 20 DE MAIO DE 2019  QUE INSTITUI A POLÍTICA MUNICIPAL SOBRE ÁLCOOL E OUTRAS DROGAS, NO MUNICÍPIO DE SÃO PAULO, E DÁ OUTRAS PROVIDÊNCIAS."
800330,PL 392/2026,PL,392,2026,"INSTITUI O PROTOCOLO MUNICIPAL DE ABORDAGEM NÃO DISCRIMINATÓRIA NO ÂMBITO DA GUARDA CIVIL METROPOLITANA E DOS SERVIÇOS PÚBLICOS DO MUNICÍPIO DE SÃO PAULO, E DÁ OUTRAS PROVIDÊNCIAS."
800332,PL 394/2026,PL,394,2026,"IMPÕE SANÇÕES ADMINISTRATIVAS À PRÁTICAS E ATOS DISCRIMINATÓRIOS CONTRA PESSOAS IDOSAS NA CIDADE DE SÃO PAULO, E DÁ OUTRAS PROVIDÊNCIAS."
800437,PL 395/2026,PL,395,2026,"INSTITUI A LEI DE TERRITORIALIZAÇÃO DA CULTURA NEGRA NO MUNICÍPIO DE SÃO PAULO, CRIA O CADASTRO MUNICIPAL DE TERRITÓRIOS CULTURAIS NEGROS E ESTABELECE MECANISMOS DE RECONHECIMENTO, PROTEÇÃO E FOMENTO."
800451,PL 396/2026,PL,396,2026,INSTITUI O PROGRAMA “PRAÇA INCLUSIVA” E DÁ OUTRAS PROVIDÊNCIAS.
800459,PL 397/2026,PL,397,2026,"DISPÕE SOBRE A DECLARAÇÃO DE UTILIDADE PÚBLICA DO INSTITUTO INTERNACIONAL DE ESPORTES, LAZER, CULTURA, EDUCACIONAL, PARADESPORTIVOS – SANDRA REGINA NUNES."
800462,PL 398/2026,PL,398,2026,"INSTITUI O PROGRAMA MUNICIPAL DE APOIO À RETIFICAÇÃO DE NOME E GÊNERO PARA PESSOAS TRANSGÊNERO (TRAVESTIS, MULHERES TRANSEXUAIS, HOMENS TRANS E INTERSEXO) NO ÂMBITO DO MUNICÍPIO DE SÃO PAULO E DÁ OUTRAS PROVIDÊNCIAS."
800476,PL 399/2026,PL,399,2026,"INSTITUI O PROGRAMA MUNICIPAL DE EDUCAÇÃO E PROTEÇÃO ANIMAL ASSISTIDA POR CÃES INSTITUCIONAIS NO ÂMBITO DA REDE DE ENSINO DO MUNICÍPIO DE SÃO PAULO, ESTABELECE DIRETRIZES DE BEM-ESTAR ANIMAL, PREVÊ COOPERAÇÃO INSTITUCIONAL COM A POLÍCIA MILITAR DO ESTADO DE SÃO PAULO E COM A GUARDA CIVIL METROPOLITANA E CRIA ADICIONAL DE ATIVIDADE ESPECIAL AOS GUARDAS CIVIS METROPOLITANOS PARTICIPANTES."
800511,PR 13/2026,PR,13,2026,INSTITUI A SALA DO CLIMA NO ÂMBITO DA CÂMARA MUNICIPAL DE SÃO PAULO E DÁ OUTRAS PROVIDÊNCIAS.
800515,PL 400/2026,PL,400,2026,INSTITUI O PROGRAMA LIXEIRA INTELIGENTE NO ÂMBITO DO MUNICÍPIO DE SÃO PAULO.
800595,PL 401/2026,PL,401,2026,"ALTERA A LEI NO 16.337, DE 30 DE DEZEMBRO DE 2015, PARA INCLUIR AS PESSOAS COM SÍNDROME DE DOWN ENTRE OS BENEFICIÁRIOS DO SERVIÇO DE ATENDIMENTO ESPECIAL — SERVIÇO ATENDE"
800636,PDL 72/2026,PDL,72,2026,DISPÕE SOBRE A OUTORGA DE SALVA DE PRATA À SASAKAWA PEACE FOUNDATION E DÁ OUTRAS PROVIDÊNCIAS.
800694,PL 402/2026,PL,402,2026,DISPÕE SOBRE O VALOR A SER PAGO A TÍTULO DE AUXÍLIO-ALUGUEL NO ÂMBITO DO MUNICÍPIO DE SÃO PAULO E DÁ OUTRAS PROVIDÊNCIAS.
800925,PL 403/2026,PL,403,2026,"ALTERA A LEI Nº 16.402, DE 22 DE MARÇO DE 2016, QUE DISCIPLINA O PARCELAMENTO, O USO E A OCUPAÇÃO DO SOLO NO MUNICÍPIO DE SÃO PAULO, DE ACORDO COM A LEI Nº 16.050, DE 31 DE JULHO DE 2014 – PLANO DIRETOR ESTRATÉGICO (PDE), ALTERA A LEI Nº 15.031, DE 13 DE NOVEMBRO DE 2009, QUE DISPENSA DA LICENÇA DE FUNCIONAMENTO O EXERCÍCIO DAS ATIVIDADES NÃO RESIDENCIAIS PARA O MICROEMPREENDEDOR INDIVIDUAL – MEI, E DÁ OUTRAS PROVIDÊNCIAS."
800926,PL 404/2026,PL,404,2026,"DISPÕE SOBRE CAMPANHA ANUAL DENOMINADA ""SP CUIDANDO DE VOCÊ"", COM O OBJETIVO DE CONSCIENTIZAR A POPULAÇÃO SOBRE AS DOENÇAS CARDIOVASCULARES, SUA PREVENÇÃO E CONTROLE, PROMOVENDO A SAÚDE CARDIOVASCULAR NO MUNICÍPIO DE SÃO PAULO."
801027,PL 405/2026,PL,405,2026,"VEDA A RECUSA DE MATRÍCULA DE EDUCANDOS COM DEFICIÊNCIA NA REDE MUNICIPAL DE ENSINO SOB A ALEGAÇÃO DE FALTA DE SUPORTE, INSTITUI O PROTOCOLO DE ACESSO À EDUCAÇÃO INCLUSIVA (PAEI), CRIA O PAINEL ""VAGA INCLUSIVA TRANSPARENTE""."
801032,PL 406/2026,PL,406,2026,"INSTITUI O PROGRAMA ""CIPTEA EXPRESSA"", QUE ESTABELECE O FLUXO SIMPLIFICADO PARA A EMISSÃO DA CARTEIRA DE IDENTIFICAÇÃO DA PESSOA COM TRANSTORNO DO ESPECTRO AUTISTA (CIPTEA) NO MUNICÍPIO DE SÃO PAULO, AUTORIZA A EMISSÃO PROATIVA E O PRÉ-CADASTRO NA CONCLUSÃO DO DIAGNÓSTICO NA REDE SUS MUNICIPAL."
801033,PL 407/2026,PL,407,2026,"AUTORIZA O PODER EXECUTIVO A CELEBRAR PARCERIAS COM ORGANIZAÇÕES RELIGIOSAS DE QUALQUER CULTO PARA A IMPLEMENTAÇÃO DE PROGRAMAS E PROJETOS DE APOIO SOCIAL EM ÁREAS DE ALTA VULNERABILIDADE SOCIAL NO MUNICÍPIO DE SÃO PAULO, EM CONFORMIDADE COM O MARCO REGULATÓRIO DAS ORGANIZAÇÕES DA SOCIEDADE CIVIL (LEI FEDERAL Nº 13.019/2014), E DÁ OUTRAS PROVIDÊNCIAS"
801034,PL 408/2026,PL,408,2026,"DISPÕE SOBRE A OBRIGATORIEDADE DA INSTALAÇÃO DE BARRAS DE APOIO, CONFORME A NORMA ABNT NBR 9050:2020, EM BANHEIROS, SANITÁRIOS E VESTIÁRIOS DE ESPAÇOS PÚBLICOS E EM CONSTRUÇÕES HABITACIONAIS DE INTERESSE SOCIAL (POPULARES)."
801036,PL 410/2026,PL,410,2026,"ALTERA A LEI Nº 17.271, DE 14 DE JANEIRO DE 2020, QUE INSTITUI O PROGRAMA ATIVA IDADE, PARA CRIAR O EIXO DE FOMENTO AO ""EMPREENDEDORISMO PRATEADO"
801037,PL 411/2026,PL,411,2026,"CRIA O PROGRAMA ""SMART SAMPA: CÂMERA PARCEIRA"", QUE CONCEDE REDUÇÃO NA ALÍQUOTA DO IMPOSTO PREDIAL E TERRITORIAL URBANO (IPTU) A EMPRESAS E MUNÍCIPES QUE INSTALAREM OU INTEGRAREM CÂMERAS DE VIDEOMONITORAMENTO DE ALTA RESOLUÇÃO, CONFORME DISPÕE, E DÁ OUTRAS PROVIDÊNCIAS."
801038,PL 412/2026,PL,412,2026,DISPÕE SOBRE A OBRIGATORIEDADE DE COMUNICAÇÃO DE MAUS-TRATOS DE ANIMAIS POR MÉDICOS VETERINÁRIOS E ESTABELECIMENTOS DO SETOR NO MUNICÍPIO DE SÃO PAULO
801039,PL 413/2026,PL,413,2026,"INSTITUI A POLÍTICA MUNICIPAL DE TRANSIÇÃO PARA A MOBILIDADE ELÉTRICA E SEGURANÇA TECNOLÓGICA SOBRE DUAS RODAS, DIRECIONADA AOS SERVIÇOS DE ENTREGA POR APLICATIVOS NO MUNICÍPIO DE SÃO PAULO, E DÁ OUTRAS PROVIDÊNCIAS."
801329,PL 414/2026,PL,414,2026,"AUTORIZA O PODER EXECUTIVO A INSTITUIR PRIORIDADE NO ATENDIMENTO PSICOLÓGICO NA REDE PÚBLICA MUNICIPAL ÀS CRIANÇAS E ADOLESCENTES VÍTIMAS DE ABUSO OU EXPLORAÇÃO SEXUAL, E DÁ OUTRAS PROVIDÊNCIAS."
801677,PL 416/2026,PL,416,2026,"ALTERA OS ARTIGOS 1º E 3º, DA LEI Nº 11.210, DE 20 DE MAIO DE 1992, BEM COMO INSTITUI O SELO AMIGO DO MEIO AMBIENTE."
802073,PDL 74/2026,PDL,74,2026,DISPÕE SOBRE A OUTORGA DO TÍTULO DE CIDADÃO PAULISTANO AO PADRE ANDRÉS GUSTAVO MARENGO.
802550,PL 418/2026,PL,418,2026,"ALTERA A LEI Nº 16.402/2016 PARA EXPLICITAR A COMPATIBILIDADE ENTRE USOS CLASSIFICADOS COMO NR1-10 E MORADIA MULTIFAMILIAR NAS ZONAS EXCLUSIVAMENTE RESIDENCIAIS – ZER, E DÁ OUTRAS PROVIDÊNCIAS."
802622,PL 419/2026,PL,419,2026,"INSTITUI A OBRIGATORIEDADE DE ELABORAÇÃO E DIVULGAÇÃO DE PLANOS DE PREVENÇÃO E ENFRENTAMENTO À DISCRIMINAÇÃO POR IDENTIDADE DE GÊNERO E ORIENTAÇÃO SEXUAL NAS INSTITUIÇÕES DE ENSINO PÚBLICAS E PRIVADAS DO MUNICÍPIO DE SÃO PAULO, E DÁ OUTRAS PROVIDÊNCIAS."
802647,PL 420/2026,PL,420,2026,INSTITUI A POLÍTICA MUNICIPAL DE ENFRENTAMENTO À VIOLÊNCIA CONTRA A POPULAÇÃO EM SITUAÇÃO DE RUA NO MUNICÍPIO DE SÃO PAULO E DÁ OUTRAS PROVIDÊNCIAS.
802652,PL 421/2026,PL,421,2026,"DISPÕE SOBRE A AUTORIZAÇÃO DO EXECUTIVO NA CELEBRAÇÃO DE PARCERIAS, CONTRATOS E/OU CONVÊNIOS COM A FINALIDADE DE INSTALAÇÃO DE POSTOS DE APOIO AOS CATADORES DE RESÍDUOS E RECICLAGEM (P.A.C.S), NA CIDADE DE SÃO PAULO E DÁ OUTRAS PROVIDÊNCIAS."
802757,PL 422/2026,PL,422,2026,"AUTORIZA O PODER EXECUTIVO A INSTITUIR O PROGRAMA SMART SAMPA MÓVEL, E DÁ OUTRAS PROVIDÊNCIAS."
802759,PL 423/2026,PL,423,2026,"DISPÕE SOBRE A OBRIGATORIEDADE DA EXECUÇÃO SEMANAL DO HINO NACIONAL BRASILEIRO E DO HASTEAMENTO DA BANDEIRA NACIONAL NAS ESCOLAS PÚBLICAS E PRIVADAS NO MUNICÍPIO, E DÁ OUTRAS PROVIDÊNCIAS."
802826,PL 424/2026,PL,424,2026,"INSTITUI A FEIRA LITERÁRIA ""FLIP DA QUEBRADA"" NOS CENTROS EDUCACIONAIS UNIFICADOS – CEUS, NAS PERIFERIAS DO MUNICÍPIO DE SÃO PAULO, E DÁ OUTRAS PROVIDÊNCIAS."
802827,PL 425/2026,PL,425,2026,"INSTITUI A CAMPANHA MUNICIPAL DE CONSCIENTIZAÇÃO SOBRE O GESTO SILENCIOSO DE SOCORRO NO ÂMBITO DO MUNICÍPIO DE SÃO PAULO, E DÁ OUTRAS PROVIDÊNCIAS."
802836,PDL 75/2026,PDL,75,2026,DISPÕE SOBRE A OUTORGA DE TÍTULO DE CIDADÃ PAULISTANA A MARILENE GOMES DA SILVA E DÁ OUTRAS PROVIDÊNCIAS.
802837,PL 426/2026,PL,426,2026,"ALTERA A REDAÇÃO DO INCISO IV DO §1º DO ARTIGO 13 DA LEI 13.766, DE 21 DE JANEIRO DE 2004, E DÁ OUTRAS PROVIDÊNCIAS."
802871,PDL 76/2026,PDL,76,2026,"DISPÕE SOBRE A OUTORGA DE SALVA DE PRATA AO CISV, CHILDREN'S INTERNATIONAL SUMMER VILLAGES - CONVIVÊNCIA INTERNACIONAL DE JOVENS."
803019,PL 427/2026,PL,427,2026,"INSTITUI, NO ÂMBITO DO MUNICÍPIO DE SÃO PAULO, O PROGRAMA ""LINHA DA ESCUTA 60+"", DE ACOLHIMENTO TELEFÔNICO À PESSOA IDOSA EM SITUAÇÃO DE SOLIDÃO E ISOLAMENTO SOCIAL, E DÁ OUTRAS PROVIDÊNCIAS."
803020,PL 428/2026,PL,428,2026,"INSTITUI O PROGRAMA “TEMPO DE MÃE”, DE ATENDIMENTO PRIORITÁRIO À MÃE SOLO NOS SERVIÇOS PÚBLICOS MUNICIPAIS, NO ÂMBITO DO MUNICÍPIO DE SÃO PAULO."
803274,PL 429/2026,PL,429,2026,"DENOMINA VIADUTO ENGENHEIRO ROBERTO SALVADOR SCARINGELLA O VIADUTO INOMINADO DA MARGINAL PINHEIROS, SENTIDO RODOVIA CASTELLO BRANCO, SOBRE A LINHA 9-ESMERALDA DA CPTM E DÁ OUTRAS PROVIDÊNCIAS."
803345,PL 430/2026,PL,430,2026,"ALTERA A DENOMINAÇÃO DA “PRAÇA NOVO MUNDO” PARA  “PRAÇA NOVO MUNDO - TAINARA SOUZA”, EM HOMENAGEM À VÍTIMA DE FEMINICÍDIO, E DÁ OUTRAS PROVIDÊNCIAS."
803357,PL 431/2026,PL,431,2026,DISPÕE SOBRE A CARTEIRA DE IDENTIFICAÇÃO ESTUDANTIL NO MUNICÍPIO DE SÃO PAULO (CIEM/SP) E DÁ OUTRA PROVIDÊNCIAS.
803433,PL 432/2026,PL,432,2026,"ALTERA A LEI Nº 14.485, DE 19 DE JULHO DE 2007, PARA INCLUIR NO CALENDÁRIO OFICIAL DE EVENTOS DA CIDADE DE SÃO PAULO A “CAMINHADA COM CRISTO DA ZONA SUL”, A SER REALIZADA ANUALMENTE NO TERCEIRO SÁBADO DO MÊS DE JUNHO, E DÁ OUTRAS PROVIDÊNCIAS"
803615,PL 433/2026,PL,433,2026,"INSTITUI O PROGRAMA MUNICIPAL DE INCENTIVO AO BOM PAGADOR NO ÂMBITO DO MUNICÍPIO DE SÃO PAULO, E DÁ OUTRAS PROVIDÊNCIAS."
803617,PL 434/2026,PL,434,2026,"DENOMINA COMO “PRAÇA AVELAR DE SÁ LOPES”, O ESPAÇO PÚBLICO DE LAZER LOCALIZADO NA RUA SAPOPEMBA, ALTURA DOS Nº 14 E 21 – PARQUE NAÇÕES UNIDAS, SÃO PAULO - SP, 02995-065 E DÁ OUTRAS PROVIDÊNCIAS."
803620,PL 435/2026,PL,435,2026,"DISPÕE SOBRE AS CONDIÇÕES DE REGULARIZAÇÃO DE INSTITUIÇÕES DE LONGA PERMANÊNCIA PARA IDOSOS (ILPIS) JÁ INSTALADAS EM ZONAS EXCLUSIVAMENTE RESIDENCIAIS (ZER) NO MUNICÍPIO DE SÃO PAULO, ESTABELECE REGIME DE TRANSIÇÃO E DÁ OUTRAS PROVIDÊNCIAS."
803640,PDL 77/2026,PDL,77,2026,"DISPÕE SOBRE A CONCESSÃO DA SALVA DE PRATA AO SISTEMA B BRASIL, E DÁ OUTRAS PROVIDÊNCIAS."
803663,PL 436/2026,PL,436,2026,"ALTERA A LEI Nº 14.485, DE 19 DE JULHO DE 2007, PARA INCLUIR O “DIA MUNICIPAL DO DIREITO À MOBILIDADE ATIVA E DA ACESSIBILIDADE URBANA” NO CALENDÁRIO DE EVENTOS DO MUNICÍPIO DE SÃO PAULO, E DÁ OUTRAS PROVIDÊNCIAS."
803664,PL 437/2026,PL,437,2026,"INSTITUI A POLÍTICA MUNICIPAL DE DIVULGAÇÃO PERMANENTE DOS CANAIS DE APOIO EMOCIONAL E PREVENÇÃO AO SUICÍDIO NO MUNICÍPIO DE SÃO PAULO, E DÁ OUTRAS PROVIDÊNCIAS."
803667,PL 438/2026,PL,438,2026,"DISPÕE SOBRE A OBRIGATORIEDADE DE AFIXAÇÃO DE AVISO INFORMATIVO ACERCA DA PROIBIÇÃO DA REALIZAÇÃO DE TATUAGEM E BODY PIERCING EM MENORES DE 18 (DEZOITO) ANOS, INCLUSIVE COM AUTORIZAÇÃO DOS PAIS OU RESPONSÁVEIS, NOS TERMOS DA LEGISLAÇÃO VIGENTE."
803668,PL 439/2026,PL,439,2026,"DISPÕE SOBRE A CRIAÇÃO DO PROGRAMA MUNICIPAL DE INCENTIVO À INCLUSÃO DE PESSOAS COM DEFICIÊNCIA AUDITIVA NO MERCADO DE TRABALHO, NO ÂMBITO DO MUNICÍPIO DE SÃO PAULO, E DÁ OUTRAS PROVIDÊNCIAS."
803716,PL 440/2026,PL,440,2026,"DISPÕE SOBRE A PREVENÇÃO E O CONTROLE DA POLUIÇÃO SONORA E DA PERTURBAÇÃO DO SOSSEGO COLETIVA E INDIVIDUAL, DA TRANQUILIDADE PÚBLICA, DOS DIREITOS DE VIZINHANÇA, DA SAÚDE PÚBLICA E INDIVIDUAL, DO MEIO AMBIENTE URBANO E DA FAUNA SILVESTRE NO MUNICÍPIO DE SÃO PAULO, ESTABELECE NORMAS PARA A UTILIZAÇÃO DE EQUIPAMENTOS DE AMPLIFICAÇÃO SONORA E PARA A REALIZAÇÃO DE EVENTOS EM LOGRADOUROS PÚBLICOS E RESIDENCIAIS, ÁREAS DE ACESSO COLETIVO E ESTABELECIMENTOS PERMANENTES, E DÁ OUTRAS PROVIDÊNCIAS."
803753,PL 441/2026,PL,441,2026,"INSTITUI O PROGRAMA FORMAÇÃO INCLUSIVA NO ÂMBITO DO MUNICÍPIO DE SÃO PAULO, VOLTADO À CAPACITAÇÃO DE TUTORES E PROFISSIONAIS DA EDUCAÇÃO PARA O ATENDIMENTO DE CRIANÇAS
NEURODIVERGENTES, POR MEIO DE CURSOS E FORMAÇÕES BASEADOS EM DIFERENTES METODOLOGIAS E PRÁTICAS INCLUSIVAS, INCLUSIVE ANÁLISE DO COMPORTAMENTO APLICADA – ABA, E/OU OUTROS MÉTODOS CIENTIFICAMENTE RECONHECIDOS, E DISPÕE SOBRE A OBRIGATORIEDADE DE DISPONIBILIZAÇÃO DE TUTORES NAS UNIDADES EDUCACIONAIS DA REDE PÚBLICA MUNICIPAL, E DÁ OUTRAS PROVIDÊNCIAS."
803822,PL 442/2026,PL,442,2026,DISPÕE SOBRE O PRAZO DE VALIDADE DE LAUDO MÉDICO DE DIABETES MELLITUS TIPO 1 (DM1) NO MUNICÍPIO DE SÃO PAULO.
803883,PL 443/2026,PL,443,2026,"INSTITUI O PROGRAMA MUNICIPAL DE TRIAGEM E ACOMPANHAMENTO PSICOLÓGICO PÓS-PARTO ""CUIDADO MATERNO"", NO ÂMBITO DO MUNICÍPIO DE SÃO PAULO.E DÁ OUTRAS PROVIDÊNCIAS."
803884,PL 444/2026,PL,444,2026,"INSTITUI O PROGRAMA “FÉRIAS NOS MUSEUS” NO ÂMBITO DAS ESCOLAS PÚBLICAS DO MUNICÍPIO DE SÃO PAULO, E DÁ OUTRAS PROVIDÊNCIAS."
803885,PL 445/2026,PL,445,2026,"DISPÕE SOBRE O PROGRAMA DE CONSCIENTIZAÇÃO E REEDUCAÇÃO QUANTO À COLETA SELETIVA E AO ARMAZENAMENTO ADEQUADO DE RESÍDUOS SÓLIDOS NO MUNICÍPIO DE SÃO PAULO, ESTABELECE DIRETRIZES PARA A ATUAÇÃO DA ADMINISTRAÇÃO MUNICIPAL NESSA MATÉRIA E DÁ OUTRAS PROVIDÊNCIAS."
803901,PL 446/2026,PL,446,2026,"ALTERA A LEI Nº 14.485, DE 19 DE JULHO DE 2007, PARA INCLUIR NO CALENDÁRIO OFICIAL DE EVENTOS DA CIDADE DE SÃO PAULO O EVENTO ROCKFUN FEST, E DÁ OUTRAS PROVIDÊNCIAS."
803987,PL 447/2026,PL,447,2026,"AUTORIZA  A  INSTITUIÇÃO  DO  PROGRAMA COMUNICAÇÃO PÚBLICA, VALORIZAÇÃO E RESPEITO AOS  PROFISSIONAIS  DA  EDUCAÇÃO,  E  DÁ  OUTRAS 
PROVIDÊNCIAS."
804062,PL 448/2026,PL,448,2026,INSTITUI O SELO DE IDENTIFICAÇÃO VEICULAR DA PESSOA COM DIABETES NO MUNICÍPIO DE SÃO PAULO E DÁ OUTRAS PROVIDÊNCIAS.
804106,PL 449/2026,PL,449,2026,"INSTITUI NO MUNICÍPIO DE SÃO PAULO O PROGRAMA MUNICIPAL DE COLETA, CONTROLE, DESCARACTERIZAÇÃO E DESTINAÇÃO DE VASILHAMES VAZIOS DE BEBIDAS ALCOÓLICAS DESTILADAS, VISANDO AO COMBATE À ADULTERAÇÃO DE BEBIDAS E À PROTEÇÃO DA SAÚDE PÚBLICA, E DÁ OUTRAS PROVIDÊNCIAS."
804122,PL 450/2026,PL,450,2026,"DENOMINA PRAÇA CONDESSA GRAZIELLA MATARAZZO O LOGRADOURO QUE ESPECIFICA, LOCALIZADO NA AVENIDA DR. CANDIDO MOTA, S/N - VILA SÃO FRANCISCO – SUBPREFEITURA DO BUTANTÃ."
804127,PR 14/2026,PR,14,2026,"DISPÕE SOBRE A INCLUSÃO DE RESERVA DE VAGAS PARA PESSOAS TRAVESTIS, HOMENS TRANS E MULHERES TRANS   NOS CONTRATOS DE PRESTAÇÃO DE SERVIÇOS TERCEIRIZADOS NO ÂMBITO DA CÂMARA MUNICIPAL DE SÃO PAULO, E DÁ OUTRAS PROVIDÊNCIAS."
804139,PL 451/2026,PL,451,2026,"INSTITUI O PROGRAMA PERMANENTE DE CAPACITAÇÃO DA GUARDA CIVIL METROPOLITANA PARA ATENDIMENTO HUMANIZADO ÀS PESSOAS COM TRANSTORNO DO ESPECTRO AUTISTA (TEA) NO MUNICÍPIO DE SÃO PAULO, E DÁ OUTRAS PROVIDÊNCIAS."
804140,PL 452/2026,PL,452,2026,"ALTERA A LEI Nº 14.485, DE 19 DE JULHO DE 2007, PARA INCLUIR NO CALENDÁRIO DE EVENTOS DA CIDADE SÃO PAULO A “SEMANA MUNICIPAL DO
CARRINHO DE ROLIMÃ""."
804142,PL 453/2026,PL,453,2026,"DISPÕE SOBRE A OBRIGATORIEDADE DA PRESENÇA DE PROFISSIONAL PSICOPEDAGOGO NOS EQUIPAMENTOS PÚBLICOS DE ENSINO, NO ÂMBITO DO MUNICÍPIO DE SÃO PAULO, E DÁ OUTRAS PROVIDÊNCIAS."
804162,PL 454/2026,PL,454,2026,DISPÕE SOBRE O PROGRAMA DE PROTEÇÃO À  GUARDA CIVIL METROPOLITANA (GCM) GESTANTE E DÁ OUTRAS PROVIDÊNCIAS.
804163,PL 455/2026,PL,455,2026,INSTITUI O PARLAMENTO INCLUSIVO NO ÂMBITO DA CÂMARA MUNICIPAL DE SÃO PAULO E DÁ OUTRAS PROVIDÊNCIAS
804164,PL 456/2026,PL,456,2026,"DISPÕE SOBRE O TESTE DO PEZINHO NA REDE MUNICIPAL DE SAÚDE DO MUNICÍPIO DE SÃO PAULO, EM CONSONÂNCIA COM A LEI FEDERAL Nº 14.154, DE 26 DE MAIO DE 2021, E DÁ OUTRAS PROVIDÊNCIAS"
804165,PL 457/2026,PL,457,2026,"AUTORIZA O PODER EXECUTIVO MUNICIPAL A INSTITUIR CURSOS DE CUIDADORES DE PESSOAS IDOSAS, E DÁ OUTRAS PROVIDÊNCIAS."
804193,PL 458/2026,PL,458,2026,"DENOMINA “TRAVESSA JOSEFA MARIA DE PAIVA DE BARROS” O ESPAÇO INOMINADO, LOCALIZADO ENTRE AS RUAS PINHEIRO DE FARIA,  85 - JARDIM MARISTELA, SÃO PAULO - SP, 02806-040 E RIO IRÓI, 58 - JARDIM MARISTELA, SÃO PAULO - SP, 02806-030, AMBOS NO PERTENCENTE A SUBPREFEITURA FREGUESIA DO Ó/BRASILÂNDIA, NO MUNICÍPIO DE SÃO PAULO, E DÁ OUTRAS PROVIDÊNCIAS."
804247,PL 459/2026,PL,459,2026,"DISPÕE SOBRE A OBRIGATORIEDADE DE MEDIDAS PREVENTIVAS DE SEGURANÇA EM OBRAS E INTERVENÇÕES QUE
ENVOLVAM ESCAVAÇÕES E INFRAESTRUTURAS SUBTERRÂNEAS NO MUNICÍPIO DE SÃO PAULO, E DÁ OUTRAS PROVIDÊNCIAS."
804256,PL 460/2026,PL,460,2026,FICA VEDADO O USO DE TECNOLOGIAS DE INCINERAÇÃO E OUTROS TRATAMENTOS TÉRMICOS PARA DESTINAÇÃO DE RESÍDUOS SÓLIDOS URBANOS NO MUNICÍPIO DE SÃO PAULO E DÁ OUTRAS PROVIDÊNCIAS.
804273,PLO 3/2026,PLO,3,2026,"ACRESCENTA O § 3º E §4º AO ARTIGO 88 DA LEI ORGÂNICA DO MUNICÍPIO DE SÃO PAULO. [ACRESCE DISPOSITIVOS À L.O.M. A FIM DE INSTITUIR A OUVIDORIA EXTERNA DA GUARDA CIVIL METROPOLITANA DO MUNICÍPIO DE SÃO PAULO, BEM COMO TRATAR DA UTILIZAÇÃO DE CÂMERAS CORPORAIS PELOS INTEGRANTES DA INSTITUIÇÃO]"
804276,PL 461/2026,PL,461,2026,"INSTITUI O PROGRAMA MUNICIPAL DE SAÚDE MENTAL DA GUARDA CIVIL METROPOLITANA, ESTABELECE DIRETRIZES DE PREVENÇÃO AO SOFRIMENTO PSÍQUICO E AO SUICÍDIO, E VÍTIMAS DE VIOLÊNCIA DOMÉSTICA ENVOLVENDO OS AGENTES DA GCM, E DISPÕE SOBRE ASSISTÊNCIA AOS FAMILIARES EM CASO DE MORTE DECORRENTE DE SUICÍDIO RELACIONADO AO EXERCÍCIO FUNCIONAL”."
804323,PDL 78/2026,PDL,78,2026,DISPÕE SOBRE A OUTORGA DE TÍTULO DE CIDADÃO PAULISTANO AO SENHOR ISIDORO ANTUNES MAZZOTINI E DÁ OUTRAS PROVIDÊNCIAS.
804329,PL 462/2026,PL,462,2026,"DISPÕE SOBRE O “PROGRAMA DE ATENDIMENTO PSICOLÓGICO DE PESSOAS CUIDADORAS, ATENDENTES E FAMILIARES DE PESSOAS COM DEFICIÊNCIA NO MUNICÍPIO DE SÃO PAULO"" E DÁ OUTRAS PROVIDÊNCIAS."
804330,PL 463/2026,PL,463,2026,"“DISPÕE SOBRE A PARTICIPAÇÃO, EM FEIRAS DE EVENTOS DO MUNICÍPIO, DE INSTITUIÇÕES QUE ATUEM EM DEFESA DOS DIREITOS E INTERESSES DE PESSOAS COM DEFICIÊNCIA (PCDS) E DÁ OUTRAS PROVIDÊNCIAS."
804429,PL 464/2026,PL,464,2026,DISPÕE SOBRE A PROIBIÇÃO DA ENTRADA DE TORCEDORES QUE TENHAM DÍVIDAS REFERENTES A PENSÃO ALIMENTÍCIA E CONDENADOS POR VIOLÊNCIA CONTRA A MULHER NO ÂMBITO MUNICIPAL E DÁ OUTRAS PROVIDÊNCIAS.
804500,PL 467/2026,PL,467,2026,"ALTERA OS ARTIGOS 1º E 5º DA LEI Nº 18.468, DE 25 DE MAIO DE 2026, QUE PROÍBE, EM TODO TERRITÓRIO DO MUNICÍPIO DE SÃO PAULO, A UTILIZAÇÃO DE PENAS E PLUMAS DE ORIGEM ANIMAL, PARA PRORROGAR O INÍCIO DE SEUS EFEITOS E EXCEPCIONAR O USO DE MATERIAIS INTEGRANTES DO ACERVO DAS AGREMIAÇÕES CARNAVALESCAS."
804543,PL 468/2026,PL,468,2026,"INSTITUI O PROGRAMA MUNICIPAL DE RESPEITO AO ENTREGADOR E O SELO “ESTABELECIMENTO PARCEIRO DO ENTREGADOR”, NO ÂMBITO DO MUNICÍPIO DE SÃO PAULO, E DÁ OUTRAS PROVIDÊNCIAS."
804544,PL 469/2026,PL,469,2026,"RECONHECE OS MOTOCLUBES E MOTOGRUPOS COMO MANIFESTAÇÕES DE RELEVANTE INTERESSE CULTURAL, SOCIAL E COMUNITÁRIO NO ÂMBITO DO MUNICÍPIO DE SÃO PAULO E DÁ OUTRAS PROVIDÊNCIAS."
804548,PDL 79/2026,PDL,79,2026,DISPÕE SOBRE A OUTORGA DA SALVA DE PRATA À SECRETARIA MUNICIPAL DE SEGURANÇA URBANA PELO PROGRAMA SMART SAMPA E DÁ OUTRAS PROVIDÊNCIAS.
804583,PL 470/2026,PL,470,2026,"ALTERA A LEI Nº. 14.485, DE 19 DE JULHO DE 2007, COM A FINALIDADE DE INCLUIR NO CALENDÁRIO OFICIAL DE EVENTOS DA CIDADE DE SÃO PAULO O DIA DO TURISMO AMIGO DO IDOSO, E DÁ OUTRAS PROVIDÊNCIAS."
804584,PL 471/2026,PL,471,2026,"INSTITUI O PROGRAMA MUNICIPAL DE INCENTIVO À PRÁTICA DE COMPOSTAGEM DE RESÍDUOS ORGÂNICOS POR MEIO DE EQUIPAMENTOS PÚBLICOS E À EDUCAÇÃO AMBIENTAL NO MUNICÍPIO DE SÃO PAULO, E DÁ OUTRAS PROVIDÊNCIAS."
804591,PL 472/2026,PL,472,2026,INSTITUI O PROGRAMA MUNICIPAL DE INCLUSÃO SENSORIAL NO MUNICÍPIO DE SÃO PAULO E DÁ OUTRAS PROVIDÊNCIAS.
804599,PL 473/2026,PL,473,2026,"ALTERA A LEI MUNICIPAL Nº 14.485, DE 19 DE JULHO DE 2007, PARA INCLUIR O DIA DA IGREJA CASA DO OLEIRO, EM RECONHECIMENTO À SUA CONTRIBUIÇÃO ESPIRITUAL, SOCIAL E COMUNITÁRIA A SER COMEMORADO ANUALMENTE NO DIA 05 DE MARÇO, E DÁ OUTRAS PROVIDÊNCIAS."
804600,PL 474/2026,PL,474,2026,"ALTERA A LEI MUNICIPAL Nº 14.485, DE 19 DE JULHO DE 2007, PARA INCLUIR O DIA DA IBF CHURCH, EM RECONHECIMENTO À SUA CONTRIBUIÇÃO ESPIRITUAL, SOCIAL E COMUNITÁRIA A SER COMEMORADO ANUALMENTE NO DIA 01 DE MARÇO E DÁ OUTRAS PROVIDÊNCIAS."
804602,PDL 80/2026,PDL,80,2026,DISPÕE SOBRE A OUTORGA DE SALVA DE PRATA À ASSOCIAÇÃO OKINAWA KENJIN DO BRASIL E DÁ OUTRAS PROVIDÊNCIAS.
804611,PL 476/2026,PL,476,2026,"INSTITUI O PROGRAMA MUNICIPAL DE IDENTIFICAÇÃO, ACOLHIMENTO E TRATAMENTO DA LUDOPATIA NO MUNICÍPIO DE SÃO PAULO E DÁ OUTRAS PROVIDÊNCIAS."
804612,PL 477/2026,PL,477,2026,"INSTITUI DIRETRIZES PARA A IMPLEMENTAÇÃO DE APOIO TÉCNICO DE ENFERMAGEM NAS UNIDADES DA REDE MUNICIPAL DE ENSINO PARA ACOMPANHAMENTO DE ESTUDANTES QUE NECESSITEM DE ADMINISTRAÇÃO CONTÍNUA DE MEDICAMENTOS, NO ÂMBITO DO MUNICÍPIO DE SÃO PAULO."
804614,PL 478/2026,PL,478,2026,"ALTERA DISPOSITIVOS DA LEI Nº 13.478, DE 30 DE DEZEMBRO DE 2002, BEM COMO DA  LEI Nº 14.803, DE 26 DE JUNHO DE 2008, PARA INSTITUIR O PROGRAMA MUNICIPAL DE FISCALIZAÇÃO COLABORATIVA DE RESÍDUOS SÓLIDOS NO MUNICÍPIO DE SÃO PAULO, ESTABELECE RECOMPENSA PECUNIÁRIA PARA DENÚNCIAS COM EFETIVO RECOLHIMENTO DE MULTA E MAJORA AS PENALIDADES PELAS INFRAÇÕES DE DESCARTE IRREGULAR."
804661,PL 479/2026,PL,479,2026,DISPÕE SOBRE A ADEQUAÇÃO DE ESPAÇOS VERDES NOS ÓRGÃOS PÚBLICOS MUNICIPAIS E DÁ OUTRAS PROVIDÊNCIAS.
804663,PL 481/2026,PL,481,2026,"AUTORIZA A CRIAÇÃO DA PATRULHA DA VIDA E DA SAÚDE NO ÂMBITO DA SECRETARIA MUNICIPAL DE SEGURANÇA URBANA, EM ATUAÇÃO CONJUNTA COM A SECRETARIA MUNICIPAL DA SAÚDE NO MUNICÍPIO DE SÃO PAULO, E DÁ OUTRAS PROVIDÊNCIAS."
804736,PL 482/2026,PL,482,2026,"DISPÕE SOBRE A CRIAÇÃO DA OUVIDORIA ESPECIAL DE PROTEÇÃO À PESSOA IDOSA NO MUNICÍPIO DE SÃO PAULO, E DÁ OUTRAS PROVIDÊNCIAS."
804738,PL 484/2026,PL,484,2026,DISPÕE SOBRE A INCLUSÃO DA ATIVIDADE DE ÓPTICO OPTOMETRISTA E DA PRESTAÇÃO DE SERVIÇOS DA OPTOMETRIA.
804751,PL 485/2026,PL,485,2026,"ALTERA A LEI NO 16.836, DE 8 DE FEVEREIRO DE 2018, PARA INSTITUIR DIRETRIZES DE TRANSPARÊNCIA, MONITORAMENTO E PUBLICIDADE DAS AÇÕES DESENVOLVIDAS NO ÂMBITO DO PROGRAMA SP COOPERA."
804806,PL 486/2026,PL,486,2026,"DISPÕE SOBRE A OBRIGATORIEDADE DE DISPONIBILIZAÇÃO DE AUXILIAR TÉCNICO DE EDUCAÇÃO – ATE EM CADA ANDAR DAS UNIDADES EDUCACIONAIS DA REDE MUNICIPAL DE ENSINO DO MUNICÍPIO DE SÃO PAULO, DURANTE TODOS OS PERÍODOS DE FUNCIONAMENTO, E DÁ OUTRAS PROVIDÊNCIAS."
804838,PL 487/2026,PL,487,2026,"ALTERA A LEI Nº 9.939, DE 16 DE JULHO DE 1985, PARA PERMITIR A IDENTIFICAÇÃO ELETRÔNICA DOS BENEFICIÁRIOS DA GRATUIDADE NO TRANSPORTE COLETIVO MUNICIPAL."
804839,PL 488/2026,PL,488,2026,"DENOMINA UPA - GRAJAU - JOÃO BATISTA, O SERVIÇO DE SAÚDE SITUADO NA RUA CONSTELAÇÃO DO ESQUADRO, OPOSTO AO NÚMERO 144 – CEP 04858-010 - SUBPREFEITURA CAPELA DO SOCORRO - SÃO PAULO, SP."
804862,PL 489/2026,PL,489,2026,INSTITUI A CAMPANHA MUNICIPAL DE INCENTIVO À DOAÇÃO DE SANGUE POR JOVENS DE 16 E 17 ANOS NO MUNICÍPIO DE SÃO PAULO E DÁ OUTRAS PROVIDÊNCIAS.
804908,PDL 81/2026,PDL,81,2026,CONCEDE A HONRARIA TÍTULO DE CIDADÃO PAULISTANO AO EXCELENTÍSSIMO SENHOR GILBERTO POLETO.
804934,PL 490/2026,PL,490,2026,"INSTITUI O ACOMPANHAMENTO PSICOLÓGICO GRATUITO PARA MULHERES VÍTIMAS DE VIOLÊNCIA VICÁRIA NO MUNICÍPIO DE SÃO PAULO, E DÁ OUTRAS PROVIDÊNCIAS."
804949,PL 491/2026,PL,491,2026,"INSTITUI A POLÍTICA MUNICIPAL DE CONDUÇÃO RESPONSÁVEL E PREVENÇÃO DE ACIDENTES CANINOS NO MUNICÍPIO DE SÃO PAULO, ALTERA E ACRESCE DISPOSITIVOS À LEI Nº 13.131, DE 18 DE MAIO DE 2001."
804950,PL 492/2026,PL,492,2026,"ALTERA E ACRESCE DISPOSITIVOS À LEI Nº 13.131, DE 18 DE MAIO DE 2001, PARA INSTITUIR A POLÍTICA MUNICIPAL DE GESTÃO HUMANITÁRIA DE COLÔNIAS DE FELINOS DOMÉSTICOS DE VIDA LIVRE, REGULAMENTAR O PROTOCOLO CED (CAPTURA, ESTERILIZAÇÃO E DEVOLUÇÃO), ASSEGURAR A PROTEÇÃO JURÍDICA AO GATO COMUNITÁRIO E AOS SEUS CUIDADORES VOLUNTÁRIOS NO MUNICÍPIO DE SÃO PAULO"
804951,PL 493/2026,PL,493,2026,"ALTERA A LEI Nº 14.485, DE 19 DE JULHO DE 2007, PARA INCLUIR NO CALENDÁRIO DE EVENTOS DA CIDADE DE SÃO PAULO O DIA DA FEIRA DE ARTESANATO E GASTRONOMIA DA PRAÇA FLORIANO PEIXOTO, A SER COMEMORADO ANUALMENTE EM 27 DE AGOSTO."
804952,PL 494/2026,PL,494,2026,"INSTITUI A OBRIGATORIEDADE DE SINALIZAÇÃO INFORMATIVA E INTERDIÇÃO TEMPORÁRIA DE ÁREAS VERDES PÚBLICAS POR OCASIÃO DA APLICAÇÃO DE DEFENSIVOS QUÍMICOS, PESTICIDAS E PRODUTOS FITOSSANITÁRIOS NO ÂMBITO DO MUNICÍPIO DE SÃO PAULO."
805009,PL 496/2026,PL,496,2026,DISPÕE SOBRE A CRIAÇÃO DO PROTOCOLO ‘ESCOLA VIVA' PARA A INCLUSÃO E ADAPTAÇÃO AMBIENTAL PARA ALUNOS COM TRANSTORNO DO ESPECTRO AUTISTA (TEA) E OUTRAS NECESSIDADES EDUCACIONAIS ESPECIAIS (NEES)
805184,PL 497/2026,PL,497,2026,"INSTITUI O PROGRAMA MUNICIPAL FOMENTO FAVELA COM ORGULHO, DESTINADO AO APOIO, INCENTIVO E FORTALECIMENTO DE PARADAS, MARCHAS E CAMINHADAS LGBTQIA+, BEM COMO DE INICIATIVAS DE PROMOÇÃO DA CIDADANIA E DOS DIREITOS DA POPULAÇÃO LGBTQIA+, REALIZADAS EM TERRITÓRIOS PERIFÉRICOS, COMUNIDADES E FAVELAS DO MUNICÍPIO DE SÃO PAULO, E DÁ OUTRAS PROVIDÊNCIAS."
805186,PL 498/2026,PL,498,2026,"ALTERA A LEI NO 12.114, DE 9 DE DEZEMBRO DE 2009, PARA INCLUIR A URBANIZAÇÃO DE FAVELAS, ASSENTAMENTOS PRECÁRIOS E TERRITÓRIOS PERIFÉRICOS ENTRE AS ATIVIDADES FINANCIÁVEIS PELO FUNDO NACIONAL SOBRE MUDANÇA DO CLIMA – FNMC E ESTABELECER A PRIORIZAÇÃO DE PROJETOS DESTINADOS A TERRITÓRIOS DE ELEVADA VULNERABILIDADE SOCIOAMBIENTAL E CLIMÁTICA."
805199,PL 499/2026,PL,499,2026,"ALTERA A LEI Nº 14.485, DE 19 DE JULHO DE 2007, PARA INCLUIR NO CALENDÁRIO DE EVENTOS DA CIDADE DE SÃO PAULO A SEMANA MUNICIPAL DE VALORIZAÇÃO DA MÚSICA GOSPEL, A SER REALIZADA ANUALMENTE NA SEMANA EM QUE RECAIR O DIA 9 DE JUNHO."
805200,PL 500/2026,PL,500,2026,"ALTERA A LEI Nº 14.485, DE 19 DE JULHO DE 2007, PARA INCLUIR NO CALENDÁRIO DE EVENTOS DA CIDADE DE SÃO PAULO A SEMANA MUNICIPAL DOS CANTORES E ARTISTAS ITINERANTES, A SER REALIZADA ANUALMENTE NA SEMANA EM QUE RECAIR O DIA 15 DE JUNHO."
805201,PL 501/2026,PL,501,2026,"ALTERA A LEI Nº 14.485, DE 19 DE JULHO DE 2007, PARA INCLUIR NO CALENDÁRIO DE EVENTOS DA CIDADE DE SÃO PAULO O DIA MUNICIPAL DO SAMBA GOSPEL, A SER CELEBRADO ANUALMENTE NO DIA 2 DE DEZEMBRO, E DÁ OUTRAS PROVIDÊNCIAS."
805205,PL 502/2026,PL,502,2026,"CRIA O PROGRAMA LAÇOS TIPO 1 PARA GARANTIR O ACOLHIMENTO E ORIENTAÇÃO DA PESSOA DIAGNOSTICADA COM DIABETES TIPO 1 NO MUNICÍPIO DE SÃO PAULO, E DÁ OUTRAS PROVIDÊNCIAS."
805208,PL 503/2026,PL,503,2026,"DENOMINA PRAÇA BENEDICTA MARGARIDA IGNÁCIO O ESPAÇO LIVRE DELIMITADO PELAS RUAS MONTE CASEROS, 53 E CORONEL CAMISÃO, 193 – VILA GOMES – SUBPREFEITURA DO BUTANTÃ."
805230,PL 504/2026,PL,504,2026,INSTITUI O PROGRAMA MUNICIPAL “BRINCANDO NA PRAÇA” NO ÂMBITO DO MUNICÍPIO DE SÃO PAULO E DÁ OUTRAS PROVIDÊNCIAS.
805235,PL 505/2026,PL,505,2026,"DENOMINA  CENTRO  MUNICIPAL  DE  EDUCAÇÃO  INFANTIL ANA MARIA PORTÃO DE  SOUZA O CENTRO MUNICIPAL DE EDUCAÇÃO  INFANTIL  JARDIM  IPORANGA  SITUADO  NO  JARDIM  DAS  IMBUIAS,  DISTRITO  CIDADE DUTRA."
805265,PL 506/2026,PL,506,2026,"DISPÕE SOBRE A CRIAÇÃO DE TURMAS DA EDUCAÇÃO DE JOVENS E ADULTOS – EJA NAS DEPENDÊNCIAS DA CÂMARA MUNICIPAL DE SÃO PAULO, E DÁ OUTRAS PROVIDÊNCIAS"
805278,PL 507/2026,PL,507,2026,"DECLARA DE UTILIDADE PÚBLICA, PARA FINS DE DESAPROPRIAÇÃO, O LOTE F0016 DA QUADRA F223 DO SETOR 083, LOCALIZADOS NA SUBPREFEITURA DE PINHEIROS."
805345,PDL 82/2026,PDL,82,2026,DISPÕE SOBRE A OUTORGA DO TÍTULO DE CIDADÃ PAULISTANA À ILMA. SRA. ROSELY CURY SANCHES.
805420,PDL 83/2026,PDL,83,2026,CONCEDE A MEDALHA ANCHIETA E O DIPLOMA DE GRATIDÃO DA CIDADE DE SÃO PAULO À PROFª DÉBORA DENISE DIAS GAROFALO E DÁ OUTRAS PROVIDÊNCIAS.
805432,PL 508/2026,PL,508,2026,"INSTITUI A POLÍTICA MUNICIPAL DE ATENÇÃO INTEGRAL ÀS PESSOAS EM SITUAÇÃO DE ACUMULAÇÃO COMPULSÓRIA DE ANIMAIS E DE OBJETOS NO MUNICÍPIO DE SÃO PAULO, ESTABELECE DIRETRIZES PARA A ATUAÇÃO INTERSETORIAL."
805458,PLO 4/2026,PLO,4,2026,"CRIA O § 5º DO ART. 32 DA LEI ORGÂNICA DO MUNICÍPIO DE SÃO PAULO, QUE DISPÕE SOBRE A PARTICIPAÇÃO OBRIGATÓRIA DE REPRESENTANTE DO EXECUTIVO EM AUDIÊNCIAS PÚBLICAS QUANDO COMUNICADOS FORMALMENTE."
805459,PL 509/2026,PL,509,2026,"ALTERA, NOS TERMOS DA LEI MUNICIPAL 14.454/2007, A DENOMINAÇÃO DA ""EMEI PARQUE BRASIL” QUE PASSARÁ A DENOMINAR-SE “EMEI AZOÍLDA LORETTO DA TRINDADE” E DÁ OUTRAS PROVIDÊNCIAS."
805498,PLO 5/2026,PLO,5,2026,"ALTERA A LEI ORGÂNICA DO MUNICÍPIO DE SÃO PAULO PARA INSTITUIR A GUARDA CIVIL METROPOLITANA ANIMAL (GCMA), GRUPAMENTO ESPECIALIZADO NA PROTEÇÃO DA FAUNA, ATENDIMENTO DE OCORRÊNCIAS ENVOLVENDO ANIMAIS E AUXÍLIO NA APURAÇÃO DE CRIMES AMBIENTAIS E CONEXOS, E DÁ OUTRAS PROVIDÊNCIAS."
805499,PR 15/2026,PR,15,2026,"INSTITUI, NO ÂMBITO DA CÂMARA MUNICIPAL DE SÃO PAULO, O PRÊMIO “ATLETA PERIFÉRICO DE EXCELÊNCIA PAULISTANO”, DESTINADO A RECONHECER E HOMENAGEAR ATLETAS AMADORES DE ALTO RENDIMENTO OU EM FORMAÇÃO RESIDENTES EM REGIÕES PERIFÉRICAS DO MUNICÍPIO, E DÁ OUTRAS PROVIDÊNCIAS."
805617,PL 510/2026,PL,510,2026,"DENOMINA RUA IVAIR FERREIRA A ATUAL VIA PARQUE, LOCALIZADA NO MUNICÍPIO DE SÃO PAULO."
805675,PL 511/2026,PL,511,2026,"ALTERA A LEI Nº 14.139, DE 24 DE MARÇO DE 2006, PARA INSTITUIR O PROGRAMA MUNICIPAL DE SEGURANÇA EM ATIVIDADES DE AVENTURA E LAZER, ESTABELECER PROTOCOLOS MÍNIMOS DE PREVENÇÃO DE ACIDENTES E PROTEÇÃO DA INTEGRIDADE FÍSICA DOS PARTICIPANTES NAS ATIVIDADES ESPORTIVAS RADICAIS, E DÁ OUTRAS PROVIDÊNCIAS."
805677,PL 512/2026,PL,512,2026,"DISPÕE SOBRE A OBRIGATORIEDADE DE CONDOMÍNIOS RESIDENCIAIS, COMERCIAIS E MISTOS SITUADOS NO MUNICÍPIO DE SÃO PAULO COMUNICAREM AOS CONSELHOS TUTELARES, AOS ÓRGÃOS MUNICIPAIS DE PROTEÇÃO À CRIANÇA E AO ADOLESCENTE E ÀS AUTORIDADES COMPETENTES A OCORRÊNCIA DE CASOS ENVOLVENDO USO, PORTE OU CONSUMO DE BEBIDAS ALCOÓLICAS, PRODUTOS FUMÍGENOS, TABACO, CIGARROS ELETRÔNICOS E/OU SUBSTÂNCIAS ENTORPECENTES POR CRIANÇAS E ADOLESCENTES EM ÁREAS COMUNS, E DÁ OUTRAS PROVIDÊNCIAS."
805750,PR 16/2026,PR,16,2026,"ALTERA A RESOLUÇÃO Nº 2, DE 26 DE ABRIL DE 1991 - REGIMENTO INTERNO DA CÂMARA MUNICIPAL DE SÃO PAULO -, PARA CRIAR A COMISSÃO EXTRAORDINÁRIA DE ACOMPANHAMENTO DO ORÇAMENTO CLIMÁTICO - SALA DO CLIMA."
805774,PL 513/2026,PL,513,2026,"ALTERA A LEI Nº 13.536, DE 19 DE MARÇO DE 2003 E DÁ OUTRAS PROVIDÊNCIAS [PROPÕE ALTERAÇÃO NA LEGISLAÇÃO VIGENTE ACERCA DO PROGRAMA DE ATENDIMENTO INTEGRAL E HUMANIZADO ÀS MULHERES EM ESTADO DE CLIMATÉRIO OU PÓS-CLIMATÉRIO PARA ABARCAR TAMBÉM A PERIMENOPAUSA, ALÉM DE PROVIDENCIAR SUPORTE À ATIVIDADE FÍSICA DE MULHERES PARA QUE PASSEM POR UMA MENOPAUSA SAUDÁVEL E PROVIDENCIAR APOIO ESPECÍFICO À MULHERES COM DIABETES E PRÉ-DIABETES NO CLIMATÉRIO]."
805877,PL 514/2026,PL,514,2026,"DENOMINA COMO “PRAÇA ROTARIANO PROFESSOR JOSÉ PERALTA” O ESPAÇO PÚBLICO INOMINADO LOCALIZADO ENTRE A AVENIDA JORNALISTA ROBERTO MARINHO E A AVENIDA DAS NAÇÕES UNIDAS, NAS PROXIMIDADES DO Nº 62 DA AVENIDA JORNALISTA ROBERTO MARINHO, NO DISTRITO DO ITAIM BIBI, E DÁ OUTRAS PROVIDÊNCIAS."
805880,PL 515/2026,PL,515,2026,"AUTORIZA O PODER EXECUTIVO A INSTITUIR O PROGRAMA PARA VALORIZAÇÃO DE INICIATIVAS PARA A PESSOA IDOSA – VAIDOSOS, DESTINADO AO APOIO FINANCEIRO A INICIATIVAS CULTURAIS, ESPORTIVAS, DE LAZER, CONVIVÊNCIA, INCLUSÃO DIGITAL E GERAÇÃO DE RENDA VOLTADAS À PESSOA IDOSA; ALTERA A LEI Nº 15.679, DE 21 DE DEZEMBRO DE 2012; E DÁ OUTRAS PROVIDÊNCIAS."
805883,PL 516/2026,PL,516,2026,"INSTITUI A POLÍTICA MUNICIPAL DE CONSCIENTIZAÇÃO, PREVENÇÃO E MITIGAÇÃO DOS EFEITOS DO ESTRESSE TÉRMICO E DAS ONDAS DE CALOR NAS SALAS DE AULA E NOS AMBIENTES DE ENSINO DA REDE MUNICIPAL DE EDUCAÇÃO DE SÃO PAULO, E DÁ OUTRAS PROVIDÊNCIAS."
805884,PL 517/2026,PL,517,2026,"INSTITUI A POLÍTICA MUNICIPAL DE CIDADE ESPONJA E INFRAESTRUTURA VERDE-AZUL NO MUNICÍPIO DE SÃO PAULO, ESTABELECE DIRETRIZES PARA O MANEJO SUSTENTÁVEL DAS ÁGUAS PLUVIAIS, PREVENÇÃO DE ENCHENTES, MITIGAÇÃO DE ILHAS DE CALOR E ADAPTAÇÃO CLIMÁTICA, E DÁ OUTRAS PROVIDÊNCIAS."
805887,PL 518/2026,PL,518,2026,"DENOMINA UNIDADE BÁSICA DE SAÚDE INOMINADA LOCALIZADA NO BAIRRO PARQUE SAVOI CITY, NO MUNICÍPIO DE SÃO PAULO."
806083,PL 519/2026,PL,519,2026,"ALTERA A LEI Nº 14.485, DE 19 DE JULHO DE 2007, PARA INCLUIR NO CALENDÁRIO DE EVENTOS DA CIDADE DE SÃO PAULO A SEMANA MUNICIPAL DA CAPOTERAPIA, A SER CELEBRADA, ANUALMENTE, NA PRIMEIRA SEMANA DO MÊS DE OUTUBRO."
806209,PL 520/2026,PL,520,2026,"INSTITUI O SELO UNIDADE BÁSICA AMIGA DA POPULAÇÃO LGBTQIA+ NO MUNICÍPIO DE SÃO PAULO, DESTINADO AO RECONHECIMENTO DE BOAS PRÁTICAS DE ACOLHIMENTO, ATENDIMENTO HUMANIZADO E PROMOÇÃO DA SAÚDE INTEGRAL DA POPULAÇÃO LGBTQIA+."
806212,PL 521/2026,PL,521,2026,"ALTERA A LEI Nº 14.485, DE 19 DE JULHO DE 2007, PARA INCLUIR NO CALENDÁRIO DE EVENTOS DA CIDADE DE SÃO PAULO O DIA DO PEDAL AMARELO."
806241,PL 522/2026,PL,522,2026,INSTITUI A POLÍTICA MUNICIPAL DE FOMENTO ÀS PARADAS LGBTQIA+ NO MUNICÍPIO DE SÃO PAULO.
806342,PL 523/2026,PL,523,2026,"ALTERA A LEI Nº 14.485, DE 19 DE JULHO DE 2007, PARA INCLUIR NO CALENDÁRIO DE EVENTOS DA CIDADE DE SÃO PAULO, O “DIA DO K-POP”, VISANDO FOMENTAR A CULTURA COREANA E VALORIZAR SUA ARTE CONTEMPORÂNEA"
806486,PDL 84/2026,PDL,84,2026,DISPÕE SOBRE A OUTORGA DE TÍTULO DE CIDADÃO PAULISTANO AO SENHOR JOSÉ TANIGUTI E DÁ OUTRAS PROVIDÊNCIAS.
806500,PL 525/2026,PL,525,2026,INSTITUI O “SELO ESCOLA SAUDÁVEL” NO MUNICÍPIO DE SÃO PAULO E DÁ OUTRAS PROVIDÊNCIAS.
806601,PL 526/2026,PL,526,2026,"DISPÕE SOBRE A CRIAÇÃO DO QUADRO DOS PROFISSIONAIS DO MEIO AMBIENTE – QPMA, A CRIAÇÃO DE CARGOS E A REVALORIZAÇÃO REMUNERATÓRIA NO QUADRO DE GESTÃO ADMINISTRATIVA SUPERIOR – QGAS, ALTERA A LEI Nº 17.841, DE 19 DE AGOSTO DE 2022, E DÁ OUTRAS PROVIDÊNCIAS."
806624,PL 527/2026,PL,527,2026,"ALTERA A LEI Nº 14.485, DE 19 DE JULHO DE 2007, PARA INCLUIR NO CALENDÁRIO DE EVENTOS DA CIDADE DE SÃO PAULO O FESTIVAL DE BATALHAS DE RIMA E SLAM – FEBRES, A SER REALIZADO ANUALMENTE NO MÊS DE OUTUBRO E DÁ OUTRAS PROVIDÊNCIAS."
806627,PL 528/2026,PL,528,2026,"ALTERA A LEI Nº 14.485, DE 19 DE JULHO DE 2007, PARA INCLUIR NO CALENDÁRIO DE EVENTOS DA CIDADE A CONSCIENTIZAÇÃO E ATENÇÃO À MENOPAUSA, A SER REALIZADA, ANUALMENTE NO MÊS DE MARÇO E DÁ OUTRAS PROVIDÊNCIAS."
806628,PR 17/2026,PR,17,2026,"INSTITUI O FÓRUM MUNICIPAL DE POLÍTICAS PÚBLICAS INTEGRADAS PARA A INCLUSÃO E GARANTIA DE DIREITOS DA PESSOA COM DEFICIÊNCIA, DA PESSOA COM TRANSTORNO DO ESPECTRO AUTISTA (TEA) E DA PESSOA COM ALTAS HABILIDADES/SUPERDOTAÇÃO (AH/SD), NO ÂMBITO DA CÂMARA MUNICIPAL DE SÃO PAULO, E DÁ OUTRAS PROVIDÊNCIAS."
806641,PL 529/2026,PL,529,2026,ESTABELECE CONSULTA POPULAR ATRAVÉS DE PLEBISCITO PARA INSTALAÇÃO DE INCINERADORES E OUTROS EMPREENDIMENTOS POTENCIALMENTE POLUIDORES DE GRANDE PORTE.
806659,PL 530/2026,PL,530,2026,"ALTERA A LEI NO 16.050, DE 31 DE JULHO DE 2014 , E A LEI NO 18.177, DE 25 DE JULHO DE 2024, PARA
AJUSTAR OS LIMITES DA MACROZONA DE PROTEÇÃO E RECUPERAÇÃO AMBIENTAL E DA MACROÁREA DE
REDUÇÃO DA VULNERABILIDADE URBANA E RECUPERAÇÃO AMBIENTAL, RECLASSIFICAR ÁREAS DE
ZONA MISTA – ZM PARA ZONA MISTA DE INTERESSE SOCIAL E AMBIENTAL – ZMISA, E DÁ OUTRAS
PROVIDÊNCIAS."
806674,PL 531/2026,PL,531,2026,"INSTITUI O DIA MUNICIPAL DA MULHER MISSIONÁRIA NO CALENDÁRIO OFICIAL DE EVENTOS DO MUNICÍPIO DE SÃO PAULO, E DÁ OUTRAS PROVIDÊNCIAS."
806676,PL 532/2026,PL,532,2026,"INSTITUI O PROGRAMA MUNICIPAL CONECTANDO GERAÇÕES, DESTINADO AO INCENTIVO DE AÇÕES VOLUNTÁRIAS DE JOVENS EM ATIVIDADES DE APOIO, CONVIVÊNCIA E INTEGRAÇÃO SOCIAL COM A POPULAÇÃO IDOSA NO MUNICÍPIO DE SÃO PAULO, E DÁ OUTRAS PROVIDÊNCIAS."
806684,PL 533/2026,PL,533,2026,"INSTITUI O PROGRAMA MUNICIPAL DE SEGURANÇA ALIMENTAR ESCOLAR AOS FINAIS DE SEMANA, FERIADOS E RECESSOS ESCOLARES PARA ESTUDANTES DA REDE PÚBLICA MUNICIPAL DE ENSINO EM SITUAÇÃO DE VULNERABILIDADE SOCIAL, E DÁ OUTRAS PROVIDÊNCIAS."
806686,PL 534/2026,PL,534,2026,"ALTERA A LEI MUNICIPAL Nº 14.485, DE 19 DE JULHO DE 2007, PARA INCLUIR O DIA DA IGREJA CIDADE IMAFE – MINISTÉRIO PESCADOR DE ALMAS, EM RECONHECIMENTO À SUA CONTRIBUIÇÃO ESPIRITUAL, SOCIAL E COMUNITÁRIA A SER COMEMORADO ANUALMENTE NO DIA 08 DE MARÇO, E DÁ OUTRAS PROVIDÊNCIAS."
806847,PL 535/2026,PL,535,2026,INSTITUI A POLÍTICA MUNICIPAL DE CONSCIENTIZAÇÃO E PREVENÇÃO AO TRANSPORTE COLETIVO CLANDESTINO DE PASSAGEIROS NO MUNICÍPIO DE SÃO PAULO E DÁ OUTRAS PROVIDÊNCIAS.
806852,PL 536/2026,PL,536,2026,"INSTITUI A CAMPANHA DO AGASALHO PET, DE CARÁTER PERMANENTE, NO ÂMBITO DO MUNICÍPIO DE SÃO PAULO, VOLTADA À PROTEÇÃO TÉRMICA DE ANIMAIS EM SITUAÇÃO DE VULNERABILIDADE, E DÁ OUTRAS PROVIDÊNCIAS."
806854,PL 537/2026,PL,537,2026,"ALTERA A LEI Nº 14.485, DE 19 DE JULHO DE 2007, PARA INCLUIR O DIA MUNICIPAL DO JOVEM VOLUNTÁRIO, NO CALENDÁRIO DE EVENTOS DO MUNICÍPIO DE SÃO PAULO, E DÁ OUTRAS PROVIDÊNCIAS."
806855,PL 538/2026,PL,538,2026,INSTITUI O PROGRAMA MUNICIPAL DE PRIORIZAÇÃO DA INSTALAÇÃO E ADEQUAÇÃO DE DISPOSITIVOS DE CONTENÇÃO VIÁRIA EM PONTOS CRÍTICOS DE ACIDENTALIDADE NO MUNICÍPIO DE SÃO PAULO E DÁ OUTRAS PROVIDÊNCIAS.
806857,PL 539/2026,PL,539,2026,INSTITUI O PROGRAMA DE PROTEÇÃO AOS ATIVISTAS E DEFENSORES AMBIENTAIS NO MUNICÍPIO DE SÃO PAULO E DÁ OUTRAS PROVIDÊNCIAS.
806858,PL 540/2026,PL,540,2026,"ALTERA A LEI Nº 14.139, DE 24 DE MARÇO DE 2006, PARA REFORÇAR OS MECANISMOS DE PREVENÇÃO DE ACIDENTES EM ATIVIDADES RADICAIS E DE AVENTURA DE ALTO RISCO, MEDIANTE A INSTITUIÇÃO DE PROTOCOLOS DE SEGURANÇA, CONTROLE DE AUTORIZAÇÃO, FISCALIZAÇÃO E CANAL DE DENÚNCIAS NO MUNICÍPIO DE SÃO PAULO."
806873,PL 541/2026,PL,541,2026,"ALTERA A LEI NO 14.401, DE 21 DE MAIO DE 2007, PARA INSTITUIR CRITÉRIOS TÉCNICOS - FUNCIONAIS DE AVALIAÇÃO E RENOVAÇÃO DE AUTORIZAÇÕES E LICENÇAS NA MODALIDADE DE TÁXIS ACESSÍVEIS, E DÁ OUTRAS PROVIDÊNCIAS."
806960,PL 542/2026,PL,542,2026,DISPÕE SOBRE A OBRIGATORIEDADE DE DISPONIBILIZAÇÃO DE BEBEDOUROS EM ESTÁDIOS E ARENAS MULTIUSO.
806984,PDL 85/2026,PDL,85,2026,CONCEDE A HONRARIA TÍTULO DE CIDADÃ PAULISTANA À EXCELENTÍSSIMA SENHORA BEATRIZ POLETO.
806986,PL 543/2026,PL,543,2026,"ALTERA A DENOMINAÇÃO DA “RUA VERDE” PARA “RUA VERDE DR. ANTÔNIO JOSÉ HADDAD”, E DÁ OUTRAS PROVIDENCIAS."
807086,PL 544/2026,PL,544,2026,"INSTITUI A POLÍTICA DE FORTALECIMENTO DA ADOÇÃO E DO APOIO À CONVIVÊNCIA FAMILIAR E COMUNITÁRIA NO ÂMBITO DO MUNICÍPIO DE SÃO PAULO, BEM COMO INSTITUI O SISTEMA MUNICIPAL DE MONITORAMENTO E AVALIAÇÃO DAS POLÍTICAS DE ADOÇÃO - SIMAPA E DÁ OUTRAS PROVIDÊNCIAS."
807134,PL 545/2026,PL,545,2026,"ALTERA A LEI Nº 8.989, DE 29 DE OUTUBRO DE 1979, E A LEI Nº 9.919, DE 21 DE JUNHO DE 1985, PARA EQUIPARAR A LICENÇA-MATERNIDADE ADOTIVA À PREVISTA PARA A MATERNIDADE BIOLÓGICA, SEM LIMITAÇÃO DE IDADE DO ADOTADO."
807145,PDL 86/2026,PDL,86,2026,"CONCEDE A HONRARIA SALVA DE PRATA À AÇÃO COMUNITÁRIA VOCAÇÃO, QUE CONTRIBUI PARA A TRANSFORMAÇÃO DE VIDAS POR MEIO DA EDUCAÇÃO E ORIENTAÇÃO PARA O TRABALHO E DESENVOLVIMENTO INTEGRAL DE CRIANÇAS E ADOLESCENTES, RESULTANDO NO FORTALECIMENTO DE HABILIDADES SOCIOEMOCIONAIS E TÉCNICAS PARA A JUVENTUDE SEJAM FUNDAMENTAIS AO LONGO DA VIDA."
807168,PL 546/2026,PL,546,2026,"INSTITUI A POLÍTICA MUNICIPAL DE ATENDIMENTO HUMANIZADO ÀS PESSOAS COM OBESIDADE MÓRBIDA NOS EQUIPAMENTOS PÚBLICOS MUNICIPAIS DE SAÚDE, DISPÕE SOBRE A ADEQUAÇÃO GRADUAL DA INFRAESTRUTURA, MOBILIÁRIO, EQUIPAMENTOS E PROTOCOLOS ASSISTENCIAIS, E DÁ OUTRAS PROVIDÊNCIAS."
807169,PL 547/2026,PL,547,2026,"INSTITUI O PROGRAMA SIGMOT — SISTEMA INTEGRADO DE GESTÃO E MONITORAMENTO OPERACIONAL DO TRANSPORTE ESCOLAR PARA SEGURANÇA DOS ESTUDANTES E USUÁRIOS, E DÁ OUTRAS PROVIDÊNCIAS."
807170,PL 548/2026,PL,548,2026,DISPÕE SOBRE A INCLUSÃO DE PROFISSIONAIS GERONTÓLOGOS NOS SERVIÇOS DE ATENDIMENTO ÀS PESSOAS IDOSAS NO MUNICÍPIO DE SÃO PAULO E DÁ OUTRAS PROVIDÊNCIAS.
807235,PL 549/2026,PL,549,2026,"AUTORIZA O PODER EXECUTIVO MUNICIPAL A GARANTIA DE INFRAESTRUTURA DE APOIO, EQUIPAMENTOS TECNOLÓGICOS E ESPAÇO FÍSICO AOS CONSELHOS GESTORES DE UNIDADES DE SAÚDE E DEMAIS CONSELHOS DE CONTROLE SOCIAL, EM PARIDADE COM O SUPORTE OFERECIDO AO CONSELHO PARTICIPATIVO MUNICIPAL."
807237,PL 550/2026,PL,550,2026,"DISPÕE SOBRE A AUTORIZAÇÃO, PELO PODER EXECUTIVO MUNICIPAL, DE CONCEDER ACESSO AO SISTEMA ELETRÔNICO DE INFORMAÇÕES (SEI) AOS MEMBROS DOS CONSELHOS GESTORES DE SAÚDE E DEMAIS CONSELHOS MUNICIPAIS DE CONTROLE SOCIAL NO ÂMBITO DO MUNICÍPIO DE SÃO PAULO, E DÁ OUTRAS PROVIDÊNCIAS."
807359,PL 552/2026,PL,552,2026,"INSTITUI A POLÍTICA MUNICIPAL DE VALORIZAÇÃO, PROMOÇÃO, PRESERVAÇÃO E DIFUSÃO DA CULTURA HIP HOP NO MUNICÍPIO DE SÃO PAULO, RECONHECE SUA RELEVÂNCIA HISTÓRICA, ARTÍSTICA, CULTURAL E SOCIAL, E DÁ OUTRAS PROVIDÊNCIAS."
807365,PL 553/2026,PL,553,2026,INSTITUI O PROTOCOLO MUNICIPAL DE PREPARAÇÃO E RESPOSTA A EVENTOS CLIMÁTICOS EXTREMOS ASSOCIADOS AO FENÔMENO EL NIÑO NO MUNICÍPIO DE SÃO PAULO E DÁ OUTRAS PROVIDÊNCIAS.
807382,PDL 87/2026,PDL,87,2026,DISPÕE SOBRE A OUTORGA DE DIPLOMA DE GRATIDÃO DE SÃO PAULO A ABUTRE’S MOTO CLUBE E DÁ OUTRAS PROVIDÊNCIAS.
807394,PL 554/2026,PL,554,2026,INSTITUI A POLÍTICA MUNICIPAL DE PREVENÇÃO E ENFRENTAMENTO À VIOLÊNCIA CONTRA OS PROFISSIONAIS DA EDUCAÇÃO E DÁ OUTRAS PROVIDÊNCIAS.
807399,PR 18/2026,PR,18,2026,"DISPÕE SOBRE A CRIAÇÃO DA FRENTE PARLAMENTAR EM DEFESA DOS PROFISSIONAIS DA EDUCAÇÃO E DE PREVENÇÃO ÀS VIOLÊNCIAS NO EXERCÍCIO DA FUNÇÃO EDUCACIONAL, E DÁ OUTRAS PROVIDÊNCIAS."
807419,PL 555/2026,PL,555,2026,"INSTITUI O PROGRAMA JOVEM GUARDIÃO DO BAIRRO, VOLTADO AO INCENTIVO DA PARTICIPAÇÃO JUVENIL NA CONSCIENTIZAÇÃO, PRESERVAÇÃO E MANUTENÇÃO DA LIMPEZA URBANA NO MUNICÍPIO DE SÃO PAULO, E DÁ OUTRAS PROVIDÊNCIAS."
807423,PL 556/2026,PL,556,2026,DISPÕE SOBRE A CRIAÇÃO E IMPLANTAÇÃO DO PROGRAMA DE GRUPOS DE DEBATE NAS ESCOLAS DA REDE MUNICIPAL DE ENSINO E DÁ OUTRAS PROVIDÊNCIAS.
807442,PDL 88/2026,PDL,88,2026,DISPÕE SOBRE A OUTORGA DE TÍTULO DE CIDADÃO PAULISTANO A CLAUDIO ZOPONE E DÁ OUTRAS PROVIDÊNCIAS.
807444,PL 557/2026,PL,557,2026,"DENOMINA PRAÇA ALZIRA DOS REIS FERREIRA, A PRAÇA INOMINADA LOCALIZADA NA INTERSECÇÃO ENTRE AS RUAS ORFILIA, E JEAN DE LA HUERTA E DÁ OUTRAS PROVIDÊNCIAS."
807546,PL 558/2026,PL,558,2026,"DENOMINA ‘ESCADÃO FRANCISCO ARAÚJO DOS SANTOS PINTO’ O ESPAÇO PÚBLICO INOMINADO SITUADO JUNTO À RUA JOSÉ NICCOLINI, NO BAIRRO VILA CAVATON, DISTRITO DA FREGUESIA DO Ó, PERTENCENTE À SUBPREFEITURA FREGUESIA DO Ó/BRASILÂNDIA, NO MUNICÍPIO DE SÃO PAULO, ESTADO DE SÃO PAULO, CEP 02962-110, E DÁ OUTRAS PROVIDÊNCIAS."
807787,PL 559/2026,PL,559,2026,"RECONHECE COMO DE RELEVANTE INTERESSE PÚBLICO E SOCIAL AS ATIVIDADES DE RESGATE, ACOLHIMENTO E DESENVOLVIDAS POR PROTEÇÃO ANIMAL 
ORGANIZAÇÕES DA SOCIEDADE CIVIL E ENTIDADES SEM FINS LUCRATIVOS, DISPÕE SOBRE A ISENÇÃO DO RODÍZIO MUNICIPAL DE VEÍCULOS PARA ATÉ 2 
(DOIS) VEÍCULOS POR ENTIDADE CADASTRADA, NOS TERMOS DA LEI Nº 12.490, DE 3 DE OUTUBRO DE 1997, E DÁ OUTRAS PROVIDÊNCIAS."
807790,PL 560/2026,PL,560,2026,FICA DENOMINADO COMO PARQUE MUNICIPAL SAVOY CITY - ANDREA CRISTINA MOLINA O LOGRADOURO PÚBLICO CONHECIDO COMO PARQUE MUNICIPAL SAVOY CITY LOCALIZADO ENTRE A RUA PLÁCIDO NUNES COM A RUA VICENTE JOSÉ LUCHETTI NO DISTRITO DA SUBPREFEITURA DE ITAQUERA E DÁ OUTRAS PROVIDÊNCIAS.
807807,PL 561/2026,PL,561,2026,"DENOMINAR COMO “TRAVESSA RUTH APARECIDA VIEIRA” A VIA COMPREENDIDA ENTRE A RUA ANTÔNIA FELÍCIA, ALTURA DO Nº 170, PIQUERI, SÃO PAULO - SP E A RUA JOSÉ PERES CAMPELO, ALTURA DO Nº 692, PIQUERI, SÃO PAULO – SP E DÁ OUTRAS PROVIDÊNCIAS."
807828,PL 562/2026,PL,562,2026,REVOGA O INCISO LXXX DO ARTIGO 36 DA LEI MUNICIPAL N° 18.062/2023.
807830,PL 563/2026,PL,563,2026,"INSTITUI O PROGRAMA MUNICIPAL ""ESTUDANTES NA COPA 2027"", DESTINADO A PROMOVER O ACESSO DE ESTUDANTES DA REDE MUNICIPAL DE ENSINO MATRICULADOS DO 6O AO 9O ANO DO ENSINO FUNDAMENTAL AOS JOGOS DA COPA DO MUNDO FEMININA DE FUTEBOL DE 2027 REALIZADOS NO MUNICÍPIO DE SÃO PAULO, E DÁ OUTRAS PROVIDÊNCIAS."
807894,PL 564/2026,PL,564,2026,ALTERA A LEI Nº 17.572 DE 24 DE JUNHO DE 2021 [DISPÕE SOBRE A PERMISSÃO DE USO DAS FAIXAS EXCLUSIVAS E CORREDORES DE ÔNIBUS POR VEÍCULOS INTEGRANTES DA FROTA DE TRANSPORTE PÚBLICO INDIVIDUAL POR TÁXI NO MUNICÍPIO DE SÃO PAULO] E DÁ OUTRAS PROVIDÊNCIAS.
807895,PL 565/2026,PL,565,2026,"ALTERA A LEI Nº 14.485, DE 19 DE JULHO DE 2007, PARA INCLUIR NO CALENDÁRIO DE EVENTOS DA CIDADE DE SÃO PAULO O ""DIA MUNICIPAL DE COMBATE À OBESIDADE E CONSCIENTIZAÇÃO SOBRE OS MALEFÍCIOS DA OBESIDADE""."
807896,PR 19/2026,PR,19,2026,"INSTITUI, NO ÂMBITO DA CÂMARA MUNICIPAL DE SÃO PAULO, A MEDIDA DE SUSPENSÃO CAUTELAR DO EXERCÍCIO DO MANDATO DE VEREADOR, DE NATUREZA ACAUTELATÓRIA E PROVISÓRIA, APLICÁVEL NAS HIPÓTESES DE RISCO DE REITERAÇÃO DELITIVA RELACIONADA AO MANDATO E DE GARANTIA DA INSTRUÇÃO CRIMINAL, ALTERANDO A RESOLUÇÃO Nº 7, DE 29 DE MAIO DE 2003 E DÁ OUTRAS PROVIDÊNCIAS."
807922,PL 566/2026,PL,566,2026,"INSTITUI O ""FUNDO SAMPA"" E DÁ OUTRAS PROVIDÊNCIAS."
807950,PL 568/2026,PL,568,2026,"DISPÕE SOBRE O FORNECIMENTO DE TRANSPORTE GRATUITO OU O RESSARCIMENTO DE DESPESAS DE LOCOMOÇÃO AOS AGENTES COMUNITÁRIOS DE SAÚDE E AGENTES DE COMBATE ÀS ENDEMIAS NO MUNICÍPIO DE SÃO PAULO, E DÁ OUTRAS PROVIDÊNCIAS."
807986,PL 569/2026,PL,569,2026,"DISPÕE SOBRE A OBRIGATORIEDADE DA PRESENÇA DE PROFISSIONAIS DE PSICOLOGIA E SERVIÇO SOCIAL NAS UNIDADES DE PRONTO ATENDIMENTO (UPAS) E PRONTOS-SOCORROS (PS) DA REDE MUNICIPAL DE SAÚDE DE SÃO PAULO, EM REGIME DE PLANTÃO DE 24 HORAS, E DÁ OUTRAS PROVIDÊNCIAS."
807988,PR 20/2026,PR,20,2026,FRENTE PARLAMENTAR EM DEFESA DAS ORGANIZAÇÕES DA SOCIEDADE CIVIL E DO FORTALECIMENTO DA PARTICIPAÇÃO SOCIAL.
807990,PL 570/2026,PL,570,2026,"REDENOMINA COMO “RUA GUERNICA” O LOGRADOURO DENOMINADO COMO “RUA PLÍNIO SALGADO”, SOB CEP 05537-080, CADLOG 21.242-3, LOCALIZADA NO BAIRRO JARDIM PERI PERI."
808011,PDL 89/2026,PDL,89,2026,"SUSTA O EDITAL DE CHAMAMENTO PÚBLICO Nº 03/SME/2026, DE 15 DE JULHO DE 2026, CUJO OBJETO É PARCERIA NA MODALIDADE DE TERMO DE COLABORAÇÃO PARA O DESENVOLVIMENTO DE ATIVIDADES PEDAGÓGICAS E NÃO-PEDAGÓGICAS EM 3 (TRÊS) UNIDADES EDUCACIONAIS DE NÍVEL FUNDAMENTAL I E II NO MUNICÍPIO DE SÃO PAULO"
808012,PL 571/2026,PL,571,2026,"DENOMINA ""PRAÇA DIVA MARTINHO"" O ESPAÇO PÚBLICO LOCALIZADO ENTRE A RUA LÁZARO SULETRONI (CÓDLOG 320285) E A RUA ANTONIO MASI (CÓDLOG 609030), E DÁ OUTRAS PROVIDÊNCIAS."
808013,PL 572/2026,PL,572,2026,"INSTITUIR UMA POLÍTICA DE FOMENTO AO FUTEBOL FEMININO NO MUNICÍPIO DE SÃO PAULO, COM A FINALIDADE DE INICIAR A PROMOÇÃO E INCENTIVO DE IGUALDADES DE OPORTUNIDADES E ACESSO DE MENINAS E MULHERES AO FUTEBOL EM TODAS AS SUAS MODALIDADES."
808033,PL 573/2026,PL,573,2026,"DISPÕE SOBRE A VEDAÇÃO DA PUBLICIDADE DE PRODUTOS, SERVIÇOS, PLATAFORMAS DIGITAIS E ATIVIDADES ECONÔMICAS DESTINADOS EXCLUSIVAMENTE AO PÚBLICO ADULTO CUJA DIVULGAÇÃO SEJA INCOMPATÍVEL COM A PROTEÇÃO INTEGRAL DE CRIANÇAS E ADOLESCENTES EM EQUIPAMENTOS ESPORTIVOS, CULTURAIS, DE LAZER E ENTRETENIMENTO, PÚBLICOS OU PRIVADOS, ACESSÍVEIS AO PÚBLICO, NO MUNICÍPIO DE SÃO PAULO, E DÁ OUTRAS PROVIDÊNCIAS."
808109,PL 574/2026,PL,574,2026,"ALTERA A LEI Nº 14.485, DE 19 DE JULHO DE 2007, PARA INCLUIR NO CALENDÁRIO OFICIAL DE EVENTOS DA CIDADE DE SÃO PAULO, O DIA DO EVENTO MOTOCICLÍSTICO MEU TRENÓ É DIFERENTE, QUE ACONTECE ANUALMENTE NO DIA 05 DE DEZEMBRO."
808121,PL 575/2026,PL,575,2026,INSTITUI O SERVIÇO FAMÍLIA ACOLHEDORA DA PESSOA IDOSA NO MUNICÍPIO DE SÃO PAULO.
808187,PL 576/2026,PL,576,2026,"ESTABELECE DIRETRIZES PARA O PROGRAMA REMÉDIO PET, DESTINADO À AMPLIAÇÃO DO ACESSO A MEDICAMENTOS E INSUMOS VETERINÁRIOS POR TUTORES DE ANIMAIS DOMÉSTICOS EM SITUAÇÃO DE VULNERABILIDADE SOCIAL NO MUNICÍPIO DE SÃO PAULO, E DÁ OUTRAS PROVIDÊNCIAS."
808334,PL 578/2026,PL,578,2026,"INSTITUI A POLÍTICA MUNICIPAL DE MITIGAÇÃO DOS PÂNTANOS ALIMENTARES NO MUNICÍPIO DE SÃO PAULO, COM VISTAS À GARANTIA DO DIREITO HUMANO À ALIMENTAÇÃO ADEQUADA (DHAA) E À REESTRUTURAÇÃO DO AMBIENTE ALIMENTAR URBANO, E DÁ OUTRAS PROVIDÊNCIAS."
808338,PDL 90/2026,PDL,90,2026,DECLARA O SR. JAVIER MILEI PERSONA NON GRATA NO MUNICÍPIO DE SÃO PAULO.
808346,PL 579/2026,PL,579,2026,"ALTERA A LEI Nº 14.485, DE 19 DE JULHO DE 2007, PARA INCLUIR NO CALENDÁRIO OFICIAL DE EVENTOS DA CIDADE DE SÃO PAULO O ‘DIA DO SORVETE’."
808364,PL 580/2026,PL,580,2026,"DISPÕE SOBRE A INSTALAÇÃO DE CORRIMÃOS NAS ESCADARIAS PÚBLICAS IMPLANTADAS, RECONSTRUÍDAS OU REQUALIFICADAS PELO MUNICÍPIO DE SÃO PAULO E DÁ OUTRAS PROVIDÊNCIAS."
808398,PL 581/2026,PL,581,2026,"ALTERA A LEI Nº 14.485, DE 19 DE JULHO DE 2007, PARA INCLUIR NO CALENDÁRIO OFICIAL DE EVENTOS DA CIDADE DE SÃO PAULO O ‘DIA DA CONGREGAÇÃO CRISTÃ NO BRASIL’."
808420,PL 582/2026,PL,582,2026,"DENOMINA PRAÇA PROFESSORA DOUTORA ANGELITA HABR-GAMA, O ESPAÇO LIVRE SEM DENOMINAÇÃO, LOCALIZADO NO CANTEIRO CENTRAL DA AV NOVE DE JULHO, ESQUINA COM AV CIDADE JARDIM ATÉ A RUA ANDRÉ FERNANDES, SUBPREFEITURA DE PINHEIROS."
808438,PR 21/2026,PR,21,2026,"DISPÕE SOBRE A CRIAÇÃO, NO ÂMBITO DA CÂMARA MUNICIPAL DE SÃO PAULO, DA FRENTE PARLAMENTAR EM DEFESA DA LIBERDADE RELIGIOSA, E DÁ OUTRAS PROVIDÊNCIAS."
808504,PL 583/2026,PL,583,2026,"ALTERA A LEI Nº 14.485, DE 19 DE JULHO DE 2007, PARA INCLUIR NO CALENDÁRIO DE EVENTOS DA CIDADE DE SÃO PAULO A SEMANA DO LÍBANO, A SER CELEBRADA, ANUALMENTE, NA SEMANA QUE COMPREENDER O DIA 22 DE NOVEMBRO."
808512,PL 584/2026,PL,584,2026,"DISPÕE SOBRE A OBRIGATORIEDADE DE CAPACITAÇÃO CONTINUADA EM COMBATE À INTOLERÂNCIA RELIGIOSA, DIREITOS HUMANOS E CULTURA AFRO-BRASILEIRA PARA OS AGENTES DOS ÓRGÃOS DE SEGURANÇA PÚBLICA QUE ATUAM NO MUNICÍPIO DE SÃO PAULO, E DÁ OUTRAS PROVIDÊNCIAS."
808522,PL 585/2026,PL,585,2026,"ESTABELECE DIRETRIZES PARA A POLÍTICA MUNICIPAL DE APOIO À TRANSIÇÃO PARA A VIDA ADULTA DE JOVENS EGRESSOS DOS SERVIÇOS DE ACOLHIMENTO INSTITUCIONAL, DISPÕE SOBRE SEUS INSTRUMENTOS DE IMPLEMENTAÇÃO E DÁ OUTRAS PROVIDÊNCIAS."
808533,PL 586/2026,PL,586,2026,"ALTERA A DENOMINAÇÃO DA RUA ÁGUAS CLARAS DO SUL, CEP 05204-150, PARA RUA ALAYDE EULALIA DOS SANTOS RIBEIRO, NA SUBPREFEITURA DE PERUS/ANHANGUERA E DÁ OUTRAS PROVIDÊNCIAS."
808572,PL 587/2026,PL,587,2026,"INSTITUI O PROGRAMA MUNICIPAL DE AUTONOMIA E INCLUSÃO DAS PESSOAS COM ESCLEROSE MÚLTIPLA, TRANSTORNO DO ESPECTRO DA NEUROMIELITE ÓPTICA (NMOSD) E OUTRAS DOENÇAS NEUROIMUNOLÓGICAS DESMIELINIZANTES NO MUNICÍPIO DE SÃO PAULO, E DÁ OUTRAS PROVIDÊNCIAS."
808573,PL 588/2026,PL,588,2026,"INSTITUI, NO ÂMBITO DO MUNICÍPIO DE SÃO PAULO, O DIA DO PROMOTOR DE QUALIDADE DE VIDA, E DÁ OUTRAS PROVIDÊNCIAS."
808614,PL 589/2026,PL,589,2026,"ALTERA A LEI Nº 14.485, DE 19 DE JULHO DE 2007, PARA INCLUIR NO CALENDÁRIO OFICIAL DE EVENTOS DA CIDADE DE SÃO PAULO O ""SETEMBRO VERDE PELA CONSCIENTIZAÇÃO DA BIOSSEGURANÇA EM ODONTOLOGIA (SETBIO)""."
808642,PL 590/2026,PL,590,2026,"INSTITUI A CRIAÇÃO DE MEDIDAS DE COMBATE AO IDADISMO E AO ETARISMO, COM MECANISMOS DE PROTEÇÃO E VALORIZAÇÃO DA PESSOA IDOSA, CONTENDO FERRAMENTAS DE INCLUSÃO SOCIAL, CAMPANHAS E CONSCIENTIZAÇÃO DA SOCIEDADE, DANDO ÊNFASE AS INSTITUIÇÕES DE ENSINO."
808643,PR 22/2026,PR,22,2026,"ALTERA A RESOLUÇÃO Nº 06, DE 14 DE AGOSTO DE 2007, QUE DISPÕE SOBRE O PROGRAMA DE ESTÁGIO DE ESTUDANTES NA CÂMARA MUNICIPAL DE SÃO PAULO."
808644,PL 591/2026,PL,591,2026,"ALTERA A LEI Nº 13.392, DE 17 DE JULHO DE 2002, PARA AMPLIAR OS DIREITOS DOS ESTAGIÁRIOS NO ÂMBITO DA ADMINISTRAÇÃO PÚBLICA MUNICIPAL DE SÃO PAULO"
808647,PL 592/2026,PL,592,2026,"ALTERA A LEI Nº 14.485, DE 19 DE JULHO DE 2007, PARA INCLUIR NO CALENDÁRIO DE EVENTOS DA CIDADE DE SÃO PAULO, A COPA DO BRASIL DE FUTEBOL 7 – SOCIETY”."
808648,PL 593/2026,PL,593,2026,INSTITUI O PROGRAMA MUNICIPAL DE FORNECIMENTO E DISTRIBUIÇÃO GRATUITA DE REPELENTES NO ÂMBITO DO MUNICÍPIO DE SÃO PAULO E DÁ OUTRAS PROVIDÊNCIAS.
808662,PL 594/2026,PL,594,2026,"ALTERA A LEI Nº 14.485, DE 19 DE JULHO DE 2007, PARA INCLUIR NO CALENDÁRIO DE EVENTOS DA CIDADE DE SÃO PAULO O DIA DA MARCHA PARA OGUM E SÃO JORGE GUERREIRO NO MUNICÍPIO DE SÃO PAULO"
808663,PL 595/2026,PL,595,2026,"DISPÕE SOBRE O DIREITO AO EXERCÍCIO DE PRÁTICAS RELIGIOSAS DE MATRIZES AFRICANAS EM CEMITÉRIOS PÚBLICOS E PARTICULARES NO MUNICÍPIO DE SÃO PAULO, INCLUINDO OS RITOS FÚNEBRES, AS OFERENDAS À ANCESTRALIDADE, A IMPLANTAÇÃO E O FUNCIONAMENTO DE ESPAÇOS MULTICONFESSIONAIS, O CADASTRO E O CONTROLE DE ACESSO, AS MEDIDAS DE CONSERVAÇÃO, LIMPEZA, ENFRENTAMENTO À INTOLERÂNCIA E AO RACISMO RELIGIOSO E A DESTINAÇÃO AMBIENTALMENTE ADEQUADA DOS MATERIAIS UTILIZADOS, E DÁ OUTRAS PROVIDÊNCIAS."
808694,PL 597/2026,PL,597,2026,"AUTORIZA A CRIAÇÃO DE UNIDADE BÁSICA DE SAÚDE (UBS) NA RUA TARCON, JARDIM ADELFIORE, DISTRITO DE PERUS, E DÁ OUTRAS PROVIDÊNCIAS"
808712,PL 598/2026,PL,598,2026,"INSTITUI A POLÍTICA MUNICIPAL DE PROMOÇÃO DA EQUIDADE ÉTNICO-RACIAL E DA EDUCAÇÃO ANTIRRACISTA NA REDE MUNICIPAL DE ENSINO DE SÃO PAULO, ESTABELECE DIRETRIZES PARA O ENFRENTAMENTO AO RACISMO INSTITUCIONAL E DÁ OUTRAS PROVIDÊNCIAS."
808717,PL 599/2026,PL,599,2026,"REDENOMINA COMO ‘RUA JORNALISTA GLÓRIA MARIA’, O LOGRADOURO DENOMINADO COMO ‘RUA NAVIO NEGREIRO’, SOB CEP 08431-233, CADLOG 14.457-7, LOCALIZADA NO BAIRRO JARDIM GUAIANAZES."
808718,PR 23/2026,PR,23,2026,"INSTITUI, NO ÂMBITO DA CÂMARA MUNICIPAL DE SÃO PAULO, O FÓRUM DE CONSCIENTIZAÇÃO, PROMOÇÃO DA SAÚDE E QUALIDADE DE VIDA DA MULHER NO CLIMATÉRIO E NA MENOPAUSA E DÁ OUTRAS PROVIDÊNCIAS."
808723,PL 600/2026,PL,600,2026,"DENOMINA PRAÇA HERVAL TAVARES DE CAMPOS, O LOGRADOURO PÚBLICO INOMINADO, LOCALIZADO NO BAIRRO DE SANTANA, E DÁ OUTRAS PROVIDÊNCIAS."
808727,PL 601/2026,PL,601,2026,ACRESCENTA O NOME DR. MÁRCIO LUIZ DA SILVA AO CEU PAZ E DÁ OUTRAS PROVIDÊNCIAS.
808751,PL 602/2026,PL,602,2026,"DISPÕE SOBRE A CRIAÇÃO DA “CALÇADA DA FAMA DO ROCK NACIONAL”, NO ÂMBITO DO MUNICÍPIO DE SÃO PAULO, DANDO AINDA OUTRAS PROVIDÊNCIAS."
808759,PL 603/2026,PL,603,2026,"DENOMINA PRAÇA LUIGI MEDAGLIA O ESPAÇO PÚBLICO QUE ESPECIFICA, LOCALIZADO NO DISTRITO DA LAPA, SUBPREFEITURA DA LAPA."
808834,PL 604/2026,PL,604,2026,"INSTITUI O PROGRAMA MUNICIPAL DE DESENVOLVIMENTO DA LEITURA, DA ESCRITA E DA ARGUMENTAÇÃO NO ÂMBITO DA REDE MUNICIPAL
DE ENSINO, CRIA A SEMANA MUNICIPAL DA LEITURA E DA ESCRITA E DÁ OUTRAS PROVIDÊNCIAS."
808835,PL 605/2026,PL,605,2026,"DISPÕE SOBRE A VEDAÇÃO DA VEICULAÇÃO DE PUBLICIDADE DE PLATAFORMAS DE APOSTAS DE QUOTA FIXA (BETS) EM BENS PÚBLICOS E ESPAÇOS PÚBLICOS DO MUNICÍPIO DE SÃO PAULO, E DÁ OUTRAS PROVIDÊNCIAS."
808910,DOCREC 979/2026,DOCREC,979,2026,"ENCAMINHA COMUNICAÇÃO DO TRIBUNAL DE CONTAS DO MUNICÍPIO DE SÃO PAULO ACERCA DA EMISSÃO DE PARECER SOBRE O PROCESSO DE APRECIAÇÃO DO BALANÇO REFERENTE AO EXERCÍCIO DE 2025, INFORMANDO A REALIZAÇÃO DA SESSÃO DE JULGAMENTO, A PUBLICAÇÃO DA RESPECTIVA ATA E A DISPONIBILIZAÇÃO DE INFORMAÇÕES COMPLEMENTARES PARA ACESSO ELETRÔNICO AOS DOCUMENTOS DO PROCESSO [CONTAS DO EXECUTIVO 2025]."
808977,PL 607/2026,PL,607,2026,"DENOMINA PRAÇA BELMIRO MANZELI AO ESPAÇO LIVRE, DELIMITADO PELA RUA ZANZIBAR E RUA HORÁCIO VERGUEIRO RUDGE."
808979,PL 608/2026,PL,608,2026,"DENOMINA PRAÇA MAURICIO LOUREIRO GAMA, AO ESPAÇO LIVRE DELIMITADO PELA AVENIDA JUSCELINO KUBITSCHEK E AVENIDA DAS NAÇÕES UNIDAS, SITIADA NA SUBPREFEITURA DE 
PINHEIROS."
808981,PL 609/2026,PL,609,2026,"DENOMINA PRAÇA MILTON ANASTÁCIO AO ESPAÇO LIVRE DELIMITADO PELA RUA OSCAR DE MOURA LACERDA E RUA SEBASTIÃO RIBEIRO DO VALE, SITIADA NA SUBPREFEITURA DA CASA 
VERDE, LIMÃO, CACHOEIRINHA."
808982,PL 610/2026,PL,610,2026,"INSTITUI O POLO CULTURAL, GASTRONÔMICO, LOGÍSTICO E DE INOVAÇÃO DA CASA VERDE –  ""POLO DO SAMBA E DO RETROFIT INDUSTRIAL"", DEFINE PERÍMETRO DE QUALIFICAÇÃO URBANA, ESTABELECE DIRETRIZES PARA O FOMENTO ECONÔMICO E DÁ OUTRAS PROVIDÊNCIAS."
808983,PL 611/2026,PL,611,2026,"ALTERA A LEI 14.485, DE 19 DE JULHO DE 2007, PARA INCLUIR NO CALENDÁRIO OFICIAL DE EVENTOS DA CIDADE DE SÃO PAULO, O DIA DA “CULTURA DE VÁRZEA”, MOVIMENTO VOLTADO A VALORIZAÇÃO DA VÁRZEA PAULISTANA E SUAS VERTENTES,  A SER COMEMORADO ANUALMENTE TODO O 2º SÁBADO DO MÊS DE SETEMBRO, E DÁ OUTRAS PROVIDÊNCIAS."
808985,PL 612/2026,PL,612,2026,"ALTERA A LEI 14.485, DE 19 DE JULHO DE 2007, PARA INCLUIR NO CALENDÁRIO OFICIAL DE EVENTOS DA CIDADE DE SÃO PAULO, O DIA DO “BLACK HELIPA”, ENCONTRO VOLTADO AO HIP HOP E SUAS VERTENTES, A SER COMEMORADO ANUALMENTE NO ÚLTIMO SÁBADO DO MÊS DE JANEIRO, E DÁ OUTRAS PROVIDÊNCIAS."
809180,PL 613/2026,PL,613,2026,"ACRESCENTA O NOME PROFESSORA LIA FELBERG À EMEI PEDROSO DE MORAES, E DÁ OUTRAS PROVIDÊNCIAS."
809201,PR 24/2026,PR,24,2026,"INSTITUI, NO ÂMBITO DA CÂMARA MUNICIPAL DE SÃO PAULO, O PRÊMIO PROFESSORA BERTA LANGE DE MORRETES DE EXCELÊNCIA EM COOPERAÇÃO URBANA E DÁ OUTRAS PROVIDÊNCIAS."
809212,PL 614/2026,PL,614,2026,DENOMINA COMO KONGJIAN YU O LOGRADOURO PÚBLICO INOMINADO LOCALIZADO ENTRE AS  RUA QUIRINO PUCCA E BÁRBARA HELIODORA E DÁ OUTRAS PROVIDÊNCIAS.
809213,PL 615/2026,PL,615,2026,DENOMINA COMO RUBENS CRISPIM JR. O LOGRADOURO PÚBLICO INOMINADO LOCALIZADO ENTRE AS  RUAS JOÃO FRAISSAT E ARMANDO BRUSSOLO E DÁ OUTRAS PROVIDÊNCIAS.
809214,PL 616/2026,PL,616,2026,"DENOMINA COMO LUIZ FERNANDO FERRAZ, O LOGRADOURO  PÚBLICO  INOMINADO LOCALIZADO ENTRE AS RUA ARMANDO BRUSSOLO E A QUIRINO PUCCA E DÁ OUTRAS PROVIDÊNCIAS."
809217,PL 617/2026,PL,617,2026,"RECONHECE A VEGETAÇÃO ARBÓREA EXISTENTE E QUE VIER A EXISTIR NO MUNICÍPIO DE SÃO PAULO COMO SUJEITO DE DIREITOS, ESTABELECE MEDIDAS PARA SUA PROTEÇÃO E DÁ OUTRAS PROVIDÊNCIAS."
809232,PL 618/2026,PL,618,2026,"INSTITUI O PROGRAMA MUNICIPAL DE DESCONCRETAGEM E REQUALIFICAÇÃO AMBIENTAL DOS CANTEIROS ARBÓREOS, COMO INSTRUMENTO DA POLÍTICA MUNICIPAL DE ADAPTAÇÃO ÀS MUDANÇAS CLIMÁTICAS, PROTEÇÃO DA ARBORIZAÇÃO URBANA E AMPLIAÇÃO DA INFRAESTRUTURA VERDE, E DÁ OUTRAS PROVIDÊNCIAS."
809237,PL 619/2026,PL,619,2026,"INSTITUI, NO MUNICÍPIO DE SÃO PAULO, NORMAS GERAIS PARA OS TERMOS DE COMPROMISSO AMBIENTAL – TCA RELATIVOS À ARBORIZAÇÃO URBANA E VIÁRIA, ESTABELECENDO CRITÉRIOS DE HIERARQUIA DE MITIGAÇÃO, EQUIVALÊNCIA ECOLÓGICA, GANHO AMBIENTAL LÍQUIDO, MONITORAMENTO, TRANSPARÊNCIA E RESPONSABILIDADE CONTINUADA, E DÁ OUTRAS PROVIDÊNCIAS."
809365,PDL 91/2026,PDL,91,2026,"DISPÕE SOBRE A OUTORGA DE TÍTULO DE CIDADÃO PAULISTANO PARA ADILSON JOSÉ MOREIRA, E DÁ OUTRAS PROVIDÊNCIAS."
809429,PL 620/2026,PL,620,2026,"DISPÕE SOBRE A INSTALAÇÃO, NA PRAÇA DA REPÚBLICA, DE MONUMENTOS EM HOMENAGEM A MESTRE ANANIAS E MESTRE JOEL E DÁ OUTRAS PROVIDÊNCIAS."
809536,PDL 92/2026,PDL,92,2026,DISPÕE SOBRE A OUTORGA DE TÍTULO DE CIDADÃO PAULISTANO AO SENHOR LUIZ DEOCLECIO MASSARO GALINA E DÁ OUTRAS PROVIDÊNCIAS.
809538,PL 621/2026,PL,621,2026,INSTITUI DIRETRIZES PARA O PROGRAMA MUNICIPAL DE ESCOLINHAS ESPORTIVAS COMUNITÁRIAS NO MUNICÍPIO DE SÃO PAULO E DÁ OUTRAS PROVIDÊNCIAS.
809539,PL 622/2026,PL,622,2026,"INSTITUI O PROGRAMA MUNICIPAL REDE ACOLHER TEA, DESTINADO AO ATENDIMENTO DE CRIANÇAS E ADOLESCENTES COM TRANSTORNO DO ESPECTRO AUTISTA (TEA), MEDIANTE PARCERIAS ENTRE CENTROS PARA CRIANÇAS E ADOLESCENTES (CCA), SERVIÇOS DE EDUCAÇÃO INFANTIL COM ATENDIMENTO EM PERÍODO NOTURNO, PÚBLICOS OU CONVENIADOS, E ENTIDADES ESPECIALIZADAS, E DÁ OUTRAS PROVIDÊNCIAS."
809540,PL 623/2026,PL,623,2026,"INSTITUI A POLÍTICA MUNICIPAL DE ATENDIMENTO ODONTOLÓGICO COMUNITÁRIO NOS CLUBES DA COMUNIDADE – CDCS, MEDIANTE A IMPLANTAÇÃO DE NÚCLEOS COMUNITÁRIOS DE SAÚDE BUCAL, E DÁ OUTRAS PROVIDÊNCIAS."
809541,PL 624/2026,PL,624,2026,"ALTERA A LEI Nº 16.402, DE 22 DE MARÇO DE 2016, QUE DISCIPLINA O PARCELAMENTO, O USO E A OCUPAÇÃO DO SOLO NO MUNICÍPIO DE SÃO PAULO, PARA ADMITIR A IMPLANTAÇÃO DE HORTAS COMUNITÁRIAS EM ÁREAS COMPATÍVEIS DOS PARQUES LINEARES MUNICIPAIS, SOB RESPONSABILIDADE DE ASSOCIAÇÕES DE BAIRRO OU ORGANIZAÇÕES COMUNITÁRIAS, E DÁ OUTRAS PROVIDÊNCIAS."
809542,PL 625/2026,PL,625,2026,"ALTERA A LEI Nº 13.727, DE 12 DE JANEIRO DE 2004, QUE CRIA O PROGRAMA DE AGRICULTURA URBANA E PERIURBANA – PROAURP NO MUNICÍPIO DE SÃO PAULO, PARA PERMITIR A IMPLANTAÇÃO DE HORTAS COMUNITÁRIAS EM PARQUES LINEARES MUNICIPAIS, E DÁ OUTRAS PROVIDÊNCIAS."
809543,PL 626/2026,PL,626,2026,INSTITUI O PROGRAMA MUNICIPAL DE EDUCAÇÃO AMBIENTAL COMUNITÁRIA NO MUNICÍPIO DE SÃO PAULO E DÁ OUTRAS PROVIDÊNCIAS.
809544,PL 627/2026,PL,627,2026,"DISPÕE SOBRE A INSTALAÇÃO E O FUNCIONAMENTO DE SISTEMA DE INFORMAÇÃO SONORA NOS VEÍCULOS DO SISTEMA DE TRANSPORTE COLETIVO URBANO DE PASSAGEIROS DO MUNICÍPIO DE SÃO PAULO, COM A FINALIDADE DE PROMOVER ACESSIBILIDADE, SEGURANÇA E AUTONOMIA AOS USUÁRIOS, ESPECIALMENTE ÀS PESSOAS COM DEFICIÊNCIA VISUAL, E DÁ OUTRAS PROVIDÊNCIAS."
809545,PL 628/2026,PL,628,2026,"INSTITUI DIRETRIZES PARA IMPLANTAÇÃO DE JARDINS DE CHUVA E DE OUTRAS SOLUÇÕES BASEADAS NA NATUREZA EM ÁREAS PÚBLICAS DO MUNICÍPIO DE SÃO PAULO, PRIORITARIAMENTE NAS REGIÕES SUJEITAS A ALAGAMENTOS, E DÁ OUTRAS PROVIDÊNCIAS."
809546,PL 629/2026,PL,629,2026,"INSTITUI O PROGRAMA MOBILIZA SAMPA, DESTINADO À INTEGRAÇÃO DE INFORMAÇÕES, PLANEJAMENTO DE VIAGENS E MEIOS DE PAGAMENTO ENTRE DIFERENTES MODALIDADES DE TRANSPORTE E DE MICROMOBILIDADE NO MUNICÍPIO DE SÃO PAULO, E DÁ OUTRAS PROVIDÊNCIAS"
809547,PL 630/2026,PL,630,2026,"INSTITUI A POLÍTICA MUNICIPAL DE ORIENTAÇÃO E PREPARAÇÃO DOS ESTUDANTES DA REDE MUNICIPAL DE ENSINO PARA O INGRESSO NAS ESCOLAS TÉCNICAS ESTADUAIS – ETECS, E DÁ OUTRAS PROVIDÊNCIAS."
809548,PL 631/2026,PL,631,2026,"INSTITUI A POLÍTICA MUNICIPAL DE BUSCA ATIVA, INFORMAÇÃO E APOIO À MATRÍCULA NA EDUCAÇÃO DE JOVENS E ADULTOS – EJA, MEDIANTE A REALIZAÇÃO DE AÇÕES ITINERANTES NO MUNICÍPIO DE SÃO PAULO, E DÁ OUTRAS PROVIDÊNCIAS."
809549,PL 632/2026,PL,632,2026,"INSTITUI O PROGRAMA MUNICIPAL DE ATENÇÃO À SAÚDE NO AMBIENTE ESCOLAR – SAÚDE NA ESCOLA, NO ÂMBITO DA REDE MUNICIPAL DE ENSINO DE SÃO PAULO, E DÁ OUTRAS PROVIDÊNCIAS."
809550,PL 633/2026,PL,633,2026,"INSTITUI O PROGRAMA MUNICIPAL “CADERNO VERDE”, DESTINADO À COLETA, REAPROVEITAMENTO, REUTILIZAÇÃO, DOAÇÃO E RECICLAGEM DE CADERNOS, LIVROS ESCOLARES, APOSTILAS E DEMAIS MATERIAIS DIDÁTICOS EM SUPORTE DE PAPEL, NO ÂMBITO DO MUNICÍPIO DE SÃO PAULO, E DÁ OUTRAS PROVIDÊNCIAS."
809570,PL 634/2026,PL,634,2026,"INSTITUI DIRETRIZES PARA O ATENDIMENTO DOMICILIAR DE SEGURANÇA ALIMENTAR E NUTRICIONAL ÀS PESSOAS IDOSAS RESIDENTES NO EMPREENDIMENTO VILA DOS IDOSOS, ACOMPANHADAS PELO PROGRAMA ACOMPANHANTE DE IDOSOS – PAI OU POR SERVIÇO PÚBLICO MUNICIPAL EQUIVALENTE, E DÁ OUTRAS PROVIDÊNCIAS."
809584,PL 635/2026,PL,635,2026,"DISPÕE SOBRE A GARANTIA DA LIBERDADE DE CONSCIÊNCIA, DE CRENÇA, DE CULTO E DE EXPRESSÃO CULTURAL E RELIGIOSA EM ESPAÇOS PÚBLICOS MUNICIPAIS, DISCIPLINANDO A DISPENSA DE AUTORIZAÇÃO PRÉVIA PARA ATIVIDADES RELIGIOSAS DE PEQUENO PORTE, E DÁ OUTRAS PROVIDÊNCIAS."
809742,PDL 93/2026,PDL,93,2026,DISPÕE SOBRE A OUTORGA DE TÍTULO DE CIDADÃ PAULISTANA À SENHORA ANELISE TALEB E DÁ OUTRAS PROVIDÊNCIAS.
809752,PL 636/2026,PL,636,2026,"INSTITUI A POLÍTICA DE ZONAS DE BAIXA EMISSÃO E DE ZONAS DE EMISSÃO ZERO NO MUNICÍPIO DE SÃO PAULO, ESTABELECE DIRETRIZES PARA SUA IMPLANTAÇÃO E DÁ OUTRAS PROVIDÊNCIAS."
809753,PL 637/2026,PL,637,2026,"INSTITUI O PROGRAMA MUNICIPAL UNIVERSIDADE 60+ SP, DESTINADO A INCENTIVAR A CONCESSÃO DE BOLSAS DE ESTUDO E A INCLUSÃO DE PESSOAS IDOSAS EM INSTITUIÇÕES PRIVADAS DE ENSINO SUPERIOR ESTABELECIDAS NO MUNICÍPIO DE SÃO PAULO, CRIA O SELO UNIVERSIDADE AMIGA DA PESSOA IDOSA E DÁ OUTRAS PROVIDÊNCIAS."
809800,PL 638/2026,PL,638,2026,"DISPÕE SOBRE A IMPLANTAÇÃO E A ADEQUAÇÃO PROGRESSIVA DE ESPAÇOS DE BRINCAR INCLUSIVOS E SENSORIAIS EM PARQUES, PRAÇAS E DEMAIS ÁREAS PÚBLICAS MUNICIPAIS, COM A FINALIDADE DE PROMOVER A ACESSIBILIDADE, A INCLUSÃO, A CONVIVÊNCIA COMUNITÁRIA E O DESENVOLVIMENTO INTEGRAL DE CRIANÇAS COM DEFICIÊNCIA, TRANSTORNO DO ESPECTRO AUTISTA – TEA, TRANSTORNOS DO NEURODESENVOLVIMENTO E OUTRAS CONDIÇÕES QUE DEMANDEM RECURSOS DE ACESSIBILIDADE, E DÁ OUTRAS PROVIDÊNCIAS."
809807,PL 639/2026,PL,639,2026,"DENOMINA FRANCISCA ZAILA FEITOSA SILVA, O CENTRO DE ESPECIALIDADES ODONTOLÓGICAS, SITUADO NA RUA JOSÉ GOES NOGUEIRA, 70, VILA PARANAGUÁ, DISTRITO DE ERMELINO MATARAZZO, CEP 03807-380, SÃO PAULO CAPITAL, E DÁ OUTRAS PROVIDÊNCIAS."
809808,PL 640/2026,PL,640,2026,"DISPÕE SOBRE AS DIRETRIZES PARA A PROMOÇÃO DA ACESSIBILIDADE UNIVERSAL NOS ESPAÇOS, EQUIPAMENTOS E SERVIÇOS PÚBLICOS DO MUNICÍPIO DE SÃO PAULO E DÁ OUTRAS PROVIDÊNCIAS."
809811,PL 641/2026,PL,641,2026,"INSTITUI O PROGRAMA MUNICIPAL DE INTEGRAÇÃO DA REDE DE PROTEÇÃO À CRIANÇA E AO ADOLESCENTE – PROTEGE+, ESTABELECE DIRETRIZES PARA A ATUAÇÃO INTEGRADA DOS SERVIÇOS MUNICIPAIS DE SAÚDE, EDUCAÇÃO E ASSISTÊNCIA SOCIAL COM OS CONSELHOS TUTELARES, E DÁ OUTRAS PROVIDÊNCIAS."
809899,PL 642/2026,PL,642,2026,AUTORIZA A CRIAÇÃO DO PROGRAMA “UM CRAS EM CADA DISTRITO” NO MUNICÍPIO DE SÃO PAULO E DÁ OUTRAS PROVIDÊNCIAS.
809900,PL 643/2026,PL,643,2026,AUTORIZA O PODER EXECUTIVO A DISPONIBILIZAR ATENDIMENTO PSICOLÓGICO AOS CONSELHEIROS E CONSELHEIRAS TUTELARES DO MUNICÍPIO DE SÃO PAULO.
809904,PR 25/2026,PR,25,2026,"INSTITUI O PROGRAMA ""CORRE COM A CÂMARA"", DESTINADO À REALIZAÇÃO DE CORRIDAS DE RUA PROMOVIDAS PELA CÂMARA MUNICIPAL DE SÃO PAULO, E DÁ OUTRAS PROVIDÊNCIAS."
810020,PL 644/2026,PL,644,2026,"ALTERA A LEI Nº 14.485, DE 19 DE JULHO DE 2007, PARA INCLUIR NO CALENDÁRIO DE EVENTOS DA CIDADE DE SÃO PAULO O DIA DA MARCHA PARA EXU NO MUNICÍPIO DE SÃO PAULO."
810062,PL 645/2026,PL,645,2026,"ALTERA A LEI Nº 14.485, DE 19 DE JULHO DE 2007, PARA INCLUIR NO CALENDÁRIO DE EVENTOS DA CIDADE DE SÃO PAULO A SEMANA COMEMORATIVA DE INÍCIO DO EVENTO “CASA COR”, A SER REALIZADA ANUALMENTE NA PRIMEIRA SEMANA DE JUNHO."
810078,PL 646/2026,PL,646,2026,"DISPÕE SOBRE O ABONO DE FALTAS DO SERVIDOR PÚBLICO MUNICIPAL, PAI, MÃE OU RESPONSÁVEL LEGAL POR CRIANÇA OU ADOLESCENTE EM TRATAMENTO DE SAÚDE CONTINUADO, PARA FINS DE ACOMPANHAMENTO DE CONSULTAS, TERAPIAS, EXAMES E PROCEDIMENTOS MÉDICOS, E DÁ OUTRAS PROVIDÊNCIAS."
810311,PL 649/2026,PL,649,2026,"INSTITUI O PROCEDIMENTO DE REVISÃO DOS PLANOS DE MELHORAMENTOS VIÁRIOS NO MUNICÍPIO DE SÃO PAULO, DANDO AINDA OUTRAS PROVIDÊNCIAS"
810312,PL 650/2026,PL,650,2026,"DISPÕE SOBRE A VEDAÇÃO À NOMEAÇÃO E ADMISSÃO, PARA CARGO, FUNÇÃO OU EMPREGO PÚBLICO MUNICIPAL, DE PESSOA CONDENADA PELO CRIME DE MAUS-TRATOS CONTRA ANIMAIS, E DÁ OUTRAS PROVIDÊNCIAS."
810417,PL 651/2026,PL,651,2026,"ALTERA A LEI Nº 14.485, DE 19 DE JULHO DE 2007, PARA INCLUIR O DIA DAS DIRETORAS E DIRETORES DE HARMONIA DAS ESCOLAS DE SAMBA, A SER REALIZADO NO DIA 25 DE NOVEMBRO NO CALENDÁRIO DE EVENTOS DO MUNICIPIO DE SÃO PAULO."
810536,PL 652/2026,PL,652,2026,"DISPÕE SOBRE A PUBLICIDADE E PARTICIPAÇÃO SOCIAL NOS PROCEDIMENTOS DE PODA, TRANSPLANTE, SUPRESSÃO E DEMAIS INTERVENÇÕES EM ÁRVORES LOCALIZADAS NO MUNICÍPIO DE SÃO PAULO."
810542,PL 653/2026,PL,653,2026,"ALTERA A LEI Nº 8.989 DE 29 DE OUTUBRO DE 1979, QUE DISPÕE SOBRE O ESTATUTO DOS FUNCIONÁRIOS PÚBLICOS DO MUNICÍPIO DE SÃO PAULO, E DÁ PROVIDÊNCIAS CORRELATAS."
810544,PL 654/2026,PL,654,2026,"ALTERA A LEI Nº 8.989 DE 29 DE OUTUBRO DE 1979, QUE DISPÕE SOBRE O ESTATUTO DOS FUNCIONÁRIOS PÚBLICOS DO MUNICÍPIO DE SÃO PAULO, E DÁ PROVIDÊNCIAS CORRELATAS."
810551,PL 656/2026,PL,656,2026,"DISPÕE SOBRE A CONCESSÃO DE ABONO DE HORAS AOS SERVIDORES PÚBLICOS MUNICIPAIS EM SITUAÇÕES DE EMERGÊNCIA EM SAÚDE PÚBLICA, CALAMIDADE, DESASTRES E OUTRAS SITUAÇÕES EXCEPCIONAIS OFICIALMENTE RECONHECIDAS, E DÁ OUTRAS PROVIDÊNCIAS."
810571,PL 657/2026,PL,657,2026,"AUTORIZA O PODER EXECUTIVO A INSTITUIR O PROGRAMA DE INCENTIVO FISCAL DE APOIO AOS BANCOS DE SANGUE VETERINÁRIOS NO ÂMBITO DO MUNICÍPIO DE SÃO PAULO, ESTABELECENDO REGRAS DE RESPONSABILIDADE FISCAL PARA FOMENTO À DOAÇÃO VOLUNTÁRIA DE SANGUE ANIMAL COM DESTINAÇÃO À REDE PÚBLICA MUNICIPAL, E DÁ OUTRAS PROVIDÊNCIAS."
810572,PL 658/2026,PL,658,2026,"DISPÕE SOBRE A PERMISSÃO DE USO DAS FAIXAS EXCLUSIVAS E CORREDORES DE ÔNIBUS POR VEÍCULOS DE TRANSPORTE FÚNEBRE (CARROS FUNERÁRIOS) NO MUNICÍPIO DE SÃO PAULO, E DÁ OUTRAS PROVIDÊNCIAS"
810575,PL 659/2026,PL,659,2026,"ALTERA A LEI Nº 14.485, DE 19 DE JULHO DE 2007, PARA INCLUIR NO CALENDÁRIO DE EVENTOS DA CIDADE DE SÃO PAULO A “CAMINHADA MORRO GRANDE POR ELAS”, A SER REALIZADA ANUALMENTE NO DIA 8 DE AGOSTO, E DÁ OUTRAS PROVIDÊNCIAS"
810599,PR 26/2026,PR,26,2026,"DISPÕE SOBRE A CRIAÇÃO, NO ÂMBITO DA CÂMARA MUNICIPAL DE SÃO PAULO, A FRENTE PARLAMENTAR EM DEFESA DO SAMBA E DA CULTURA POPULAR NEGRA, E DÁ OUTRAS PROVIDÊNCIAS."
810626,PL 660/2026,PL,660,2026,"DISPÕE SOBRE A POLÍTICA MUNICIPAL DE FORTALECIMENTO DA CULTURA, DA EDUCAÇÃO ANTIRRACISTA E DE PROMOÇÃO DOS DIREITOS DAS COMUNIDADES TRADICIONAIS DE MATRIZ AFRICANA NO MUNICÍPIO DE SÃO PAULO, E DÁ OUTRAS PROVIDÊNCIAS."
810669,PL 661/2026,PL,661,2026,"INSTITUI O ""MÊS MUNICIPAL DAS MULHERES NA ARTE"" NO MUNICÍPIO DE SÃO PAULO E DÁ OUTRAS PROVIDÊNCIAS."
810670,PL 662/2026,PL,662,2026,INSTITUI CAMPANHA DE COMBATE À IMPORTUNAÇÃO SEXUAL NO SAMBÓDROMO E DEMAIS LOCAIS ONDE SE REALIZAM DESFILES DE CARNAVAL E EVENTOS CULTURAIS NO MUNICÍPIO DE SÃO PAULO.
810671,PL 663/2026,PL,663,2026,"ALTERA A LEI Nº 14.485, DE 19 DE JULHO DE 2007, PARA INCLUIR NO CALENDÁRIO DA CIDADE DE SÃO PAULO O “DIA MUNICIPAL DO CELEBRANTE DE CASAMENTO"", A SER COMEMORADO, ANUALMENTE, NO DIA 18 DE JULHO, NO MUNICÍPIO DE SÃO PAULO, E DÁ OUTRAS PROVIDÊNCIAS""."
810694,PL 664/2026,PL,664,2026,"DISPÕE SOBRE A INSTITUIÇÃO DA CAMPANHA MUNICIPAL DE CONSCIENTIZAÇÃO SOBRE BURNOUT INFANTIL PELO USO EXCESSIVO DE TELAS, NO MUNICÍPIO DE SÃO PAULO, E DÁ OUTRAS PROVIDÊNCIAS."
810702,PL 665/2026,PL,665,2026,"DISPÕE SOBRE A INDIVIDUALIZAÇÃO, PARA FINS DE DENOMINAÇÃO OFICIAL, DA ÁREA INTEGRANTE DA PRAÇA SÃO JOÃO DA CRUZ E ATRIBUI-LHE A DENOMINAÇÃO DE PRAÇA DR. AZZO WIDMAN."
810740,PR 27/2026,PR,27,2026,"CRIA O FÓRUM MUNICIPAL DE PREVENCAO, PROTEÇÃO E PROMOÇÃO DOS DIREITOS DA CRIANCA E DO ADOLESCENTE"
810793,PR 28/2026,PR,28,2026,"INSTITUI, NO ÂMBITO DA CÂMARA MUNICIPAL DE SÃO PAULO, A FRENTE PARLAMENTAR EM DEFESA DOS CORRETORES DE IMÓVEIS E DO MERCADO IMOBILIÁRIO E DÁ OUTRAS PROVIDÊNCIAS."
810829,PL 666/2026,PL,666,2026,"INSTITUI A POLÍTICA MUNICIPAL DE EDUCAÇÃO FINANCEIRA, PREVENÇÃO E PROTEÇÃO SOCIAL ÀS PESSOAS E FAMÍLIAS IMPACTADAS PELO USO PROBLEMÁTICO DE PLATAFORMAS DIGITAIS DE APOSTAS."
810851,PL 667/2026,PL,667,2026,"ALTERA A LEI N° 17.320, DE 18 DE MARÇO DE 2020, PARA ESTABELECER O VALOR MÍNIMO DO AUXÍLIO-ALUGUEL DESTINADO ÀS MULHERES VÍTIMAS DE VIOLÊNCIA DOMÉSTICA E FAMILIAR."
810853,PL 668/2026,PL,668,2026,"ALTERA A LEI N° 14.485, DE 19 DE JULHO DE 2007, PARA INCLUIR NO CALENDÁRIO OFICIAL DO MUNICÍPIO DE SÃO PAULO, O ""DIA MUNICIPAL PELA DESPATOLOGIZAÇÃO DAS IDENTIDADES TRANS"", A SER COMEMORADO ANUALMENTE NO DIA 22 DE OUTUBRO, E DÁ OUTRAS PROVIDÊNCIAS."
811031,PDL 94/2026,PDL,94,2026,"DISPÕE SOBRE A CONCESSÃO DE MEDALHA ANCHIETA E DIPLOMA DE GRATIDÃO AO SENHOR EDGARD HERMELINO LEITE JUNIOR, E DÁ OUTRAS PROVIDÊNCIAS."
811264,PL 670/2026,PL,670,2026,"AUTORIZA O PODER EXECUTIVO A FORNECER ÓCULOS INTELIGENTES COM TECNOLOGIA DE ASSISTÊNCIA VISUAL A PESSOAS COM DEFICIÊNCIA VISUAL NO MUNICÍPIO DE SÃO PAULO, E DÁ OUTRAS PROVIDÊNCIAS."
811387,PL 671/2026,PL,671,2026,ESTABELECE TREINAMENTO DE PRIMEIROS   SOCORROS E DE PREVENÇÃO A ACIDENTES DOMÉSTICOS EM ESTABELECIMENTOS DE ENSINO.
811485,PDL 95/2026,PDL,95,2026,DISPÕE SOBRE A OUTORGA DE SALVA DE PRATA AO INSTITUTO VIDAS RARAS E DÁ OUTRAS PROVIDÊNCIAS.
811587,PDL 96/2026,PDL,96,2026,"DISPÕE SOBRE A OUTORGA DE MEDALHA ANCHIETA AO SR. CESAR AUGUSTO MENDES GIBELLI, E DÁ OUTRAS PROVIDÊNCIAS."
811703,PL 672/2026,PL,672,2026,INSTITUI A POLÍTICA DE PREVENÇÃO E COMBATE À VIOLÊNCIA CONTRA PROFISSIONAIS DA SAÚDE E DÁ OUTRAS PROVIDÊNCIAS.
811704,PL 673/2026,PL,673,2026,CRIA O QUADRILÁTERO DO ROCK NACIONAL NO BAIRRO DA POMPÉIA E DÁ OUTRAS PROVIDÊNCIAS.
811781,PDL 97/2026,PDL,97,2026,"DISPÕE SOBRE A OUTORGA DE MEDALHA ANCHIETA E DIPLOMA DE GRATIDÃO DA CIDADE DE SÃO PAULO À DRA. NESSAYNE LUCÍLIA
RIBEIRO LOPES."
811785,PL 674/2026,PL,674,2026,"ALTERA A LEI Nº 14.485, DE 9 DE JULHO DE 2007, PARA INCLUIR NO CALENDÁRIO OFICIAL DE EVENTOS DA CIDADE DE SÃO PAULO O “AGOSTO LILÁS – CAMINHADA MORRO GRANDE POR ELAS”, E DÁ OUTRAS PROVIDÊNCIAS."
811818,PL 675/2026,PL,675,2026,"INSTITUI O PROGRAMA MUNICIPAL “LAÇOS DE MEMÓRIA E CRIA O CORDÃO ROXO DO ALZHEIMER”, DESTINADO À IDENTIFICAÇÃO, PROTEÇÃO, ACOLHIMENTO E INCLUSÃO DAS PESSOAS COM DOENÇA DE ALZHEIMER E OUTRAS DEMÊNCIAS NO MUNICÍPIO DE SÃO PAULO, E DÁ OUTRAS PROVIDÊNCIAS."
811819,PL 676/2026,PL,676,2026,"INSTITUI O PROGRAMA MUNICIPAL DE PROTEÇÃO AOS TRABALHADORES TERCEIRIZADOS — FUNDO ANTICALOTE, MEDIANTE A ADOÇÃO DE CONTA-DEPÓSITO VINCULADA NOS CONTRATOS DE PRESTAÇÃO DE SERVIÇOS CONTINUADOS COM DEDICAÇÃO EXCLUSIVA OU PREDOMINANTE DE MÃO DE OBRA CELEBRADOS PELO MUNICÍPIO DE SÃO PAULO, E DÁ OUTRAS PROVIDÊNCIAS."
811837,PL 677/2026,PL,677,2026,"DENOMINA LOURIVAL PEREIRA BARBOSA, A PRAÇA PÚBLICA INOMINADA LOCALIZADA NA CONFLUÊNCIA DAS RUAS ARROIO TIPIAIÁ, ARROIO BUTIÁ E ARROIO DAS CANELEIRAS, E DÁ OUTRAS PROVIDÊNCIAS."
811855,PL 678/2026,PL,678,2026,"DENOMINA ""PAVILHÃO DR. JOSÉ PARZIALE RODRIGUES"" O PAVILHÃO D DO MERCADO MUNICIPAL DR. AMÉRICO SUGAI, SITUADO NO DISTRITO DE SÃO MIGUEL PAULISTA, E DÁ OUTRAS PROVIDÊNCIAS."
811996,PL 679/2026,PL,679,2026,INSTITUI DIRETRIZES PARA A INCLUSÃO DA EDUCAÇÃO FINANCEIRA NO CURRÍCULO DA REDE MUNICIPAL DE ENSINO E DÁ OUTRAS PROVIDÊNCIAS.
812037,PL 680/2026,PL,680,2026,"DISPÕE SOBRE A DENOMINAÇÃO DA PRAÇA JAILSON SILVA ANDRADE, EM ESPAÇO PÚBLICO INOMINADO, LOCALIZADO NA AV. LÍDER, 2570 - ITAQUERA, SÃO PAULO - SP, 08280-005 E DÁ OUTRAS PROVIDÊNCIAS."
812113,PDL 98/2026,PDL,98,2026,DISPÕE SOBRE A OUTORGA DE TÍTULO DE CIDADÃO PAULISTANO AO ILUSTRÍSSIMO DR. ANTONIO FUNARI FILHO E DÁ OUTRAS PROVIDÊNCIAS.
812131,PL 681/2026,PL,681,2026,"INSTITUI, NO MUNICÍPIO DE SÃO PAULO, A RESERVA E A IDENTIFICAÇÃO DE VAGAS PREFERENCIAIS DE ESTACIONAMENTO DESTINADAS ÀS PESSOAS COM TRANSTORNO DO ESPECTRO AUTISTA – TEA EM GRANDES CENTROS COMERCIAIS, ESTABELECIMENTOS DE GRANDE CIRCULAÇÃO E DEMAIS LOCAIS QUE ESPECIFICA, E DÁ OUTRAS PROVIDÊNCIAS."
812191,PL 682/2026,PL,682,2026,"INSTITUI A POLÍTICA MUNICIPAL DE INCLUSÃO SOCIOPROFISSIONAL DA POPULAÇÃO LGBT EM SITUAÇÃO DE VULNERABILIDADE E ESTABELECE DIRETRIZES PARA SUA ARTICULAÇÃO COM A ESTRATÉGIA MUNICIPAL DE INCLUSÃO PROFISSIONAL ASSISTIDA, E DÁ OUTRAS PROVIDÊNCIAS."
812192,PL 683/2026,PL,683,2026,"INSTITUI A POLÍTICA MUNICIPAL DE ACOLHIMENTO, PROTEÇÃO E AUTONOMIA DA POPULAÇÃO LGBTQIAPN+ EM SITUAÇÃO DE RUA E VULNERABILIDADE SOCIAL E ESTABELECE DIRETRIZES PARA SUA IMPLEMENTAÇÃO NO MUNICÍPIO DE SÃO PAULO."
812327,PL 684/2026,PL,684,2026,INSTITUI A POLÍTICA MUNICIPAL DE PROMOÇÃO DO DIREITO À MORADIA PARA A POPULAÇÃO LGBTQIAPN+ NO MUNICÍPIO DE SÃO PAULO E ESTABELECE RESERVA DE UNIDADES HABITACIONAIS PARA PESSOAS LGBTQIAPN+ EM SITUAÇÃO DE VULNERABILIDADE SOCIAL E HABITACIONAL.
812339,PL 685/2026,PL,685,2026,"DENOMINA COMO “VIELA JURANDIR ALVES DE QUEIROZ” A VIA LOCALIZADA ENTRE A RUA CUSTÓDIO GUIMARÃES E A RUA BENVENUTTO FRANCI NO JARDIM CIDADE PIRITUBA, SÃO PAULO - SP, 02943-040 E DÁ OUTRAS PROVIDÊNCIAS."
812490,PL 686/2026,PL,686,2026,DECLARA A SOCIEDADE ESPORTIVA PALMEIRAS PATRIMÔNIO IMATERIAL DO MUNICÍPIO DE SÃO PAULO.
812550,PL 687/2026,PL,687,2026,"DENOMINA ""PRAÇA CANTOR ARY SANCHES”, O ESPAÇO PÚBLICO INOMINADO LOCALIZADO NA RUA TELMO GIOLITO PORTO, CODLOG 53.702O, SITUADO NO SETOR 027, QUADRA 071, LOTE 0003, NO DISTRITO DA MOOCA, PERTENCENTE À SUBPREFEITURA DA MOOCA E DÁ OUTRAS PROVIDÊNCIAS."
812795,PL 688/2026,PL,688,2026,"FICA ALTERADA A DENOMINAÇÃO DO “SAE IST/AIDS CIDADE LIDER II”, LOCALIZADO NA RUA  MÉDIO IGUAÇU, 86 - CIDADE LÍDER , SÃO PAULO - SP, 08285-130 PARA “SAE IST/AIDS CIDADE LIDER II - DRA. SUIKO KOSAKA, E DÁ OUTRAS PROVIDÊNCIAS."
812804,PL 689/2026,PL,689,2026,"ALTERA A LEI Nº 14.485, DE 19 DE JULHO DE 2007, PARA INCLUIR NO CALENDÁRIO OFICIAL DE EVENTOS DA CIDADE DE SÃO PAULO O “DIA DO PROJETO RAP NA PRAÇA”, A SER CELEBRADO ANUALMENTE NO DIA 14 DE JULHO, E DÁ OUTRAS PROVIDÊNCIAS."
813007,PL 690/2026,PL,690,2026,"ALTERA A LEI Nº. 14.485, DE 19 DE JULHO DE 2007, COM A FINALIDADE DE INCLUIR NO CALENDÁRIO OFICIAL DE EVENTOS DA CIDADE DE SÃO PAULO O DIA DA ALA DAS BAIANAS – MÃES DO SAMBA, E DÁ OUTRAS PROVIDÊNCIAS."
813008,PL 691/2026,PL,691,2026,"ALTERA A LEI Nº. 14.485, DE 19 DE JULHO DE 2007, COM A FINALIDADE DE INCLUIR NO CALENDÁRIO OFICIAL DE EVENTOS DA CIDADE DE SÃO PAULO O DIA DO FESTIVAL DA CHINA – CHINA WEEK, E DÁ OUTRAS PROVIDÊNCIAS."
813106,PL 692/2026,PL,692,2026,"INSTITUI O PROGRAMA PAULISTANO DE ATENÇÃO E 
PREVENÇÃO À SAÚDE DO ADOLESCENTE."
813143,PL 693/2026,PL,693,2026,"DENOMINA COMO “PRAÇA FLÁVIO ROBERTO DE CASTRO” O LOGRADOURO PÚBLICO LOCALIZADO NO CRUZAMENTO ENTRE A RUA TEMPLÁRIOS, SOB CEP 03357-000, E A RUA DONA VITÓRIA SPEERS, SOB CEP 03359-000 , NA REGIÃO DA VILA FORMOSA, E DÁ OUTRAS PROVIDÊNCIAS."
813147,PL 694/2026,PL,694,2026,"DISPÕE SOBRE A UTILIZAÇÃO DOS ARMAZÉNS SOLIDÁRIOS POR ENTIDADES DE ASSISTÊNCIA SOCIAL NO MUNICÍPIO DE SÃO PAULO, E DÁ OUTRAS PROVIDÊNCIAS."
813306,PL 695/2026,PL,695,2026,"DECLARA DE UTILIDADE PÚBLICA, PARA FINS DE DESAPROPRIAÇÃO, ÁREA LOCALIZADA NO DISTRITO DE SANTO AMARO, SUBPREFEITURA DE SANTO AMARO, PARA IMPLANTAÇÃO DO PARQUE MUNICIPAL RESPIRA SANTO AMARO, E DÁ OUTRAS PROVIDÊNCIAS."
813335,PL 697/2026,PL,697,2026,TRANSFORMA A PRAÇA FLAVIO XAVIER DE TOLEDO – VILA GUMERCINDO/IPIRANGA EM PARQUE MUNICIPAL E DÁ OUTRAS PROVIDÊNCIAS.
813367,PL 698/2026,PL,698,2026,"DENOMINA COMO ‘PRAÇA CARLOS ALBERTO CAETANO - CARLÃO DO PERUCHE’, EM HOMENAGEM A CARLOS ALBERTO CAETANO, O LOGRADOURO PÚBLICO LOCALIZADO ENTRE A AVENIDA ENGENHEIRO CAETANO ÁLVARES, A RUA SARGENTO SÍLVIO NUNES MIRANDA E A RUA JOÃO ROMEIRO, NA REGIÃO DO PARQUE PERUCHE, SUBPREFEITURA CASA VERDE, E DÁ OUTRAS PROVIDÊNCIAS."
813411,PL 699/2026,PL,699,2026,"ALTERA A LEI Nº 16.193, DE 5 DE MAIO DE 2015, QUE DISPÕE SOBRE O QUADRO DOS PROFISSIONAIS DE GESTÃO GOVERNAMENTAL– QPGG E DAS CARREIRAS DE AUDITOR MUNICIPAL DE CONTROLE INTERNO – AMCI, BEM COMO A LEI Nº 15.764, DE 27 DE MAIO DE 2013, QUE INSTITUI A GRATIFICAÇÃO PELA PRESTAÇÃO DE SERVIÇOS DE CONTROLADORIA E DÁ OUTRAS PROVIDÊNCIAS."
813467,PL 700/2026,PL,700,2026,INSTITUI O CENTRO MUNICIPAL DE ATENÇÃO INTEGRAL À POPULAÇÃO INDÍGENA EM CONTEXTO URBANO NO MUNICÍPIO DE SÃO PAULO E DÁ OUTRAS PROVIDÊNCIAS.
813494,PL 701/2026,PL,701,2026,INSTITUI A POLÍTICA MUNICIPAL DE PREVENÇÃO E ENFRENTAMENTO AOS MAUS-TRATOS CONTRA ANIMAIS NO AMBIENTE DIGITAL E DÁ OUTRAS PROVIDÊNCIAS.
813652,PL 702/2026,PL,702,2026,"DISPÕE SOBRE CONCESSÃO DE AUXÍLIO-ALUGUEL A MORADORES EM ÁREAS DE PARQUES – EXISTENTE OU PROJETADO, BEM COMO ÁREAS VULNERÁVEIS AMBIENTALMENTE NO MUNICÍPIO DE SÃO PAULO, E DÁ OUTRAS PROVIDÊNCIAS."
813864,PL 703/2026,PL,703,2026,DISPÕE SOBRE A SUSPENSÃO DA DECISÃO FINAL EM PROCESSO ADMINISTRATIVO DISCIPLINAR INSTAURADO CONTRA INTEGRANTE DA GUARDA CIVIL METROPOLITANA QUANDO OS MESMOS FATOS FOREM OBJETO DE PROCESSO CRIMINAL E DÁ OUTRAS PROVIDÊNCIAS.
813890,PL 704/2026,PL,704,2026,"ALTERA A LEI Nº 14.485, DE 19 DE JULHO DE 2007, PARA INCLUIR NO CALENDÁRIO DE EVENTOS DA CIDADE DE SÃO PAULO O DIA DA MARCHA PARA EXU NO MUNICÍPIO DE SÃO PAULO."
813894,PL 705/2026,PL,705,2026,"ALTERA A LEI Nº 14.485, DE 19 DE JULHO DE 2007, PARA INCLUIR NO CALENDÁRIO OFICIAL DE EVENTOS DA CIDADE DE SÃO PAULO A SEMANA DA COMUNIDADE ITALIANA, A SER REALIZADA, ANUALMENTE, NA SEMANA QUE COMPREENDER O DIA 10 DE NOVEMBRO."
813898,PL 706/2026,PL,706,2026,INSTITUI DIRETRIZES PARA VALORIZAÇÃO DOS PROFISSIONAIS QUE PRESTAM SERVIÇOS DE APOIO ÀS PESSOAS COM DEFICIÊNCIA NO ÂMBITO DAS PARCERIAS CELEBRADAS PELO MUNICÍPIO DE SÃO PAULO E DÁ OUTRAS PROVIDÊNCIAS.
813900,PL 707/2026,PL,707,2026,"ALTERA A LEI Nº 13.767, DE 21 DE JANEIRO DE 2004, PARA INSERIR OBJETIVOS E DIRETRIZES VOLTADOS AO FOMENTO DE BANCOS DE SANGUE VETERINÁRIOS E AO ESTÍMULO DA DOAÇÃO VOLUNTÁRIA DE SANGUE ANIMAL NO MUNICÍPIO DE SÃO PAULO, E DÁ OUTRAS PROVIDÊNCIAS."
813955,PDL 99/2026,PDL,99,2026,DISPÕE SOBRE A OUTORGA DE TÍTULO DE CIDADÃO PAULISTANO AO PADRE LORENZO NACHELI.
813956,PDL 100/2026,PDL,100,2026,DISPÕE SOBRE A OUTORGA DE TÍTULO DE CIDADÃO PAULISTANO AO PADRE SIMONE BERNARDI.
813967,PL 708/2026,PL,708,2026,"ALTERA A LEI Nº 14.485, DE 19 DE JULHO DE 2007, PARA INSERIR, NO CALENDÁRIO DE EVENTOS DA CIDADE DE SÃO PAULO, A VIRADA INDÍGENA E DÁ OUTRAS PROVIDÊNCIAS."
814077,PL 709/2026,PL,709,2026,DISPÕE SOBRE A PRESERVAÇÃO DA FINALIDADE SOCIAL DOS CONTRATOS E DOS CRÉDITOS DECORRENTES DA POLÍTICA MUNICIPAL DE HABITAÇÃO DE INTERESSE SOCIAL E ESTABELECE GARANTIAS AOS SEUS BENEFICIÁRIOS.
814083,PL 710/2026,PL,710,2026,"INSTITUI O INVENTÁRIO DA MEMÓRIA LGBTQIA+ PAULISTANA, DESTINADO À IDENTIFICAÇÃO, AO REGISTRO E À SINALIZAÇÃO DE REFERÊNCIAS CULTURAIS RELACIONADAS À MEMÓRIA E À HISTÓRIA DA POPULAÇÃO LGBTQIA+ NA CIDADE DE SÃO PAULO, E DÁ OUTRAS PROVIDÊNCIAS."
814084,PDL 101/2026,PDL,101,2026,DISPÕE SOBRE A OUTORGA DE TÍTULO DE CIDADÃO PAULISTANO AO SENHOR ERNESTO MORAES FERREIRA BERNARDO E DÁ OUTRAS PROVIDÊNCIAS.
814224,PL 711/2026,PL,711,2026,"DENOMINA CEU MARIA ROGÉRIA DE LIMA O CENTRO EDUCACIONAL UNIFICADO LOCALIZADO NA AVENIDA JOÃO PAULO I, Nº 2100, PARQUE MONTEIRO SOARES, DISTRITO DA BRASILÂNDIA, E DÁ OUTRAS PROVIDÊNCIAS."
814309,PL 712/2026,PL,712,2026,"ALTERA A LEI Nº 14.485, DE 19 DE JULHO DE 2007, PARA INCLUIR NO CALENDÁRIO OFICIAL DE EVENTOS DA CIDADE DE SÃO PAULO O “DIA DE PORTUGAL”, A SER CELEBRADO ANUALMENTE NO DIA 10 DE JUNHO, E DÁ OUTRAS PROVIDÊNCIAS."
814320,PL 713/2026,PL,713,2026,"DENOMINA RUA NAIR DE ARAÚJO SAMPAIO O LOGRADOURO PÚBLICO INOMINADO QUE ESPECIFICA, LOCALIZADO NO DISTRITO DE SANTANA, E DÁ OUTRAS PROVIDÊNCIAS."
814404,PL 714/2026,PL,714,2026,INSTITUI A POLÍTICA MUNICIPAL DE INCENTIVO AO CONSUMO DE ETANOL E DÁ OUTRAS PROVIDÊNCIAS
814571,PL 715/2026,PL,715,2026,"ALTERA A DENOMINAÇÃO DA RUA JULES RIMET, NO TRECHO COMPREENDIDO ENTRE OS NÚMEROS 1 E 315 PARA RUA TELÊ SANTANA E DÁ OUTRAS PROVIDÊNCIAS."
814853,PL 716/2026,PL,716,2026,DISPÕE SOBRE A DISPONIBILIZAÇÃO DE MEIOS ELETRÔNICOS PARA PAGAMENTO DA TARIFA DO TRANSPORTE COLETIVO PÚBLICO MUNICIPAL POR ÔNIBUS E DÁ OUTRAS PROVIDÊNCIAS.
814865,PL 717/2026,PL,717,2026,"DISPÕE SOBRE MEDIDAS DE PROTEÇÃO AOS SERVIDORES PÚBLICOS MUNICIPAIS, APOSENTADOS E PENSIONISTAS NAS OPERAÇÕES DE CRÉDITO CONSIGNADO, EM SITUAÇÕES QUE COMPROMETAM A REGULARIDADE OU CONTINUIDADE DAS INSTITUIÇÕES CONSIGNATÁRIAS, E DÁ OUTRAS PROVIDÊNCIAS."
814867,PL 718/2026,PL,718,2026,"ALTERA A LEI Nº 14.485, DE 19 DE JULHO DE 2007, PARA INSTITUIR A SEMANA MUNICIPAL DA ACUPUNTURA E DA MEDICINA TRADICIONAL CHINESA – MTC E ALTERAR A DATA DO DIA DO ACUPUNTURISTA NO MUNICÍPIO DE SÃO PAULO, E DÁ OUTRAS PROVIDÊNCIAS."
814887,PL 719/2026,PL,719,2026,"ALTERA A LEI Nº 14.485, DE 19 DE JULHO DE 2007, PARA INCLUIR O “DIA MUNICIPAL DE CONSCIENTIZAÇÃO SOBRE A SAÚDE MENTAL NO ESPORTE”, NO CALENDÁRIO DE EVENTOS DO MUNICÍPIO DE SÃO PAULO, E DÁ OUTRAS PROVIDÊNCIAS."
814896,PL 720/2026,PL,720,2026,"ACRESCENTA INCISOS III E IV AO ART. 4º DA LEI MUNICIPAL Nº 14.413, DE 31 DE MAIO DE 2007, QUE DISPÕE SOBRE OS DIREITOS DOS USUÁRIOS DOS SERVIÇOS E DAS AÇÕES DE SAÚDE NO MUNICÍPIO DE SÃO PAULO, PARA ASSEGURAR MAIORES DIREITOS AOS PACIENTES TRANSPLANTADOS E IMUNOSSUPRESSORES."
814898,PL 721/2026,PL,721,2026,"DENOMINA PRAÇA MOIZES PIRES DOS SANTOS O LOGRADOURO PÚBLICO INOMINADO DELIMITADO PELA AVENIDA INAJAR DE SOUZA, PELA RUA JOÃO LOUREIRO E PELA RUA DOS RODRIGUES, NO BAIRRO DE VILA CARBONE, E DÁ OUTRAS PROVIDÊNCIAS."
814914,PL 723/2026,PL,723,2026,INSTITUI O PROGRAMA MUNICIPAL DE PROMOÇÃO DA SAÚDE MENTAL NO ESPORTE NO ÂMBITO DO MUNICÍPIO DE SÃO PAULO E DÁ OUTRAS PROVIDÊNCIAS.
814973,PL 725/2026,PL,725,2026,"INSTITUI A SEMANA MUNICIPAL DE CONSCIENTIZAÇÃO SOBRE O DALTONISMO, A SER REALIZADA ANUALMENTE NA SEMANA QUE COMPREENDE O DIA 6 DE SETEMBRO, E DISPÕE SOBRE A REALIZAÇÃO DE TRIAGEM DA PERCEPÇÃO DAS CORES NA REDE MUNICIPAL DE ENSINO DE SÃO PAULO, E DÁ OUTRAS PROVIDÊNCIAS."
814988,PL 726/2026,PL,726,2026,"DISPÕE SOBRE A INSTITUIÇÃO DE INCENTIVO FISCAL, SOB A FORMA DE REDUÇÃO PARCIAL DO IMPOSTO PREDIAL E TERRITORIAL URBANO — IPTU, AOS CONTRIBUINTES TITULARES DE UNIDADES AUTÔNOMAS INTEGRANTES DE CONDOMÍNIOS EDILÍCIOS RESIDENCIAIS E COMERCIAIS QUE COMPROVEM CERTIFICAÇÃO ISO 14001 VÁLIDA."
815015,PL 727/2026,PL,727,2026,"CRIA A SUBPREFEITURA DO TATUAPÉ, E FIXA PROVIDÊNCIAS."
815096,PL 728/2026,PL,728,2026,"DENOMINA “PRAÇA SEBASTIÃO BRASINHA DOMINGUES” O ESPAÇO PÚBLICO INOMINADO SITUADO JUNTO À RUA ALMIR DEHAR, ESQUINA COM A RUA HULETIA, NO BAIRRO DA BRASILÂNDIA, DISTRITO DA FREGUESIA DO Ó, PERTENCENTE À SUBPREFEITURA FREGUESIA DO Ó/BRASILÂNDIA, NO MUNICÍPIO DE SÃO PAULO, ESTADO DE SÃO PAULO, CEP 02846-000, E DÁ OUTRAS PROVIDÊNCIAS."
815120,PL 729/2026,PL,729,2026,INSTITUI A POLÍTICA MUNICIPAL DE PRESCRIÇÃO SOCIAL NO ÂMBITO DO MUNICÍPIO DE SÃO PAULO E DÁ OUTRAS PROVIDÊNCIAS.
815121,PL 730/2026,PL,730,2026,INSTITUI O “CENSO MUNICIPAL DAS ORGANIZAÇÕES DA SOCIEDADE CIVIL – OSCS” NO ÂMBITO DO MUNICÍPIO DE SÃO PAULO E DÁ OUTRAS PROVIDÊNCIAS.
815122,PL 731/2026,PL,731,2026,"ESTABELECE A DESTINAÇÃO MÍNIMA DE 4% (QUATRO POR CENTO) DO ORÇAMENTO ANUAL DO MUNICÍPIO DE SÃO PAULO ÀS SUBPREFEITURAS, CRIA MECANISMOS DE EQUIDADE TERRITORIAL, INSTITUI INDICADORES DE DESEMPENHO E DÁ OUTRAS PROVIDÊNCIAS."
815124,PL 732/2026,PL,732,2026,"INSTITUI O SISTEMA MUNICIPAL DE GESTÃO POR RESULTADOS E INTELIGÊNCIA ADMINISTRATIVA – SIGRIA, NO ÂMBITO DA ADMINISTRAÇÃO PÚBLICA DIRETA E INDIRETA DO MUNICÍPIO DE SÃO PAULO."
815141,PL 733/2026,PL,733,2026,"ALTERA A LEI Nº 18.177, DE 25 DE JULHO DE 2024, PARA RECLASSIFICAR ÁREA LOCALIZADA  NA CHÁCARA DO SOL, NO TERRITÓRIO DA SUBPREFEITURA DE PARELHEIROS, DE ZONA ESPECIAL DE PROTEÇÃO AMBIENTAL – ZEPAM PARA ZONA ESPECIAL DE INTERESSE SOCIAL – ZEIS-1, E DÁ OUTRAS PROVIDÊNCIAS."
815247,PL 734/2026,PL,734,2026,"ACRESCENTA DISPOSITIVOS À LEI Nº 13.241, DE 12 DE DEZEMBRO DE 2001, PARA ASSEGURAR GRATUIDADE NO TRANSPORTE COLETIVO PÚBLICO MUNICIPAL AOS TRABALHADORES VINCULADOS ÀS EMPRESAS OPERADORAS DO SISTEMA E DÁ OUTRAS PROVIDÊNCIAS."
815393,PL 735/2026,PL,735,2026,"DENOMINA PRAÇA TARCIZO CHRISTOFOLETTI O ESPAÇO LIVRE DELIMITADO PELAS RUAS DR. OTÁVIO LOBO, TEOBALDO DE CARVALHO, MONJOLO E PROFESSOR ARTUR CANDAL, SITUADO NO SETOR 104, QUADRA 043 NO DISTRITO DE BRASILÂNDIA, SUBPREFEITURA DE FREGUESIA/BRASILÂNDIA."
815446,PDL 102/2026,PDL,102,2026,CONCEDE A HONRARIA SALVA DE PRATA À ARQUIDIOCESE DE SÃO PAULO.
815462,PL 736/2026,PL,736,2026,"APROVA OS ALINHAMENTOS VIÁRIOS CONFIGURADOS NA PLANTA Nº 27.012, INTEGRANTE DOS ARQUIVOS DO DEPARTAMENTO DE PROJETOS DA SECRETARIA MUNICIPAL DE INFRAESTRUTURA URBANA E OBRAS – SIURB, E DÁ OUTRAS PROVIDÊNCIAS."
815707,PL 737/2026,PL,737,2026,"ALTERA A LEI Nº 14.485, DE 19 DE JULHO DE 2007, PARA INCLUIR NO CALENDÁRIO OFICIAL DE EVENTOS DA CIDADE DE SÃO PAULO, O EVENTO META HELP, A SER REALIZADO ANUALMENTE NO MÊS DE SETEMBRO."
815708,PL 738/2026,PL,738,2026,"ALTERA A LEI Nº 14.485, DE 19 DE JULHO DE 2007, PARA INCLUIR NO CALENDÁRIO OFICIAL DE EVENTOS DA CIDADE DE SÃO PAULO, O EVENTO MEGA HELP, A SER REALIZADO ANUALMENTE NO MÊS DE SETEMBRO."
815750,PL 739/2026,PL,739,2026,"DISPÕE SOBRE OS PLANOS DE ESTRUTURAÇÃO URBANA – PEU PARA A ATIVAÇÃO DE ZONAS EIXO DE ESTRUTURAÇÃO DA TRANSFORMAÇÃO URBANA PREVISTA – ZEUP E DE ZONAS EIXO DE ESTRUTURAÇÃO DA TRANSFORMAÇÃO URBANA PREVISTA AMBIENTAL – ZEUPA E ESTABELECE MEDIDAS DE AVALIAÇÃO TÉCNICA, TRANSPARÊNCIA E PARTICIPAÇÃO SOCIAL."
815751,PL 740/2026,PL,740,2026,"DISPÕE SOBRE A PRESERVAÇÃO DAS VILAS NO MUNICÍPIO DE SÃO PAULO E ALTERA A LEI Nº 16.402, DE 22 DE MARÇO DE 2016, E A LEI Nº 18.081, DE 19 DE DEZEMBRO DE 2024."
815794,PL 741/2026,PL,741,2026,"ALTERA A LEI Nº 12.632, DE 6 DE MAIO DE 1998, PARA QUE OS MÉDICOS DEVIDAMENTE INSCRITOS NO CREMESP TENHAM OS VEÍCULOS DE SUA PROPRIEDADE LIBERADOS DA CIRCULAÇÃO DO RODIZIO MUNICIPAL, DANDO AINDA OUTRAS PROVIDÊNCIAS."
815887,PL 743/2026,PL,743,2026,"ALTERA A LEI N° 14.485, DE 19 DE JULHO DE 2007, PARA INCLUIR NO CALENDÁRIO OFICIAL DE EVENTOS DA CIDADE DE SÃO PAULO O DIA MUNICIPAL DE CONSCIENTIZAÇÃO SOBRE AS DOENÇAS OCULARES RARAS, A SER CELEBRADO ANUALMENTE NO DIA 20 DE MAIO, E DÁ OUTRAS PROVIDÊNCIAS."
816778,PL 749/2026,PL,749,2026,"INSTITUIR E INCLUIR NO CALENDÁRIO DE EVENTOS OFICIAIS DO MUNICÍPIO DE SÃO PAULO, A ""VIRADA GOSPEL"" A SER REALIZADO ANUALMENTE NO ÚLTIMO FINAL DE SEMANA DE SETEMBRO."
817006,PL 752/2026,PL,752,2026,ESTIMA A RECEITA E FIXA A DESPESA DO MUNICÍPIO DE SÃO PAULO PARA O EXERCÍCIO DE 2027.
817219,PL 753/2026,PL,753,2026,"DENOMINA COMO “PRAÇA LITO SOUSA”, EM HOMENAGEM A JOSELITO GERALDO DE SOUSA, O LOGRADOURO PÚBLICO INOMINADO LOCALIZADO NA AVENIDA SANTOS DUMONT, ENTRE AS VIAS DE ACESSO AO PARQUE DE MATERIAL AERONÁUTICO DE SÃO PAULO, NA REGIÃO DE SANTANA, SUBPREFEITURA SANTANA-TUCURUVI."
817307,PL 754/2026,PL,754,2026,"ALTERA A LEI Nº 14.485, DE 19 DE JULHO DE 2007, PARA INCLUIR, NO CALENDÁRIO DE EVENTOS DA CIDADE DE SÃO PAULO, O DIA DO SAMBA DE RODA, A SER CELEBRADO, ANUALMENTE, NO DIA 25 DE NOVEMBRO."
817308,PL 755/2026,PL,755,2026,"ALTERA A LEI Nº 14.485, DE 19 DE JULHO DE 2007, PARA INCLUIR, NO CALENDÁRIO DE EVENTOS DA CIDADE DE SÃO PAULO, O DIA DE SEU ZÉ PILINTRA, A SER CELEBRADO, ANUALMENTE, NO DIA 7 DE JULHO."
817311,PL 756/2026,PL,756,2026,"ALTERA A LEI Nº 14.485, DE 19 DE JULHO DE 2007, PARA INCLUIR, NO CALENDÁRIO DE EVENTOS DA CIDADE DE SÃO PAULO, O DIA DO MAGO DA MAGIA DIVINA, A SER CELEBRADO, ANUALMENTE, NO DIA 7 DE JULHO."
